solid csg.js
facet normal 0 0 -1
outer loop
vertex 233.02499999999998 -43.575 9.7
vertex 233.37229635533393 -43.605384493975585 9.7
vertex 233.70904028665132 -43.695614758428206 9.7
endloop
endfacet
facet normal 0 0 -1
outer loop
vertex 233.02499999999998 -43.575 9.7
vertex 233.70904028665132 -43.695614758428206 9.7
vertex 234.02500000000018 -43.842949192431085 9.7
endloop
endfacet
facet normal 0 0 -1
outer loop
vertex 233.02499999999998 -43.575 9.7
vertex 234.02500000000018 -43.842949192431085 9.7
vertex 234.310575219373 -44.042911113762074 9.7
endloop
endfacet
facet normal 0 0 -1
outer loop
vertex 233.02499999999998 -43.575 9.7
vertex 234.310575219373 -44.042911113762074 9.7
vertex 234.55708888623795 -44.28942478062686 9.7
endloop
endfacet
facet normal 0 0 -1
outer loop
vertex 233.02499999999998 -43.575 9.7
vertex 234.55708888623795 -44.28942478062686 9.7
vertex 234.7570508075688 -44.57500000000006 9.7
endloop
endfacet
facet normal 0 0 -1
outer loop
vertex 233.02499999999998 -43.575 9.7
vertex 234.7570508075688 -44.57500000000006 9.7
vertex 234.90438524157187 -44.890959713348835 9.7
endloop
endfacet
facet normal 0 0 -1
outer loop
vertex 233.02499999999998 -43.575 9.7
vertex 234.90438524157187 -44.890959713348835 9.7
vertex 234.9946155060244 -45.227703644665844 9.7
endloop
endfacet
facet normal 0 0 -1
outer loop
vertex 233.02499999999998 -43.575 9.7
vertex 234.9946155060244 -45.227703644665844 9.7
vertex 235.025 -45.57500000000006 9.7
endloop
endfacet
facet normal 0 0 -1
outer loop
vertex 233.02499999999998 -43.575 9.7
vertex 235.025 -45.57500000000006 9.7
vertex 235.025 -88.72500000000018 9.7
endloop
endfacet
facet normal 0 0 -1
outer loop
vertex 233.02499999999998 -43.575 9.7
vertex 235.025 -88.72500000000018 9.7
vertex 234.99630053173942 -89.06260067174685 9.7
endloop
endfacet
facet normal 0 0 -1
outer loop
vertex 233.02499999999998 -43.575 9.7
vertex 234.99630053173942 -89.06260067174685 9.7
vertex 234.91102578643614 -89.39051238373001 9.7
endloop
endfacet
facet normal 0 0 -1
outer loop
vertex 233.02499999999998 -43.575 9.7
vertex 234.91102578643614 -89.39051238373001 9.7
vertex 234.77162310393624 -89.69932424417962 9.7
endloop
endfacet
facet normal 0 0 -1
outer loop
vertex 233.02499999999998 -43.575 9.7
vertex 234.77162310393624 -89.69932424417962 9.7
vertex 234.58209326710184 -89.98017351690758 9.7
endloop
endfacet
facet normal 0 0 -1
outer loop
vertex 233.02499999999998 -43.575 9.7
vertex 234.58209326710184 -89.98017351690758 9.7
vertex 234.34788000000006 -90.22499999999998 9.7
endloop
endfacet
facet normal 0 0 -1
outer loop
vertex 233.02499999999998 -43.575 9.7
vertex 234.34788000000006 -90.22499999999998 9.7
vertex 205.25212 -90.22499999999998 9.7
endloop
endfacet
facet normal 0 0 -1
outer loop
vertex 233.02499999999998 -43.575 9.7
vertex 205.25212 -90.22499999999998 9.7
vertex 205.0540027567563 -90.02368292426074 9.7
endloop
endfacet
facet normal 0 0 -1
outer loop
vertex 233.02499999999998 -43.575 9.7
vertex 205.0540027567563 -90.02368292426074 9.7
vertex 204.8862214259623 -89.79646401639519 9.7
endloop
endfacet
facet normal 0 0 -1
outer loop
vertex 233.02499999999998 -43.575 9.7
vertex 204.8862214259623 -89.79646401639519 9.7
vertex 204.752122364611 -89.54787510111625 9.7
endloop
endfacet
facet normal 0 0 -1
outer loop
vertex 233.02499999999998 -43.575 9.7
vertex 204.752122364611 -89.54787510111625 9.7
vertex 204.65438014519324 -89.28287422263114 9.7
endloop
endfacet
facet normal 0 0 -1
outer loop
vertex 233.02499999999998 -43.575 9.7
vertex 204.65438014519324 -89.28287422263114 9.7
vertex 204.5949442120118 -89.00674675767756 9.7
endloop
endfacet
facet normal 0 0 -1
outer loop
vertex 233.02499999999998 -43.575 9.7
vertex 204.5949442120118 -89.00674675767756 9.7
vertex 204.575 -88.72500000000018 9.7
endloop
endfacet
facet normal 0 0 -1
outer loop
vertex 233.02499999999998 -43.575 9.7
vertex 204.575 -88.72500000000018 9.7
vertex 204.575 -45.57500000000006 9.7
endloop
endfacet
facet normal 0 0 -1
outer loop
vertex 233.02499999999998 -43.575 9.7
vertex 204.575 -45.57500000000006 9.7
vertex 204.60538449397555 -45.227703644665844 9.7
endloop
endfacet
facet normal 0 0 -1
outer loop
vertex 233.02499999999998 -43.575 9.7
vertex 204.60538449397555 -45.227703644665844 9.7
vertex 204.69561475842815 -44.890959713348835 9.7
endloop
endfacet
facet normal 0 0 -1
outer loop
vertex 233.02499999999998 -43.575 9.7
vertex 204.69561475842815 -44.890959713348835 9.7
vertex 204.84294919243115 -44.57500000000006 9.7
endloop
endfacet
facet normal 0 0 -1
outer loop
vertex 233.02499999999998 -43.575 9.7
vertex 204.84294919243115 -44.57500000000006 9.7
vertex 205.042911113762 -44.28942478062686 9.7
endloop
endfacet
facet normal 0 0 -1
outer loop
vertex 233.02499999999998 -43.575 9.7
vertex 205.042911113762 -44.28942478062686 9.7
vertex 205.28942478062686 -44.042911113762074 9.7
endloop
endfacet
facet normal 0 0 -1
outer loop
vertex 233.02499999999998 -43.575 9.7
vertex 205.28942478062686 -44.042911113762074 9.7
vertex 205.57500000000002 -43.842949192431085 9.7
endloop
endfacet
facet normal 0 0 -1
outer loop
vertex 233.02499999999998 -43.575 9.7
vertex 205.57500000000002 -43.842949192431085 9.7
vertex 205.89095971334868 -43.695614758428206 9.7
endloop
endfacet
facet normal 0 0 -1
outer loop
vertex 233.02499999999998 -43.575 9.7
vertex 205.89095971334868 -43.695614758428206 9.7
vertex 206.2277036446662 -43.605384493975585 9.7
endloop
endfacet
facet normal 0 0 -1
outer loop
vertex 233.02499999999998 -43.575 9.7
vertex 206.2277036446662 -43.605384493975585 9.7
vertex 206.57499999999993 -43.575 9.7
endloop
endfacet
facet normal 0 0 -1
outer loop
vertex 282.525 -43.575 9.7
vertex 282.8722963553339 -43.605384493975585 9.7
vertex 283.2090402866513 -43.695614758428206 9.7
endloop
endfacet
facet normal 0 0 -1
outer loop
vertex 282.525 -43.575 9.7
vertex 283.2090402866513 -43.695614758428206 9.7
vertex 283.5249999999999 -43.842949192431085 9.7
endloop
endfacet
facet normal 0 0 -1
outer loop
vertex 282.525 -43.575 9.7
vertex 283.5249999999999 -43.842949192431085 9.7
vertex 283.810575219373 -44.042911113762074 9.7
endloop
endfacet
facet normal 0 0 -1
outer loop
vertex 282.525 -43.575 9.7
vertex 283.810575219373 -44.042911113762074 9.7
vertex 284.0570888862379 -44.28942478062686 9.7
endloop
endfacet
facet normal 0 0 -1
outer loop
vertex 282.525 -43.575 9.7
vertex 284.0570888862379 -44.28942478062686 9.7
vertex 284.25705080756893 -44.57500000000006 9.7
endloop
endfacet
facet normal 0 0 -1
outer loop
vertex 282.525 -43.575 9.7
vertex 284.25705080756893 -44.57500000000006 9.7
vertex 284.40438524157196 -44.890959713348835 9.7
endloop
endfacet
facet normal 0 0 -1
outer loop
vertex 282.525 -43.575 9.7
vertex 284.40438524157196 -44.890959713348835 9.7
vertex 284.4946155060244 -45.227703644665844 9.7
endloop
endfacet
facet normal 0 0 -1
outer loop
vertex 282.525 -43.575 9.7
vertex 284.4946155060244 -45.227703644665844 9.7
vertex 284.525 -45.57500000000006 9.7
endloop
endfacet
facet normal 0 0 -1
outer loop
vertex 282.525 -43.575 9.7
vertex 284.525 -45.57500000000006 9.7
vertex 284.525 -88.72500000000018 9.7
endloop
endfacet
facet normal 0 0 -1
outer loop
vertex 282.525 -43.575 9.7
vertex 284.525 -88.72500000000018 9.7
vertex 284.4963005317394 -89.06260067174685 9.7
endloop
endfacet
facet normal 0 0 -1
outer loop
vertex 282.525 -43.575 9.7
vertex 284.4963005317394 -89.06260067174685 9.7
vertex 284.41102578643597 -89.39051238373001 9.7
endloop
endfacet
facet normal 0 0 -1
outer loop
vertex 282.525 -43.575 9.7
vertex 284.41102578643597 -89.39051238373001 9.7
vertex 284.2716231039364 -89.69932424417962 9.7
endloop
endfacet
facet normal 0 0 -1
outer loop
vertex 282.525 -43.575 9.7
vertex 284.2716231039364 -89.69932424417962 9.7
vertex 284.0820932671019 -89.98017351690758 9.7
endloop
endfacet
facet normal 0 0 -1
outer loop
vertex 282.525 -43.575 9.7
vertex 284.0820932671019 -89.98017351690758 9.7
vertex 283.8478800000001 -90.22499999999998 9.7
endloop
endfacet
facet normal 0 0 -1
outer loop
vertex 282.525 -43.575 9.7
vertex 283.8478800000001 -90.22499999999998 9.7
vertex 254.75211999999996 -90.22499999999998 9.7
endloop
endfacet
facet normal 0 0 -1
outer loop
vertex 282.525 -43.575 9.7
vertex 254.75211999999996 -90.22499999999998 9.7
vertex 254.55400275675623 -90.02368292426074 9.7
endloop
endfacet
facet normal 0 0 -1
outer loop
vertex 282.525 -43.575 9.7
vertex 254.55400275675623 -90.02368292426074 9.7
vertex 254.38622142596225 -89.79646401639519 9.7
endloop
endfacet
facet normal 0 0 -1
outer loop
vertex 282.525 -43.575 9.7
vertex 254.38622142596225 -89.79646401639519 9.7
vertex 254.25212236461095 -89.54787510111625 9.7
endloop
endfacet
facet normal 0 0 -1
outer loop
vertex 282.525 -43.575 9.7
vertex 254.25212236461095 -89.54787510111625 9.7
vertex 254.1543801451932 -89.28287422263114 9.7
endloop
endfacet
facet normal 0 0 -1
outer loop
vertex 282.525 -43.575 9.7
vertex 254.1543801451932 -89.28287422263114 9.7
vertex 254.0949442120118 -89.00674675767756 9.7
endloop
endfacet
facet normal 0 0 -1
outer loop
vertex 282.525 -43.575 9.7
vertex 254.0949442120118 -89.00674675767756 9.7
vertex 254.075 -88.72500000000018 9.7
endloop
endfacet
facet normal 0 0 -1
outer loop
vertex 282.525 -43.575 9.7
vertex 254.075 -88.72500000000018 9.7
vertex 254.075 -45.57500000000006 9.7
endloop
endfacet
facet normal 0 0 -1
outer loop
vertex 282.525 -43.575 9.7
vertex 254.075 -45.57500000000006 9.7
vertex 254.1053844939756 -45.227703644665844 9.7
endloop
endfacet
facet normal 0 0 -1
outer loop
vertex 282.525 -43.575 9.7
vertex 254.1053844939756 -45.227703644665844 9.7
vertex 254.1956147584281 -44.890959713348835 9.7
endloop
endfacet
facet normal 0 0 -1
outer loop
vertex 282.525 -43.575 9.7
vertex 254.1956147584281 -44.890959713348835 9.7
vertex 254.3429491924311 -44.57500000000006 9.7
endloop
endfacet
facet normal 0 0 -1
outer loop
vertex 282.525 -43.575 9.7
vertex 254.3429491924311 -44.57500000000006 9.7
vertex 254.5429111137621 -44.28942478062686 9.7
endloop
endfacet
facet normal 0 0 -1
outer loop
vertex 282.525 -43.575 9.7
vertex 254.5429111137621 -44.28942478062686 9.7
vertex 254.7894247806269 -44.042911113762074 9.7
endloop
endfacet
facet normal 0 0 -1
outer loop
vertex 282.525 -43.575 9.7
vertex 254.7894247806269 -44.042911113762074 9.7
vertex 255.07500000000007 -43.842949192431085 9.7
endloop
endfacet
facet normal 0 0 -1
outer loop
vertex 282.525 -43.575 9.7
vertex 255.07500000000007 -43.842949192431085 9.7
vertex 255.3909597133486 -43.695614758428206 9.7
endloop
endfacet
facet normal 0 0 -1
outer loop
vertex 282.525 -43.575 9.7
vertex 255.3909597133486 -43.695614758428206 9.7
vertex 255.7277036446661 -43.605384493975585 9.7
endloop
endfacet
facet normal 0 0 -1
outer loop
vertex 282.525 -43.575 9.7
vertex 255.7277036446661 -43.605384493975585 9.7
vertex 256.07500000000005 -43.575 9.7
endloop
endfacet
facet normal 0 0 -1
outer loop
vertex 234.34788000000006 -90.22499999999998 9.7
vertex 234.54599724324387 -90.42631707573923 9.7
vertex 234.71377857403795 -90.65353598360494 9.7
endloop
endfacet
facet normal 0 0 -1
outer loop
vertex 234.34788000000006 -90.22499999999998 9.7
vertex 234.71377857403795 -90.65353598360494 9.7
vertex 234.84787763538884 -90.90212489888386 9.7
endloop
endfacet
facet normal 0 0 -1
outer loop
vertex 234.34788000000006 -90.22499999999998 9.7
vertex 234.84787763538884 -90.90212489888386 9.7
vertex 234.94561985480672 -91.16712577736865 9.7
endloop
endfacet
facet normal 0 0 -1
outer loop
vertex 234.34788000000006 -90.22499999999998 9.7
vertex 234.94561985480672 -91.16712577736865 9.7
vertex 235.00505578798817 -91.44325324232234 9.7
endloop
endfacet
facet normal 0 0 -1
outer loop
vertex 234.34788000000006 -90.22499999999998 9.7
vertex 235.00505578798817 -91.44325324232234 9.7
vertex 235.02323030687413 -91.69999999999992 9.7
endloop
endfacet
facet normal 0 0 -1
outer loop
vertex 234.34788000000006 -90.22499999999998 9.7
vertex 235.02323030687413 -91.69999999999992 9.7
vertex 230.95000000001454 -91.69999999999992 9.7
endloop
endfacet
facet normal 0 0 -1
outer loop
vertex 234.34788000000006 -90.22499999999998 9.7
vertex 230.95000000001454 -91.69999999999992 9.7
vertex 204.57676969312587 -91.69999999999992 9.7
endloop
endfacet
facet normal 0 0 -1
outer loop
vertex 234.34788000000006 -90.22499999999998 9.7
vertex 204.57676969312587 -91.69999999999992 9.7
vertex 204.59494421201182 -91.44325324232234 9.7
endloop
endfacet
facet normal 0 0 -1
outer loop
vertex 234.34788000000006 -90.22499999999998 9.7
vertex 204.59494421201182 -91.44325324232234 9.7
vertex 204.65438014519322 -91.16712577736865 9.7
endloop
endfacet
facet normal 0 0 -1
outer loop
vertex 234.34788000000006 -90.22499999999998 9.7
vertex 204.65438014519322 -91.16712577736865 9.7
vertex 204.75212236461107 -90.90212489888386 9.7
endloop
endfacet
facet normal 0 0 -1
outer loop
vertex 234.34788000000006 -90.22499999999998 9.7
vertex 204.75212236461107 -90.90212489888386 9.7
vertex 204.88622142596216 -90.65353598360494 9.7
endloop
endfacet
facet normal 0 0 -1
outer loop
vertex 234.34788000000006 -90.22499999999998 9.7
vertex 204.88622142596216 -90.65353598360494 9.7
vertex 205.05400275675615 -90.42631707573923 9.7
endloop
endfacet
facet normal 0 0 -1
outer loop
vertex 234.34788000000006 -90.22499999999998 9.7
vertex 205.05400275675615 -90.42631707573923 9.7
vertex 205.25212 -90.22499999999998 9.7
endloop
endfacet
facet normal 0 0 -1
outer loop
vertex 283.8478800000001 -90.22499999999998 9.7
vertex 284.0459972432437 -90.42631707573923 9.7
vertex 284.21377857403775 -90.65353598360494 9.7
endloop
endfacet
facet normal 0 0 -1
outer loop
vertex 283.8478800000001 -90.22499999999998 9.7
vertex 284.21377857403775 -90.65353598360494 9.7
vertex 284.347877635389 -90.90212489888386 9.7
endloop
endfacet
facet normal 0 0 -1
outer loop
vertex 283.8478800000001 -90.22499999999998 9.7
vertex 284.347877635389 -90.90212489888386 9.7
vertex 284.44561985480664 -91.16712577736865 9.7
endloop
endfacet
facet normal 0 0 -1
outer loop
vertex 283.8478800000001 -90.22499999999998 9.7
vertex 284.44561985480664 -91.16712577736865 9.7
vertex 284.5050557879881 -91.44325324232234 9.7
endloop
endfacet
facet normal 0 0 -1
outer loop
vertex 283.8478800000001 -90.22499999999998 9.7
vertex 284.5050557879881 -91.44325324232234 9.7
vertex 284.5232303068741 -91.69999999999992 9.7
endloop
endfacet
facet normal 0 0 -1
outer loop
vertex 283.8478800000001 -90.22499999999998 9.7
vertex 284.5232303068741 -91.69999999999992 9.7
vertex 258.1500000000198 -91.69999999999992 9.7
endloop
endfacet
facet normal 0 0 -1
outer loop
vertex 283.8478800000001 -90.22499999999998 9.7
vertex 258.1500000000198 -91.69999999999992 9.7
vertex 254.07676969312587 -91.69999999999992 9.7
endloop
endfacet
facet normal 0 0 -1
outer loop
vertex 283.8478800000001 -90.22499999999998 9.7
vertex 254.07676969312587 -91.69999999999992 9.7
vertex 254.0949442120118 -91.44325324232234 9.7
endloop
endfacet
facet normal 0 0 -1
outer loop
vertex 283.8478800000001 -90.22499999999998 9.7
vertex 254.0949442120118 -91.44325324232234 9.7
vertex 254.15438014519333 -91.16712577736865 9.7
endloop
endfacet
facet normal 0 0 -1
outer loop
vertex 283.8478800000001 -90.22499999999998 9.7
vertex 254.15438014519333 -91.16712577736865 9.7
vertex 254.25212236461087 -90.90212489888386 9.7
endloop
endfacet
facet normal 0 0 -1
outer loop
vertex 283.8478800000001 -90.22499999999998 9.7
vertex 254.25212236461087 -90.90212489888386 9.7
vertex 254.3862214259621 -90.65353598360494 9.7
endloop
endfacet
facet normal 0 0 -1
outer loop
vertex 283.8478800000001 -90.22499999999998 9.7
vertex 254.3862214259621 -90.65353598360494 9.7
vertex 254.55400275675638 -90.42631707573923 9.7
endloop
endfacet
facet normal 0 0 -1
outer loop
vertex 283.8478800000001 -90.22499999999998 9.7
vertex 254.55400275675638 -90.42631707573923 9.7
vertex 254.75211999999996 -90.22499999999998 9.7
endloop
endfacet
facet normal 0 0 -1
outer loop
vertex 230.95000000001454 -91.69999999999992 9.7
vertex 230.65736451701545 -91.7288220793926 9.7
vertex 204.575 -91.7288220793926 9.7
endloop
endfacet
facet normal 0 0 -1
outer loop
vertex 230.95000000001454 -91.69999999999992 9.7
vertex 204.575 -91.7288220793926 9.7
vertex 204.575 -91.72500000000012 9.7
endloop
endfacet
facet normal 0 0 -1
outer loop
vertex 230.95000000001454 -91.69999999999992 9.7
vertex 204.575 -91.72500000000012 9.7
vertex 204.57676969312587 -91.69999999999992 9.7
endloop
endfacet
facet normal 0 0 -1
outer loop
vertex 235.02323030687413 -91.69999999999992 9.7
vertex 235.025 -91.72500000000012 9.7
vertex 235.025 -91.7288220793926 9.7
endloop
endfacet
facet normal 0 0 -1
outer loop
vertex 235.02323030687413 -91.69999999999992 9.7
vertex 235.025 -91.7288220793926 9.7
vertex 231.2426354830136 -91.7288220793926 9.7
endloop
endfacet
facet normal 0 0 -1
outer loop
vertex 235.02323030687413 -91.69999999999992 9.7
vertex 231.2426354830136 -91.7288220793926 9.7
vertex 230.95000000001454 -91.69999999999992 9.7
endloop
endfacet
facet normal 0 0 -1
outer loop
vertex 258.1500000000198 -91.69999999999992 9.7
vertex 257.85736451702013 -91.7288220793926 9.7
vertex 254.075 -91.7288220793926 9.7
endloop
endfacet
facet normal 0 0 -1
outer loop
vertex 258.1500000000198 -91.69999999999992 9.7
vertex 254.075 -91.7288220793926 9.7
vertex 254.075 -91.72500000000012 9.7
endloop
endfacet
facet normal 0 0 -1
outer loop
vertex 258.1500000000198 -91.69999999999992 9.7
vertex 254.075 -91.72500000000012 9.7
vertex 254.07676969312587 -91.69999999999992 9.7
endloop
endfacet
facet normal 0 0 -1
outer loop
vertex 284.5232303068741 -91.69999999999992 9.7
vertex 284.525 -91.72500000000012 9.7
vertex 284.525 -91.7288220793926 9.7
endloop
endfacet
facet normal 0 0 -1
outer loop
vertex 284.5232303068741 -91.69999999999992 9.7
vertex 284.525 -91.7288220793926 9.7
vertex 258.44263548302 -91.7288220793926 9.7
endloop
endfacet
facet normal 0 0 -1
outer loop
vertex 284.5232303068741 -91.69999999999992 9.7
vertex 258.44263548302 -91.7288220793926 9.7
vertex 258.1500000000198 -91.69999999999992 9.7
endloop
endfacet
facet normal 0 0 -1
outer loop
vertex 230.65736451701545 -91.7288220793926 9.7
vertex 230.37597485144136 -91.81418070123127 9.7
vertex 204.575 -91.81418070123127 9.7
endloop
endfacet
facet normal 0 0 -1
outer loop
vertex 230.65736451701545 -91.7288220793926 9.7
vertex 204.575 -91.81418070123127 9.7
vertex 204.575 -91.7288220793926 9.7
endloop
endfacet
facet normal 0 0 -1
outer loop
vertex 235.025 -91.7288220793926 9.7
vertex 235.025 -91.81418070123127 9.7
vertex 231.52402514853952 -91.81418070123127 9.7
endloop
endfacet
facet normal 0 0 -1
outer loop
vertex 235.025 -91.7288220793926 9.7
vertex 231.52402514853952 -91.81418070123127 9.7
vertex 231.2426354830136 -91.7288220793926 9.7
endloop
endfacet
facet normal 0 0 -1
outer loop
vertex 257.85736451702013 -91.7288220793926 9.7
vertex 257.5759748514297 -91.81418070123127 9.7
vertex 254.075 -91.81418070123127 9.7
endloop
endfacet
facet normal 0 0 -1
outer loop
vertex 257.85736451702013 -91.7288220793926 9.7
vertex 254.075 -91.81418070123127 9.7
vertex 254.075 -91.7288220793926 9.7
endloop
endfacet
facet normal 0 0 -1
outer loop
vertex 284.525 -91.7288220793926 9.7
vertex 284.525 -91.81418070123127 9.7
vertex 258.7240251485275 -91.81418070123127 9.7
endloop
endfacet
facet normal 0 0 -1
outer loop
vertex 284.525 -91.7288220793926 9.7
vertex 258.7240251485275 -91.81418070123127 9.7
vertex 258.44263548302 -91.7288220793926 9.7
endloop
endfacet
facet normal 0 0 -1
outer loop
vertex 230.37597485144136 -91.81418070123127 9.7
vertex 230.1166446504974 -91.95279558153247 9.7
vertex 204.575 -91.95279558153247 9.7
endloop
endfacet
facet normal 0 0 -1
outer loop
vertex 230.37597485144136 -91.81418070123127 9.7
vertex 204.575 -91.95279558153247 9.7
vertex 204.575 -91.81418070123127 9.7
endloop
endfacet
facet normal 0 0 -1
outer loop
vertex 235.025 -91.81418070123127 9.7
vertex 235.025 -91.95279558153247 9.7
vertex 231.783355349499 -91.95279558153247 9.7
endloop
endfacet
facet normal 0 0 -1
outer loop
vertex 235.025 -91.81418070123127 9.7
vertex 231.783355349499 -91.95279558153247 9.7
vertex 231.52402514853952 -91.81418070123127 9.7
endloop
endfacet
facet normal 0 0 -1
outer loop
vertex 257.5759748514297 -91.81418070123127 9.7
vertex 257.31664465050676 -91.95279558153247 9.7
vertex 254.075 -91.95279558153247 9.7
endloop
endfacet
facet normal 0 0 -1
outer loop
vertex 257.5759748514297 -91.81418070123127 9.7
vertex 254.075 -91.95279558153247 9.7
vertex 254.075 -91.81418070123127 9.7
endloop
endfacet
facet normal 0 0 -1
outer loop
vertex 284.525 -91.81418070123127 9.7
vertex 284.525 -91.95279558153247 9.7
vertex 258.9833553495603 -91.95279558153247 9.7
endloop
endfacet
facet normal 0 0 -1
outer loop
vertex 284.525 -91.81418070123127 9.7
vertex 258.9833553495603 -91.95279558153247 9.7
vertex 258.7240251485275 -91.81418070123127 9.7
endloop
endfacet
facet normal 0 0 -1
outer loop
vertex 230.1166446504974 -91.95279558153247 9.7
vertex 229.88933982814157 -92.1393398282614 9.7
vertex 204.575 -92.1393398282614 9.7
endloop
endfacet
facet normal 0 0 -1
outer loop
vertex 230.1166446504974 -91.95279558153247 9.7
vertex 204.575 -92.1393398282614 9.7
vertex 204.575 -91.95279558153247 9.7
endloop
endfacet
facet normal 0 0 -1
outer loop
vertex 235.025 -91.95279558153247 9.7
vertex 235.025 -92.1393398282614 9.7
vertex 232.01066017181634 -92.1393398282614 9.7
endloop
endfacet
facet normal 0 0 -1
outer loop
vertex 235.025 -91.95279558153247 9.7
vertex 232.01066017181634 -92.1393398282614 9.7
vertex 231.783355349499 -91.95279558153247 9.7
endloop
endfacet
facet normal 0 0 -1
outer loop
vertex 257.31664465050676 -91.95279558153247 9.7
vertex 257.0893398281611 -92.1393398282614 9.7
vertex 254.075 -92.1393398282614 9.7
endloop
endfacet
facet normal 0 0 -1
outer loop
vertex 257.31664465050676 -91.95279558153247 9.7
vertex 254.075 -92.1393398282614 9.7
vertex 254.075 -91.95279558153247 9.7
endloop
endfacet
facet normal 0 0 -1
outer loop
vertex 284.525 -91.95279558153247 9.7
vertex 284.525 -92.1393398282614 9.7
vertex 259.2106601717591 -92.1393398282614 9.7
endloop
endfacet
facet normal 0 0 -1
outer loop
vertex 284.525 -91.95279558153247 9.7
vertex 259.2106601717591 -92.1393398282614 9.7
vertex 258.9833553495603 -91.95279558153247 9.7
endloop
endfacet
facet normal 0 0 -1
outer loop
vertex 229.88933982814157 -92.1393398282614 9.7
vertex 229.7027955815932 -92.36664465045922 9.7
vertex 204.575 -92.36664465045922 9.7
endloop
endfacet
facet normal 0 0 -1
outer loop
vertex 229.88933982814157 -92.1393398282614 9.7
vertex 204.575 -92.36664465045922 9.7
vertex 204.575 -92.1393398282614 9.7
endloop
endfacet
facet normal 0 0 -1
outer loop
vertex 235.025 -92.1393398282614 9.7
vertex 235.025 -92.36664465045922 9.7
vertex 232.19720441844717 -92.36664465045922 9.7
endloop
endfacet
facet normal 0 0 -1
outer loop
vertex 235.025 -92.1393398282614 9.7
vertex 232.19720441844717 -92.36664465045922 9.7
vertex 232.01066017181634 -92.1393398282614 9.7
endloop
endfacet
facet normal 0 0 -1
outer loop
vertex 257.0893398281611 -92.1393398282614 9.7
vertex 256.90279558155635 -92.36664465045922 9.7
vertex 254.075 -92.36664465045922 9.7
endloop
endfacet
facet normal 0 0 -1
outer loop
vertex 257.0893398281611 -92.1393398282614 9.7
vertex 254.075 -92.36664465045922 9.7
vertex 254.075 -92.1393398282614 9.7
endloop
endfacet
facet normal 0 0 -1
outer loop
vertex 284.525 -92.1393398282614 9.7
vertex 284.525 -92.36664465045922 9.7
vertex 259.3972044184512 -92.36664465045922 9.7
endloop
endfacet
facet normal 0 0 -1
outer loop
vertex 284.525 -92.1393398282614 9.7
vertex 259.3972044184512 -92.36664465045922 9.7
vertex 259.2106601717591 -92.1393398282614 9.7
endloop
endfacet
facet normal 0 0 -1
outer loop
vertex 229.7027955815932 -92.36664465045922 9.7
vertex 229.56418070123252 -92.62597485144661 9.7
vertex 204.575 -92.62597485144661 9.7
endloop
endfacet
facet normal 0 0 -1
outer loop
vertex 229.7027955815932 -92.36664465045922 9.7
vertex 204.575 -92.62597485144661 9.7
vertex 204.575 -92.36664465045922 9.7
endloop
endfacet
facet normal 0 0 -1
outer loop
vertex 235.025 -92.36664465045922 9.7
vertex 235.025 -92.62597485144661 9.7
vertex 232.33581929876328 -92.62597485144661 9.7
endloop
endfacet
facet normal 0 0 -1
outer loop
vertex 235.025 -92.36664465045922 9.7
vertex 232.33581929876328 -92.62597485144661 9.7
vertex 232.19720441844717 -92.36664465045922 9.7
endloop
endfacet
facet normal 0 0 -1
outer loop
vertex 256.90279558155635 -92.36664465045922 9.7
vertex 256.7641807012363 -92.62597485144661 9.7
vertex 254.075 -92.62597485144661 9.7
endloop
endfacet
facet normal 0 0 -1
outer loop
vertex 256.90279558155635 -92.36664465045922 9.7
vertex 254.075 -92.62597485144661 9.7
vertex 254.075 -92.36664465045922 9.7
endloop
endfacet
facet normal 0 0 -1
outer loop
vertex 284.525 -92.36664465045922 9.7
vertex 284.525 -92.62597485144661 9.7
vertex 259.5358192987724 -92.62597485144661 9.7
endloop
endfacet
facet normal 0 0 -1
outer loop
vertex 284.525 -92.36664465045922 9.7
vertex 259.5358192987724 -92.62597485144661 9.7
vertex 259.3972044184512 -92.36664465045922 9.7
endloop
endfacet
facet normal 0 0 -1
outer loop
vertex 229.56418070123252 -92.62597485144661 9.7
vertex 229.47882207938892 -92.9073645169928 9.7
vertex 204.575 -92.9073645169928 9.7
endloop
endfacet
facet normal 0 0 -1
outer loop
vertex 229.56418070123252 -92.62597485144661 9.7
vertex 204.575 -92.9073645169928 9.7
vertex 204.575 -92.62597485144661 9.7
endloop
endfacet
facet normal 0 0 -1
outer loop
vertex 235.025 -92.62597485144661 9.7
vertex 235.025 -92.9073645169928 9.7
vertex 232.42117792060807 -92.9073645169928 9.7
endloop
endfacet
facet normal 0 0 -1
outer loop
vertex 235.025 -92.62597485144661 9.7
vertex 232.42117792060807 -92.9073645169928 9.7
vertex 232.33581929876328 -92.62597485144661 9.7
endloop
endfacet
facet normal 0 0 -1
outer loop
vertex 256.7641807012363 -92.62597485144661 9.7
vertex 256.6788220793901 -92.9073645169928 9.7
vertex 254.075 -92.9073645169928 9.7
endloop
endfacet
facet normal 0 0 -1
outer loop
vertex 256.7641807012363 -92.62597485144661 9.7
vertex 254.075 -92.9073645169928 9.7
vertex 254.075 -92.62597485144661 9.7
endloop
endfacet
facet normal 0 0 -1
outer loop
vertex 284.525 -92.62597485144661 9.7
vertex 284.525 -92.9073645169928 9.7
vertex 259.62117792060394 -92.9073645169928 9.7
endloop
endfacet
facet normal 0 0 -1
outer loop
vertex 284.525 -92.62597485144661 9.7
vertex 259.62117792060394 -92.9073645169928 9.7
vertex 259.5358192987724 -92.62597485144661 9.7
endloop
endfacet
facet normal 0 0 -1
outer loop
vertex 229.47882207938892 -92.9073645169928 9.7
vertex 229.4500000000015 -93.19999999998882 9.7
vertex 204.575 -93.19999999998882 9.7
endloop
endfacet
facet normal 0 0 -1
outer loop
vertex 229.47882207938892 -92.9073645169928 9.7
vertex 204.575 -93.19999999998882 9.7
vertex 204.575 -92.9073645169928 9.7
endloop
endfacet
facet normal 0 0 -1
outer loop
vertex 235.025 -92.9073645169928 9.7
vertex 235.025 -93.19999999998882 9.7
vertex 232.45000000000047 -93.19999999998882 9.7
endloop
endfacet
facet normal 0 0 -1
outer loop
vertex 235.025 -92.9073645169928 9.7
vertex 232.45000000000047 -93.19999999998882 9.7
vertex 232.42117792060807 -92.9073645169928 9.7
endloop
endfacet
facet normal 0 0 -1
outer loop
vertex 256.6788220793901 -92.9073645169928 9.7
vertex 256.6500000000004 -93.19999999998882 9.7
vertex 254.075 -93.19999999998882 9.7
endloop
endfacet
facet normal 0 0 -1
outer loop
vertex 256.6788220793901 -92.9073645169928 9.7
vertex 254.075 -93.19999999998882 9.7
vertex 254.075 -92.9073645169928 9.7
endloop
endfacet
facet normal 0 0 -1
outer loop
vertex 284.525 -92.9073645169928 9.7
vertex 284.525 -93.19999999998882 9.7
vertex 259.6499999999991 -93.19999999998882 9.7
endloop
endfacet
facet normal 0 0 -1
outer loop
vertex 284.525 -92.9073645169928 9.7
vertex 259.6499999999991 -93.19999999998882 9.7
vertex 259.62117792060394 -92.9073645169928 9.7
endloop
endfacet
facet normal 0 0 -1
outer loop
vertex 229.4500000000015 -93.19999999998882 9.7
vertex 229.47882207939443 -93.4926354830022 9.7
vertex 204.575 -93.4926354830022 9.7
endloop
endfacet
facet normal 0 0 -1
outer loop
vertex 229.4500000000015 -93.19999999998882 9.7
vertex 204.575 -93.4926354830022 9.7
vertex 204.575 -93.19999999998882 9.7
endloop
endfacet
facet normal 0 0 -1
outer loop
vertex 235.025 -93.19999999998882 9.7
vertex 235.025 -93.4926354830022 9.7
vertex 232.42117792060637 -93.4926354830022 9.7
endloop
endfacet
facet normal 0 0 -1
outer loop
vertex 235.025 -93.19999999998882 9.7
vertex 232.42117792060637 -93.4926354830022 9.7
vertex 232.45000000000047 -93.19999999998882 9.7
endloop
endfacet
facet normal 0 0 -1
outer loop
vertex 256.6500000000004 -93.19999999998882 9.7
vertex 256.67882207939294 -93.4926354830022 9.7
vertex 254.075 -93.4926354830022 9.7
endloop
endfacet
facet normal 0 0 -1
outer loop
vertex 256.6500000000004 -93.19999999998882 9.7
vertex 254.075 -93.4926354830022 9.7
vertex 254.075 -93.19999999998882 9.7
endloop
endfacet
facet normal 0 0 -1
outer loop
vertex 284.525 -93.19999999998882 9.7
vertex 284.525 -93.4926354830022 9.7
vertex 259.62117792060553 -93.4926354830022 9.7
endloop
endfacet
facet normal 0 0 -1
outer loop
vertex 284.525 -93.19999999998882 9.7
vertex 259.62117792060553 -93.4926354830022 9.7
vertex 259.6499999999991 -93.19999999998882 9.7
endloop
endfacet
facet normal 0 0 -1
outer loop
vertex 229.47882207939443 -93.4926354830022 9.7
vertex 229.56418070125235 -93.7740251485873 9.7
vertex 204.575 -93.7740251485873 9.7
endloop
endfacet
facet normal 0 0 -1
outer loop
vertex 229.47882207939443 -93.4926354830022 9.7
vertex 204.575 -93.7740251485873 9.7
vertex 204.575 -93.4926354830022 9.7
endloop
endfacet
facet normal 0 0 -1
outer loop
vertex 235.025 -93.4926354830022 9.7
vertex 235.025 -93.7740251485873 9.7
vertex 232.3358192987674 -93.7740251485873 9.7
endloop
endfacet
facet normal 0 0 -1
outer loop
vertex 235.025 -93.4926354830022 9.7
vertex 232.3358192987674 -93.7740251485873 9.7
vertex 232.42117792060637 -93.4926354830022 9.7
endloop
endfacet
facet normal 0 0 -1
outer loop
vertex 256.67882207939294 -93.4926354830022 9.7
vertex 256.7641807012491 -93.7740251485873 9.7
vertex 254.075 -93.7740251485873 9.7
endloop
endfacet
facet normal 0 0 -1
outer loop
vertex 256.67882207939294 -93.4926354830022 9.7
vertex 254.075 -93.7740251485873 9.7
vertex 254.075 -93.4926354830022 9.7
endloop
endfacet
facet normal 0 0 -1
outer loop
vertex 284.525 -93.4926354830022 9.7
vertex 284.525 -93.7740251485873 9.7
vertex 259.53581929876793 -93.7740251485873 9.7
endloop
endfacet
facet normal 0 0 -1
outer loop
vertex 284.525 -93.4926354830022 9.7
vertex 259.53581929876793 -93.7740251485873 9.7
vertex 259.62117792060553 -93.4926354830022 9.7
endloop
endfacet
facet normal 0 0 -1
outer loop
vertex 229.56418070125235 -93.7740251485873 9.7
vertex 229.70279558148792 -94.03335534946285 9.7
vertex 204.575 -94.03335534946285 9.7
endloop
endfacet
facet normal 0 0 -1
outer loop
vertex 229.56418070125235 -93.7740251485873 9.7
vertex 204.575 -94.03335534946285 9.7
vertex 204.575 -93.7740251485873 9.7
endloop
endfacet
facet normal 0 0 -1
outer loop
vertex 235.025 -93.7740251485873 9.7
vertex 235.025 -94.03335534946285 9.7
vertex 232.19720441845556 -94.03335534946285 9.7
endloop
endfacet
facet normal 0 0 -1
outer loop
vertex 235.025 -93.7740251485873 9.7
vertex 232.19720441845556 -94.03335534946285 9.7
vertex 232.3358192987674 -93.7740251485873 9.7
endloop
endfacet
facet normal 0 0 -1
outer loop
vertex 256.7641807012491 -93.7740251485873 9.7
vertex 256.902795581506 -94.03335534946285 9.7
vertex 254.075 -94.03335534946285 9.7
endloop
endfacet
facet normal 0 0 -1
outer loop
vertex 256.7641807012491 -93.7740251485873 9.7
vertex 254.075 -94.03335534946285 9.7
vertex 254.075 -93.7740251485873 9.7
endloop
endfacet
facet normal 0 0 -1
outer loop
vertex 284.525 -93.7740251485873 9.7
vertex 284.525 -94.03335534946285 9.7
vertex 259.3972044184498 -94.03335534946285 9.7
endloop
endfacet
facet normal 0 0 -1
outer loop
vertex 284.525 -93.7740251485873 9.7
vertex 259.3972044184498 -94.03335534946285 9.7
vertex 259.53581929876793 -93.7740251485873 9.7
endloop
endfacet
facet normal 0 0 -1
outer loop
vertex 229.70279558148792 -94.03335534946285 9.7
vertex 229.88933982830002 -94.2606601718281 9.7
vertex 204.575 -94.2606601718281 9.7
endloop
endfacet
facet normal 0 0 -1
outer loop
vertex 229.70279558148792 -94.03335534946285 9.7
vertex 204.575 -94.2606601718281 9.7
vertex 204.575 -94.03335534946285 9.7
endloop
endfacet
facet normal 0 0 -1
outer loop
vertex 235.025 -94.03335534946285 9.7
vertex 235.025 -94.2606601718281 9.7
vertex 232.01066017178516 -94.2606601718281 9.7
endloop
endfacet
facet normal 0 0 -1
outer loop
vertex 235.025 -94.03335534946285 9.7
vertex 232.01066017178516 -94.2606601718281 9.7
vertex 232.19720441845556 -94.03335534946285 9.7
endloop
endfacet
facet normal 0 0 -1
outer loop
vertex 256.902795581506 -94.03335534946285 9.7
vertex 257.089339828273 -94.2606601718281 9.7
vertex 254.075 -94.2606601718281 9.7
endloop
endfacet
facet normal 0 0 -1
outer loop
vertex 256.902795581506 -94.03335534946285 9.7
vertex 254.075 -94.2606601718281 9.7
vertex 254.075 -94.03335534946285 9.7
endloop
endfacet
facet normal 0 0 -1
outer loop
vertex 284.525 -94.03335534946285 9.7
vertex 284.525 -94.2606601718281 9.7
vertex 259.21066017177867 -94.2606601718281 9.7
endloop
endfacet
facet normal 0 0 -1
outer loop
vertex 284.525 -94.03335534946285 9.7
vertex 259.21066017177867 -94.2606601718281 9.7
vertex 259.3972044184498 -94.03335534946285 9.7
endloop
endfacet
facet normal 0 0 -1
outer loop
vertex 229.88933982830002 -94.2606601718281 9.7
vertex 230.11664465043205 -94.4472044184336 9.7
vertex 204.575 -94.4472044184336 9.7
endloop
endfacet
facet normal 0 0 -1
outer loop
vertex 229.88933982830002 -94.2606601718281 9.7
vertex 204.575 -94.4472044184336 9.7
vertex 204.575 -94.2606601718281 9.7
endloop
endfacet
facet normal 0 0 -1
outer loop
vertex 235.025 -94.2606601718281 9.7
vertex 235.025 -94.4472044184336 9.7
vertex 231.7833553495087 -94.4472044184336 9.7
endloop
endfacet
facet normal 0 0 -1
outer loop
vertex 235.025 -94.2606601718281 9.7
vertex 231.7833553495087 -94.4472044184336 9.7
vertex 232.01066017178516 -94.2606601718281 9.7
endloop
endfacet
facet normal 0 0 -1
outer loop
vertex 257.089339828273 -94.2606601718281 9.7
vertex 257.31664465044054 -94.4472044184336 9.7
vertex 254.075 -94.4472044184336 9.7
endloop
endfacet
facet normal 0 0 -1
outer loop
vertex 257.089339828273 -94.2606601718281 9.7
vertex 254.075 -94.4472044184336 9.7
vertex 254.075 -94.2606601718281 9.7
endloop
endfacet
facet normal 0 0 -1
outer loop
vertex 284.525 -94.2606601718281 9.7
vertex 284.525 -94.4472044184336 9.7
vertex 258.98335534953014 -94.4472044184336 9.7
endloop
endfacet
facet normal 0 0 -1
outer loop
vertex 284.525 -94.2606601718281 9.7
vertex 258.98335534953014 -94.4472044184336 9.7
vertex 259.21066017177867 -94.2606601718281 9.7
endloop
endfacet
facet normal 0 0 -1
outer loop
vertex 230.11664465043205 -94.4472044184336 9.7
vertex 230.37597485145864 -94.58581929876938 9.7
vertex 204.575 -94.58581929876938 9.7
endloop
endfacet
facet normal 0 0 -1
outer loop
vertex 230.11664465043205 -94.4472044184336 9.7
vertex 204.575 -94.58581929876938 9.7
vertex 204.575 -94.4472044184336 9.7
endloop
endfacet
facet normal 0 0 -1
outer loop
vertex 235.025 -94.4472044184336 9.7
vertex 235.025 -94.58581929876938 9.7
vertex 231.52402514856317 -94.58581929876938 9.7
endloop
endfacet
facet normal 0 0 -1
outer loop
vertex 235.025 -94.4472044184336 9.7
vertex 231.52402514856317 -94.58581929876938 9.7
vertex 231.7833553495087 -94.4472044184336 9.7
endloop
endfacet
facet normal 0 0 -1
outer loop
vertex 257.31664465044054 -94.4472044184336 9.7
vertex 257.5759748514647 -94.58581929876938 9.7
vertex 254.075 -94.58581929876938 9.7
endloop
endfacet
facet normal 0 0 -1
outer loop
vertex 257.31664465044054 -94.4472044184336 9.7
vertex 254.075 -94.58581929876938 9.7
vertex 254.075 -94.4472044184336 9.7
endloop
endfacet
facet normal 0 0 -1
outer loop
vertex 284.525 -94.4472044184336 9.7
vertex 284.525 -94.58581929876938 9.7
vertex 258.7240251485655 -94.58581929876938 9.7
endloop
endfacet
facet normal 0 0 -1
outer loop
vertex 284.525 -94.4472044184336 9.7
vertex 258.7240251485655 -94.58581929876938 9.7
vertex 258.98335534953014 -94.4472044184336 9.7
endloop
endfacet
facet normal 0 0 -1
outer loop
vertex 230.37597485145864 -94.58581929876938 9.7
vertex 230.65736451696745 -94.6711779206023 9.7
vertex 204.575 -94.6711779206023 9.7
endloop
endfacet
facet normal 0 0 -1
outer loop
vertex 230.37597485145864 -94.58581929876938 9.7
vertex 204.575 -94.6711779206023 9.7
vertex 204.575 -94.58581929876938 9.7
endloop
endfacet
facet normal 0 0 -1
outer loop
vertex 235.025 -94.58581929876938 9.7
vertex 235.025 -94.6711779206023 9.7
vertex 231.2426354830117 -94.6711779206023 9.7
endloop
endfacet
facet normal 0 0 -1
outer loop
vertex 235.025 -94.58581929876938 9.7
vertex 231.2426354830117 -94.6711779206023 9.7
vertex 231.52402514856317 -94.58581929876938 9.7
endloop
endfacet
facet normal 0 0 -1
outer loop
vertex 257.5759748514647 -94.58581929876938 9.7
vertex 257.8573645169729 -94.6711779206023 9.7
vertex 254.075 -94.6711779206023 9.7
endloop
endfacet
facet normal 0 0 -1
outer loop
vertex 257.5759748514647 -94.58581929876938 9.7
vertex 254.075 -94.6711779206023 9.7
vertex 254.075 -94.58581929876938 9.7
endloop
endfacet
facet normal 0 0 -1
outer loop
vertex 284.525 -94.58581929876938 9.7
vertex 284.525 -94.6711779206023 9.7
vertex 258.44263548300654 -94.6711779206023 9.7
endloop
endfacet
facet normal 0 0 -1
outer loop
vertex 284.525 -94.58581929876938 9.7
vertex 258.44263548300654 -94.6711779206023 9.7
vertex 258.7240251485655 -94.58581929876938 9.7
endloop
endfacet
facet normal 0 0 -1
outer loop
vertex 230.65736451696745 -94.6711779206023 9.7
vertex 230.95000000001093 -94.69999999999958 9.7
vertex 204.575 -94.69999999999958 9.7
endloop
endfacet
facet normal 0 0 -1
outer loop
vertex 230.65736451696745 -94.6711779206023 9.7
vertex 204.575 -94.69999999999958 9.7
vertex 204.575 -94.6711779206023 9.7
endloop
endfacet
facet normal 0 0 -1
outer loop
vertex 235.025 -94.6711779206023 9.7
vertex 235.025 -94.69999999999958 9.7
vertex 230.95000000001093 -94.69999999999958 9.7
endloop
endfacet
facet normal 0 0 -1
outer loop
vertex 235.025 -94.6711779206023 9.7
vertex 230.95000000001093 -94.69999999999958 9.7
vertex 231.2426354830117 -94.6711779206023 9.7
endloop
endfacet
facet normal 0 0 -1
outer loop
vertex 257.8573645169729 -94.6711779206023 9.7
vertex 258.1500000000199 -94.69999999999958 9.7
vertex 254.075 -94.69999999999958 9.7
endloop
endfacet
facet normal 0 0 -1
outer loop
vertex 257.8573645169729 -94.6711779206023 9.7
vertex 254.075 -94.69999999999958 9.7
vertex 254.075 -94.6711779206023 9.7
endloop
endfacet
facet normal 0 0 -1
outer loop
vertex 284.525 -94.6711779206023 9.7
vertex 284.525 -94.69999999999958 9.7
vertex 258.1500000000199 -94.69999999999958 9.7
endloop
endfacet
facet normal 0 0 -1
outer loop
vertex 284.525 -94.6711779206023 9.7
vertex 258.1500000000199 -94.69999999999958 9.7
vertex 258.44263548300654 -94.6711779206023 9.7
endloop
endfacet
facet normal 0 0 -1
outer loop
vertex 230.95000000001093 -94.69999999999958 9.7
vertex 235.025 -94.69999999999958 9.7
vertex 235.025 -97.72500000000068 9.7
endloop
endfacet
facet normal 0 0 -1
outer loop
vertex 230.95000000001093 -94.69999999999958 9.7
vertex 235.025 -97.72500000000068 9.7
vertex 234.99461550602442 -98.07229635533426 9.7
endloop
endfacet
facet normal 0 0 -1
outer loop
vertex 230.95000000001093 -94.69999999999958 9.7
vertex 234.99461550602442 -98.07229635533426 9.7
vertex 234.90438524157182 -98.4090402866506 9.7
endloop
endfacet
facet normal 0 0 -1
outer loop
vertex 230.95000000001093 -94.69999999999958 9.7
vertex 234.90438524157182 -98.4090402866506 9.7
vertex 234.75705080756887 -98.72500000000025 9.7
endloop
endfacet
facet normal 0 0 -1
outer loop
vertex 230.95000000001093 -94.69999999999958 9.7
vertex 234.75705080756887 -98.72500000000025 9.7
vertex 234.55708888623798 -99.01057521937297 9.7
endloop
endfacet
facet normal 0 0 -1
outer loop
vertex 230.95000000001093 -94.69999999999958 9.7
vertex 234.55708888623798 -99.01057521937297 9.7
vertex 234.31057521937294 -99.2570888862381 9.7
endloop
endfacet
facet normal 0 0 -1
outer loop
vertex 230.95000000001093 -94.69999999999958 9.7
vertex 234.31057521937294 -99.2570888862381 9.7
vertex 234.02500000000018 -99.45705080756888 9.7
endloop
endfacet
facet normal 0 0 -1
outer loop
vertex 230.95000000001093 -94.69999999999958 9.7
vertex 234.02500000000018 -99.45705080756888 9.7
vertex 233.7090402866512 -99.60438524157183 9.7
endloop
endfacet
facet normal 0 0 -1
outer loop
vertex 230.95000000001093 -94.69999999999958 9.7
vertex 233.7090402866512 -99.60438524157183 9.7
vertex 233.37229635533384 -99.6946155060244 9.7
endloop
endfacet
facet normal 0 0 -1
outer loop
vertex 230.95000000001093 -94.69999999999958 9.7
vertex 233.37229635533384 -99.6946155060244 9.7
vertex 233.02500000000015 -99.725 9.7
endloop
endfacet
facet normal 0 0 -1
outer loop
vertex 230.95000000001093 -94.69999999999958 9.7
vertex 233.02500000000015 -99.725 9.7
vertex 206.57500000000005 -99.725 9.7
endloop
endfacet
facet normal 0 0 -1
outer loop
vertex 230.95000000001093 -94.69999999999958 9.7
vertex 206.57500000000005 -99.725 9.7
vertex 206.22770364466604 -99.6946155060244 9.7
endloop
endfacet
facet normal 0 0 -1
outer loop
vertex 230.95000000001093 -94.69999999999958 9.7
vertex 206.22770364466604 -99.6946155060244 9.7
vertex 205.89095971334874 -99.60438524157183 9.7
endloop
endfacet
facet normal 0 0 -1
outer loop
vertex 230.95000000001093 -94.69999999999958 9.7
vertex 205.89095971334874 -99.60438524157183 9.7
vertex 205.57500000000002 -99.45705080756888 9.7
endloop
endfacet
facet normal 0 0 -1
outer loop
vertex 230.95000000001093 -94.69999999999958 9.7
vertex 205.57500000000002 -99.45705080756888 9.7
vertex 205.28942478062686 -99.2570888862381 9.7
endloop
endfacet
facet normal 0 0 -1
outer loop
vertex 230.95000000001093 -94.69999999999958 9.7
vertex 205.28942478062686 -99.2570888862381 9.7
vertex 205.04291111376205 -99.01057521937297 9.7
endloop
endfacet
facet normal 0 0 -1
outer loop
vertex 230.95000000001093 -94.69999999999958 9.7
vertex 205.04291111376205 -99.01057521937297 9.7
vertex 204.84294919243106 -98.72500000000025 9.7
endloop
endfacet
facet normal 0 0 -1
outer loop
vertex 230.95000000001093 -94.69999999999958 9.7
vertex 204.84294919243106 -98.72500000000025 9.7
vertex 204.69561475842826 -98.4090402866506 9.7
endloop
endfacet
facet normal 0 0 -1
outer loop
vertex 230.95000000001093 -94.69999999999958 9.7
vertex 204.69561475842826 -98.4090402866506 9.7
vertex 204.60538449397555 -98.07229635533426 9.7
endloop
endfacet
facet normal 0 0 -1
outer loop
vertex 230.95000000001093 -94.69999999999958 9.7
vertex 204.60538449397555 -98.07229635533426 9.7
vertex 204.575 -97.72500000000068 9.7
endloop
endfacet
facet normal 0 0 -1
outer loop
vertex 230.95000000001093 -94.69999999999958 9.7
vertex 204.575 -97.72500000000068 9.7
vertex 204.575 -94.69999999999958 9.7
endloop
endfacet
facet normal 0 0 -1
outer loop
vertex 258.1500000000199 -94.69999999999958 9.7
vertex 284.525 -94.69999999999958 9.7
vertex 284.525 -97.72500000000068 9.7
endloop
endfacet
facet normal 0 0 -1
outer loop
vertex 258.1500000000199 -94.69999999999958 9.7
vertex 284.525 -97.72500000000068 9.7
vertex 284.4946155060244 -98.07229635533426 9.7
endloop
endfacet
facet normal 0 0 -1
outer loop
vertex 258.1500000000199 -94.69999999999958 9.7
vertex 284.4946155060244 -98.07229635533426 9.7
vertex 284.4043852415721 -98.4090402866506 9.7
endloop
endfacet
facet normal 0 0 -1
outer loop
vertex 258.1500000000199 -94.69999999999958 9.7
vertex 284.4043852415721 -98.4090402866506 9.7
vertex 284.25705080756865 -98.72500000000025 9.7
endloop
endfacet
facet normal 0 0 -1
outer loop
vertex 258.1500000000199 -94.69999999999958 9.7
vertex 284.25705080756865 -98.72500000000025 9.7
vertex 284.057088886238 -99.01057521937297 9.7
endloop
endfacet
facet normal 0 0 -1
outer loop
vertex 258.1500000000199 -94.69999999999958 9.7
vertex 284.057088886238 -99.01057521937297 9.7
vertex 283.8105752193729 -99.2570888862381 9.7
endloop
endfacet
facet normal 0 0 -1
outer loop
vertex 258.1500000000199 -94.69999999999958 9.7
vertex 283.8105752193729 -99.2570888862381 9.7
vertex 283.525 -99.45705080756888 9.7
endloop
endfacet
facet normal 0 0 -1
outer loop
vertex 258.1500000000199 -94.69999999999958 9.7
vertex 283.525 -99.45705080756888 9.7
vertex 283.20904028665126 -99.60438524157183 9.7
endloop
endfacet
facet normal 0 0 -1
outer loop
vertex 258.1500000000199 -94.69999999999958 9.7
vertex 283.20904028665126 -99.60438524157183 9.7
vertex 282.8722963553339 -99.6946155060244 9.7
endloop
endfacet
facet normal 0 0 -1
outer loop
vertex 258.1500000000199 -94.69999999999958 9.7
vertex 282.8722963553339 -99.6946155060244 9.7
vertex 282.52500000000003 -99.725 9.7
endloop
endfacet
facet normal 0 0 -1
outer loop
vertex 258.1500000000199 -94.69999999999958 9.7
vertex 282.52500000000003 -99.725 9.7
vertex 256.07500000000005 -99.725 9.7
endloop
endfacet
facet normal 0 0 -1
outer loop
vertex 258.1500000000199 -94.69999999999958 9.7
vertex 256.07500000000005 -99.725 9.7
vertex 255.72770364466598 -99.6946155060244 9.7
endloop
endfacet
facet normal 0 0 -1
outer loop
vertex 258.1500000000199 -94.69999999999958 9.7
vertex 255.72770364466598 -99.6946155060244 9.7
vertex 255.3909597133487 -99.60438524157183 9.7
endloop
endfacet
facet normal 0 0 -1
outer loop
vertex 258.1500000000199 -94.69999999999958 9.7
vertex 255.3909597133487 -99.60438524157183 9.7
vertex 255.07499999999993 -99.45705080756888 9.7
endloop
endfacet
facet normal 0 0 -1
outer loop
vertex 258.1500000000199 -94.69999999999958 9.7
vertex 255.07499999999993 -99.45705080756888 9.7
vertex 254.78942478062697 -99.2570888862381 9.7
endloop
endfacet
facet normal 0 0 -1
outer loop
vertex 258.1500000000199 -94.69999999999958 9.7
vertex 254.78942478062697 -99.2570888862381 9.7
vertex 254.54291111376193 -99.01057521937297 9.7
endloop
endfacet
facet normal 0 0 -1
outer loop
vertex 258.1500000000199 -94.69999999999958 9.7
vertex 254.54291111376193 -99.01057521937297 9.7
vertex 254.34294919243115 -98.72500000000025 9.7
endloop
endfacet
facet normal 0 0 -1
outer loop
vertex 258.1500000000199 -94.69999999999958 9.7
vertex 254.34294919243115 -98.72500000000025 9.7
vertex 254.19561475842818 -98.4090402866506 9.7
endloop
endfacet
facet normal 0 0 -1
outer loop
vertex 258.1500000000199 -94.69999999999958 9.7
vertex 254.19561475842818 -98.4090402866506 9.7
vertex 254.10538449397558 -98.07229635533426 9.7
endloop
endfacet
facet normal 0 0 -1
outer loop
vertex 258.1500000000199 -94.69999999999958 9.7
vertex 254.10538449397558 -98.07229635533426 9.7
vertex 254.075 -97.72500000000068 9.7
endloop
endfacet
facet normal 0 0 -1
outer loop
vertex 258.1500000000199 -94.69999999999958 9.7
vertex 254.075 -97.72500000000068 9.7
vertex 254.075 -94.69999999999958 9.7
endloop
endfacet
facet normal 0 0 1
outer loop
vertex 233.02500000000006 -99.725 11.299999999999999
vertex 233.3722963553339 -99.6946155060244 11.299999999999999
vertex 233.70904028665126 -99.60438524157179 11.299999999999999
endloop
endfacet
facet normal 0 0 1
outer loop
vertex 233.02500000000006 -99.725 11.299999999999999
vertex 233.70904028665126 -99.60438524157179 11.299999999999999
vertex 234.02500000000018 -99.45705080756893 11.299999999999999
endloop
endfacet
facet normal 0 0 1
outer loop
vertex 233.02500000000006 -99.725 11.299999999999999
vertex 234.02500000000018 -99.45705080756893 11.299999999999999
vertex 234.310575219373 -99.25708888623804 11.299999999999999
endloop
endfacet
facet normal 0 0 1
outer loop
vertex 233.02500000000006 -99.725 11.299999999999999
vertex 234.310575219373 -99.25708888623804 11.299999999999999
vertex 234.55708888623806 -99.01057521937292 11.299999999999999
endloop
endfacet
facet normal 0 0 1
outer loop
vertex 233.02500000000006 -99.725 11.299999999999999
vertex 234.55708888623806 -99.01057521937292 11.299999999999999
vertex 234.75705080756876 -98.7250000000001 11.299999999999999
endloop
endfacet
facet normal 0 0 1
outer loop
vertex 233.02500000000006 -99.725 11.299999999999999
vertex 234.75705080756876 -98.7250000000001 11.299999999999999
vertex 234.9043852415718 -98.40904028665071 11.299999999999999
endloop
endfacet
facet normal 0 0 1
outer loop
vertex 233.02500000000006 -99.725 11.299999999999999
vertex 234.9043852415718 -98.40904028665071 11.299999999999999
vertex 234.99461550602445 -98.072296355334 11.299999999999999
endloop
endfacet
facet normal 0 0 1
outer loop
vertex 233.02500000000006 -99.725 11.299999999999999
vertex 234.99461550602445 -98.072296355334 11.299999999999999
vertex 235.025 -97.72500000000045 11.299999999999999
endloop
endfacet
facet normal 0 0 1
outer loop
vertex 233.02500000000006 -99.725 11.299999999999999
vertex 235.025 -97.72500000000045 11.299999999999999
vertex 235.025 -94.69999999999958 11.299999999999999
endloop
endfacet
facet normal 0 0 1
outer loop
vertex 233.02500000000006 -99.725 11.299999999999999
vertex 235.025 -94.69999999999958 11.299999999999999
vertex 230.9500000000109 -94.69999999999958 11.299999999999999
endloop
endfacet
facet normal 0 0 1
outer loop
vertex 233.02500000000006 -99.725 11.299999999999999
vertex 230.9500000000109 -94.69999999999958 11.299999999999999
vertex 204.575 -94.69999999999958 11.299999999999999
endloop
endfacet
facet normal 0 0 1
outer loop
vertex 233.02500000000006 -99.725 11.299999999999999
vertex 204.575 -94.69999999999958 11.299999999999999
vertex 204.575 -97.72500000000045 11.299999999999999
endloop
endfacet
facet normal 0 0 1
outer loop
vertex 233.02500000000006 -99.725 11.299999999999999
vertex 204.575 -97.72500000000045 11.299999999999999
vertex 204.60538449397558 -98.072296355334 11.299999999999999
endloop
endfacet
facet normal 0 0 1
outer loop
vertex 233.02500000000006 -99.725 11.299999999999999
vertex 204.60538449397558 -98.072296355334 11.299999999999999
vertex 204.6956147584282 -98.40904028665071 11.299999999999999
endloop
endfacet
facet normal 0 0 1
outer loop
vertex 233.02500000000006 -99.725 11.299999999999999
vertex 204.6956147584282 -98.40904028665071 11.299999999999999
vertex 204.8429491924311 -98.7250000000001 11.299999999999999
endloop
endfacet
facet normal 0 0 1
outer loop
vertex 233.02500000000006 -99.725 11.299999999999999
vertex 204.8429491924311 -98.7250000000001 11.299999999999999
vertex 205.04291111376202 -99.01057521937292 11.299999999999999
endloop
endfacet
facet normal 0 0 1
outer loop
vertex 233.02500000000006 -99.725 11.299999999999999
vertex 205.04291111376202 -99.01057521937292 11.299999999999999
vertex 205.28942478062692 -99.25708888623804 11.299999999999999
endloop
endfacet
facet normal 0 0 1
outer loop
vertex 233.02500000000006 -99.725 11.299999999999999
vertex 205.28942478062692 -99.25708888623804 11.299999999999999
vertex 205.57500000000007 -99.45705080756893 11.299999999999999
endloop
endfacet
facet normal 0 0 1
outer loop
vertex 233.02500000000006 -99.725 11.299999999999999
vertex 205.57500000000007 -99.45705080756893 11.299999999999999
vertex 205.89095971334868 -99.60438524157179 11.299999999999999
endloop
endfacet
facet normal 0 0 1
outer loop
vertex 233.02500000000006 -99.725 11.299999999999999
vertex 205.89095971334868 -99.60438524157179 11.299999999999999
vertex 206.22770364466612 -99.6946155060244 11.299999999999999
endloop
endfacet
facet normal 0 0 1
outer loop
vertex 233.02500000000006 -99.725 11.299999999999999
vertex 206.22770364466612 -99.6946155060244 11.299999999999999
vertex 206.57500000000002 -99.725 11.299999999999999
endloop
endfacet
facet normal 0 0 1
outer loop
vertex 282.52500000000003 -99.725 11.299999999999999
vertex 282.8722963553339 -99.6946155060244 11.299999999999999
vertex 283.20904028665143 -99.60438524157179 11.299999999999999
endloop
endfacet
facet normal 0 0 1
outer loop
vertex 282.52500000000003 -99.725 11.299999999999999
vertex 283.20904028665143 -99.60438524157179 11.299999999999999
vertex 283.5249999999999 -99.45705080756893 11.299999999999999
endloop
endfacet
facet normal 0 0 1
outer loop
vertex 282.52500000000003 -99.725 11.299999999999999
vertex 283.5249999999999 -99.45705080756893 11.299999999999999
vertex 283.81057521937294 -99.25708888623804 11.299999999999999
endloop
endfacet
facet normal 0 0 1
outer loop
vertex 282.52500000000003 -99.725 11.299999999999999
vertex 283.81057521937294 -99.25708888623804 11.299999999999999
vertex 284.05708888623803 -99.01057521937292 11.299999999999999
endloop
endfacet
facet normal 0 0 1
outer loop
vertex 282.52500000000003 -99.725 11.299999999999999
vertex 284.05708888623803 -99.01057521937292 11.299999999999999
vertex 284.2570508075688 -98.7250000000001 11.299999999999999
endloop
endfacet
facet normal 0 0 1
outer loop
vertex 282.52500000000003 -99.725 11.299999999999999
vertex 284.2570508075688 -98.7250000000001 11.299999999999999
vertex 284.4043852415721 -98.40904028665071 11.299999999999999
endloop
endfacet
facet normal 0 0 1
outer loop
vertex 282.52500000000003 -99.725 11.299999999999999
vertex 284.4043852415721 -98.40904028665071 11.299999999999999
vertex 284.49461550602445 -98.072296355334 11.299999999999999
endloop
endfacet
facet normal 0 0 1
outer loop
vertex 282.52500000000003 -99.725 11.299999999999999
vertex 284.49461550602445 -98.072296355334 11.299999999999999
vertex 284.525 -97.72500000000045 11.299999999999999
endloop
endfacet
facet normal 0 0 1
outer loop
vertex 282.52500000000003 -99.725 11.299999999999999
vertex 284.525 -97.72500000000045 11.299999999999999
vertex 284.525 -94.69999999999958 11.299999999999999
endloop
endfacet
facet normal 0 0 1
outer loop
vertex 282.52500000000003 -99.725 11.299999999999999
vertex 284.525 -94.69999999999958 11.299999999999999
vertex 258.15000000001976 -94.69999999999958 11.299999999999999
endloop
endfacet
facet normal 0 0 1
outer loop
vertex 282.52500000000003 -99.725 11.299999999999999
vertex 258.15000000001976 -94.69999999999958 11.299999999999999
vertex 254.075 -94.69999999999958 11.299999999999999
endloop
endfacet
facet normal 0 0 1
outer loop
vertex 282.52500000000003 -99.725 11.299999999999999
vertex 254.075 -94.69999999999958 11.299999999999999
vertex 254.075 -97.72500000000045 11.299999999999999
endloop
endfacet
facet normal 0 0 1
outer loop
vertex 282.52500000000003 -99.725 11.299999999999999
vertex 254.075 -97.72500000000045 11.299999999999999
vertex 254.10538449397555 -98.072296355334 11.299999999999999
endloop
endfacet
facet normal 0 0 1
outer loop
vertex 282.52500000000003 -99.725 11.299999999999999
vertex 254.10538449397555 -98.072296355334 11.299999999999999
vertex 254.1956147584282 -98.40904028665071 11.299999999999999
endloop
endfacet
facet normal 0 0 1
outer loop
vertex 282.52500000000003 -99.725 11.299999999999999
vertex 254.1956147584282 -98.40904028665071 11.299999999999999
vertex 254.34294919243112 -98.7250000000001 11.299999999999999
endloop
endfacet
facet normal 0 0 1
outer loop
vertex 282.52500000000003 -99.725 11.299999999999999
vertex 254.34294919243112 -98.7250000000001 11.299999999999999
vertex 254.5429111137619 -99.01057521937292 11.299999999999999
endloop
endfacet
facet normal 0 0 1
outer loop
vertex 282.52500000000003 -99.725 11.299999999999999
vertex 254.5429111137619 -99.01057521937292 11.299999999999999
vertex 254.78942478062712 -99.25708888623804 11.299999999999999
endloop
endfacet
facet normal 0 0 1
outer loop
vertex 282.52500000000003 -99.725 11.299999999999999
vertex 254.78942478062712 -99.25708888623804 11.299999999999999
vertex 255.07500000000005 -99.45705080756893 11.299999999999999
endloop
endfacet
facet normal 0 0 1
outer loop
vertex 282.52500000000003 -99.725 11.299999999999999
vertex 255.07500000000005 -99.45705080756893 11.299999999999999
vertex 255.39095971334876 -99.60438524157179 11.299999999999999
endloop
endfacet
facet normal 0 0 1
outer loop
vertex 282.52500000000003 -99.725 11.299999999999999
vertex 255.39095971334876 -99.60438524157179 11.299999999999999
vertex 255.72770364466604 -99.6946155060244 11.299999999999999
endloop
endfacet
facet normal 0 0 1
outer loop
vertex 282.52500000000003 -99.725 11.299999999999999
vertex 255.72770364466604 -99.6946155060244 11.299999999999999
vertex 256.07499999999993 -99.725 11.299999999999999
endloop
endfacet
facet normal 0 0 1
outer loop
vertex 230.9500000000109 -94.69999999999958 11.299999999999999
vertex 230.65736451696523 -94.6711779206023 11.299999999999999
vertex 204.575 -94.6711779206023 11.299999999999999
endloop
endfacet
facet normal 0 0 1
outer loop
vertex 230.9500000000109 -94.69999999999958 11.299999999999999
vertex 204.575 -94.6711779206023 11.299999999999999
vertex 204.575 -94.69999999999958 11.299999999999999
endloop
endfacet
facet normal 0 0 1
outer loop
vertex 235.025 -94.69999999999958 11.299999999999999
vertex 235.025 -94.6711779206023 11.299999999999999
vertex 231.24263548306513 -94.6711779206023 11.299999999999999
endloop
endfacet
facet normal 0 0 1
outer loop
vertex 235.025 -94.69999999999958 11.299999999999999
vertex 231.24263548306513 -94.6711779206023 11.299999999999999
vertex 230.9500000000109 -94.69999999999958 11.299999999999999
endloop
endfacet
facet normal 0 0 1
outer loop
vertex 258.15000000001976 -94.69999999999958 11.299999999999999
vertex 257.8573645169826 -94.6711779206023 11.299999999999999
vertex 254.075 -94.6711779206023 11.299999999999999
endloop
endfacet
facet normal 0 0 1
outer loop
vertex 258.15000000001976 -94.69999999999958 11.299999999999999
vertex 254.075 -94.6711779206023 11.299999999999999
vertex 254.075 -94.69999999999958 11.299999999999999
endloop
endfacet
facet normal 0 0 1
outer loop
vertex 284.525 -94.69999999999958 11.299999999999999
vertex 284.525 -94.6711779206023 11.299999999999999
vertex 258.44263548306554 -94.6711779206023 11.299999999999999
endloop
endfacet
facet normal 0 0 1
outer loop
vertex 284.525 -94.69999999999958 11.299999999999999
vertex 258.44263548306554 -94.6711779206023 11.299999999999999
vertex 258.15000000001976 -94.69999999999958 11.299999999999999
endloop
endfacet
facet normal 0 0 1
outer loop
vertex 230.65736451696523 -94.6711779206023 11.299999999999999
vertex 230.37597485145812 -94.58581929876935 11.299999999999999
vertex 204.575 -94.58581929876935 11.299999999999999
endloop
endfacet
facet normal 0 0 1
outer loop
vertex 230.65736451696523 -94.6711779206023 11.299999999999999
vertex 204.575 -94.58581929876935 11.299999999999999
vertex 204.575 -94.6711779206023 11.299999999999999
endloop
endfacet
facet normal 0 0 1
outer loop
vertex 235.025 -94.6711779206023 11.299999999999999
vertex 235.025 -94.58581929876935 11.299999999999999
vertex 231.52402514852355 -94.58581929876935 11.299999999999999
endloop
endfacet
facet normal 0 0 1
outer loop
vertex 235.025 -94.6711779206023 11.299999999999999
vertex 231.52402514852355 -94.58581929876935 11.299999999999999
vertex 231.24263548306513 -94.6711779206023 11.299999999999999
endloop
endfacet
facet normal 0 0 1
outer loop
vertex 257.8573645169826 -94.6711779206023 11.299999999999999
vertex 257.57597485145425 -94.58581929876935 11.299999999999999
vertex 254.075 -94.58581929876935 11.299999999999999
endloop
endfacet
facet normal 0 0 1
outer loop
vertex 257.8573645169826 -94.6711779206023 11.299999999999999
vertex 254.075 -94.58581929876935 11.299999999999999
vertex 254.075 -94.6711779206023 11.299999999999999
endloop
endfacet
facet normal 0 0 1
outer loop
vertex 284.525 -94.6711779206023 11.299999999999999
vertex 284.525 -94.58581929876935 11.299999999999999
vertex 258.7240251485239 -94.58581929876935 11.299999999999999
endloop
endfacet
facet normal 0 0 1
outer loop
vertex 284.525 -94.6711779206023 11.299999999999999
vertex 258.7240251485239 -94.58581929876935 11.299999999999999
vertex 258.44263548306554 -94.6711779206023 11.299999999999999
endloop
endfacet
facet normal 0 0 1
outer loop
vertex 230.37597485145812 -94.58581929876935 11.299999999999999
vertex 230.11664465047863 -94.4472044184336 11.299999999999999
vertex 204.575 -94.4472044184336 11.299999999999999
endloop
endfacet
facet normal 0 0 1
outer loop
vertex 230.37597485145812 -94.58581929876935 11.299999999999999
vertex 204.575 -94.4472044184336 11.299999999999999
vertex 204.575 -94.58581929876935 11.299999999999999
endloop
endfacet
facet normal 0 0 1
outer loop
vertex 235.025 -94.58581929876935 11.299999999999999
vertex 235.025 -94.4472044184336 11.299999999999999
vertex 231.78335534958293 -94.4472044184336 11.299999999999999
endloop
endfacet
facet normal 0 0 1
outer loop
vertex 235.025 -94.58581929876935 11.299999999999999
vertex 231.78335534958293 -94.4472044184336 11.299999999999999
vertex 231.52402514852355 -94.58581929876935 11.299999999999999
endloop
endfacet
facet normal 0 0 1
outer loop
vertex 257.57597485145425 -94.58581929876935 11.299999999999999
vertex 257.3166446504406 -94.4472044184336 11.299999999999999
vertex 254.075 -94.4472044184336 11.299999999999999
endloop
endfacet
facet normal 0 0 1
outer loop
vertex 257.57597485145425 -94.58581929876935 11.299999999999999
vertex 254.075 -94.4472044184336 11.299999999999999
vertex 254.075 -94.58581929876935 11.299999999999999
endloop
endfacet
facet normal 0 0 1
outer loop
vertex 284.525 -94.58581929876935 11.299999999999999
vertex 284.525 -94.4472044184336 11.299999999999999
vertex 258.9833553495712 -94.4472044184336 11.299999999999999
endloop
endfacet
facet normal 0 0 1
outer loop
vertex 284.525 -94.58581929876935 11.299999999999999
vertex 258.9833553495712 -94.4472044184336 11.299999999999999
vertex 258.7240251485239 -94.58581929876935 11.299999999999999
endloop
endfacet
facet normal 0 0 1
outer loop
vertex 230.11664465047863 -94.4472044184336 11.299999999999999
vertex 229.8893398282282 -94.26066017182809 11.299999999999999
vertex 204.575 -94.26066017182809 11.299999999999999
endloop
endfacet
facet normal 0 0 1
outer loop
vertex 230.11664465047863 -94.4472044184336 11.299999999999999
vertex 204.575 -94.26066017182809 11.299999999999999
vertex 204.575 -94.4472044184336 11.299999999999999
endloop
endfacet
facet normal 0 0 1
outer loop
vertex 235.025 -94.4472044184336 11.299999999999999
vertex 235.025 -94.26066017182809 11.299999999999999
vertex 232.01066017169174 -94.26066017182809 11.299999999999999
endloop
endfacet
facet normal 0 0 1
outer loop
vertex 235.025 -94.4472044184336 11.299999999999999
vertex 232.01066017169174 -94.26066017182809 11.299999999999999
vertex 231.78335534958293 -94.4472044184336 11.299999999999999
endloop
endfacet
facet normal 0 0 1
outer loop
vertex 257.3166446504406 -94.4472044184336 11.299999999999999
vertex 257.08933982827364 -94.26066017182809 11.299999999999999
vertex 254.075 -94.26066017182809 11.299999999999999
endloop
endfacet
facet normal 0 0 1
outer loop
vertex 257.3166446504406 -94.4472044184336 11.299999999999999
vertex 254.075 -94.26066017182809 11.299999999999999
vertex 254.075 -94.4472044184336 11.299999999999999
endloop
endfacet
facet normal 0 0 1
outer loop
vertex 284.525 -94.4472044184336 11.299999999999999
vertex 284.525 -94.26066017182809 11.299999999999999
vertex 259.2106601717044 -94.26066017182809 11.299999999999999
endloop
endfacet
facet normal 0 0 1
outer loop
vertex 284.525 -94.4472044184336 11.299999999999999
vertex 259.2106601717044 -94.26066017182809 11.299999999999999
vertex 258.9833553495712 -94.4472044184336 11.299999999999999
endloop
endfacet
facet normal 0 0 1
outer loop
vertex 229.8893398282282 -94.26066017182809 11.299999999999999
vertex 229.7027955815555 -94.03335534946287 11.299999999999999
vertex 204.575 -94.03335534946287 11.299999999999999
endloop
endfacet
facet normal 0 0 1
outer loop
vertex 229.8893398282282 -94.26066017182809 11.299999999999999
vertex 204.575 -94.03335534946287 11.299999999999999
vertex 204.575 -94.26066017182809 11.299999999999999
endloop
endfacet
facet normal 0 0 1
outer loop
vertex 235.025 -94.26066017182809 11.299999999999999
vertex 235.025 -94.03335534946287 11.299999999999999
vertex 232.1972044185311 -94.03335534946287 11.299999999999999
endloop
endfacet
facet normal 0 0 1
outer loop
vertex 235.025 -94.26066017182809 11.299999999999999
vertex 232.1972044185311 -94.03335534946287 11.299999999999999
vertex 232.01066017169174 -94.26066017182809 11.299999999999999
endloop
endfacet
facet normal 0 0 1
outer loop
vertex 257.08933982827364 -94.26066017182809 11.299999999999999
vertex 256.9027955815054 -94.03335534946287 11.299999999999999
vertex 254.075 -94.03335534946287 11.299999999999999
endloop
endfacet
facet normal 0 0 1
outer loop
vertex 257.08933982827364 -94.26066017182809 11.299999999999999
vertex 254.075 -94.03335534946287 11.299999999999999
vertex 254.075 -94.26066017182809 11.299999999999999
endloop
endfacet
facet normal 0 0 1
outer loop
vertex 284.525 -94.26066017182809 11.299999999999999
vertex 284.525 -94.03335534946287 11.299999999999999
vertex 259.39720441852705 -94.03335534946287 11.299999999999999
endloop
endfacet
facet normal 0 0 1
outer loop
vertex 284.525 -94.26066017182809 11.299999999999999
vertex 259.39720441852705 -94.03335534946287 11.299999999999999
vertex 259.2106601717044 -94.26066017182809 11.299999999999999
endloop
endfacet
facet normal 0 0 1
outer loop
vertex 229.7027955815555 -94.03335534946287 11.299999999999999
vertex 229.56418070122024 -93.7740251485874 11.299999999999999
vertex 204.575 -93.7740251485874 11.299999999999999
endloop
endfacet
facet normal 0 0 1
outer loop
vertex 229.7027955815555 -94.03335534946287 11.299999999999999
vertex 204.575 -93.7740251485874 11.299999999999999
vertex 204.575 -94.03335534946287 11.299999999999999
endloop
endfacet
facet normal 0 0 1
outer loop
vertex 235.025 -94.03335534946287 11.299999999999999
vertex 235.025 -93.7740251485874 11.299999999999999
vertex 232.3358192987344 -93.7740251485874 11.299999999999999
endloop
endfacet
facet normal 0 0 1
outer loop
vertex 235.025 -94.03335534946287 11.299999999999999
vertex 232.3358192987344 -93.7740251485874 11.299999999999999
vertex 232.1972044185311 -94.03335534946287 11.299999999999999
endloop
endfacet
facet normal 0 0 1
outer loop
vertex 256.9027955815054 -94.03335534946287 11.299999999999999
vertex 256.76418070124913 -93.7740251485874 11.299999999999999
vertex 254.075 -93.7740251485874 11.299999999999999
endloop
endfacet
facet normal 0 0 1
outer loop
vertex 256.9027955815054 -94.03335534946287 11.299999999999999
vertex 254.075 -93.7740251485874 11.299999999999999
vertex 254.075 -94.03335534946287 11.299999999999999
endloop
endfacet
facet normal 0 0 1
outer loop
vertex 284.525 -94.03335534946287 11.299999999999999
vertex 284.525 -93.7740251485874 11.299999999999999
vertex 259.53581929873195 -93.7740251485874 11.299999999999999
endloop
endfacet
facet normal 0 0 1
outer loop
vertex 284.525 -94.03335534946287 11.299999999999999
vertex 259.53581929873195 -93.7740251485874 11.299999999999999
vertex 259.39720441852705 -94.03335534946287 11.299999999999999
endloop
endfacet
facet normal 0 0 1
outer loop
vertex 229.56418070122024 -93.7740251485874 11.299999999999999
vertex 229.47882207939804 -93.49263548300237 11.299999999999999
vertex 204.575 -93.49263548300237 11.299999999999999
endloop
endfacet
facet normal 0 0 1
outer loop
vertex 229.56418070122024 -93.7740251485874 11.299999999999999
vertex 204.575 -93.49263548300237 11.299999999999999
vertex 204.575 -93.7740251485874 11.299999999999999
endloop
endfacet
facet normal 0 0 1
outer loop
vertex 235.025 -93.7740251485874 11.299999999999999
vertex 235.025 -93.49263548300237 11.299999999999999
vertex 232.42117792060375 -93.49263548300237 11.299999999999999
endloop
endfacet
facet normal 0 0 1
outer loop
vertex 235.025 -93.7740251485874 11.299999999999999
vertex 232.42117792060375 -93.49263548300237 11.299999999999999
vertex 232.3358192987344 -93.7740251485874 11.299999999999999
endloop
endfacet
facet normal 0 0 1
outer loop
vertex 256.76418070124913 -93.7740251485874 11.299999999999999
vertex 256.6788220793925 -93.49263548300237 11.299999999999999
vertex 254.075 -93.49263548300237 11.299999999999999
endloop
endfacet
facet normal 0 0 1
outer loop
vertex 256.76418070124913 -93.7740251485874 11.299999999999999
vertex 254.075 -93.49263548300237 11.299999999999999
vertex 254.075 -93.7740251485874 11.299999999999999
endloop
endfacet
facet normal 0 0 1
outer loop
vertex 284.525 -93.7740251485874 11.299999999999999
vertex 284.525 -93.49263548300237 11.299999999999999
vertex 259.6211779206026 -93.49263548300237 11.299999999999999
endloop
endfacet
facet normal 0 0 1
outer loop
vertex 284.525 -93.7740251485874 11.299999999999999
vertex 259.6211779206026 -93.49263548300237 11.299999999999999
vertex 259.53581929873195 -93.7740251485874 11.299999999999999
endloop
endfacet
facet normal 0 0 1
outer loop
vertex 229.47882207939804 -93.49263548300237 11.299999999999999
vertex 229.45000000000033 -93.19999999998898 11.299999999999999
vertex 204.575 -93.19999999998898 11.299999999999999
endloop
endfacet
facet normal 0 0 1
outer loop
vertex 229.47882207939804 -93.49263548300237 11.299999999999999
vertex 204.575 -93.19999999998898 11.299999999999999
vertex 204.575 -93.49263548300237 11.299999999999999
endloop
endfacet
facet normal 0 0 1
outer loop
vertex 235.025 -93.49263548300237 11.299999999999999
vertex 235.025 -93.19999999998898 11.299999999999999
vertex 232.45000000000047 -93.19999999998898 11.299999999999999
endloop
endfacet
facet normal 0 0 1
outer loop
vertex 235.025 -93.49263548300237 11.299999999999999
vertex 232.45000000000047 -93.19999999998898 11.299999999999999
vertex 232.42117792060375 -93.49263548300237 11.299999999999999
endloop
endfacet
facet normal 0 0 1
outer loop
vertex 256.6788220793925 -93.49263548300237 11.299999999999999
vertex 256.64999999999907 -93.19999999998898 11.299999999999999
vertex 254.075 -93.19999999998898 11.299999999999999
endloop
endfacet
facet normal 0 0 1
outer loop
vertex 256.6788220793925 -93.49263548300237 11.299999999999999
vertex 254.075 -93.19999999998898 11.299999999999999
vertex 254.075 -93.49263548300237 11.299999999999999
endloop
endfacet
facet normal 0 0 1
outer loop
vertex 284.525 -93.49263548300237 11.299999999999999
vertex 284.525 -93.19999999998898 11.299999999999999
vertex 259.6499999999996 -93.19999999998898 11.299999999999999
endloop
endfacet
facet normal 0 0 1
outer loop
vertex 284.525 -93.49263548300237 11.299999999999999
vertex 259.6499999999996 -93.19999999998898 11.299999999999999
vertex 259.6211779206026 -93.49263548300237 11.299999999999999
endloop
endfacet
facet normal 0 0 1
outer loop
vertex 229.45000000000033 -93.19999999998898 11.299999999999999
vertex 229.47882207939398 -92.90736451699279 11.299999999999999
vertex 204.575 -92.90736451699279 11.299999999999999
endloop
endfacet
facet normal 0 0 1
outer loop
vertex 229.45000000000033 -93.19999999998898 11.299999999999999
vertex 204.575 -92.90736451699279 11.299999999999999
vertex 204.575 -93.19999999998898 11.299999999999999
endloop
endfacet
facet normal 0 0 1
outer loop
vertex 235.025 -93.19999999998898 11.299999999999999
vertex 235.025 -92.90736451699279 11.299999999999999
vertex 232.42117792060807 -92.90736451699279 11.299999999999999
endloop
endfacet
facet normal 0 0 1
outer loop
vertex 235.025 -93.19999999998898 11.299999999999999
vertex 232.42117792060807 -92.90736451699279 11.299999999999999
vertex 232.45000000000047 -93.19999999998898 11.299999999999999
endloop
endfacet
facet normal 0 0 1
outer loop
vertex 256.64999999999907 -93.19999999998898 11.299999999999999
vertex 256.67882207939294 -92.90736451699279 11.299999999999999
vertex 254.075 -92.90736451699279 11.299999999999999
endloop
endfacet
facet normal 0 0 1
outer loop
vertex 256.64999999999907 -93.19999999998898 11.299999999999999
vertex 254.075 -92.90736451699279 11.299999999999999
vertex 254.075 -93.19999999998898 11.299999999999999
endloop
endfacet
facet normal 0 0 1
outer loop
vertex 284.525 -93.19999999998898 11.299999999999999
vertex 284.525 -92.90736451699279 11.299999999999999
vertex 259.62117792060667 -92.90736451699279 11.299999999999999
endloop
endfacet
facet normal 0 0 1
outer loop
vertex 284.525 -93.19999999998898 11.299999999999999
vertex 259.62117792060667 -92.90736451699279 11.299999999999999
vertex 259.6499999999996 -93.19999999998898 11.299999999999999
endloop
endfacet
facet normal 0 0 1
outer loop
vertex 229.47882207939398 -92.90736451699279 11.299999999999999
vertex 229.56418070123362 -92.62597485144661 11.299999999999999
vertex 204.575 -92.62597485144661 11.299999999999999
endloop
endfacet
facet normal 0 0 1
outer loop
vertex 229.47882207939398 -92.90736451699279 11.299999999999999
vertex 204.575 -92.62597485144661 11.299999999999999
vertex 204.575 -92.90736451699279 11.299999999999999
endloop
endfacet
facet normal 0 0 1
outer loop
vertex 235.025 -92.90736451699279 11.299999999999999
vertex 235.025 -92.62597485144661 11.299999999999999
vertex 232.33581929876328 -92.62597485144661 11.299999999999999
endloop
endfacet
facet normal 0 0 1
outer loop
vertex 235.025 -92.90736451699279 11.299999999999999
vertex 232.33581929876328 -92.62597485144661 11.299999999999999
vertex 232.42117792060807 -92.90736451699279 11.299999999999999
endloop
endfacet
facet normal 0 0 1
outer loop
vertex 256.67882207939294 -92.90736451699279 11.299999999999999
vertex 256.76418070123333 -92.62597485144661 11.299999999999999
vertex 254.075 -92.62597485144661 11.299999999999999
endloop
endfacet
facet normal 0 0 1
outer loop
vertex 256.67882207939294 -92.90736451699279 11.299999999999999
vertex 254.075 -92.62597485144661 11.299999999999999
vertex 254.075 -92.90736451699279 11.299999999999999
endloop
endfacet
facet normal 0 0 1
outer loop
vertex 284.525 -92.90736451699279 11.299999999999999
vertex 284.525 -92.62597485144661 11.299999999999999
vertex 259.53581929875935 -92.62597485144661 11.299999999999999
endloop
endfacet
facet normal 0 0 1
outer loop
vertex 284.525 -92.90736451699279 11.299999999999999
vertex 259.53581929875935 -92.62597485144661 11.299999999999999
vertex 259.62117792060667 -92.90736451699279 11.299999999999999
endloop
endfacet
facet normal 0 0 1
outer loop
vertex 229.56418070123362 -92.62597485144661 11.299999999999999
vertex 229.70279558154832 -92.36664465045922 11.299999999999999
vertex 204.575 -92.36664465045922 11.299999999999999
endloop
endfacet
facet normal 0 0 1
outer loop
vertex 229.56418070123362 -92.62597485144661 11.299999999999999
vertex 204.575 -92.36664465045922 11.299999999999999
vertex 204.575 -92.62597485144661 11.299999999999999
endloop
endfacet
facet normal 0 0 1
outer loop
vertex 235.025 -92.62597485144661 11.299999999999999
vertex 235.025 -92.36664465045922 11.299999999999999
vertex 232.19720441844714 -92.36664465045922 11.299999999999999
endloop
endfacet
facet normal 0 0 1
outer loop
vertex 235.025 -92.62597485144661 11.299999999999999
vertex 232.19720441844714 -92.36664465045922 11.299999999999999
vertex 232.33581929876328 -92.62597485144661 11.299999999999999
endloop
endfacet
facet normal 0 0 1
outer loop
vertex 256.76418070123333 -92.62597485144661 11.299999999999999
vertex 256.9027955815502 -92.36664465045922 11.299999999999999
vertex 254.075 -92.36664465045922 11.299999999999999
endloop
endfacet
facet normal 0 0 1
outer loop
vertex 256.76418070123333 -92.62597485144661 11.299999999999999
vertex 254.075 -92.36664465045922 11.299999999999999
vertex 254.075 -92.62597485144661 11.299999999999999
endloop
endfacet
facet normal 0 0 1
outer loop
vertex 284.525 -92.62597485144661 11.299999999999999
vertex 284.525 -92.36664465045922 11.299999999999999
vertex 259.3972044184558 -92.36664465045922 11.299999999999999
endloop
endfacet
facet normal 0 0 1
outer loop
vertex 284.525 -92.62597485144661 11.299999999999999
vertex 259.3972044184558 -92.36664465045922 11.299999999999999
vertex 259.53581929875935 -92.62597485144661 11.299999999999999
endloop
endfacet
facet normal 0 0 1
outer loop
vertex 229.70279558154832 -92.36664465045922 11.299999999999999
vertex 229.88933982822527 -92.13933982826131 11.299999999999999
vertex 204.575 -92.13933982826131 11.299999999999999
endloop
endfacet
facet normal 0 0 1
outer loop
vertex 229.70279558154832 -92.36664465045922 11.299999999999999
vertex 204.575 -92.13933982826131 11.299999999999999
vertex 204.575 -92.36664465045922 11.299999999999999
endloop
endfacet
facet normal 0 0 1
outer loop
vertex 235.025 -92.36664465045922 11.299999999999999
vertex 235.025 -92.13933982826131 11.299999999999999
vertex 232.01066017181626 -92.13933982826131 11.299999999999999
endloop
endfacet
facet normal 0 0 1
outer loop
vertex 235.025 -92.36664465045922 11.299999999999999
vertex 232.01066017181626 -92.13933982826131 11.299999999999999
vertex 232.19720441844714 -92.36664465045922 11.299999999999999
endloop
endfacet
facet normal 0 0 1
outer loop
vertex 256.9027955815502 -92.36664465045922 11.299999999999999
vertex 257.08933982821316 -92.13933982826131 11.299999999999999
vertex 254.075 -92.13933982826131 11.299999999999999
endloop
endfacet
facet normal 0 0 1
outer loop
vertex 256.9027955815502 -92.36664465045922 11.299999999999999
vertex 254.075 -92.13933982826131 11.299999999999999
vertex 254.075 -92.36664465045922 11.299999999999999
endloop
endfacet
facet normal 0 0 1
outer loop
vertex 284.525 -92.36664465045922 11.299999999999999
vertex 284.525 -92.13933982826131 11.299999999999999
vertex 259.21066017181994 -92.13933982826131 11.299999999999999
endloop
endfacet
facet normal 0 0 1
outer loop
vertex 284.525 -92.36664465045922 11.299999999999999
vertex 259.21066017181994 -92.13933982826131 11.299999999999999
vertex 259.3972044184558 -92.36664465045922 11.299999999999999
endloop
endfacet
facet normal 0 0 1
outer loop
vertex 229.88933982822527 -92.13933982826131 11.299999999999999
vertex 230.11664465045848 -91.95279558153251 11.299999999999999
vertex 204.575 -91.95279558153251 11.299999999999999
endloop
endfacet
facet normal 0 0 1
outer loop
vertex 229.88933982822527 -92.13933982826131 11.299999999999999
vertex 204.575 -91.95279558153251 11.299999999999999
vertex 204.575 -92.13933982826131 11.299999999999999
endloop
endfacet
facet normal 0 0 1
outer loop
vertex 235.025 -92.13933982826131 11.299999999999999
vertex 235.025 -91.95279558153251 11.299999999999999
vertex 231.78335534949906 -91.95279558153251 11.299999999999999
endloop
endfacet
facet normal 0 0 1
outer loop
vertex 235.025 -92.13933982826131 11.299999999999999
vertex 231.78335534949906 -91.95279558153251 11.299999999999999
vertex 232.01066017181626 -92.13933982826131 11.299999999999999
endloop
endfacet
facet normal 0 0 1
outer loop
vertex 257.08933982821316 -92.13933982826131 11.299999999999999
vertex 257.31664465046975 -91.95279558153251 11.299999999999999
vertex 254.075 -91.95279558153251 11.299999999999999
endloop
endfacet
facet normal 0 0 1
outer loop
vertex 257.08933982821316 -92.13933982826131 11.299999999999999
vertex 254.075 -91.95279558153251 11.299999999999999
vertex 254.075 -92.13933982826131 11.299999999999999
endloop
endfacet
facet normal 0 0 1
outer loop
vertex 284.525 -92.13933982826131 11.299999999999999
vertex 284.525 -91.95279558153251 11.299999999999999
vertex 258.98335534944596 -91.95279558153251 11.299999999999999
endloop
endfacet
facet normal 0 0 1
outer loop
vertex 284.525 -92.13933982826131 11.299999999999999
vertex 258.98335534944596 -91.95279558153251 11.299999999999999
vertex 259.21066017181994 -92.13933982826131 11.299999999999999
endloop
endfacet
facet normal 0 0 1
outer loop
vertex 230.11664465045848 -91.95279558153251 11.299999999999999
vertex 230.37597485145682 -91.8141807012313 11.299999999999999
vertex 204.575 -91.8141807012313 11.299999999999999
endloop
endfacet
facet normal 0 0 1
outer loop
vertex 230.11664465045848 -91.95279558153251 11.299999999999999
vertex 204.575 -91.8141807012313 11.299999999999999
vertex 204.575 -91.95279558153251 11.299999999999999
endloop
endfacet
facet normal 0 0 1
outer loop
vertex 235.025 -91.95279558153251 11.299999999999999
vertex 235.025 -91.8141807012313 11.299999999999999
vertex 231.52402514853955 -91.8141807012313 11.299999999999999
endloop
endfacet
facet normal 0 0 1
outer loop
vertex 235.025 -91.95279558153251 11.299999999999999
vertex 231.52402514853955 -91.8141807012313 11.299999999999999
vertex 231.78335534949906 -91.95279558153251 11.299999999999999
endloop
endfacet
facet normal 0 0 1
outer loop
vertex 257.31664465046975 -91.95279558153251 11.299999999999999
vertex 257.5759748514706 -91.8141807012313 11.299999999999999
vertex 254.075 -91.8141807012313 11.299999999999999
endloop
endfacet
facet normal 0 0 1
outer loop
vertex 257.31664465046975 -91.95279558153251 11.299999999999999
vertex 254.075 -91.8141807012313 11.299999999999999
vertex 254.075 -91.95279558153251 11.299999999999999
endloop
endfacet
facet normal 0 0 1
outer loop
vertex 284.525 -91.95279558153251 11.299999999999999
vertex 284.525 -91.8141807012313 11.299999999999999
vertex 258.7240251485973 -91.8141807012313 11.299999999999999
endloop
endfacet
facet normal 0 0 1
outer loop
vertex 284.525 -91.95279558153251 11.299999999999999
vertex 258.7240251485973 -91.8141807012313 11.299999999999999
vertex 258.98335534944596 -91.95279558153251 11.299999999999999
endloop
endfacet
facet normal 0 0 1
outer loop
vertex 230.37597485145682 -91.8141807012313 11.299999999999999
vertex 230.6573645169667 -91.72882207939261 11.299999999999999
vertex 204.575 -91.72882207939261 11.299999999999999
endloop
endfacet
facet normal 0 0 1
outer loop
vertex 230.37597485145682 -91.8141807012313 11.299999999999999
vertex 204.575 -91.72882207939261 11.299999999999999
vertex 204.575 -91.8141807012313 11.299999999999999
endloop
endfacet
facet normal 0 0 1
outer loop
vertex 235.025 -91.8141807012313 11.299999999999999
vertex 235.025 -91.72882207939261 11.299999999999999
vertex 231.24263548301357 -91.72882207939261 11.299999999999999
endloop
endfacet
facet normal 0 0 1
outer loop
vertex 235.025 -91.8141807012313 11.299999999999999
vertex 231.24263548301357 -91.72882207939261 11.299999999999999
vertex 231.52402514853955 -91.8141807012313 11.299999999999999
endloop
endfacet
facet normal 0 0 1
outer loop
vertex 257.5759748514706 -91.8141807012313 11.299999999999999
vertex 257.85736451695084 -91.72882207939261 11.299999999999999
vertex 254.075 -91.72882207939261 11.299999999999999
endloop
endfacet
facet normal 0 0 1
outer loop
vertex 257.5759748514706 -91.8141807012313 11.299999999999999
vertex 254.075 -91.72882207939261 11.299999999999999
vertex 254.075 -91.8141807012313 11.299999999999999
endloop
endfacet
facet normal 0 0 1
outer loop
vertex 284.525 -91.8141807012313 11.299999999999999
vertex 284.525 -91.72882207939261 11.299999999999999
vertex 258.4426354830032 -91.72882207939261 11.299999999999999
endloop
endfacet
facet normal 0 0 1
outer loop
vertex 284.525 -91.8141807012313 11.299999999999999
vertex 258.4426354830032 -91.72882207939261 11.299999999999999
vertex 258.7240251485973 -91.8141807012313 11.299999999999999
endloop
endfacet
facet normal 0 0 1
outer loop
vertex 230.6573645169667 -91.72882207939261 11.299999999999999
vertex 230.9500000000145 -91.69999999999993 11.299999999999999
vertex 204.57676969312587 -91.69999999999993 11.299999999999999
endloop
endfacet
facet normal 0 0 1
outer loop
vertex 230.6573645169667 -91.72882207939261 11.299999999999999
vertex 204.57676969312587 -91.69999999999993 11.299999999999999
vertex 204.575 -91.72500000000002 11.299999999999999
endloop
endfacet
facet normal 0 0 1
outer loop
vertex 230.6573645169667 -91.72882207939261 11.299999999999999
vertex 204.575 -91.72500000000002 11.299999999999999
vertex 204.575 -91.72882207939261 11.299999999999999
endloop
endfacet
facet normal 0 0 1
outer loop
vertex 235.025 -91.72882207939261 11.299999999999999
vertex 235.025 -91.72500000000002 11.299999999999999
vertex 235.02323030687413 -91.69999999999993 11.299999999999999
endloop
endfacet
facet normal 0 0 1
outer loop
vertex 235.025 -91.72882207939261 11.299999999999999
vertex 235.02323030687413 -91.69999999999993 11.299999999999999
vertex 230.9500000000145 -91.69999999999993 11.299999999999999
endloop
endfacet
facet normal 0 0 1
outer loop
vertex 235.025 -91.72882207939261 11.299999999999999
vertex 230.9500000000145 -91.69999999999993 11.299999999999999
vertex 231.24263548301357 -91.72882207939261 11.299999999999999
endloop
endfacet
facet normal 0 0 1
outer loop
vertex 257.85736451695084 -91.72882207939261 11.299999999999999
vertex 258.1500000000197 -91.69999999999993 11.299999999999999
vertex 254.07676969312584 -91.69999999999993 11.299999999999999
endloop
endfacet
facet normal 0 0 1
outer loop
vertex 257.85736451695084 -91.72882207939261 11.299999999999999
vertex 254.07676969312584 -91.69999999999993 11.299999999999999
vertex 254.075 -91.72500000000002 11.299999999999999
endloop
endfacet
facet normal 0 0 1
outer loop
vertex 257.85736451695084 -91.72882207939261 11.299999999999999
vertex 254.075 -91.72500000000002 11.299999999999999
vertex 254.075 -91.72882207939261 11.299999999999999
endloop
endfacet
facet normal 0 0 1
outer loop
vertex 284.525 -91.72882207939261 11.299999999999999
vertex 284.525 -91.72500000000002 11.299999999999999
vertex 284.5232303068741 -91.69999999999993 11.299999999999999
endloop
endfacet
facet normal 0 0 1
outer loop
vertex 284.525 -91.72882207939261 11.299999999999999
vertex 284.5232303068741 -91.69999999999993 11.299999999999999
vertex 258.1500000000197 -91.69999999999993 11.299999999999999
endloop
endfacet
facet normal 0 0 1
outer loop
vertex 284.525 -91.72882207939261 11.299999999999999
vertex 258.1500000000197 -91.69999999999993 11.299999999999999
vertex 258.4426354830032 -91.72882207939261 11.299999999999999
endloop
endfacet
facet normal 0 0 1
outer loop
vertex 230.9500000000145 -91.69999999999993 11.299999999999999
vertex 235.02323030687413 -91.69999999999993 11.299999999999999
vertex 235.00505578798814 -91.44325324232219 11.299999999999999
endloop
endfacet
facet normal 0 0 1
outer loop
vertex 230.9500000000145 -91.69999999999993 11.299999999999999
vertex 235.00505578798814 -91.44325324232219 11.299999999999999
vertex 234.94561985480675 -91.16712577736904 11.299999999999999
endloop
endfacet
facet normal 0 0 1
outer loop
vertex 230.9500000000145 -91.69999999999993 11.299999999999999
vertex 234.94561985480675 -91.16712577736904 11.299999999999999
vertex 234.84787763538884 -90.90212489888363 11.299999999999999
endloop
endfacet
facet normal 0 0 1
outer loop
vertex 230.9500000000145 -91.69999999999993 11.299999999999999
vertex 234.84787763538884 -90.90212489888363 11.299999999999999
vertex 234.71377857403783 -90.65353598360483 11.299999999999999
endloop
endfacet
facet normal 0 0 1
outer loop
vertex 230.9500000000145 -91.69999999999993 11.299999999999999
vertex 234.71377857403783 -90.65353598360483 11.299999999999999
vertex 234.54599724324376 -90.4263170757394 11.299999999999999
endloop
endfacet
facet normal 0 0 1
outer loop
vertex 230.9500000000145 -91.69999999999993 11.299999999999999
vertex 234.54599724324376 -90.4263170757394 11.299999999999999
vertex 234.34788 -90.22499999999995 11.299999999999999
endloop
endfacet
facet normal 0 0 1
outer loop
vertex 230.9500000000145 -91.69999999999993 11.299999999999999
vertex 234.34788 -90.22499999999995 11.299999999999999
vertex 205.25212000000002 -90.22499999999995 11.299999999999999
endloop
endfacet
facet normal 0 0 1
outer loop
vertex 230.9500000000145 -91.69999999999993 11.299999999999999
vertex 205.25212000000002 -90.22499999999995 11.299999999999999
vertex 205.0540027567563 -90.4263170757394 11.299999999999999
endloop
endfacet
facet normal 0 0 1
outer loop
vertex 230.9500000000145 -91.69999999999993 11.299999999999999
vertex 205.0540027567563 -90.4263170757394 11.299999999999999
vertex 204.88622142596208 -90.65353598360483 11.299999999999999
endloop
endfacet
facet normal 0 0 1
outer loop
vertex 230.9500000000145 -91.69999999999993 11.299999999999999
vertex 204.88622142596208 -90.65353598360483 11.299999999999999
vertex 204.75212236461104 -90.90212489888363 11.299999999999999
endloop
endfacet
facet normal 0 0 1
outer loop
vertex 230.9500000000145 -91.69999999999993 11.299999999999999
vertex 204.75212236461104 -90.90212489888363 11.299999999999999
vertex 204.6543801451932 -91.16712577736904 11.299999999999999
endloop
endfacet
facet normal 0 0 1
outer loop
vertex 230.9500000000145 -91.69999999999993 11.299999999999999
vertex 204.6543801451932 -91.16712577736904 11.299999999999999
vertex 204.59494421201185 -91.44325324232219 11.299999999999999
endloop
endfacet
facet normal 0 0 1
outer loop
vertex 230.9500000000145 -91.69999999999993 11.299999999999999
vertex 204.59494421201185 -91.44325324232219 11.299999999999999
vertex 204.57676969312587 -91.69999999999993 11.299999999999999
endloop
endfacet
facet normal 0 0 1
outer loop
vertex 258.1500000000197 -91.69999999999993 11.299999999999999
vertex 284.5232303068741 -91.69999999999993 11.299999999999999
vertex 284.5050557879881 -91.44325324232219 11.299999999999999
endloop
endfacet
facet normal 0 0 1
outer loop
vertex 258.1500000000197 -91.69999999999993 11.299999999999999
vertex 284.5050557879881 -91.44325324232219 11.299999999999999
vertex 284.44561985480675 -91.16712577736904 11.299999999999999
endloop
endfacet
facet normal 0 0 1
outer loop
vertex 258.1500000000197 -91.69999999999993 11.299999999999999
vertex 284.44561985480675 -91.16712577736904 11.299999999999999
vertex 284.3478776353889 -90.90212489888363 11.299999999999999
endloop
endfacet
facet normal 0 0 1
outer loop
vertex 258.1500000000197 -91.69999999999993 11.299999999999999
vertex 284.3478776353889 -90.90212489888363 11.299999999999999
vertex 284.2137785740377 -90.65353598360483 11.299999999999999
endloop
endfacet
facet normal 0 0 1
outer loop
vertex 258.1500000000197 -91.69999999999993 11.299999999999999
vertex 284.2137785740377 -90.65353598360483 11.299999999999999
vertex 284.0459972432438 -90.4263170757394 11.299999999999999
endloop
endfacet
facet normal 0 0 1
outer loop
vertex 258.1500000000197 -91.69999999999993 11.299999999999999
vertex 284.0459972432438 -90.4263170757394 11.299999999999999
vertex 283.8478799999999 -90.22499999999995 11.299999999999999
endloop
endfacet
facet normal 0 0 1
outer loop
vertex 258.1500000000197 -91.69999999999993 11.299999999999999
vertex 283.8478799999999 -90.22499999999995 11.299999999999999
vertex 254.75211999999996 -90.22499999999995 11.299999999999999
endloop
endfacet
facet normal 0 0 1
outer loop
vertex 258.1500000000197 -91.69999999999993 11.299999999999999
vertex 254.75211999999996 -90.22499999999995 11.299999999999999
vertex 254.5540027567567 -90.4263170757394 11.299999999999999
endloop
endfacet
facet normal 0 0 1
outer loop
vertex 258.1500000000197 -91.69999999999993 11.299999999999999
vertex 254.5540027567567 -90.4263170757394 11.299999999999999
vertex 254.3862214259622 -90.65353598360483 11.299999999999999
endloop
endfacet
facet normal 0 0 1
outer loop
vertex 258.1500000000197 -91.69999999999993 11.299999999999999
vertex 254.3862214259622 -90.65353598360483 11.299999999999999
vertex 254.25212236461076 -90.90212489888363 11.299999999999999
endloop
endfacet
facet normal 0 0 1
outer loop
vertex 258.1500000000197 -91.69999999999993 11.299999999999999
vertex 254.25212236461076 -90.90212489888363 11.299999999999999
vertex 254.15438014519333 -91.16712577736904 11.299999999999999
endloop
endfacet
facet normal 0 0 1
outer loop
vertex 258.1500000000197 -91.69999999999993 11.299999999999999
vertex 254.15438014519333 -91.16712577736904 11.299999999999999
vertex 254.0949442120118 -91.44325324232219 11.299999999999999
endloop
endfacet
facet normal 0 0 1
outer loop
vertex 258.1500000000197 -91.69999999999993 11.299999999999999
vertex 254.0949442120118 -91.44325324232219 11.299999999999999
vertex 254.07676969312584 -91.69999999999993 11.299999999999999
endloop
endfacet
facet normal 0 0 1
outer loop
vertex 234.34788 -90.22499999999995 11.299999999999999
vertex 234.58209326710204 -89.98017351690733 11.299999999999999
vertex 234.7716231039362 -89.69932424417968 11.299999999999999
endloop
endfacet
facet normal 0 0 1
outer loop
vertex 234.34788 -90.22499999999995 11.299999999999999
vertex 234.7716231039362 -89.69932424417968 11.299999999999999
vertex 234.9110257864362 -89.39051238372983 11.299999999999999
endloop
endfacet
facet normal 0 0 1
outer loop
vertex 234.34788 -90.22499999999995 11.299999999999999
vertex 234.9110257864362 -89.39051238372983 11.299999999999999
vertex 234.9963005317394 -89.06260067174696 11.299999999999999
endloop
endfacet
facet normal 0 0 1
outer loop
vertex 234.34788 -90.22499999999995 11.299999999999999
vertex 234.9963005317394 -89.06260067174696 11.299999999999999
vertex 235.025 -88.72499999999998 11.299999999999999
endloop
endfacet
facet normal 0 0 1
outer loop
vertex 234.34788 -90.22499999999995 11.299999999999999
vertex 235.025 -88.72499999999998 11.299999999999999
vertex 235.025 -45.57499999999977 11.299999999999999
endloop
endfacet
facet normal 0 0 1
outer loop
vertex 234.34788 -90.22499999999995 11.299999999999999
vertex 235.025 -45.57499999999977 11.299999999999999
vertex 234.9946155060244 -45.22770364466618 11.299999999999999
endloop
endfacet
facet normal 0 0 1
outer loop
vertex 234.34788 -90.22499999999995 11.299999999999999
vertex 234.9946155060244 -45.22770364466618 11.299999999999999
vertex 234.9043852415719 -44.89095971334877 11.299999999999999
endloop
endfacet
facet normal 0 0 1
outer loop
vertex 234.34788 -90.22499999999995 11.299999999999999
vertex 234.9043852415719 -44.89095971334877 11.299999999999999
vertex 234.7570508075688 -44.57500000000006 11.299999999999999
endloop
endfacet
facet normal 0 0 1
outer loop
vertex 234.34788 -90.22499999999995 11.299999999999999
vertex 234.7570508075688 -44.57500000000006 11.299999999999999
vertex 234.55708888623798 -44.289424780627016 11.299999999999999
endloop
endfacet
facet normal 0 0 1
outer loop
vertex 234.34788 -90.22499999999995 11.299999999999999
vertex 234.55708888623798 -44.289424780627016 11.299999999999999
vertex 234.31057521937294 -44.042911113761974 11.299999999999999
endloop
endfacet
facet normal 0 0 1
outer loop
vertex 234.34788 -90.22499999999995 11.299999999999999
vertex 234.31057521937294 -44.042911113761974 11.299999999999999
vertex 234.0250000000001 -43.84294919243112 11.299999999999999
endloop
endfacet
facet normal 0 0 1
outer loop
vertex 234.34788 -90.22499999999995 11.299999999999999
vertex 234.0250000000001 -43.84294919243112 11.299999999999999
vertex 233.70904028665134 -43.69561475842818 11.299999999999999
endloop
endfacet
facet normal 0 0 1
outer loop
vertex 234.34788 -90.22499999999995 11.299999999999999
vertex 233.70904028665134 -43.69561475842818 11.299999999999999
vertex 233.3722963553339 -43.60538449397559 11.299999999999999
endloop
endfacet
facet normal 0 0 1
outer loop
vertex 234.34788 -90.22499999999995 11.299999999999999
vertex 233.3722963553339 -43.60538449397559 11.299999999999999
vertex 233.02499999999995 -43.575 11.299999999999999
endloop
endfacet
facet normal 0 0 1
outer loop
vertex 234.34788 -90.22499999999995 11.299999999999999
vertex 233.02499999999995 -43.575 11.299999999999999
vertex 206.57499999999996 -43.575 11.299999999999999
endloop
endfacet
facet normal 0 0 1
outer loop
vertex 234.34788 -90.22499999999995 11.299999999999999
vertex 206.57499999999996 -43.575 11.299999999999999
vertex 206.22770364466615 -43.60538449397559 11.299999999999999
endloop
endfacet
facet normal 0 0 1
outer loop
vertex 234.34788 -90.22499999999995 11.299999999999999
vertex 206.22770364466615 -43.60538449397559 11.299999999999999
vertex 205.89095971334868 -43.69561475842818 11.299999999999999
endloop
endfacet
facet normal 0 0 1
outer loop
vertex 234.34788 -90.22499999999995 11.299999999999999
vertex 205.89095971334868 -43.69561475842818 11.299999999999999
vertex 205.57500000000002 -43.84294919243112 11.299999999999999
endloop
endfacet
facet normal 0 0 1
outer loop
vertex 234.34788 -90.22499999999995 11.299999999999999
vertex 205.57500000000002 -43.84294919243112 11.299999999999999
vertex 205.28942478062686 -44.042911113761974 11.299999999999999
endloop
endfacet
facet normal 0 0 1
outer loop
vertex 234.34788 -90.22499999999995 11.299999999999999
vertex 205.28942478062686 -44.042911113761974 11.299999999999999
vertex 205.04291111376202 -44.289424780627016 11.299999999999999
endloop
endfacet
facet normal 0 0 1
outer loop
vertex 234.34788 -90.22499999999995 11.299999999999999
vertex 205.04291111376202 -44.289424780627016 11.299999999999999
vertex 204.84294919243115 -44.57500000000006 11.299999999999999
endloop
endfacet
facet normal 0 0 1
outer loop
vertex 234.34788 -90.22499999999995 11.299999999999999
vertex 204.84294919243115 -44.57500000000006 11.299999999999999
vertex 204.69561475842815 -44.89095971334877 11.299999999999999
endloop
endfacet
facet normal 0 0 1
outer loop
vertex 234.34788 -90.22499999999995 11.299999999999999
vertex 204.69561475842815 -44.89095971334877 11.299999999999999
vertex 204.60538449397555 -45.22770364466618 11.299999999999999
endloop
endfacet
facet normal 0 0 1
outer loop
vertex 234.34788 -90.22499999999995 11.299999999999999
vertex 204.60538449397555 -45.22770364466618 11.299999999999999
vertex 204.575 -45.57499999999977 11.299999999999999
endloop
endfacet
facet normal 0 0 1
outer loop
vertex 234.34788 -90.22499999999995 11.299999999999999
vertex 204.575 -45.57499999999977 11.299999999999999
vertex 204.575 -88.72499999999998 11.299999999999999
endloop
endfacet
facet normal 0 0 1
outer loop
vertex 234.34788 -90.22499999999995 11.299999999999999
vertex 204.575 -88.72499999999998 11.299999999999999
vertex 204.5949442120118 -89.00674675767749 11.299999999999999
endloop
endfacet
facet normal 0 0 1
outer loop
vertex 234.34788 -90.22499999999995 11.299999999999999
vertex 204.5949442120118 -89.00674675767749 11.299999999999999
vertex 204.65438014519324 -89.28287422263112 11.299999999999999
endloop
endfacet
facet normal 0 0 1
outer loop
vertex 234.34788 -90.22499999999995 11.299999999999999
vertex 204.65438014519324 -89.28287422263112 11.299999999999999
vertex 204.7521223646111 -89.54787510111646 11.299999999999999
endloop
endfacet
facet normal 0 0 1
outer loop
vertex 234.34788 -90.22499999999995 11.299999999999999
vertex 204.7521223646111 -89.54787510111646 11.299999999999999
vertex 204.88622142596216 -89.79646401639502 11.299999999999999
endloop
endfacet
facet normal 0 0 1
outer loop
vertex 234.34788 -90.22499999999995 11.299999999999999
vertex 204.88622142596216 -89.79646401639502 11.299999999999999
vertex 205.0540027567563 -90.02368292426078 11.299999999999999
endloop
endfacet
facet normal 0 0 1
outer loop
vertex 234.34788 -90.22499999999995 11.299999999999999
vertex 205.0540027567563 -90.02368292426078 11.299999999999999
vertex 205.25212000000002 -90.22499999999995 11.299999999999999
endloop
endfacet
facet normal 0 0 1
outer loop
vertex 283.8478799999999 -90.22499999999995 11.299999999999999
vertex 284.0820932671018 -89.98017351690733 11.299999999999999
vertex 284.2716231039365 -89.69932424417968 11.299999999999999
endloop
endfacet
facet normal 0 0 1
outer loop
vertex 283.8478799999999 -90.22499999999995 11.299999999999999
vertex 284.2716231039365 -89.69932424417968 11.299999999999999
vertex 284.411025786436 -89.39051238372983 11.299999999999999
endloop
endfacet
facet normal 0 0 1
outer loop
vertex 283.8478799999999 -90.22499999999995 11.299999999999999
vertex 284.411025786436 -89.39051238372983 11.299999999999999
vertex 284.49630053173934 -89.06260067174696 11.299999999999999
endloop
endfacet
facet normal 0 0 1
outer loop
vertex 283.8478799999999 -90.22499999999995 11.299999999999999
vertex 284.49630053173934 -89.06260067174696 11.299999999999999
vertex 284.525 -88.72499999999998 11.299999999999999
endloop
endfacet
facet normal 0 0 1
outer loop
vertex 283.8478799999999 -90.22499999999995 11.299999999999999
vertex 284.525 -88.72499999999998 11.299999999999999
vertex 284.525 -45.57499999999977 11.299999999999999
endloop
endfacet
facet normal 0 0 1
outer loop
vertex 283.8478799999999 -90.22499999999995 11.299999999999999
vertex 284.525 -45.57499999999977 11.299999999999999
vertex 284.49461550602433 -45.22770364466618 11.299999999999999
endloop
endfacet
facet normal 0 0 1
outer loop
vertex 283.8478799999999 -90.22499999999995 11.299999999999999
vertex 284.49461550602433 -45.22770364466618 11.299999999999999
vertex 284.40438524157184 -44.89095971334877 11.299999999999999
endloop
endfacet
facet normal 0 0 1
outer loop
vertex 283.8478799999999 -90.22499999999995 11.299999999999999
vertex 284.40438524157184 -44.89095971334877 11.299999999999999
vertex 284.257050807569 -44.57500000000006 11.299999999999999
endloop
endfacet
facet normal 0 0 1
outer loop
vertex 283.8478799999999 -90.22499999999995 11.299999999999999
vertex 284.257050807569 -44.57500000000006 11.299999999999999
vertex 284.05708888623786 -44.289424780627016 11.299999999999999
endloop
endfacet
facet normal 0 0 1
outer loop
vertex 283.8478799999999 -90.22499999999995 11.299999999999999
vertex 284.05708888623786 -44.289424780627016 11.299999999999999
vertex 283.81057521937305 -44.042911113761974 11.299999999999999
endloop
endfacet
facet normal 0 0 1
outer loop
vertex 283.8478799999999 -90.22499999999995 11.299999999999999
vertex 283.81057521937305 -44.042911113761974 11.299999999999999
vertex 283.525 -43.84294919243112 11.299999999999999
endloop
endfacet
facet normal 0 0 1
outer loop
vertex 283.8478799999999 -90.22499999999995 11.299999999999999
vertex 283.525 -43.84294919243112 11.299999999999999
vertex 283.2090402866513 -43.69561475842818 11.299999999999999
endloop
endfacet
facet normal 0 0 1
outer loop
vertex 283.8478799999999 -90.22499999999995 11.299999999999999
vertex 283.2090402866513 -43.69561475842818 11.299999999999999
vertex 282.8722963553339 -43.60538449397559 11.299999999999999
endloop
endfacet
facet normal 0 0 1
outer loop
vertex 283.8478799999999 -90.22499999999995 11.299999999999999
vertex 282.8722963553339 -43.60538449397559 11.299999999999999
vertex 282.525 -43.575 11.299999999999999
endloop
endfacet
facet normal 0 0 1
outer loop
vertex 283.8478799999999 -90.22499999999995 11.299999999999999
vertex 282.525 -43.575 11.299999999999999
vertex 256.07499999999993 -43.575 11.299999999999999
endloop
endfacet
facet normal 0 0 1
outer loop
vertex 283.8478799999999 -90.22499999999995 11.299999999999999
vertex 256.07499999999993 -43.575 11.299999999999999
vertex 255.72770364466604 -43.60538449397559 11.299999999999999
endloop
endfacet
facet normal 0 0 1
outer loop
vertex 283.8478799999999 -90.22499999999995 11.299999999999999
vertex 255.72770364466604 -43.60538449397559 11.299999999999999
vertex 255.39095971334868 -43.69561475842818 11.299999999999999
endloop
endfacet
facet normal 0 0 1
outer loop
vertex 283.8478799999999 -90.22499999999995 11.299999999999999
vertex 255.39095971334868 -43.69561475842818 11.299999999999999
vertex 255.07500000000002 -43.84294919243112 11.299999999999999
endloop
endfacet
facet normal 0 0 1
outer loop
vertex 283.8478799999999 -90.22499999999995 11.299999999999999
vertex 255.07500000000002 -43.84294919243112 11.299999999999999
vertex 254.78942478062703 -44.042911113761974 11.299999999999999
endloop
endfacet
facet normal 0 0 1
outer loop
vertex 283.8478799999999 -90.22499999999995 11.299999999999999
vertex 254.78942478062703 -44.042911113761974 11.299999999999999
vertex 254.542911113762 -44.289424780627016 11.299999999999999
endloop
endfacet
facet normal 0 0 1
outer loop
vertex 283.8478799999999 -90.22499999999995 11.299999999999999
vertex 254.542911113762 -44.289424780627016 11.299999999999999
vertex 254.3429491924311 -44.57500000000006 11.299999999999999
endloop
endfacet
facet normal 0 0 1
outer loop
vertex 283.8478799999999 -90.22499999999995 11.299999999999999
vertex 254.3429491924311 -44.57500000000006 11.299999999999999
vertex 254.19561475842812 -44.89095971334877 11.299999999999999
endloop
endfacet
facet normal 0 0 1
outer loop
vertex 283.8478799999999 -90.22499999999995 11.299999999999999
vertex 254.19561475842812 -44.89095971334877 11.299999999999999
vertex 254.10538449397555 -45.22770364466618 11.299999999999999
endloop
endfacet
facet normal 0 0 1
outer loop
vertex 283.8478799999999 -90.22499999999995 11.299999999999999
vertex 254.10538449397555 -45.22770364466618 11.299999999999999
vertex 254.075 -45.57499999999977 11.299999999999999
endloop
endfacet
facet normal 0 0 1
outer loop
vertex 283.8478799999999 -90.22499999999995 11.299999999999999
vertex 254.075 -45.57499999999977 11.299999999999999
vertex 254.075 -88.72499999999998 11.299999999999999
endloop
endfacet
facet normal 0 0 1
outer loop
vertex 283.8478799999999 -90.22499999999995 11.299999999999999
vertex 254.075 -88.72499999999998 11.299999999999999
vertex 254.09494421201182 -89.00674675767749 11.299999999999999
endloop
endfacet
facet normal 0 0 1
outer loop
vertex 283.8478799999999 -90.22499999999995 11.299999999999999
vertex 254.09494421201182 -89.00674675767749 11.299999999999999
vertex 254.1543801451932 -89.28287422263112 11.299999999999999
endloop
endfacet
facet normal 0 0 1
outer loop
vertex 283.8478799999999 -90.22499999999995 11.299999999999999
vertex 254.1543801451932 -89.28287422263112 11.299999999999999
vertex 254.25212236461095 -89.54787510111646 11.299999999999999
endloop
endfacet
facet normal 0 0 1
outer loop
vertex 283.8478799999999 -90.22499999999995 11.299999999999999
vertex 254.25212236461095 -89.54787510111646 11.299999999999999
vertex 254.38622142596216 -89.79646401639502 11.299999999999999
endloop
endfacet
facet normal 0 0 1
outer loop
vertex 283.8478799999999 -90.22499999999995 11.299999999999999
vertex 254.38622142596216 -89.79646401639502 11.299999999999999
vertex 254.5540027567561 -90.02368292426078 11.299999999999999
endloop
endfacet
facet normal 0 0 1
outer loop
vertex 283.8478799999999 -90.22499999999995 11.299999999999999
vertex 254.5540027567561 -90.02368292426078 11.299999999999999
vertex 254.75211999999996 -90.22499999999995 11.299999999999999
endloop
endfacet
facet normal 0.722595543137885 -0.6912710619122322 0
outer loop
vertex 234.58209326710204 -89.98017351690733 11.299999999999999
vertex 234.34788 -90.22499999999995 11.299999999999999
vertex 234.34788000000006 -90.22499999999998 9.7
endloop
endfacet
facet normal 0.722595543137885 -0.6912710619122322 0
outer loop
vertex 234.58209326710204 -89.98017351690733 11.299999999999999
vertex 234.34788000000006 -90.22499999999998 9.7
vertex 234.58209326710184 -89.98017351690758 9.7
endloop
endfacet
facet normal 0.8289080985797087 -0.5593848086147604 0
outer loop
vertex 234.7716231039362 -89.69932424417968 11.299999999999999
vertex 234.58209326710204 -89.98017351690733 11.299999999999999
vertex 234.58209326710184 -89.98017351690758 9.7
endloop
endfacet
facet normal 0.8289080985797087 -0.5593848086147604 0
outer loop
vertex 234.7716231039362 -89.69932424417968 11.299999999999999
vertex 234.58209326710184 -89.98017351690758 9.7
vertex 234.77162310393624 -89.69932424417962 9.7
endloop
endfacet
facet normal 0.9114378313233326 -0.411437819886092 0
outer loop
vertex 234.9110257864362 -89.39051238372983 11.299999999999999
vertex 234.7716231039362 -89.69932424417968 11.299999999999999
vertex 234.77162310393624 -89.69932424417962 9.7
endloop
endfacet
facet normal 0.9114378313233326 -0.411437819886092 0
outer loop
vertex 234.9110257864362 -89.39051238372983 11.299999999999999
vertex 234.77162310393624 -89.69932424417962 9.7
vertex 234.91102578643614 -89.39051238373001 9.7
endloop
endfacet
facet normal 0.9678097829553516 -0.25168278450445375 0
outer loop
vertex 234.9963005317394 -89.06260067174696 11.299999999999999
vertex 234.9110257864362 -89.39051238372983 11.299999999999999
vertex 234.91102578643614 -89.39051238373001 9.7
endloop
endfacet
facet normal 0.9678097829553516 -0.25168278450445375 0
outer loop
vertex 234.9963005317394 -89.06260067174696 11.299999999999999
vertex 234.91102578643614 -89.39051238373001 9.7
vertex 234.99630053173942 -89.06260067174685 9.7
endloop
endfacet
facet normal 0.9964061084391524 -0.08470458703720846 0
outer loop
vertex 235.025 -88.72499999999998 11.299999999999999
vertex 234.9963005317394 -89.06260067174696 11.299999999999999
vertex 234.99630053173942 -89.06260067174685 9.7
endloop
endfacet
facet normal 0.9964061084391524 -0.08470458703720846 0
outer loop
vertex 235.025 -88.72499999999998 11.299999999999999
vertex 234.99630053173942 -89.06260067174685 9.7
vertex 235.025 -88.72500000000018 9.7
endloop
endfacet
facet normal 1 0 0
outer loop
vertex 235.025 -94.69999999999958 9.7
vertex 235.025 -94.6711779206023 9.7
vertex 235.025 -94.58581929876938 9.7
endloop
endfacet
facet normal 1 0 0
outer loop
vertex 235.025 -94.69999999999958 9.7
vertex 235.025 -94.58581929876938 9.7
vertex 235.025 -94.4472044184336 9.7
endloop
endfacet
facet normal 1 0 0
outer loop
vertex 235.025 -94.69999999999958 9.7
vertex 235.025 -94.4472044184336 9.7
vertex 235.025 -94.2606601718281 9.7
endloop
endfacet
facet normal 1 0 0
outer loop
vertex 235.025 -94.69999999999958 9.7
vertex 235.025 -94.2606601718281 9.7
vertex 235.025 -94.03335534946285 9.7
endloop
endfacet
facet normal 1 0 0
outer loop
vertex 235.025 -94.69999999999958 9.7
vertex 235.025 -94.03335534946285 9.7
vertex 235.025 -93.7740251485873 9.7
endloop
endfacet
facet normal 1 0 0
outer loop
vertex 235.025 -94.69999999999958 9.7
vertex 235.025 -93.7740251485873 9.7
vertex 235.025 -93.4926354830022 9.7
endloop
endfacet
facet normal 1 0 0
outer loop
vertex 235.025 -94.69999999999958 9.7
vertex 235.025 -93.4926354830022 9.7
vertex 235.025 -93.19999999998882 9.7
endloop
endfacet
facet normal 1 0 0
outer loop
vertex 235.025 -94.69999999999958 9.7
vertex 235.025 -93.19999999998882 9.7
vertex 235.025 -92.9073645169928 9.7
endloop
endfacet
facet normal 1 0 0
outer loop
vertex 235.025 -94.69999999999958 9.7
vertex 235.025 -92.9073645169928 9.7
vertex 235.025 -92.62597485144661 9.7
endloop
endfacet
facet normal 1 0 0
outer loop
vertex 235.025 -94.69999999999958 9.7
vertex 235.025 -92.62597485144661 9.7
vertex 235.025 -92.36664465045922 9.7
endloop
endfacet
facet normal 1 0 0
outer loop
vertex 235.025 -94.69999999999958 9.7
vertex 235.025 -92.36664465045922 9.7
vertex 235.025 -92.1393398282614 9.7
endloop
endfacet
facet normal 1 0 0
outer loop
vertex 235.025 -94.69999999999958 9.7
vertex 235.025 -92.1393398282614 9.7
vertex 235.025 -91.95279558153247 9.7
endloop
endfacet
facet normal 1 0 0
outer loop
vertex 235.025 -94.69999999999958 9.7
vertex 235.025 -91.95279558153247 9.7
vertex 235.025 -91.81418070123127 9.7
endloop
endfacet
facet normal 1 0 0
outer loop
vertex 235.025 -94.69999999999958 9.7
vertex 235.025 -91.81418070123127 9.7
vertex 235.025 -91.7288220793926 9.7
endloop
endfacet
facet normal 1 0 0
outer loop
vertex 235.025 -94.69999999999958 9.7
vertex 235.025 -91.7288220793926 9.7
vertex 235.025 -91.72500000000012 9.7
endloop
endfacet
facet normal 1 0 0
outer loop
vertex 235.025 -94.69999999999958 9.7
vertex 235.025 -91.72500000000012 9.7
vertex 235.025 -91.72500000000002 11.299999999999999
endloop
endfacet
facet normal 1 0 0
outer loop
vertex 235.025 -94.69999999999958 9.7
vertex 235.025 -91.72500000000002 11.299999999999999
vertex 235.025 -91.72882207939261 11.299999999999999
endloop
endfacet
facet normal 1 0 0
outer loop
vertex 235.025 -94.69999999999958 9.7
vertex 235.025 -91.72882207939261 11.299999999999999
vertex 235.025 -91.8141807012313 11.299999999999999
endloop
endfacet
facet normal 1 0 0
outer loop
vertex 235.025 -94.69999999999958 9.7
vertex 235.025 -91.8141807012313 11.299999999999999
vertex 235.025 -91.95279558153251 11.299999999999999
endloop
endfacet
facet normal 1 0 0
outer loop
vertex 235.025 -94.69999999999958 9.7
vertex 235.025 -91.95279558153251 11.299999999999999
vertex 235.025 -92.13933982826131 11.299999999999999
endloop
endfacet
facet normal 1 0 0
outer loop
vertex 235.025 -94.69999999999958 9.7
vertex 235.025 -92.13933982826131 11.299999999999999
vertex 235.025 -92.36664465045922 11.299999999999999
endloop
endfacet
facet normal 1 0 0
outer loop
vertex 235.025 -94.69999999999958 9.7
vertex 235.025 -92.36664465045922 11.299999999999999
vertex 235.025 -92.62597485144661 11.299999999999999
endloop
endfacet
facet normal 1 0 0
outer loop
vertex 235.025 -94.69999999999958 9.7
vertex 235.025 -92.62597485144661 11.299999999999999
vertex 235.025 -92.90736451699279 11.299999999999999
endloop
endfacet
facet normal 1 0 0
outer loop
vertex 235.025 -94.69999999999958 9.7
vertex 235.025 -92.90736451699279 11.299999999999999
vertex 235.025 -93.19999999998898 11.299999999999999
endloop
endfacet
facet normal 1 0 0
outer loop
vertex 235.025 -94.69999999999958 9.7
vertex 235.025 -93.19999999998898 11.299999999999999
vertex 235.025 -93.49263548300237 11.299999999999999
endloop
endfacet
facet normal 1 0 0
outer loop
vertex 235.025 -94.69999999999958 9.7
vertex 235.025 -93.49263548300237 11.299999999999999
vertex 235.025 -93.7740251485874 11.299999999999999
endloop
endfacet
facet normal 1 0 0
outer loop
vertex 235.025 -94.69999999999958 9.7
vertex 235.025 -93.7740251485874 11.299999999999999
vertex 235.025 -94.03335534946287 11.299999999999999
endloop
endfacet
facet normal 1 0 0
outer loop
vertex 235.025 -94.69999999999958 9.7
vertex 235.025 -94.03335534946287 11.299999999999999
vertex 235.025 -94.26066017182809 11.299999999999999
endloop
endfacet
facet normal 1 0 0
outer loop
vertex 235.025 -94.69999999999958 9.7
vertex 235.025 -94.26066017182809 11.299999999999999
vertex 235.025 -94.4472044184336 11.299999999999999
endloop
endfacet
facet normal 1 0 0
outer loop
vertex 235.025 -94.69999999999958 9.7
vertex 235.025 -94.4472044184336 11.299999999999999
vertex 235.025 -94.58581929876935 11.299999999999999
endloop
endfacet
facet normal 1 0 0
outer loop
vertex 235.025 -94.69999999999958 9.7
vertex 235.025 -94.58581929876935 11.299999999999999
vertex 235.025 -94.6711779206023 11.299999999999999
endloop
endfacet
facet normal 1 0 0
outer loop
vertex 235.025 -94.69999999999958 9.7
vertex 235.025 -94.6711779206023 11.299999999999999
vertex 235.025 -94.69999999999958 11.299999999999999
endloop
endfacet
facet normal 1 0 0
outer loop
vertex 235.025 -94.69999999999958 9.7
vertex 235.025 -94.69999999999958 11.299999999999999
vertex 235.025 -97.72500000000045 11.299999999999999
endloop
endfacet
facet normal 1 0 0
outer loop
vertex 235.025 -94.69999999999958 9.7
vertex 235.025 -97.72500000000045 11.299999999999999
vertex 235.025 -97.72500000000068 9.7
endloop
endfacet
facet normal 1 0 0
outer loop
vertex 235.025 -45.57500000000006 9.7
vertex 235.025 -45.57499999999977 11.299999999999999
vertex 235.025 -88.72499999999998 11.299999999999999
endloop
endfacet
facet normal 1 0 0
outer loop
vertex 235.025 -45.57500000000006 9.7
vertex 235.025 -88.72499999999998 11.299999999999999
vertex 235.025 -88.72500000000018 9.7
endloop
endfacet
facet normal 0.9961946980917434 0.08715574274768315 0
outer loop
vertex 234.9946155060244 -45.22770364466618 11.299999999999999
vertex 235.025 -45.57499999999977 11.299999999999999
vertex 235.025 -45.57500000000006 9.7
endloop
endfacet
facet normal 0.9961946980917434 0.08715574274768315 0
outer loop
vertex 234.9946155060244 -45.22770364466618 11.299999999999999
vertex 235.025 -45.57500000000006 9.7
vertex 234.9946155060244 -45.227703644665844 9.7
endloop
endfacet
facet normal 0.9659258262890708 0.25881904510251214 0
outer loop
vertex 234.9043852415719 -44.89095971334877 11.299999999999999
vertex 234.9946155060244 -45.22770364466618 11.299999999999999
vertex 234.9946155060244 -45.227703644665844 9.7
endloop
endfacet
facet normal 0.9659258262890708 0.25881904510251214 0
outer loop
vertex 234.9043852415719 -44.89095971334877 11.299999999999999
vertex 234.9946155060244 -45.227703644665844 9.7
vertex 234.90438524157187 -44.890959713348835 9.7
endloop
endfacet
facet normal 0.9063077870366523 0.42261826174069467 0
outer loop
vertex 234.7570508075688 -44.57500000000006 11.299999999999999
vertex 234.9043852415719 -44.89095971334877 11.299999999999999
vertex 234.90438524157187 -44.890959713348835 9.7
endloop
endfacet
facet normal 0.9063077870366523 0.42261826174069467 0
outer loop
vertex 234.7570508075688 -44.57500000000006 11.299999999999999
vertex 234.90438524157187 -44.890959713348835 9.7
vertex 234.7570508075688 -44.57500000000006 9.7
endloop
endfacet
facet normal 0.8191520442889821 0.5735764363510599 0
outer loop
vertex 234.55708888623798 -44.289424780627016 11.299999999999999
vertex 234.7570508075688 -44.57500000000006 11.299999999999999
vertex 234.7570508075688 -44.57500000000006 9.7
endloop
endfacet
facet normal 0.8191520442889821 0.5735764363510599 0
outer loop
vertex 234.55708888623798 -44.289424780627016 11.299999999999999
vertex 234.7570508075688 -44.57500000000006 9.7
vertex 234.55708888623795 -44.28942478062686 9.7
endloop
endfacet
facet normal 0.7071067811865405 0.7071067811865547 0
outer loop
vertex 234.31057521937294 -44.042911113761974 11.299999999999999
vertex 234.55708888623798 -44.289424780627016 11.299999999999999
vertex 234.55708888623795 -44.28942478062686 9.7
endloop
endfacet
facet normal 0.7071067811865405 0.7071067811865547 0
outer loop
vertex 234.31057521937294 -44.042911113761974 11.299999999999999
vertex 234.55708888623795 -44.28942478062686 9.7
vertex 234.310575219373 -44.042911113762074 9.7
endloop
endfacet
facet normal 0.573576436351047 0.8191520442889911 0
outer loop
vertex 234.0250000000001 -43.84294919243112 11.299999999999999
vertex 234.31057521937294 -44.042911113761974 11.299999999999999
vertex 234.310575219373 -44.042911113762074 9.7
endloop
endfacet
facet normal 0.573576436351047 0.8191520442889911 0
outer loop
vertex 234.0250000000001 -43.84294919243112 11.299999999999999
vertex 234.310575219373 -44.042911113762074 9.7
vertex 234.02500000000018 -43.842949192431085 9.7
endloop
endfacet
facet normal 0.42261826174070904 0.9063077870366456 0
outer loop
vertex 233.70904028665134 -43.69561475842818 11.299999999999999
vertex 234.0250000000001 -43.84294919243112 11.299999999999999
vertex 234.02500000000018 -43.842949192431085 9.7
endloop
endfacet
facet normal 0.42261826174070904 0.9063077870366456 0
outer loop
vertex 233.70904028665134 -43.69561475842818 11.299999999999999
vertex 234.02500000000018 -43.842949192431085 9.7
vertex 233.70904028665132 -43.695614758428206 9.7
endloop
endfacet
facet normal 0.25881904510254106 0.9659258262890629 0
outer loop
vertex 233.3722963553339 -43.60538449397559 11.299999999999999
vertex 233.70904028665134 -43.69561475842818 11.299999999999999
vertex 233.70904028665132 -43.695614758428206 9.7
endloop
endfacet
facet normal 0.25881904510254106 0.9659258262890629 0
outer loop
vertex 233.3722963553339 -43.60538449397559 11.299999999999999
vertex 233.70904028665132 -43.695614758428206 9.7
vertex 233.37229635533393 -43.605384493975585 9.7
endloop
endfacet
facet normal 0.08715574274765459 0.996194698091746 0
outer loop
vertex 233.02499999999995 -43.575 11.299999999999999
vertex 233.3722963553339 -43.60538449397559 11.299999999999999
vertex 233.37229635533393 -43.605384493975585 9.7
endloop
endfacet
facet normal 0.08715574274765459 0.996194698091746 0
outer loop
vertex 233.02499999999995 -43.575 11.299999999999999
vertex 233.37229635533393 -43.605384493975585 9.7
vertex 233.02499999999998 -43.575 9.7
endloop
endfacet
facet normal 0 1 0
outer loop
vertex 233.02499999999995 -43.575 11.299999999999999
vertex 233.02499999999998 -43.575 9.7
vertex 206.57499999999993 -43.575 9.7
endloop
endfacet
facet normal 0 1 0
outer loop
vertex 233.02499999999995 -43.575 11.299999999999999
vertex 206.57499999999993 -43.575 9.7
vertex 206.57499999999996 -43.575 11.299999999999999
endloop
endfacet
facet normal 0 1 0
outer loop
vertex 282.525 -43.575 11.299999999999999
vertex 282.525 -43.575 9.7
vertex 256.07500000000005 -43.575 9.7
endloop
endfacet
facet normal 0 1 0
outer loop
vertex 282.525 -43.575 11.299999999999999
vertex 256.07500000000005 -43.575 9.7
vertex 256.07499999999993 -43.575 11.299999999999999
endloop
endfacet
facet normal -0.08715574274765457 0.996194698091746 0
outer loop
vertex 206.22770364466615 -43.60538449397559 11.299999999999999
vertex 206.57499999999996 -43.575 11.299999999999999
vertex 206.57499999999993 -43.575 9.7
endloop
endfacet
facet normal -0.08715574274765457 0.996194698091746 0
outer loop
vertex 206.22770364466615 -43.60538449397559 11.299999999999999
vertex 206.57499999999993 -43.575 9.7
vertex 206.2277036446662 -43.605384493975585 9.7
endloop
endfacet
facet normal -0.2588190451025271 0.9659258262890666 0
outer loop
vertex 205.89095971334868 -43.69561475842818 11.299999999999999
vertex 206.22770364466615 -43.60538449397559 11.299999999999999
vertex 206.2277036446662 -43.605384493975585 9.7
endloop
endfacet
facet normal -0.2588190451025271 0.9659258262890666 0
outer loop
vertex 205.89095971334868 -43.69561475842818 11.299999999999999
vertex 206.2277036446662 -43.605384493975585 9.7
vertex 205.89095971334868 -43.695614758428206 9.7
endloop
endfacet
facet normal -0.42261826174069467 0.9063077870366523 0
outer loop
vertex 205.57500000000002 -43.84294919243112 11.299999999999999
vertex 205.89095971334868 -43.69561475842818 11.299999999999999
vertex 205.89095971334868 -43.695614758428206 9.7
endloop
endfacet
facet normal -0.42261826174069467 0.9063077870366523 0
outer loop
vertex 205.57500000000002 -43.84294919243112 11.299999999999999
vertex 205.89095971334868 -43.695614758428206 9.7
vertex 205.57500000000002 -43.842949192431085 9.7
endloop
endfacet
facet normal -0.5735764363510342 0.8191520442890001 0
outer loop
vertex 205.28942478062686 -44.042911113761974 11.299999999999999
vertex 205.57500000000002 -43.84294919243112 11.299999999999999
vertex 205.57500000000002 -43.842949192431085 9.7
endloop
endfacet
facet normal -0.5735764363510342 0.8191520442890001 0
outer loop
vertex 205.28942478062686 -44.042911113761974 11.299999999999999
vertex 205.57500000000002 -43.842949192431085 9.7
vertex 205.28942478062686 -44.042911113762074 9.7
endloop
endfacet
facet normal -0.7071067811865476 0.7071067811865476 0
outer loop
vertex 205.04291111376202 -44.289424780627016 11.299999999999999
vertex 205.28942478062686 -44.042911113761974 11.299999999999999
vertex 205.28942478062686 -44.042911113762074 9.7
endloop
endfacet
facet normal -0.7071067811865476 0.7071067811865476 0
outer loop
vertex 205.04291111376202 -44.289424780627016 11.299999999999999
vertex 205.28942478062686 -44.042911113762074 9.7
vertex 205.042911113762 -44.28942478062686 9.7
endloop
endfacet
facet normal -0.8191520442889821 0.5735764363510599 0
outer loop
vertex 204.84294919243115 -44.57500000000006 11.299999999999999
vertex 205.04291111376202 -44.289424780627016 11.299999999999999
vertex 205.042911113762 -44.28942478062686 9.7
endloop
endfacet
facet normal -0.8191520442889821 0.5735764363510599 0
outer loop
vertex 204.84294919243115 -44.57500000000006 11.299999999999999
vertex 205.042911113762 -44.28942478062686 9.7
vertex 204.84294919243115 -44.57500000000006 9.7
endloop
endfacet
facet normal -0.9063077870366523 0.42261826174069467 0
outer loop
vertex 204.69561475842815 -44.89095971334877 11.299999999999999
vertex 204.84294919243115 -44.57500000000006 11.299999999999999
vertex 204.84294919243115 -44.57500000000006 9.7
endloop
endfacet
facet normal -0.9063077870366523 0.42261826174069467 0
outer loop
vertex 204.69561475842815 -44.89095971334877 11.299999999999999
vertex 204.84294919243115 -44.57500000000006 9.7
vertex 204.69561475842815 -44.890959713348835 9.7
endloop
endfacet
facet normal -0.9659258262890708 0.25881904510251214 0
outer loop
vertex 204.60538449397555 -45.22770364466618 11.299999999999999
vertex 204.69561475842815 -44.89095971334877 11.299999999999999
vertex 204.69561475842815 -44.890959713348835 9.7
endloop
endfacet
facet normal -0.9659258262890708 0.25881904510251214 0
outer loop
vertex 204.60538449397555 -45.22770364466618 11.299999999999999
vertex 204.69561475842815 -44.890959713348835 9.7
vertex 204.60538449397555 -45.227703644665844 9.7
endloop
endfacet
facet normal -0.9961946980917434 0.08715574274768315 0
outer loop
vertex 204.575 -45.57499999999977 11.299999999999999
vertex 204.60538449397555 -45.22770364466618 11.299999999999999
vertex 204.60538449397555 -45.227703644665844 9.7
endloop
endfacet
facet normal -0.9961946980917434 0.08715574274768315 0
outer loop
vertex 204.575 -45.57499999999977 11.299999999999999
vertex 204.60538449397555 -45.227703644665844 9.7
vertex 204.575 -45.57500000000006 9.7
endloop
endfacet
facet normal -1 0 0
outer loop
vertex 204.575 -94.69999999999958 11.299999999999999
vertex 204.575 -94.6711779206023 11.299999999999999
vertex 204.575 -94.58581929876935 11.299999999999999
endloop
endfacet
facet normal -1 0 0
outer loop
vertex 204.575 -94.69999999999958 11.299999999999999
vertex 204.575 -94.58581929876935 11.299999999999999
vertex 204.575 -94.4472044184336 11.299999999999999
endloop
endfacet
facet normal -1 0 0
outer loop
vertex 204.575 -94.69999999999958 11.299999999999999
vertex 204.575 -94.4472044184336 11.299999999999999
vertex 204.575 -94.26066017182809 11.299999999999999
endloop
endfacet
facet normal -1 0 0
outer loop
vertex 204.575 -94.69999999999958 11.299999999999999
vertex 204.575 -94.26066017182809 11.299999999999999
vertex 204.575 -94.03335534946287 11.299999999999999
endloop
endfacet
facet normal -1 0 0
outer loop
vertex 204.575 -94.69999999999958 11.299999999999999
vertex 204.575 -94.03335534946287 11.299999999999999
vertex 204.575 -93.7740251485874 11.299999999999999
endloop
endfacet
facet normal -1 0 0
outer loop
vertex 204.575 -94.69999999999958 11.299999999999999
vertex 204.575 -93.7740251485874 11.299999999999999
vertex 204.575 -93.49263548300237 11.299999999999999
endloop
endfacet
facet normal -1 0 0
outer loop
vertex 204.575 -94.69999999999958 11.299999999999999
vertex 204.575 -93.49263548300237 11.299999999999999
vertex 204.575 -93.19999999998898 11.299999999999999
endloop
endfacet
facet normal -1 0 0
outer loop
vertex 204.575 -94.69999999999958 11.299999999999999
vertex 204.575 -93.19999999998898 11.299999999999999
vertex 204.575 -92.90736451699279 11.299999999999999
endloop
endfacet
facet normal -1 0 0
outer loop
vertex 204.575 -94.69999999999958 11.299999999999999
vertex 204.575 -92.90736451699279 11.299999999999999
vertex 204.575 -92.62597485144661 11.299999999999999
endloop
endfacet
facet normal -1 0 0
outer loop
vertex 204.575 -94.69999999999958 11.299999999999999
vertex 204.575 -92.62597485144661 11.299999999999999
vertex 204.575 -92.36664465045922 11.299999999999999
endloop
endfacet
facet normal -1 0 0
outer loop
vertex 204.575 -94.69999999999958 11.299999999999999
vertex 204.575 -92.36664465045922 11.299999999999999
vertex 204.575 -92.13933982826131 11.299999999999999
endloop
endfacet
facet normal -1 0 0
outer loop
vertex 204.575 -94.69999999999958 11.299999999999999
vertex 204.575 -92.13933982826131 11.299999999999999
vertex 204.575 -91.95279558153251 11.299999999999999
endloop
endfacet
facet normal -1 0 0
outer loop
vertex 204.575 -94.69999999999958 11.299999999999999
vertex 204.575 -91.95279558153251 11.299999999999999
vertex 204.575 -91.8141807012313 11.299999999999999
endloop
endfacet
facet normal -1 0 0
outer loop
vertex 204.575 -94.69999999999958 11.299999999999999
vertex 204.575 -91.8141807012313 11.299999999999999
vertex 204.575 -91.72882207939261 11.299999999999999
endloop
endfacet
facet normal -1 0 0
outer loop
vertex 204.575 -94.69999999999958 11.299999999999999
vertex 204.575 -91.72882207939261 11.299999999999999
vertex 204.575 -91.72500000000002 11.299999999999999
endloop
endfacet
facet normal -1 0 0
outer loop
vertex 204.575 -94.69999999999958 11.299999999999999
vertex 204.575 -91.72500000000002 11.299999999999999
vertex 204.575 -91.72500000000012 9.7
endloop
endfacet
facet normal -1 0 0
outer loop
vertex 204.575 -94.69999999999958 11.299999999999999
vertex 204.575 -91.72500000000012 9.7
vertex 204.575 -91.7288220793926 9.7
endloop
endfacet
facet normal -1 0 0
outer loop
vertex 204.575 -94.69999999999958 11.299999999999999
vertex 204.575 -91.7288220793926 9.7
vertex 204.575 -91.81418070123127 9.7
endloop
endfacet
facet normal -1 0 0
outer loop
vertex 204.575 -94.69999999999958 11.299999999999999
vertex 204.575 -91.81418070123127 9.7
vertex 204.575 -91.95279558153247 9.7
endloop
endfacet
facet normal -1 0 0
outer loop
vertex 204.575 -94.69999999999958 11.299999999999999
vertex 204.575 -91.95279558153247 9.7
vertex 204.575 -92.1393398282614 9.7
endloop
endfacet
facet normal -1 0 0
outer loop
vertex 204.575 -94.69999999999958 11.299999999999999
vertex 204.575 -92.1393398282614 9.7
vertex 204.575 -92.36664465045922 9.7
endloop
endfacet
facet normal -1 0 0
outer loop
vertex 204.575 -94.69999999999958 11.299999999999999
vertex 204.575 -92.36664465045922 9.7
vertex 204.575 -92.62597485144661 9.7
endloop
endfacet
facet normal -1 0 0
outer loop
vertex 204.575 -94.69999999999958 11.299999999999999
vertex 204.575 -92.62597485144661 9.7
vertex 204.575 -92.9073645169928 9.7
endloop
endfacet
facet normal -1 0 0
outer loop
vertex 204.575 -94.69999999999958 11.299999999999999
vertex 204.575 -92.9073645169928 9.7
vertex 204.575 -93.19999999998882 9.7
endloop
endfacet
facet normal -1 0 0
outer loop
vertex 204.575 -94.69999999999958 11.299999999999999
vertex 204.575 -93.19999999998882 9.7
vertex 204.575 -93.4926354830022 9.7
endloop
endfacet
facet normal -1 0 0
outer loop
vertex 204.575 -94.69999999999958 11.299999999999999
vertex 204.575 -93.4926354830022 9.7
vertex 204.575 -93.7740251485873 9.7
endloop
endfacet
facet normal -1 0 0
outer loop
vertex 204.575 -94.69999999999958 11.299999999999999
vertex 204.575 -93.7740251485873 9.7
vertex 204.575 -94.03335534946285 9.7
endloop
endfacet
facet normal -1 0 0
outer loop
vertex 204.575 -94.69999999999958 11.299999999999999
vertex 204.575 -94.03335534946285 9.7
vertex 204.575 -94.2606601718281 9.7
endloop
endfacet
facet normal -1 0 0
outer loop
vertex 204.575 -94.69999999999958 11.299999999999999
vertex 204.575 -94.2606601718281 9.7
vertex 204.575 -94.4472044184336 9.7
endloop
endfacet
facet normal -1 0 0
outer loop
vertex 204.575 -94.69999999999958 11.299999999999999
vertex 204.575 -94.4472044184336 9.7
vertex 204.575 -94.58581929876938 9.7
endloop
endfacet
facet normal -1 0 0
outer loop
vertex 204.575 -94.69999999999958 11.299999999999999
vertex 204.575 -94.58581929876938 9.7
vertex 204.575 -94.6711779206023 9.7
endloop
endfacet
facet normal -1 0 0
outer loop
vertex 204.575 -94.69999999999958 11.299999999999999
vertex 204.575 -94.6711779206023 9.7
vertex 204.575 -94.69999999999958 9.7
endloop
endfacet
facet normal -1 0 0
outer loop
vertex 204.575 -94.69999999999958 11.299999999999999
vertex 204.575 -94.69999999999958 9.7
vertex 204.575 -97.72500000000068 9.7
endloop
endfacet
facet normal -1 0 0
outer loop
vertex 204.575 -94.69999999999958 11.299999999999999
vertex 204.575 -97.72500000000068 9.7
vertex 204.575 -97.72500000000045 11.299999999999999
endloop
endfacet
facet normal -1 0 0
outer loop
vertex 204.575 -45.57499999999977 11.299999999999999
vertex 204.575 -45.57500000000006 9.7
vertex 204.575 -88.72500000000018 9.7
endloop
endfacet
facet normal -1 0 0
outer loop
vertex 204.575 -45.57499999999977 11.299999999999999
vertex 204.575 -88.72500000000018 9.7
vertex 204.575 -88.72499999999998 11.299999999999999
endloop
endfacet
facet normal -0.9975039257723994 -0.07061103361834854 0
outer loop
vertex 204.5949442120118 -89.00674675767749 11.299999999999999
vertex 204.575 -88.72499999999998 11.299999999999999
vertex 204.575 -88.72500000000018 9.7
endloop
endfacet
facet normal -0.9975039257723994 -0.07061103361834854 0
outer loop
vertex 204.5949442120118 -89.00674675767749 11.299999999999999
vertex 204.575 -88.72500000000018 9.7
vertex 204.5949442120118 -89.00674675767756 9.7
endloop
endfacet
facet normal -0.9776092281408488 -0.21042860322174292 0
outer loop
vertex 204.65438014519324 -89.28287422263112 11.299999999999999
vertex 204.5949442120118 -89.00674675767749 11.299999999999999
vertex 204.5949442120118 -89.00674675767756 9.7
endloop
endfacet
facet normal -0.9776092281408488 -0.21042860322174292 0
outer loop
vertex 204.65438014519324 -89.28287422263112 11.299999999999999
vertex 204.5949442120118 -89.00674675767756 9.7
vertex 204.65438014519324 -89.28287422263114 9.7
endloop
endfacet
facet normal -0.9382163571321447 -0.3460492265699896 0
outer loop
vertex 204.7521223646111 -89.54787510111646 11.299999999999999
vertex 204.65438014519324 -89.28287422263112 11.299999999999999
vertex 204.65438014519324 -89.28287422263114 9.7
endloop
endfacet
facet normal -0.9382163571321447 -0.3460492265699896 0
outer loop
vertex 204.7521223646111 -89.54787510111646 11.299999999999999
vertex 204.65438014519324 -89.28287422263114 9.7
vertex 204.752122364611 -89.54787510111625 9.7
endloop
endfacet
facet normal -0.8801109937798052 -0.4747679839963135 0
outer loop
vertex 204.88622142596216 -89.79646401639502 11.299999999999999
vertex 204.7521223646111 -89.54787510111646 11.299999999999999
vertex 204.752122364611 -89.54787510111625 9.7
endloop
endfacet
facet normal -0.8801109937798052 -0.4747679839963135 0
outer loop
vertex 204.88622142596216 -89.79646401639502 11.299999999999999
vertex 204.752122364611 -89.54787510111625 9.7
vertex 204.8862214259623 -89.79646401639519 9.7
endloop
endfacet
facet normal -0.8044520351320866 -0.5940176118364204 0
outer loop
vertex 205.0540027567563 -90.02368292426078 11.299999999999999
vertex 204.88622142596216 -89.79646401639502 11.299999999999999
vertex 204.8862214259623 -89.79646401639519 9.7
endloop
endfacet
facet normal -0.8044520351320866 -0.5940176118364204 0
outer loop
vertex 205.0540027567563 -90.02368292426078 11.299999999999999
vertex 204.8862214259623 -89.79646401639519 9.7
vertex 205.0540027567563 -90.02368292426074 9.7
endloop
endfacet
facet normal -0.7127484803378129 -0.7014197058652817 0
outer loop
vertex 205.25212000000002 -90.22499999999995 11.299999999999999
vertex 205.0540027567563 -90.02368292426078 11.299999999999999
vertex 205.0540027567563 -90.02368292426074 9.7
endloop
endfacet
facet normal -0.7127484803378129 -0.7014197058652817 0
outer loop
vertex 205.25212000000002 -90.22499999999995 11.299999999999999
vertex 205.0540027567563 -90.02368292426074 9.7
vertex 205.25212 -90.22499999999998 9.7
endloop
endfacet
facet normal -0.7127484803378129 0.7014197058652817 0
outer loop
vertex 205.0540027567563 -90.4263170757394 11.299999999999999
vertex 205.25212000000002 -90.22499999999995 11.299999999999999
vertex 205.25212 -90.22499999999998 9.7
endloop
endfacet
facet normal -0.7127484803378129 0.7014197058652817 0
outer loop
vertex 205.0540027567563 -90.4263170757394 11.299999999999999
vertex 205.25212 -90.22499999999998 9.7
vertex 205.05400275675615 -90.42631707573923 9.7
endloop
endfacet
facet normal -0.804452035132068 0.5940176118364455 0
outer loop
vertex 204.88622142596208 -90.65353598360483 11.299999999999999
vertex 205.0540027567563 -90.4263170757394 11.299999999999999
vertex 205.05400275675615 -90.42631707573923 9.7
endloop
endfacet
facet normal -0.804452035132068 0.5940176118364455 0
outer loop
vertex 204.88622142596208 -90.65353598360483 11.299999999999999
vertex 205.05400275675615 -90.42631707573923 9.7
vertex 204.88622142596216 -90.65353598360494 9.7
endloop
endfacet
facet normal -0.8801109937798052 0.4747679839963135 0
outer loop
vertex 204.75212236461104 -90.90212489888363 11.299999999999999
vertex 204.88622142596208 -90.65353598360483 11.299999999999999
vertex 204.88622142596216 -90.65353598360494 9.7
endloop
endfacet
facet normal -0.8801109937798052 0.4747679839963135 0
outer loop
vertex 204.75212236461104 -90.90212489888363 11.299999999999999
vertex 204.88622142596216 -90.65353598360494 9.7
vertex 204.75212236461107 -90.90212489888386 9.7
endloop
endfacet
facet normal -0.9382163571321456 0.3460492265699873 0
outer loop
vertex 204.6543801451932 -91.16712577736904 11.299999999999999
vertex 204.75212236461104 -90.90212489888363 11.299999999999999
vertex 204.75212236461107 -90.90212489888386 9.7
endloop
endfacet
facet normal -0.9382163571321456 0.3460492265699873 0
outer loop
vertex 204.6543801451932 -91.16712577736904 11.299999999999999
vertex 204.75212236461107 -90.90212489888386 9.7
vertex 204.65438014519322 -91.16712577736865 9.7
endloop
endfacet
facet normal -0.9776092281408488 0.21042860322174292 0
outer loop
vertex 204.59494421201185 -91.44325324232219 11.299999999999999
vertex 204.6543801451932 -91.16712577736904 11.299999999999999
vertex 204.65438014519322 -91.16712577736865 9.7
endloop
endfacet
facet normal -0.9776092281408488 0.21042860322174292 0
outer loop
vertex 204.59494421201185 -91.44325324232219 11.299999999999999
vertex 204.65438014519322 -91.16712577736865 9.7
vertex 204.59494421201182 -91.44325324232234 9.7
endloop
endfacet
facet normal 0 0 1
outer loop
vertex 204.575 -91.72500000000002 11.299999999999999
vertex 204.57676969312587 -91.69999999999993 11.299999999999999
vertex 204.59494421201185 -91.44325324232219 11.299999999999999
endloop
endfacet
facet normal 0 0 1
outer loop
vertex 204.575 -91.72500000000002 11.299999999999999
vertex 204.59494421201185 -91.44325324232219 11.299999999999999
vertex 204.59494421201182 -91.44325324232234 9.7
endloop
endfacet
facet normal 0 0 1
outer loop
vertex 204.575 -91.72500000000002 11.299999999999999
vertex 204.59494421201182 -91.44325324232234 9.7
vertex 204.57676969312587 -91.69999999999992 9.7
endloop
endfacet
facet normal 0 0 1
outer loop
vertex 204.575 -91.72500000000002 11.299999999999999
vertex 204.57676969312587 -91.69999999999992 9.7
vertex 204.575 -91.72500000000012 9.7
endloop
endfacet
facet normal -0.9961946980917459 -0.08715574274765463 0
outer loop
vertex 204.60538449397558 -98.072296355334 11.299999999999999
vertex 204.575 -97.72500000000045 11.299999999999999
vertex 204.575 -97.72500000000068 9.7
endloop
endfacet
facet normal -0.9961946980917459 -0.08715574274765463 0
outer loop
vertex 204.60538449397558 -98.072296355334 11.299999999999999
vertex 204.575 -97.72500000000068 9.7
vertex 204.60538449397555 -98.07229635533426 9.7
endloop
endfacet
facet normal -0.9659258262890708 -0.25881904510251214 0
outer loop
vertex 204.6956147584282 -98.40904028665071 11.299999999999999
vertex 204.60538449397558 -98.072296355334 11.299999999999999
vertex 204.60538449397555 -98.07229635533426 9.7
endloop
endfacet
facet normal -0.9659258262890708 -0.25881904510251214 0
outer loop
vertex 204.6956147584282 -98.40904028665071 11.299999999999999
vertex 204.60538449397555 -98.07229635533426 9.7
vertex 204.69561475842826 -98.4090402866506 9.7
endloop
endfacet
facet normal -0.9063077870366523 -0.42261826174069467 0
outer loop
vertex 204.8429491924311 -98.7250000000001 11.299999999999999
vertex 204.6956147584282 -98.40904028665071 11.299999999999999
vertex 204.69561475842826 -98.4090402866506 9.7
endloop
endfacet
facet normal -0.9063077870366523 -0.42261826174069467 0
outer loop
vertex 204.8429491924311 -98.7250000000001 11.299999999999999
vertex 204.69561475842826 -98.4090402866506 9.7
vertex 204.84294919243106 -98.72500000000025 9.7
endloop
endfacet
facet normal -0.819152044288964 -0.5735764363510856 0
outer loop
vertex 205.04291111376202 -99.01057521937292 11.299999999999999
vertex 204.8429491924311 -98.7250000000001 11.299999999999999
vertex 204.84294919243106 -98.72500000000025 9.7
endloop
endfacet
facet normal -0.819152044288964 -0.5735764363510856 0
outer loop
vertex 205.04291111376202 -99.01057521937292 11.299999999999999
vertex 204.84294919243106 -98.72500000000025 9.7
vertex 205.04291111376205 -99.01057521937297 9.7
endloop
endfacet
facet normal -0.7071067811865689 -0.7071067811865263 0
outer loop
vertex 205.28942478062692 -99.25708888623804 11.299999999999999
vertex 205.04291111376202 -99.01057521937292 11.299999999999999
vertex 205.04291111376205 -99.01057521937297 9.7
endloop
endfacet
facet normal -0.7071067811865689 -0.7071067811865263 0
outer loop
vertex 205.28942478062692 -99.25708888623804 11.299999999999999
vertex 205.04291111376205 -99.01057521937297 9.7
vertex 205.28942478062686 -99.2570888862381 9.7
endloop
endfacet
facet normal -0.573576436351047 -0.8191520442889911 0
outer loop
vertex 205.57500000000007 -99.45705080756893 11.299999999999999
vertex 205.28942478062692 -99.25708888623804 11.299999999999999
vertex 205.28942478062686 -99.2570888862381 9.7
endloop
endfacet
facet normal -0.573576436351047 -0.8191520442889911 0
outer loop
vertex 205.57500000000007 -99.45705080756893 11.299999999999999
vertex 205.28942478062686 -99.2570888862381 9.7
vertex 205.57500000000002 -99.45705080756888 9.7
endloop
endfacet
facet normal -0.4226182617406766 -0.9063077870366607 0
outer loop
vertex 205.89095971334868 -99.60438524157179 11.299999999999999
vertex 205.57500000000007 -99.45705080756893 11.299999999999999
vertex 205.57500000000002 -99.45705080756888 9.7
endloop
endfacet
facet normal -0.4226182617406766 -0.9063077870366607 0
outer loop
vertex 205.89095971334868 -99.60438524157179 11.299999999999999
vertex 205.57500000000002 -99.45705080756888 9.7
vertex 205.89095971334874 -99.60438524157183 9.7
endloop
endfacet
facet normal -0.2588190451025413 -0.9659258262890629 0
outer loop
vertex 206.22770364466612 -99.6946155060244 11.299999999999999
vertex 205.89095971334868 -99.60438524157179 11.299999999999999
vertex 205.89095971334874 -99.60438524157183 9.7
endloop
endfacet
facet normal -0.2588190451025413 -0.9659258262890629 0
outer loop
vertex 206.22770364466612 -99.6946155060244 11.299999999999999
vertex 205.89095971334874 -99.60438524157183 9.7
vertex 206.22770364466604 -99.6946155060244 9.7
endloop
endfacet
facet normal -0.08715574274766874 -0.9961946980917447 0
outer loop
vertex 206.57500000000002 -99.725 11.299999999999999
vertex 206.22770364466612 -99.6946155060244 11.299999999999999
vertex 206.22770364466604 -99.6946155060244 9.7
endloop
endfacet
facet normal -0.08715574274766874 -0.9961946980917447 0
outer loop
vertex 206.57500000000002 -99.725 11.299999999999999
vertex 206.22770364466604 -99.6946155060244 9.7
vertex 206.57500000000005 -99.725 9.7
endloop
endfacet
facet normal 0 -1 0
outer loop
vertex 233.02500000000015 -99.725 9.7
vertex 233.02500000000006 -99.725 11.299999999999999
vertex 206.57500000000002 -99.725 11.299999999999999
endloop
endfacet
facet normal 0 -1 0
outer loop
vertex 233.02500000000015 -99.725 9.7
vertex 206.57500000000002 -99.725 11.299999999999999
vertex 206.57500000000005 -99.725 9.7
endloop
endfacet
facet normal 0 -1 0
outer loop
vertex 282.52500000000003 -99.725 9.7
vertex 282.52500000000003 -99.725 11.299999999999999
vertex 256.07499999999993 -99.725 11.299999999999999
endloop
endfacet
facet normal 0 -1 0
outer loop
vertex 282.52500000000003 -99.725 9.7
vertex 256.07499999999993 -99.725 11.299999999999999
vertex 256.07500000000005 -99.725 9.7
endloop
endfacet
facet normal 0.087155742747683 -0.9961946980917433 0
outer loop
vertex 233.3722963553339 -99.6946155060244 11.299999999999999
vertex 233.02500000000006 -99.725 11.299999999999999
vertex 233.02500000000015 -99.725 9.7
endloop
endfacet
facet normal 0.087155742747683 -0.9961946980917433 0
outer loop
vertex 233.3722963553339 -99.6946155060244 11.299999999999999
vertex 233.02500000000015 -99.725 9.7
vertex 233.37229635533384 -99.6946155060244 9.7
endloop
endfacet
facet normal 0.25881904510254045 -0.9659258262890632 0
outer loop
vertex 233.70904028665126 -99.60438524157179 11.299999999999999
vertex 233.3722963553339 -99.6946155060244 11.299999999999999
vertex 233.37229635533384 -99.6946155060244 9.7
endloop
endfacet
facet normal 0.25881904510254045 -0.9659258262890632 0
outer loop
vertex 233.70904028665126 -99.60438524157179 11.299999999999999
vertex 233.37229635533384 -99.6946155060244 9.7
vertex 233.7090402866512 -99.60438524157183 9.7
endloop
endfacet
facet normal 0.42261826174066586 -0.9063077870366657 0
outer loop
vertex 234.02500000000018 -99.45705080756893 11.299999999999999
vertex 233.70904028665126 -99.60438524157179 11.299999999999999
vertex 233.7090402866512 -99.60438524157183 9.7
endloop
endfacet
facet normal 0.42261826174066586 -0.9063077870366657 0
outer loop
vertex 234.02500000000018 -99.45705080756893 11.299999999999999
vertex 233.7090402866512 -99.60438524157183 9.7
vertex 234.02500000000018 -99.45705080756888 9.7
endloop
endfacet
facet normal 0.5735764363510599 -0.8191520442889821 0
outer loop
vertex 234.310575219373 -99.25708888623804 11.299999999999999
vertex 234.02500000000018 -99.45705080756893 11.299999999999999
vertex 234.02500000000018 -99.45705080756888 9.7
endloop
endfacet
facet normal 0.5735764363510599 -0.8191520442889821 0
outer loop
vertex 234.310575219373 -99.25708888623804 11.299999999999999
vertex 234.02500000000018 -99.45705080756888 9.7
vertex 234.31057521937294 -99.2570888862381 9.7
endloop
endfacet
facet normal 0.707106781186576 -0.7071067811865192 0
outer loop
vertex 234.55708888623806 -99.01057521937292 11.299999999999999
vertex 234.310575219373 -99.25708888623804 11.299999999999999
vertex 234.31057521937294 -99.2570888862381 9.7
endloop
endfacet
facet normal 0.707106781186576 -0.7071067811865192 0
outer loop
vertex 234.55708888623806 -99.01057521937292 11.299999999999999
vertex 234.31057521937294 -99.2570888862381 9.7
vertex 234.55708888623798 -99.01057521937297 9.7
endloop
endfacet
facet normal 0.8191520442889821 -0.5735764363510599 0
outer loop
vertex 234.75705080756876 -98.7250000000001 11.299999999999999
vertex 234.55708888623806 -99.01057521937292 11.299999999999999
vertex 234.55708888623798 -99.01057521937297 9.7
endloop
endfacet
facet normal 0.8191520442889821 -0.5735764363510599 0
outer loop
vertex 234.75705080756876 -98.7250000000001 11.299999999999999
vertex 234.55708888623798 -99.01057521937297 9.7
vertex 234.75705080756887 -98.72500000000025 9.7
endloop
endfacet
facet normal 0.9063077870366523 -0.42261826174069467 0
outer loop
vertex 234.9043852415718 -98.40904028665071 11.299999999999999
vertex 234.75705080756876 -98.7250000000001 11.299999999999999
vertex 234.75705080756887 -98.72500000000025 9.7
endloop
endfacet
facet normal 0.9063077870366523 -0.42261826174069467 0
outer loop
vertex 234.9043852415718 -98.40904028665071 11.299999999999999
vertex 234.75705080756887 -98.72500000000025 9.7
vertex 234.90438524157182 -98.4090402866506 9.7
endloop
endfacet
facet normal 0.9659258262890632 -0.25881904510254045 0
outer loop
vertex 234.99461550602445 -98.072296355334 11.299999999999999
vertex 234.9043852415718 -98.40904028665071 11.299999999999999
vertex 234.90438524157182 -98.4090402866506 9.7
endloop
endfacet
facet normal 0.9659258262890632 -0.25881904510254045 0
outer loop
vertex 234.99461550602445 -98.072296355334 11.299999999999999
vertex 234.90438524157182 -98.4090402866506 9.7
vertex 234.99461550602442 -98.07229635533426 9.7
endloop
endfacet
facet normal 0.9961946980917434 -0.08715574274768315 0
outer loop
vertex 235.025 -97.72500000000045 11.299999999999999
vertex 234.99461550602445 -98.072296355334 11.299999999999999
vertex 234.99461550602442 -98.07229635533426 9.7
endloop
endfacet
facet normal 0.9961946980917434 -0.08715574274768315 0
outer loop
vertex 235.025 -97.72500000000045 11.299999999999999
vertex 234.99461550602442 -98.07229635533426 9.7
vertex 235.025 -97.72500000000068 9.7
endloop
endfacet
facet normal 0 0 1
outer loop
vertex 235.00505578798814 -91.44325324232219 11.299999999999999
vertex 235.02323030687413 -91.69999999999993 11.299999999999999
vertex 235.025 -91.72500000000002 11.299999999999999
endloop
endfacet
facet normal 0 0 1
outer loop
vertex 235.00505578798814 -91.44325324232219 11.299999999999999
vertex 235.025 -91.72500000000002 11.299999999999999
vertex 235.025 -91.72500000000012 9.7
endloop
endfacet
facet normal 0 0 1
outer loop
vertex 235.00505578798814 -91.44325324232219 11.299999999999999
vertex 235.025 -91.72500000000012 9.7
vertex 235.02323030687413 -91.69999999999992 9.7
endloop
endfacet
facet normal 0 0 1
outer loop
vertex 235.00505578798814 -91.44325324232219 11.299999999999999
vertex 235.02323030687413 -91.69999999999992 9.7
vertex 235.00505578798817 -91.44325324232234 9.7
endloop
endfacet
facet normal 0.9776092281408488 0.21042860322174292 0
outer loop
vertex 234.94561985480675 -91.16712577736904 11.299999999999999
vertex 235.00505578798814 -91.44325324232219 11.299999999999999
vertex 235.00505578798817 -91.44325324232234 9.7
endloop
endfacet
facet normal 0.9776092281408488 0.21042860322174292 0
outer loop
vertex 234.94561985480675 -91.16712577736904 11.299999999999999
vertex 235.00505578798817 -91.44325324232234 9.7
vertex 234.94561985480672 -91.16712577736865 9.7
endloop
endfacet
facet normal 0.9382163571321456 0.3460492265699873 0
outer loop
vertex 234.84787763538884 -90.90212489888363 11.299999999999999
vertex 234.94561985480675 -91.16712577736904 11.299999999999999
vertex 234.94561985480672 -91.16712577736865 9.7
endloop
endfacet
facet normal 0.9382163571321456 0.3460492265699873 0
outer loop
vertex 234.84787763538884 -90.90212489888363 11.299999999999999
vertex 234.94561985480672 -91.16712577736865 9.7
vertex 234.84787763538884 -90.90212489888386 9.7
endloop
endfacet
facet normal 0.8801109937798052 0.4747679839963135 0
outer loop
vertex 234.71377857403783 -90.65353598360483 11.299999999999999
vertex 234.84787763538884 -90.90212489888363 11.299999999999999
vertex 234.84787763538884 -90.90212489888386 9.7
endloop
endfacet
facet normal 0.8801109937798052 0.4747679839963135 0
outer loop
vertex 234.71377857403783 -90.65353598360483 11.299999999999999
vertex 234.84787763538884 -90.90212489888386 9.7
vertex 234.71377857403795 -90.65353598360494 9.7
endloop
endfacet
facet normal 0.804452035132068 0.5940176118364455 0
outer loop
vertex 234.54599724324376 -90.4263170757394 11.299999999999999
vertex 234.71377857403783 -90.65353598360483 11.299999999999999
vertex 234.71377857403795 -90.65353598360494 9.7
endloop
endfacet
facet normal 0.804452035132068 0.5940176118364455 0
outer loop
vertex 234.54599724324376 -90.4263170757394 11.299999999999999
vertex 234.71377857403795 -90.65353598360494 9.7
vertex 234.54599724324387 -90.42631707573923 9.7
endloop
endfacet
facet normal 0.7127484803377989 0.701419705865296 0
outer loop
vertex 234.34788 -90.22499999999995 11.299999999999999
vertex 234.54599724324376 -90.4263170757394 11.299999999999999
vertex 234.54599724324387 -90.42631707573923 9.7
endloop
endfacet
facet normal 0.7127484803377989 0.701419705865296 0
outer loop
vertex 234.34788 -90.22499999999995 11.299999999999999
vertex 234.54599724324387 -90.42631707573923 9.7
vertex 234.34788000000006 -90.22499999999998 9.7
endloop
endfacet
facet normal 0.7225955431377874 -0.6912710619123341 0
outer loop
vertex 284.0820932671018 -89.98017351690733 11.299999999999999
vertex 283.8478799999999 -90.22499999999995 11.299999999999999
vertex 283.8478800000001 -90.22499999999998 9.7
endloop
endfacet
facet normal 0.7225955431377874 -0.6912710619123341 0
outer loop
vertex 284.0820932671018 -89.98017351690733 11.299999999999999
vertex 283.8478800000001 -90.22499999999998 9.7
vertex 284.0820932671019 -89.98017351690758 9.7
endloop
endfacet
facet normal 0.828908098579744 -0.5593848086147081 0
outer loop
vertex 284.2716231039365 -89.69932424417968 11.299999999999999
vertex 284.0820932671018 -89.98017351690733 11.299999999999999
vertex 284.0820932671019 -89.98017351690758 9.7
endloop
endfacet
facet normal 0.828908098579744 -0.5593848086147081 0
outer loop
vertex 284.2716231039365 -89.69932424417968 11.299999999999999
vertex 284.0820932671019 -89.98017351690758 9.7
vertex 284.2716231039364 -89.69932424417962 9.7
endloop
endfacet
facet normal 0.9114378313233326 -0.411437819886092 0
outer loop
vertex 284.411025786436 -89.39051238372983 11.299999999999999
vertex 284.2716231039365 -89.69932424417968 11.299999999999999
vertex 284.2716231039364 -89.69932424417962 9.7
endloop
endfacet
facet normal 0.9114378313233326 -0.411437819886092 0
outer loop
vertex 284.411025786436 -89.39051238372983 11.299999999999999
vertex 284.2716231039364 -89.69932424417962 9.7
vertex 284.41102578643597 -89.39051238373001 9.7
endloop
endfacet
facet normal 0.9678097829553519 -0.251682784504452 0
outer loop
vertex 284.49630053173934 -89.06260067174696 11.299999999999999
vertex 284.411025786436 -89.39051238372983 11.299999999999999
vertex 284.41102578643597 -89.39051238373001 9.7
endloop
endfacet
facet normal 0.9678097829553519 -0.251682784504452 0
outer loop
vertex 284.49630053173934 -89.06260067174696 11.299999999999999
vertex 284.41102578643597 -89.39051238373001 9.7
vertex 284.4963005317394 -89.06260067174685 9.7
endloop
endfacet
facet normal 0.9964061084391524 -0.08470458703720846 0
outer loop
vertex 284.525 -88.72499999999998 11.299999999999999
vertex 284.49630053173934 -89.06260067174696 11.299999999999999
vertex 284.4963005317394 -89.06260067174685 9.7
endloop
endfacet
facet normal 0.9964061084391524 -0.08470458703720846 0
outer loop
vertex 284.525 -88.72499999999998 11.299999999999999
vertex 284.4963005317394 -89.06260067174685 9.7
vertex 284.525 -88.72500000000018 9.7
endloop
endfacet
facet normal 1 0 0
outer loop
vertex 284.525 -94.69999999999958 9.7
vertex 284.525 -94.6711779206023 9.7
vertex 284.525 -94.58581929876938 9.7
endloop
endfacet
facet normal 1 0 0
outer loop
vertex 284.525 -94.69999999999958 9.7
vertex 284.525 -94.58581929876938 9.7
vertex 284.525 -94.4472044184336 9.7
endloop
endfacet
facet normal 1 0 0
outer loop
vertex 284.525 -94.69999999999958 9.7
vertex 284.525 -94.4472044184336 9.7
vertex 284.525 -94.2606601718281 9.7
endloop
endfacet
facet normal 1 0 0
outer loop
vertex 284.525 -94.69999999999958 9.7
vertex 284.525 -94.2606601718281 9.7
vertex 284.525 -94.03335534946285 9.7
endloop
endfacet
facet normal 1 0 0
outer loop
vertex 284.525 -94.69999999999958 9.7
vertex 284.525 -94.03335534946285 9.7
vertex 284.525 -93.7740251485873 9.7
endloop
endfacet
facet normal 1 0 0
outer loop
vertex 284.525 -94.69999999999958 9.7
vertex 284.525 -93.7740251485873 9.7
vertex 284.525 -93.4926354830022 9.7
endloop
endfacet
facet normal 1 0 0
outer loop
vertex 284.525 -94.69999999999958 9.7
vertex 284.525 -93.4926354830022 9.7
vertex 284.525 -93.19999999998882 9.7
endloop
endfacet
facet normal 1 0 0
outer loop
vertex 284.525 -94.69999999999958 9.7
vertex 284.525 -93.19999999998882 9.7
vertex 284.525 -92.9073645169928 9.7
endloop
endfacet
facet normal 1 0 0
outer loop
vertex 284.525 -94.69999999999958 9.7
vertex 284.525 -92.9073645169928 9.7
vertex 284.525 -92.62597485144661 9.7
endloop
endfacet
facet normal 1 0 0
outer loop
vertex 284.525 -94.69999999999958 9.7
vertex 284.525 -92.62597485144661 9.7
vertex 284.525 -92.36664465045922 9.7
endloop
endfacet
facet normal 1 0 0
outer loop
vertex 284.525 -94.69999999999958 9.7
vertex 284.525 -92.36664465045922 9.7
vertex 284.525 -92.1393398282614 9.7
endloop
endfacet
facet normal 1 0 0
outer loop
vertex 284.525 -94.69999999999958 9.7
vertex 284.525 -92.1393398282614 9.7
vertex 284.525 -91.95279558153247 9.7
endloop
endfacet
facet normal 1 0 0
outer loop
vertex 284.525 -94.69999999999958 9.7
vertex 284.525 -91.95279558153247 9.7
vertex 284.525 -91.81418070123127 9.7
endloop
endfacet
facet normal 1 0 0
outer loop
vertex 284.525 -94.69999999999958 9.7
vertex 284.525 -91.81418070123127 9.7
vertex 284.525 -91.7288220793926 9.7
endloop
endfacet
facet normal 1 0 0
outer loop
vertex 284.525 -94.69999999999958 9.7
vertex 284.525 -91.7288220793926 9.7
vertex 284.525 -91.72500000000012 9.7
endloop
endfacet
facet normal 1 0 0
outer loop
vertex 284.525 -94.69999999999958 9.7
vertex 284.525 -91.72500000000012 9.7
vertex 284.525 -91.72500000000002 11.299999999999999
endloop
endfacet
facet normal 1 0 0
outer loop
vertex 284.525 -94.69999999999958 9.7
vertex 284.525 -91.72500000000002 11.299999999999999
vertex 284.525 -91.72882207939261 11.299999999999999
endloop
endfacet
facet normal 1 0 0
outer loop
vertex 284.525 -94.69999999999958 9.7
vertex 284.525 -91.72882207939261 11.299999999999999
vertex 284.525 -91.8141807012313 11.299999999999999
endloop
endfacet
facet normal 1 0 0
outer loop
vertex 284.525 -94.69999999999958 9.7
vertex 284.525 -91.8141807012313 11.299999999999999
vertex 284.525 -91.95279558153251 11.299999999999999
endloop
endfacet
facet normal 1 0 0
outer loop
vertex 284.525 -94.69999999999958 9.7
vertex 284.525 -91.95279558153251 11.299999999999999
vertex 284.525 -92.13933982826131 11.299999999999999
endloop
endfacet
facet normal 1 0 0
outer loop
vertex 284.525 -94.69999999999958 9.7
vertex 284.525 -92.13933982826131 11.299999999999999
vertex 284.525 -92.36664465045922 11.299999999999999
endloop
endfacet
facet normal 1 0 0
outer loop
vertex 284.525 -94.69999999999958 9.7
vertex 284.525 -92.36664465045922 11.299999999999999
vertex 284.525 -92.62597485144661 11.299999999999999
endloop
endfacet
facet normal 1 0 0
outer loop
vertex 284.525 -94.69999999999958 9.7
vertex 284.525 -92.62597485144661 11.299999999999999
vertex 284.525 -92.90736451699279 11.299999999999999
endloop
endfacet
facet normal 1 0 0
outer loop
vertex 284.525 -94.69999999999958 9.7
vertex 284.525 -92.90736451699279 11.299999999999999
vertex 284.525 -93.19999999998898 11.299999999999999
endloop
endfacet
facet normal 1 0 0
outer loop
vertex 284.525 -94.69999999999958 9.7
vertex 284.525 -93.19999999998898 11.299999999999999
vertex 284.525 -93.49263548300237 11.299999999999999
endloop
endfacet
facet normal 1 0 0
outer loop
vertex 284.525 -94.69999999999958 9.7
vertex 284.525 -93.49263548300237 11.299999999999999
vertex 284.525 -93.7740251485874 11.299999999999999
endloop
endfacet
facet normal 1 0 0
outer loop
vertex 284.525 -94.69999999999958 9.7
vertex 284.525 -93.7740251485874 11.299999999999999
vertex 284.525 -94.03335534946287 11.299999999999999
endloop
endfacet
facet normal 1 0 0
outer loop
vertex 284.525 -94.69999999999958 9.7
vertex 284.525 -94.03335534946287 11.299999999999999
vertex 284.525 -94.26066017182809 11.299999999999999
endloop
endfacet
facet normal 1 0 0
outer loop
vertex 284.525 -94.69999999999958 9.7
vertex 284.525 -94.26066017182809 11.299999999999999
vertex 284.525 -94.4472044184336 11.299999999999999
endloop
endfacet
facet normal 1 0 0
outer loop
vertex 284.525 -94.69999999999958 9.7
vertex 284.525 -94.4472044184336 11.299999999999999
vertex 284.525 -94.58581929876935 11.299999999999999
endloop
endfacet
facet normal 1 0 0
outer loop
vertex 284.525 -94.69999999999958 9.7
vertex 284.525 -94.58581929876935 11.299999999999999
vertex 284.525 -94.6711779206023 11.299999999999999
endloop
endfacet
facet normal 1 0 0
outer loop
vertex 284.525 -94.69999999999958 9.7
vertex 284.525 -94.6711779206023 11.299999999999999
vertex 284.525 -94.69999999999958 11.299999999999999
endloop
endfacet
facet normal 1 0 0
outer loop
vertex 284.525 -94.69999999999958 9.7
vertex 284.525 -94.69999999999958 11.299999999999999
vertex 284.525 -97.72500000000045 11.299999999999999
endloop
endfacet
facet normal 1 0 0
outer loop
vertex 284.525 -94.69999999999958 9.7
vertex 284.525 -97.72500000000045 11.299999999999999
vertex 284.525 -97.72500000000068 9.7
endloop
endfacet
facet normal 1 0 0
outer loop
vertex 284.525 -45.57500000000006 9.7
vertex 284.525 -45.57499999999977 11.299999999999999
vertex 284.525 -88.72499999999998 11.299999999999999
endloop
endfacet
facet normal 1 0 0
outer loop
vertex 284.525 -45.57500000000006 9.7
vertex 284.525 -88.72499999999998 11.299999999999999
vertex 284.525 -88.72500000000018 9.7
endloop
endfacet
facet normal 0.9961946980917459 0.08715574274765463 0
outer loop
vertex 284.49461550602433 -45.22770364466618 11.299999999999999
vertex 284.525 -45.57499999999977 11.299999999999999
vertex 284.525 -45.57500000000006 9.7
endloop
endfacet
facet normal 0.9961946980917459 0.08715574274765463 0
outer loop
vertex 284.49461550602433 -45.22770364466618 11.299999999999999
vertex 284.525 -45.57500000000006 9.7
vertex 284.4946155060244 -45.227703644665844 9.7
endloop
endfacet
facet normal 0.9659258262890783 0.2588190451024838 0
outer loop
vertex 284.40438524157184 -44.89095971334877 11.299999999999999
vertex 284.49461550602433 -45.22770364466618 11.299999999999999
vertex 284.4946155060244 -45.227703644665844 9.7
endloop
endfacet
facet normal 0.9659258262890783 0.2588190451024838 0
outer loop
vertex 284.40438524157184 -44.89095971334877 11.299999999999999
vertex 284.4946155060244 -45.227703644665844 9.7
vertex 284.40438524157196 -44.890959713348835 9.7
endloop
endfacet
facet normal 0.9063077870366791 0.42261826174063705 0
outer loop
vertex 284.257050807569 -44.57500000000006 11.299999999999999
vertex 284.40438524157184 -44.89095971334877 11.299999999999999
vertex 284.40438524157196 -44.890959713348835 9.7
endloop
endfacet
facet normal 0.9063077870366791 0.42261826174063705 0
outer loop
vertex 284.257050807569 -44.57500000000006 11.299999999999999
vertex 284.40438524157196 -44.890959713348835 9.7
vertex 284.25705080756893 -44.57500000000006 9.7
endloop
endfacet
facet normal 0.8191520442889414 0.5735764363511181 0
outer loop
vertex 284.05708888623786 -44.289424780627016 11.299999999999999
vertex 284.257050807569 -44.57500000000006 11.299999999999999
vertex 284.25705080756893 -44.57500000000006 9.7
endloop
endfacet
facet normal 0.8191520442889414 0.5735764363511181 0
outer loop
vertex 284.05708888623786 -44.289424780627016 11.299999999999999
vertex 284.25705080756893 -44.57500000000006 9.7
vertex 284.0570888862379 -44.28942478062686 9.7
endloop
endfacet
facet normal 0.7071067811865476 0.7071067811865476 0
outer loop
vertex 283.81057521937305 -44.042911113761974 11.299999999999999
vertex 284.05708888623786 -44.289424780627016 11.299999999999999
vertex 284.0570888862379 -44.28942478062686 9.7
endloop
endfacet
facet normal 0.7071067811865476 0.7071067811865476 0
outer loop
vertex 283.81057521937305 -44.042911113761974 11.299999999999999
vertex 284.0570888862379 -44.28942478062686 9.7
vertex 283.810575219373 -44.042911113762074 9.7
endloop
endfacet
facet normal 0.573576436351018 0.8191520442890116 0
outer loop
vertex 283.525 -43.84294919243112 11.299999999999999
vertex 283.81057521937305 -44.042911113761974 11.299999999999999
vertex 283.810575219373 -44.042911113762074 9.7
endloop
endfacet
facet normal 0.573576436351018 0.8191520442890116 0
outer loop
vertex 283.525 -43.84294919243112 11.299999999999999
vertex 283.810575219373 -44.042911113762074 9.7
vertex 283.5249999999999 -43.842949192431085 9.7
endloop
endfacet
facet normal 0.42261826174070904 0.9063077870366456 0
outer loop
vertex 283.2090402866513 -43.69561475842818 11.299999999999999
vertex 283.525 -43.84294919243112 11.299999999999999
vertex 283.5249999999999 -43.842949192431085 9.7
endloop
endfacet
facet normal 0.42261826174070904 0.9063077870366456 0
outer loop
vertex 283.2090402866513 -43.69561475842818 11.299999999999999
vertex 283.5249999999999 -43.842949192431085 9.7
vertex 283.2090402866513 -43.695614758428206 9.7
endloop
endfacet
facet normal 0.2588190451025271 0.9659258262890666 0
outer loop
vertex 282.8722963553339 -43.60538449397559 11.299999999999999
vertex 283.2090402866513 -43.69561475842818 11.299999999999999
vertex 283.2090402866513 -43.695614758428206 9.7
endloop
endfacet
facet normal 0.2588190451025271 0.9659258262890666 0
outer loop
vertex 282.8722963553339 -43.60538449397559 11.299999999999999
vertex 283.2090402866513 -43.695614758428206 9.7
vertex 282.8722963553339 -43.605384493975585 9.7
endloop
endfacet
facet normal 0.0871557427476546 0.9961946980917459 0
outer loop
vertex 282.525 -43.575 11.299999999999999
vertex 282.8722963553339 -43.60538449397559 11.299999999999999
vertex 282.8722963553339 -43.605384493975585 9.7
endloop
endfacet
facet normal 0.0871557427476546 0.9961946980917459 0
outer loop
vertex 282.525 -43.575 11.299999999999999
vertex 282.8722963553339 -43.605384493975585 9.7
vertex 282.525 -43.575 9.7
endloop
endfacet
facet normal -0.08715574274765457 0.996194698091746 0
outer loop
vertex 255.72770364466604 -43.60538449397559 11.299999999999999
vertex 256.07499999999993 -43.575 11.299999999999999
vertex 256.07500000000005 -43.575 9.7
endloop
endfacet
facet normal -0.08715574274765457 0.996194698091746 0
outer loop
vertex 255.72770364466604 -43.60538449397559 11.299999999999999
vertex 256.07500000000005 -43.575 9.7
vertex 255.7277036446661 -43.605384493975585 9.7
endloop
endfacet
facet normal -0.2588190451025271 0.9659258262890666 0
outer loop
vertex 255.39095971334868 -43.69561475842818 11.299999999999999
vertex 255.72770364466604 -43.60538449397559 11.299999999999999
vertex 255.7277036446661 -43.605384493975585 9.7
endloop
endfacet
facet normal -0.2588190451025271 0.9659258262890666 0
outer loop
vertex 255.39095971334868 -43.69561475842818 11.299999999999999
vertex 255.7277036446661 -43.605384493975585 9.7
vertex 255.3909597133486 -43.695614758428206 9.7
endloop
endfacet
facet normal -0.42261826174069195 0.9063077870366536 0
outer loop
vertex 255.07500000000002 -43.84294919243112 11.299999999999999
vertex 255.39095971334868 -43.69561475842818 11.299999999999999
vertex 255.3909597133486 -43.695614758428206 9.7
endloop
endfacet
facet normal -0.42261826174069195 0.9063077870366536 0
outer loop
vertex 255.07500000000002 -43.84294919243112 11.299999999999999
vertex 255.3909597133486 -43.695614758428206 9.7
vertex 255.07500000000007 -43.842949192431085 9.7
endloop
endfacet
facet normal -0.5735764363510599 0.8191520442889821 0
outer loop
vertex 254.78942478062703 -44.042911113761974 11.299999999999999
vertex 255.07500000000002 -43.84294919243112 11.299999999999999
vertex 255.07500000000007 -43.842949192431085 9.7
endloop
endfacet
facet normal -0.5735764363510599 0.8191520442889821 0
outer loop
vertex 254.78942478062703 -44.042911113761974 11.299999999999999
vertex 255.07500000000007 -43.842949192431085 9.7
vertex 254.7894247806269 -44.042911113762074 9.7
endloop
endfacet
facet normal -0.7071067811865617 0.7071067811865333 0
outer loop
vertex 254.542911113762 -44.289424780627016 11.299999999999999
vertex 254.78942478062703 -44.042911113761974 11.299999999999999
vertex 254.7894247806269 -44.042911113762074 9.7
endloop
endfacet
facet normal -0.7071067811865617 0.7071067811865333 0
outer loop
vertex 254.542911113762 -44.289424780627016 11.299999999999999
vertex 254.7894247806269 -44.042911113762074 9.7
vertex 254.5429111137621 -44.28942478062686 9.7
endloop
endfacet
facet normal -0.8191520442889821 0.5735764363510599 0
outer loop
vertex 254.3429491924311 -44.57500000000006 11.299999999999999
vertex 254.542911113762 -44.289424780627016 11.299999999999999
vertex 254.5429111137621 -44.28942478062686 9.7
endloop
endfacet
facet normal -0.8191520442889821 0.5735764363510599 0
outer loop
vertex 254.3429491924311 -44.57500000000006 11.299999999999999
vertex 254.5429111137621 -44.28942478062686 9.7
vertex 254.3429491924311 -44.57500000000006 9.7
endloop
endfacet
facet normal -0.9063077870366523 0.42261826174069467 0
outer loop
vertex 254.19561475842812 -44.89095971334877 11.299999999999999
vertex 254.3429491924311 -44.57500000000006 11.299999999999999
vertex 254.3429491924311 -44.57500000000006 9.7
endloop
endfacet
facet normal -0.9063077870366523 0.42261826174069467 0
outer loop
vertex 254.19561475842812 -44.89095971334877 11.299999999999999
vertex 254.3429491924311 -44.57500000000006 9.7
vertex 254.1956147584281 -44.890959713348835 9.7
endloop
endfacet
facet normal -0.9659258262890702 0.25881904510251386 0
outer loop
vertex 254.10538449397555 -45.22770364466618 11.299999999999999
vertex 254.19561475842812 -44.89095971334877 11.299999999999999
vertex 254.1956147584281 -44.890959713348835 9.7
endloop
endfacet
facet normal -0.9659258262890702 0.25881904510251386 0
outer loop
vertex 254.10538449397555 -45.22770364466618 11.299999999999999
vertex 254.1956147584281 -44.890959713348835 9.7
vertex 254.1053844939756 -45.227703644665844 9.7
endloop
endfacet
facet normal -0.9961946980917459 0.08715574274765463 0
outer loop
vertex 254.075 -45.57499999999977 11.299999999999999
vertex 254.10538449397555 -45.22770364466618 11.299999999999999
vertex 254.1053844939756 -45.227703644665844 9.7
endloop
endfacet
facet normal -0.9961946980917459 0.08715574274765463 0
outer loop
vertex 254.075 -45.57499999999977 11.299999999999999
vertex 254.1053844939756 -45.227703644665844 9.7
vertex 254.075 -45.57500000000006 9.7
endloop
endfacet
facet normal -1 0 0
outer loop
vertex 254.075 -94.69999999999958 11.299999999999999
vertex 254.075 -94.6711779206023 11.299999999999999
vertex 254.075 -94.58581929876935 11.299999999999999
endloop
endfacet
facet normal -1 0 0
outer loop
vertex 254.075 -94.69999999999958 11.299999999999999
vertex 254.075 -94.58581929876935 11.299999999999999
vertex 254.075 -94.4472044184336 11.299999999999999
endloop
endfacet
facet normal -1 0 0
outer loop
vertex 254.075 -94.69999999999958 11.299999999999999
vertex 254.075 -94.4472044184336 11.299999999999999
vertex 254.075 -94.26066017182809 11.299999999999999
endloop
endfacet
facet normal -1 0 0
outer loop
vertex 254.075 -94.69999999999958 11.299999999999999
vertex 254.075 -94.26066017182809 11.299999999999999
vertex 254.075 -94.03335534946287 11.299999999999999
endloop
endfacet
facet normal -1 0 0
outer loop
vertex 254.075 -94.69999999999958 11.299999999999999
vertex 254.075 -94.03335534946287 11.299999999999999
vertex 254.075 -93.7740251485874 11.299999999999999
endloop
endfacet
facet normal -1 0 0
outer loop
vertex 254.075 -94.69999999999958 11.299999999999999
vertex 254.075 -93.7740251485874 11.299999999999999
vertex 254.075 -93.49263548300237 11.299999999999999
endloop
endfacet
facet normal -1 0 0
outer loop
vertex 254.075 -94.69999999999958 11.299999999999999
vertex 254.075 -93.49263548300237 11.299999999999999
vertex 254.075 -93.19999999998898 11.299999999999999
endloop
endfacet
facet normal -1 0 0
outer loop
vertex 254.075 -94.69999999999958 11.299999999999999
vertex 254.075 -93.19999999998898 11.299999999999999
vertex 254.075 -92.90736451699279 11.299999999999999
endloop
endfacet
facet normal -1 0 0
outer loop
vertex 254.075 -94.69999999999958 11.299999999999999
vertex 254.075 -92.90736451699279 11.299999999999999
vertex 254.075 -92.62597485144661 11.299999999999999
endloop
endfacet
facet normal -1 0 0
outer loop
vertex 254.075 -94.69999999999958 11.299999999999999
vertex 254.075 -92.62597485144661 11.299999999999999
vertex 254.075 -92.36664465045922 11.299999999999999
endloop
endfacet
facet normal -1 0 0
outer loop
vertex 254.075 -94.69999999999958 11.299999999999999
vertex 254.075 -92.36664465045922 11.299999999999999
vertex 254.075 -92.13933982826131 11.299999999999999
endloop
endfacet
facet normal -1 0 0
outer loop
vertex 254.075 -94.69999999999958 11.299999999999999
vertex 254.075 -92.13933982826131 11.299999999999999
vertex 254.075 -91.95279558153251 11.299999999999999
endloop
endfacet
facet normal -1 0 0
outer loop
vertex 254.075 -94.69999999999958 11.299999999999999
vertex 254.075 -91.95279558153251 11.299999999999999
vertex 254.075 -91.8141807012313 11.299999999999999
endloop
endfacet
facet normal -1 0 0
outer loop
vertex 254.075 -94.69999999999958 11.299999999999999
vertex 254.075 -91.8141807012313 11.299999999999999
vertex 254.075 -91.72882207939261 11.299999999999999
endloop
endfacet
facet normal -1 0 0
outer loop
vertex 254.075 -94.69999999999958 11.299999999999999
vertex 254.075 -91.72882207939261 11.299999999999999
vertex 254.075 -91.72500000000002 11.299999999999999
endloop
endfacet
facet normal -1 0 0
outer loop
vertex 254.075 -94.69999999999958 11.299999999999999
vertex 254.075 -91.72500000000002 11.299999999999999
vertex 254.075 -91.72500000000012 9.7
endloop
endfacet
facet normal -1 0 0
outer loop
vertex 254.075 -94.69999999999958 11.299999999999999
vertex 254.075 -91.72500000000012 9.7
vertex 254.075 -91.7288220793926 9.7
endloop
endfacet
facet normal -1 0 0
outer loop
vertex 254.075 -94.69999999999958 11.299999999999999
vertex 254.075 -91.7288220793926 9.7
vertex 254.075 -91.81418070123127 9.7
endloop
endfacet
facet normal -1 0 0
outer loop
vertex 254.075 -94.69999999999958 11.299999999999999
vertex 254.075 -91.81418070123127 9.7
vertex 254.075 -91.95279558153247 9.7
endloop
endfacet
facet normal -1 0 0
outer loop
vertex 254.075 -94.69999999999958 11.299999999999999
vertex 254.075 -91.95279558153247 9.7
vertex 254.075 -92.1393398282614 9.7
endloop
endfacet
facet normal -1 0 0
outer loop
vertex 254.075 -94.69999999999958 11.299999999999999
vertex 254.075 -92.1393398282614 9.7
vertex 254.075 -92.36664465045922 9.7
endloop
endfacet
facet normal -1 0 0
outer loop
vertex 254.075 -94.69999999999958 11.299999999999999
vertex 254.075 -92.36664465045922 9.7
vertex 254.075 -92.62597485144661 9.7
endloop
endfacet
facet normal -1 0 0
outer loop
vertex 254.075 -94.69999999999958 11.299999999999999
vertex 254.075 -92.62597485144661 9.7
vertex 254.075 -92.9073645169928 9.7
endloop
endfacet
facet normal -1 0 0
outer loop
vertex 254.075 -94.69999999999958 11.299999999999999
vertex 254.075 -92.9073645169928 9.7
vertex 254.075 -93.19999999998882 9.7
endloop
endfacet
facet normal -1 0 0
outer loop
vertex 254.075 -94.69999999999958 11.299999999999999
vertex 254.075 -93.19999999998882 9.7
vertex 254.075 -93.4926354830022 9.7
endloop
endfacet
facet normal -1 0 0
outer loop
vertex 254.075 -94.69999999999958 11.299999999999999
vertex 254.075 -93.4926354830022 9.7
vertex 254.075 -93.7740251485873 9.7
endloop
endfacet
facet normal -1 0 0
outer loop
vertex 254.075 -94.69999999999958 11.299999999999999
vertex 254.075 -93.7740251485873 9.7
vertex 254.075 -94.03335534946285 9.7
endloop
endfacet
facet normal -1 0 0
outer loop
vertex 254.075 -94.69999999999958 11.299999999999999
vertex 254.075 -94.03335534946285 9.7
vertex 254.075 -94.2606601718281 9.7
endloop
endfacet
facet normal -1 0 0
outer loop
vertex 254.075 -94.69999999999958 11.299999999999999
vertex 254.075 -94.2606601718281 9.7
vertex 254.075 -94.4472044184336 9.7
endloop
endfacet
facet normal -1 0 0
outer loop
vertex 254.075 -94.69999999999958 11.299999999999999
vertex 254.075 -94.4472044184336 9.7
vertex 254.075 -94.58581929876938 9.7
endloop
endfacet
facet normal -1 0 0
outer loop
vertex 254.075 -94.69999999999958 11.299999999999999
vertex 254.075 -94.58581929876938 9.7
vertex 254.075 -94.6711779206023 9.7
endloop
endfacet
facet normal -1 0 0
outer loop
vertex 254.075 -94.69999999999958 11.299999999999999
vertex 254.075 -94.6711779206023 9.7
vertex 254.075 -94.69999999999958 9.7
endloop
endfacet
facet normal -1 0 0
outer loop
vertex 254.075 -94.69999999999958 11.299999999999999
vertex 254.075 -94.69999999999958 9.7
vertex 254.075 -97.72500000000068 9.7
endloop
endfacet
facet normal -1 0 0
outer loop
vertex 254.075 -94.69999999999958 11.299999999999999
vertex 254.075 -97.72500000000068 9.7
vertex 254.075 -97.72500000000045 11.299999999999999
endloop
endfacet
facet normal -1 0 0
outer loop
vertex 254.075 -45.57499999999977 11.299999999999999
vertex 254.075 -45.57500000000006 9.7
vertex 254.075 -88.72500000000018 9.7
endloop
endfacet
facet normal -1 0 0
outer loop
vertex 254.075 -45.57499999999977 11.299999999999999
vertex 254.075 -88.72500000000018 9.7
vertex 254.075 -88.72499999999998 11.299999999999999
endloop
endfacet
facet normal -0.9975039257724074 -0.07061103361823493 0
outer loop
vertex 254.09494421201182 -89.00674675767749 11.299999999999999
vertex 254.075 -88.72499999999998 11.299999999999999
vertex 254.075 -88.72500000000018 9.7
endloop
endfacet
facet normal -0.9975039257724074 -0.07061103361823493 0
outer loop
vertex 254.09494421201182 -89.00674675767749 11.299999999999999
vertex 254.075 -88.72500000000018 9.7
vertex 254.0949442120118 -89.00674675767756 9.7
endloop
endfacet
facet normal -0.9776092281408488 -0.21042860322174292 0
outer loop
vertex 254.1543801451932 -89.28287422263112 11.299999999999999
vertex 254.09494421201182 -89.00674675767749 11.299999999999999
vertex 254.0949442120118 -89.00674675767756 9.7
endloop
endfacet
facet normal -0.9776092281408488 -0.21042860322174292 0
outer loop
vertex 254.1543801451932 -89.28287422263112 11.299999999999999
vertex 254.0949442120118 -89.00674675767756 9.7
vertex 254.1543801451932 -89.28287422263114 9.7
endloop
endfacet
facet normal -0.9382163571321456 -0.3460492265699873 0
outer loop
vertex 254.25212236461095 -89.54787510111646 11.299999999999999
vertex 254.1543801451932 -89.28287422263112 11.299999999999999
vertex 254.1543801451932 -89.28287422263114 9.7
endloop
endfacet
facet normal -0.9382163571321456 -0.3460492265699873 0
outer loop
vertex 254.25212236461095 -89.54787510111646 11.299999999999999
vertex 254.1543801451932 -89.28287422263114 9.7
vertex 254.25212236461095 -89.54787510111625 9.7
endloop
endfacet
facet normal -0.8801109937797902 -0.47476798399634146 0
outer loop
vertex 254.38622142596216 -89.79646401639502 11.299999999999999
vertex 254.25212236461095 -89.54787510111646 11.299999999999999
vertex 254.25212236461095 -89.54787510111625 9.7
endloop
endfacet
facet normal -0.8801109937797902 -0.47476798399634146 0
outer loop
vertex 254.38622142596216 -89.79646401639502 11.299999999999999
vertex 254.25212236461095 -89.54787510111625 9.7
vertex 254.38622142596225 -89.79646401639519 9.7
endloop
endfacet
facet normal -0.8044520351320629 -0.5940176118364523 0
outer loop
vertex 254.5540027567561 -90.02368292426078 11.299999999999999
vertex 254.38622142596216 -89.79646401639502 11.299999999999999
vertex 254.38622142596225 -89.79646401639519 9.7
endloop
endfacet
facet normal -0.8044520351320629 -0.5940176118364523 0
outer loop
vertex 254.5540027567561 -90.02368292426078 11.299999999999999
vertex 254.38622142596225 -89.79646401639519 9.7
vertex 254.55400275675623 -90.02368292426074 9.7
endloop
endfacet
facet normal -0.7127484803378411 -0.701419705865253 0
outer loop
vertex 254.75211999999996 -90.22499999999995 11.299999999999999
vertex 254.5540027567561 -90.02368292426078 11.299999999999999
vertex 254.55400275675623 -90.02368292426074 9.7
endloop
endfacet
facet normal -0.7127484803378411 -0.701419705865253 0
outer loop
vertex 254.75211999999996 -90.22499999999995 11.299999999999999
vertex 254.55400275675623 -90.02368292426074 9.7
vertex 254.75211999999996 -90.22499999999998 9.7
endloop
endfacet
facet normal -0.7127484803377988 0.7014197058652961 0
outer loop
vertex 254.5540027567567 -90.4263170757394 11.299999999999999
vertex 254.75211999999996 -90.22499999999995 11.299999999999999
vertex 254.75211999999996 -90.22499999999998 9.7
endloop
endfacet
facet normal -0.7127484803377988 0.7014197058652961 0
outer loop
vertex 254.5540027567567 -90.4263170757394 11.299999999999999
vertex 254.75211999999996 -90.22499999999998 9.7
vertex 254.55400275675638 -90.42631707573923 9.7
endloop
endfacet
facet normal -0.8044520351320443 0.5940176118364775 0
outer loop
vertex 254.3862214259622 -90.65353598360483 11.299999999999999
vertex 254.5540027567567 -90.4263170757394 11.299999999999999
vertex 254.55400275675638 -90.42631707573923 9.7
endloop
endfacet
facet normal -0.8044520351320443 0.5940176118364775 0
outer loop
vertex 254.3862214259622 -90.65353598360483 11.299999999999999
vertex 254.55400275675638 -90.42631707573923 9.7
vertex 254.3862214259621 -90.65353598360494 9.7
endloop
endfacet
facet normal -0.8801109937798203 0.47476798399628556 0
outer loop
vertex 254.25212236461076 -90.90212489888363 11.299999999999999
vertex 254.3862214259622 -90.65353598360483 11.299999999999999
vertex 254.3862214259621 -90.65353598360494 9.7
endloop
endfacet
facet normal -0.8801109937798203 0.47476798399628556 0
outer loop
vertex 254.25212236461076 -90.90212489888363 11.299999999999999
vertex 254.3862214259621 -90.65353598360494 9.7
vertex 254.25212236461087 -90.90212489888386 9.7
endloop
endfacet
facet normal -0.9382163571321547 0.3460492265699623 0
outer loop
vertex 254.15438014519333 -91.16712577736904 11.299999999999999
vertex 254.25212236461076 -90.90212489888363 11.299999999999999
vertex 254.25212236461087 -90.90212489888386 9.7
endloop
endfacet
facet normal -0.9382163571321547 0.3460492265699623 0
outer loop
vertex 254.15438014519333 -91.16712577736904 11.299999999999999
vertex 254.25212236461087 -90.90212489888386 9.7
vertex 254.15438014519333 -91.16712577736865 9.7
endloop
endfacet
facet normal -0.977609228140855 0.2104286032217143 0
outer loop
vertex 254.0949442120118 -91.44325324232219 11.299999999999999
vertex 254.15438014519333 -91.16712577736904 11.299999999999999
vertex 254.15438014519333 -91.16712577736865 9.7
endloop
endfacet
facet normal -0.977609228140855 0.2104286032217143 0
outer loop
vertex 254.0949442120118 -91.44325324232219 11.299999999999999
vertex 254.15438014519333 -91.16712577736865 9.7
vertex 254.0949442120118 -91.44325324232234 9.7
endloop
endfacet
facet normal 0 0 -1
outer loop
vertex 254.075 -91.72500000000002 11.299999999999999
vertex 254.07676969312584 -91.69999999999993 11.299999999999999
vertex 254.0949442120118 -91.44325324232219 11.299999999999999
endloop
endfacet
facet normal 0 0 -1
outer loop
vertex 254.075 -91.72500000000002 11.299999999999999
vertex 254.0949442120118 -91.44325324232219 11.299999999999999
vertex 254.0949442120118 -91.44325324232234 9.7
endloop
endfacet
facet normal 0 0 -1
outer loop
vertex 254.075 -91.72500000000002 11.299999999999999
vertex 254.0949442120118 -91.44325324232234 9.7
vertex 254.07676969312587 -91.69999999999992 9.7
endloop
endfacet
facet normal 0 0 -1
outer loop
vertex 254.075 -91.72500000000002 11.299999999999999
vertex 254.07676969312587 -91.69999999999992 9.7
vertex 254.075 -91.72500000000012 9.7
endloop
endfacet
facet normal -0.9961946980917434 -0.08715574274768315 0
outer loop
vertex 254.10538449397555 -98.072296355334 11.299999999999999
vertex 254.075 -97.72500000000045 11.299999999999999
vertex 254.075 -97.72500000000068 9.7
endloop
endfacet
facet normal -0.9961946980917434 -0.08715574274768315 0
outer loop
vertex 254.10538449397555 -98.072296355334 11.299999999999999
vertex 254.075 -97.72500000000068 9.7
vertex 254.10538449397558 -98.07229635533426 9.7
endloop
endfacet
facet normal -0.9659258262890708 -0.25881904510251214 0
outer loop
vertex 254.1956147584282 -98.40904028665071 11.299999999999999
vertex 254.10538449397555 -98.072296355334 11.299999999999999
vertex 254.10538449397558 -98.07229635533426 9.7
endloop
endfacet
facet normal -0.9659258262890708 -0.25881904510251214 0
outer loop
vertex 254.1956147584282 -98.40904028665071 11.299999999999999
vertex 254.10538449397558 -98.07229635533426 9.7
vertex 254.19561475842818 -98.4090402866506 9.7
endloop
endfacet
facet normal -0.9063077870366388 -0.4226182617407234 0
outer loop
vertex 254.34294919243112 -98.7250000000001 11.299999999999999
vertex 254.1956147584282 -98.40904028665071 11.299999999999999
vertex 254.19561475842818 -98.4090402866506 9.7
endloop
endfacet
facet normal -0.9063077870366388 -0.4226182617407234 0
outer loop
vertex 254.34294919243112 -98.7250000000001 11.299999999999999
vertex 254.19561475842818 -98.4090402866506 9.7
vertex 254.34294919243115 -98.72500000000025 9.7
endloop
endfacet
facet normal -0.8191520442889821 -0.5735764363510599 0
outer loop
vertex 254.5429111137619 -99.01057521937292 11.299999999999999
vertex 254.34294919243112 -98.7250000000001 11.299999999999999
vertex 254.34294919243115 -98.72500000000025 9.7
endloop
endfacet
facet normal -0.8191520442889821 -0.5735764363510599 0
outer loop
vertex 254.5429111137619 -99.01057521937292 11.299999999999999
vertex 254.34294919243115 -98.72500000000025 9.7
vertex 254.54291111376193 -99.01057521937297 9.7
endloop
endfacet
facet normal -0.707106781186576 -0.7071067811865192 0
outer loop
vertex 254.78942478062712 -99.25708888623804 11.299999999999999
vertex 254.5429111137619 -99.01057521937292 11.299999999999999
vertex 254.54291111376193 -99.01057521937297 9.7
endloop
endfacet
facet normal -0.707106781186576 -0.7071067811865192 0
outer loop
vertex 254.78942478062712 -99.25708888623804 11.299999999999999
vertex 254.54291111376193 -99.01057521937297 9.7
vertex 254.78942478062697 -99.2570888862381 9.7
endloop
endfacet
facet normal -0.573576436351068 -0.8191520442889765 0
outer loop
vertex 255.07500000000005 -99.45705080756893 11.299999999999999
vertex 254.78942478062712 -99.25708888623804 11.299999999999999
vertex 254.78942478062697 -99.2570888862381 9.7
endloop
endfacet
facet normal -0.573576436351068 -0.8191520442889765 0
outer loop
vertex 255.07500000000005 -99.45705080756893 11.299999999999999
vertex 254.78942478062697 -99.2570888862381 9.7
vertex 255.07499999999993 -99.45705080756888 9.7
endloop
endfacet
facet normal -0.4226182617406773 -0.9063077870366604 0
outer loop
vertex 255.39095971334876 -99.60438524157179 11.299999999999999
vertex 255.07500000000005 -99.45705080756893 11.299999999999999
vertex 255.07499999999993 -99.45705080756888 9.7
endloop
endfacet
facet normal -0.4226182617406773 -0.9063077870366604 0
outer loop
vertex 255.39095971334876 -99.60438524157179 11.299999999999999
vertex 255.07499999999993 -99.45705080756888 9.7
vertex 255.3909597133487 -99.60438524157183 9.7
endloop
endfacet
facet normal -0.2588190451025271 -0.9659258262890666 0
outer loop
vertex 255.72770364466604 -99.6946155060244 11.299999999999999
vertex 255.39095971334876 -99.60438524157179 11.299999999999999
vertex 255.3909597133487 -99.60438524157183 9.7
endloop
endfacet
facet normal -0.2588190451025271 -0.9659258262890666 0
outer loop
vertex 255.72770364466604 -99.6946155060244 11.299999999999999
vertex 255.3909597133487 -99.60438524157183 9.7
vertex 255.72770364466598 -99.6946155060244 9.7
endloop
endfacet
facet normal -0.08715574274765457 -0.996194698091746 0
outer loop
vertex 256.07499999999993 -99.725 11.299999999999999
vertex 255.72770364466604 -99.6946155060244 11.299999999999999
vertex 255.72770364466598 -99.6946155060244 9.7
endloop
endfacet
facet normal -0.08715574274765457 -0.996194698091746 0
outer loop
vertex 256.07499999999993 -99.725 11.299999999999999
vertex 255.72770364466598 -99.6946155060244 9.7
vertex 256.07500000000005 -99.725 9.7
endloop
endfacet
facet normal 0.08715574274766874 -0.9961946980917447 0
outer loop
vertex 282.8722963553339 -99.6946155060244 11.299999999999999
vertex 282.52500000000003 -99.725 11.299999999999999
vertex 282.52500000000003 -99.725 9.7
endloop
endfacet
facet normal 0.08715574274766874 -0.9961946980917447 0
outer loop
vertex 282.8722963553339 -99.6946155060244 11.299999999999999
vertex 282.52500000000003 -99.725 9.7
vertex 282.8722963553339 -99.6946155060244 9.7
endloop
endfacet
facet normal 0.25881904510254045 -0.9659258262890632 0
outer loop
vertex 283.20904028665143 -99.60438524157179 11.299999999999999
vertex 282.8722963553339 -99.6946155060244 11.299999999999999
vertex 282.8722963553339 -99.6946155060244 9.7
endloop
endfacet
facet normal 0.25881904510254045 -0.9659258262890632 0
outer loop
vertex 283.20904028665143 -99.60438524157179 11.299999999999999
vertex 282.8722963553339 -99.6946155060244 9.7
vertex 283.20904028665126 -99.60438524157183 9.7
endloop
endfacet
facet normal 0.42261826174066586 -0.9063077870366657 0
outer loop
vertex 283.5249999999999 -99.45705080756893 11.299999999999999
vertex 283.20904028665143 -99.60438524157179 11.299999999999999
vertex 283.20904028665126 -99.60438524157183 9.7
endloop
endfacet
facet normal 0.42261826174066586 -0.9063077870366657 0
outer loop
vertex 283.5249999999999 -99.45705080756893 11.299999999999999
vertex 283.20904028665126 -99.60438524157183 9.7
vertex 283.525 -99.45705080756888 9.7
endloop
endfacet
facet normal 0.5735764363510408 -0.8191520442889955 0
outer loop
vertex 283.81057521937294 -99.25708888623804 11.299999999999999
vertex 283.5249999999999 -99.45705080756893 11.299999999999999
vertex 283.525 -99.45705080756888 9.7
endloop
endfacet
facet normal 0.5735764363510408 -0.8191520442889955 0
outer loop
vertex 283.81057521937294 -99.25708888623804 11.299999999999999
vertex 283.525 -99.45705080756888 9.7
vertex 283.8105752193729 -99.2570888862381 9.7
endloop
endfacet
facet normal 0.7071067811865901 -0.7071067811865048 0
outer loop
vertex 284.05708888623803 -99.01057521937292 11.299999999999999
vertex 283.81057521937294 -99.25708888623804 11.299999999999999
vertex 283.8105752193729 -99.2570888862381 9.7
endloop
endfacet
facet normal 0.7071067811865901 -0.7071067811865048 0
outer loop
vertex 284.05708888623803 -99.01057521937292 11.299999999999999
vertex 283.8105752193729 -99.2570888862381 9.7
vertex 284.057088886238 -99.01057521937297 9.7
endloop
endfacet
facet normal 0.8191520442889461 -0.5735764363511113 0
outer loop
vertex 284.2570508075688 -98.7250000000001 11.299999999999999
vertex 284.05708888623803 -99.01057521937292 11.299999999999999
vertex 284.057088886238 -99.01057521937297 9.7
endloop
endfacet
facet normal 0.8191520442889461 -0.5735764363511113 0
outer loop
vertex 284.2570508075688 -98.7250000000001 11.299999999999999
vertex 284.057088886238 -99.01057521937297 9.7
vertex 284.25705080756865 -98.72500000000025 9.7
endloop
endfacet
facet normal 0.9063077870366791 -0.42261826174063705 0
outer loop
vertex 284.4043852415721 -98.40904028665071 11.299999999999999
vertex 284.2570508075688 -98.7250000000001 11.299999999999999
vertex 284.25705080756865 -98.72500000000025 9.7
endloop
endfacet
facet normal 0.9063077870366791 -0.42261826174063705 0
outer loop
vertex 284.4043852415721 -98.40904028665071 11.299999999999999
vertex 284.25705080756865 -98.72500000000025 9.7
vertex 284.4043852415721 -98.4090402866506 9.7
endloop
endfacet
facet normal 0.9659258262890632 -0.25881904510254045 0
outer loop
vertex 284.49461550602445 -98.072296355334 11.299999999999999
vertex 284.4043852415721 -98.40904028665071 11.299999999999999
vertex 284.4043852415721 -98.4090402866506 9.7
endloop
endfacet
facet normal 0.9659258262890632 -0.25881904510254045 0
outer loop
vertex 284.49461550602445 -98.072296355334 11.299999999999999
vertex 284.4043852415721 -98.4090402866506 9.7
vertex 284.4946155060244 -98.07229635533426 9.7
endloop
endfacet
facet normal 0.9961946980917459 -0.08715574274765463 0
outer loop
vertex 284.525 -97.72500000000045 11.299999999999999
vertex 284.49461550602445 -98.072296355334 11.299999999999999
vertex 284.4946155060244 -98.07229635533426 9.7
endloop
endfacet
facet normal 0.9961946980917459 -0.08715574274765463 0
outer loop
vertex 284.525 -97.72500000000045 11.299999999999999
vertex 284.4946155060244 -98.07229635533426 9.7
vertex 284.525 -97.72500000000068 9.7
endloop
endfacet
facet normal 0 0 1
outer loop
vertex 284.5050557879881 -91.44325324232219 11.299999999999999
vertex 284.5232303068741 -91.69999999999993 11.299999999999999
vertex 284.525 -91.72500000000002 11.299999999999999
endloop
endfacet
facet normal 0 0 1
outer loop
vertex 284.5050557879881 -91.44325324232219 11.299999999999999
vertex 284.525 -91.72500000000002 11.299999999999999
vertex 284.525 -91.72500000000012 9.7
endloop
endfacet
facet normal 0 0 1
outer loop
vertex 284.5050557879881 -91.44325324232219 11.299999999999999
vertex 284.525 -91.72500000000012 9.7
vertex 284.5232303068741 -91.69999999999992 9.7
endloop
endfacet
facet normal 0 0 1
outer loop
vertex 284.5050557879881 -91.44325324232219 11.299999999999999
vertex 284.5232303068741 -91.69999999999992 9.7
vertex 284.5050557879881 -91.44325324232234 9.7
endloop
endfacet
facet normal 0.9776092281408305 0.21042860322182882 0
outer loop
vertex 284.44561985480675 -91.16712577736904 11.299999999999999
vertex 284.5050557879881 -91.44325324232219 11.299999999999999
vertex 284.5050557879881 -91.44325324232234 9.7
endloop
endfacet
facet normal 0.9776092281408305 0.21042860322182882 0
outer loop
vertex 284.44561985480675 -91.16712577736904 11.299999999999999
vertex 284.5050557879881 -91.44325324232234 9.7
vertex 284.44561985480664 -91.16712577736865 9.7
endloop
endfacet
facet normal 0.9382163571321767 0.34604922656990306 0
outer loop
vertex 284.3478776353889 -90.90212489888363 11.299999999999999
vertex 284.44561985480675 -91.16712577736904 11.299999999999999
vertex 284.44561985480664 -91.16712577736865 9.7
endloop
endfacet
facet normal 0.9382163571321767 0.34604922656990306 0
outer loop
vertex 284.3478776353889 -90.90212489888363 11.299999999999999
vertex 284.44561985480664 -91.16712577736865 9.7
vertex 284.347877635389 -90.90212489888386 9.7
endloop
endfacet
facet normal 0.8801109937797902 0.47476798399634146 0
outer loop
vertex 284.2137785740377 -90.65353598360483 11.299999999999999
vertex 284.3478776353889 -90.90212489888363 11.299999999999999
vertex 284.347877635389 -90.90212489888386 9.7
endloop
endfacet
facet normal 0.8801109937797902 0.47476798399634146 0
outer loop
vertex 284.2137785740377 -90.65353598360483 11.299999999999999
vertex 284.347877635389 -90.90212489888386 9.7
vertex 284.21377857403775 -90.65353598360494 9.7
endloop
endfacet
facet normal 0.8044520351320866 0.5940176118364204 0
outer loop
vertex 284.0459972432438 -90.4263170757394 11.299999999999999
vertex 284.2137785740377 -90.65353598360483 11.299999999999999
vertex 284.21377857403775 -90.65353598360494 9.7
endloop
endfacet
facet normal 0.8044520351320866 0.5940176118364204 0
outer loop
vertex 284.0459972432438 -90.4263170757394 11.299999999999999
vertex 284.21377857403775 -90.65353598360494 9.7
vertex 284.0459972432437 -90.42631707573923 9.7
endloop
endfacet
facet normal 0.7127484803377636 0.7014197058653319 0
outer loop
vertex 283.8478799999999 -90.22499999999995 11.299999999999999
vertex 284.0459972432438 -90.4263170757394 11.299999999999999
vertex 284.0459972432437 -90.42631707573923 9.7
endloop
endfacet
facet normal 0.7127484803377636 0.7014197058653319 0
outer loop
vertex 283.8478799999999 -90.22499999999995 11.299999999999999
vertex 284.0459972432437 -90.42631707573923 9.7
vertex 283.8478800000001 -90.22499999999998 9.7
endloop
endfacet
facet normal -0.9951847266721956 0.09801714032957415 0
outer loop
vertex 232.42117792060375 -93.49263548300237 11.299999999999999
vertex 232.45000000000047 -93.19999999998898 11.299999999999999
vertex 232.45000000000047 -93.19999999998882 9.7
endloop
endfacet
facet normal -0.9951847266721956 0.09801714032957415 0
outer loop
vertex 232.42117792060375 -93.49263548300237 11.299999999999999
vertex 232.45000000000047 -93.19999999998882 9.7
vertex 232.42117792060637 -93.4926354830022 9.7
endloop
endfacet
facet normal -0.9951847266721956 -0.09801714032957415 0
outer loop
vertex 232.45000000000047 -93.19999999998898 11.299999999999999
vertex 232.42117792060807 -92.90736451699279 11.299999999999999
vertex 232.42117792060807 -92.9073645169928 9.7
endloop
endfacet
facet normal -0.9951847266721956 -0.09801714032957415 0
outer loop
vertex 232.45000000000047 -93.19999999998898 11.299999999999999
vertex 232.42117792060807 -92.9073645169928 9.7
vertex 232.45000000000047 -93.19999999998882 9.7
endloop
endfacet
facet normal -0.9569403357322133 -0.2902846772544479 0
outer loop
vertex 232.42117792060807 -92.90736451699279 11.299999999999999
vertex 232.33581929876328 -92.62597485144661 11.299999999999999
vertex 232.33581929876328 -92.62597485144661 9.7
endloop
endfacet
facet normal -0.9569403357322133 -0.2902846772544479 0
outer loop
vertex 232.42117792060807 -92.90736451699279 11.299999999999999
vertex 232.33581929876328 -92.62597485144661 9.7
vertex 232.42117792060807 -92.9073645169928 9.7
endloop
endfacet
facet normal -0.8819212643483284 -0.47139673682604744 0
outer loop
vertex 232.33581929876328 -92.62597485144661 11.299999999999999
vertex 232.19720441844714 -92.36664465045922 11.299999999999999
vertex 232.19720441844717 -92.36664465045922 9.7
endloop
endfacet
facet normal -0.8819212643483284 -0.47139673682604744 0
outer loop
vertex 232.33581929876328 -92.62597485144661 11.299999999999999
vertex 232.19720441844717 -92.36664465045922 9.7
vertex 232.33581929876328 -92.62597485144661 9.7
endloop
endfacet
facet normal -0.7730104533627572 -0.6343932841636208 0
outer loop
vertex 232.19720441844714 -92.36664465045922 11.299999999999999
vertex 232.01066017181626 -92.13933982826131 11.299999999999999
vertex 232.01066017181634 -92.1393398282614 9.7
endloop
endfacet
facet normal -0.7730104533627572 -0.6343932841636208 0
outer loop
vertex 232.19720441844714 -92.36664465045922 11.299999999999999
vertex 232.01066017181634 -92.1393398282614 9.7
vertex 232.19720441844717 -92.36664465045922 9.7
endloop
endfacet
facet normal -0.6343932841636596 -0.7730104533627256 0
outer loop
vertex 232.01066017181626 -92.13933982826131 11.299999999999999
vertex 231.78335534949906 -91.95279558153251 11.299999999999999
vertex 231.783355349499 -91.95279558153247 9.7
endloop
endfacet
facet normal -0.6343932841636596 -0.7730104533627256 0
outer loop
vertex 232.01066017181626 -92.13933982826131 11.299999999999999
vertex 231.783355349499 -91.95279558153247 9.7
vertex 232.01066017181634 -92.1393398282614 9.7
endloop
endfacet
facet normal -0.47139673682602595 -0.88192126434834 0
outer loop
vertex 231.78335534949906 -91.95279558153251 11.299999999999999
vertex 231.52402514853955 -91.8141807012313 11.299999999999999
vertex 231.52402514853952 -91.81418070123127 9.7
endloop
endfacet
facet normal -0.47139673682602595 -0.88192126434834 0
outer loop
vertex 231.78335534949906 -91.95279558153251 11.299999999999999
vertex 231.52402514853952 -91.81418070123127 9.7
vertex 231.783355349499 -91.95279558153247 9.7
endloop
endfacet
facet normal -0.2902846772544479 -0.9569403357322133 0
outer loop
vertex 231.52402514853955 -91.8141807012313 11.299999999999999
vertex 231.24263548301357 -91.72882207939261 11.299999999999999
vertex 231.2426354830136 -91.7288220793926 9.7
endloop
endfacet
facet normal -0.2902846772544479 -0.9569403357322133 0
outer loop
vertex 231.52402514853955 -91.8141807012313 11.299999999999999
vertex 231.2426354830136 -91.7288220793926 9.7
vertex 231.52402514853952 -91.81418070123127 9.7
endloop
endfacet
facet normal -0.09801714032955997 -0.9951847266721969 0
outer loop
vertex 231.24263548301357 -91.72882207939261 11.299999999999999
vertex 230.9500000000145 -91.69999999999993 11.299999999999999
vertex 230.95000000001454 -91.69999999999992 9.7
endloop
endfacet
facet normal -0.09801714032955997 -0.9951847266721969 0
outer loop
vertex 231.24263548301357 -91.72882207939261 11.299999999999999
vertex 230.95000000001454 -91.69999999999992 9.7
vertex 231.2426354830136 -91.7288220793926 9.7
endloop
endfacet
facet normal 0.09801714032956006 -0.9951847266721969 0
outer loop
vertex 230.9500000000145 -91.69999999999993 11.299999999999999
vertex 230.6573645169667 -91.72882207939261 11.299999999999999
vertex 230.65736451701545 -91.7288220793926 9.7
endloop
endfacet
facet normal 0.09801714032956006 -0.9951847266721969 0
outer loop
vertex 230.9500000000145 -91.69999999999993 11.299999999999999
vertex 230.65736451701545 -91.7288220793926 9.7
vertex 230.95000000001454 -91.69999999999992 9.7
endloop
endfacet
facet normal 0.2902846772544479 -0.9569403357322133 0
outer loop
vertex 230.6573645169667 -91.72882207939261 11.299999999999999
vertex 230.37597485145682 -91.8141807012313 11.299999999999999
vertex 230.37597485144136 -91.81418070123127 9.7
endloop
endfacet
facet normal 0.2902846772544479 -0.9569403357322133 0
outer loop
vertex 230.6573645169667 -91.72882207939261 11.299999999999999
vertex 230.37597485144136 -91.81418070123127 9.7
vertex 230.65736451701545 -91.7288220793926 9.7
endloop
endfacet
facet normal 0.4713967368259914 -0.8819212643483584 0
outer loop
vertex 230.37597485145682 -91.8141807012313 11.299999999999999
vertex 230.11664465045848 -91.95279558153251 11.299999999999999
vertex 230.1166446504974 -91.95279558153247 9.7
endloop
endfacet
facet normal 0.4713967368259914 -0.8819212643483584 0
outer loop
vertex 230.37597485145682 -91.8141807012313 11.299999999999999
vertex 230.1166446504974 -91.95279558153247 9.7
vertex 230.37597485144136 -91.81418070123127 9.7
endloop
endfacet
facet normal 0.6343932841636518 -0.7730104533627319 0
outer loop
vertex 230.11664465045848 -91.95279558153251 11.299999999999999
vertex 229.88933982822527 -92.13933982826131 11.299999999999999
vertex 229.88933982814157 -92.1393398282614 9.7
endloop
endfacet
facet normal 0.6343932841636518 -0.7730104533627319 0
outer loop
vertex 230.11664465045848 -91.95279558153251 11.299999999999999
vertex 229.88933982814157 -92.1393398282614 9.7
vertex 230.1166446504974 -91.95279558153247 9.7
endloop
endfacet
facet normal 0.7730104533627825 -0.63439328416359 0
outer loop
vertex 229.88933982822527 -92.13933982826131 11.299999999999999
vertex 229.70279558154832 -92.36664465045922 11.299999999999999
vertex 229.7027955815932 -92.36664465045922 9.7
endloop
endfacet
facet normal 0.7730104533627825 -0.63439328416359 0
outer loop
vertex 229.88933982822527 -92.13933982826131 11.299999999999999
vertex 229.7027955815932 -92.36664465045922 9.7
vertex 229.88933982814157 -92.1393398282614 9.7
endloop
endfacet
facet normal 0.8819212643483284 -0.47139673682604744 0
outer loop
vertex 229.70279558154832 -92.36664465045922 11.299999999999999
vertex 229.56418070123362 -92.62597485144661 11.299999999999999
vertex 229.56418070123252 -92.62597485144661 9.7
endloop
endfacet
facet normal 0.8819212643483284 -0.47139673682604744 0
outer loop
vertex 229.70279558154832 -92.36664465045922 11.299999999999999
vertex 229.56418070123252 -92.62597485144661 9.7
vertex 229.7027955815932 -92.36664465045922 9.7
endloop
endfacet
facet normal 0.9569403357322133 -0.2902846772544479 0
outer loop
vertex 229.56418070123362 -92.62597485144661 11.299999999999999
vertex 229.47882207939398 -92.90736451699279 11.299999999999999
vertex 229.47882207938892 -92.9073645169928 9.7
endloop
endfacet
facet normal 0.9569403357322133 -0.2902846772544479 0
outer loop
vertex 229.56418070123362 -92.62597485144661 11.299999999999999
vertex 229.47882207938892 -92.9073645169928 9.7
vertex 229.56418070123252 -92.62597485144661 9.7
endloop
endfacet
facet normal 0.9951847266721956 -0.09801714032957415 0
outer loop
vertex 229.47882207939398 -92.90736451699279 11.299999999999999
vertex 229.45000000000033 -93.19999999998898 11.299999999999999
vertex 229.4500000000015 -93.19999999998882 9.7
endloop
endfacet
facet normal 0.9951847266721956 -0.09801714032957415 0
outer loop
vertex 229.47882207939398 -92.90736451699279 11.299999999999999
vertex 229.4500000000015 -93.19999999998882 9.7
vertex 229.47882207938892 -92.9073645169928 9.7
endloop
endfacet
facet normal 0.9951847266721956 0.09801714032957415 0
outer loop
vertex 229.45000000000033 -93.19999999998898 11.299999999999999
vertex 229.47882207939804 -93.49263548300237 11.299999999999999
vertex 229.47882207939443 -93.4926354830022 9.7
endloop
endfacet
facet normal 0.9951847266721956 0.09801714032957415 0
outer loop
vertex 229.45000000000033 -93.19999999998898 11.299999999999999
vertex 229.47882207939443 -93.4926354830022 9.7
vertex 229.4500000000015 -93.19999999998882 9.7
endloop
endfacet
facet normal 0.9569403357322133 0.2902846772544479 0
outer loop
vertex 229.47882207939804 -93.49263548300237 11.299999999999999
vertex 229.56418070122024 -93.7740251485874 11.299999999999999
vertex 229.56418070125235 -93.7740251485873 9.7
endloop
endfacet
facet normal 0.9569403357322133 0.2902846772544479 0
outer loop
vertex 229.47882207939804 -93.49263548300237 11.299999999999999
vertex 229.56418070125235 -93.7740251485873 9.7
vertex 229.47882207939443 -93.4926354830022 9.7
endloop
endfacet
facet normal 0.8819212643483103 0.4713967368260814 0
outer loop
vertex 229.56418070122024 -93.7740251485874 11.299999999999999
vertex 229.7027955815555 -94.03335534946287 11.299999999999999
vertex 229.70279558148792 -94.03335534946285 9.7
endloop
endfacet
facet normal 0.8819212643483103 0.4713967368260814 0
outer loop
vertex 229.56418070122024 -93.7740251485874 11.299999999999999
vertex 229.70279558148792 -94.03335534946285 9.7
vertex 229.56418070125235 -93.7740251485873 9.7
endloop
endfacet
facet normal 0.7730104533627572 0.6343932841636208 0
outer loop
vertex 229.7027955815555 -94.03335534946287 11.299999999999999
vertex 229.8893398282282 -94.26066017182809 11.299999999999999
vertex 229.88933982830002 -94.2606601718281 9.7
endloop
endfacet
facet normal 0.7730104533627572 0.6343932841636208 0
outer loop
vertex 229.7027955815555 -94.03335534946287 11.299999999999999
vertex 229.88933982830002 -94.2606601718281 9.7
vertex 229.70279558148792 -94.03335534946285 9.7
endloop
endfacet
facet normal 0.6343932841636442 0.7730104533627382 0
outer loop
vertex 229.8893398282282 -94.26066017182809 11.299999999999999
vertex 230.11664465047863 -94.4472044184336 11.299999999999999
vertex 230.11664465043205 -94.4472044184336 9.7
endloop
endfacet
facet normal 0.6343932841636442 0.7730104533627382 0
outer loop
vertex 229.8893398282282 -94.26066017182809 11.299999999999999
vertex 230.11664465043205 -94.4472044184336 9.7
vertex 229.88933982830002 -94.2606601718281 9.7
endloop
endfacet
facet normal 0.4713967368260049 0.8819212643483512 0
outer loop
vertex 230.11664465047863 -94.4472044184336 11.299999999999999
vertex 230.37597485145812 -94.58581929876935 11.299999999999999
vertex 230.37597485145864 -94.58581929876938 9.7
endloop
endfacet
facet normal 0.4713967368260049 0.8819212643483512 0
outer loop
vertex 230.11664465047863 -94.4472044184336 11.299999999999999
vertex 230.37597485145864 -94.58581929876938 9.7
vertex 230.11664465043205 -94.4472044184336 9.7
endloop
endfacet
facet normal 0.2902846772544479 0.9569403357322133 0
outer loop
vertex 230.37597485145812 -94.58581929876935 11.299999999999999
vertex 230.65736451696523 -94.6711779206023 11.299999999999999
vertex 230.65736451696745 -94.6711779206023 9.7
endloop
endfacet
facet normal 0.2902846772544479 0.9569403357322133 0
outer loop
vertex 230.37597485145812 -94.58581929876935 11.299999999999999
vertex 230.65736451696745 -94.6711779206023 9.7
vertex 230.37597485145864 -94.58581929876938 9.7
endloop
endfacet
facet normal 0.09801714032955997 0.9951847266721969 0
outer loop
vertex 230.65736451696523 -94.6711779206023 11.299999999999999
vertex 230.9500000000109 -94.69999999999958 11.299999999999999
vertex 230.95000000001093 -94.69999999999958 9.7
endloop
endfacet
facet normal 0.09801714032955997 0.9951847266721969 0
outer loop
vertex 230.65736451696523 -94.6711779206023 11.299999999999999
vertex 230.95000000001093 -94.69999999999958 9.7
vertex 230.65736451696745 -94.6711779206023 9.7
endloop
endfacet
facet normal -0.09801714032956006 0.9951847266721969 0
outer loop
vertex 230.9500000000109 -94.69999999999958 11.299999999999999
vertex 231.24263548306513 -94.6711779206023 11.299999999999999
vertex 231.2426354830117 -94.6711779206023 9.7
endloop
endfacet
facet normal -0.09801714032956006 0.9951847266721969 0
outer loop
vertex 230.9500000000109 -94.69999999999958 11.299999999999999
vertex 231.2426354830117 -94.6711779206023 9.7
vertex 230.95000000001093 -94.69999999999958 9.7
endloop
endfacet
facet normal -0.2902846772544479 0.9569403357322133 0
outer loop
vertex 231.24263548306513 -94.6711779206023 11.299999999999999
vertex 231.52402514852355 -94.58581929876935 11.299999999999999
vertex 231.52402514856317 -94.58581929876938 9.7
endloop
endfacet
facet normal -0.2902846772544479 0.9569403357322133 0
outer loop
vertex 231.24263548306513 -94.6711779206023 11.299999999999999
vertex 231.52402514856317 -94.58581929876938 9.7
vertex 231.2426354830117 -94.6711779206023 9.7
endloop
endfacet
facet normal -0.4713967368259914 0.8819212643483584 0
outer loop
vertex 231.52402514852355 -94.58581929876935 11.299999999999999
vertex 231.78335534958293 -94.4472044184336 11.299999999999999
vertex 231.7833553495087 -94.4472044184336 9.7
endloop
endfacet
facet normal -0.4713967368259914 0.8819212643483584 0
outer loop
vertex 231.52402514852355 -94.58581929876935 11.299999999999999
vertex 231.7833553495087 -94.4472044184336 9.7
vertex 231.52402514856317 -94.58581929876938 9.7
endloop
endfacet
facet normal -0.6343932841636518 0.7730104533627319 0
outer loop
vertex 231.78335534958293 -94.4472044184336 11.299999999999999
vertex 232.01066017169174 -94.26066017182809 11.299999999999999
vertex 232.01066017178516 -94.2606601718281 9.7
endloop
endfacet
facet normal -0.6343932841636518 0.7730104533627319 0
outer loop
vertex 231.78335534958293 -94.4472044184336 11.299999999999999
vertex 232.01066017178516 -94.2606601718281 9.7
vertex 231.7833553495087 -94.4472044184336 9.7
endloop
endfacet
facet normal -0.7730104533627825 0.63439328416359 0
outer loop
vertex 232.01066017169174 -94.26066017182809 11.299999999999999
vertex 232.1972044185311 -94.03335534946287 11.299999999999999
vertex 232.19720441845556 -94.03335534946285 9.7
endloop
endfacet
facet normal -0.7730104533627825 0.63439328416359 0
outer loop
vertex 232.01066017169174 -94.26066017182809 11.299999999999999
vertex 232.19720441845556 -94.03335534946285 9.7
vertex 232.01066017178516 -94.2606601718281 9.7
endloop
endfacet
facet normal -0.8819212643483252 0.4713967368260534 0
outer loop
vertex 232.1972044185311 -94.03335534946287 11.299999999999999
vertex 232.3358192987344 -93.7740251485874 11.299999999999999
vertex 232.3358192987674 -93.7740251485873 9.7
endloop
endfacet
facet normal -0.8819212643483252 0.4713967368260534 0
outer loop
vertex 232.1972044185311 -94.03335534946287 11.299999999999999
vertex 232.3358192987674 -93.7740251485873 9.7
vertex 232.19720441845556 -94.03335534946285 9.7
endloop
endfacet
facet normal -0.9569403357322133 0.2902846772544479 0
outer loop
vertex 232.3358192987344 -93.7740251485874 11.299999999999999
vertex 232.42117792060375 -93.49263548300237 11.299999999999999
vertex 232.42117792060637 -93.4926354830022 9.7
endloop
endfacet
facet normal -0.9569403357322133 0.2902846772544479 0
outer loop
vertex 232.3358192987344 -93.7740251485874 11.299999999999999
vertex 232.42117792060637 -93.4926354830022 9.7
vertex 232.3358192987674 -93.7740251485873 9.7
endloop
endfacet
facet normal -0.995184726672204 0.09801714032948901 0
outer loop
vertex 259.6211779206026 -93.49263548300237 11.299999999999999
vertex 259.6499999999996 -93.19999999998898 11.299999999999999
vertex 259.6499999999991 -93.19999999998882 9.7
endloop
endfacet
facet normal -0.995184726672204 0.09801714032948901 0
outer loop
vertex 259.6211779206026 -93.49263548300237 11.299999999999999
vertex 259.6499999999991 -93.19999999998882 9.7
vertex 259.62117792060553 -93.4926354830022 9.7
endloop
endfacet
facet normal -0.9951847266722096 -0.09801714032943201 0
outer loop
vertex 259.6499999999996 -93.19999999998898 11.299999999999999
vertex 259.62117792060667 -92.90736451699279 11.299999999999999
vertex 259.62117792060394 -92.9073645169928 9.7
endloop
endfacet
facet normal -0.9951847266722096 -0.09801714032943201 0
outer loop
vertex 259.6499999999996 -93.19999999998898 11.299999999999999
vertex 259.62117792060394 -92.9073645169928 9.7
vertex 259.6499999999991 -93.19999999998882 9.7
endloop
endfacet
facet normal -0.9569403357321878 -0.2902846772545319 0
outer loop
vertex 259.62117792060667 -92.90736451699279 11.299999999999999
vertex 259.53581929875935 -92.62597485144661 11.299999999999999
vertex 259.5358192987724 -92.62597485144661 9.7
endloop
endfacet
facet normal -0.9569403357321878 -0.2902846772545319 0
outer loop
vertex 259.62117792060667 -92.90736451699279 11.299999999999999
vertex 259.5358192987724 -92.62597485144661 9.7
vertex 259.62117792060394 -92.9073645169928 9.7
endloop
endfacet
facet normal -0.8819212643483402 -0.47139673682602534 0
outer loop
vertex 259.53581929875935 -92.62597485144661 11.299999999999999
vertex 259.3972044184558 -92.36664465045922 11.299999999999999
vertex 259.3972044184512 -92.36664465045922 9.7
endloop
endfacet
facet normal -0.8819212643483402 -0.47139673682602534 0
outer loop
vertex 259.53581929875935 -92.62597485144661 11.299999999999999
vertex 259.3972044184512 -92.36664465045922 9.7
vertex 259.5358192987724 -92.62597485144661 9.7
endloop
endfacet
facet normal -0.7730104533627572 -0.6343932841636208 0
outer loop
vertex 259.3972044184558 -92.36664465045922 11.299999999999999
vertex 259.21066017181994 -92.13933982826131 11.299999999999999
vertex 259.2106601717591 -92.1393398282614 9.7
endloop
endfacet
facet normal -0.7730104533627572 -0.6343932841636208 0
outer loop
vertex 259.3972044184558 -92.36664465045922 11.299999999999999
vertex 259.2106601717591 -92.1393398282614 9.7
vertex 259.3972044184512 -92.36664465045922 9.7
endloop
endfacet
facet normal -0.6343932841636793 -0.7730104533627092 0
outer loop
vertex 259.21066017181994 -92.13933982826131 11.299999999999999
vertex 258.98335534944596 -91.95279558153251 11.299999999999999
vertex 258.9833553495603 -91.95279558153247 9.7
endloop
endfacet
facet normal -0.6343932841636793 -0.7730104533627092 0
outer loop
vertex 259.21066017181994 -92.13933982826131 11.299999999999999
vertex 258.9833553495603 -91.95279558153247 9.7
vertex 259.2106601717591 -92.1393398282614 9.7
endloop
endfacet
facet normal -0.47139673682601535 -0.8819212643483455 0
outer loop
vertex 258.98335534944596 -91.95279558153251 11.299999999999999
vertex 258.7240251485973 -91.8141807012313 11.299999999999999
vertex 258.7240251485275 -91.81418070123127 9.7
endloop
endfacet
facet normal -0.47139673682601535 -0.8819212643483455 0
outer loop
vertex 258.98335534944596 -91.95279558153251 11.299999999999999
vertex 258.7240251485275 -91.81418070123127 9.7
vertex 258.9833553495603 -91.95279558153247 9.7
endloop
endfacet
facet normal -0.29028467725440876 -0.9569403357322251 0
outer loop
vertex 258.7240251485973 -91.8141807012313 11.299999999999999
vertex 258.4426354830032 -91.72882207939261 11.299999999999999
vertex 258.44263548302 -91.7288220793926 9.7
endloop
endfacet
facet normal -0.29028467725440876 -0.9569403357322251 0
outer loop
vertex 258.7240251485973 -91.8141807012313 11.299999999999999
vertex 258.44263548302 -91.7288220793926 9.7
vertex 258.7240251485275 -91.81418070123127 9.7
endloop
endfacet
facet normal -0.09801714032955997 -0.9951847266721969 0
outer loop
vertex 258.4426354830032 -91.72882207939261 11.299999999999999
vertex 258.1500000000197 -91.69999999999993 11.299999999999999
vertex 258.1500000000198 -91.69999999999992 9.7
endloop
endfacet
facet normal -0.09801714032955997 -0.9951847266721969 0
outer loop
vertex 258.4426354830032 -91.72882207939261 11.299999999999999
vertex 258.1500000000198 -91.69999999999992 9.7
vertex 258.44263548302 -91.7288220793926 9.7
endloop
endfacet
facet normal 0.09801714032956006 -0.9951847266721969 0
outer loop
vertex 258.1500000000197 -91.69999999999993 11.299999999999999
vertex 257.85736451695084 -91.72882207939261 11.299999999999999
vertex 257.85736451702013 -91.7288220793926 9.7
endloop
endfacet
facet normal 0.09801714032956006 -0.9951847266721969 0
outer loop
vertex 258.1500000000197 -91.69999999999993 11.299999999999999
vertex 257.85736451702013 -91.7288220793926 9.7
vertex 258.1500000000198 -91.69999999999992 9.7
endloop
endfacet
facet normal 0.2902846772544459 -0.9569403357322138 0
outer loop
vertex 257.85736451695084 -91.72882207939261 11.299999999999999
vertex 257.5759748514706 -91.8141807012313 11.299999999999999
vertex 257.5759748514297 -91.81418070123127 9.7
endloop
endfacet
facet normal 0.2902846772544459 -0.9569403357322138 0
outer loop
vertex 257.85736451695084 -91.72882207939261 11.299999999999999
vertex 257.5759748514297 -91.81418070123127 9.7
vertex 257.85736451702013 -91.7288220793926 9.7
endloop
endfacet
facet normal 0.47139673682602534 -0.8819212643483402 0
outer loop
vertex 257.5759748514706 -91.8141807012313 11.299999999999999
vertex 257.31664465046975 -91.95279558153251 11.299999999999999
vertex 257.31664465050676 -91.95279558153247 9.7
endloop
endfacet
facet normal 0.47139673682602534 -0.8819212643483402 0
outer loop
vertex 257.5759748514706 -91.8141807012313 11.299999999999999
vertex 257.31664465050676 -91.95279558153247 9.7
vertex 257.5759748514297 -91.81418070123127 9.7
endloop
endfacet
facet normal 0.6343932841636827 -0.7730104533627065 0
outer loop
vertex 257.31664465046975 -91.95279558153251 11.299999999999999
vertex 257.08933982821316 -92.13933982826131 11.299999999999999
vertex 257.0893398281611 -92.1393398282614 9.7
endloop
endfacet
facet normal 0.6343932841636827 -0.7730104533627065 0
outer loop
vertex 257.31664465046975 -91.95279558153251 11.299999999999999
vertex 257.0893398281611 -92.1393398282614 9.7
vertex 257.31664465050676 -91.95279558153247 9.7
endloop
endfacet
facet normal 0.7730104533627825 -0.63439328416359 0
outer loop
vertex 257.08933982821316 -92.13933982826131 11.299999999999999
vertex 256.9027955815502 -92.36664465045922 11.299999999999999
vertex 256.90279558155635 -92.36664465045922 9.7
endloop
endfacet
facet normal 0.7730104533627825 -0.63439328416359 0
outer loop
vertex 257.08933982821316 -92.13933982826131 11.299999999999999
vertex 256.90279558155635 -92.36664465045922 9.7
vertex 257.0893398281611 -92.1393398282614 9.7
endloop
endfacet
facet normal 0.8819212643483285 -0.47139673682604755 0
outer loop
vertex 256.9027955815502 -92.36664465045922 11.299999999999999
vertex 256.76418070123333 -92.62597485144661 11.299999999999999
vertex 256.7641807012363 -92.62597485144661 9.7
endloop
endfacet
facet normal 0.8819212643483285 -0.47139673682604755 0
outer loop
vertex 256.9027955815502 -92.36664465045922 11.299999999999999
vertex 256.7641807012363 -92.62597485144661 9.7
vertex 256.90279558155635 -92.36664465045922 9.7
endloop
endfacet
facet normal 0.9569403357321872 -0.2902846772545339 0
outer loop
vertex 256.76418070123333 -92.62597485144661 11.299999999999999
vertex 256.67882207939294 -92.90736451699279 11.299999999999999
vertex 256.6788220793901 -92.9073645169928 9.7
endloop
endfacet
facet normal 0.9569403357321872 -0.2902846772545339 0
outer loop
vertex 256.76418070123333 -92.62597485144661 11.299999999999999
vertex 256.6788220793901 -92.9073645169928 9.7
vertex 256.7641807012363 -92.62597485144661 9.7
endloop
endfacet
facet normal 0.995184726672204 -0.09801714032948901 0
outer loop
vertex 256.67882207939294 -92.90736451699279 11.299999999999999
vertex 256.64999999999907 -93.19999999998898 11.299999999999999
vertex 256.6500000000004 -93.19999999998882 9.7
endloop
endfacet
facet normal 0.995184726672204 -0.09801714032948901 0
outer loop
vertex 256.67882207939294 -92.90736451699279 11.299999999999999
vertex 256.6500000000004 -93.19999999998882 9.7
vertex 256.6788220793901 -92.9073645169928 9.7
endloop
endfacet
facet normal 0.995184726672204 0.09801714032948901 0
outer loop
vertex 256.64999999999907 -93.19999999998898 11.299999999999999
vertex 256.6788220793925 -93.49263548300237 11.299999999999999
vertex 256.67882207939294 -93.4926354830022 9.7
endloop
endfacet
facet normal 0.995184726672204 0.09801714032948901 0
outer loop
vertex 256.64999999999907 -93.19999999998898 11.299999999999999
vertex 256.67882207939294 -93.4926354830022 9.7
vertex 256.6500000000004 -93.19999999998882 9.7
endloop
endfacet
facet normal 0.956940335732188 0.29028467725453194 0
outer loop
vertex 256.6788220793925 -93.49263548300237 11.299999999999999
vertex 256.76418070124913 -93.7740251485874 11.299999999999999
vertex 256.7641807012491 -93.7740251485873 9.7
endloop
endfacet
facet normal 0.956940335732188 0.29028467725453194 0
outer loop
vertex 256.6788220793925 -93.49263548300237 11.299999999999999
vertex 256.7641807012491 -93.7740251485873 9.7
vertex 256.67882207939294 -93.4926354830022 9.7
endloop
endfacet
facet normal 0.8819212643483402 0.47139673682602534 0
outer loop
vertex 256.76418070124913 -93.7740251485874 11.299999999999999
vertex 256.9027955815054 -94.03335534946287 11.299999999999999
vertex 256.902795581506 -94.03335534946285 9.7
endloop
endfacet
facet normal 0.8819212643483402 0.47139673682602534 0
outer loop
vertex 256.76418070124913 -93.7740251485874 11.299999999999999
vertex 256.902795581506 -94.03335534946285 9.7
vertex 256.7641807012491 -93.7740251485873 9.7
endloop
endfacet
facet normal 0.7730104533627375 0.6343932841636448 0
outer loop
vertex 256.9027955815054 -94.03335534946287 11.299999999999999
vertex 257.08933982827364 -94.26066017182809 11.299999999999999
vertex 257.089339828273 -94.2606601718281 9.7
endloop
endfacet
facet normal 0.7730104533627375 0.6343932841636448 0
outer loop
vertex 256.9027955815054 -94.03335534946287 11.299999999999999
vertex 257.089339828273 -94.2606601718281 9.7
vertex 256.902795581506 -94.03335534946285 9.7
endloop
endfacet
facet normal 0.6343932841636947 0.7730104533626966 0
outer loop
vertex 257.08933982827364 -94.26066017182809 11.299999999999999
vertex 257.3166446504406 -94.4472044184336 11.299999999999999
vertex 257.31664465044054 -94.4472044184336 9.7
endloop
endfacet
facet normal 0.6343932841636947 0.7730104533626966 0
outer loop
vertex 257.08933982827364 -94.26066017182809 11.299999999999999
vertex 257.31664465044054 -94.4472044184336 9.7
vertex 257.089339828273 -94.2606601718281 9.7
endloop
endfacet
facet normal 0.4713967368259944 0.8819212643483568 0
outer loop
vertex 257.3166446504406 -94.4472044184336 11.299999999999999
vertex 257.57597485145425 -94.58581929876935 11.299999999999999
vertex 257.5759748514647 -94.58581929876938 9.7
endloop
endfacet
facet normal 0.4713967368259944 0.8819212643483568 0
outer loop
vertex 257.3166446504406 -94.4472044184336 11.299999999999999
vertex 257.5759748514647 -94.58581929876938 9.7
vertex 257.31664465044054 -94.4472044184336 9.7
endloop
endfacet
facet normal 0.29028467725440144 0.9569403357322275 0
outer loop
vertex 257.57597485145425 -94.58581929876935 11.299999999999999
vertex 257.8573645169826 -94.6711779206023 11.299999999999999
vertex 257.8573645169729 -94.6711779206023 9.7
endloop
endfacet
facet normal 0.29028467725440144 0.9569403357322275 0
outer loop
vertex 257.57597485145425 -94.58581929876935 11.299999999999999
vertex 257.8573645169729 -94.6711779206023 9.7
vertex 257.5759748514647 -94.58581929876938 9.7
endloop
endfacet
facet normal 0.09801714032955997 0.9951847266721969 0
outer loop
vertex 257.8573645169826 -94.6711779206023 11.299999999999999
vertex 258.15000000001976 -94.69999999999958 11.299999999999999
vertex 258.1500000000199 -94.69999999999958 9.7
endloop
endfacet
facet normal 0.09801714032955997 0.9951847266721969 0
outer loop
vertex 257.8573645169826 -94.6711779206023 11.299999999999999
vertex 258.1500000000199 -94.69999999999958 9.7
vertex 257.8573645169729 -94.6711779206023 9.7
endloop
endfacet
facet normal -0.09801714032956006 0.9951847266721969 0
outer loop
vertex 258.15000000001976 -94.69999999999958 11.299999999999999
vertex 258.44263548306554 -94.6711779206023 11.299999999999999
vertex 258.44263548300654 -94.6711779206023 9.7
endloop
endfacet
facet normal -0.09801714032956006 0.9951847266721969 0
outer loop
vertex 258.15000000001976 -94.69999999999958 11.299999999999999
vertex 258.44263548300654 -94.6711779206023 9.7
vertex 258.1500000000199 -94.69999999999958 9.7
endloop
endfacet
facet normal -0.2902846772544199 0.9569403357322217 0
outer loop
vertex 258.44263548306554 -94.6711779206023 11.299999999999999
vertex 258.7240251485239 -94.58581929876935 11.299999999999999
vertex 258.7240251485655 -94.58581929876938 9.7
endloop
endfacet
facet normal -0.2902846772544199 0.9569403357322217 0
outer loop
vertex 258.44263548306554 -94.6711779206023 11.299999999999999
vertex 258.7240251485655 -94.58581929876938 9.7
vertex 258.44263548300654 -94.6711779206023 9.7
endloop
endfacet
facet normal -0.47139673682599736 0.8819212643483552 0
outer loop
vertex 258.7240251485239 -94.58581929876935 11.299999999999999
vertex 258.9833553495712 -94.4472044184336 11.299999999999999
vertex 258.98335534953014 -94.4472044184336 9.7
endloop
endfacet
facet normal -0.47139673682599736 0.8819212643483552 0
outer loop
vertex 258.7240251485239 -94.58581929876935 11.299999999999999
vertex 258.98335534953014 -94.4472044184336 9.7
vertex 258.7240251485655 -94.58581929876938 9.7
endloop
endfacet
facet normal -0.6343932841636827 0.7730104533627065 0
outer loop
vertex 258.9833553495712 -94.4472044184336 11.299999999999999
vertex 259.2106601717044 -94.26066017182809 11.299999999999999
vertex 259.21066017177867 -94.2606601718281 9.7
endloop
endfacet
facet normal -0.6343932841636827 0.7730104533627065 0
outer loop
vertex 258.9833553495712 -94.4472044184336 11.299999999999999
vertex 259.21066017177867 -94.2606601718281 9.7
vertex 258.98335534953014 -94.4472044184336 9.7
endloop
endfacet
facet normal -0.7730104533627572 0.6343932841636208 0
outer loop
vertex 259.2106601717044 -94.26066017182809 11.299999999999999
vertex 259.39720441852705 -94.03335534946287 11.299999999999999
vertex 259.3972044184498 -94.03335534946285 9.7
endloop
endfacet
facet normal -0.7730104533627572 0.6343932841636208 0
outer loop
vertex 259.2106601717044 -94.26066017182809 11.299999999999999
vertex 259.3972044184498 -94.03335534946285 9.7
vertex 259.21066017177867 -94.2606601718281 9.7
endloop
endfacet
facet normal -0.8819212643483402 0.47139673682602534 0
outer loop
vertex 259.39720441852705 -94.03335534946287 11.299999999999999
vertex 259.53581929873195 -93.7740251485874 11.299999999999999
vertex 259.53581929876793 -93.7740251485873 9.7
endloop
endfacet
facet normal -0.8819212643483402 0.47139673682602534 0
outer loop
vertex 259.39720441852705 -94.03335534946287 11.299999999999999
vertex 259.53581929876793 -93.7740251485873 9.7
vertex 259.3972044184498 -94.03335534946285 9.7
endloop
endfacet
facet normal -0.9569403357321872 0.2902846772545339 0
outer loop
vertex 259.53581929873195 -93.7740251485874 11.299999999999999
vertex 259.6211779206026 -93.49263548300237 11.299999999999999
vertex 259.62117792060553 -93.4926354830022 9.7
endloop
endfacet
facet normal -0.9569403357321872 0.2902846772545339 0
outer loop
vertex 259.53581929873195 -93.7740251485874 11.299999999999999
vertex 259.62117792060553 -93.4926354830022 9.7
vertex 259.53581929876793 -93.7740251485873 9.7
endloop
endfacet
endsolid csg.js
