solid csg.js
facet normal 0 0 -1
outer loop
vertex 129.98772580504033 -55.79803679899192 0
vertex 130.4567085809127 -55.940301168721774 0
vertex 130.88892558254895 -56.17132596924361 0
endloop
endfacet
facet normal 0 0 -1
outer loop
vertex 129.98772580504033 -55.79803679899192 0
vertex 130.88892558254895 -56.17132596924361 0
vertex 131.26776695296638 -56.482233047033645 0
endloop
endfacet
facet normal 0 0 -1
outer loop
vertex 129.98772580504033 -55.79803679899192 0
vertex 131.26776695296638 -56.482233047033645 0
vertex 131.48751761215104 -56.75000000000042 0
endloop
endfacet
facet normal 0 0 -1
outer loop
vertex 129.98772580504033 -55.79803679899192 0
vertex 131.48751761215104 -56.75000000000042 0
vertex 129.50000000000318 -56.75000000000042 0
endloop
endfacet
facet normal 0 0 -1
outer loop
vertex 129.98772580504033 -55.79803679899192 0
vertex 129.50000000000318 -56.75000000000042 0
vertex 127.51248238784898 -56.75000000000042 0
endloop
endfacet
facet normal 0 0 -1
outer loop
vertex 129.98772580504033 -55.79803679899192 0
vertex 127.51248238784898 -56.75000000000042 0
vertex 127.73223304703365 -56.482233047033645 0
endloop
endfacet
facet normal 0 0 -1
outer loop
vertex 129.98772580504033 -55.79803679899192 0
vertex 127.73223304703365 -56.482233047033645 0
vertex 128.11107441745096 -56.17132596924361 0
endloop
endfacet
facet normal 0 0 -1
outer loop
vertex 129.98772580504033 -55.79803679899192 0
vertex 128.11107441745096 -56.17132596924361 0
vertex 128.54329141908738 -55.940301168721774 0
endloop
endfacet
facet normal 0 0 -1
outer loop
vertex 129.98772580504033 -55.79803679899192 0
vertex 128.54329141908738 -55.940301168721774 0
vertex 129.0122741949596 -55.79803679899192 0
endloop
endfacet
facet normal 0 0 -1
outer loop
vertex 129.98772580504033 -55.79803679899192 0
vertex 129.0122741949596 -55.79803679899192 0
vertex 129.50000000000003 -55.75 0
endloop
endfacet
facet normal 0 0 -1
outer loop
vertex 129.50000000000318 -56.75000000000042 0
vertex 129.20736451698468 -56.77882207939501 0
vertex 127.48882871858225 -56.77882207939501 0
endloop
endfacet
facet normal 0 0 -1
outer loop
vertex 129.50000000000318 -56.75000000000042 0
vertex 127.48882871858225 -56.77882207939501 0
vertex 127.51248238784898 -56.75000000000042 0
endloop
endfacet
facet normal 0 0 -1
outer loop
vertex 131.48751761215104 -56.75000000000042 0
vertex 131.51117128141775 -56.77882207939501 0
vertex 129.79263548302166 -56.77882207939501 0
endloop
endfacet
facet normal 0 0 -1
outer loop
vertex 131.48751761215104 -56.75000000000042 0
vertex 129.79263548302166 -56.77882207939501 0
vertex 129.50000000000318 -56.75000000000042 0
endloop
endfacet
facet normal 0 0 -1
outer loop
vertex 129.20736451698468 -56.77882207939501 0
vertex 128.92597485143529 -56.86418070123678 0
vertex 127.41966562596869 -56.86418070123678 0
endloop
endfacet
facet normal 0 0 -1
outer loop
vertex 129.20736451698468 -56.77882207939501 0
vertex 127.41966562596869 -56.86418070123678 0
vertex 127.42132596924358 -56.86107441745106 0
endloop
endfacet
facet normal 0 0 -1
outer loop
vertex 129.20736451698468 -56.77882207939501 0
vertex 127.42132596924358 -56.86107441745106 0
vertex 127.48882871858225 -56.77882207939501 0
endloop
endfacet
facet normal 0 0 -1
outer loop
vertex 131.51117128141775 -56.77882207939501 0
vertex 131.57867403075642 -56.86107441745106 0
vertex 131.5803343740313 -56.86418070123678 0
endloop
endfacet
facet normal 0 0 -1
outer loop
vertex 131.51117128141775 -56.77882207939501 0
vertex 131.5803343740313 -56.86418070123678 0
vertex 130.07402514855784 -56.86418070123678 0
endloop
endfacet
facet normal 0 0 -1
outer loop
vertex 131.51117128141775 -56.77882207939501 0
vertex 130.07402514855784 -56.86418070123678 0
vertex 129.79263548302166 -56.77882207939501 0
endloop
endfacet
facet normal 0 0 -1
outer loop
vertex 128.92597485143529 -56.86418070123678 0
vertex 128.66664465048865 -57.00279558154184 0
vertex 127.34557442883717 -57.00279558154184 0
endloop
endfacet
facet normal 0 0 -1
outer loop
vertex 128.92597485143529 -56.86418070123678 0
vertex 127.34557442883717 -57.00279558154184 0
vertex 127.41966562596869 -56.86418070123678 0
endloop
endfacet
facet normal 0 0 -1
outer loop
vertex 131.5803343740313 -56.86418070123678 0
vertex 131.65442557116285 -57.00279558154184 0
vertex 130.3333553495245 -57.00279558154184 0
endloop
endfacet
facet normal 0 0 -1
outer loop
vertex 131.5803343740313 -56.86418070123678 0
vertex 130.3333553495245 -57.00279558154184 0
vertex 130.07402514855784 -56.86418070123678 0
endloop
endfacet
facet normal 0 0 -1
outer loop
vertex 128.66664465048865 -57.00279558154184 0
vertex 128.43933982821176 -57.18933982822189 0
vertex 127.24586445163914 -57.18933982822189 0
endloop
endfacet
facet normal 0 0 -1
outer loop
vertex 128.66664465048865 -57.00279558154184 0
vertex 127.24586445163914 -57.18933982822189 0
vertex 127.34557442883717 -57.00279558154184 0
endloop
endfacet
facet normal 0 0 -1
outer loop
vertex 131.65442557116285 -57.00279558154184 0
vertex 131.7541355483609 -57.18933982822189 0
vertex 130.56066017178233 -57.18933982822189 0
endloop
endfacet
facet normal 0 0 -1
outer loop
vertex 131.65442557116285 -57.00279558154184 0
vertex 130.56066017178233 -57.18933982822189 0
vertex 130.3333553495245 -57.00279558154184 0
endloop
endfacet
facet normal 0 0 -1
outer loop
vertex 128.43933982821176 -57.18933982822189 0
vertex 128.252795581551 -57.4166446504668 0
vertex 127.15288237507056 -57.4166446504668 0
endloop
endfacet
facet normal 0 0 -1
outer loop
vertex 128.43933982821176 -57.18933982822189 0
vertex 127.15288237507056 -57.4166446504668 0
vertex 127.19030116872182 -57.29329141908724 0
endloop
endfacet
facet normal 0 0 -1
outer loop
vertex 128.43933982821176 -57.18933982822189 0
vertex 127.19030116872182 -57.29329141908724 0
vertex 127.24586445163914 -57.18933982822189 0
endloop
endfacet
facet normal 0 0 -1
outer loop
vertex 131.7541355483609 -57.18933982822189 0
vertex 131.8096988312782 -57.29329141908724 0
vertex 131.84711762492944 -57.4166446504668 0
endloop
endfacet
facet normal 0 0 -1
outer loop
vertex 131.7541355483609 -57.18933982822189 0
vertex 131.84711762492944 -57.4166446504668 0
vertex 130.7472044184518 -57.4166446504668 0
endloop
endfacet
facet normal 0 0 -1
outer loop
vertex 131.7541355483609 -57.18933982822189 0
vertex 130.7472044184518 -57.4166446504668 0
vertex 130.56066017178233 -57.18933982822189 0
endloop
endfacet
facet normal 0 0 -1
outer loop
vertex 128.252795581551 -57.4166446504668 0
vertex 128.11418070123145 -57.67597485145053 0
vertex 127.07421541864291 -57.67597485145053 0
endloop
endfacet
facet normal 0 0 -1
outer loop
vertex 128.252795581551 -57.4166446504668 0
vertex 127.07421541864291 -57.67597485145053 0
vertex 127.15288237507056 -57.4166446504668 0
endloop
endfacet
facet normal 0 0 -1
outer loop
vertex 131.84711762492944 -57.4166446504668 0
vertex 131.9257845813571 -57.67597485145053 0
vertex 130.88581929876597 -57.67597485145053 0
endloop
endfacet
facet normal 0 0 -1
outer loop
vertex 131.84711762492944 -57.4166446504668 0
vertex 130.88581929876597 -57.67597485145053 0
vertex 130.7472044184518 -57.4166446504668 0
endloop
endfacet
facet normal 0 0 -1
outer loop
vertex 128.11418070123145 -57.67597485145053 0
vertex 128.02882207939558 -57.957364516974216 0
vertex 127.02882207939531 -57.957364516974216 0
endloop
endfacet
facet normal 0 0 -1
outer loop
vertex 128.11418070123145 -57.67597485145053 0
vertex 127.02882207939531 -57.957364516974216 0
vertex 127.04803679899192 -57.76227419495968 0
endloop
endfacet
facet normal 0 0 -1
outer loop
vertex 128.11418070123145 -57.67597485145053 0
vertex 127.04803679899192 -57.76227419495968 0
vertex 127.07421541864291 -57.67597485145053 0
endloop
endfacet
facet normal 0 0 -1
outer loop
vertex 131.9257845813571 -57.67597485145053 0
vertex 131.95196320100808 -57.76227419495968 0
vertex 131.9711779206047 -57.957364516974216 0
endloop
endfacet
facet normal 0 0 -1
outer loop
vertex 131.9257845813571 -57.67597485145053 0
vertex 131.9711779206047 -57.957364516974216 0
vertex 130.97117792060394 -57.957364516974216 0
endloop
endfacet
facet normal 0 0 -1
outer loop
vertex 131.9257845813571 -57.67597485145053 0
vertex 130.97117792060394 -57.957364516974216 0
vertex 130.88581929876597 -57.67597485145053 0
endloop
endfacet
facet normal 0 0 -1
outer loop
vertex 185.60772580504036 -57.17303679899193 0
vertex 186.0767085809127 -57.31530116872177 0
vertex 186.50892558254904 -57.54632596924366 0
endloop
endfacet
facet normal 0 0 -1
outer loop
vertex 185.60772580504036 -57.17303679899193 0
vertex 186.50892558254904 -57.54632596924366 0
vertex 186.88776695296636 -57.857233047033596 0
endloop
endfacet
facet normal 0 0 -1
outer loop
vertex 185.60772580504036 -57.17303679899193 0
vertex 186.88776695296636 -57.857233047033596 0
vertex 187.1075176121512 -58.12500000000064 0
endloop
endfacet
facet normal 0 0 -1
outer loop
vertex 185.60772580504036 -57.17303679899193 0
vertex 187.1075176121512 -58.12500000000064 0
vertex 185.1200000000049 -58.12500000000064 0
endloop
endfacet
facet normal 0 0 -1
outer loop
vertex 185.60772580504036 -57.17303679899193 0
vertex 185.1200000000049 -58.12500000000064 0
vertex 183.13248238784882 -58.12500000000064 0
endloop
endfacet
facet normal 0 0 -1
outer loop
vertex 185.60772580504036 -57.17303679899193 0
vertex 183.13248238784882 -58.12500000000064 0
vertex 183.35223304703368 -57.857233047033596 0
endloop
endfacet
facet normal 0 0 -1
outer loop
vertex 185.60772580504036 -57.17303679899193 0
vertex 183.35223304703368 -57.857233047033596 0
vertex 183.73107441745097 -57.54632596924366 0
endloop
endfacet
facet normal 0 0 -1
outer loop
vertex 185.60772580504036 -57.17303679899193 0
vertex 183.73107441745097 -57.54632596924366 0
vertex 184.16329141908733 -57.31530116872177 0
endloop
endfacet
facet normal 0 0 -1
outer loop
vertex 185.60772580504036 -57.17303679899193 0
vertex 184.16329141908733 -57.31530116872177 0
vertex 184.6322741949598 -57.17303679899193 0
endloop
endfacet
facet normal 0 0 -1
outer loop
vertex 185.60772580504036 -57.17303679899193 0
vertex 184.6322741949598 -57.17303679899193 0
vertex 185.11999999999992 -57.12499999999999 0
endloop
endfacet
facet normal 0 0 -1
outer loop
vertex 185.1200000000049 -58.12500000000064 0
vertex 184.82736451697377 -58.15382207939648 0
vertex 183.10882871858107 -58.15382207939648 0
endloop
endfacet
facet normal 0 0 -1
outer loop
vertex 185.1200000000049 -58.12500000000064 0
vertex 183.10882871858107 -58.15382207939648 0
vertex 183.13248238784882 -58.12500000000064 0
endloop
endfacet
facet normal 0 0 -1
outer loop
vertex 187.1075176121512 -58.12500000000064 0
vertex 187.13117128141894 -58.15382207939648 0
vertex 185.41263548303598 -58.15382207939648 0
endloop
endfacet
facet normal 0 0 -1
outer loop
vertex 187.1075176121512 -58.12500000000064 0
vertex 185.41263548303598 -58.15382207939648 0
vertex 185.1200000000049 -58.12500000000064 0
endloop
endfacet
facet normal 0 0 -1
outer loop
vertex 184.82736451697377 -58.15382207939648 0
vertex 184.54597485146311 -58.23918070122919 0
vertex 183.0396656259728 -58.23918070122919 0
endloop
endfacet
facet normal 0 0 -1
outer loop
vertex 184.82736451697377 -58.15382207939648 0
vertex 183.0396656259728 -58.23918070122919 0
vertex 183.04132596924364 -58.236074417451015 0
endloop
endfacet
facet normal 0 0 -1
outer loop
vertex 184.82736451697377 -58.15382207939648 0
vertex 183.04132596924364 -58.236074417451015 0
vertex 183.10882871858107 -58.15382207939648 0
endloop
endfacet
facet normal 0 0 -1
outer loop
vertex 187.13117128141894 -58.15382207939648 0
vertex 187.19867403075637 -58.236074417451015 0
vertex 187.20033437402722 -58.23918070122919 0
endloop
endfacet
facet normal 0 0 -1
outer loop
vertex 187.13117128141894 -58.15382207939648 0
vertex 187.20033437402722 -58.23918070122919 0
vertex 185.6940251485423 -58.23918070122919 0
endloop
endfacet
facet normal 0 0 -1
outer loop
vertex 187.13117128141894 -58.15382207939648 0
vertex 185.6940251485423 -58.23918070122919 0
vertex 185.41263548303598 -58.15382207939648 0
endloop
endfacet
facet normal 0 0 -1
outer loop
vertex 128.02882207939558 -57.957364516974216 0
vertex 127.99999999999932 -58.250000000000014 0
vertex 127 -58.250000000000014 0
endloop
endfacet
facet normal 0 0 -1
outer loop
vertex 128.02882207939558 -57.957364516974216 0
vertex 127 -58.250000000000014 0
vertex 127.02882207939531 -57.957364516974216 0
endloop
endfacet
facet normal 0 0 -1
outer loop
vertex 131.9711779206047 -57.957364516974216 0
vertex 132 -58.250000000000014 0
vertex 130.99999999999943 -58.250000000000014 0
endloop
endfacet
facet normal 0 0 -1
outer loop
vertex 131.9711779206047 -57.957364516974216 0
vertex 130.99999999999943 -58.250000000000014 0
vertex 130.97117792060394 -57.957364516974216 0
endloop
endfacet
facet normal 0 0 -1
outer loop
vertex 184.54597485146311 -58.23918070122919 0
vertex 184.2866446504647 -58.37779558154417 0
vertex 182.96557442883596 -58.37779558154417 0
endloop
endfacet
facet normal 0 0 -1
outer loop
vertex 184.54597485146311 -58.23918070122919 0
vertex 182.96557442883596 -58.37779558154417 0
vertex 183.0396656259728 -58.23918070122919 0
endloop
endfacet
facet normal 0 0 -1
outer loop
vertex 187.20033437402722 -58.23918070122919 0
vertex 187.27442557116407 -58.37779558154417 0
vertex 185.95335534952756 -58.37779558154417 0
endloop
endfacet
facet normal 0 0 -1
outer loop
vertex 187.20033437402722 -58.23918070122919 0
vertex 185.95335534952756 -58.37779558154417 0
vertex 185.6940251485423 -58.23918070122919 0
endloop
endfacet
facet normal 0 0 -1
outer loop
vertex 127.99999999999932 -58.250000000000014 0
vertex 128.02882207939572 -58.54263548302866 0
vertex 127.02882207939561 -58.54263548302866 0
endloop
endfacet
facet normal 0 0 -1
outer loop
vertex 127.99999999999932 -58.250000000000014 0
vertex 127.02882207939561 -58.54263548302866 0
vertex 127 -58.250000000000014 0
endloop
endfacet
facet normal 0 0 -1
outer loop
vertex 132 -58.250000000000014 0
vertex 131.97117792060442 -58.54263548302866 0
vertex 130.971177920604 -58.54263548302866 0
endloop
endfacet
facet normal 0 0 -1
outer loop
vertex 132 -58.250000000000014 0
vertex 130.971177920604 -58.54263548302866 0
vertex 130.99999999999943 -58.250000000000014 0
endloop
endfacet
facet normal 0 0 -1
outer loop
vertex 184.2866446504647 -58.37779558154417 0
vertex 184.0593398282172 -58.564339828224206 0
vertex 182.865864451638 -58.564339828224206 0
endloop
endfacet
facet normal 0 0 -1
outer loop
vertex 184.2866446504647 -58.37779558154417 0
vertex 182.865864451638 -58.564339828224206 0
vertex 182.96557442883596 -58.37779558154417 0
endloop
endfacet
facet normal 0 0 -1
outer loop
vertex 187.27442557116407 -58.37779558154417 0
vertex 187.3741355483621 -58.564339828224206 0
vertex 186.18066017178535 -58.564339828224206 0
endloop
endfacet
facet normal 0 0 -1
outer loop
vertex 187.27442557116407 -58.37779558154417 0
vertex 186.18066017178535 -58.564339828224206 0
vertex 185.95335534952756 -58.37779558154417 0
endloop
endfacet
facet normal 0 0 -1
outer loop
vertex 184.0593398282172 -58.564339828224206 0
vertex 183.8727955815566 -58.79164465046424 0
vertex 182.77288237507136 -58.79164465046424 0
endloop
endfacet
facet normal 0 0 -1
outer loop
vertex 184.0593398282172 -58.564339828224206 0
vertex 182.77288237507136 -58.79164465046424 0
vertex 182.81030116872185 -58.668291419087446 0
endloop
endfacet
facet normal 0 0 -1
outer loop
vertex 184.0593398282172 -58.564339828224206 0
vertex 182.81030116872185 -58.668291419087446 0
vertex 182.865864451638 -58.564339828224206 0
endloop
endfacet
facet normal 0 0 -1
outer loop
vertex 187.3741355483621 -58.564339828224206 0
vertex 187.4296988312783 -58.668291419087446 0
vertex 187.4671176249287 -58.79164465046424 0
endloop
endfacet
facet normal 0 0 -1
outer loop
vertex 187.3741355483621 -58.564339828224206 0
vertex 187.4671176249287 -58.79164465046424 0
vertex 186.3672044184508 -58.79164465046424 0
endloop
endfacet
facet normal 0 0 -1
outer loop
vertex 187.3741355483621 -58.564339828224206 0
vertex 186.3672044184508 -58.79164465046424 0
vertex 186.18066017178535 -58.564339828224206 0
endloop
endfacet
facet normal 0 0 -1
outer loop
vertex 128.02882207939572 -58.54263548302866 0
vertex 128.11418070123116 -58.82402514854265 0
vertex 127.07421541864086 -58.82402514854265 0
endloop
endfacet
facet normal 0 0 -1
outer loop
vertex 128.02882207939572 -58.54263548302866 0
vertex 127.07421541864086 -58.82402514854265 0
vertex 127.04803679899194 -58.73772580504028 0
endloop
endfacet
facet normal 0 0 -1
outer loop
vertex 128.02882207939572 -58.54263548302866 0
vertex 127.04803679899194 -58.73772580504028 0
vertex 127.02882207939561 -58.54263548302866 0
endloop
endfacet
facet normal 0 0 -1
outer loop
vertex 131.97117792060442 -58.54263548302866 0
vertex 131.95196320100808 -58.73772580504028 0
vertex 131.92578458135915 -58.82402514854265 0
endloop
endfacet
facet normal 0 0 -1
outer loop
vertex 131.97117792060442 -58.54263548302866 0
vertex 131.92578458135915 -58.82402514854265 0
vertex 130.88581929876736 -58.82402514854265 0
endloop
endfacet
facet normal 0 0 -1
outer loop
vertex 131.97117792060442 -58.54263548302866 0
vertex 130.88581929876736 -58.82402514854265 0
vertex 130.971177920604 -58.54263548302866 0
endloop
endfacet
facet normal 0 0 -1
outer loop
vertex 183.8727955815566 -58.79164465046424 0
vertex 183.73418070122963 -59.050974851448586 0
vertex 182.6942154186435 -59.050974851448586 0
endloop
endfacet
facet normal 0 0 -1
outer loop
vertex 183.8727955815566 -58.79164465046424 0
vertex 182.6942154186435 -59.050974851448586 0
vertex 182.77288237507136 -58.79164465046424 0
endloop
endfacet
facet normal 0 0 -1
outer loop
vertex 187.4671176249287 -58.79164465046424 0
vertex 187.54578458135654 -59.050974851448586 0
vertex 186.5058192987653 -59.050974851448586 0
endloop
endfacet
facet normal 0 0 -1
outer loop
vertex 187.4671176249287 -58.79164465046424 0
vertex 186.5058192987653 -59.050974851448586 0
vertex 186.3672044184508 -58.79164465046424 0
endloop
endfacet
facet normal 0 0 -1
outer loop
vertex 128.11418070123116 -58.82402514854265 0
vertex 128.25279558154116 -59.08335534951856 0
vertex 127.1528823750661 -59.08335534951856 0
endloop
endfacet
facet normal 0 0 -1
outer loop
vertex 128.11418070123116 -58.82402514854265 0
vertex 127.1528823750661 -59.08335534951856 0
vertex 127.07421541864086 -58.82402514854265 0
endloop
endfacet
facet normal 0 0 -1
outer loop
vertex 131.92578458135915 -58.82402514854265 0
vertex 131.84711762493387 -59.08335534951856 0
vertex 130.74720441845324 -59.08335534951856 0
endloop
endfacet
facet normal 0 0 -1
outer loop
vertex 131.92578458135915 -58.82402514854265 0
vertex 130.74720441845324 -59.08335534951856 0
vertex 130.88581929876736 -58.82402514854265 0
endloop
endfacet
facet normal 0 0 -1
outer loop
vertex 128.25279558154116 -59.08335534951856 0
vertex 128.43933982824018 -59.310660171799476 0
vertex 127.24586445165058 -59.310660171799476 0
endloop
endfacet
facet normal 0 0 -1
outer loop
vertex 128.25279558154116 -59.08335534951856 0
vertex 127.24586445165058 -59.310660171799476 0
vertex 127.19030116872177 -59.20670858091278 0
endloop
endfacet
facet normal 0 0 -1
outer loop
vertex 128.25279558154116 -59.08335534951856 0
vertex 127.19030116872177 -59.20670858091278 0
vertex 127.1528823750661 -59.08335534951856 0
endloop
endfacet
facet normal 0 0 -1
outer loop
vertex 131.84711762493387 -59.08335534951856 0
vertex 131.80969883127818 -59.20670858091278 0
vertex 131.75413554834944 -59.310660171799476 0
endloop
endfacet
facet normal 0 0 -1
outer loop
vertex 131.84711762493387 -59.08335534951856 0
vertex 131.75413554834944 -59.310660171799476 0
vertex 130.5606601717798 -59.310660171799476 0
endloop
endfacet
facet normal 0 0 -1
outer loop
vertex 131.84711762493387 -59.08335534951856 0
vertex 130.5606601717798 -59.310660171799476 0
vertex 130.74720441845324 -59.08335534951856 0
endloop
endfacet
facet normal 0 0 -1
outer loop
vertex 183.73418070122963 -59.050974851448586 0
vertex 183.64882207939246 -59.332364516982985 0
vertex 182.64882207939442 -59.332364516982985 0
endloop
endfacet
facet normal 0 0 -1
outer loop
vertex 183.73418070122963 -59.050974851448586 0
vertex 182.64882207939442 -59.332364516982985 0
vertex 182.6680367989919 -59.13727419495975 0
endloop
endfacet
facet normal 0 0 -1
outer loop
vertex 183.73418070122963 -59.050974851448586 0
vertex 182.6680367989919 -59.13727419495975 0
vertex 182.6942154186435 -59.050974851448586 0
endloop
endfacet
facet normal 0 0 -1
outer loop
vertex 187.54578458135654 -59.050974851448586 0
vertex 187.57196320100815 -59.13727419495975 0
vertex 187.59117792060562 -59.332364516982985 0
endloop
endfacet
facet normal 0 0 -1
outer loop
vertex 187.54578458135654 -59.050974851448586 0
vertex 187.59117792060562 -59.332364516982985 0
vertex 186.59117792060653 -59.332364516982985 0
endloop
endfacet
facet normal 0 0 -1
outer loop
vertex 187.54578458135654 -59.050974851448586 0
vertex 186.59117792060653 -59.332364516982985 0
vertex 186.5058192987653 -59.050974851448586 0
endloop
endfacet
facet normal 0 0 -1
outer loop
vertex 128.43933982824018 -59.310660171799476 0
vertex 128.6666446504677 -59.49720441845467 0
vertex 127.34557442883539 -59.49720441845467 0
endloop
endfacet
facet normal 0 0 -1
outer loop
vertex 128.43933982824018 -59.310660171799476 0
vertex 127.34557442883539 -59.49720441845467 0
vertex 127.24586445165058 -59.310660171799476 0
endloop
endfacet
facet normal 0 0 -1
outer loop
vertex 131.75413554834944 -59.310660171799476 0
vertex 131.6544255711647 -59.49720441845467 0
vertex 130.33335534953358 -59.49720441845467 0
endloop
endfacet
facet normal 0 0 -1
outer loop
vertex 131.75413554834944 -59.310660171799476 0
vertex 130.33335534953358 -59.49720441845467 0
vertex 130.5606601717798 -59.310660171799476 0
endloop
endfacet
facet normal 0 0 -1
outer loop
vertex 183.64882207939246 -59.332364516982985 0
vertex 183.62000000000018 -59.624999999999815 0
vertex 182.62 -59.624999999999815 0
endloop
endfacet
facet normal 0 0 -1
outer loop
vertex 183.64882207939246 -59.332364516982985 0
vertex 182.62 -59.624999999999815 0
vertex 182.64882207939442 -59.332364516982985 0
endloop
endfacet
facet normal 0 0 -1
outer loop
vertex 187.59117792060562 -59.332364516982985 0
vertex 187.62000000000003 -59.624999999999815 0
vertex 186.62000000000035 -59.624999999999815 0
endloop
endfacet
facet normal 0 0 -1
outer loop
vertex 187.59117792060562 -59.332364516982985 0
vertex 186.62000000000035 -59.624999999999815 0
vertex 186.59117792060653 -59.332364516982985 0
endloop
endfacet
facet normal 0 0 -1
outer loop
vertex 128.6666446504677 -59.49720441845467 0
vertex 128.92597485144347 -59.635819298764574 0
vertex 127.41966562596957 -59.635819298764574 0
endloop
endfacet
facet normal 0 0 -1
outer loop
vertex 128.6666446504677 -59.49720441845467 0
vertex 127.41966562596957 -59.635819298764574 0
vertex 127.34557442883539 -59.49720441845467 0
endloop
endfacet
facet normal 0 0 -1
outer loop
vertex 131.6544255711647 -59.49720441845467 0
vertex 131.58033437403057 -59.635819298764574 0
vertex 130.07402514854428 -59.635819298764574 0
endloop
endfacet
facet normal 0 0 -1
outer loop
vertex 131.6544255711647 -59.49720441845467 0
vertex 130.07402514854428 -59.635819298764574 0
vertex 130.33335534953358 -59.49720441845467 0
endloop
endfacet
facet normal 0 0 -1
outer loop
vertex 128.92597485144347 -59.635819298764574 0
vertex 129.2073645169764 -59.72117792060537 0
vertex 127.48882871858258 -59.72117792060537 0
endloop
endfacet
facet normal 0 0 -1
outer loop
vertex 128.92597485144347 -59.635819298764574 0
vertex 127.48882871858258 -59.72117792060537 0
vertex 127.4213259692437 -59.63892558254887 0
endloop
endfacet
facet normal 0 0 -1
outer loop
vertex 128.92597485144347 -59.635819298764574 0
vertex 127.4213259692437 -59.63892558254887 0
vertex 127.41966562596957 -59.635819298764574 0
endloop
endfacet
facet normal 0 0 -1
outer loop
vertex 131.58033437403057 -59.635819298764574 0
vertex 131.57867403075645 -59.63892558254887 0
vertex 131.5111712814174 -59.72117792060537 0
endloop
endfacet
facet normal 0 0 -1
outer loop
vertex 131.58033437403057 -59.635819298764574 0
vertex 131.5111712814174 -59.72117792060537 0
vertex 129.7926354830215 -59.72117792060537 0
endloop
endfacet
facet normal 0 0 -1
outer loop
vertex 131.58033437403057 -59.635819298764574 0
vertex 129.7926354830215 -59.72117792060537 0
vertex 130.07402514854428 -59.635819298764574 0
endloop
endfacet
facet normal 0 0 -1
outer loop
vertex 129.2073645169764 -59.72117792060537 0
vertex 129.49999999999918 -59.750000000000384 0
vertex 127.51248238784963 -59.750000000000384 0
endloop
endfacet
facet normal 0 0 -1
outer loop
vertex 129.2073645169764 -59.72117792060537 0
vertex 127.51248238784963 -59.750000000000384 0
vertex 127.48882871858258 -59.72117792060537 0
endloop
endfacet
facet normal 0 0 -1
outer loop
vertex 131.5111712814174 -59.72117792060537 0
vertex 131.48751761215033 -59.750000000000384 0
vertex 129.49999999999918 -59.750000000000384 0
endloop
endfacet
facet normal 0 0 -1
outer loop
vertex 131.5111712814174 -59.72117792060537 0
vertex 129.49999999999918 -59.750000000000384 0
vertex 129.7926354830215 -59.72117792060537 0
endloop
endfacet
facet normal 0 0 -1
outer loop
vertex 183.62000000000018 -59.624999999999815 0
vertex 183.64882207939618 -59.91763548303076 0
vertex 182.6488220793958 -59.91763548303076 0
endloop
endfacet
facet normal 0 0 -1
outer loop
vertex 183.62000000000018 -59.624999999999815 0
vertex 182.6488220793958 -59.91763548303076 0
vertex 182.62 -59.624999999999815 0
endloop
endfacet
facet normal 0 0 -1
outer loop
vertex 187.62000000000003 -59.624999999999815 0
vertex 187.59117792060422 -59.91763548303076 0
vertex 186.5911779206039 -59.91763548303076 0
endloop
endfacet
facet normal 0 0 -1
outer loop
vertex 187.62000000000003 -59.624999999999815 0
vertex 186.5911779206039 -59.91763548303076 0
vertex 186.62000000000035 -59.624999999999815 0
endloop
endfacet
facet normal 0 0 -1
outer loop
vertex 183.64882207939618 -59.91763548303076 0
vertex 183.73418070123134 -60.19902514854355 0
vertex 182.69421541864114 -60.19902514854355 0
endloop
endfacet
facet normal 0 0 -1
outer loop
vertex 183.64882207939618 -59.91763548303076 0
vertex 182.69421541864114 -60.19902514854355 0
vertex 182.66803679899195 -60.11272580504014 0
endloop
endfacet
facet normal 0 0 -1
outer loop
vertex 183.64882207939618 -59.91763548303076 0
vertex 182.66803679899195 -60.11272580504014 0
vertex 182.6488220793958 -59.91763548303076 0
endloop
endfacet
facet normal 0 0 -1
outer loop
vertex 187.59117792060422 -59.91763548303076 0
vertex 187.57196320100812 -60.11272580504014 0
vertex 187.54578458135887 -60.19902514854355 0
endloop
endfacet
facet normal 0 0 -1
outer loop
vertex 187.59117792060422 -59.91763548303076 0
vertex 187.54578458135887 -60.19902514854355 0
vertex 186.5058192987675 -60.19902514854355 0
endloop
endfacet
facet normal 0 0 -1
outer loop
vertex 187.59117792060422 -59.91763548303076 0
vertex 186.5058192987675 -60.19902514854355 0
vertex 186.5911779206039 -59.91763548303076 0
endloop
endfacet
facet normal 0 0 -1
outer loop
vertex 183.73418070123134 -60.19902514854355 0
vertex 183.87279558154964 -60.458355349535005 0
vertex 182.77288237507108 -60.458355349535005 0
endloop
endfacet
facet normal 0 0 -1
outer loop
vertex 183.73418070123134 -60.19902514854355 0
vertex 182.77288237507108 -60.458355349535005 0
vertex 182.69421541864114 -60.19902514854355 0
endloop
endfacet
facet normal 0 0 -1
outer loop
vertex 187.54578458135887 -60.19902514854355 0
vertex 187.4671176249289 -60.458355349535005 0
vertex 186.36720441845503 -60.458355349535005 0
endloop
endfacet
facet normal 0 0 -1
outer loop
vertex 187.54578458135887 -60.19902514854355 0
vertex 186.36720441845503 -60.458355349535005 0
vertex 186.5058192987675 -60.19902514854355 0
endloop
endfacet
facet normal 0 0 -1
outer loop
vertex 183.87279558154964 -60.458355349535005 0
vertex 184.05933982822822 -60.68566017179103 0
vertex 182.86586445164605 -60.68566017179103 0
endloop
endfacet
facet normal 0 0 -1
outer loop
vertex 183.87279558154964 -60.458355349535005 0
vertex 182.86586445164605 -60.68566017179103 0
vertex 182.8103011687218 -60.58170858091282 0
endloop
endfacet
facet normal 0 0 -1
outer loop
vertex 183.87279558154964 -60.458355349535005 0
vertex 182.8103011687218 -60.58170858091282 0
vertex 182.77288237507108 -60.458355349535005 0
endloop
endfacet
facet normal 0 0 -1
outer loop
vertex 187.4671176249289 -60.458355349535005 0
vertex 187.4296988312782 -60.58170858091282 0
vertex 187.374135548354 -60.68566017179103 0
endloop
endfacet
facet normal 0 0 -1
outer loop
vertex 187.4671176249289 -60.458355349535005 0
vertex 187.374135548354 -60.68566017179103 0
vertex 186.18066017177688 -60.68566017179103 0
endloop
endfacet
facet normal 0 0 -1
outer loop
vertex 187.4671176249289 -60.458355349535005 0
vertex 186.18066017177688 -60.68566017179103 0
vertex 186.36720441845503 -60.458355349535005 0
endloop
endfacet
facet normal 0 0 -1
outer loop
vertex 129.49999999999918 -59.750000000000384 0
vertex 131.48751761215033 -59.750000000000384 0
vertex 131.26776695296633 -60.017766952966376 0
endloop
endfacet
facet normal 0 0 -1
outer loop
vertex 129.49999999999918 -59.750000000000384 0
vertex 131.26776695296633 -60.017766952966376 0
vertex 130.88892558254895 -60.328674030756396 0
endloop
endfacet
facet normal 0 0 -1
outer loop
vertex 129.49999999999918 -59.750000000000384 0
vertex 130.88892558254895 -60.328674030756396 0
vertex 130.4567085809127 -60.55969883127821 0
endloop
endfacet
facet normal 0 0 -1
outer loop
vertex 129.49999999999918 -59.750000000000384 0
vertex 130.4567085809127 -60.55969883127821 0
vertex 129.98772580504036 -60.701963201008084 0
endloop
endfacet
facet normal 0 0 -1
outer loop
vertex 129.49999999999918 -59.750000000000384 0
vertex 129.98772580504036 -60.701963201008084 0
vertex 129.49999999999991 -60.75 0
endloop
endfacet
facet normal 0 0 -1
outer loop
vertex 129.49999999999918 -59.750000000000384 0
vertex 129.49999999999991 -60.75 0
vertex 129.01227419495967 -60.701963201008084 0
endloop
endfacet
facet normal 0 0 -1
outer loop
vertex 129.49999999999918 -59.750000000000384 0
vertex 129.01227419495967 -60.701963201008084 0
vertex 128.54329141908724 -60.55969883127821 0
endloop
endfacet
facet normal 0 0 -1
outer loop
vertex 129.49999999999918 -59.750000000000384 0
vertex 128.54329141908724 -60.55969883127821 0
vertex 128.111074417451 -60.328674030756396 0
endloop
endfacet
facet normal 0 0 -1
outer loop
vertex 129.49999999999918 -59.750000000000384 0
vertex 128.111074417451 -60.328674030756396 0
vertex 127.73223304703363 -60.017766952966376 0
endloop
endfacet
facet normal 0 0 -1
outer loop
vertex 129.49999999999918 -59.750000000000384 0
vertex 127.73223304703363 -60.017766952966376 0
vertex 127.51248238784963 -59.750000000000384 0
endloop
endfacet
facet normal 0 0 -1
outer loop
vertex 184.05933982822822 -60.68566017179103 0
vertex 184.2866446504514 -60.87220441844267 0
vertex 182.9655744288289 -60.87220441844267 0
endloop
endfacet
facet normal 0 0 -1
outer loop
vertex 184.05933982822822 -60.68566017179103 0
vertex 182.9655744288289 -60.87220441844267 0
vertex 182.86586445164605 -60.68566017179103 0
endloop
endfacet
facet normal 0 0 -1
outer loop
vertex 187.374135548354 -60.68566017179103 0
vertex 187.27442557117112 -60.87220441844267 0
vertex 185.95335534953273 -60.87220441844267 0
endloop
endfacet
facet normal 0 0 -1
outer loop
vertex 187.374135548354 -60.68566017179103 0
vertex 185.95335534953273 -60.87220441844267 0
vertex 186.18066017177688 -60.68566017179103 0
endloop
endfacet
facet normal 0 0 -1
outer loop
vertex 184.2866446504514 -60.87220441844267 0
vertex 184.54597485145834 -61.01081929876924 0
vertex 183.0396656259719 -61.01081929876924 0
endloop
endfacet
facet normal 0 0 -1
outer loop
vertex 184.2866446504514 -60.87220441844267 0
vertex 183.0396656259719 -61.01081929876924 0
vertex 182.9655744288289 -60.87220441844267 0
endloop
endfacet
facet normal 0 0 -1
outer loop
vertex 187.27442557117112 -60.87220441844267 0
vertex 187.20033437402807 -61.01081929876924 0
vertex 185.69402514854423 -61.01081929876924 0
endloop
endfacet
facet normal 0 0 -1
outer loop
vertex 187.27442557117112 -60.87220441844267 0
vertex 185.69402514854423 -61.01081929876924 0
vertex 185.95335534953273 -60.87220441844267 0
endloop
endfacet
facet normal 0 0 -1
outer loop
vertex 184.54597485145834 -61.01081929876924 0
vertex 184.82736451697414 -61.09617792060483 0
vertex 183.10882871858215 -61.09617792060483 0
endloop
endfacet
facet normal 0 0 -1
outer loop
vertex 184.54597485145834 -61.01081929876924 0
vertex 183.10882871858215 -61.09617792060483 0
vertex 183.0413259692436 -61.01392558254895 0
endloop
endfacet
facet normal 0 0 -1
outer loop
vertex 184.54597485145834 -61.01081929876924 0
vertex 183.0413259692436 -61.01392558254895 0
vertex 183.0396656259719 -61.01081929876924 0
endloop
endfacet
facet normal 0 0 -1
outer loop
vertex 187.20033437402807 -61.01081929876924 0
vertex 187.1986740307564 -61.01392558254895 0
vertex 187.13117128141786 -61.09617792060483 0
endloop
endfacet
facet normal 0 0 -1
outer loop
vertex 187.20033437402807 -61.01081929876924 0
vertex 187.13117128141786 -61.09617792060483 0
vertex 185.41263548301455 -61.09617792060483 0
endloop
endfacet
facet normal 0 0 -1
outer loop
vertex 187.20033437402807 -61.01081929876924 0
vertex 185.41263548301455 -61.09617792060483 0
vertex 185.69402514854423 -61.01081929876924 0
endloop
endfacet
facet normal 0 0 -1
outer loop
vertex 184.82736451697414 -61.09617792060483 0
vertex 185.12000000000725 -61.12500000000087 0
vertex 183.13248238785005 -61.12500000000087 0
endloop
endfacet
facet normal 0 0 -1
outer loop
vertex 184.82736451697414 -61.09617792060483 0
vertex 183.13248238785005 -61.12500000000087 0
vertex 183.10882871858215 -61.09617792060483 0
endloop
endfacet
facet normal 0 0 -1
outer loop
vertex 187.13117128141786 -61.09617792060483 0
vertex 187.10751761214996 -61.12500000000087 0
vertex 185.12000000000725 -61.12500000000087 0
endloop
endfacet
facet normal 0 0 -1
outer loop
vertex 187.13117128141786 -61.09617792060483 0
vertex 185.12000000000725 -61.12500000000087 0
vertex 185.41263548301455 -61.09617792060483 0
endloop
endfacet
facet normal 0 0 -1
outer loop
vertex 185.12000000000725 -61.12500000000087 0
vertex 187.10751761214996 -61.12500000000087 0
vertex 186.88776695296636 -61.39276695296634 0
endloop
endfacet
facet normal 0 0 -1
outer loop
vertex 185.12000000000725 -61.12500000000087 0
vertex 186.88776695296636 -61.39276695296634 0
vertex 186.50892558254898 -61.70367403075635 0
endloop
endfacet
facet normal 0 0 -1
outer loop
vertex 185.12000000000725 -61.12500000000087 0
vertex 186.50892558254898 -61.70367403075635 0
vertex 186.07670858091262 -61.934698831278205 0
endloop
endfacet
facet normal 0 0 -1
outer loop
vertex 185.12000000000725 -61.12500000000087 0
vertex 186.07670858091262 -61.934698831278205 0
vertex 185.6077258050403 -62.07696320100807 0
endloop
endfacet
facet normal 0 0 -1
outer loop
vertex 185.12000000000725 -61.12500000000087 0
vertex 185.6077258050403 -62.07696320100807 0
vertex 185.12 -62.125 0
endloop
endfacet
facet normal 0 0 -1
outer loop
vertex 185.12000000000725 -61.12500000000087 0
vertex 185.12 -62.125 0
vertex 184.63227419495965 -62.07696320100807 0
endloop
endfacet
facet normal 0 0 -1
outer loop
vertex 185.12000000000725 -61.12500000000087 0
vertex 184.63227419495965 -62.07696320100807 0
vertex 184.16329141908722 -61.934698831278205 0
endloop
endfacet
facet normal 0 0 -1
outer loop
vertex 185.12000000000725 -61.12500000000087 0
vertex 184.16329141908722 -61.934698831278205 0
vertex 183.73107441745103 -61.70367403075635 0
endloop
endfacet
facet normal 0 0 -1
outer loop
vertex 185.12000000000725 -61.12500000000087 0
vertex 183.73107441745103 -61.70367403075635 0
vertex 183.35223304703365 -61.39276695296634 0
endloop
endfacet
facet normal 0 0 -1
outer loop
vertex 185.12000000000725 -61.12500000000087 0
vertex 183.35223304703365 -61.39276695296634 0
vertex 183.13248238785005 -61.12500000000087 0
endloop
endfacet
facet normal 0 0 -1
outer loop
vertex 231.43772580504034 -90.74803679899193 0
vertex 231.9067085809127 -90.89030116872178 0
vertex 232.338925582549 -91.12132596924364 0
endloop
endfacet
facet normal 0 0 -1
outer loop
vertex 231.43772580504034 -90.74803679899193 0
vertex 232.338925582549 -91.12132596924364 0
vertex 232.71776695296634 -91.4322330470336 0
endloop
endfacet
facet normal 0 0 -1
outer loop
vertex 231.43772580504034 -90.74803679899193 0
vertex 232.71776695296634 -91.4322330470336 0
vertex 232.93751761215083 -91.7000000000002 0
endloop
endfacet
facet normal 0 0 -1
outer loop
vertex 231.43772580504034 -90.74803679899193 0
vertex 232.93751761215083 -91.7000000000002 0
vertex 230.95000000001173 -91.7000000000002 0
endloop
endfacet
facet normal 0 0 -1
outer loop
vertex 231.43772580504034 -90.74803679899193 0
vertex 230.95000000001173 -91.7000000000002 0
vertex 228.9624823878491 -91.7000000000002 0
endloop
endfacet
facet normal 0 0 -1
outer loop
vertex 231.43772580504034 -90.74803679899193 0
vertex 228.9624823878491 -91.7000000000002 0
vertex 229.18223304703366 -91.4322330470336 0
endloop
endfacet
facet normal 0 0 -1
outer loop
vertex 231.43772580504034 -90.74803679899193 0
vertex 229.18223304703366 -91.4322330470336 0
vertex 229.56107441745095 -91.12132596924364 0
endloop
endfacet
facet normal 0 0 -1
outer loop
vertex 231.43772580504034 -90.74803679899193 0
vertex 229.56107441745095 -91.12132596924364 0
vertex 229.99329141908743 -90.89030116872178 0
endloop
endfacet
facet normal 0 0 -1
outer loop
vertex 231.43772580504034 -90.74803679899193 0
vertex 229.99329141908743 -90.89030116872178 0
vertex 230.46227419495963 -90.74803679899193 0
endloop
endfacet
facet normal 0 0 -1
outer loop
vertex 231.43772580504034 -90.74803679899193 0
vertex 230.46227419495963 -90.74803679899193 0
vertex 230.94999999999996 -90.7 0
endloop
endfacet
facet normal 0 0 -1
outer loop
vertex 230.95000000001173 -91.7000000000002 0
vertex 230.65736451698837 -91.72882207939527 0
vertex 228.938828718582 -91.72882207939527 0
endloop
endfacet
facet normal 0 0 -1
outer loop
vertex 230.95000000001173 -91.7000000000002 0
vertex 228.938828718582 -91.72882207939527 0
vertex 228.9624823878491 -91.7000000000002 0
endloop
endfacet
facet normal 0 0 -1
outer loop
vertex 232.93751761215083 -91.7000000000002 0
vertex 232.96117128141793 -91.72882207939527 0
vertex 231.24263548303514 -91.72882207939527 0
endloop
endfacet
facet normal 0 0 -1
outer loop
vertex 232.93751761215083 -91.7000000000002 0
vertex 231.24263548303514 -91.72882207939527 0
vertex 230.95000000001173 -91.7000000000002 0
endloop
endfacet
facet normal 0 0 -1
outer loop
vertex 230.65736451698837 -91.72882207939527 0
vertex 230.37597485147592 -91.81418070122363 0
vertex 228.8696656259757 -91.81418070122363 0
endloop
endfacet
facet normal 0 0 -1
outer loop
vertex 230.65736451698837 -91.72882207939527 0
vertex 228.8696656259757 -91.81418070122363 0
vertex 228.87132596924363 -91.81107441745091 0
endloop
endfacet
facet normal 0 0 -1
outer loop
vertex 230.65736451698837 -91.72882207939527 0
vertex 228.87132596924363 -91.81107441745091 0
vertex 228.938828718582 -91.72882207939527 0
endloop
endfacet
facet normal 0 0 -1
outer loop
vertex 232.96117128141793 -91.72882207939527 0
vertex 233.02867403075626 -91.81107441745091 0
vertex 233.03033437402422 -91.81418070122363 0
endloop
endfacet
facet normal 0 0 -1
outer loop
vertex 232.96117128141793 -91.72882207939527 0
vertex 233.03033437402422 -91.81418070122363 0
vertex 231.52402514852713 -91.81418070122363 0
endloop
endfacet
facet normal 0 0 -1
outer loop
vertex 232.96117128141793 -91.72882207939527 0
vertex 231.52402514852713 -91.81418070122363 0
vertex 231.24263548303514 -91.72882207939527 0
endloop
endfacet
facet normal 0 0 -1
outer loop
vertex 230.37597485147592 -91.81418070122363 0
vertex 230.11664465047986 -91.95279558153959 0
vertex 228.7955744288384 -91.95279558153959 0
endloop
endfacet
facet normal 0 0 -1
outer loop
vertex 230.37597485147592 -91.81418070122363 0
vertex 228.7955744288384 -91.95279558153959 0
vertex 228.8696656259757 -91.81418070122363 0
endloop
endfacet
facet normal 0 0 -1
outer loop
vertex 233.03033437402422 -91.81418070122363 0
vertex 233.10442557116158 -91.95279558153959 0
vertex 231.7833553495142 -91.95279558153959 0
endloop
endfacet
facet normal 0 0 -1
outer loop
vertex 233.03033437402422 -91.81418070122363 0
vertex 231.7833553495142 -91.95279558153959 0
vertex 231.52402514852713 -91.81418070122363 0
endloop
endfacet
facet normal 0 0 -1
outer loop
vertex 230.11664465047986 -91.95279558153959 0
vertex 229.8893398281647 -92.13933982824567 0
vertex 228.6958644516265 -92.13933982824567 0
endloop
endfacet
facet normal 0 0 -1
outer loop
vertex 230.11664465047986 -91.95279558153959 0
vertex 228.6958644516265 -92.13933982824567 0
vertex 228.7955744288384 -91.95279558153959 0
endloop
endfacet
facet normal 0 0 -1
outer loop
vertex 233.10442557116158 -91.95279558153959 0
vertex 233.20413554837353 -92.13933982824567 0
vertex 232.01066017180372 -92.13933982824567 0
endloop
endfacet
facet normal 0 0 -1
outer loop
vertex 233.10442557116158 -91.95279558153959 0
vertex 232.01066017180372 -92.13933982824567 0
vertex 231.7833553495142 -91.95279558153959 0
endloop
endfacet
facet normal 0 0 -1
outer loop
vertex 229.8893398281647 -92.13933982824567 0
vertex 229.7027955815742 -92.3666446504638 0
vertex 228.60288237507146 -92.3666446504638 0
endloop
endfacet
facet normal 0 0 -1
outer loop
vertex 229.8893398281647 -92.13933982824567 0
vertex 228.60288237507146 -92.3666446504638 0
vertex 228.6403011687218 -92.24329141908744 0
endloop
endfacet
facet normal 0 0 -1
outer loop
vertex 229.8893398281647 -92.13933982824567 0
vertex 228.6403011687218 -92.24329141908744 0
vertex 228.6958644516265 -92.13933982824567 0
endloop
endfacet
facet normal 0 0 -1
outer loop
vertex 233.20413554837353 -92.13933982824567 0
vertex 233.25969883127826 -92.24329141908744 0
vertex 233.29711762492852 -92.3666446504638 0
endloop
endfacet
facet normal 0 0 -1
outer loop
vertex 233.20413554837353 -92.13933982824567 0
vertex 233.29711762492852 -92.3666446504638 0
vertex 232.1972044184512 -92.3666446504638 0
endloop
endfacet
facet normal 0 0 -1
outer loop
vertex 233.20413554837353 -92.13933982824567 0
vertex 232.1972044184512 -92.3666446504638 0
vertex 232.01066017180372 -92.13933982824567 0
endloop
endfacet
facet normal 0 0 -1
outer loop
vertex 229.7027955815742 -92.3666446504638 0
vertex 229.56418070123632 -92.62597485143966 0
vertex 228.5242154186462 -92.62597485143966 0
endloop
endfacet
facet normal 0 0 -1
outer loop
vertex 229.7027955815742 -92.3666446504638 0
vertex 228.5242154186462 -92.62597485143966 0
vertex 228.60288237507146 -92.3666446504638 0
endloop
endfacet
facet normal 0 0 -1
outer loop
vertex 233.29711762492852 -92.3666446504638 0
vertex 233.3757845813538 -92.62597485143966 0
vertex 232.33581929876118 -92.62597485143966 0
endloop
endfacet
facet normal 0 0 -1
outer loop
vertex 233.29711762492852 -92.3666446504638 0
vertex 232.33581929876118 -92.62597485143966 0
vertex 232.1972044184512 -92.3666446504638 0
endloop
endfacet
facet normal 0 0 -1
outer loop
vertex 229.56418070123632 -92.62597485143966 0
vertex 229.4788220793881 -92.90736451699244 0
vertex 228.47882207939347 -92.90736451699244 0
endloop
endfacet
facet normal 0 0 -1
outer loop
vertex 229.56418070123632 -92.62597485143966 0
vertex 228.47882207939347 -92.90736451699244 0
vertex 228.49803679899185 -92.71227419495992 0
endloop
endfacet
facet normal 0 0 -1
outer loop
vertex 229.56418070123632 -92.62597485143966 0
vertex 228.49803679899185 -92.71227419495992 0
vertex 228.5242154186462 -92.62597485143966 0
endloop
endfacet
facet normal 0 0 -1
outer loop
vertex 233.3757845813538 -92.62597485143966 0
vertex 233.40196320100816 -92.71227419495992 0
vertex 233.42117792060654 -92.90736451699244 0
endloop
endfacet
facet normal 0 0 -1
outer loop
vertex 233.3757845813538 -92.62597485143966 0
vertex 233.42117792060654 -92.90736451699244 0
vertex 232.421177920608 -92.90736451699244 0
endloop
endfacet
facet normal 0 0 -1
outer loop
vertex 233.3757845813538 -92.62597485143966 0
vertex 232.421177920608 -92.90736451699244 0
vertex 232.33581929876118 -92.62597485143966 0
endloop
endfacet
facet normal 0 0 -1
outer loop
vertex 229.4788220793881 -92.90736451699244 0
vertex 229.45000000000007 -93.19999999999979 0
vertex 228.45 -93.19999999999979 0
endloop
endfacet
facet normal 0 0 -1
outer loop
vertex 229.4788220793881 -92.90736451699244 0
vertex 228.45 -93.19999999999979 0
vertex 228.47882207939347 -92.90736451699244 0
endloop
endfacet
facet normal 0 0 -1
outer loop
vertex 233.42117792060654 -92.90736451699244 0
vertex 233.45000000000002 -93.19999999999979 0
vertex 232.45000000000033 -93.19999999999979 0
endloop
endfacet
facet normal 0 0 -1
outer loop
vertex 233.42117792060654 -92.90736451699244 0
vertex 232.45000000000033 -93.19999999999979 0
vertex 232.421177920608 -92.90736451699244 0
endloop
endfacet
facet normal 0 0 -1
outer loop
vertex 229.45000000000007 -93.19999999999979 0
vertex 229.4788220793976 -93.49263548304395 0
vertex 228.47882207939713 -93.49263548304395 0
endloop
endfacet
facet normal 0 0 -1
outer loop
vertex 229.45000000000007 -93.19999999999979 0
vertex 228.47882207939713 -93.49263548304395 0
vertex 228.45 -93.19999999999979 0
endloop
endfacet
facet normal 0 0 -1
outer loop
vertex 233.45000000000002 -93.19999999999979 0
vertex 233.4211779206029 -93.49263548304395 0
vertex 232.42117792060205 -93.49263548304395 0
endloop
endfacet
facet normal 0 0 -1
outer loop
vertex 233.45000000000002 -93.19999999999979 0
vertex 232.42117792060205 -93.49263548304395 0
vertex 232.45000000000033 -93.19999999999979 0
endloop
endfacet
facet normal 0 0 -1
outer loop
vertex 229.4788220793976 -93.49263548304395 0
vertex 229.56418070122243 -93.7740251485211 0
vertex 228.5242154186343 -93.7740251485211 0
endloop
endfacet
facet normal 0 0 -1
outer loop
vertex 229.4788220793976 -93.49263548304395 0
vertex 228.5242154186343 -93.7740251485211 0
vertex 228.49803679899193 -93.68772580504026 0
endloop
endfacet
facet normal 0 0 -1
outer loop
vertex 229.4788220793976 -93.49263548304395 0
vertex 228.49803679899193 -93.68772580504026 0
vertex 228.47882207939713 -93.49263548304395 0
endloop
endfacet
facet normal 0 0 -1
outer loop
vertex 233.4211779206029 -93.49263548304395 0
vertex 233.4019632010081 -93.68772580504026 0
vertex 233.3757845813657 -93.7740251485211 0
endloop
endfacet
facet normal 0 0 -1
outer loop
vertex 233.4211779206029 -93.49263548304395 0
vertex 233.3757845813657 -93.7740251485211 0
vertex 232.33581929876743 -93.7740251485211 0
endloop
endfacet
facet normal 0 0 -1
outer loop
vertex 233.4211779206029 -93.49263548304395 0
vertex 232.33581929876743 -93.7740251485211 0
vertex 232.42117792060205 -93.49263548304395 0
endloop
endfacet
facet normal 0 0 -1
outer loop
vertex 229.56418070122243 -93.7740251485211 0
vertex 229.7027955815595 -94.03335534954769 0
vertex 228.60288237507496 -94.03335534954769 0
endloop
endfacet
facet normal 0 0 -1
outer loop
vertex 229.56418070122243 -93.7740251485211 0
vertex 228.60288237507496 -94.03335534954769 0
vertex 228.5242154186343 -93.7740251485211 0
endloop
endfacet
facet normal 0 0 -1
outer loop
vertex 233.3757845813657 -93.7740251485211 0
vertex 233.29711762492505 -94.03335534954769 0
vertex 232.1972044184543 -94.03335534954769 0
endloop
endfacet
facet normal 0 0 -1
outer loop
vertex 233.3757845813657 -93.7740251485211 0
vertex 232.1972044184543 -94.03335534954769 0
vertex 232.33581929876743 -93.7740251485211 0
endloop
endfacet
facet normal 0 0 -1
outer loop
vertex 229.7027955815595 -94.03335534954769 0
vertex 229.88933982822613 -94.26066017178916 0
vertex 228.695864451645 -94.26066017178916 0
endloop
endfacet
facet normal 0 0 -1
outer loop
vertex 229.7027955815595 -94.03335534954769 0
vertex 228.695864451645 -94.26066017178916 0
vertex 228.64030116872178 -94.1567085809127 0
endloop
endfacet
facet normal 0 0 -1
outer loop
vertex 229.7027955815595 -94.03335534954769 0
vertex 228.64030116872178 -94.1567085809127 0
vertex 228.60288237507496 -94.03335534954769 0
endloop
endfacet
facet normal 0 0 -1
outer loop
vertex 233.29711762492505 -94.03335534954769 0
vertex 233.25969883127823 -94.1567085809127 0
vertex 233.20413554835497 -94.26066017178916 0
endloop
endfacet
facet normal 0 0 -1
outer loop
vertex 233.29711762492505 -94.03335534954769 0
vertex 233.20413554835497 -94.26066017178916 0
vertex 232.01066017178366 -94.26066017178916 0
endloop
endfacet
facet normal 0 0 -1
outer loop
vertex 233.29711762492505 -94.03335534954769 0
vertex 232.01066017178366 -94.26066017178916 0
vertex 232.1972044184543 -94.03335534954769 0
endloop
endfacet
facet normal 0 0 -1
outer loop
vertex 229.88933982822613 -94.26066017178916 0
vertex 230.11664465044956 -94.44720441844099 0
vertex 228.79557442882796 -94.44720441844099 0
endloop
endfacet
facet normal 0 0 -1
outer loop
vertex 229.88933982822613 -94.26066017178916 0
vertex 228.79557442882796 -94.44720441844099 0
vertex 228.695864451645 -94.26066017178916 0
endloop
endfacet
facet normal 0 0 -1
outer loop
vertex 233.20413554835497 -94.26066017178916 0
vertex 233.10442557117202 -94.44720441844099 0
vertex 231.7833553495096 -94.44720441844099 0
endloop
endfacet
facet normal 0 0 -1
outer loop
vertex 233.20413554835497 -94.26066017178916 0
vertex 231.7833553495096 -94.44720441844099 0
vertex 232.01066017178366 -94.26066017178916 0
endloop
endfacet
facet normal 0 0 -1
outer loop
vertex 230.11664465044956 -94.44720441844099 0
vertex 230.37597485146205 -94.58581929877055 0
vertex 228.8696656259726 -94.58581929877055 0
endloop
endfacet
facet normal 0 0 -1
outer loop
vertex 230.11664465044956 -94.44720441844099 0
vertex 228.8696656259726 -94.58581929877055 0
vertex 228.79557442882796 -94.44720441844099 0
endloop
endfacet
facet normal 0 0 -1
outer loop
vertex 233.10442557117202 -94.44720441844099 0
vertex 233.03033437402738 -94.58581929877055 0
vertex 231.52402514856138 -94.58581929877055 0
endloop
endfacet
facet normal 0 0 -1
outer loop
vertex 233.10442557117202 -94.44720441844099 0
vertex 231.52402514856138 -94.58581929877055 0
vertex 231.7833553495096 -94.44720441844099 0
endloop
endfacet
facet normal 0 0 -1
outer loop
vertex 230.37597485146205 -94.58581929877055 0
vertex 230.65736451696165 -94.67117792060122 0
vertex 228.93882871857917 -94.67117792060122 0
endloop
endfacet
facet normal 0 0 -1
outer loop
vertex 230.37597485146205 -94.58581929877055 0
vertex 228.93882871857917 -94.67117792060122 0
vertex 228.87132596924357 -94.58892558254894 0
endloop
endfacet
facet normal 0 0 -1
outer loop
vertex 230.37597485146205 -94.58581929877055 0
vertex 228.87132596924357 -94.58892558254894 0
vertex 228.8696656259726 -94.58581929877055 0
endloop
endfacet
facet normal 0 0 -1
outer loop
vertex 233.03033437402738 -94.58581929877055 0
vertex 233.0286740307564 -94.58892558254894 0
vertex 232.96117128142083 -94.67117792060122 0
endloop
endfacet
facet normal 0 0 -1
outer loop
vertex 233.03033437402738 -94.58581929877055 0
vertex 232.96117128142083 -94.67117792060122 0
vertex 231.24263548301707 -94.67117792060122 0
endloop
endfacet
facet normal 0 0 -1
outer loop
vertex 233.03033437402738 -94.58581929877055 0
vertex 231.24263548301707 -94.67117792060122 0
vertex 231.52402514856138 -94.58581929877055 0
endloop
endfacet
facet normal 0 0 -1
outer loop
vertex 230.65736451696165 -94.67117792060122 0
vertex 230.95000000001616 -94.69999999999936 0
vertex 228.96248238784884 -94.69999999999936 0
endloop
endfacet
facet normal 0 0 -1
outer loop
vertex 230.65736451696165 -94.67117792060122 0
vertex 228.96248238784884 -94.69999999999936 0
vertex 228.93882871857917 -94.67117792060122 0
endloop
endfacet
facet normal 0 0 -1
outer loop
vertex 232.96117128142083 -94.67117792060122 0
vertex 232.9375176121512 -94.69999999999936 0
vertex 230.95000000001616 -94.69999999999936 0
endloop
endfacet
facet normal 0 0 -1
outer loop
vertex 232.96117128142083 -94.67117792060122 0
vertex 230.95000000001616 -94.69999999999936 0
vertex 231.24263548301707 -94.67117792060122 0
endloop
endfacet
facet normal 0 0 -1
outer loop
vertex 230.95000000001616 -94.69999999999936 0
vertex 232.9375176121512 -94.69999999999936 0
vertex 232.71776695296637 -94.96776695296633 0
endloop
endfacet
facet normal 0 0 -1
outer loop
vertex 230.95000000001616 -94.69999999999936 0
vertex 232.71776695296637 -94.96776695296633 0
vertex 232.3389255825488 -95.27867403075649 0
endloop
endfacet
facet normal 0 0 -1
outer loop
vertex 230.95000000001616 -94.69999999999936 0
vertex 232.3389255825488 -95.27867403075649 0
vertex 231.90670858091286 -95.50969883127826 0
endloop
endfacet
facet normal 0 0 -1
outer loop
vertex 230.95000000001616 -94.69999999999936 0
vertex 231.90670858091286 -95.50969883127826 0
vertex 231.43772580504026 -95.65196320100807 0
endloop
endfacet
facet normal 0 0 -1
outer loop
vertex 230.95000000001616 -94.69999999999936 0
vertex 231.43772580504026 -95.65196320100807 0
vertex 230.94999999999993 -95.7 0
endloop
endfacet
facet normal 0 0 -1
outer loop
vertex 230.95000000001616 -94.69999999999936 0
vertex 230.94999999999993 -95.7 0
vertex 230.4622741949596 -95.65196320100807 0
endloop
endfacet
facet normal 0 0 -1
outer loop
vertex 230.95000000001616 -94.69999999999936 0
vertex 230.4622741949596 -95.65196320100807 0
vertex 229.99329141908734 -95.50969883127826 0
endloop
endfacet
facet normal 0 0 -1
outer loop
vertex 230.95000000001616 -94.69999999999936 0
vertex 229.99329141908734 -95.50969883127826 0
vertex 229.56107441745095 -95.27867403075649 0
endloop
endfacet
facet normal 0 0 -1
outer loop
vertex 230.95000000001616 -94.69999999999936 0
vertex 229.56107441745095 -95.27867403075649 0
vertex 229.1822330470337 -94.96776695296633 0
endloop
endfacet
facet normal 0 0 -1
outer loop
vertex 230.95000000001616 -94.69999999999936 0
vertex 229.1822330470337 -94.96776695296633 0
vertex 228.96248238784884 -94.69999999999936 0
endloop
endfacet
facet normal 0 0 -1
outer loop
vertex 128.98772580504033 -108.04803679899192 0
vertex 129.45670858091268 -108.19030116872176 0
vertex 129.88892558254892 -108.4213259692436 0
endloop
endfacet
facet normal 0 0 -1
outer loop
vertex 128.98772580504033 -108.04803679899192 0
vertex 129.88892558254892 -108.4213259692436 0
vertex 130.26776695296647 -108.73223304703357 0
endloop
endfacet
facet normal 0 0 -1
outer loop
vertex 128.98772580504033 -108.04803679899192 0
vertex 130.26776695296647 -108.73223304703357 0
vertex 130.48751761215038 -108.99999999999957 0
endloop
endfacet
facet normal 0 0 -1
outer loop
vertex 128.98772580504033 -108.04803679899192 0
vertex 130.48751761215038 -108.99999999999957 0
vertex 128.50000000001165 -108.99999999999957 0
endloop
endfacet
facet normal 0 0 -1
outer loop
vertex 128.98772580504033 -108.04803679899192 0
vertex 128.50000000001165 -108.99999999999957 0
vertex 126.5124823878497 -108.99999999999957 0
endloop
endfacet
facet normal 0 0 -1
outer loop
vertex 128.98772580504033 -108.04803679899192 0
vertex 126.5124823878497 -108.99999999999957 0
vertex 126.7322330470337 -108.73223304703357 0
endloop
endfacet
facet normal 0 0 -1
outer loop
vertex 128.98772580504033 -108.04803679899192 0
vertex 126.7322330470337 -108.73223304703357 0
vertex 127.11107441745084 -108.4213259692436 0
endloop
endfacet
facet normal 0 0 -1
outer loop
vertex 128.98772580504033 -108.04803679899192 0
vertex 127.11107441745084 -108.4213259692436 0
vertex 127.54329141908737 -108.19030116872176 0
endloop
endfacet
facet normal 0 0 -1
outer loop
vertex 128.98772580504033 -108.04803679899192 0
vertex 127.54329141908737 -108.19030116872176 0
vertex 128.01227419495962 -108.04803679899192 0
endloop
endfacet
facet normal 0 0 -1
outer loop
vertex 128.98772580504033 -108.04803679899192 0
vertex 128.01227419495962 -108.04803679899192 0
vertex 128.50000000000009 -108 0
endloop
endfacet
facet normal 0 0 -1
outer loop
vertex 128.50000000001165 -108.99999999999957 0
vertex 128.2073645170088 -109.02882207939263 0
vertex 126.48882871858424 -109.02882207939263 0
endloop
endfacet
facet normal 0 0 -1
outer loop
vertex 128.50000000001165 -108.99999999999957 0
vertex 126.48882871858424 -109.02882207939263 0
vertex 126.5124823878497 -108.99999999999957 0
endloop
endfacet
facet normal 0 0 -1
outer loop
vertex 130.48751761215038 -108.99999999999957 0
vertex 130.5111712814158 -109.02882207939263 0
vertex 128.79263548301444 -109.02882207939263 0
endloop
endfacet
facet normal 0 0 -1
outer loop
vertex 130.48751761215038 -108.99999999999957 0
vertex 128.79263548301444 -109.02882207939263 0
vertex 128.50000000001165 -108.99999999999957 0
endloop
endfacet
facet normal 0 0 -1
outer loop
vertex 128.2073645170088 -109.02882207939263 0
vertex 127.9259748514456 -109.11418070123202 0
vertex 126.41966562597129 -109.11418070123202 0
endloop
endfacet
facet normal 0 0 -1
outer loop
vertex 128.2073645170088 -109.02882207939263 0
vertex 126.41966562597129 -109.11418070123202 0
vertex 126.42132596924367 -109.111074417451 0
endloop
endfacet
facet normal 0 0 -1
outer loop
vertex 128.2073645170088 -109.02882207939263 0
vertex 126.42132596924367 -109.111074417451 0
vertex 126.48882871858424 -109.02882207939263 0
endloop
endfacet
facet normal 0 0 -1
outer loop
vertex 130.5111712814158 -109.02882207939263 0
vertex 130.57867403075636 -109.111074417451 0
vertex 130.58033437402875 -109.11418070123202 0
endloop
endfacet
facet normal 0 0 -1
outer loop
vertex 130.5111712814158 -109.02882207939263 0
vertex 130.58033437402875 -109.11418070123202 0
vertex 129.07402514854275 -109.11418070123202 0
endloop
endfacet
facet normal 0 0 -1
outer loop
vertex 130.5111712814158 -109.02882207939263 0
vertex 129.07402514854275 -109.11418070123202 0
vertex 128.79263548301444 -109.02882207939263 0
endloop
endfacet
facet normal 0 0 -1
outer loop
vertex 127.9259748514456 -109.11418070123202 0
vertex 127.66664465046127 -109.2527955815536 0
vertex 126.34557442883091 -109.2527955815536 0
endloop
endfacet
facet normal 0 0 -1
outer loop
vertex 127.9259748514456 -109.11418070123202 0
vertex 126.34557442883091 -109.2527955815536 0
vertex 126.41966562597129 -109.11418070123202 0
endloop
endfacet
facet normal 0 0 -1
outer loop
vertex 130.58033437402875 -109.11418070123202 0
vertex 130.6544255711691 -109.2527955815536 0
vertex 129.33335534954034 -109.2527955815536 0
endloop
endfacet
facet normal 0 0 -1
outer loop
vertex 130.58033437402875 -109.11418070123202 0
vertex 129.33335534954034 -109.2527955815536 0
vertex 129.07402514854275 -109.11418070123202 0
endloop
endfacet
facet normal 0 0 -1
outer loop
vertex 127.66664465046127 -109.2527955815536 0
vertex 127.43933982823478 -109.43933982821135 0
vertex 126.24586445164479 -109.43933982821135 0
endloop
endfacet
facet normal 0 0 -1
outer loop
vertex 127.66664465046127 -109.2527955815536 0
vertex 126.24586445164479 -109.43933982821135 0
vertex 126.34557442883091 -109.2527955815536 0
endloop
endfacet
facet normal 0 0 -1
outer loop
vertex 130.6544255711691 -109.2527955815536 0
vertex 130.75413554835518 -109.43933982821135 0
vertex 129.560660171771 -109.43933982821135 0
endloop
endfacet
facet normal 0 0 -1
outer loop
vertex 130.6544255711691 -109.2527955815536 0
vertex 129.560660171771 -109.43933982821135 0
vertex 129.33335534954034 -109.2527955815536 0
endloop
endfacet
facet normal 0 0 -1
outer loop
vertex 127.43933982823478 -109.43933982821135 0
vertex 127.2527955815412 -109.66664465047033 0
vertex 126.15288237506948 -109.66664465047033 0
endloop
endfacet
facet normal 0 0 -1
outer loop
vertex 127.43933982823478 -109.43933982821135 0
vertex 126.15288237506948 -109.66664465047033 0
vertex 126.19030116872175 -109.5432914190874 0
endloop
endfacet
facet normal 0 0 -1
outer loop
vertex 127.43933982823478 -109.43933982821135 0
vertex 126.19030116872175 -109.5432914190874 0
vertex 126.24586445164479 -109.43933982821135 0
endloop
endfacet
facet normal 0 0 -1
outer loop
vertex 130.75413554835518 -109.43933982821135 0
vertex 130.8096988312782 -109.5432914190874 0
vertex 130.8471176249305 -109.66664465047033 0
endloop
endfacet
facet normal 0 0 -1
outer loop
vertex 130.75413554835518 -109.43933982821135 0
vertex 130.8471176249305 -109.66664465047033 0
vertex 129.747204418452 -109.66664465047033 0
endloop
endfacet
facet normal 0 0 -1
outer loop
vertex 130.75413554835518 -109.43933982821135 0
vertex 129.747204418452 -109.66664465047033 0
vertex 129.560660171771 -109.43933982821135 0
endloop
endfacet
facet normal 0 0 -1
outer loop
vertex 127.2527955815412 -109.66664465047033 0
vertex 127.11418070122929 -109.92597485146091 0
vertex 126.07421541863977 -109.92597485146091 0
endloop
endfacet
facet normal 0 0 -1
outer loop
vertex 127.2527955815412 -109.66664465047033 0
vertex 126.07421541863977 -109.92597485146091 0
vertex 126.15288237506948 -109.66664465047033 0
endloop
endfacet
facet normal 0 0 -1
outer loop
vertex 130.8471176249305 -109.66664465047033 0
vertex 130.92578458136026 -109.92597485146091 0
vertex 129.88581929876983 -109.92597485146091 0
endloop
endfacet
facet normal 0 0 -1
outer loop
vertex 130.8471176249305 -109.66664465047033 0
vertex 129.88581929876983 -109.92597485146091 0
vertex 129.747204418452 -109.66664465047033 0
endloop
endfacet
facet normal 0 0 -1
outer loop
vertex 127.11418070122929 -109.92597485146091 0
vertex 127.02882207939885 -110.20736451697404 0
vertex 126.02882207939533 -110.20736451697404 0
endloop
endfacet
facet normal 0 0 -1
outer loop
vertex 127.11418070122929 -109.92597485146091 0
vertex 126.02882207939533 -110.20736451697404 0
vertex 126.04803679899193 -110.01227419495966 0
endloop
endfacet
facet normal 0 0 -1
outer loop
vertex 127.11418070122929 -109.92597485146091 0
vertex 126.04803679899193 -110.01227419495966 0
vertex 126.07421541863977 -109.92597485146091 0
endloop
endfacet
facet normal 0 0 -1
outer loop
vertex 130.92578458136026 -109.92597485146091 0
vertex 130.9519632010081 -110.01227419495966 0
vertex 130.9711779206047 -110.20736451697404 0
endloop
endfacet
facet normal 0 0 -1
outer loop
vertex 130.92578458136026 -109.92597485146091 0
vertex 130.9711779206047 -110.20736451697404 0
vertex 129.97117792060462 -110.20736451697404 0
endloop
endfacet
facet normal 0 0 -1
outer loop
vertex 130.92578458136026 -109.92597485146091 0
vertex 129.97117792060462 -110.20736451697404 0
vertex 129.88581929876983 -109.92597485146091 0
endloop
endfacet
facet normal 0 0 -1
outer loop
vertex 127.02882207939885 -110.20736451697404 0
vertex 126.99999999999852 -110.49999999999996 0
vertex 126 -110.49999999999996 0
endloop
endfacet
facet normal 0 0 -1
outer loop
vertex 127.02882207939885 -110.20736451697404 0
vertex 126 -110.49999999999996 0
vertex 126.02882207939533 -110.20736451697404 0
endloop
endfacet
facet normal 0 0 -1
outer loop
vertex 130.9711779206047 -110.20736451697404 0
vertex 131 -110.49999999999996 0
vertex 129.99999999999935 -110.49999999999996 0
endloop
endfacet
facet normal 0 0 -1
outer loop
vertex 130.9711779206047 -110.20736451697404 0
vertex 129.99999999999935 -110.49999999999996 0
vertex 129.97117792060462 -110.20736451697404 0
endloop
endfacet
facet normal 0 0 -1
outer loop
vertex 126.99999999999852 -110.49999999999996 0
vertex 127.02882207939471 -110.7926354830227 0
vertex 126.02882207939501 -110.7926354830227 0
endloop
endfacet
facet normal 0 0 -1
outer loop
vertex 126.99999999999852 -110.49999999999996 0
vertex 126.02882207939501 -110.7926354830227 0
vertex 126 -110.49999999999996 0
endloop
endfacet
facet normal 0 0 -1
outer loop
vertex 131 -110.49999999999996 0
vertex 130.971177920605 -110.7926354830227 0
vertex 129.97117792060374 -110.7926354830227 0
endloop
endfacet
facet normal 0 0 -1
outer loop
vertex 131 -110.49999999999996 0
vertex 129.97117792060374 -110.7926354830227 0
vertex 129.99999999999935 -110.49999999999996 0
endloop
endfacet
facet normal 0 0 -1
outer loop
vertex 127.02882207939471 -110.7926354830227 0
vertex 127.11418070123266 -111.07402514854527 0
vertex 126.07421541864163 -111.07402514854527 0
endloop
endfacet
facet normal 0 0 -1
outer loop
vertex 127.02882207939471 -110.7926354830227 0
vertex 126.07421541864163 -111.07402514854527 0
vertex 126.04803679899194 -110.98772580504041 0
endloop
endfacet
facet normal 0 0 -1
outer loop
vertex 127.02882207939471 -110.7926354830227 0
vertex 126.04803679899194 -110.98772580504041 0
vertex 126.02882207939501 -110.7926354830227 0
endloop
endfacet
facet normal 0 0 -1
outer loop
vertex 130.971177920605 -110.7926354830227 0
vertex 130.95196320100806 -110.98772580504041 0
vertex 130.92578458135836 -111.07402514854527 0
endloop
endfacet
facet normal 0 0 -1
outer loop
vertex 130.971177920605 -110.7926354830227 0
vertex 130.92578458135836 -111.07402514854527 0
vertex 129.88581929876912 -111.07402514854527 0
endloop
endfacet
facet normal 0 0 -1
outer loop
vertex 130.971177920605 -110.7926354830227 0
vertex 129.88581929876912 -111.07402514854527 0
vertex 129.97117792060374 -110.7926354830227 0
endloop
endfacet
facet normal 0 0 -1
outer loop
vertex 127.11418070123266 -111.07402514854527 0
vertex 127.25279558154521 -111.33335534952599 0
vertex 126.15288237506836 -111.33335534952599 0
endloop
endfacet
facet normal 0 0 -1
outer loop
vertex 127.11418070123266 -111.07402514854527 0
vertex 126.15288237506836 -111.33335534952599 0
vertex 126.07421541864163 -111.07402514854527 0
endloop
endfacet
facet normal 0 0 -1
outer loop
vertex 130.92578458135836 -111.07402514854527 0
vertex 130.8471176249316 -111.33335534952599 0
vertex 129.74720441845332 -111.33335534952599 0
endloop
endfacet
facet normal 0 0 -1
outer loop
vertex 130.92578458135836 -111.07402514854527 0
vertex 129.74720441845332 -111.33335534952599 0
vertex 129.88581929876912 -111.07402514854527 0
endloop
endfacet
facet normal 0 0 -1
outer loop
vertex 127.25279558154521 -111.33335534952599 0
vertex 127.43933982822686 -111.56066017178571 0
vertex 126.24586445164321 -111.56066017178571 0
endloop
endfacet
facet normal 0 0 -1
outer loop
vertex 127.25279558154521 -111.33335534952599 0
vertex 126.24586445164321 -111.56066017178571 0
vertex 126.19030116872175 -111.45670858091262 0
endloop
endfacet
facet normal 0 0 -1
outer loop
vertex 127.25279558154521 -111.33335534952599 0
vertex 126.19030116872175 -111.45670858091262 0
vertex 126.15288237506836 -111.33335534952599 0
endloop
endfacet
facet normal 0 0 -1
outer loop
vertex 130.8471176249316 -111.33335534952599 0
vertex 130.80969883127818 -111.45670858091262 0
vertex 130.75413554835674 -111.56066017178571 0
endloop
endfacet
facet normal 0 0 -1
outer loop
vertex 130.8471176249316 -111.33335534952599 0
vertex 130.75413554835674 -111.56066017178571 0
vertex 129.5606601717795 -111.56066017178571 0
endloop
endfacet
facet normal 0 0 -1
outer loop
vertex 130.8471176249316 -111.33335534952599 0
vertex 129.5606601717795 -111.56066017178571 0
vertex 129.74720441845332 -111.33335534952599 0
endloop
endfacet
facet normal 0 0 -1
outer loop
vertex 127.43933982822686 -111.56066017178571 0
vertex 127.6666446504813 -111.74720441846301 0
vertex 126.34557442883978 -111.74720441846301 0
endloop
endfacet
facet normal 0 0 -1
outer loop
vertex 127.43933982822686 -111.56066017178571 0
vertex 126.34557442883978 -111.74720441846301 0
vertex 126.24586445164321 -111.56066017178571 0
endloop
endfacet
facet normal 0 0 -1
outer loop
vertex 130.75413554835674 -111.56066017178571 0
vertex 130.6544255711602 -111.74720441846301 0
vertex 129.33335534952883 -111.74720441846301 0
endloop
endfacet
facet normal 0 0 -1
outer loop
vertex 130.75413554835674 -111.56066017178571 0
vertex 129.33335534952883 -111.74720441846301 0
vertex 129.5606601717795 -111.56066017178571 0
endloop
endfacet
facet normal 0 0 -1
outer loop
vertex 127.6666446504813 -111.74720441846301 0
vertex 127.9259748514393 -111.88581929876342 0
vertex 126.41966562596883 -111.88581929876342 0
endloop
endfacet
facet normal 0 0 -1
outer loop
vertex 127.6666446504813 -111.74720441846301 0
vertex 126.41966562596883 -111.88581929876342 0
vertex 126.34557442883978 -111.74720441846301 0
endloop
endfacet
facet normal 0 0 -1
outer loop
vertex 130.6544255711602 -111.74720441846301 0
vertex 130.58033437403117 -111.88581929876342 0
vertex 129.07402514855 -111.88581929876342 0
endloop
endfacet
facet normal 0 0 -1
outer loop
vertex 130.6544255711602 -111.74720441846301 0
vertex 129.07402514855 -111.88581929876342 0
vertex 129.33335534952883 -111.74720441846301 0
endloop
endfacet
facet normal 0 0 -1
outer loop
vertex 127.9259748514393 -111.88581929876342 0
vertex 128.2073645169661 -111.97117792060234 0
vertex 126.48882871858008 -111.97117792060234 0
endloop
endfacet
facet normal 0 0 -1
outer loop
vertex 127.9259748514393 -111.88581929876342 0
vertex 126.48882871858008 -111.97117792060234 0
vertex 126.42132596924367 -111.88892558254904 0
endloop
endfacet
facet normal 0 0 -1
outer loop
vertex 127.9259748514393 -111.88581929876342 0
vertex 126.42132596924367 -111.88892558254904 0
vertex 126.41966562596883 -111.88581929876342 0
endloop
endfacet
facet normal 0 0 -1
outer loop
vertex 130.58033437403117 -111.88581929876342 0
vertex 130.57867403075633 -111.88892558254904 0
vertex 130.5111712814199 -111.97117792060234 0
endloop
endfacet
facet normal 0 0 -1
outer loop
vertex 130.58033437403117 -111.88581929876342 0
vertex 130.5111712814199 -111.97117792060234 0
vertex 128.79263548301958 -111.97117792060234 0
endloop
endfacet
facet normal 0 0 -1
outer loop
vertex 130.58033437403117 -111.88581929876342 0
vertex 128.79263548301958 -111.97117792060234 0
vertex 129.07402514855 -111.88581929876342 0
endloop
endfacet
facet normal 0 0 -1
outer loop
vertex 128.2073645169661 -111.97117792060234 0
vertex 128.50000000001148 -111.99999999999959 0
vertex 126.51248238784899 -111.99999999999959 0
endloop
endfacet
facet normal 0 0 -1
outer loop
vertex 128.2073645169661 -111.97117792060234 0
vertex 126.51248238784899 -111.99999999999959 0
vertex 126.48882871858008 -111.97117792060234 0
endloop
endfacet
facet normal 0 0 -1
outer loop
vertex 130.5111712814199 -111.97117792060234 0
vertex 130.487517612151 -111.99999999999959 0
vertex 128.50000000001148 -111.99999999999959 0
endloop
endfacet
facet normal 0 0 -1
outer loop
vertex 130.5111712814199 -111.97117792060234 0
vertex 128.50000000001148 -111.99999999999959 0
vertex 128.79263548301958 -111.97117792060234 0
endloop
endfacet
facet normal 0 0 -1
outer loop
vertex 128.50000000001148 -111.99999999999959 0
vertex 130.487517612151 -111.99999999999959 0
vertex 130.2677669529664 -112.26776695296631 0
endloop
endfacet
facet normal 0 0 -1
outer loop
vertex 128.50000000001148 -111.99999999999959 0
vertex 130.2677669529664 -112.26776695296631 0
vertex 129.88892558254898 -112.57867403075637 0
endloop
endfacet
facet normal 0 0 -1
outer loop
vertex 128.50000000001148 -111.99999999999959 0
vertex 129.88892558254898 -112.57867403075637 0
vertex 129.45670858091262 -112.80969883127823 0
endloop
endfacet
facet normal 0 0 -1
outer loop
vertex 128.50000000001148 -111.99999999999959 0
vertex 129.45670858091262 -112.80969883127823 0
vertex 128.98772580504038 -112.95196320100806 0
endloop
endfacet
facet normal 0 0 -1
outer loop
vertex 128.50000000001148 -111.99999999999959 0
vertex 128.98772580504038 -112.95196320100806 0
vertex 128.50000000000006 -113 0
endloop
endfacet
facet normal 0 0 -1
outer loop
vertex 128.50000000001148 -111.99999999999959 0
vertex 128.50000000000006 -113 0
vertex 128.01227419495962 -112.95196320100806 0
endloop
endfacet
facet normal 0 0 -1
outer loop
vertex 128.50000000001148 -111.99999999999959 0
vertex 128.01227419495962 -112.95196320100806 0
vertex 127.5432914190873 -112.80969883127823 0
endloop
endfacet
facet normal 0 0 -1
outer loop
vertex 128.50000000001148 -111.99999999999959 0
vertex 127.5432914190873 -112.80969883127823 0
vertex 127.11107441745092 -112.57867403075637 0
endloop
endfacet
facet normal 0 0 -1
outer loop
vertex 128.50000000001148 -111.99999999999959 0
vertex 127.11107441745092 -112.57867403075637 0
vertex 126.73223304703374 -112.26776695296631 0
endloop
endfacet
facet normal 0 0 -1
outer loop
vertex 128.50000000001148 -111.99999999999959 0
vertex 126.73223304703374 -112.26776695296631 0
vertex 126.51248238784899 -111.99999999999959 0
endloop
endfacet
facet normal 0 0 -1
outer loop
vertex 182.18772580504032 -114.69803679899192 0
vertex 182.65670858091266 -114.8403011687218 0
vertex 183.08892558254894 -115.07132596924363 0
endloop
endfacet
facet normal 0 0 -1
outer loop
vertex 182.18772580504032 -114.69803679899192 0
vertex 183.08892558254894 -115.07132596924363 0
vertex 183.46776695296643 -115.38223304703371 0
endloop
endfacet
facet normal 0 0 -1
outer loop
vertex 182.18772580504032 -114.69803679899192 0
vertex 183.46776695296643 -115.38223304703371 0
vertex 183.68751761214963 -115.64999999999874 0
endloop
endfacet
facet normal 0 0 -1
outer loop
vertex 182.18772580504032 -114.69803679899192 0
vertex 183.68751761214963 -115.64999999999874 0
vertex 181.69999999999905 -115.64999999999874 0
endloop
endfacet
facet normal 0 0 -1
outer loop
vertex 182.18772580504032 -114.69803679899192 0
vertex 181.69999999999905 -115.64999999999874 0
vertex 179.7124823878504 -115.64999999999874 0
endloop
endfacet
facet normal 0 0 -1
outer loop
vertex 182.18772580504032 -114.69803679899192 0
vertex 179.7124823878504 -115.64999999999874 0
vertex 179.9322330470336 -115.38223304703371 0
endloop
endfacet
facet normal 0 0 -1
outer loop
vertex 182.18772580504032 -114.69803679899192 0
vertex 179.9322330470336 -115.38223304703371 0
vertex 180.311074417451 -115.07132596924363 0
endloop
endfacet
facet normal 0 0 -1
outer loop
vertex 182.18772580504032 -114.69803679899192 0
vertex 180.311074417451 -115.07132596924363 0
vertex 180.74329141908723 -114.8403011687218 0
endloop
endfacet
facet normal 0 0 -1
outer loop
vertex 182.18772580504032 -114.69803679899192 0
vertex 180.74329141908723 -114.8403011687218 0
vertex 181.21227419495946 -114.69803679899192 0
endloop
endfacet
facet normal 0 0 -1
outer loop
vertex 182.18772580504032 -114.69803679899192 0
vertex 181.21227419495946 -114.69803679899192 0
vertex 181.70000000000022 -114.65000000000002 0
endloop
endfacet
facet normal 0 0 -1
outer loop
vertex 181.69999999999905 -115.64999999999874 0
vertex 181.40736451698234 -115.67882207939317 0
vertex 179.68882871858384 -115.67882207939317 0
endloop
endfacet
facet normal 0 0 -1
outer loop
vertex 181.69999999999905 -115.64999999999874 0
vertex 179.68882871858384 -115.67882207939317 0
vertex 179.7124823878504 -115.64999999999874 0
endloop
endfacet
facet normal 0 0 -1
outer loop
vertex 183.68751761214963 -115.64999999999874 0
vertex 183.71117128141623 -115.67882207939317 0
vertex 181.99263548301582 -115.67882207939317 0
endloop
endfacet
facet normal 0 0 -1
outer loop
vertex 183.68751761214963 -115.64999999999874 0
vertex 181.99263548301582 -115.67882207939317 0
vertex 181.69999999999905 -115.64999999999874 0
endloop
endfacet
facet normal 0 0 -1
outer loop
vertex 181.40736451698234 -115.67882207939317 0
vertex 181.12597485145622 -115.76418070123154 0
vertex 179.61966562597158 -115.76418070123154 0
endloop
endfacet
facet normal 0 0 -1
outer loop
vertex 181.40736451698234 -115.67882207939317 0
vertex 179.61966562597158 -115.76418070123154 0
vertex 179.62132596924366 -115.76107441745106 0
endloop
endfacet
facet normal 0 0 -1
outer loop
vertex 181.40736451698234 -115.67882207939317 0
vertex 179.62132596924366 -115.76107441745106 0
vertex 179.68882871858384 -115.67882207939317 0
endloop
endfacet
facet normal 0 0 -1
outer loop
vertex 183.71117128141623 -115.67882207939317 0
vertex 183.7786740307564 -115.76107441745106 0
vertex 183.78033437402848 -115.76418070123154 0
endloop
endfacet
facet normal 0 0 -1
outer loop
vertex 183.71117128141623 -115.67882207939317 0
vertex 183.78033437402848 -115.76418070123154 0
vertex 182.27402514854077 -115.76418070123154 0
endloop
endfacet
facet normal 0 0 -1
outer loop
vertex 183.71117128141623 -115.67882207939317 0
vertex 182.27402514854077 -115.76418070123154 0
vertex 181.99263548301582 -115.67882207939317 0
endloop
endfacet
facet normal 0 0 -1
outer loop
vertex 181.12597485145622 -115.76418070123154 0
vertex 180.86664465046076 -115.90279558155262 0
vertex 179.54557442883146 -115.90279558155262 0
endloop
endfacet
facet normal 0 0 -1
outer loop
vertex 181.12597485145622 -115.76418070123154 0
vertex 179.54557442883146 -115.90279558155262 0
vertex 179.61966562597158 -115.76418070123154 0
endloop
endfacet
facet normal 0 0 -1
outer loop
vertex 183.78033437402848 -115.76418070123154 0
vertex 183.8544255711686 -115.90279558155262 0
vertex 182.53335534952862 -115.90279558155262 0
endloop
endfacet
facet normal 0 0 -1
outer loop
vertex 183.78033437402848 -115.76418070123154 0
vertex 182.53335534952862 -115.90279558155262 0
vertex 182.27402514854077 -115.76418070123154 0
endloop
endfacet
facet normal 0 0 -1
outer loop
vertex 180.86664465046076 -115.90279558155262 0
vertex 180.63933982822402 -116.08933982821539 0
vertex 179.44586445164265 -116.08933982821539 0
endloop
endfacet
facet normal 0 0 -1
outer loop
vertex 180.86664465046076 -115.90279558155262 0
vertex 179.44586445164265 -116.08933982821539 0
vertex 179.54557442883146 -115.90279558155262 0
endloop
endfacet
facet normal 0 0 -1
outer loop
vertex 183.8544255711686 -115.90279558155262 0
vertex 183.95413554835739 -116.08933982821539 0
vertex 182.7606601717758 -116.08933982821539 0
endloop
endfacet
facet normal 0 0 -1
outer loop
vertex 183.8544255711686 -115.90279558155262 0
vertex 182.7606601717758 -116.08933982821539 0
vertex 182.53335534952862 -115.90279558155262 0
endloop
endfacet
facet normal 0 0 -1
outer loop
vertex 180.63933982822402 -116.08933982821539 0
vertex 180.45279558154473 -116.31664465047227 0
vertex 179.3528823750689 -116.31664465047227 0
endloop
endfacet
facet normal 0 0 -1
outer loop
vertex 180.63933982822402 -116.08933982821539 0
vertex 179.3528823750689 -116.31664465047227 0
vertex 179.39030116872178 -116.19329141908734 0
endloop
endfacet
facet normal 0 0 -1
outer loop
vertex 180.63933982822402 -116.08933982821539 0
vertex 179.39030116872178 -116.19329141908734 0
vertex 179.44586445164265 -116.08933982821539 0
endloop
endfacet
facet normal 0 0 -1
outer loop
vertex 183.95413554835739 -116.08933982821539 0
vertex 184.00969883127826 -116.19329141908734 0
vertex 184.04711762493113 -116.31664465047227 0
endloop
endfacet
facet normal 0 0 -1
outer loop
vertex 183.95413554835739 -116.08933982821539 0
vertex 184.04711762493113 -116.31664465047227 0
vertex 182.94720441845192 -116.31664465047227 0
endloop
endfacet
facet normal 0 0 -1
outer loop
vertex 183.95413554835739 -116.08933982821539 0
vertex 182.94720441845192 -116.31664465047227 0
vertex 182.7606601717758 -116.08933982821539 0
endloop
endfacet
facet normal 0 0 -1
outer loop
vertex 180.45279558154473 -116.31664465047227 0
vertex 180.31418070123212 -116.57597485145563 0
vertex 179.27421541864132 -116.57597485145563 0
endloop
endfacet
facet normal 0 0 -1
outer loop
vertex 180.45279558154473 -116.31664465047227 0
vertex 179.27421541864132 -116.57597485145563 0
vertex 179.3528823750689 -116.31664465047227 0
endloop
endfacet
facet normal 0 0 -1
outer loop
vertex 184.04711762493113 -116.31664465047227 0
vertex 184.12578458135866 -116.57597485145563 0
vertex 183.08581929876587 -116.57597485145563 0
endloop
endfacet
facet normal 0 0 -1
outer loop
vertex 184.04711762493113 -116.31664465047227 0
vertex 183.08581929876587 -116.57597485145563 0
vertex 182.94720441845192 -116.31664465047227 0
endloop
endfacet
facet normal 0 0 -1
outer loop
vertex 180.31418070123212 -116.57597485145563 0
vertex 180.22882207939205 -116.85736451699414 0
vertex 179.22882207939332 -116.85736451699414 0
endloop
endfacet
facet normal 0 0 -1
outer loop
vertex 180.31418070123212 -116.57597485145563 0
vertex 179.22882207939332 -116.85736451699414 0
vertex 179.24803679899188 -116.66227419495968 0
endloop
endfacet
facet normal 0 0 -1
outer loop
vertex 180.31418070123212 -116.57597485145563 0
vertex 179.24803679899188 -116.66227419495968 0
vertex 179.27421541864132 -116.57597485145563 0
endloop
endfacet
facet normal 0 0 -1
outer loop
vertex 184.12578458135866 -116.57597485145563 0
vertex 184.1519632010081 -116.66227419495968 0
vertex 184.17117792060668 -116.85736451699414 0
endloop
endfacet
facet normal 0 0 -1
outer loop
vertex 184.12578458135866 -116.57597485145563 0
vertex 184.17117792060668 -116.85736451699414 0
vertex 183.17117792060836 -116.85736451699414 0
endloop
endfacet
facet normal 0 0 -1
outer loop
vertex 184.12578458135866 -116.57597485145563 0
vertex 183.17117792060836 -116.85736451699414 0
vertex 183.08581929876587 -116.57597485145563 0
endloop
endfacet
facet normal 0 0 -1
outer loop
vertex 180.22882207939205 -116.85736451699414 0
vertex 180.1999999999995 -117.14999999999984 0
vertex 179.2 -117.14999999999984 0
endloop
endfacet
facet normal 0 0 -1
outer loop
vertex 180.22882207939205 -116.85736451699414 0
vertex 179.2 -117.14999999999984 0
vertex 179.22882207939332 -116.85736451699414 0
endloop
endfacet
facet normal 0 0 -1
outer loop
vertex 184.17117792060668 -116.85736451699414 0
vertex 184.2 -117.14999999999984 0
vertex 183.20000000000027 -117.14999999999984 0
endloop
endfacet
facet normal 0 0 -1
outer loop
vertex 184.17117792060668 -116.85736451699414 0
vertex 183.20000000000027 -117.14999999999984 0
vertex 183.17117792060836 -116.85736451699414 0
endloop
endfacet
facet normal 0 0 -1
outer loop
vertex 180.1999999999995 -117.14999999999984 0
vertex 180.22882207939756 -117.44263548304305 0
vertex 179.228822079397 -117.44263548304305 0
endloop
endfacet
facet normal 0 0 -1
outer loop
vertex 180.1999999999995 -117.14999999999984 0
vertex 179.228822079397 -117.44263548304305 0
vertex 179.2 -117.14999999999984 0
endloop
endfacet
facet normal 0 0 -1
outer loop
vertex 184.2 -117.14999999999984 0
vertex 184.171177920603 -117.44263548304305 0
vertex 183.17117792060182 -117.44263548304305 0
endloop
endfacet
facet normal 0 0 -1
outer loop
vertex 184.2 -117.14999999999984 0
vertex 183.17117792060182 -117.44263548304305 0
vertex 183.20000000000027 -117.14999999999984 0
endloop
endfacet
facet normal 0 0 -1
outer loop
vertex 180.22882207939756 -117.44263548304305 0
vertex 180.3141807012295 -117.7240251485425 0
vertex 179.27421541864078 -117.7240251485425 0
endloop
endfacet
facet normal 0 0 -1
outer loop
vertex 180.22882207939756 -117.44263548304305 0
vertex 179.27421541864078 -117.7240251485425 0
vertex 179.2480367989919 -117.63772580504029 0
endloop
endfacet
facet normal 0 0 -1
outer loop
vertex 180.22882207939756 -117.44263548304305 0
vertex 179.2480367989919 -117.63772580504029 0
vertex 179.228822079397 -117.44263548304305 0
endloop
endfacet
facet normal 0 0 -1
outer loop
vertex 184.171177920603 -117.44263548304305 0
vertex 184.15196320100807 -117.63772580504029 0
vertex 184.1257845813592 -117.7240251485425 0
endloop
endfacet
facet normal 0 0 -1
outer loop
vertex 184.171177920603 -117.44263548304305 0
vertex 184.1257845813592 -117.7240251485425 0
vertex 183.08581929876866 -117.7240251485425 0
endloop
endfacet
facet normal 0 0 -1
outer loop
vertex 184.171177920603 -117.44263548304305 0
vertex 183.08581929876866 -117.7240251485425 0
vertex 183.17117792060182 -117.44263548304305 0
endloop
endfacet
facet normal 0 0 -1
outer loop
vertex 180.3141807012295 -117.7240251485425 0
vertex 180.45279558154996 -117.98335534953802 0
vertex 179.35288237507203 -117.98335534953802 0
endloop
endfacet
facet normal 0 0 -1
outer loop
vertex 180.3141807012295 -117.7240251485425 0
vertex 179.35288237507203 -117.98335534953802 0
vertex 179.27421541864078 -117.7240251485425 0
endloop
endfacet
facet normal 0 0 -1
outer loop
vertex 184.1257845813592 -117.7240251485425 0
vertex 184.04711762492798 -117.98335534953802 0
vertex 182.947204418454 -117.98335534953802 0
endloop
endfacet
facet normal 0 0 -1
outer loop
vertex 184.1257845813592 -117.7240251485425 0
vertex 182.947204418454 -117.98335534953802 0
vertex 183.08581929876866 -117.7240251485425 0
endloop
endfacet
facet normal 0 0 -1
outer loop
vertex 180.45279558154996 -117.98335534953802 0
vertex 180.6393398282245 -118.21066017178913 0
vertex 179.445864451645 -118.21066017178913 0
endloop
endfacet
facet normal 0 0 -1
outer loop
vertex 180.45279558154996 -117.98335534953802 0
vertex 179.445864451645 -118.21066017178913 0
vertex 179.39030116872178 -118.10670858091258 0
endloop
endfacet
facet normal 0 0 -1
outer loop
vertex 180.45279558154996 -117.98335534953802 0
vertex 179.39030116872178 -118.10670858091258 0
vertex 179.35288237507203 -117.98335534953802 0
endloop
endfacet
facet normal 0 0 -1
outer loop
vertex 184.04711762492798 -117.98335534953802 0
vertex 184.00969883127826 -118.10670858091258 0
vertex 183.95413554835494 -118.21066017178913 0
endloop
endfacet
facet normal 0 0 -1
outer loop
vertex 184.04711762492798 -117.98335534953802 0
vertex 183.95413554835494 -118.21066017178913 0
vertex 182.76066017178357 -118.21066017178913 0
endloop
endfacet
facet normal 0 0 -1
outer loop
vertex 184.04711762492798 -117.98335534953802 0
vertex 182.76066017178357 -118.21066017178913 0
vertex 182.947204418454 -117.98335534953802 0
endloop
endfacet
facet normal 0 0 -1
outer loop
vertex 180.6393398282245 -118.21066017178913 0
vertex 180.8666446504566 -118.39720441844811 0
vertex 179.54557442883177 -118.39720441844811 0
endloop
endfacet
facet normal 0 0 -1
outer loop
vertex 180.6393398282245 -118.21066017178913 0
vertex 179.54557442883177 -118.39720441844811 0
vertex 179.445864451645 -118.21066017178913 0
endloop
endfacet
facet normal 0 0 -1
outer loop
vertex 183.95413554835494 -118.21066017178913 0
vertex 183.85442557116818 -118.39720441844811 0
vertex 182.53335534951634 -118.39720441844811 0
endloop
endfacet
facet normal 0 0 -1
outer loop
vertex 183.95413554835494 -118.21066017178913 0
vertex 182.53335534951634 -118.39720441844811 0
vertex 182.76066017178357 -118.21066017178913 0
endloop
endfacet
facet normal 0 0 -1
outer loop
vertex 180.8666446504566 -118.39720441844811 0
vertex 181.12597485144715 -118.53581929876592 0
vertex 179.61966562597013 -118.53581929876592 0
endloop
endfacet
facet normal 0 0 -1
outer loop
vertex 180.8666446504566 -118.39720441844811 0
vertex 179.61966562597013 -118.53581929876592 0
vertex 179.54557442883177 -118.39720441844811 0
endloop
endfacet
facet normal 0 0 -1
outer loop
vertex 183.85442557116818 -118.39720441844811 0
vertex 183.78033437402982 -118.53581929876592 0
vertex 182.27402514855808 -118.53581929876592 0
endloop
endfacet
facet normal 0 0 -1
outer loop
vertex 183.85442557116818 -118.39720441844811 0
vertex 182.27402514855808 -118.53581929876592 0
vertex 182.53335534951634 -118.39720441844811 0
endloop
endfacet
facet normal 0 0 -1
outer loop
vertex 181.12597485144715 -118.53581929876592 0
vertex 181.40736451696785 -118.621177920603 0
vertex 179.68882871858057 -118.621177920603 0
endloop
endfacet
facet normal 0 0 -1
outer loop
vertex 181.12597485144715 -118.53581929876592 0
vertex 179.68882871858057 -118.621177920603 0
vertex 179.62132596924368 -118.53892558254914 0
endloop
endfacet
facet normal 0 0 -1
outer loop
vertex 181.12597485144715 -118.53581929876592 0
vertex 179.62132596924368 -118.53892558254914 0
vertex 179.61966562597013 -118.53581929876592 0
endloop
endfacet
facet normal 0 0 -1
outer loop
vertex 183.78033437402982 -118.53581929876592 0
vertex 183.77867403075626 -118.53892558254914 0
vertex 183.71117128141938 -118.621177920603 0
endloop
endfacet
facet normal 0 0 -1
outer loop
vertex 183.78033437402982 -118.53581929876592 0
vertex 183.71117128141938 -118.621177920603 0
vertex 181.9926354830292 -118.621177920603 0
endloop
endfacet
facet normal 0 0 -1
outer loop
vertex 183.78033437402982 -118.53581929876592 0
vertex 181.9926354830292 -118.621177920603 0
vertex 182.27402514855808 -118.53581929876592 0
endloop
endfacet
facet normal 0 0 -1
outer loop
vertex 181.40736451696785 -118.621177920603 0
vertex 181.69999999999874 -118.64999999999877 0
vertex 179.71248238784827 -118.64999999999877 0
endloop
endfacet
facet normal 0 0 -1
outer loop
vertex 181.40736451696785 -118.621177920603 0
vertex 179.71248238784827 -118.64999999999877 0
vertex 179.68882871858057 -118.621177920603 0
endloop
endfacet
facet normal 0 0 -1
outer loop
vertex 183.71117128141938 -118.621177920603 0
vertex 183.6875176121517 -118.64999999999877 0
vertex 181.69999999999874 -118.64999999999877 0
endloop
endfacet
facet normal 0 0 -1
outer loop
vertex 183.71117128141938 -118.621177920603 0
vertex 181.69999999999874 -118.64999999999877 0
vertex 181.9926354830292 -118.621177920603 0
endloop
endfacet
facet normal 0 0 -1
outer loop
vertex 181.69999999999874 -118.64999999999877 0
vertex 183.6875176121517 -118.64999999999877 0
vertex 183.46776695296637 -118.91776695296635 0
endloop
endfacet
facet normal 0 0 -1
outer loop
vertex 181.69999999999874 -118.64999999999877 0
vertex 183.46776695296637 -118.91776695296635 0
vertex 183.08892558254897 -119.2286740307564 0
endloop
endfacet
facet normal 0 0 -1
outer loop
vertex 181.69999999999874 -118.64999999999877 0
vertex 183.08892558254897 -119.2286740307564 0
vertex 182.6567085809129 -119.45969883127815 0
endloop
endfacet
facet normal 0 0 -1
outer loop
vertex 181.69999999999874 -118.64999999999877 0
vertex 182.6567085809129 -119.45969883127815 0
vertex 182.18772580504015 -119.6019632010081 0
endloop
endfacet
facet normal 0 0 -1
outer loop
vertex 181.69999999999874 -118.64999999999877 0
vertex 182.18772580504015 -119.6019632010081 0
vertex 181.69999999999996 -119.65 0
endloop
endfacet
facet normal 0 0 -1
outer loop
vertex 181.69999999999874 -118.64999999999877 0
vertex 181.69999999999996 -119.65 0
vertex 181.21227419495958 -119.6019632010081 0
endloop
endfacet
facet normal 0 0 -1
outer loop
vertex 181.69999999999874 -118.64999999999877 0
vertex 181.21227419495958 -119.6019632010081 0
vertex 180.74329141908726 -119.45969883127815 0
endloop
endfacet
facet normal 0 0 -1
outer loop
vertex 181.69999999999874 -118.64999999999877 0
vertex 180.74329141908726 -119.45969883127815 0
vertex 180.31107441745098 -119.2286740307564 0
endloop
endfacet
facet normal 0 0 -1
outer loop
vertex 181.69999999999874 -118.64999999999877 0
vertex 180.31107441745098 -119.2286740307564 0
vertex 179.9322330470335 -118.91776695296635 0
endloop
endfacet
facet normal 0 0 -1
outer loop
vertex 181.69999999999874 -118.64999999999877 0
vertex 179.9322330470335 -118.91776695296635 0
vertex 179.71248238784827 -118.64999999999877 0
endloop
endfacet
facet normal 0 0 -1
outer loop
vertex 216.22523910504034 -133.08229599899192 0
vertex 216.69422188091275 -133.2245603687218 0
vertex 217.1264388825489 -133.4555851692436 0
endloop
endfacet
facet normal 0 0 -1
outer loop
vertex 216.22523910504034 -133.08229599899192 0
vertex 217.1264388825489 -133.4555851692436 0
vertex 217.50528025296643 -133.7664922470337 0
endloop
endfacet
facet normal 0 0 -1
outer loop
vertex 216.22523910504034 -133.08229599899192 0
vertex 217.50528025296643 -133.7664922470337 0
vertex 217.72503091214918 -134.0342591999982 0
endloop
endfacet
facet normal 0 0 -1
outer loop
vertex 216.22523910504034 -133.08229599899192 0
vertex 217.72503091214918 -134.0342591999982 0
vertex 215.7375133000018 -134.0342591999982 0
endloop
endfacet
facet normal 0 0 -1
outer loop
vertex 216.22523910504034 -133.08229599899192 0
vertex 215.7375133000018 -134.0342591999982 0
vertex 213.74999568785083 -134.0342591999982 0
endloop
endfacet
facet normal 0 0 -1
outer loop
vertex 216.22523910504034 -133.08229599899192 0
vertex 213.74999568785083 -134.0342591999982 0
vertex 213.96974634703363 -133.7664922470337 0
endloop
endfacet
facet normal 0 0 -1
outer loop
vertex 216.22523910504034 -133.08229599899192 0
vertex 213.96974634703363 -133.7664922470337 0
vertex 214.34858771745107 -133.4555851692436 0
endloop
endfacet
facet normal 0 0 -1
outer loop
vertex 216.22523910504034 -133.08229599899192 0
vertex 214.34858771745107 -133.4555851692436 0
vertex 214.7808047190872 -133.2245603687218 0
endloop
endfacet
facet normal 0 0 -1
outer loop
vertex 216.22523910504034 -133.08229599899192 0
vertex 214.7808047190872 -133.2245603687218 0
vertex 215.24978749495963 -133.08229599899192 0
endloop
endfacet
facet normal 0 0 -1
outer loop
vertex 216.22523910504034 -133.08229599899192 0
vertex 215.24978749495963 -133.08229599899192 0
vertex 215.73751329999996 -133.0342592 0
endloop
endfacet
facet normal 0 0 -1
outer loop
vertex 215.7375133000018 -134.0342591999982 0
vertex 215.4448778169924 -134.0630812793919 0
vertex 213.72634201858486 -134.0630812793919 0
endloop
endfacet
facet normal 0 0 -1
outer loop
vertex 215.7375133000018 -134.0342591999982 0
vertex 213.72634201858486 -134.0630812793919 0
vertex 213.74999568785083 -134.0342591999982 0
endloop
endfacet
facet normal 0 0 -1
outer loop
vertex 217.72503091214918 -134.0342591999982 0
vertex 217.74868458141518 -134.0630812793919 0
vertex 216.03014878301124 -134.0630812793919 0
endloop
endfacet
facet normal 0 0 -1
outer loop
vertex 217.72503091214918 -134.0342591999982 0
vertex 216.03014878301124 -134.0630812793919 0
vertex 215.7375133000018 -134.0342591999982 0
endloop
endfacet
facet normal 0 0 -1
outer loop
vertex 215.4448778169924 -134.0630812793919 0
vertex 215.16348815145298 -134.14843990123157 0
vertex 213.65717892597152 -134.14843990123157 0
endloop
endfacet
facet normal 0 0 -1
outer loop
vertex 215.4448778169924 -134.0630812793919 0
vertex 213.65717892597152 -134.14843990123157 0
vertex 213.65883926924366 -134.14533361745103 0
endloop
endfacet
facet normal 0 0 -1
outer loop
vertex 215.4448778169924 -134.0630812793919 0
vertex 213.65883926924366 -134.14533361745103 0
vertex 213.72634201858486 -134.0630812793919 0
endloop
endfacet
facet normal 0 0 -1
outer loop
vertex 217.74868458141518 -134.0630812793919 0
vertex 217.81618733075638 -134.14533361745103 0
vertex 217.8178476740285 -134.14843990123157 0
endloop
endfacet
facet normal 0 0 -1
outer loop
vertex 217.74868458141518 -134.0630812793919 0
vertex 217.8178476740285 -134.14843990123157 0
vertex 216.31153844854046 -134.14843990123157 0
endloop
endfacet
facet normal 0 0 -1
outer loop
vertex 217.74868458141518 -134.0630812793919 0
vertex 216.31153844854046 -134.14843990123157 0
vertex 216.03014878301124 -134.0630812793919 0
endloop
endfacet
facet normal 0 0 -1
outer loop
vertex 215.16348815145298 -134.14843990123157 0
vertex 214.90415795043802 -134.287054781562 0
vertex 213.58308772882643 -134.287054781562 0
endloop
endfacet
facet normal 0 0 -1
outer loop
vertex 215.16348815145298 -134.14843990123157 0
vertex 213.58308772882643 -134.287054781562 0
vertex 213.65717892597152 -134.14843990123157 0
endloop
endfacet
facet normal 0 0 -1
outer loop
vertex 217.8178476740285 -134.14843990123157 0
vertex 217.8919388711736 -134.287054781562 0
vertex 216.5708686495546 -134.287054781562 0
endloop
endfacet
facet normal 0 0 -1
outer loop
vertex 217.8178476740285 -134.14843990123157 0
vertex 216.5708686495546 -134.287054781562 0
vertex 216.31153844854046 -134.14843990123157 0
endloop
endfacet
facet normal 0 0 -1
outer loop
vertex 214.90415795043802 -134.287054781562 0
vertex 214.6768531282346 -134.47359902821955 0
vertex 213.4833777516404 -134.47359902821955 0
endloop
endfacet
facet normal 0 0 -1
outer loop
vertex 214.90415795043802 -134.287054781562 0
vertex 213.4833777516404 -134.47359902821955 0
vertex 213.58308772882643 -134.287054781562 0
endloop
endfacet
facet normal 0 0 -1
outer loop
vertex 217.8919388711736 -134.287054781562 0
vertex 217.9916488483596 -134.47359902821955 0
vertex 216.79817347178502 -134.47359902821955 0
endloop
endfacet
facet normal 0 0 -1
outer loop
vertex 217.8919388711736 -134.287054781562 0
vertex 216.79817347178502 -134.47359902821955 0
vertex 216.5708686495546 -134.287054781562 0
endloop
endfacet
facet normal 0 0 -1
outer loop
vertex 214.6768531282346 -134.47359902821955 0
vertex 214.4903088815622 -134.70090385045629 0
vertex 213.39039567507376 -134.70090385045629 0
endloop
endfacet
facet normal 0 0 -1
outer loop
vertex 214.6768531282346 -134.47359902821955 0
vertex 213.39039567507376 -134.70090385045629 0
vertex 213.4278144687218 -134.5775506190873 0
endloop
endfacet
facet normal 0 0 -1
outer loop
vertex 214.6768531282346 -134.47359902821955 0
vertex 213.4278144687218 -134.5775506190873 0
vertex 213.4833777516404 -134.47359902821955 0
endloop
endfacet
facet normal 0 0 -1
outer loop
vertex 217.9916488483596 -134.47359902821955 0
vertex 218.04721213127823 -134.5775506190873 0
vertex 218.08463092492627 -134.70090385045629 0
endloop
endfacet
facet normal 0 0 -1
outer loop
vertex 217.9916488483596 -134.47359902821955 0
vertex 218.08463092492627 -134.70090385045629 0
vertex 216.98471771844777 -134.70090385045629 0
endloop
endfacet
facet normal 0 0 -1
outer loop
vertex 217.9916488483596 -134.47359902821955 0
vertex 216.98471771844777 -134.70090385045629 0
vertex 216.79817347178502 -134.47359902821955 0
endloop
endfacet
facet normal 0 0 -1
outer loop
vertex 214.4903088815622 -134.70090385045629 0
vertex 214.35169400122751 -134.9602340514479 0
vertex 213.3117287186437 -134.9602340514479 0
endloop
endfacet
facet normal 0 0 -1
outer loop
vertex 214.4903088815622 -134.70090385045629 0
vertex 213.3117287186437 -134.9602340514479 0
vertex 213.39039567507376 -134.70090385045629 0
endloop
endfacet
facet normal 0 0 -1
outer loop
vertex 218.08463092492627 -134.70090385045629 0
vertex 218.1632978813563 -134.9602340514479 0
vertex 217.12333259876615 -134.9602340514479 0
endloop
endfacet
facet normal 0 0 -1
outer loop
vertex 218.08463092492627 -134.70090385045629 0
vertex 217.12333259876615 -134.9602340514479 0
vertex 216.98471771844777 -134.70090385045629 0
endloop
endfacet
facet normal 0 0 -1
outer loop
vertex 214.35169400122751 -134.9602340514479 0
vertex 214.26633537939458 -135.24162371697372 0
vertex 213.26633537939537 -135.24162371697372 0
endloop
endfacet
facet normal 0 0 -1
outer loop
vertex 214.35169400122751 -134.9602340514479 0
vertex 213.26633537939537 -135.24162371697372 0
vertex 213.2855500989919 -135.04653339495974 0
endloop
endfacet
facet normal 0 0 -1
outer loop
vertex 214.35169400122751 -134.9602340514479 0
vertex 213.2855500989919 -135.04653339495974 0
vertex 213.3117287186437 -134.9602340514479 0
endloop
endfacet
facet normal 0 0 -1
outer loop
vertex 218.1632978813563 -134.9602340514479 0
vertex 218.1894765010081 -135.04653339495974 0
vertex 218.20869122060466 -135.24162371697372 0
endloop
endfacet
facet normal 0 0 -1
outer loop
vertex 218.1632978813563 -134.9602340514479 0
vertex 218.20869122060466 -135.24162371697372 0
vertex 217.20869122060478 -135.24162371697372 0
endloop
endfacet
facet normal 0 0 -1
outer loop
vertex 218.1632978813563 -134.9602340514479 0
vertex 217.20869122060478 -135.24162371697372 0
vertex 217.12333259876615 -134.9602340514479 0
endloop
endfacet
facet normal 0 0 -1
outer loop
vertex 214.26633537939458 -135.24162371697372 0
vertex 214.2375132999986 -135.53425919999992 0
vertex 213.2375133 -135.53425919999992 0
endloop
endfacet
facet normal 0 0 -1
outer loop
vertex 214.26633537939458 -135.24162371697372 0
vertex 213.2375133 -135.53425919999992 0
vertex 213.26633537939537 -135.24162371697372 0
endloop
endfacet
facet normal 0 0 -1
outer loop
vertex 218.20869122060466 -135.24162371697372 0
vertex 218.2375133 -135.53425919999992 0
vertex 217.2375132999991 -135.53425919999992 0
endloop
endfacet
facet normal 0 0 -1
outer loop
vertex 218.20869122060466 -135.24162371697372 0
vertex 217.2375132999991 -135.53425919999992 0
vertex 217.20869122060478 -135.24162371697372 0
endloop
endfacet
facet normal 0 0 -1
outer loop
vertex 214.2375132999986 -135.53425919999992 0
vertex 214.26633537939594 -135.82689468302823 0
vertex 213.26633537939554 -135.82689468302823 0
endloop
endfacet
facet normal 0 0 -1
outer loop
vertex 214.2375132999986 -135.53425919999992 0
vertex 213.26633537939554 -135.82689468302823 0
vertex 213.2375133 -135.53425919999992 0
endloop
endfacet
facet normal 0 0 -1
outer loop
vertex 218.2375133 -135.53425919999992 0
vertex 218.20869122060444 -135.82689468302823 0
vertex 217.2086912206025 -135.82689468302823 0
endloop
endfacet
facet normal 0 0 -1
outer loop
vertex 218.2375133 -135.53425919999992 0
vertex 217.2086912206025 -135.82689468302823 0
vertex 217.2375132999991 -135.53425919999992 0
endloop
endfacet
facet normal 0 0 -1
outer loop
vertex 214.26633537939594 -135.82689468302823 0
vertex 214.35169400123493 -136.10828434855216 0
vertex 213.31172871864368 -136.10828434855216 0
endloop
endfacet
facet normal 0 0 -1
outer loop
vertex 214.26633537939594 -135.82689468302823 0
vertex 213.31172871864368 -136.10828434855216 0
vertex 213.28555009899193 -136.02198500504042 0
endloop
endfacet
facet normal 0 0 -1
outer loop
vertex 214.26633537939594 -135.82689468302823 0
vertex 213.28555009899193 -136.02198500504042 0
vertex 213.26633537939554 -135.82689468302823 0
endloop
endfacet
facet normal 0 0 -1
outer loop
vertex 218.20869122060444 -135.82689468302823 0
vertex 218.18947650100804 -136.02198500504042 0
vertex 218.16329788135627 -136.10828434855216 0
endloop
endfacet
facet normal 0 0 -1
outer loop
vertex 218.20869122060444 -135.82689468302823 0
vertex 218.16329788135627 -136.10828434855216 0
vertex 217.1233325987669 -136.10828434855216 0
endloop
endfacet
facet normal 0 0 -1
outer loop
vertex 218.20869122060444 -135.82689468302823 0
vertex 217.1233325987669 -136.10828434855216 0
vertex 217.2086912206025 -135.82689468302823 0
endloop
endfacet
facet normal 0 0 -1
outer loop
vertex 214.35169400123493 -136.10828434855216 0
vertex 214.49030888153803 -136.36761454951514 0
vertex 213.390395675065 -136.36761454951514 0
endloop
endfacet
facet normal 0 0 -1
outer loop
vertex 214.35169400123493 -136.10828434855216 0
vertex 213.390395675065 -136.36761454951514 0
vertex 213.31172871864368 -136.10828434855216 0
endloop
endfacet
facet normal 0 0 -1
outer loop
vertex 218.16329788135627 -136.10828434855216 0
vertex 218.0846309249349 -136.36761454951514 0
vertex 216.98471771845266 -136.36761454951514 0
endloop
endfacet
facet normal 0 0 -1
outer loop
vertex 218.16329788135627 -136.10828434855216 0
vertex 216.98471771845266 -136.36761454951514 0
vertex 217.1233325987669 -136.10828434855216 0
endloop
endfacet
facet normal 0 0 -1
outer loop
vertex 214.49030888153803 -136.36761454951514 0
vertex 214.67685312823374 -136.59491937179206 0
vertex 213.48337775164657 -136.59491937179206 0
endloop
endfacet
facet normal 0 0 -1
outer loop
vertex 214.49030888153803 -136.36761454951514 0
vertex 213.48337775164657 -136.59491937179206 0
vertex 213.42781446872172 -136.49096778091277 0
endloop
endfacet
facet normal 0 0 -1
outer loop
vertex 214.49030888153803 -136.36761454951514 0
vertex 213.42781446872172 -136.49096778091277 0
vertex 213.390395675065 -136.36761454951514 0
endloop
endfacet
facet normal 0 0 -1
outer loop
vertex 218.0846309249349 -136.36761454951514 0
vertex 218.04721213127817 -136.49096778091277 0
vertex 217.9916488483534 -136.59491937179206 0
endloop
endfacet
facet normal 0 0 -1
outer loop
vertex 218.0846309249349 -136.36761454951514 0
vertex 217.9916488483534 -136.59491937179206 0
vertex 216.79817347178465 -136.59491937179206 0
endloop
endfacet
facet normal 0 0 -1
outer loop
vertex 218.0846309249349 -136.36761454951514 0
vertex 216.79817347178465 -136.59491937179206 0
vertex 216.98471771845266 -136.36761454951514 0
endloop
endfacet
facet normal 0 0 -1
outer loop
vertex 214.67685312823374 -136.59491937179206 0
vertex 214.90415795045902 -136.7814636184454 0
vertex 213.5830877288304 -136.7814636184454 0
endloop
endfacet
facet normal 0 0 -1
outer loop
vertex 214.67685312823374 -136.59491937179206 0
vertex 213.5830877288304 -136.7814636184454 0
vertex 213.48337775164657 -136.59491937179206 0
endloop
endfacet
facet normal 0 0 -1
outer loop
vertex 217.9916488483534 -136.59491937179206 0
vertex 217.89193887116966 -136.7814636184454 0
vertex 216.57086864952618 -136.7814636184454 0
endloop
endfacet
facet normal 0 0 -1
outer loop
vertex 217.9916488483534 -136.59491937179206 0
vertex 216.57086864952618 -136.7814636184454 0
vertex 216.79817347178465 -136.59491937179206 0
endloop
endfacet
facet normal 0 0 -1
outer loop
vertex 214.90415795045902 -136.7814636184454 0
vertex 215.1634881514649 -136.9200784987714 0
vertex 213.65717892597317 -136.9200784987714 0
endloop
endfacet
facet normal 0 0 -1
outer loop
vertex 214.90415795045902 -136.7814636184454 0
vertex 213.65717892597317 -136.9200784987714 0
vertex 213.5830877288304 -136.7814636184454 0
endloop
endfacet
facet normal 0 0 -1
outer loop
vertex 217.89193887116966 -136.7814636184454 0
vertex 217.81784767402692 -136.9200784987714 0
vertex 216.31153844854697 -136.9200784987714 0
endloop
endfacet
facet normal 0 0 -1
outer loop
vertex 217.89193887116966 -136.7814636184454 0
vertex 216.31153844854697 -136.9200784987714 0
vertex 216.57086864952618 -136.7814636184454 0
endloop
endfacet
facet normal 0 0 -1
outer loop
vertex 215.1634881514649 -136.9200784987714 0
vertex 215.44487781697129 -137.00543712060414 0
vertex 213.7263420185815 -137.00543712060414 0
endloop
endfacet
facet normal 0 0 -1
outer loop
vertex 215.1634881514649 -136.9200784987714 0
vertex 213.7263420185815 -137.00543712060414 0
vertex 213.65883926924366 -136.92318478254887 0
endloop
endfacet
facet normal 0 0 -1
outer loop
vertex 215.1634881514649 -136.9200784987714 0
vertex 213.65883926924366 -136.92318478254887 0
vertex 213.65717892597317 -136.9200784987714 0
endloop
endfacet
facet normal 0 0 -1
outer loop
vertex 217.81784767402692 -136.9200784987714 0
vertex 217.81618733075643 -136.92318478254887 0
vertex 217.74868458141842 -137.00543712060414 0
endloop
endfacet
facet normal 0 0 -1
outer loop
vertex 217.81784767402692 -136.9200784987714 0
vertex 217.74868458141842 -137.00543712060414 0
vertex 216.03014878303 -137.00543712060414 0
endloop
endfacet
facet normal 0 0 -1
outer loop
vertex 217.81784767402692 -136.9200784987714 0
vertex 216.03014878303 -137.00543712060414 0
vertex 216.31153844854697 -136.9200784987714 0
endloop
endfacet
facet normal 0 0 -1
outer loop
vertex 215.44487781697129 -137.00543712060414 0
vertex 215.73751329999317 -137.03425919999907 0
vertex 213.74999568784847 -137.03425919999907 0
endloop
endfacet
facet normal 0 0 -1
outer loop
vertex 215.44487781697129 -137.00543712060414 0
vertex 213.74999568784847 -137.03425919999907 0
vertex 213.7263420185815 -137.00543712060414 0
endloop
endfacet
facet normal 0 0 -1
outer loop
vertex 217.74868458141842 -137.00543712060414 0
vertex 217.7250309121514 -137.03425919999907 0
vertex 215.73751329999317 -137.03425919999907 0
endloop
endfacet
facet normal 0 0 -1
outer loop
vertex 217.74868458141842 -137.00543712060414 0
vertex 215.73751329999317 -137.03425919999907 0
vertex 216.03014878303 -137.00543712060414 0
endloop
endfacet
facet normal 0 0 -1
outer loop
vertex 215.73751329999317 -137.03425919999907 0
vertex 217.7250309121514 -137.03425919999907 0
vertex 217.50528025296612 -137.30202615296662 0
endloop
endfacet
facet normal 0 0 -1
outer loop
vertex 215.73751329999317 -137.03425919999907 0
vertex 217.50528025296612 -137.30202615296662 0
vertex 217.12643888254902 -137.61293323075637 0
endloop
endfacet
facet normal 0 0 -1
outer loop
vertex 215.73751329999317 -137.03425919999907 0
vertex 217.12643888254902 -137.61293323075637 0
vertex 216.69422188091264 -137.84395803127828 0
endloop
endfacet
facet normal 0 0 -1
outer loop
vertex 215.73751329999317 -137.03425919999907 0
vertex 216.69422188091264 -137.84395803127828 0
vertex 216.22523910504043 -137.9862224010081 0
endloop
endfacet
facet normal 0 0 -1
outer loop
vertex 215.73751329999317 -137.03425919999907 0
vertex 216.22523910504043 -137.9862224010081 0
vertex 215.73751329999996 -138.0342592 0
endloop
endfacet
facet normal 0 0 -1
outer loop
vertex 215.73751329999317 -137.03425919999907 0
vertex 215.73751329999996 -138.0342592 0
vertex 215.2497874949596 -137.9862224010081 0
endloop
endfacet
facet normal 0 0 -1
outer loop
vertex 215.73751329999317 -137.03425919999907 0
vertex 215.2497874949596 -137.9862224010081 0
vertex 214.78080471908737 -137.84395803127828 0
endloop
endfacet
facet normal 0 0 -1
outer loop
vertex 215.73751329999317 -137.03425919999907 0
vertex 214.78080471908737 -137.84395803127828 0
vertex 214.34858771745095 -137.61293323075637 0
endloop
endfacet
facet normal 0 0 -1
outer loop
vertex 215.73751329999317 -137.03425919999907 0
vertex 214.34858771745095 -137.61293323075637 0
vertex 213.9697463470335 -137.30202615296662 0
endloop
endfacet
facet normal 0 0 -1
outer loop
vertex 215.73751329999317 -137.03425919999907 0
vertex 213.9697463470335 -137.30202615296662 0
vertex 213.74999568784847 -137.03425919999907 0
endloop
endfacet
facet normal 0 0 1
outer loop
vertex 216.22523910504034 -137.9862224010081 3
vertex 216.69422188091278 -137.8439580312782 3
vertex 217.12643888254888 -137.61293323075645 3
endloop
endfacet
facet normal 0 0 1
outer loop
vertex 216.22523910504034 -137.9862224010081 3
vertex 217.12643888254888 -137.61293323075645 3
vertex 217.50528025296634 -137.3020261529664 3
endloop
endfacet
facet normal 0 0 1
outer loop
vertex 216.22523910504034 -137.9862224010081 3
vertex 217.50528025296634 -137.3020261529664 3
vertex 217.7250309121514 -137.03425919999907 3
endloop
endfacet
facet normal 0 0 1
outer loop
vertex 216.22523910504034 -137.9862224010081 3
vertex 217.7250309121514 -137.03425919999907 3
vertex 215.73751329999328 -137.03425919999907 3
endloop
endfacet
facet normal 0 0 1
outer loop
vertex 216.22523910504034 -137.9862224010081 3
vertex 215.73751329999328 -137.03425919999907 3
vertex 213.7499956878485 -137.03425919999907 3
endloop
endfacet
facet normal 0 0 1
outer loop
vertex 216.22523910504034 -137.9862224010081 3
vertex 213.7499956878485 -137.03425919999907 3
vertex 213.9697463470335 -137.3020261529664 3
endloop
endfacet
facet normal 0 0 1
outer loop
vertex 216.22523910504034 -137.9862224010081 3
vertex 213.9697463470335 -137.3020261529664 3
vertex 214.34858771745107 -137.61293323075645 3
endloop
endfacet
facet normal 0 0 1
outer loop
vertex 216.22523910504034 -137.9862224010081 3
vertex 214.34858771745107 -137.61293323075645 3
vertex 214.7808047190872 -137.8439580312782 3
endloop
endfacet
facet normal 0 0 1
outer loop
vertex 216.22523910504034 -137.9862224010081 3
vertex 214.7808047190872 -137.8439580312782 3
vertex 215.24978749495972 -137.9862224010081 3
endloop
endfacet
facet normal 0 0 1
outer loop
vertex 216.22523910504034 -137.9862224010081 3
vertex 215.24978749495972 -137.9862224010081 3
vertex 215.7375133000001 -138.0342592 3
endloop
endfacet
facet normal 0 0 1
outer loop
vertex 215.73751329999328 -137.03425919999907 3
vertex 215.44487781697143 -137.00543712060414 3
vertex 213.7263420185815 -137.00543712060414 3
endloop
endfacet
facet normal 0 0 1
outer loop
vertex 215.73751329999328 -137.03425919999907 3
vertex 213.7263420185815 -137.00543712060414 3
vertex 213.7499956878485 -137.03425919999907 3
endloop
endfacet
facet normal 0 0 1
outer loop
vertex 217.7250309121514 -137.03425919999907 3
vertex 217.7486845814184 -137.00543712060414 3
vertex 216.0301487830152 -137.00543712060414 3
endloop
endfacet
facet normal 0 0 1
outer loop
vertex 217.7250309121514 -137.03425919999907 3
vertex 216.0301487830152 -137.00543712060414 3
vertex 215.73751329999328 -137.03425919999907 3
endloop
endfacet
facet normal 0 0 1
outer loop
vertex 215.44487781697143 -137.00543712060414 3
vertex 215.1634881514649 -136.92007849877137 3
vertex 213.65717892597308 -136.92007849877137 3
endloop
endfacet
facet normal 0 0 1
outer loop
vertex 215.44487781697143 -137.00543712060414 3
vertex 213.65717892597308 -136.92007849877137 3
vertex 213.65883926924354 -136.92318478254882 3
endloop
endfacet
facet normal 0 0 1
outer loop
vertex 215.44487781697143 -137.00543712060414 3
vertex 213.65883926924354 -136.92318478254882 3
vertex 213.7263420185815 -137.00543712060414 3
endloop
endfacet
facet normal 0 0 1
outer loop
vertex 217.7486845814184 -137.00543712060414 3
vertex 217.81618733075646 -136.92318478254882 3
vertex 217.81784767402692 -136.92007849877137 3
endloop
endfacet
facet normal 0 0 1
outer loop
vertex 217.7486845814184 -137.00543712060414 3
vertex 217.81784767402692 -136.92007849877137 3
vertex 216.3115384485352 -136.92007849877137 3
endloop
endfacet
facet normal 0 0 1
outer loop
vertex 217.7486845814184 -137.00543712060414 3
vertex 216.3115384485352 -136.92007849877137 3
vertex 216.0301487830152 -137.00543712060414 3
endloop
endfacet
facet normal 0 0 1
outer loop
vertex 215.1634881514649 -136.92007849877137 3
vertex 214.90415795045905 -136.7814636184454 3
vertex 213.58308772883032 -136.7814636184454 3
endloop
endfacet
facet normal 0 0 1
outer loop
vertex 215.1634881514649 -136.92007849877137 3
vertex 213.58308772883032 -136.7814636184454 3
vertex 213.65717892597308 -136.92007849877137 3
endloop
endfacet
facet normal 0 0 1
outer loop
vertex 217.81784767402692 -136.92007849877137 3
vertex 217.89193887116966 -136.7814636184454 3
vertex 216.57086864955022 -136.7814636184454 3
endloop
endfacet
facet normal 0 0 1
outer loop
vertex 217.81784767402692 -136.92007849877137 3
vertex 216.57086864955022 -136.7814636184454 3
vertex 216.3115384485352 -136.92007849877137 3
endloop
endfacet
facet normal 0 0 1
outer loop
vertex 214.90415795045905 -136.7814636184454 3
vertex 214.67685312823366 -136.59491937179197 3
vertex 213.48337775164646 -136.59491937179197 3
endloop
endfacet
facet normal 0 0 1
outer loop
vertex 214.90415795045905 -136.7814636184454 3
vertex 213.48337775164646 -136.59491937179197 3
vertex 213.58308772883032 -136.7814636184454 3
endloop
endfacet
facet normal 0 0 1
outer loop
vertex 217.89193887116966 -136.7814636184454 3
vertex 217.99164884835346 -136.59491937179197 3
vertex 216.79817347175603 -136.59491937179197 3
endloop
endfacet
facet normal 0 0 1
outer loop
vertex 217.89193887116966 -136.7814636184454 3
vertex 216.79817347175603 -136.59491937179197 3
vertex 216.57086864955022 -136.7814636184454 3
endloop
endfacet
facet normal 0 0 1
outer loop
vertex 214.67685312823366 -136.59491937179197 3
vertex 214.49030888153806 -136.3676145495152 3
vertex 213.39039567506507 -136.3676145495152 3
endloop
endfacet
facet normal 0 0 1
outer loop
vertex 214.67685312823366 -136.59491937179197 3
vertex 213.39039567506507 -136.3676145495152 3
vertex 213.42781446872178 -136.49096778091274 3
endloop
endfacet
facet normal 0 0 1
outer loop
vertex 214.67685312823366 -136.59491937179197 3
vertex 213.42781446872178 -136.49096778091274 3
vertex 213.48337775164646 -136.59491937179197 3
endloop
endfacet
facet normal 0 0 1
outer loop
vertex 217.99164884835346 -136.59491937179197 3
vertex 218.0472121312782 -136.49096778091274 3
vertex 218.08463092493488 -136.3676145495152 3
endloop
endfacet
facet normal 0 0 1
outer loop
vertex 217.99164884835346 -136.59491937179197 3
vertex 218.08463092493488 -136.3676145495152 3
vertex 216.98471771847318 -136.3676145495152 3
endloop
endfacet
facet normal 0 0 1
outer loop
vertex 217.99164884835346 -136.59491937179197 3
vertex 216.98471771847318 -136.3676145495152 3
vertex 216.79817347175603 -136.59491937179197 3
endloop
endfacet
facet normal 0 0 1
outer loop
vertex 214.49030888153806 -136.3676145495152 3
vertex 214.351694001235 -136.10828434855225 3
vertex 213.31172871864374 -136.10828434855225 3
endloop
endfacet
facet normal 0 0 1
outer loop
vertex 214.49030888153806 -136.3676145495152 3
vertex 213.31172871864374 -136.10828434855225 3
vertex 213.39039567506507 -136.3676145495152 3
endloop
endfacet
facet normal 0 0 1
outer loop
vertex 218.08463092493488 -136.3676145495152 3
vertex 218.16329788135621 -136.10828434855225 3
vertex 217.1233325987614 -136.10828434855225 3
endloop
endfacet
facet normal 0 0 1
outer loop
vertex 218.08463092493488 -136.3676145495152 3
vertex 217.1233325987614 -136.10828434855225 3
vertex 216.98471771847318 -136.3676145495152 3
endloop
endfacet
facet normal 0 0 1
outer loop
vertex 214.351694001235 -136.10828434855225 3
vertex 214.2663353793969 -135.82689468302823 3
vertex 213.26633537939554 -135.82689468302823 3
endloop
endfacet
facet normal 0 0 1
outer loop
vertex 214.351694001235 -136.10828434855225 3
vertex 213.26633537939554 -135.82689468302823 3
vertex 213.28555009899193 -136.02198500504034 3
endloop
endfacet
facet normal 0 0 1
outer loop
vertex 214.351694001235 -136.10828434855225 3
vertex 213.28555009899193 -136.02198500504034 3
vertex 213.31172871864374 -136.10828434855225 3
endloop
endfacet
facet normal 0 0 1
outer loop
vertex 218.16329788135621 -136.10828434855225 3
vertex 218.18947650100804 -136.02198500504034 3
vertex 218.2086912206044 -135.82689468302823 3
endloop
endfacet
facet normal 0 0 1
outer loop
vertex 218.16329788135621 -136.10828434855225 3
vertex 218.2086912206044 -135.82689468302823 3
vertex 217.20869122060208 -135.82689468302823 3
endloop
endfacet
facet normal 0 0 1
outer loop
vertex 218.16329788135621 -136.10828434855225 3
vertex 217.20869122060208 -135.82689468302823 3
vertex 217.1233325987614 -136.10828434855225 3
endloop
endfacet
facet normal 0 0 1
outer loop
vertex 214.2663353793969 -135.82689468302823 3
vertex 214.23751330000022 -135.5342591999998 3
vertex 213.2375133 -135.5342591999998 3
endloop
endfacet
facet normal 0 0 1
outer loop
vertex 214.2663353793969 -135.82689468302823 3
vertex 213.2375133 -135.5342591999998 3
vertex 213.26633537939554 -135.82689468302823 3
endloop
endfacet
facet normal 0 0 1
outer loop
vertex 218.2086912206044 -135.82689468302823 3
vertex 218.2375133 -135.5342591999998 3
vertex 217.23751329999808 -135.5342591999998 3
endloop
endfacet
facet normal 0 0 1
outer loop
vertex 218.2086912206044 -135.82689468302823 3
vertex 217.23751329999808 -135.5342591999998 3
vertex 217.20869122060208 -135.82689468302823 3
endloop
endfacet
facet normal 0 0 1
outer loop
vertex 214.23751330000022 -135.5342591999998 3
vertex 214.26633537939384 -135.24162371697378 3
vertex 213.26633537939534 -135.24162371697378 3
endloop
endfacet
facet normal 0 0 1
outer loop
vertex 214.23751330000022 -135.5342591999998 3
vertex 213.26633537939534 -135.24162371697378 3
vertex 213.2375133 -135.5342591999998 3
endloop
endfacet
facet normal 0 0 1
outer loop
vertex 218.2375133 -135.5342591999998 3
vertex 218.20869122060466 -135.24162371697378 3
vertex 217.2086912206039 -135.24162371697378 3
endloop
endfacet
facet normal 0 0 1
outer loop
vertex 218.2375133 -135.5342591999998 3
vertex 217.2086912206039 -135.24162371697378 3
vertex 217.23751329999808 -135.5342591999998 3
endloop
endfacet
facet normal 0 0 1
outer loop
vertex 214.26633537939384 -135.24162371697378 3
vertex 214.35169400123303 -134.9602340514478 3
vertex 213.31172871864374 -134.9602340514478 3
endloop
endfacet
facet normal 0 0 1
outer loop
vertex 214.26633537939384 -135.24162371697378 3
vertex 213.31172871864374 -134.9602340514478 3
vertex 213.2855500989919 -135.04653339495968 3
endloop
endfacet
facet normal 0 0 1
outer loop
vertex 214.26633537939384 -135.24162371697378 3
vertex 213.2855500989919 -135.04653339495968 3
vertex 213.26633537939534 -135.24162371697378 3
endloop
endfacet
facet normal 0 0 1
outer loop
vertex 218.20869122060466 -135.24162371697378 3
vertex 218.1894765010081 -135.04653339495968 3
vertex 218.16329788135627 -134.9602340514478 3
endloop
endfacet
facet normal 0 0 1
outer loop
vertex 218.20869122060466 -135.24162371697378 3
vertex 218.16329788135627 -134.9602340514478 3
vertex 217.1233325987661 -134.9602340514478 3
endloop
endfacet
facet normal 0 0 1
outer loop
vertex 218.20869122060466 -135.24162371697378 3
vertex 217.1233325987661 -134.9602340514478 3
vertex 217.2086912206039 -135.24162371697378 3
endloop
endfacet
facet normal 0 0 1
outer loop
vertex 214.35169400123303 -134.9602340514478 3
vertex 214.49030888154485 -134.70090385045637 3
vertex 213.3903956750737 -134.70090385045637 3
endloop
endfacet
facet normal 0 0 1
outer loop
vertex 214.35169400123303 -134.9602340514478 3
vertex 213.3903956750737 -134.70090385045637 3
vertex 213.31172871864374 -134.9602340514478 3
endloop
endfacet
facet normal 0 0 1
outer loop
vertex 218.16329788135627 -134.9602340514478 3
vertex 218.0846309249263 -134.70090385045637 3
vertex 216.9847177184478 -134.70090385045637 3
endloop
endfacet
facet normal 0 0 1
outer loop
vertex 218.16329788135627 -134.9602340514478 3
vertex 216.9847177184478 -134.70090385045637 3
vertex 217.1233325987661 -134.9602340514478 3
endloop
endfacet
facet normal 0 0 1
outer loop
vertex 214.49030888154485 -134.70090385045637 3
vertex 214.67685312822556 -134.4735990282195 3
vertex 213.48337775164046 -134.4735990282195 3
endloop
endfacet
facet normal 0 0 1
outer loop
vertex 214.49030888154485 -134.70090385045637 3
vertex 213.48337775164046 -134.4735990282195 3
vertex 213.42781446872178 -134.57755061908745 3
endloop
endfacet
facet normal 0 0 1
outer loop
vertex 214.49030888154485 -134.70090385045637 3
vertex 213.42781446872178 -134.57755061908745 3
vertex 213.3903956750737 -134.70090385045637 3
endloop
endfacet
facet normal 0 0 1
outer loop
vertex 218.0846309249263 -134.70090385045637 3
vertex 218.0472121312783 -134.57755061908745 3
vertex 217.99164884835957 -134.4735990282195 3
endloop
endfacet
facet normal 0 0 1
outer loop
vertex 218.0846309249263 -134.70090385045637 3
vertex 217.99164884835957 -134.4735990282195 3
vertex 216.79817347178493 -134.4735990282195 3
endloop
endfacet
facet normal 0 0 1
outer loop
vertex 218.0846309249263 -134.70090385045637 3
vertex 216.79817347178493 -134.4735990282195 3
vertex 216.9847177184478 -134.70090385045637 3
endloop
endfacet
facet normal 0 0 1
outer loop
vertex 214.67685312822556 -134.4735990282195 3
vertex 214.90415795046738 -134.28705478156195 3
vertex 213.58308772882643 -134.28705478156195 3
endloop
endfacet
facet normal 0 0 1
outer loop
vertex 214.67685312822556 -134.4735990282195 3
vertex 213.58308772882643 -134.28705478156195 3
vertex 213.48337775164046 -134.4735990282195 3
endloop
endfacet
facet normal 0 0 1
outer loop
vertex 217.99164884835957 -134.4735990282195 3
vertex 217.89193887117355 -134.28705478156195 3
vertex 216.5708686495545 -134.28705478156195 3
endloop
endfacet
facet normal 0 0 1
outer loop
vertex 217.99164884835957 -134.4735990282195 3
vertex 216.5708686495545 -134.28705478156195 3
vertex 216.79817347178493 -134.4735990282195 3
endloop
endfacet
facet normal 0 0 1
outer loop
vertex 214.90415795046738 -134.28705478156195 3
vertex 215.16348815145187 -134.14843990123154 3
vertex 213.65717892597146 -134.14843990123154 3
endloop
endfacet
facet normal 0 0 1
outer loop
vertex 214.90415795046738 -134.28705478156195 3
vertex 213.65717892597146 -134.14843990123154 3
vertex 213.58308772882643 -134.28705478156195 3
endloop
endfacet
facet normal 0 0 1
outer loop
vertex 217.89193887117355 -134.28705478156195 3
vertex 217.81784767402849 -134.14843990123154 3
vertex 216.31153844854043 -134.14843990123154 3
endloop
endfacet
facet normal 0 0 1
outer loop
vertex 217.89193887117355 -134.28705478156195 3
vertex 216.31153844854043 -134.14843990123154 3
vertex 216.5708686495545 -134.28705478156195 3
endloop
endfacet
facet normal 0 0 1
outer loop
vertex 215.16348815145187 -134.14843990123154 3
vertex 215.44487781698163 -134.06308127939192 3
vertex 213.72634201858475 -134.06308127939192 3
endloop
endfacet
facet normal 0 0 1
outer loop
vertex 215.16348815145187 -134.14843990123154 3
vertex 213.72634201858475 -134.06308127939192 3
vertex 213.65883926924357 -134.145333617451 3
endloop
endfacet
facet normal 0 0 1
outer loop
vertex 215.16348815145187 -134.14843990123154 3
vertex 213.65883926924357 -134.145333617451 3
vertex 213.65717892597146 -134.14843990123154 3
endloop
endfacet
facet normal 0 0 1
outer loop
vertex 217.81784767402849 -134.14843990123154 3
vertex 217.81618733075635 -134.145333617451 3
vertex 217.7486845814152 -134.06308127939192 3
endloop
endfacet
facet normal 0 0 1
outer loop
vertex 217.81784767402849 -134.14843990123154 3
vertex 217.7486845814152 -134.06308127939192 3
vertex 216.03014878301136 -134.06308127939192 3
endloop
endfacet
facet normal 0 0 1
outer loop
vertex 217.81784767402849 -134.14843990123154 3
vertex 216.03014878301136 -134.06308127939192 3
vertex 216.31153844854043 -134.14843990123154 3
endloop
endfacet
facet normal 0 0 1
outer loop
vertex 215.44487781698163 -134.06308127939192 3
vertex 215.73751330000178 -134.03425919999822 3
vertex 213.74999568785074 -134.03425919999822 3
endloop
endfacet
facet normal 0 0 1
outer loop
vertex 215.44487781698163 -134.06308127939192 3
vertex 213.74999568785074 -134.03425919999822 3
vertex 213.72634201858475 -134.06308127939192 3
endloop
endfacet
facet normal 0 0 1
outer loop
vertex 217.7486845814152 -134.06308127939192 3
vertex 217.7250309121492 -134.03425919999822 3
vertex 215.73751330000178 -134.03425919999822 3
endloop
endfacet
facet normal 0 0 1
outer loop
vertex 217.7486845814152 -134.06308127939192 3
vertex 215.73751330000178 -134.03425919999822 3
vertex 216.03014878301136 -134.06308127939192 3
endloop
endfacet
facet normal 0 0 1
outer loop
vertex 215.73751330000178 -134.03425919999822 3
vertex 217.7250309121492 -134.03425919999822 3
vertex 217.50528025296637 -133.76649224703365 3
endloop
endfacet
facet normal 0 0 1
outer loop
vertex 215.73751330000178 -134.03425919999822 3
vertex 217.50528025296637 -133.76649224703365 3
vertex 217.126438882549 -133.45558516924365 3
endloop
endfacet
facet normal 0 0 1
outer loop
vertex 215.73751330000178 -134.03425919999822 3
vertex 217.126438882549 -133.45558516924365 3
vertex 216.69422188091272 -133.2245603687218 3
endloop
endfacet
facet normal 0 0 1
outer loop
vertex 215.73751330000178 -134.03425919999822 3
vertex 216.69422188091272 -133.2245603687218 3
vertex 216.22523910504026 -133.08229599899192 3
endloop
endfacet
facet normal 0 0 1
outer loop
vertex 215.73751330000178 -134.03425919999822 3
vertex 216.22523910504026 -133.08229599899192 3
vertex 215.73751329999988 -133.0342592 3
endloop
endfacet
facet normal 0 0 1
outer loop
vertex 215.73751330000178 -134.03425919999822 3
vertex 215.73751329999988 -133.0342592 3
vertex 215.24978749495966 -133.08229599899192 3
endloop
endfacet
facet normal 0 0 1
outer loop
vertex 215.73751330000178 -134.03425919999822 3
vertex 215.24978749495966 -133.08229599899192 3
vertex 214.78080471908714 -133.2245603687218 3
endloop
endfacet
facet normal 0 0 1
outer loop
vertex 215.73751330000178 -134.03425919999822 3
vertex 214.78080471908714 -133.2245603687218 3
vertex 214.34858771745115 -133.45558516924365 3
endloop
endfacet
facet normal 0 0 1
outer loop
vertex 215.73751330000178 -134.03425919999822 3
vertex 214.34858771745115 -133.45558516924365 3
vertex 213.96974634703366 -133.76649224703365 3
endloop
endfacet
facet normal 0 0 1
outer loop
vertex 215.73751330000178 -134.03425919999822 3
vertex 213.96974634703366 -133.76649224703365 3
vertex 213.74999568785074 -134.03425919999822 3
endloop
endfacet
facet normal 0 0 1
outer loop
vertex 182.18772580504046 -119.60196320100805 3
vertex 182.65670858091283 -119.45969883127819 3
vertex 183.0889255825489 -119.22867403075645 3
endloop
endfacet
facet normal 0 0 1
outer loop
vertex 182.18772580504046 -119.60196320100805 3
vertex 183.0889255825489 -119.22867403075645 3
vertex 183.46776695296646 -118.91776695296628 3
endloop
endfacet
facet normal 0 0 1
outer loop
vertex 182.18772580504046 -119.60196320100805 3
vertex 183.46776695296646 -118.91776695296628 3
vertex 183.6875176121517 -118.64999999999877 3
endloop
endfacet
facet normal 0 0 1
outer loop
vertex 182.18772580504046 -119.60196320100805 3
vertex 183.6875176121517 -118.64999999999877 3
vertex 181.69999999999865 -118.64999999999877 3
endloop
endfacet
facet normal 0 0 1
outer loop
vertex 182.18772580504046 -119.60196320100805 3
vertex 181.69999999999865 -118.64999999999877 3
vertex 179.7124823878483 -118.64999999999877 3
endloop
endfacet
facet normal 0 0 1
outer loop
vertex 182.18772580504046 -119.60196320100805 3
vertex 179.7124823878483 -118.64999999999877 3
vertex 179.93223304703363 -118.91776695296628 3
endloop
endfacet
facet normal 0 0 1
outer loop
vertex 182.18772580504046 -119.60196320100805 3
vertex 179.93223304703363 -118.91776695296628 3
vertex 180.3110744174509 -119.22867403075645 3
endloop
endfacet
facet normal 0 0 1
outer loop
vertex 182.18772580504046 -119.60196320100805 3
vertex 180.3110744174509 -119.22867403075645 3
vertex 180.74329141908726 -119.45969883127819 3
endloop
endfacet
facet normal 0 0 1
outer loop
vertex 182.18772580504046 -119.60196320100805 3
vertex 180.74329141908726 -119.45969883127819 3
vertex 181.21227419495958 -119.60196320100805 3
endloop
endfacet
facet normal 0 0 1
outer loop
vertex 182.18772580504046 -119.60196320100805 3
vertex 181.21227419495958 -119.60196320100805 3
vertex 181.69999999999996 -119.65 3
endloop
endfacet
facet normal 0 0 1
outer loop
vertex 181.69999999999865 -118.64999999999877 3
vertex 181.4073645169675 -118.621177920603 3
vertex 179.6888287185806 -118.621177920603 3
endloop
endfacet
facet normal 0 0 1
outer loop
vertex 181.69999999999865 -118.64999999999877 3
vertex 179.6888287185806 -118.621177920603 3
vertex 179.7124823878483 -118.64999999999877 3
endloop
endfacet
facet normal 0 0 1
outer loop
vertex 183.6875176121517 -118.64999999999877 3
vertex 183.7111712814194 -118.621177920603 3
vertex 181.99263548302918 -118.621177920603 3
endloop
endfacet
facet normal 0 0 1
outer loop
vertex 183.6875176121517 -118.64999999999877 3
vertex 181.99263548302918 -118.621177920603 3
vertex 181.69999999999865 -118.64999999999877 3
endloop
endfacet
facet normal 0 0 1
outer loop
vertex 181.4073645169675 -118.621177920603 3
vertex 181.12597485144713 -118.53581929876592 3
vertex 179.61966562597007 -118.53581929876592 3
endloop
endfacet
facet normal 0 0 1
outer loop
vertex 181.4073645169675 -118.621177920603 3
vertex 179.61966562597007 -118.53581929876592 3
vertex 179.62132596924368 -118.53892558254923 3
endloop
endfacet
facet normal 0 0 1
outer loop
vertex 181.4073645169675 -118.621177920603 3
vertex 179.62132596924368 -118.53892558254923 3
vertex 179.6888287185806 -118.621177920603 3
endloop
endfacet
facet normal 0 0 1
outer loop
vertex 183.7111712814194 -118.621177920603 3
vertex 183.7786740307562 -118.53892558254923 3
vertex 183.78033437402982 -118.53581929876592 3
endloop
endfacet
facet normal 0 0 1
outer loop
vertex 183.7111712814194 -118.621177920603 3
vertex 183.78033437402982 -118.53581929876592 3
vertex 182.27402514854987 -118.53581929876592 3
endloop
endfacet
facet normal 0 0 1
outer loop
vertex 183.7111712814194 -118.621177920603 3
vertex 182.27402514854987 -118.53581929876592 3
vertex 181.99263548302918 -118.621177920603 3
endloop
endfacet
facet normal 0 0 1
outer loop
vertex 181.12597485144713 -118.53581929876592 3
vertex 180.86664465045664 -118.39720441844814 3
vertex 179.54557442883177 -118.39720441844814 3
endloop
endfacet
facet normal 0 0 1
outer loop
vertex 181.12597485144713 -118.53581929876592 3
vertex 179.54557442883177 -118.39720441844814 3
vertex 179.61966562597007 -118.53581929876592 3
endloop
endfacet
facet normal 0 0 1
outer loop
vertex 183.78033437402982 -118.53581929876592 3
vertex 183.85442557116815 -118.39720441844814 3
vertex 182.5333553495471 -118.39720441844814 3
endloop
endfacet
facet normal 0 0 1
outer loop
vertex 183.78033437402982 -118.53581929876592 3
vertex 182.5333553495471 -118.39720441844814 3
vertex 182.27402514854987 -118.53581929876592 3
endloop
endfacet
facet normal 0 0 1
outer loop
vertex 180.86664465045664 -118.39720441844814 3
vertex 180.6393398282245 -118.21066017178916 3
vertex 179.44586445164504 -118.21066017178916 3
endloop
endfacet
facet normal 0 0 1
outer loop
vertex 180.86664465045664 -118.39720441844814 3
vertex 179.44586445164504 -118.21066017178916 3
vertex 179.54557442883177 -118.39720441844814 3
endloop
endfacet
facet normal 0 0 1
outer loop
vertex 183.85442557116815 -118.39720441844814 3
vertex 183.9541355483549 -118.21066017178916 3
vertex 182.76066017175543 -118.21066017178916 3
endloop
endfacet
facet normal 0 0 1
outer loop
vertex 183.85442557116815 -118.39720441844814 3
vertex 182.76066017175543 -118.21066017178916 3
vertex 182.5333553495471 -118.39720441844814 3
endloop
endfacet
facet normal 0 0 1
outer loop
vertex 180.6393398282245 -118.21066017178916 3
vertex 180.45279558154994 -117.98335534953797 3
vertex 179.35288237507203 -117.98335534953797 3
endloop
endfacet
facet normal 0 0 1
outer loop
vertex 180.6393398282245 -118.21066017178916 3
vertex 179.35288237507203 -117.98335534953797 3
vertex 179.3903011687218 -118.10670858091262 3
endloop
endfacet
facet normal 0 0 1
outer loop
vertex 180.6393398282245 -118.21066017178916 3
vertex 179.3903011687218 -118.10670858091262 3
vertex 179.44586445164504 -118.21066017178916 3
endloop
endfacet
facet normal 0 0 1
outer loop
vertex 183.9541355483549 -118.21066017178916 3
vertex 184.00969883127823 -118.10670858091262 3
vertex 184.04711762492798 -117.98335534953797 3
endloop
endfacet
facet normal 0 0 1
outer loop
vertex 183.9541355483549 -118.21066017178916 3
vertex 184.04711762492798 -117.98335534953797 3
vertex 182.94720441845246 -117.98335534953797 3
endloop
endfacet
facet normal 0 0 1
outer loop
vertex 183.9541355483549 -118.21066017178916 3
vertex 182.94720441845246 -117.98335534953797 3
vertex 182.76066017175543 -118.21066017178916 3
endloop
endfacet
facet normal 0 0 1
outer loop
vertex 180.45279558154994 -117.98335534953797 3
vertex 180.31418070122956 -117.72402514854265 3
vertex 179.27421541864084 -117.72402514854265 3
endloop
endfacet
facet normal 0 0 1
outer loop
vertex 180.45279558154994 -117.98335534953797 3
vertex 179.27421541864084 -117.72402514854265 3
vertex 179.35288237507203 -117.98335534953797 3
endloop
endfacet
facet normal 0 0 1
outer loop
vertex 184.04711762492798 -117.98335534953797 3
vertex 184.12578458135914 -117.72402514854265 3
vertex 183.08581929877124 -117.72402514854265 3
endloop
endfacet
facet normal 0 0 1
outer loop
vertex 184.04711762492798 -117.98335534953797 3
vertex 183.08581929877124 -117.72402514854265 3
vertex 182.94720441845246 -117.98335534953797 3
endloop
endfacet
facet normal 0 0 1
outer loop
vertex 180.31418070122956 -117.72402514854265 3
vertex 180.2288220793989 -117.44263548304306 3
vertex 179.22882207939702 -117.44263548304306 3
endloop
endfacet
facet normal 0 0 1
outer loop
vertex 180.31418070122956 -117.72402514854265 3
vertex 179.22882207939702 -117.44263548304306 3
vertex 179.24803679899193 -117.63772580504036 3
endloop
endfacet
facet normal 0 0 1
outer loop
vertex 180.31418070122956 -117.72402514854265 3
vertex 179.24803679899193 -117.63772580504036 3
vertex 179.27421541864084 -117.72402514854265 3
endloop
endfacet
facet normal 0 0 1
outer loop
vertex 184.12578458135914 -117.72402514854265 3
vertex 184.15196320100804 -117.63772580504036 3
vertex 184.17117792060296 -117.44263548304306 3
endloop
endfacet
facet normal 0 0 1
outer loop
vertex 184.12578458135914 -117.72402514854265 3
vertex 184.17117792060296 -117.44263548304306 3
vertex 183.1711779206028 -117.44263548304306 3
endloop
endfacet
facet normal 0 0 1
outer loop
vertex 184.12578458135914 -117.72402514854265 3
vertex 183.1711779206028 -117.44263548304306 3
vertex 183.08581929877124 -117.72402514854265 3
endloop
endfacet
facet normal 0 0 1
outer loop
vertex 180.2288220793989 -117.44263548304306 3
vertex 180.2000000000003 -117.14999999999988 3
vertex 179.2 -117.14999999999988 3
endloop
endfacet
facet normal 0 0 1
outer loop
vertex 180.2288220793989 -117.44263548304306 3
vertex 179.2 -117.14999999999988 3
vertex 179.22882207939702 -117.44263548304306 3
endloop
endfacet
facet normal 0 0 1
outer loop
vertex 184.17117792060296 -117.44263548304306 3
vertex 184.2 -117.14999999999988 3
vertex 183.19999999999885 -117.14999999999988 3
endloop
endfacet
facet normal 0 0 1
outer loop
vertex 184.17117792060296 -117.44263548304306 3
vertex 183.19999999999885 -117.14999999999988 3
vertex 183.1711779206028 -117.44263548304306 3
endloop
endfacet
facet normal 0 0 1
outer loop
vertex 180.2000000000003 -117.14999999999988 3
vertex 180.22882207939296 -116.85736451699425 3
vertex 179.2288220793933 -116.85736451699425 3
endloop
endfacet
facet normal 0 0 1
outer loop
vertex 180.2000000000003 -117.14999999999988 3
vertex 179.2288220793933 -116.85736451699425 3
vertex 179.2 -117.14999999999988 3
endloop
endfacet
facet normal 0 0 1
outer loop
vertex 184.2 -117.14999999999988 3
vertex 184.17117792060665 -116.85736451699425 3
vertex 183.17117792060716 -116.85736451699425 3
endloop
endfacet
facet normal 0 0 1
outer loop
vertex 184.2 -117.14999999999988 3
vertex 183.17117792060716 -116.85736451699425 3
vertex 183.19999999999885 -117.14999999999988 3
endloop
endfacet
facet normal 0 0 1
outer loop
vertex 180.22882207939296 -116.85736451699425 3
vertex 180.31418070123482 -116.57597485145584 3
vertex 179.27421541864126 -116.57597485145584 3
endloop
endfacet
facet normal 0 0 1
outer loop
vertex 180.22882207939296 -116.85736451699425 3
vertex 179.27421541864126 -116.57597485145584 3
vertex 179.24803679899188 -116.66227419495966 3
endloop
endfacet
facet normal 0 0 1
outer loop
vertex 180.22882207939296 -116.85736451699425 3
vertex 179.24803679899188 -116.66227419495966 3
vertex 179.2288220793933 -116.85736451699425 3
endloop
endfacet
facet normal 0 0 1
outer loop
vertex 184.17117792060665 -116.85736451699425 3
vertex 184.15196320100807 -116.66227419495966 3
vertex 184.1257845813587 -116.57597485145584 3
endloop
endfacet
facet normal 0 0 1
outer loop
vertex 184.17117792060665 -116.85736451699425 3
vertex 184.1257845813587 -116.57597485145584 3
vertex 183.08581929876595 -116.57597485145584 3
endloop
endfacet
facet normal 0 0 1
outer loop
vertex 184.17117792060665 -116.85736451699425 3
vertex 183.08581929876595 -116.57597485145584 3
vertex 183.17117792060716 -116.85736451699425 3
endloop
endfacet
facet normal 0 0 1
outer loop
vertex 180.31418070123482 -116.57597485145584 3
vertex 180.45279558154627 -116.31664465047224 3
vertex 179.3528823750689 -116.31664465047224 3
endloop
endfacet
facet normal 0 0 1
outer loop
vertex 180.31418070123482 -116.57597485145584 3
vertex 179.3528823750689 -116.31664465047224 3
vertex 179.27421541864126 -116.57597485145584 3
endloop
endfacet
facet normal 0 0 1
outer loop
vertex 184.1257845813587 -116.57597485145584 3
vertex 184.0471176249311 -116.31664465047224 3
vertex 182.94720441845186 -116.31664465047224 3
endloop
endfacet
facet normal 0 0 1
outer loop
vertex 184.1257845813587 -116.57597485145584 3
vertex 182.94720441845186 -116.31664465047224 3
vertex 183.08581929876595 -116.57597485145584 3
endloop
endfacet
facet normal 0 0 1
outer loop
vertex 180.45279558154627 -116.31664465047224 3
vertex 180.63933982822385 -116.08933982821554 3
vertex 179.4458644516425 -116.08933982821554 3
endloop
endfacet
facet normal 0 0 1
outer loop
vertex 180.45279558154627 -116.31664465047224 3
vertex 179.4458644516425 -116.08933982821554 3
vertex 179.3903011687218 -116.19329141908723 3
endloop
endfacet
facet normal 0 0 1
outer loop
vertex 180.45279558154627 -116.31664465047224 3
vertex 179.3903011687218 -116.19329141908723 3
vertex 179.3528823750689 -116.31664465047224 3
endloop
endfacet
facet normal 0 0 1
outer loop
vertex 184.0471176249311 -116.31664465047224 3
vertex 184.0096988312782 -116.19329141908723 3
vertex 183.9541355483575 -116.08933982821554 3
endloop
endfacet
facet normal 0 0 1
outer loop
vertex 184.0471176249311 -116.31664465047224 3
vertex 183.9541355483575 -116.08933982821554 3
vertex 182.76066017177274 -116.08933982821554 3
endloop
endfacet
facet normal 0 0 1
outer loop
vertex 184.0471176249311 -116.31664465047224 3
vertex 182.76066017177274 -116.08933982821554 3
vertex 182.94720441845186 -116.31664465047224 3
endloop
endfacet
facet normal 0 0 1
outer loop
vertex 180.63933982822385 -116.08933982821554 3
vertex 180.86664465046076 -115.90279558155264 3
vertex 179.54557442883137 -115.90279558155264 3
endloop
endfacet
facet normal 0 0 1
outer loop
vertex 180.63933982822385 -116.08933982821554 3
vertex 179.54557442883137 -115.90279558155264 3
vertex 179.4458644516425 -116.08933982821554 3
endloop
endfacet
facet normal 0 0 1
outer loop
vertex 183.9541355483575 -116.08933982821554 3
vertex 183.8544255711686 -115.90279558155264 3
vertex 182.53335534953726 -115.90279558155264 3
endloop
endfacet
facet normal 0 0 1
outer loop
vertex 183.9541355483575 -116.08933982821554 3
vertex 182.53335534953726 -115.90279558155264 3
vertex 182.76066017177274 -116.08933982821554 3
endloop
endfacet
facet normal 0 0 1
outer loop
vertex 180.86664465046076 -115.90279558155264 3
vertex 181.12597485145903 -115.76418070123154 3
vertex 179.61966562597146 -115.76418070123154 3
endloop
endfacet
facet normal 0 0 1
outer loop
vertex 180.86664465046076 -115.90279558155264 3
vertex 179.61966562597146 -115.76418070123154 3
vertex 179.54557442883137 -115.90279558155264 3
endloop
endfacet
facet normal 0 0 1
outer loop
vertex 183.8544255711686 -115.90279558155264 3
vertex 183.7803343740285 -115.76418070123154 3
vertex 182.2740251485372 -115.76418070123154 3
endloop
endfacet
facet normal 0 0 1
outer loop
vertex 183.8544255711686 -115.90279558155264 3
vertex 182.2740251485372 -115.76418070123154 3
vertex 182.53335534953726 -115.90279558155264 3
endloop
endfacet
facet normal 0 0 1
outer loop
vertex 181.12597485145903 -115.76418070123154 3
vertex 181.40736451698072 -115.6788220793932 3
vertex 179.68882871858372 -115.6788220793932 3
endloop
endfacet
facet normal 0 0 1
outer loop
vertex 181.12597485145903 -115.76418070123154 3
vertex 179.68882871858372 -115.6788220793932 3
vertex 179.62132596924357 -115.76107441745104 3
endloop
endfacet
facet normal 0 0 1
outer loop
vertex 181.12597485145903 -115.76418070123154 3
vertex 179.62132596924357 -115.76107441745104 3
vertex 179.61966562597146 -115.76418070123154 3
endloop
endfacet
facet normal 0 0 1
outer loop
vertex 183.7803343740285 -115.76418070123154 3
vertex 183.7786740307564 -115.76107441745104 3
vertex 183.71117128141626 -115.6788220793932 3
endloop
endfacet
facet normal 0 0 1
outer loop
vertex 183.7803343740285 -115.76418070123154 3
vertex 183.71117128141626 -115.6788220793932 3
vertex 181.99263548301596 -115.6788220793932 3
endloop
endfacet
facet normal 0 0 1
outer loop
vertex 183.7803343740285 -115.76418070123154 3
vertex 181.99263548301596 -115.6788220793932 3
vertex 182.2740251485372 -115.76418070123154 3
endloop
endfacet
facet normal 0 0 1
outer loop
vertex 181.40736451698072 -115.6788220793932 3
vertex 181.69999999999908 -115.64999999999876 3
vertex 179.71248238785034 -115.64999999999876 3
endloop
endfacet
facet normal 0 0 1
outer loop
vertex 181.40736451698072 -115.6788220793932 3
vertex 179.71248238785034 -115.64999999999876 3
vertex 179.68882871858372 -115.6788220793932 3
endloop
endfacet
facet normal 0 0 1
outer loop
vertex 183.71117128141626 -115.6788220793932 3
vertex 183.68751761214966 -115.64999999999876 3
vertex 181.69999999999908 -115.64999999999876 3
endloop
endfacet
facet normal 0 0 1
outer loop
vertex 183.71117128141626 -115.6788220793932 3
vertex 181.69999999999908 -115.64999999999876 3
vertex 181.99263548301596 -115.6788220793932 3
endloop
endfacet
facet normal 0 0 1
outer loop
vertex 181.69999999999908 -115.64999999999876 3
vertex 183.68751761214966 -115.64999999999876 3
vertex 183.46776695296643 -115.3822330470337 3
endloop
endfacet
facet normal 0 0 1
outer loop
vertex 181.69999999999908 -115.64999999999876 3
vertex 183.46776695296643 -115.3822330470337 3
vertex 183.088925582549 -115.07132596924365 3
endloop
endfacet
facet normal 0 0 1
outer loop
vertex 181.69999999999908 -115.64999999999876 3
vertex 183.088925582549 -115.07132596924365 3
vertex 182.65670858091266 -114.84030116872178 3
endloop
endfacet
facet normal 0 0 1
outer loop
vertex 181.69999999999908 -115.64999999999876 3
vertex 182.65670858091266 -114.84030116872178 3
vertex 182.1877258050404 -114.69803679899194 3
endloop
endfacet
facet normal 0 0 1
outer loop
vertex 181.69999999999908 -115.64999999999876 3
vertex 182.1877258050404 -114.69803679899194 3
vertex 181.70000000000007 -114.65 3
endloop
endfacet
facet normal 0 0 1
outer loop
vertex 181.69999999999908 -115.64999999999876 3
vertex 181.70000000000007 -114.65 3
vertex 181.21227419495958 -114.69803679899194 3
endloop
endfacet
facet normal 0 0 1
outer loop
vertex 181.69999999999908 -115.64999999999876 3
vertex 181.21227419495958 -114.69803679899194 3
vertex 180.74329141908726 -114.84030116872178 3
endloop
endfacet
facet normal 0 0 1
outer loop
vertex 181.69999999999908 -115.64999999999876 3
vertex 180.74329141908726 -114.84030116872178 3
vertex 180.31107441745104 -115.07132596924365 3
endloop
endfacet
facet normal 0 0 1
outer loop
vertex 181.69999999999908 -115.64999999999876 3
vertex 180.31107441745104 -115.07132596924365 3
vertex 179.93223304703366 -115.3822330470337 3
endloop
endfacet
facet normal 0 0 1
outer loop
vertex 181.69999999999908 -115.64999999999876 3
vertex 179.93223304703366 -115.3822330470337 3
vertex 179.71248238785034 -115.64999999999876 3
endloop
endfacet
facet normal 0 0 1
outer loop
vertex 128.98772580504038 -112.95196320100808 3
vertex 129.4567085809127 -112.8096988312782 3
vertex 129.8889255825489 -112.57867403075642 3
endloop
endfacet
facet normal 0 0 1
outer loop
vertex 128.98772580504038 -112.95196320100808 3
vertex 129.8889255825489 -112.57867403075642 3
vertex 130.26776695296635 -112.26776695296634 3
endloop
endfacet
facet normal 0 0 1
outer loop
vertex 128.98772580504038 -112.95196320100808 3
vertex 130.26776695296635 -112.26776695296634 3
vertex 130.48751761215107 -111.99999999999957 3
endloop
endfacet
facet normal 0 0 1
outer loop
vertex 128.98772580504038 -112.95196320100808 3
vertex 130.48751761215107 -111.99999999999957 3
vertex 128.50000000001134 -111.99999999999957 3
endloop
endfacet
facet normal 0 0 1
outer loop
vertex 128.98772580504038 -112.95196320100808 3
vertex 128.50000000001134 -111.99999999999957 3
vertex 126.51248238784898 -111.99999999999957 3
endloop
endfacet
facet normal 0 0 1
outer loop
vertex 128.98772580504038 -112.95196320100808 3
vertex 126.51248238784898 -111.99999999999957 3
vertex 126.73223304703367 -112.26776695296634 3
endloop
endfacet
facet normal 0 0 1
outer loop
vertex 128.98772580504038 -112.95196320100808 3
vertex 126.73223304703367 -112.26776695296634 3
vertex 127.11107441745096 -112.57867403075642 3
endloop
endfacet
facet normal 0 0 1
outer loop
vertex 128.98772580504038 -112.95196320100808 3
vertex 127.11107441745096 -112.57867403075642 3
vertex 127.54329141908723 -112.8096988312782 3
endloop
endfacet
facet normal 0 0 1
outer loop
vertex 128.98772580504038 -112.95196320100808 3
vertex 127.54329141908723 -112.8096988312782 3
vertex 128.01227419495973 -112.95196320100808 3
endloop
endfacet
facet normal 0 0 1
outer loop
vertex 128.98772580504038 -112.95196320100808 3
vertex 128.01227419495973 -112.95196320100808 3
vertex 128.49999999999997 -113 3
endloop
endfacet
facet normal 0 0 1
outer loop
vertex 128.50000000001134 -111.99999999999957 3
vertex 128.2073645169661 -111.97117792060234 3
vertex 126.4888287185801 -111.97117792060234 3
endloop
endfacet
facet normal 0 0 1
outer loop
vertex 128.50000000001134 -111.99999999999957 3
vertex 126.4888287185801 -111.97117792060234 3
vertex 126.51248238784898 -111.99999999999957 3
endloop
endfacet
facet normal 0 0 1
outer loop
vertex 130.48751761215107 -111.99999999999957 3
vertex 130.51117128141996 -111.97117792060234 3
vertex 128.7926354830567 -111.97117792060234 3
endloop
endfacet
facet normal 0 0 1
outer loop
vertex 130.48751761215107 -111.99999999999957 3
vertex 128.7926354830567 -111.97117792060234 3
vertex 128.50000000001134 -111.99999999999957 3
endloop
endfacet
facet normal 0 0 1
outer loop
vertex 128.2073645169661 -111.97117792060234 3
vertex 127.92597485143932 -111.88581929876342 3
vertex 126.41966562596883 -111.88581929876342 3
endloop
endfacet
facet normal 0 0 1
outer loop
vertex 128.2073645169661 -111.97117792060234 3
vertex 126.41966562596883 -111.88581929876342 3
vertex 126.42132596924365 -111.888925582549 3
endloop
endfacet
facet normal 0 0 1
outer loop
vertex 128.2073645169661 -111.97117792060234 3
vertex 126.42132596924365 -111.888925582549 3
vertex 126.4888287185801 -111.97117792060234 3
endloop
endfacet
facet normal 0 0 1
outer loop
vertex 130.51117128141996 -111.97117792060234 3
vertex 130.57867403075642 -111.888925582549 3
vertex 130.58033437403122 -111.88581929876342 3
endloop
endfacet
facet normal 0 0 1
outer loop
vertex 130.51117128141996 -111.97117792060234 3
vertex 130.58033437403122 -111.88581929876342 3
vertex 129.07402514854957 -111.88581929876342 3
endloop
endfacet
facet normal 0 0 1
outer loop
vertex 130.51117128141996 -111.97117792060234 3
vertex 129.07402514854957 -111.88581929876342 3
vertex 128.7926354830567 -111.97117792060234 3
endloop
endfacet
facet normal 0 0 1
outer loop
vertex 127.92597485143932 -111.88581929876342 3
vertex 127.66664465048133 -111.74720441846303 3
vertex 126.3455744288398 -111.74720441846303 3
endloop
endfacet
facet normal 0 0 1
outer loop
vertex 127.92597485143932 -111.88581929876342 3
vertex 126.3455744288398 -111.74720441846303 3
vertex 126.41966562596883 -111.88581929876342 3
endloop
endfacet
facet normal 0 0 1
outer loop
vertex 130.58033437403122 -111.88581929876342 3
vertex 130.65442557116026 -111.74720441846303 3
vertex 129.3333553495094 -111.74720441846303 3
endloop
endfacet
facet normal 0 0 1
outer loop
vertex 130.58033437403122 -111.88581929876342 3
vertex 129.3333553495094 -111.74720441846303 3
vertex 129.07402514854957 -111.88581929876342 3
endloop
endfacet
facet normal 0 0 1
outer loop
vertex 127.66664465048133 -111.74720441846303 3
vertex 127.43933982822682 -111.56066017178567 3
vertex 126.24586445164319 -111.56066017178567 3
endloop
endfacet
facet normal 0 0 1
outer loop
vertex 127.66664465048133 -111.74720441846303 3
vertex 126.24586445164319 -111.56066017178567 3
vertex 126.3455744288398 -111.74720441846303 3
endloop
endfacet
facet normal 0 0 1
outer loop
vertex 130.65442557116026 -111.74720441846303 3
vertex 130.7541355483568 -111.56066017178567 3
vertex 129.56066017177932 -111.56066017178567 3
endloop
endfacet
facet normal 0 0 1
outer loop
vertex 130.65442557116026 -111.74720441846303 3
vertex 129.56066017177932 -111.56066017178567 3
vertex 129.3333553495094 -111.74720441846303 3
endloop
endfacet
facet normal 0 0 1
outer loop
vertex 127.43933982822682 -111.56066017178567 3
vertex 127.25279558154526 -111.33335534952606 3
vertex 126.15288237506837 -111.33335534952606 3
endloop
endfacet
facet normal 0 0 1
outer loop
vertex 127.43933982822682 -111.56066017178567 3
vertex 126.15288237506837 -111.33335534952606 3
vertex 126.19030116872173 -111.45670858091259 3
endloop
endfacet
facet normal 0 0 1
outer loop
vertex 127.43933982822682 -111.56066017178567 3
vertex 126.19030116872173 -111.45670858091259 3
vertex 126.24586445164319 -111.56066017178567 3
endloop
endfacet
facet normal 0 0 1
outer loop
vertex 130.7541355483568 -111.56066017178567 3
vertex 130.80969883127824 -111.45670858091259 3
vertex 130.8471176249316 -111.33335534952606 3
endloop
endfacet
facet normal 0 0 1
outer loop
vertex 130.7541355483568 -111.56066017178567 3
vertex 130.8471176249316 -111.33335534952606 3
vertex 129.74720441845878 -111.33335534952606 3
endloop
endfacet
facet normal 0 0 1
outer loop
vertex 130.7541355483568 -111.56066017178567 3
vertex 129.74720441845878 -111.33335534952606 3
vertex 129.56066017177932 -111.56066017178567 3
endloop
endfacet
facet normal 0 0 1
outer loop
vertex 127.25279558154526 -111.33335534952606 3
vertex 127.11418070123267 -111.0740251485453 3
vertex 126.07421541864163 -111.0740251485453 3
endloop
endfacet
facet normal 0 0 1
outer loop
vertex 127.25279558154526 -111.33335534952606 3
vertex 126.07421541864163 -111.0740251485453 3
vertex 126.15288237506837 -111.33335534952606 3
endloop
endfacet
facet normal 0 0 1
outer loop
vertex 130.8471176249316 -111.33335534952606 3
vertex 130.92578458135836 -111.0740251485453 3
vertex 129.8858192987673 -111.0740251485453 3
endloop
endfacet
facet normal 0 0 1
outer loop
vertex 130.8471176249316 -111.33335534952606 3
vertex 129.8858192987673 -111.0740251485453 3
vertex 129.74720441845878 -111.33335534952606 3
endloop
endfacet
facet normal 0 0 1
outer loop
vertex 127.11418070123267 -111.0740251485453 3
vertex 127.02882207939501 -110.79263548302269 3
vertex 126.02882207939501 -110.79263548302269 3
endloop
endfacet
facet normal 0 0 1
outer loop
vertex 127.11418070123267 -111.0740251485453 3
vertex 126.02882207939501 -110.79263548302269 3
vertex 126.04803679899194 -110.98772580504045 3
endloop
endfacet
facet normal 0 0 1
outer loop
vertex 127.11418070123267 -111.0740251485453 3
vertex 126.04803679899194 -110.98772580504045 3
vertex 126.07421541864163 -111.0740251485453 3
endloop
endfacet
facet normal 0 0 1
outer loop
vertex 130.92578458135836 -111.0740251485453 3
vertex 130.95196320100806 -110.98772580504045 3
vertex 130.971177920605 -110.79263548302269 3
endloop
endfacet
facet normal 0 0 1
outer loop
vertex 130.92578458135836 -111.0740251485453 3
vertex 130.971177920605 -110.79263548302269 3
vertex 129.97117792060254 -110.79263548302269 3
endloop
endfacet
facet normal 0 0 1
outer loop
vertex 130.92578458135836 -111.0740251485453 3
vertex 129.97117792060254 -110.79263548302269 3
vertex 129.8858192987673 -111.0740251485453 3
endloop
endfacet
facet normal 0 0 1
outer loop
vertex 127.02882207939501 -110.79263548302269 3
vertex 126.99999999999966 -110.4999999999999 3
vertex 126 -110.4999999999999 3
endloop
endfacet
facet normal 0 0 1
outer loop
vertex 127.02882207939501 -110.79263548302269 3
vertex 126 -110.4999999999999 3
vertex 126.02882207939501 -110.79263548302269 3
endloop
endfacet
facet normal 0 0 1
outer loop
vertex 130.971177920605 -110.79263548302269 3
vertex 131 -110.4999999999999 3
vertex 129.99999999999872 -110.4999999999999 3
endloop
endfacet
facet normal 0 0 1
outer loop
vertex 130.971177920605 -110.79263548302269 3
vertex 129.99999999999872 -110.4999999999999 3
vertex 129.97117792060254 -110.79263548302269 3
endloop
endfacet
facet normal 0 0 1
outer loop
vertex 126.99999999999966 -110.4999999999999 3
vertex 127.0288220793937 -110.20736451697405 3
vertex 126.02882207939531 -110.20736451697405 3
endloop
endfacet
facet normal 0 0 1
outer loop
vertex 126.99999999999966 -110.4999999999999 3
vertex 126.02882207939531 -110.20736451697405 3
vertex 126 -110.4999999999999 3
endloop
endfacet
facet normal 0 0 1
outer loop
vertex 131 -110.4999999999999 3
vertex 130.9711779206047 -110.20736451697405 3
vertex 129.9711779206041 -110.20736451697405 3
endloop
endfacet
facet normal 0 0 1
outer loop
vertex 131 -110.4999999999999 3
vertex 129.9711779206041 -110.20736451697405 3
vertex 129.99999999999872 -110.4999999999999 3
endloop
endfacet
facet normal 0 0 1
outer loop
vertex 127.0288220793937 -110.20736451697405 3
vertex 127.11418070123455 -109.92597485146102 3
vertex 126.07421541863975 -109.92597485146102 3
endloop
endfacet
facet normal 0 0 1
outer loop
vertex 127.0288220793937 -110.20736451697405 3
vertex 126.07421541863975 -109.92597485146102 3
vertex 126.0480367989919 -110.01227419495982 3
endloop
endfacet
facet normal 0 0 1
outer loop
vertex 127.0288220793937 -110.20736451697405 3
vertex 126.0480367989919 -110.01227419495982 3
vertex 126.02882207939531 -110.20736451697405 3
endloop
endfacet
facet normal 0 0 1
outer loop
vertex 130.9711779206047 -110.20736451697405 3
vertex 130.9519632010081 -110.01227419495982 3
vertex 130.92578458136026 -109.92597485146102 3
endloop
endfacet
facet normal 0 0 1
outer loop
vertex 130.9711779206047 -110.20736451697405 3
vertex 130.92578458136026 -109.92597485146102 3
vertex 129.8858192987699 -109.92597485146102 3
endloop
endfacet
facet normal 0 0 1
outer loop
vertex 130.9711779206047 -110.20736451697405 3
vertex 129.8858192987699 -109.92597485146102 3
vertex 129.9711779206041 -110.20736451697405 3
endloop
endfacet
facet normal 0 0 1
outer loop
vertex 127.11418070123455 -109.92597485146102 3
vertex 127.25279558154737 -109.66664465047023 3
vertex 126.15288237506954 -109.66664465047023 3
endloop
endfacet
facet normal 0 0 1
outer loop
vertex 127.11418070123455 -109.92597485146102 3
vertex 126.15288237506954 -109.66664465047023 3
vertex 126.07421541863975 -109.92597485146102 3
endloop
endfacet
facet normal 0 0 1
outer loop
vertex 130.92578458136026 -109.92597485146102 3
vertex 130.84711762493046 -109.66664465047023 3
vertex 129.74720441845196 -109.66664465047023 3
endloop
endfacet
facet normal 0 0 1
outer loop
vertex 130.92578458136026 -109.92597485146102 3
vertex 129.74720441845196 -109.66664465047023 3
vertex 129.8858192987699 -109.92597485146102 3
endloop
endfacet
facet normal 0 0 1
outer loop
vertex 127.25279558154737 -109.66664465047023 3
vertex 127.4393398282194 -109.43933982821142 3
vertex 126.24586445164476 -109.43933982821142 3
endloop
endfacet
facet normal 0 0 1
outer loop
vertex 127.25279558154737 -109.66664465047023 3
vertex 126.24586445164476 -109.43933982821142 3
vertex 126.1903011687218 -109.5432914190873 3
endloop
endfacet
facet normal 0 0 1
outer loop
vertex 127.25279558154737 -109.66664465047023 3
vertex 126.1903011687218 -109.5432914190873 3
vertex 126.15288237506954 -109.66664465047023 3
endloop
endfacet
facet normal 0 0 1
outer loop
vertex 130.84711762493046 -109.66664465047023 3
vertex 130.8096988312782 -109.5432914190873 3
vertex 130.75413554835526 -109.43933982821142 3
endloop
endfacet
facet normal 0 0 1
outer loop
vertex 130.84711762493046 -109.66664465047023 3
vertex 130.75413554835526 -109.43933982821142 3
vertex 129.56066017177108 -109.43933982821142 3
endloop
endfacet
facet normal 0 0 1
outer loop
vertex 130.84711762493046 -109.66664465047023 3
vertex 129.56066017177108 -109.43933982821142 3
vertex 129.74720441845196 -109.66664465047023 3
endloop
endfacet
facet normal 0 0 1
outer loop
vertex 127.4393398282194 -109.43933982821142 3
vertex 127.66664465046689 -109.25279558155358 3
vertex 126.34557442883091 -109.25279558155358 3
endloop
endfacet
facet normal 0 0 1
outer loop
vertex 127.4393398282194 -109.43933982821142 3
vertex 126.34557442883091 -109.25279558155358 3
vertex 126.24586445164476 -109.43933982821142 3
endloop
endfacet
facet normal 0 0 1
outer loop
vertex 130.75413554835526 -109.43933982821142 3
vertex 130.65442557116913 -109.25279558155358 3
vertex 129.33335534954034 -109.25279558155358 3
endloop
endfacet
facet normal 0 0 1
outer loop
vertex 130.75413554835526 -109.43933982821142 3
vertex 129.33335534954034 -109.25279558155358 3
vertex 129.56066017177108 -109.43933982821142 3
endloop
endfacet
facet normal 0 0 1
outer loop
vertex 127.66664465046689 -109.25279558155358 3
vertex 127.92597485145967 -109.11418070123204 3
vertex 126.41966562597126 -109.11418070123204 3
endloop
endfacet
facet normal 0 0 1
outer loop
vertex 127.66664465046689 -109.25279558155358 3
vertex 126.41966562597126 -109.11418070123204 3
vertex 126.34557442883091 -109.25279558155358 3
endloop
endfacet
facet normal 0 0 1
outer loop
vertex 130.65442557116913 -109.25279558155358 3
vertex 130.58033437402878 -109.11418070123204 3
vertex 129.0740251485428 -109.11418070123204 3
endloop
endfacet
facet normal 0 0 1
outer loop
vertex 130.65442557116913 -109.25279558155358 3
vertex 129.0740251485428 -109.11418070123204 3
vertex 129.33335534954034 -109.25279558155358 3
endloop
endfacet
facet normal 0 0 1
outer loop
vertex 127.92597485145967 -109.11418070123204 3
vertex 128.20736451697107 -109.02882207939261 3
vertex 126.48882871858422 -109.02882207939261 3
endloop
endfacet
facet normal 0 0 1
outer loop
vertex 127.92597485145967 -109.11418070123204 3
vertex 126.48882871858422 -109.02882207939261 3
vertex 126.42132596924371 -109.1110744174509 3
endloop
endfacet
facet normal 0 0 1
outer loop
vertex 127.92597485145967 -109.11418070123204 3
vertex 126.42132596924371 -109.1110744174509 3
vertex 126.41966562597126 -109.11418070123204 3
endloop
endfacet
facet normal 0 0 1
outer loop
vertex 130.58033437402878 -109.11418070123204 3
vertex 130.57867403075633 -109.1110744174509 3
vertex 130.5111712814158 -109.02882207939261 3
endloop
endfacet
facet normal 0 0 1
outer loop
vertex 130.58033437402878 -109.11418070123204 3
vertex 130.5111712814158 -109.02882207939261 3
vertex 128.79263548301435 -109.02882207939261 3
endloop
endfacet
facet normal 0 0 1
outer loop
vertex 130.58033437402878 -109.11418070123204 3
vertex 128.79263548301435 -109.02882207939261 3
vertex 129.0740251485428 -109.11418070123204 3
endloop
endfacet
facet normal 0 0 1
outer loop
vertex 128.20736451697107 -109.02882207939261 3
vertex 128.50000000001168 -108.99999999999957 3
vertex 126.51248238784966 -108.99999999999957 3
endloop
endfacet
facet normal 0 0 1
outer loop
vertex 128.20736451697107 -109.02882207939261 3
vertex 126.51248238784966 -108.99999999999957 3
vertex 126.48882871858422 -109.02882207939261 3
endloop
endfacet
facet normal 0 0 1
outer loop
vertex 130.5111712814158 -109.02882207939261 3
vertex 130.48751761215038 -108.99999999999957 3
vertex 128.50000000001168 -108.99999999999957 3
endloop
endfacet
facet normal 0 0 1
outer loop
vertex 130.5111712814158 -109.02882207939261 3
vertex 128.50000000001168 -108.99999999999957 3
vertex 128.79263548301435 -109.02882207939261 3
endloop
endfacet
facet normal 0 0 1
outer loop
vertex 128.50000000001168 -108.99999999999957 3
vertex 130.48751761215038 -108.99999999999957 3
vertex 130.26776695296644 -108.73223304703372 3
endloop
endfacet
facet normal 0 0 1
outer loop
vertex 128.50000000001168 -108.99999999999957 3
vertex 130.26776695296644 -108.73223304703372 3
vertex 129.88892558254898 -108.42132596924363 3
endloop
endfacet
facet normal 0 0 1
outer loop
vertex 128.50000000001168 -108.99999999999957 3
vertex 129.88892558254898 -108.42132596924363 3
vertex 129.45670858091265 -108.19030116872173 3
endloop
endfacet
facet normal 0 0 1
outer loop
vertex 128.50000000001168 -108.99999999999957 3
vertex 129.45670858091265 -108.19030116872173 3
vertex 128.98772580504038 -108.04803679899192 3
endloop
endfacet
facet normal 0 0 1
outer loop
vertex 128.50000000001168 -108.99999999999957 3
vertex 128.98772580504038 -108.04803679899192 3
vertex 128.50000000000006 -108 3
endloop
endfacet
facet normal 0 0 1
outer loop
vertex 128.50000000001168 -108.99999999999957 3
vertex 128.50000000000006 -108 3
vertex 128.01227419495962 -108.04803679899192 3
endloop
endfacet
facet normal 0 0 1
outer loop
vertex 128.50000000001168 -108.99999999999957 3
vertex 128.01227419495962 -108.04803679899192 3
vertex 127.54329141908732 -108.19030116872173 3
endloop
endfacet
facet normal 0 0 1
outer loop
vertex 128.50000000001168 -108.99999999999957 3
vertex 127.54329141908732 -108.19030116872173 3
vertex 127.11107441745098 -108.42132596924363 3
endloop
endfacet
facet normal 0 0 1
outer loop
vertex 128.50000000001168 -108.99999999999957 3
vertex 127.11107441745098 -108.42132596924363 3
vertex 126.73223304703355 -108.73223304703372 3
endloop
endfacet
facet normal 0 0 1
outer loop
vertex 128.50000000001168 -108.99999999999957 3
vertex 126.73223304703355 -108.73223304703372 3
vertex 126.51248238784966 -108.99999999999957 3
endloop
endfacet
facet normal 0 0 1
outer loop
vertex 231.43772580504043 -95.65196320100806 3
vertex 231.90670858091275 -95.50969883127824 3
vertex 232.33892558254888 -95.27867403075646 3
endloop
endfacet
facet normal 0 0 1
outer loop
vertex 231.43772580504043 -95.65196320100806 3
vertex 232.33892558254888 -95.27867403075646 3
vertex 232.7177669529662 -94.96776695296649 3
endloop
endfacet
facet normal 0 0 1
outer loop
vertex 231.43772580504043 -95.65196320100806 3
vertex 232.7177669529662 -94.96776695296649 3
vertex 232.93751761215114 -94.69999999999936 3
endloop
endfacet
facet normal 0 0 1
outer loop
vertex 231.43772580504043 -95.65196320100806 3
vertex 232.93751761215114 -94.69999999999936 3
vertex 230.95000000001608 -94.69999999999936 3
endloop
endfacet
facet normal 0 0 1
outer loop
vertex 231.43772580504043 -95.65196320100806 3
vertex 230.95000000001608 -94.69999999999936 3
vertex 228.96248238784878 -94.69999999999936 3
endloop
endfacet
facet normal 0 0 1
outer loop
vertex 231.43772580504043 -95.65196320100806 3
vertex 228.96248238784878 -94.69999999999936 3
vertex 229.18223304703363 -94.96776695296649 3
endloop
endfacet
facet normal 0 0 1
outer loop
vertex 231.43772580504043 -95.65196320100806 3
vertex 229.18223304703363 -94.96776695296649 3
vertex 229.56107441745093 -95.27867403075646 3
endloop
endfacet
facet normal 0 0 1
outer loop
vertex 231.43772580504043 -95.65196320100806 3
vertex 229.56107441745093 -95.27867403075646 3
vertex 229.99329141908734 -95.50969883127824 3
endloop
endfacet
facet normal 0 0 1
outer loop
vertex 231.43772580504043 -95.65196320100806 3
vertex 229.99329141908734 -95.50969883127824 3
vertex 230.46227419495963 -95.65196320100806 3
endloop
endfacet
facet normal 0 0 1
outer loop
vertex 231.43772580504043 -95.65196320100806 3
vertex 230.46227419495963 -95.65196320100806 3
vertex 230.95000000000007 -95.7 3
endloop
endfacet
facet normal 0 0 1
outer loop
vertex 230.95000000001608 -94.69999999999936 3
vertex 230.65736451696182 -94.67117792060125 3
vertex 228.93882871857917 -94.67117792060125 3
endloop
endfacet
facet normal 0 0 1
outer loop
vertex 230.95000000001608 -94.69999999999936 3
vertex 228.93882871857917 -94.67117792060125 3
vertex 228.96248238784878 -94.69999999999936 3
endloop
endfacet
facet normal 0 0 1
outer loop
vertex 232.93751761215114 -94.69999999999936 3
vertex 232.96117128142077 -94.67117792060125 3
vertex 231.24263548307033 -94.67117792060125 3
endloop
endfacet
facet normal 0 0 1
outer loop
vertex 232.93751761215114 -94.69999999999936 3
vertex 231.24263548307033 -94.67117792060125 3
vertex 230.95000000001608 -94.69999999999936 3
endloop
endfacet
facet normal 0 0 1
outer loop
vertex 230.65736451696182 -94.67117792060125 3
vertex 230.37597485146202 -94.58581929877052 3
vertex 228.8696656259727 -94.58581929877052 3
endloop
endfacet
facet normal 0 0 1
outer loop
vertex 230.65736451696182 -94.67117792060125 3
vertex 228.8696656259727 -94.58581929877052 3
vertex 228.87132596924366 -94.5889255825489 3
endloop
endfacet
facet normal 0 0 1
outer loop
vertex 230.65736451696182 -94.67117792060125 3
vertex 228.87132596924366 -94.5889255825489 3
vertex 228.93882871857917 -94.67117792060125 3
endloop
endfacet
facet normal 0 0 1
outer loop
vertex 232.96117128142077 -94.67117792060125 3
vertex 233.0286740307564 -94.5889255825489 3
vertex 233.03033437402738 -94.58581929877052 3
endloop
endfacet
facet normal 0 0 1
outer loop
vertex 232.96117128142077 -94.67117792060125 3
vertex 233.03033437402738 -94.58581929877052 3
vertex 231.52402514852136 -94.58581929877052 3
endloop
endfacet
facet normal 0 0 1
outer loop
vertex 232.96117128142077 -94.67117792060125 3
vertex 231.52402514852136 -94.58581929877052 3
vertex 231.24263548307033 -94.67117792060125 3
endloop
endfacet
facet normal 0 0 1
outer loop
vertex 230.37597485146202 -94.58581929877052 3
vertex 230.11664465044964 -94.44720441844105 3
vertex 228.79557442882808 -94.44720441844105 3
endloop
endfacet
facet normal 0 0 1
outer loop
vertex 230.37597485146202 -94.58581929877052 3
vertex 228.79557442882808 -94.44720441844105 3
vertex 228.8696656259727 -94.58581929877052 3
endloop
endfacet
facet normal 0 0 1
outer loop
vertex 233.03033437402738 -94.58581929877052 3
vertex 233.10442557117196 -94.44720441844105 3
vertex 231.78335534956892 -94.44720441844105 3
endloop
endfacet
facet normal 0 0 1
outer loop
vertex 233.03033437402738 -94.58581929877052 3
vertex 231.78335534956892 -94.44720441844105 3
vertex 231.52402514852136 -94.58581929877052 3
endloop
endfacet
facet normal 0 0 1
outer loop
vertex 230.11664465044964 -94.44720441844105 3
vertex 229.88933982822618 -94.26066017178918 3
vertex 228.69586445164506 -94.26066017178918 3
endloop
endfacet
facet normal 0 0 1
outer loop
vertex 230.11664465044964 -94.44720441844105 3
vertex 228.69586445164506 -94.26066017178918 3
vertex 228.79557442882808 -94.44720441844105 3
endloop
endfacet
facet normal 0 0 1
outer loop
vertex 233.10442557117196 -94.44720441844105 3
vertex 233.20413554835494 -94.26066017178918 3
vertex 232.0106601717452 -94.26066017178918 3
endloop
endfacet
facet normal 0 0 1
outer loop
vertex 233.10442557117196 -94.44720441844105 3
vertex 232.0106601717452 -94.26066017178918 3
vertex 231.78335534956892 -94.44720441844105 3
endloop
endfacet
facet normal 0 0 1
outer loop
vertex 229.88933982822618 -94.26066017178918 3
vertex 229.70279558155957 -94.03335534954773 3
vertex 228.6028823750749 -94.03335534954773 3
endloop
endfacet
facet normal 0 0 1
outer loop
vertex 229.88933982822618 -94.26066017178918 3
vertex 228.6028823750749 -94.03335534954773 3
vertex 228.64030116872172 -94.1567085809128 3
endloop
endfacet
facet normal 0 0 1
outer loop
vertex 229.88933982822618 -94.26066017178918 3
vertex 228.64030116872172 -94.1567085809128 3
vertex 228.69586445164506 -94.26066017178918 3
endloop
endfacet
facet normal 0 0 1
outer loop
vertex 233.20413554835494 -94.26066017178918 3
vertex 233.25969883127817 -94.1567085809128 3
vertex 233.29711762492502 -94.03335534954773 3
endloop
endfacet
facet normal 0 0 1
outer loop
vertex 233.20413554835494 -94.26066017178918 3
vertex 233.29711762492502 -94.03335534954773 3
vertex 232.19720441844404 -94.03335534954773 3
endloop
endfacet
facet normal 0 0 1
outer loop
vertex 233.20413554835494 -94.26066017178918 3
vertex 232.19720441844404 -94.03335534954773 3
vertex 232.0106601717452 -94.26066017178918 3
endloop
endfacet
facet normal 0 0 1
outer loop
vertex 229.70279558155957 -94.03335534954773 3
vertex 229.56418070122237 -93.77402514852095 3
vertex 228.52421541863424 -93.77402514852095 3
endloop
endfacet
facet normal 0 0 1
outer loop
vertex 229.70279558155957 -94.03335534954773 3
vertex 228.52421541863424 -93.77402514852095 3
vertex 228.6028823750749 -94.03335534954773 3
endloop
endfacet
facet normal 0 0 1
outer loop
vertex 233.29711762492502 -94.03335534954773 3
vertex 233.37578458136574 -93.77402514852095 3
vertex 232.3358192987843 -93.77402514852095 3
endloop
endfacet
facet normal 0 0 1
outer loop
vertex 233.29711762492502 -94.03335534954773 3
vertex 232.3358192987843 -93.77402514852095 3
vertex 232.19720441844404 -94.03335534954773 3
endloop
endfacet
facet normal 0 0 1
outer loop
vertex 229.56418070122237 -93.77402514852095 3
vertex 229.4788220793986 -93.49263548304413 3
vertex 228.47882207939713 -93.49263548304413 3
endloop
endfacet
facet normal 0 0 1
outer loop
vertex 229.56418070122237 -93.77402514852095 3
vertex 228.47882207939713 -93.49263548304413 3
vertex 228.49803679899196 -93.68772580504039 3
endloop
endfacet
facet normal 0 0 1
outer loop
vertex 229.56418070122237 -93.77402514852095 3
vertex 228.49803679899196 -93.68772580504039 3
vertex 228.52421541863424 -93.77402514852095 3
endloop
endfacet
facet normal 0 0 1
outer loop
vertex 233.37578458136574 -93.77402514852095 3
vertex 233.40196320100804 -93.68772580504039 3
vertex 233.42117792060284 -93.49263548304413 3
endloop
endfacet
facet normal 0 0 1
outer loop
vertex 233.37578458136574 -93.77402514852095 3
vertex 233.42117792060284 -93.49263548304413 3
vertex 232.42117792060367 -93.49263548304413 3
endloop
endfacet
facet normal 0 0 1
outer loop
vertex 233.37578458136574 -93.77402514852095 3
vertex 232.42117792060367 -93.49263548304413 3
vertex 232.3358192987843 -93.77402514852095 3
endloop
endfacet
facet normal 0 0 1
outer loop
vertex 229.4788220793986 -93.49263548304413 3
vertex 229.45000000000033 -93.1999999999998 3
vertex 228.45 -93.1999999999998 3
endloop
endfacet
facet normal 0 0 1
outer loop
vertex 229.4788220793986 -93.49263548304413 3
vertex 228.45 -93.1999999999998 3
vertex 228.47882207939713 -93.49263548304413 3
endloop
endfacet
facet normal 0 0 1
outer loop
vertex 233.42117792060284 -93.49263548304413 3
vertex 233.45 -93.1999999999998 3
vertex 232.44999999999922 -93.1999999999998 3
endloop
endfacet
facet normal 0 0 1
outer loop
vertex 233.42117792060284 -93.49263548304413 3
vertex 232.44999999999922 -93.1999999999998 3
vertex 232.42117792060367 -93.49263548304413 3
endloop
endfacet
facet normal 0 0 1
outer loop
vertex 229.45000000000033 -93.1999999999998 3
vertex 229.47882207939375 -92.90736451699232 3
vertex 228.47882207939347 -92.90736451699232 3
endloop
endfacet
facet normal 0 0 1
outer loop
vertex 229.45000000000033 -93.1999999999998 3
vertex 228.47882207939347 -92.90736451699232 3
vertex 228.45 -93.1999999999998 3
endloop
endfacet
facet normal 0 0 1
outer loop
vertex 233.45 -93.1999999999998 3
vertex 233.42117792060648 -92.90736451699232 3
vertex 232.42117792060697 -92.90736451699232 3
endloop
endfacet
facet normal 0 0 1
outer loop
vertex 233.45 -93.1999999999998 3
vertex 232.42117792060697 -92.90736451699232 3
vertex 232.44999999999922 -93.1999999999998 3
endloop
endfacet
facet normal 0 0 1
outer loop
vertex 229.47882207939375 -92.90736451699232 3
vertex 229.56418070123456 -92.62597485143937 3
vertex 228.52421541864626 -92.62597485143937 3
endloop
endfacet
facet normal 0 0 1
outer loop
vertex 229.47882207939375 -92.90736451699232 3
vertex 228.52421541864626 -92.62597485143937 3
vertex 228.49803679899185 -92.71227419495979 3
endloop
endfacet
facet normal 0 0 1
outer loop
vertex 229.47882207939375 -92.90736451699232 3
vertex 228.49803679899185 -92.71227419495979 3
vertex 228.47882207939347 -92.90736451699232 3
endloop
endfacet
facet normal 0 0 1
outer loop
vertex 233.42117792060648 -92.90736451699232 3
vertex 233.4019632010081 -92.71227419495979 3
vertex 233.37578458135368 -92.62597485143937 3
endloop
endfacet
facet normal 0 0 1
outer loop
vertex 233.42117792060648 -92.90736451699232 3
vertex 233.37578458135368 -92.62597485143937 3
vertex 232.33581929876107 -92.62597485143937 3
endloop
endfacet
facet normal 0 0 1
outer loop
vertex 233.42117792060648 -92.90736451699232 3
vertex 232.33581929876107 -92.62597485143937 3
vertex 232.42117792060697 -92.90736451699232 3
endloop
endfacet
facet normal 0 0 1
outer loop
vertex 229.56418070123456 -92.62597485143937 3
vertex 229.70279558154596 -92.36664465046387 3
vertex 228.60288237507146 -92.36664465046387 3
endloop
endfacet
facet normal 0 0 1
outer loop
vertex 229.56418070123456 -92.62597485143937 3
vertex 228.60288237507146 -92.36664465046387 3
vertex 228.52421541864626 -92.62597485143937 3
endloop
endfacet
facet normal 0 0 1
outer loop
vertex 233.37578458135368 -92.62597485143937 3
vertex 233.29711762492855 -92.36664465046387 3
vertex 232.19720441845126 -92.36664465046387 3
endloop
endfacet
facet normal 0 0 1
outer loop
vertex 233.37578458135368 -92.62597485143937 3
vertex 232.19720441845126 -92.36664465046387 3
vertex 232.33581929876107 -92.62597485143937 3
endloop
endfacet
facet normal 0 0 1
outer loop
vertex 229.70279558154596 -92.36664465046387 3
vertex 229.8893398282254 -92.13933982824578 3
vertex 228.6958644516264 -92.13933982824578 3
endloop
endfacet
facet normal 0 0 1
outer loop
vertex 229.70279558154596 -92.36664465046387 3
vertex 228.6958644516264 -92.13933982824578 3
vertex 228.64030116872183 -92.24329141908726 3
endloop
endfacet
facet normal 0 0 1
outer loop
vertex 229.70279558154596 -92.36664465046387 3
vertex 228.64030116872183 -92.24329141908726 3
vertex 228.60288237507146 -92.36664465046387 3
endloop
endfacet
facet normal 0 0 1
outer loop
vertex 233.29711762492855 -92.36664465046387 3
vertex 233.2596988312782 -92.24329141908726 3
vertex 233.20413554837364 -92.13933982824578 3
endloop
endfacet
facet normal 0 0 1
outer loop
vertex 233.29711762492855 -92.36664465046387 3
vertex 233.20413554837364 -92.13933982824578 3
vertex 232.0106601718038 -92.13933982824578 3
endloop
endfacet
facet normal 0 0 1
outer loop
vertex 233.29711762492855 -92.36664465046387 3
vertex 232.0106601718038 -92.13933982824578 3
vertex 232.19720441845126 -92.36664465046387 3
endloop
endfacet
facet normal 0 0 1
outer loop
vertex 229.8893398282254 -92.13933982824578 3
vertex 230.11664465045092 -91.95279558153952 3
vertex 228.7955744288384 -91.95279558153952 3
endloop
endfacet
facet normal 0 0 1
outer loop
vertex 229.8893398282254 -92.13933982824578 3
vertex 228.7955744288384 -91.95279558153952 3
vertex 228.6958644516264 -92.13933982824578 3
endloop
endfacet
facet normal 0 0 1
outer loop
vertex 233.20413554837364 -92.13933982824578 3
vertex 233.10442557116158 -91.95279558153952 3
vertex 231.78335534951407 -91.95279558153952 3
endloop
endfacet
facet normal 0 0 1
outer loop
vertex 233.20413554837364 -92.13933982824578 3
vertex 231.78335534951407 -91.95279558153952 3
vertex 232.0106601718038 -92.13933982824578 3
endloop
endfacet
facet normal 0 0 1
outer loop
vertex 230.11664465045092 -91.95279558153952 3
vertex 230.37597485146563 -91.81418070122366 3
vertex 228.86966562597567 -91.81418070122366 3
endloop
endfacet
facet normal 0 0 1
outer loop
vertex 230.11664465045092 -91.95279558153952 3
vertex 228.86966562597567 -91.81418070122366 3
vertex 228.7955744288384 -91.95279558153952 3
endloop
endfacet
facet normal 0 0 1
outer loop
vertex 233.10442557116158 -91.95279558153952 3
vertex 233.03033437402428 -91.81418070122366 3
vertex 231.5240251485272 -91.81418070122366 3
endloop
endfacet
facet normal 0 0 1
outer loop
vertex 233.10442557116158 -91.95279558153952 3
vertex 231.5240251485272 -91.81418070122366 3
vertex 231.78335534951407 -91.95279558153952 3
endloop
endfacet
facet normal 0 0 1
outer loop
vertex 230.37597485146563 -91.81418070122366 3
vertex 230.65736451696694 -91.72882207939526 3
vertex 228.93882871858202 -91.72882207939526 3
endloop
endfacet
facet normal 0 0 1
outer loop
vertex 230.37597485146563 -91.81418070122366 3
vertex 228.93882871858202 -91.72882207939526 3
vertex 228.87132596924357 -91.81107441745101 3
endloop
endfacet
facet normal 0 0 1
outer loop
vertex 230.37597485146563 -91.81418070122366 3
vertex 228.87132596924357 -91.81107441745101 3
vertex 228.86966562597567 -91.81418070122366 3
endloop
endfacet
facet normal 0 0 1
outer loop
vertex 233.03033437402428 -91.81418070122366 3
vertex 233.02867403075638 -91.81107441745101 3
vertex 232.96117128141796 -91.72882207939526 3
endloop
endfacet
facet normal 0 0 1
outer loop
vertex 233.03033437402428 -91.81418070122366 3
vertex 232.96117128141796 -91.72882207939526 3
vertex 231.24263548303506 -91.72882207939526 3
endloop
endfacet
facet normal 0 0 1
outer loop
vertex 233.03033437402428 -91.81418070122366 3
vertex 231.24263548303506 -91.72882207939526 3
vertex 231.5240251485272 -91.81418070122366 3
endloop
endfacet
facet normal 0 0 1
outer loop
vertex 230.65736451696694 -91.72882207939526 3
vertex 230.95000000001176 -91.70000000000019 3
vertex 228.96248238784912 -91.70000000000019 3
endloop
endfacet
facet normal 0 0 1
outer loop
vertex 230.65736451696694 -91.72882207939526 3
vertex 228.96248238784912 -91.70000000000019 3
vertex 228.93882871858202 -91.72882207939526 3
endloop
endfacet
facet normal 0 0 1
outer loop
vertex 232.96117128141796 -91.72882207939526 3
vertex 232.93751761215086 -91.70000000000019 3
vertex 230.95000000001176 -91.70000000000019 3
endloop
endfacet
facet normal 0 0 1
outer loop
vertex 232.96117128141796 -91.72882207939526 3
vertex 230.95000000001176 -91.70000000000019 3
vertex 231.24263548303506 -91.72882207939526 3
endloop
endfacet
facet normal 0 0 1
outer loop
vertex 230.95000000001176 -91.70000000000019 3
vertex 232.93751761215086 -91.70000000000019 3
vertex 232.71776695296649 -91.43223304703375 3
endloop
endfacet
facet normal 0 0 1
outer loop
vertex 230.95000000001176 -91.70000000000019 3
vertex 232.71776695296649 -91.43223304703375 3
vertex 232.3389255825489 -91.12132596924359 3
endloop
endfacet
facet normal 0 0 1
outer loop
vertex 230.95000000001176 -91.70000000000019 3
vertex 232.3389255825489 -91.12132596924359 3
vertex 231.90670858091272 -90.89030116872178 3
endloop
endfacet
facet normal 0 0 1
outer loop
vertex 230.95000000001176 -91.70000000000019 3
vertex 231.90670858091272 -90.89030116872178 3
vertex 231.43772580504043 -90.74803679899195 3
endloop
endfacet
facet normal 0 0 1
outer loop
vertex 230.95000000001176 -91.70000000000019 3
vertex 231.43772580504043 -90.74803679899195 3
vertex 230.9499999999999 -90.7 3
endloop
endfacet
facet normal 0 0 1
outer loop
vertex 230.95000000001176 -91.70000000000019 3
vertex 230.9499999999999 -90.7 3
vertex 230.46227419495958 -90.74803679899195 3
endloop
endfacet
facet normal 0 0 1
outer loop
vertex 230.95000000001176 -91.70000000000019 3
vertex 230.46227419495958 -90.74803679899195 3
vertex 229.99329141908746 -90.89030116872178 3
endloop
endfacet
facet normal 0 0 1
outer loop
vertex 230.95000000001176 -91.70000000000019 3
vertex 229.99329141908746 -90.89030116872178 3
vertex 229.56107441745084 -91.12132596924359 3
endloop
endfacet
facet normal 0 0 1
outer loop
vertex 230.95000000001176 -91.70000000000019 3
vertex 229.56107441745084 -91.12132596924359 3
vertex 229.1822330470337 -91.43223304703375 3
endloop
endfacet
facet normal 0 0 1
outer loop
vertex 230.95000000001176 -91.70000000000019 3
vertex 229.1822330470337 -91.43223304703375 3
vertex 228.96248238784912 -91.70000000000019 3
endloop
endfacet
facet normal 0 0 1
outer loop
vertex 185.60772580504033 -62.07696320100808 3
vertex 186.07670858091262 -61.93469883127823 3
vertex 186.50892558254898 -61.70367403075635 3
endloop
endfacet
facet normal 0 0 1
outer loop
vertex 185.60772580504033 -62.07696320100808 3
vertex 186.50892558254898 -61.70367403075635 3
vertex 186.88776695296633 -61.39276695296636 3
endloop
endfacet
facet normal 0 0 1
outer loop
vertex 185.60772580504033 -62.07696320100808 3
vertex 186.88776695296633 -61.39276695296636 3
vertex 187.10751761214993 -61.12500000000087 3
endloop
endfacet
facet normal 0 0 1
outer loop
vertex 185.60772580504033 -62.07696320100808 3
vertex 187.10751761214993 -61.12500000000087 3
vertex 185.12000000000722 -61.12500000000087 3
endloop
endfacet
facet normal 0 0 1
outer loop
vertex 185.60772580504033 -62.07696320100808 3
vertex 185.12000000000722 -61.12500000000087 3
vertex 183.13248238785002 -61.12500000000087 3
endloop
endfacet
facet normal 0 0 1
outer loop
vertex 185.60772580504033 -62.07696320100808 3
vertex 183.13248238785002 -61.12500000000087 3
vertex 183.35223304703356 -61.39276695296636 3
endloop
endfacet
facet normal 0 0 1
outer loop
vertex 185.60772580504033 -62.07696320100808 3
vertex 183.35223304703356 -61.39276695296636 3
vertex 183.73107441745103 -61.70367403075635 3
endloop
endfacet
facet normal 0 0 1
outer loop
vertex 185.60772580504033 -62.07696320100808 3
vertex 183.73107441745103 -61.70367403075635 3
vertex 184.1632914190873 -61.93469883127823 3
endloop
endfacet
facet normal 0 0 1
outer loop
vertex 185.60772580504033 -62.07696320100808 3
vertex 184.1632914190873 -61.93469883127823 3
vertex 184.63227419495965 -62.07696320100808 3
endloop
endfacet
facet normal 0 0 1
outer loop
vertex 185.60772580504033 -62.07696320100808 3
vertex 184.63227419495965 -62.07696320100808 3
vertex 185.12 -62.125 3
endloop
endfacet
facet normal 0 0 1
outer loop
vertex 185.12000000000722 -61.12500000000087 3
vertex 184.82736451697417 -61.09617792060484 3
vertex 183.10882871858212 -61.09617792060484 3
endloop
endfacet
facet normal 0 0 1
outer loop
vertex 185.12000000000722 -61.12500000000087 3
vertex 183.10882871858212 -61.09617792060484 3
vertex 183.13248238785002 -61.12500000000087 3
endloop
endfacet
facet normal 0 0 1
outer loop
vertex 187.10751761214993 -61.12500000000087 3
vertex 187.13117128141783 -61.09617792060484 3
vertex 185.41263548304033 -61.09617792060484 3
endloop
endfacet
facet normal 0 0 1
outer loop
vertex 187.10751761214993 -61.12500000000087 3
vertex 185.41263548304033 -61.09617792060484 3
vertex 185.12000000000722 -61.12500000000087 3
endloop
endfacet
facet normal 0 0 1
outer loop
vertex 184.82736451697417 -61.09617792060484 3
vertex 184.5459748514583 -61.01081929876923 3
vertex 183.03966562597196 -61.01081929876923 3
endloop
endfacet
facet normal 0 0 1
outer loop
vertex 184.82736451697417 -61.09617792060484 3
vertex 183.03966562597196 -61.01081929876923 3
vertex 183.04132596924362 -61.0139255825489 3
endloop
endfacet
facet normal 0 0 1
outer loop
vertex 184.82736451697417 -61.09617792060484 3
vertex 183.04132596924362 -61.0139255825489 3
vertex 183.10882871858212 -61.09617792060484 3
endloop
endfacet
facet normal 0 0 1
outer loop
vertex 187.13117128141783 -61.09617792060484 3
vertex 187.19867403075642 -61.0139255825489 3
vertex 187.20033437402807 -61.01081929876923 3
endloop
endfacet
facet normal 0 0 1
outer loop
vertex 187.13117128141783 -61.09617792060484 3
vertex 187.20033437402807 -61.01081929876923 3
vertex 185.69402514853257 -61.01081929876923 3
endloop
endfacet
facet normal 0 0 1
outer loop
vertex 187.13117128141783 -61.09617792060484 3
vertex 185.69402514853257 -61.01081929876923 3
vertex 185.41263548304033 -61.09617792060484 3
endloop
endfacet
facet normal 0 0 1
outer loop
vertex 184.5459748514583 -61.01081929876923 3
vertex 184.28664465045145 -60.8722044184427 3
vertex 182.96557442882892 -60.8722044184427 3
endloop
endfacet
facet normal 0 0 1
outer loop
vertex 184.5459748514583 -61.01081929876923 3
vertex 182.96557442882892 -60.8722044184427 3
vertex 183.03966562597196 -61.01081929876923 3
endloop
endfacet
facet normal 0 0 1
outer loop
vertex 187.20033437402807 -61.01081929876923 3
vertex 187.2744255711711 -60.8722044184427 3
vertex 185.95335534955012 -60.8722044184427 3
endloop
endfacet
facet normal 0 0 1
outer loop
vertex 187.20033437402807 -61.01081929876923 3
vertex 185.95335534955012 -60.8722044184427 3
vertex 185.69402514853257 -61.01081929876923 3
endloop
endfacet
facet normal 0 0 1
outer loop
vertex 184.28664465045145 -60.8722044184427 3
vertex 184.0593398282281 -60.68566017179094 3
vertex 182.865864451646 -60.68566017179094 3
endloop
endfacet
facet normal 0 0 1
outer loop
vertex 184.28664465045145 -60.8722044184427 3
vertex 182.865864451646 -60.68566017179094 3
vertex 182.96557442882892 -60.8722044184427 3
endloop
endfacet
facet normal 0 0 1
outer loop
vertex 187.2744255711711 -60.8722044184427 3
vertex 187.37413554835402 -60.68566017179094 3
vertex 186.18066017175988 -60.68566017179094 3
endloop
endfacet
facet normal 0 0 1
outer loop
vertex 187.2744255711711 -60.8722044184427 3
vertex 186.18066017175988 -60.68566017179094 3
vertex 185.95335534955012 -60.8722044184427 3
endloop
endfacet
facet normal 0 0 1
outer loop
vertex 184.0593398282281 -60.68566017179094 3
vertex 183.8727955815496 -60.458355349535026 3
vertex 182.77288237507108 -60.458355349535026 3
endloop
endfacet
facet normal 0 0 1
outer loop
vertex 184.0593398282281 -60.68566017179094 3
vertex 182.77288237507108 -60.458355349535026 3
vertex 182.81030116872176 -60.5817085809128 3
endloop
endfacet
facet normal 0 0 1
outer loop
vertex 184.0593398282281 -60.68566017179094 3
vertex 182.81030116872176 -60.5817085809128 3
vertex 182.865864451646 -60.68566017179094 3
endloop
endfacet
facet normal 0 0 1
outer loop
vertex 187.37413554835402 -60.68566017179094 3
vertex 187.4296988312782 -60.5817085809128 3
vertex 187.4671176249289 -60.458355349535026 3
endloop
endfacet
facet normal 0 0 1
outer loop
vertex 187.37413554835402 -60.68566017179094 3
vertex 187.4671176249289 -60.458355349535026 3
vertex 186.36720441845176 -60.458355349535026 3
endloop
endfacet
facet normal 0 0 1
outer loop
vertex 187.37413554835402 -60.68566017179094 3
vertex 186.36720441845176 -60.458355349535026 3
vertex 186.18066017175988 -60.68566017179094 3
endloop
endfacet
facet normal 0 0 1
outer loop
vertex 183.8727955815496 -60.458355349535026 3
vertex 183.7341807012314 -60.199025148543704 3
vertex 182.69421541864116 -60.199025148543704 3
endloop
endfacet
facet normal 0 0 1
outer loop
vertex 183.8727955815496 -60.458355349535026 3
vertex 182.69421541864116 -60.199025148543704 3
vertex 182.77288237507108 -60.458355349535026 3
endloop
endfacet
facet normal 0 0 1
outer loop
vertex 187.4671176249289 -60.458355349535026 3
vertex 187.54578458135884 -60.199025148543704 3
vertex 186.5058192987702 -60.199025148543704 3
endloop
endfacet
facet normal 0 0 1
outer loop
vertex 187.4671176249289 -60.458355349535026 3
vertex 186.5058192987702 -60.199025148543704 3
vertex 186.36720441845176 -60.458355349535026 3
endloop
endfacet
facet normal 0 0 1
outer loop
vertex 183.7341807012314 -60.199025148543704 3
vertex 183.64882207939667 -59.91763548303075 3
vertex 182.64882207939584 -59.91763548303075 3
endloop
endfacet
facet normal 0 0 1
outer loop
vertex 183.7341807012314 -60.199025148543704 3
vertex 182.64882207939584 -59.91763548303075 3
vertex 182.66803679899198 -60.11272580504033 3
endloop
endfacet
facet normal 0 0 1
outer loop
vertex 183.7341807012314 -60.199025148543704 3
vertex 182.66803679899198 -60.11272580504033 3
vertex 182.69421541864116 -60.199025148543704 3
endloop
endfacet
facet normal 0 0 1
outer loop
vertex 187.54578458135884 -60.199025148543704 3
vertex 187.5719632010081 -60.11272580504033 3
vertex 187.5911779206042 -59.91763548303075 3
endloop
endfacet
facet normal 0 0 1
outer loop
vertex 187.54578458135884 -60.199025148543704 3
vertex 187.5911779206042 -59.91763548303075 3
vertex 186.5911779206044 -59.91763548303075 3
endloop
endfacet
facet normal 0 0 1
outer loop
vertex 187.54578458135884 -60.199025148543704 3
vertex 186.5911779206044 -59.91763548303075 3
vertex 186.5058192987702 -60.199025148543704 3
endloop
endfacet
facet normal 0 0 1
outer loop
vertex 129.98772580504036 -60.70196320100808 3
vertex 130.45670858091273 -60.559698831278205 3
vertex 130.8889255825491 -60.328674030756304 3
endloop
endfacet
facet normal 0 0 1
outer loop
vertex 129.98772580504036 -60.70196320100808 3
vertex 130.8889255825491 -60.328674030756304 3
vertex 131.2677669529663 -60.01776695296642 3
endloop
endfacet
facet normal 0 0 1
outer loop
vertex 129.98772580504036 -60.70196320100808 3
vertex 131.2677669529663 -60.01776695296642 3
vertex 131.48751761215036 -59.75000000000039 3
endloop
endfacet
facet normal 0 0 1
outer loop
vertex 129.98772580504036 -60.70196320100808 3
vertex 131.48751761215036 -59.75000000000039 3
vertex 129.49999999999923 -59.75000000000039 3
endloop
endfacet
facet normal 0 0 1
outer loop
vertex 129.98772580504036 -60.70196320100808 3
vertex 129.49999999999923 -59.75000000000039 3
vertex 127.51248238784963 -59.75000000000039 3
endloop
endfacet
facet normal 0 0 1
outer loop
vertex 129.98772580504036 -60.70196320100808 3
vertex 127.51248238784963 -59.75000000000039 3
vertex 127.73223304703362 -60.01776695296642 3
endloop
endfacet
facet normal 0 0 1
outer loop
vertex 129.98772580504036 -60.70196320100808 3
vertex 127.73223304703362 -60.01776695296642 3
vertex 128.111074417451 -60.328674030756304 3
endloop
endfacet
facet normal 0 0 1
outer loop
vertex 129.98772580504036 -60.70196320100808 3
vertex 128.111074417451 -60.328674030756304 3
vertex 128.54329141908724 -60.559698831278205 3
endloop
endfacet
facet normal 0 0 1
outer loop
vertex 129.98772580504036 -60.70196320100808 3
vertex 128.54329141908724 -60.559698831278205 3
vertex 129.0122741949597 -60.70196320100808 3
endloop
endfacet
facet normal 0 0 1
outer loop
vertex 129.98772580504036 -60.70196320100808 3
vertex 129.0122741949597 -60.70196320100808 3
vertex 129.49999999999997 -60.74999999999999 3
endloop
endfacet
facet normal 0 0 1
outer loop
vertex 129.49999999999923 -59.75000000000039 3
vertex 129.20736451697638 -59.72117792060537 3
vertex 127.48882871858255 -59.72117792060537 3
endloop
endfacet
facet normal 0 0 1
outer loop
vertex 129.49999999999923 -59.75000000000039 3
vertex 127.48882871858255 -59.72117792060537 3
vertex 127.51248238784963 -59.75000000000039 3
endloop
endfacet
facet normal 0 0 1
outer loop
vertex 131.48751761215036 -59.75000000000039 3
vertex 131.51117128141743 -59.72117792060537 3
vertex 129.79263548302202 -59.72117792060537 3
endloop
endfacet
facet normal 0 0 1
outer loop
vertex 131.48751761215036 -59.75000000000039 3
vertex 129.79263548302202 -59.72117792060537 3
vertex 129.49999999999923 -59.75000000000039 3
endloop
endfacet
facet normal 0 0 1
outer loop
vertex 129.20736451697638 -59.72117792060537 3
vertex 128.92597485144347 -59.63581929876458 3
vertex 127.41966562596943 -59.63581929876458 3
endloop
endfacet
facet normal 0 0 1
outer loop
vertex 129.20736451697638 -59.72117792060537 3
vertex 127.41966562596943 -59.63581929876458 3
vertex 127.42132596924364 -59.638925582549035 3
endloop
endfacet
facet normal 0 0 1
outer loop
vertex 129.20736451697638 -59.72117792060537 3
vertex 127.42132596924364 -59.638925582549035 3
vertex 127.48882871858255 -59.72117792060537 3
endloop
endfacet
facet normal 0 0 1
outer loop
vertex 131.51117128141743 -59.72117792060537 3
vertex 131.57867403075633 -59.638925582549035 3
vertex 131.58033437403054 -59.63581929876458 3
endloop
endfacet
facet normal 0 0 1
outer loop
vertex 131.51117128141743 -59.72117792060537 3
vertex 131.58033437403054 -59.63581929876458 3
vertex 130.07402514855443 -59.63581929876458 3
endloop
endfacet
facet normal 0 0 1
outer loop
vertex 131.51117128141743 -59.72117792060537 3
vertex 130.07402514855443 -59.63581929876458 3
vertex 129.79263548302202 -59.72117792060537 3
endloop
endfacet
facet normal 0 0 1
outer loop
vertex 183.64882207939667 -59.91763548303075 3
vertex 183.62000000000026 -59.62499999999998 3
vertex 182.62000000000003 -59.62499999999998 3
endloop
endfacet
facet normal 0 0 1
outer loop
vertex 183.64882207939667 -59.91763548303075 3
vertex 182.62000000000003 -59.62499999999998 3
vertex 182.64882207939584 -59.91763548303075 3
endloop
endfacet
facet normal 0 0 1
outer loop
vertex 187.5911779206042 -59.91763548303075 3
vertex 187.62 -59.62499999999998 3
vertex 186.61999999999972 -59.62499999999998 3
endloop
endfacet
facet normal 0 0 1
outer loop
vertex 187.5911779206042 -59.91763548303075 3
vertex 186.61999999999972 -59.62499999999998 3
vertex 186.5911779206044 -59.91763548303075 3
endloop
endfacet
facet normal 0 0 1
outer loop
vertex 128.92597485144347 -59.63581929876458 3
vertex 128.66664465046765 -59.497204418454636 3
vertex 127.34557442883528 -59.497204418454636 3
endloop
endfacet
facet normal 0 0 1
outer loop
vertex 128.92597485144347 -59.63581929876458 3
vertex 127.34557442883528 -59.497204418454636 3
vertex 127.41966562596943 -59.63581929876458 3
endloop
endfacet
facet normal 0 0 1
outer loop
vertex 131.58033437403054 -59.63581929876458 3
vertex 131.6544255711647 -59.497204418454636 3
vertex 130.33335534952195 -59.497204418454636 3
endloop
endfacet
facet normal 0 0 1
outer loop
vertex 131.58033437403054 -59.63581929876458 3
vertex 130.33335534952195 -59.497204418454636 3
vertex 130.07402514855443 -59.63581929876458 3
endloop
endfacet
facet normal 0 0 1
outer loop
vertex 183.62000000000026 -59.62499999999998 3
vertex 183.64882207939465 -59.332364516983034 3
vertex 182.64882207939445 -59.332364516983034 3
endloop
endfacet
facet normal 0 0 1
outer loop
vertex 183.62000000000026 -59.62499999999998 3
vertex 182.64882207939445 -59.332364516983034 3
vertex 182.62000000000003 -59.62499999999998 3
endloop
endfacet
facet normal 0 0 1
outer loop
vertex 187.62 -59.62499999999998 3
vertex 187.59117792060556 -59.332364516983034 3
vertex 186.591177920606 -59.332364516983034 3
endloop
endfacet
facet normal 0 0 1
outer loop
vertex 187.62 -59.62499999999998 3
vertex 186.591177920606 -59.332364516983034 3
vertex 186.61999999999972 -59.62499999999998 3
endloop
endfacet
facet normal 0 0 1
outer loop
vertex 128.66664465046765 -59.497204418454636 3
vertex 128.4393398282401 -59.31066017179941 3
vertex 127.24586445165052 -59.31066017179941 3
endloop
endfacet
facet normal 0 0 1
outer loop
vertex 128.66664465046765 -59.497204418454636 3
vertex 127.24586445165052 -59.31066017179941 3
vertex 127.34557442883528 -59.497204418454636 3
endloop
endfacet
facet normal 0 0 1
outer loop
vertex 131.6544255711647 -59.497204418454636 3
vertex 131.75413554834947 -59.31066017179941 3
vertex 130.56066017175917 -59.31066017179941 3
endloop
endfacet
facet normal 0 0 1
outer loop
vertex 131.6544255711647 -59.497204418454636 3
vertex 130.56066017175917 -59.31066017179941 3
vertex 130.33335534952195 -59.497204418454636 3
endloop
endfacet
facet normal 0 0 1
outer loop
vertex 128.4393398282401 -59.31066017179941 3
vertex 128.25279558154108 -59.08335534951848 3
vertex 127.15288237506608 -59.08335534951848 3
endloop
endfacet
facet normal 0 0 1
outer loop
vertex 128.4393398282401 -59.31066017179941 3
vertex 127.15288237506608 -59.08335534951848 3
vertex 127.19030116872179 -59.20670858091278 3
endloop
endfacet
facet normal 0 0 1
outer loop
vertex 128.4393398282401 -59.31066017179941 3
vertex 127.19030116872179 -59.20670858091278 3
vertex 127.24586445165052 -59.31066017179941 3
endloop
endfacet
facet normal 0 0 1
outer loop
vertex 131.75413554834947 -59.31066017179941 3
vertex 131.80969883127818 -59.20670858091278 3
vertex 131.8471176249339 -59.08335534951848 3
endloop
endfacet
facet normal 0 0 1
outer loop
vertex 131.75413554834947 -59.31066017179941 3
vertex 131.8471176249339 -59.08335534951848 3
vertex 130.74720441847097 -59.08335534951848 3
endloop
endfacet
facet normal 0 0 1
outer loop
vertex 131.75413554834947 -59.31066017179941 3
vertex 130.74720441847097 -59.08335534951848 3
vertex 130.56066017175917 -59.31066017179941 3
endloop
endfacet
facet normal 0 0 1
outer loop
vertex 183.64882207939465 -59.332364516983034 3
vertex 183.73418070123367 -59.0509748514485 3
vertex 182.69421541864352 -59.0509748514485 3
endloop
endfacet
facet normal 0 0 1
outer loop
vertex 183.64882207939465 -59.332364516983034 3
vertex 182.69421541864352 -59.0509748514485 3
vertex 182.66803679899192 -59.1372741949596 3
endloop
endfacet
facet normal 0 0 1
outer loop
vertex 183.64882207939465 -59.332364516983034 3
vertex 182.66803679899192 -59.1372741949596 3
vertex 182.64882207939445 -59.332364516983034 3
endloop
endfacet
facet normal 0 0 1
outer loop
vertex 187.59117792060556 -59.332364516983034 3
vertex 187.5719632010081 -59.1372741949596 3
vertex 187.54578458135651 -59.0509748514485 3
endloop
endfacet
facet normal 0 0 1
outer loop
vertex 187.59117792060556 -59.332364516983034 3
vertex 187.54578458135651 -59.0509748514485 3
vertex 186.50581929876526 -59.0509748514485 3
endloop
endfacet
facet normal 0 0 1
outer loop
vertex 187.59117792060556 -59.332364516983034 3
vertex 186.50581929876526 -59.0509748514485 3
vertex 186.591177920606 -59.332364516983034 3
endloop
endfacet
facet normal 0 0 1
outer loop
vertex 128.25279558154108 -59.08335534951848 3
vertex 128.11418070123116 -58.82402514854269 3
vertex 127.07421541864088 -58.82402514854269 3
endloop
endfacet
facet normal 0 0 1
outer loop
vertex 128.25279558154108 -59.08335534951848 3
vertex 127.07421541864088 -58.82402514854269 3
vertex 127.15288237506608 -59.08335534951848 3
endloop
endfacet
facet normal 0 0 1
outer loop
vertex 131.8471176249339 -59.08335534951848 3
vertex 131.92578458135912 -58.82402514854269 3
vertex 130.88581929876736 -58.82402514854269 3
endloop
endfacet
facet normal 0 0 1
outer loop
vertex 131.8471176249339 -59.08335534951848 3
vertex 130.88581929876736 -58.82402514854269 3
vertex 130.74720441847097 -59.08335534951848 3
endloop
endfacet
facet normal 0 0 1
outer loop
vertex 183.73418070123367 -59.0509748514485 3
vertex 183.87279558154324 -58.791644650464335 3
vertex 182.77288237507133 -58.791644650464335 3
endloop
endfacet
facet normal 0 0 1
outer loop
vertex 183.73418070123367 -59.0509748514485 3
vertex 182.77288237507133 -58.791644650464335 3
vertex 182.69421541864352 -59.0509748514485 3
endloop
endfacet
facet normal 0 0 1
outer loop
vertex 187.54578458135651 -59.0509748514485 3
vertex 187.4671176249287 -58.791644650464335 3
vertex 186.36720441845085 -58.791644650464335 3
endloop
endfacet
facet normal 0 0 1
outer loop
vertex 187.54578458135651 -59.0509748514485 3
vertex 186.36720441845085 -58.791644650464335 3
vertex 186.50581929876526 -59.0509748514485 3
endloop
endfacet
facet normal 0 0 1
outer loop
vertex 183.87279558154324 -58.791644650464335 3
vertex 184.05933982822265 -58.56433982822415 3
vertex 182.865864451638 -58.56433982822415 3
endloop
endfacet
facet normal 0 0 1
outer loop
vertex 183.87279558154324 -58.791644650464335 3
vertex 182.865864451638 -58.56433982822415 3
vertex 182.8103011687218 -58.6682914190875 3
endloop
endfacet
facet normal 0 0 1
outer loop
vertex 183.87279558154324 -58.791644650464335 3
vertex 182.8103011687218 -58.6682914190875 3
vertex 182.77288237507133 -58.791644650464335 3
endloop
endfacet
facet normal 0 0 1
outer loop
vertex 187.4671176249287 -58.791644650464335 3
vertex 187.4296988312783 -58.6682914190875 3
vertex 187.37413554836203 -58.56433982822415 3
endloop
endfacet
facet normal 0 0 1
outer loop
vertex 187.4671176249287 -58.791644650464335 3
vertex 187.37413554836203 -58.56433982822415 3
vertex 186.18066017178526 -58.56433982822415 3
endloop
endfacet
facet normal 0 0 1
outer loop
vertex 187.4671176249287 -58.791644650464335 3
vertex 186.18066017178526 -58.56433982822415 3
vertex 186.36720441845085 -58.791644650464335 3
endloop
endfacet
facet normal 0 0 1
outer loop
vertex 128.11418070123116 -58.82402514854269 3
vertex 128.02882207939612 -58.54263548302869 3
vertex 127.02882207939561 -58.54263548302869 3
endloop
endfacet
facet normal 0 0 1
outer loop
vertex 128.11418070123116 -58.82402514854269 3
vertex 127.02882207939561 -58.54263548302869 3
vertex 127.04803679899194 -58.73772580504027 3
endloop
endfacet
facet normal 0 0 1
outer loop
vertex 128.11418070123116 -58.82402514854269 3
vertex 127.04803679899194 -58.73772580504027 3
vertex 127.07421541864088 -58.82402514854269 3
endloop
endfacet
facet normal 0 0 1
outer loop
vertex 131.92578458135912 -58.82402514854269 3
vertex 131.95196320100808 -58.73772580504027 3
vertex 131.97117792060442 -58.54263548302869 3
endloop
endfacet
facet normal 0 0 1
outer loop
vertex 131.92578458135912 -58.82402514854269 3
vertex 131.97117792060442 -58.54263548302869 3
vertex 130.97117792060416 -58.54263548302869 3
endloop
endfacet
facet normal 0 0 1
outer loop
vertex 131.92578458135912 -58.82402514854269 3
vertex 130.97117792060416 -58.54263548302869 3
vertex 130.88581929876736 -58.82402514854269 3
endloop
endfacet
facet normal 0 0 1
outer loop
vertex 184.05933982822265 -58.56433982822415 3
vertex 184.28664465047532 -58.37779558154418 3
vertex 182.96557442883594 -58.37779558154418 3
endloop
endfacet
facet normal 0 0 1
outer loop
vertex 184.05933982822265 -58.56433982822415 3
vertex 182.96557442883594 -58.37779558154418 3
vertex 182.865864451638 -58.56433982822415 3
endloop
endfacet
facet normal 0 0 1
outer loop
vertex 187.37413554836203 -58.56433982822415 3
vertex 187.27442557116404 -58.37779558154418 3
vertex 185.95335534952756 -58.37779558154418 3
endloop
endfacet
facet normal 0 0 1
outer loop
vertex 187.37413554836203 -58.56433982822415 3
vertex 185.95335534952756 -58.37779558154418 3
vertex 186.18066017178526 -58.56433982822415 3
endloop
endfacet
facet normal 0 0 1
outer loop
vertex 128.02882207939612 -58.54263548302869 3
vertex 128.00000000000009 -58.25000000000004 3
vertex 127 -58.25000000000004 3
endloop
endfacet
facet normal 0 0 1
outer loop
vertex 128.02882207939612 -58.54263548302869 3
vertex 127 -58.25000000000004 3
vertex 127.02882207939561 -58.54263548302869 3
endloop
endfacet
facet normal 0 0 1
outer loop
vertex 131.97117792060442 -58.54263548302869 3
vertex 132 -58.25000000000004 3
vertex 130.99999999999957 -58.25000000000004 3
endloop
endfacet
facet normal 0 0 1
outer loop
vertex 131.97117792060442 -58.54263548302869 3
vertex 130.99999999999957 -58.25000000000004 3
vertex 130.97117792060416 -58.54263548302869 3
endloop
endfacet
facet normal 0 0 1
outer loop
vertex 184.28664465047532 -58.37779558154418 3
vertex 184.54597485144873 -58.23918070122918 3
vertex 183.03966562597267 -58.23918070122918 3
endloop
endfacet
facet normal 0 0 1
outer loop
vertex 184.28664465047532 -58.37779558154418 3
vertex 183.03966562597267 -58.23918070122918 3
vertex 182.96557442883594 -58.37779558154418 3
endloop
endfacet
facet normal 0 0 1
outer loop
vertex 187.27442557116404 -58.37779558154418 3
vertex 187.2003343740272 -58.23918070122918 3
vertex 185.69402514854227 -58.23918070122918 3
endloop
endfacet
facet normal 0 0 1
outer loop
vertex 187.27442557116404 -58.37779558154418 3
vertex 185.69402514854227 -58.23918070122918 3
vertex 185.95335534952756 -58.37779558154418 3
endloop
endfacet
facet normal 0 0 1
outer loop
vertex 184.54597485144873 -58.23918070122918 3
vertex 184.82736451696917 -58.15382207939648 3
vertex 183.10882871858095 -58.15382207939648 3
endloop
endfacet
facet normal 0 0 1
outer loop
vertex 184.54597485144873 -58.23918070122918 3
vertex 183.10882871858095 -58.15382207939648 3
vertex 183.0413259692436 -58.23607441745087 3
endloop
endfacet
facet normal 0 0 1
outer loop
vertex 184.54597485144873 -58.23918070122918 3
vertex 183.0413259692436 -58.23607441745087 3
vertex 183.03966562597267 -58.23918070122918 3
endloop
endfacet
facet normal 0 0 1
outer loop
vertex 187.2003343740272 -58.23918070122918 3
vertex 187.19867403075625 -58.23607441745087 3
vertex 187.13117128141894 -58.15382207939648 3
endloop
endfacet
facet normal 0 0 1
outer loop
vertex 187.2003343740272 -58.23918070122918 3
vertex 187.13117128141894 -58.15382207939648 3
vertex 185.41263548303598 -58.15382207939648 3
endloop
endfacet
facet normal 0 0 1
outer loop
vertex 187.2003343740272 -58.23918070122918 3
vertex 185.41263548303598 -58.15382207939648 3
vertex 185.69402514854227 -58.23918070122918 3
endloop
endfacet
facet normal 0 0 1
outer loop
vertex 184.82736451696917 -58.15382207939648 3
vertex 185.1200000000049 -58.12500000000065 3
vertex 183.1324823878487 -58.12500000000065 3
endloop
endfacet
facet normal 0 0 1
outer loop
vertex 184.82736451696917 -58.15382207939648 3
vertex 183.1324823878487 -58.12500000000065 3
vertex 183.10882871858095 -58.15382207939648 3
endloop
endfacet
facet normal 0 0 1
outer loop
vertex 187.13117128141894 -58.15382207939648 3
vertex 187.1075176121512 -58.12500000000065 3
vertex 185.1200000000049 -58.12500000000065 3
endloop
endfacet
facet normal 0 0 1
outer loop
vertex 187.13117128141894 -58.15382207939648 3
vertex 185.1200000000049 -58.12500000000065 3
vertex 185.41263548303598 -58.15382207939648 3
endloop
endfacet
facet normal 0 0 1
outer loop
vertex 128.00000000000009 -58.25000000000004 3
vertex 128.02882207939456 -57.95736451697409 3
vertex 127.02882207939533 -57.95736451697409 3
endloop
endfacet
facet normal 0 0 1
outer loop
vertex 128.00000000000009 -58.25000000000004 3
vertex 127.02882207939533 -57.95736451697409 3
vertex 127 -58.25000000000004 3
endloop
endfacet
facet normal 0 0 1
outer loop
vertex 132 -58.25000000000004 3
vertex 131.97117792060467 -57.95736451697409 3
vertex 130.97117792060405 -57.95736451697409 3
endloop
endfacet
facet normal 0 0 1
outer loop
vertex 132 -58.25000000000004 3
vertex 130.97117792060405 -57.95736451697409 3
vertex 130.99999999999957 -58.25000000000004 3
endloop
endfacet
facet normal 0 0 1
outer loop
vertex 128.02882207939456 -57.95736451697409 3
vertex 128.11418070123355 -57.67597485145064 3
vertex 127.07421541864288 -57.67597485145064 3
endloop
endfacet
facet normal 0 0 1
outer loop
vertex 128.02882207939456 -57.95736451697409 3
vertex 127.07421541864288 -57.67597485145064 3
vertex 127.04803679899193 -57.76227419495964 3
endloop
endfacet
facet normal 0 0 1
outer loop
vertex 128.02882207939456 -57.95736451697409 3
vertex 127.04803679899193 -57.76227419495964 3
vertex 127.02882207939533 -57.95736451697409 3
endloop
endfacet
facet normal 0 0 1
outer loop
vertex 131.97117792060467 -57.95736451697409 3
vertex 131.95196320100808 -57.76227419495964 3
vertex 131.92578458135714 -57.67597485145064 3
endloop
endfacet
facet normal 0 0 1
outer loop
vertex 131.97117792060467 -57.95736451697409 3
vertex 131.92578458135714 -57.67597485145064 3
vertex 130.885819298766 -57.67597485145064 3
endloop
endfacet
facet normal 0 0 1
outer loop
vertex 131.97117792060467 -57.95736451697409 3
vertex 130.885819298766 -57.67597485145064 3
vertex 130.97117792060405 -57.95736451697409 3
endloop
endfacet
facet normal 0 0 1
outer loop
vertex 128.11418070123355 -57.67597485145064 3
vertex 128.25279558154523 -57.41664465046667 3
vertex 127.1528823750706 -57.41664465046667 3
endloop
endfacet
facet normal 0 0 1
outer loop
vertex 128.11418070123355 -57.67597485145064 3
vertex 127.1528823750706 -57.41664465046667 3
vertex 127.07421541864288 -57.67597485145064 3
endloop
endfacet
facet normal 0 0 1
outer loop
vertex 131.92578458135714 -57.67597485145064 3
vertex 131.8471176249294 -57.41664465046667 3
vertex 130.7472044184517 -57.41664465046667 3
endloop
endfacet
facet normal 0 0 1
outer loop
vertex 131.92578458135714 -57.67597485145064 3
vertex 130.7472044184517 -57.41664465046667 3
vertex 130.885819298766 -57.67597485145064 3
endloop
endfacet
facet normal 0 0 1
outer loop
vertex 128.25279558154523 -57.41664465046667 3
vertex 128.43933982822065 -57.189339828221904 3
vertex 127.24586445163916 -57.189339828221904 3
endloop
endfacet
facet normal 0 0 1
outer loop
vertex 128.25279558154523 -57.41664465046667 3
vertex 127.24586445163916 -57.189339828221904 3
vertex 127.19030116872183 -57.29329141908733 3
endloop
endfacet
facet normal 0 0 1
outer loop
vertex 128.25279558154523 -57.41664465046667 3
vertex 127.19030116872183 -57.29329141908733 3
vertex 127.1528823750706 -57.41664465046667 3
endloop
endfacet
facet normal 0 0 1
outer loop
vertex 131.8471176249294 -57.41664465046667 3
vertex 131.80969883127824 -57.29329141908733 3
vertex 131.75413554836086 -57.189339828221904 3
endloop
endfacet
facet normal 0 0 1
outer loop
vertex 131.8471176249294 -57.41664465046667 3
vertex 131.75413554836086 -57.189339828221904 3
vertex 130.56066017178236 -57.189339828221904 3
endloop
endfacet
facet normal 0 0 1
outer loop
vertex 131.8471176249294 -57.41664465046667 3
vertex 130.56066017178236 -57.189339828221904 3
vertex 130.7472044184517 -57.41664465046667 3
endloop
endfacet
facet normal 0 0 1
outer loop
vertex 185.1200000000049 -58.12500000000065 3
vertex 187.1075176121512 -58.12500000000065 3
vertex 186.8877669529664 -57.85723304703363 3
endloop
endfacet
facet normal 0 0 1
outer loop
vertex 185.1200000000049 -58.12500000000065 3
vertex 186.8877669529664 -57.85723304703363 3
vertex 186.508925582549 -57.54632596924364 3
endloop
endfacet
facet normal 0 0 1
outer loop
vertex 185.1200000000049 -58.12500000000065 3
vertex 186.508925582549 -57.54632596924364 3
vertex 186.07670858091277 -57.3153011687218 3
endloop
endfacet
facet normal 0 0 1
outer loop
vertex 185.1200000000049 -58.12500000000065 3
vertex 186.07670858091277 -57.3153011687218 3
vertex 185.6077258050403 -57.17303679899192 3
endloop
endfacet
facet normal 0 0 1
outer loop
vertex 185.1200000000049 -58.12500000000065 3
vertex 185.6077258050403 -57.17303679899192 3
vertex 185.11999999999995 -57.125 3
endloop
endfacet
facet normal 0 0 1
outer loop
vertex 185.1200000000049 -58.12500000000065 3
vertex 185.11999999999995 -57.125 3
vertex 184.63227419495968 -57.17303679899192 3
endloop
endfacet
facet normal 0 0 1
outer loop
vertex 185.1200000000049 -58.12500000000065 3
vertex 184.63227419495968 -57.17303679899192 3
vertex 184.16329141908727 -57.3153011687218 3
endloop
endfacet
facet normal 0 0 1
outer loop
vertex 185.1200000000049 -58.12500000000065 3
vertex 184.16329141908727 -57.3153011687218 3
vertex 183.731074417451 -57.54632596924364 3
endloop
endfacet
facet normal 0 0 1
outer loop
vertex 185.1200000000049 -58.12500000000065 3
vertex 183.731074417451 -57.54632596924364 3
vertex 183.3522330470338 -57.85723304703363 3
endloop
endfacet
facet normal 0 0 1
outer loop
vertex 185.1200000000049 -58.12500000000065 3
vertex 183.3522330470338 -57.85723304703363 3
vertex 183.1324823878487 -58.12500000000065 3
endloop
endfacet
facet normal 0 0 1
outer loop
vertex 128.43933982822065 -57.189339828221904 3
vertex 128.66664465046858 -57.002795581541854 3
vertex 127.34557442883715 -57.002795581541854 3
endloop
endfacet
facet normal 0 0 1
outer loop
vertex 128.43933982822065 -57.189339828221904 3
vertex 127.34557442883715 -57.002795581541854 3
vertex 127.24586445163916 -57.189339828221904 3
endloop
endfacet
facet normal 0 0 1
outer loop
vertex 131.75413554836086 -57.189339828221904 3
vertex 131.65442557116285 -57.002795581541854 3
vertex 130.33335534952454 -57.002795581541854 3
endloop
endfacet
facet normal 0 0 1
outer loop
vertex 131.75413554836086 -57.189339828221904 3
vertex 130.33335534952454 -57.002795581541854 3
vertex 130.56066017178236 -57.189339828221904 3
endloop
endfacet
facet normal 0 0 1
outer loop
vertex 128.66664465046858 -57.002795581541854 3
vertex 128.92597485145671 -56.864180701236776 3
vertex 127.41966562596866 -56.864180701236776 3
endloop
endfacet
facet normal 0 0 1
outer loop
vertex 128.66664465046858 -57.002795581541854 3
vertex 127.41966562596866 -56.864180701236776 3
vertex 127.34557442883715 -57.002795581541854 3
endloop
endfacet
facet normal 0 0 1
outer loop
vertex 131.65442557116285 -57.002795581541854 3
vertex 131.5803343740313 -56.864180701236776 3
vertex 130.0740251485578 -56.864180701236776 3
endloop
endfacet
facet normal 0 0 1
outer loop
vertex 131.65442557116285 -57.002795581541854 3
vertex 130.0740251485578 -56.864180701236776 3
vertex 130.33335534952454 -57.002795581541854 3
endloop
endfacet
facet normal 0 0 1
outer loop
vertex 128.92597485145671 -56.864180701236776 3
vertex 129.20736451697073 -56.77882207939502 3
vertex 127.48882871858221 -56.77882207939502 3
endloop
endfacet
facet normal 0 0 1
outer loop
vertex 128.92597485145671 -56.864180701236776 3
vertex 127.48882871858221 -56.77882207939502 3
vertex 127.42132596924357 -56.86107441745102 3
endloop
endfacet
facet normal 0 0 1
outer loop
vertex 128.92597485145671 -56.864180701236776 3
vertex 127.42132596924357 -56.86107441745102 3
vertex 127.41966562596866 -56.864180701236776 3
endloop
endfacet
facet normal 0 0 1
outer loop
vertex 131.5803343740313 -56.864180701236776 3
vertex 131.5786740307564 -56.86107441745102 3
vertex 131.51117128141777 -56.77882207939502 3
endloop
endfacet
facet normal 0 0 1
outer loop
vertex 131.5803343740313 -56.864180701236776 3
vertex 131.51117128141777 -56.77882207939502 3
vertex 129.79263548302168 -56.77882207939502 3
endloop
endfacet
facet normal 0 0 1
outer loop
vertex 131.5803343740313 -56.864180701236776 3
vertex 129.79263548302168 -56.77882207939502 3
vertex 130.0740251485578 -56.864180701236776 3
endloop
endfacet
facet normal 0 0 1
outer loop
vertex 129.20736451697073 -56.77882207939502 3
vertex 129.50000000000318 -56.750000000000426 3
vertex 127.51248238784895 -56.750000000000426 3
endloop
endfacet
facet normal 0 0 1
outer loop
vertex 129.20736451697073 -56.77882207939502 3
vertex 127.51248238784895 -56.750000000000426 3
vertex 127.48882871858221 -56.77882207939502 3
endloop
endfacet
facet normal 0 0 1
outer loop
vertex 131.51117128141777 -56.77882207939502 3
vertex 131.48751761215104 -56.750000000000426 3
vertex 129.50000000000318 -56.750000000000426 3
endloop
endfacet
facet normal 0 0 1
outer loop
vertex 131.51117128141777 -56.77882207939502 3
vertex 129.50000000000318 -56.750000000000426 3
vertex 129.79263548302168 -56.77882207939502 3
endloop
endfacet
facet normal 0 0 1
outer loop
vertex 129.50000000000318 -56.750000000000426 3
vertex 131.48751761215104 -56.750000000000426 3
vertex 131.26776695296638 -56.48223304703363 3
endloop
endfacet
facet normal 0 0 1
outer loop
vertex 129.50000000000318 -56.750000000000426 3
vertex 131.26776695296638 -56.48223304703363 3
vertex 130.888925582549 -56.17132596924363 3
endloop
endfacet
facet normal 0 0 1
outer loop
vertex 129.50000000000318 -56.750000000000426 3
vertex 130.888925582549 -56.17132596924363 3
vertex 130.45670858091276 -55.940301168721795 3
endloop
endfacet
facet normal 0 0 1
outer loop
vertex 129.50000000000318 -56.750000000000426 3
vertex 130.45670858091276 -55.940301168721795 3
vertex 129.9877258050403 -55.79803679899192 3
endloop
endfacet
facet normal 0 0 1
outer loop
vertex 129.50000000000318 -56.750000000000426 3
vertex 129.9877258050403 -55.79803679899192 3
vertex 129.49999999999997 -55.75 3
endloop
endfacet
facet normal 0 0 1
outer loop
vertex 129.50000000000318 -56.750000000000426 3
vertex 129.49999999999997 -55.75 3
vertex 129.0122741949596 -55.79803679899192 3
endloop
endfacet
facet normal 0 0 1
outer loop
vertex 129.50000000000318 -56.750000000000426 3
vertex 129.0122741949596 -55.79803679899192 3
vertex 128.5432914190874 -55.940301168721795 3
endloop
endfacet
facet normal 0 0 1
outer loop
vertex 129.50000000000318 -56.750000000000426 3
vertex 128.5432914190874 -55.940301168721795 3
vertex 128.1110744174509 -56.17132596924363 3
endloop
endfacet
facet normal 0 0 1
outer loop
vertex 129.50000000000318 -56.750000000000426 3
vertex 128.1110744174509 -56.17132596924363 3
vertex 127.73223304703367 -56.48223304703363 3
endloop
endfacet
facet normal 0 0 1
outer loop
vertex 129.50000000000318 -56.750000000000426 3
vertex 127.73223304703367 -56.48223304703363 3
vertex 127.51248238784895 -56.750000000000426 3
endloop
endfacet
facet normal 0 0 -1
outer loop
vertex 132 -58.25000000000004 3
vertex 131.97117792060442 -58.54263548302869 3
vertex 131.95196320100808 -58.73772580504027 3
endloop
endfacet
facet normal 0 0 -1
outer loop
vertex 132 -58.25000000000004 3
vertex 131.95196320100808 -58.73772580504027 3
vertex 131.95196320100808 -58.73772580504028 0
endloop
endfacet
facet normal 0 0 -1
outer loop
vertex 132 -58.25000000000004 3
vertex 131.95196320100808 -58.73772580504028 0
vertex 131.97117792060442 -58.54263548302866 0
endloop
endfacet
facet normal 0 0 -1
outer loop
vertex 132 -58.25000000000004 3
vertex 131.97117792060442 -58.54263548302866 0
vertex 132 -58.250000000000014 0
endloop
endfacet
facet normal 0 0 1
outer loop
vertex 131.95196320100808 -57.76227419495964 3
vertex 131.97117792060467 -57.95736451697409 3
vertex 132 -58.25000000000004 3
endloop
endfacet
facet normal 0 0 1
outer loop
vertex 131.95196320100808 -57.76227419495964 3
vertex 132 -58.25000000000004 3
vertex 132 -58.250000000000014 0
endloop
endfacet
facet normal 0 0 1
outer loop
vertex 131.95196320100808 -57.76227419495964 3
vertex 132 -58.250000000000014 0
vertex 131.9711779206047 -57.957364516974216 0
endloop
endfacet
facet normal 0 0 1
outer loop
vertex 131.95196320100808 -57.76227419495964 3
vertex 131.9711779206047 -57.957364516974216 0
vertex 131.95196320100808 -57.76227419495968 0
endloop
endfacet
facet normal 0 0 1
outer loop
vertex 131.80969883127824 -57.29329141908733 3
vertex 131.8471176249294 -57.41664465046667 3
vertex 131.92578458135714 -57.67597485145064 3
endloop
endfacet
facet normal 0 0 1
outer loop
vertex 131.80969883127824 -57.29329141908733 3
vertex 131.92578458135714 -57.67597485145064 3
vertex 131.95196320100808 -57.76227419495964 3
endloop
endfacet
facet normal 0 0 1
outer loop
vertex 131.80969883127824 -57.29329141908733 3
vertex 131.95196320100808 -57.76227419495964 3
vertex 131.95196320100808 -57.76227419495968 0
endloop
endfacet
facet normal 0 0 1
outer loop
vertex 131.80969883127824 -57.29329141908733 3
vertex 131.95196320100808 -57.76227419495968 0
vertex 131.9257845813571 -57.67597485145053 0
endloop
endfacet
facet normal 0 0 1
outer loop
vertex 131.80969883127824 -57.29329141908733 3
vertex 131.9257845813571 -57.67597485145053 0
vertex 131.84711762492944 -57.4166446504668 0
endloop
endfacet
facet normal 0 0 1
outer loop
vertex 131.80969883127824 -57.29329141908733 3
vertex 131.84711762492944 -57.4166446504668 0
vertex 131.8096988312782 -57.29329141908724 0
endloop
endfacet
facet normal 0 0 -1
outer loop
vertex 131.5786740307564 -56.86107441745102 3
vertex 131.5803343740313 -56.864180701236776 3
vertex 131.65442557116285 -57.002795581541854 3
endloop
endfacet
facet normal 0 0 -1
outer loop
vertex 131.5786740307564 -56.86107441745102 3
vertex 131.65442557116285 -57.002795581541854 3
vertex 131.75413554836086 -57.189339828221904 3
endloop
endfacet
facet normal 0 0 -1
outer loop
vertex 131.5786740307564 -56.86107441745102 3
vertex 131.75413554836086 -57.189339828221904 3
vertex 131.80969883127824 -57.29329141908733 3
endloop
endfacet
facet normal 0 0 -1
outer loop
vertex 131.5786740307564 -56.86107441745102 3
vertex 131.80969883127824 -57.29329141908733 3
vertex 131.8096988312782 -57.29329141908724 0
endloop
endfacet
facet normal 0 0 -1
outer loop
vertex 131.5786740307564 -56.86107441745102 3
vertex 131.8096988312782 -57.29329141908724 0
vertex 131.7541355483609 -57.18933982822189 0
endloop
endfacet
facet normal 0 0 -1
outer loop
vertex 131.5786740307564 -56.86107441745102 3
vertex 131.7541355483609 -57.18933982822189 0
vertex 131.65442557116285 -57.00279558154184 0
endloop
endfacet
facet normal 0 0 -1
outer loop
vertex 131.5786740307564 -56.86107441745102 3
vertex 131.65442557116285 -57.00279558154184 0
vertex 131.5803343740313 -56.86418070123678 0
endloop
endfacet
facet normal 0 0 -1
outer loop
vertex 131.5786740307564 -56.86107441745102 3
vertex 131.5803343740313 -56.86418070123678 0
vertex 131.57867403075642 -56.86107441745106 0
endloop
endfacet
facet normal 0 0 1
outer loop
vertex 131.26776695296638 -56.48223304703363 3
vertex 131.48751761215104 -56.750000000000426 3
vertex 131.51117128141777 -56.77882207939502 3
endloop
endfacet
facet normal 0 0 1
outer loop
vertex 131.26776695296638 -56.48223304703363 3
vertex 131.51117128141777 -56.77882207939502 3
vertex 131.5786740307564 -56.86107441745102 3
endloop
endfacet
facet normal 0 0 1
outer loop
vertex 131.26776695296638 -56.48223304703363 3
vertex 131.5786740307564 -56.86107441745102 3
vertex 131.57867403075642 -56.86107441745106 0
endloop
endfacet
facet normal 0 0 1
outer loop
vertex 131.26776695296638 -56.48223304703363 3
vertex 131.57867403075642 -56.86107441745106 0
vertex 131.51117128141775 -56.77882207939501 0
endloop
endfacet
facet normal 0 0 1
outer loop
vertex 131.26776695296638 -56.48223304703363 3
vertex 131.51117128141775 -56.77882207939501 0
vertex 131.48751761215104 -56.75000000000042 0
endloop
endfacet
facet normal 0 0 1
outer loop
vertex 131.26776695296638 -56.48223304703363 3
vertex 131.48751761215104 -56.75000000000042 0
vertex 131.26776695296638 -56.482233047033645 0
endloop
endfacet
facet normal 0.6343932841636208 0.7730104533627572 0
outer loop
vertex 130.888925582549 -56.17132596924363 3
vertex 131.26776695296638 -56.48223304703363 3
vertex 131.26776695296638 -56.482233047033645 0
endloop
endfacet
facet normal 0.6343932841636208 0.7730104533627572 0
outer loop
vertex 130.888925582549 -56.17132596924363 3
vertex 131.26776695296638 -56.482233047033645 0
vertex 130.88892558254895 -56.17132596924361 0
endloop
endfacet
facet normal 0.471396736826014 0.8819212643483463 0
outer loop
vertex 130.45670858091276 -55.940301168721795 3
vertex 130.888925582549 -56.17132596924363 3
vertex 130.88892558254895 -56.17132596924361 0
endloop
endfacet
facet normal 0.471396736826014 0.8819212643483463 0
outer loop
vertex 130.45670858091276 -55.940301168721795 3
vertex 130.88892558254895 -56.17132596924361 0
vertex 130.4567085809127 -55.940301168721774 0
endloop
endfacet
facet normal 0.2902846772544603 0.9569403357322095 0
outer loop
vertex 129.9877258050403 -55.79803679899192 3
vertex 130.45670858091276 -55.940301168721795 3
vertex 130.4567085809127 -55.940301168721774 0
endloop
endfacet
facet normal 0.2902846772544603 0.9569403357322095 0
outer loop
vertex 129.9877258050403 -55.79803679899192 3
vertex 130.4567085809127 -55.940301168721774 0
vertex 129.98772580504033 -55.79803679899192 0
endloop
endfacet
facet normal 0.09801714032955997 0.9951847266721969 0
outer loop
vertex 129.49999999999997 -55.75 3
vertex 129.9877258050403 -55.79803679899192 3
vertex 129.98772580504033 -55.79803679899192 0
endloop
endfacet
facet normal 0.09801714032955997 0.9951847266721969 0
outer loop
vertex 129.49999999999997 -55.75 3
vertex 129.98772580504033 -55.79803679899192 0
vertex 129.50000000000003 -55.75 0
endloop
endfacet
facet normal -0.09801714032955997 0.9951847266721969 0
outer loop
vertex 129.0122741949596 -55.79803679899192 3
vertex 129.49999999999997 -55.75 3
vertex 129.50000000000003 -55.75 0
endloop
endfacet
facet normal -0.09801714032955997 0.9951847266721969 0
outer loop
vertex 129.0122741949596 -55.79803679899192 3
vertex 129.50000000000003 -55.75 0
vertex 129.0122741949596 -55.79803679899192 0
endloop
endfacet
facet normal -0.2902846772544619 0.956940335732209 0
outer loop
vertex 128.5432914190874 -55.940301168721795 3
vertex 129.0122741949596 -55.79803679899192 3
vertex 129.0122741949596 -55.79803679899192 0
endloop
endfacet
facet normal -0.2902846772544619 0.956940335732209 0
outer loop
vertex 128.5432914190874 -55.940301168721795 3
vertex 129.0122741949596 -55.79803679899192 0
vertex 128.54329141908738 -55.940301168721774 0
endloop
endfacet
facet normal -0.4713967368260084 0.8819212643483493 0
outer loop
vertex 128.1110744174509 -56.17132596924363 3
vertex 128.5432914190874 -55.940301168721795 3
vertex 128.54329141908738 -55.940301168721774 0
endloop
endfacet
facet normal -0.4713967368260084 0.8819212643483493 0
outer loop
vertex 128.1110744174509 -56.17132596924363 3
vertex 128.54329141908738 -55.940301168721774 0
vertex 128.11107441745096 -56.17132596924361 0
endloop
endfacet
facet normal -0.6343932841636518 0.7730104533627319 0
outer loop
vertex 127.73223304703367 -56.48223304703363 3
vertex 128.1110744174509 -56.17132596924363 3
vertex 128.11107441745096 -56.17132596924361 0
endloop
endfacet
facet normal -0.6343932841636518 0.7730104533627319 0
outer loop
vertex 127.73223304703367 -56.48223304703363 3
vertex 128.11107441745096 -56.17132596924361 0
vertex 127.73223304703365 -56.482233047033645 0
endloop
endfacet
facet normal 0 0 -1
outer loop
vertex 127.42132596924357 -56.86107441745102 3
vertex 127.48882871858221 -56.77882207939502 3
vertex 127.51248238784895 -56.750000000000426 3
endloop
endfacet
facet normal 0 0 -1
outer loop
vertex 127.42132596924357 -56.86107441745102 3
vertex 127.51248238784895 -56.750000000000426 3
vertex 127.73223304703367 -56.48223304703363 3
endloop
endfacet
facet normal 0 0 -1
outer loop
vertex 127.42132596924357 -56.86107441745102 3
vertex 127.73223304703367 -56.48223304703363 3
vertex 127.73223304703365 -56.482233047033645 0
endloop
endfacet
facet normal 0 0 -1
outer loop
vertex 127.42132596924357 -56.86107441745102 3
vertex 127.73223304703365 -56.482233047033645 0
vertex 127.51248238784898 -56.75000000000042 0
endloop
endfacet
facet normal 0 0 -1
outer loop
vertex 127.42132596924357 -56.86107441745102 3
vertex 127.51248238784898 -56.75000000000042 0
vertex 127.48882871858225 -56.77882207939501 0
endloop
endfacet
facet normal 0 0 -1
outer loop
vertex 127.42132596924357 -56.86107441745102 3
vertex 127.48882871858225 -56.77882207939501 0
vertex 127.42132596924358 -56.86107441745106 0
endloop
endfacet
facet normal 0 0 -1
outer loop
vertex 127.19030116872183 -57.29329141908733 3
vertex 127.24586445163916 -57.189339828221904 3
vertex 127.34557442883715 -57.002795581541854 3
endloop
endfacet
facet normal 0 0 -1
outer loop
vertex 127.19030116872183 -57.29329141908733 3
vertex 127.34557442883715 -57.002795581541854 3
vertex 127.41966562596866 -56.864180701236776 3
endloop
endfacet
facet normal 0 0 -1
outer loop
vertex 127.19030116872183 -57.29329141908733 3
vertex 127.41966562596866 -56.864180701236776 3
vertex 127.42132596924357 -56.86107441745102 3
endloop
endfacet
facet normal 0 0 -1
outer loop
vertex 127.19030116872183 -57.29329141908733 3
vertex 127.42132596924357 -56.86107441745102 3
vertex 127.42132596924358 -56.86107441745106 0
endloop
endfacet
facet normal 0 0 -1
outer loop
vertex 127.19030116872183 -57.29329141908733 3
vertex 127.42132596924358 -56.86107441745106 0
vertex 127.41966562596869 -56.86418070123678 0
endloop
endfacet
facet normal 0 0 -1
outer loop
vertex 127.19030116872183 -57.29329141908733 3
vertex 127.41966562596869 -56.86418070123678 0
vertex 127.34557442883717 -57.00279558154184 0
endloop
endfacet
facet normal 0 0 -1
outer loop
vertex 127.19030116872183 -57.29329141908733 3
vertex 127.34557442883717 -57.00279558154184 0
vertex 127.24586445163914 -57.18933982822189 0
endloop
endfacet
facet normal 0 0 -1
outer loop
vertex 127.19030116872183 -57.29329141908733 3
vertex 127.24586445163914 -57.18933982822189 0
vertex 127.19030116872182 -57.29329141908724 0
endloop
endfacet
facet normal 0 0 -1
outer loop
vertex 127.04803679899193 -57.76227419495964 3
vertex 127.07421541864288 -57.67597485145064 3
vertex 127.1528823750706 -57.41664465046667 3
endloop
endfacet
facet normal 0 0 -1
outer loop
vertex 127.04803679899193 -57.76227419495964 3
vertex 127.1528823750706 -57.41664465046667 3
vertex 127.19030116872183 -57.29329141908733 3
endloop
endfacet
facet normal 0 0 -1
outer loop
vertex 127.04803679899193 -57.76227419495964 3
vertex 127.19030116872183 -57.29329141908733 3
vertex 127.19030116872182 -57.29329141908724 0
endloop
endfacet
facet normal 0 0 -1
outer loop
vertex 127.04803679899193 -57.76227419495964 3
vertex 127.19030116872182 -57.29329141908724 0
vertex 127.15288237507056 -57.4166446504668 0
endloop
endfacet
facet normal 0 0 -1
outer loop
vertex 127.04803679899193 -57.76227419495964 3
vertex 127.15288237507056 -57.4166446504668 0
vertex 127.07421541864291 -57.67597485145053 0
endloop
endfacet
facet normal 0 0 -1
outer loop
vertex 127.04803679899193 -57.76227419495964 3
vertex 127.07421541864291 -57.67597485145053 0
vertex 127.04803679899192 -57.76227419495968 0
endloop
endfacet
facet normal 0 0 -1
outer loop
vertex 127 -58.25000000000004 3
vertex 127.02882207939533 -57.95736451697409 3
vertex 127.04803679899193 -57.76227419495964 3
endloop
endfacet
facet normal 0 0 -1
outer loop
vertex 127 -58.25000000000004 3
vertex 127.04803679899193 -57.76227419495964 3
vertex 127.04803679899192 -57.76227419495968 0
endloop
endfacet
facet normal 0 0 -1
outer loop
vertex 127 -58.25000000000004 3
vertex 127.04803679899192 -57.76227419495968 0
vertex 127.02882207939531 -57.957364516974216 0
endloop
endfacet
facet normal 0 0 -1
outer loop
vertex 127 -58.25000000000004 3
vertex 127.02882207939531 -57.957364516974216 0
vertex 127 -58.250000000000014 0
endloop
endfacet
facet normal 0 0 -1
outer loop
vertex 127.04803679899194 -58.73772580504027 3
vertex 127.02882207939561 -58.54263548302869 3
vertex 127 -58.25000000000004 3
endloop
endfacet
facet normal 0 0 -1
outer loop
vertex 127.04803679899194 -58.73772580504027 3
vertex 127 -58.25000000000004 3
vertex 127 -58.250000000000014 0
endloop
endfacet
facet normal 0 0 -1
outer loop
vertex 127.04803679899194 -58.73772580504027 3
vertex 127 -58.250000000000014 0
vertex 127.02882207939561 -58.54263548302866 0
endloop
endfacet
facet normal 0 0 -1
outer loop
vertex 127.04803679899194 -58.73772580504027 3
vertex 127.02882207939561 -58.54263548302866 0
vertex 127.04803679899194 -58.73772580504028 0
endloop
endfacet
facet normal 0 0 -1
outer loop
vertex 127.19030116872179 -59.20670858091278 3
vertex 127.15288237506608 -59.08335534951848 3
vertex 127.07421541864088 -58.82402514854269 3
endloop
endfacet
facet normal 0 0 -1
outer loop
vertex 127.19030116872179 -59.20670858091278 3
vertex 127.07421541864088 -58.82402514854269 3
vertex 127.04803679899194 -58.73772580504027 3
endloop
endfacet
facet normal 0 0 -1
outer loop
vertex 127.19030116872179 -59.20670858091278 3
vertex 127.04803679899194 -58.73772580504027 3
vertex 127.04803679899194 -58.73772580504028 0
endloop
endfacet
facet normal 0 0 -1
outer loop
vertex 127.19030116872179 -59.20670858091278 3
vertex 127.04803679899194 -58.73772580504028 0
vertex 127.07421541864086 -58.82402514854265 0
endloop
endfacet
facet normal 0 0 -1
outer loop
vertex 127.19030116872179 -59.20670858091278 3
vertex 127.07421541864086 -58.82402514854265 0
vertex 127.1528823750661 -59.08335534951856 0
endloop
endfacet
facet normal 0 0 -1
outer loop
vertex 127.19030116872179 -59.20670858091278 3
vertex 127.1528823750661 -59.08335534951856 0
vertex 127.19030116872177 -59.20670858091278 0
endloop
endfacet
facet normal 0 0 1
outer loop
vertex 127.42132596924364 -59.638925582549035 3
vertex 127.41966562596943 -59.63581929876458 3
vertex 127.34557442883528 -59.497204418454636 3
endloop
endfacet
facet normal 0 0 1
outer loop
vertex 127.42132596924364 -59.638925582549035 3
vertex 127.34557442883528 -59.497204418454636 3
vertex 127.24586445165052 -59.31066017179941 3
endloop
endfacet
facet normal 0 0 1
outer loop
vertex 127.42132596924364 -59.638925582549035 3
vertex 127.24586445165052 -59.31066017179941 3
vertex 127.19030116872179 -59.20670858091278 3
endloop
endfacet
facet normal 0 0 1
outer loop
vertex 127.42132596924364 -59.638925582549035 3
vertex 127.19030116872179 -59.20670858091278 3
vertex 127.19030116872177 -59.20670858091278 0
endloop
endfacet
facet normal 0 0 1
outer loop
vertex 127.42132596924364 -59.638925582549035 3
vertex 127.19030116872177 -59.20670858091278 0
vertex 127.24586445165058 -59.310660171799476 0
endloop
endfacet
facet normal 0 0 1
outer loop
vertex 127.42132596924364 -59.638925582549035 3
vertex 127.24586445165058 -59.310660171799476 0
vertex 127.34557442883539 -59.49720441845467 0
endloop
endfacet
facet normal 0 0 1
outer loop
vertex 127.42132596924364 -59.638925582549035 3
vertex 127.34557442883539 -59.49720441845467 0
vertex 127.41966562596957 -59.635819298764574 0
endloop
endfacet
facet normal 0 0 1
outer loop
vertex 127.42132596924364 -59.638925582549035 3
vertex 127.41966562596957 -59.635819298764574 0
vertex 127.4213259692437 -59.63892558254887 0
endloop
endfacet
facet normal 0 0 1
outer loop
vertex 127.73223304703362 -60.01776695296642 3
vertex 127.51248238784963 -59.75000000000039 3
vertex 127.48882871858255 -59.72117792060537 3
endloop
endfacet
facet normal 0 0 1
outer loop
vertex 127.73223304703362 -60.01776695296642 3
vertex 127.48882871858255 -59.72117792060537 3
vertex 127.42132596924364 -59.638925582549035 3
endloop
endfacet
facet normal 0 0 1
outer loop
vertex 127.73223304703362 -60.01776695296642 3
vertex 127.42132596924364 -59.638925582549035 3
vertex 127.4213259692437 -59.63892558254887 0
endloop
endfacet
facet normal 0 0 1
outer loop
vertex 127.73223304703362 -60.01776695296642 3
vertex 127.4213259692437 -59.63892558254887 0
vertex 127.48882871858258 -59.72117792060537 0
endloop
endfacet
facet normal 0 0 1
outer loop
vertex 127.73223304703362 -60.01776695296642 3
vertex 127.48882871858258 -59.72117792060537 0
vertex 127.51248238784963 -59.750000000000384 0
endloop
endfacet
facet normal 0 0 1
outer loop
vertex 127.73223304703362 -60.01776695296642 3
vertex 127.51248238784963 -59.750000000000384 0
vertex 127.73223304703363 -60.017766952966376 0
endloop
endfacet
facet normal -0.6343932841636287 -0.7730104533627509 0
outer loop
vertex 128.111074417451 -60.328674030756304 3
vertex 127.73223304703362 -60.01776695296642 3
vertex 127.73223304703363 -60.017766952966376 0
endloop
endfacet
facet normal -0.6343932841636287 -0.7730104533627509 0
outer loop
vertex 128.111074417451 -60.328674030756304 3
vertex 127.73223304703363 -60.017766952966376 0
vertex 128.111074417451 -60.328674030756396 0
endloop
endfacet
facet normal -0.4713967368260139 -0.8819212643483465 0
outer loop
vertex 128.54329141908724 -60.559698831278205 3
vertex 128.111074417451 -60.328674030756304 3
vertex 128.111074417451 -60.328674030756396 0
endloop
endfacet
facet normal -0.4713967368260139 -0.8819212643483465 0
outer loop
vertex 128.54329141908724 -60.559698831278205 3
vertex 128.111074417451 -60.328674030756396 0
vertex 128.54329141908724 -60.55969883127821 0
endloop
endfacet
facet normal -0.2902846772544479 -0.9569403357322133 0
outer loop
vertex 129.0122741949597 -60.70196320100808 3
vertex 128.54329141908724 -60.559698831278205 3
vertex 128.54329141908724 -60.55969883127821 0
endloop
endfacet
facet normal -0.2902846772544479 -0.9569403357322133 0
outer loop
vertex 129.0122741949597 -60.70196320100808 3
vertex 128.54329141908724 -60.55969883127821 0
vertex 129.01227419495967 -60.701963201008084 0
endloop
endfacet
facet normal -0.09801714032957415 -0.9951847266721956 0
outer loop
vertex 129.49999999999997 -60.74999999999999 3
vertex 129.0122741949597 -60.70196320100808 3
vertex 129.01227419495967 -60.701963201008084 0
endloop
endfacet
facet normal -0.09801714032957415 -0.9951847266721956 0
outer loop
vertex 129.49999999999997 -60.74999999999999 3
vertex 129.01227419495967 -60.701963201008084 0
vertex 129.49999999999991 -60.75 0
endloop
endfacet
facet normal 0.09801714032955997 -0.9951847266721969 0
outer loop
vertex 129.98772580504036 -60.70196320100808 3
vertex 129.49999999999997 -60.74999999999999 3
vertex 129.49999999999991 -60.75 0
endloop
endfacet
facet normal 0.09801714032955997 -0.9951847266721969 0
outer loop
vertex 129.98772580504036 -60.70196320100808 3
vertex 129.49999999999991 -60.75 0
vertex 129.98772580504036 -60.701963201008084 0
endloop
endfacet
facet normal 0.2902846772544629 -0.9569403357322087 0
outer loop
vertex 130.45670858091273 -60.559698831278205 3
vertex 129.98772580504036 -60.70196320100808 3
vertex 129.98772580504036 -60.701963201008084 0
endloop
endfacet
facet normal 0.2902846772544629 -0.9569403357322087 0
outer loop
vertex 130.45670858091273 -60.559698831278205 3
vertex 129.98772580504036 -60.701963201008084 0
vertex 130.4567085809127 -60.55969883127821 0
endloop
endfacet
facet normal 0.47139673682600836 -0.8819212643483493 0
outer loop
vertex 130.8889255825491 -60.328674030756304 3
vertex 130.45670858091273 -60.559698831278205 3
vertex 130.4567085809127 -60.55969883127821 0
endloop
endfacet
facet normal 0.47139673682600836 -0.8819212643483493 0
outer loop
vertex 130.8889255825491 -60.328674030756304 3
vertex 130.4567085809127 -60.55969883127821 0
vertex 130.88892558254895 -60.328674030756396 0
endloop
endfacet
facet normal 0.6343932841636518 -0.7730104533627318 0
outer loop
vertex 131.2677669529663 -60.01776695296642 3
vertex 130.8889255825491 -60.328674030756304 3
vertex 130.88892558254895 -60.328674030756396 0
endloop
endfacet
facet normal 0.6343932841636518 -0.7730104533627318 0
outer loop
vertex 131.2677669529663 -60.01776695296642 3
vertex 130.88892558254895 -60.328674030756396 0
vertex 131.26776695296633 -60.017766952966376 0
endloop
endfacet
facet normal 0 0 -1
outer loop
vertex 131.57867403075633 -59.638925582549035 3
vertex 131.51117128141743 -59.72117792060537 3
vertex 131.48751761215036 -59.75000000000039 3
endloop
endfacet
facet normal 0 0 -1
outer loop
vertex 131.57867403075633 -59.638925582549035 3
vertex 131.48751761215036 -59.75000000000039 3
vertex 131.2677669529663 -60.01776695296642 3
endloop
endfacet
facet normal 0 0 -1
outer loop
vertex 131.57867403075633 -59.638925582549035 3
vertex 131.2677669529663 -60.01776695296642 3
vertex 131.26776695296633 -60.017766952966376 0
endloop
endfacet
facet normal 0 0 -1
outer loop
vertex 131.57867403075633 -59.638925582549035 3
vertex 131.26776695296633 -60.017766952966376 0
vertex 131.48751761215033 -59.750000000000384 0
endloop
endfacet
facet normal 0 0 -1
outer loop
vertex 131.57867403075633 -59.638925582549035 3
vertex 131.48751761215033 -59.750000000000384 0
vertex 131.5111712814174 -59.72117792060537 0
endloop
endfacet
facet normal 0 0 -1
outer loop
vertex 131.57867403075633 -59.638925582549035 3
vertex 131.5111712814174 -59.72117792060537 0
vertex 131.57867403075645 -59.63892558254887 0
endloop
endfacet
facet normal 0 0 1
outer loop
vertex 131.80969883127818 -59.20670858091278 3
vertex 131.75413554834947 -59.31066017179941 3
vertex 131.6544255711647 -59.497204418454636 3
endloop
endfacet
facet normal 0 0 1
outer loop
vertex 131.80969883127818 -59.20670858091278 3
vertex 131.6544255711647 -59.497204418454636 3
vertex 131.58033437403054 -59.63581929876458 3
endloop
endfacet
facet normal 0 0 1
outer loop
vertex 131.80969883127818 -59.20670858091278 3
vertex 131.58033437403054 -59.63581929876458 3
vertex 131.57867403075633 -59.638925582549035 3
endloop
endfacet
facet normal 0 0 1
outer loop
vertex 131.80969883127818 -59.20670858091278 3
vertex 131.57867403075633 -59.638925582549035 3
vertex 131.57867403075645 -59.63892558254887 0
endloop
endfacet
facet normal 0 0 1
outer loop
vertex 131.80969883127818 -59.20670858091278 3
vertex 131.57867403075645 -59.63892558254887 0
vertex 131.58033437403057 -59.635819298764574 0
endloop
endfacet
facet normal 0 0 1
outer loop
vertex 131.80969883127818 -59.20670858091278 3
vertex 131.58033437403057 -59.635819298764574 0
vertex 131.6544255711647 -59.49720441845467 0
endloop
endfacet
facet normal 0 0 1
outer loop
vertex 131.80969883127818 -59.20670858091278 3
vertex 131.6544255711647 -59.49720441845467 0
vertex 131.75413554834944 -59.310660171799476 0
endloop
endfacet
facet normal 0 0 1
outer loop
vertex 131.80969883127818 -59.20670858091278 3
vertex 131.75413554834944 -59.310660171799476 0
vertex 131.80969883127818 -59.20670858091278 0
endloop
endfacet
facet normal 0 0 1
outer loop
vertex 131.95196320100808 -58.73772580504027 3
vertex 131.92578458135912 -58.82402514854269 3
vertex 131.8471176249339 -59.08335534951848 3
endloop
endfacet
facet normal 0 0 1
outer loop
vertex 131.95196320100808 -58.73772580504027 3
vertex 131.8471176249339 -59.08335534951848 3
vertex 131.80969883127818 -59.20670858091278 3
endloop
endfacet
facet normal 0 0 1
outer loop
vertex 131.95196320100808 -58.73772580504027 3
vertex 131.80969883127818 -59.20670858091278 3
vertex 131.80969883127818 -59.20670858091278 0
endloop
endfacet
facet normal 0 0 1
outer loop
vertex 131.95196320100808 -58.73772580504027 3
vertex 131.80969883127818 -59.20670858091278 0
vertex 131.84711762493387 -59.08335534951856 0
endloop
endfacet
facet normal 0 0 1
outer loop
vertex 131.95196320100808 -58.73772580504027 3
vertex 131.84711762493387 -59.08335534951856 0
vertex 131.92578458135915 -58.82402514854265 0
endloop
endfacet
facet normal 0 0 1
outer loop
vertex 131.95196320100808 -58.73772580504027 3
vertex 131.92578458135915 -58.82402514854265 0
vertex 131.95196320100808 -58.73772580504028 0
endloop
endfacet
facet normal 0 0 -1
outer loop
vertex 131 -110.4999999999999 3
vertex 130.971177920605 -110.79263548302269 3
vertex 130.95196320100806 -110.98772580504045 3
endloop
endfacet
facet normal 0 0 -1
outer loop
vertex 131 -110.4999999999999 3
vertex 130.95196320100806 -110.98772580504045 3
vertex 130.95196320100806 -110.98772580504041 0
endloop
endfacet
facet normal 0 0 -1
outer loop
vertex 131 -110.4999999999999 3
vertex 130.95196320100806 -110.98772580504041 0
vertex 130.971177920605 -110.7926354830227 0
endloop
endfacet
facet normal 0 0 -1
outer loop
vertex 131 -110.4999999999999 3
vertex 130.971177920605 -110.7926354830227 0
vertex 131 -110.49999999999996 0
endloop
endfacet
facet normal 0 0 -1
outer loop
vertex 130.9519632010081 -110.01227419495982 3
vertex 130.9711779206047 -110.20736451697405 3
vertex 131 -110.4999999999999 3
endloop
endfacet
facet normal 0 0 -1
outer loop
vertex 130.9519632010081 -110.01227419495982 3
vertex 131 -110.4999999999999 3
vertex 131 -110.49999999999996 0
endloop
endfacet
facet normal 0 0 -1
outer loop
vertex 130.9519632010081 -110.01227419495982 3
vertex 131 -110.49999999999996 0
vertex 130.9711779206047 -110.20736451697404 0
endloop
endfacet
facet normal 0 0 -1
outer loop
vertex 130.9519632010081 -110.01227419495982 3
vertex 130.9711779206047 -110.20736451697404 0
vertex 130.9519632010081 -110.01227419495966 0
endloop
endfacet
facet normal 0 0 1
outer loop
vertex 130.8096988312782 -109.5432914190873 3
vertex 130.84711762493046 -109.66664465047023 3
vertex 130.92578458136026 -109.92597485146102 3
endloop
endfacet
facet normal 0 0 1
outer loop
vertex 130.8096988312782 -109.5432914190873 3
vertex 130.92578458136026 -109.92597485146102 3
vertex 130.9519632010081 -110.01227419495982 3
endloop
endfacet
facet normal 0 0 1
outer loop
vertex 130.8096988312782 -109.5432914190873 3
vertex 130.9519632010081 -110.01227419495982 3
vertex 130.9519632010081 -110.01227419495966 0
endloop
endfacet
facet normal 0 0 1
outer loop
vertex 130.8096988312782 -109.5432914190873 3
vertex 130.9519632010081 -110.01227419495966 0
vertex 130.92578458136026 -109.92597485146091 0
endloop
endfacet
facet normal 0 0 1
outer loop
vertex 130.8096988312782 -109.5432914190873 3
vertex 130.92578458136026 -109.92597485146091 0
vertex 130.8471176249305 -109.66664465047033 0
endloop
endfacet
facet normal 0 0 1
outer loop
vertex 130.8096988312782 -109.5432914190873 3
vertex 130.8471176249305 -109.66664465047033 0
vertex 130.8096988312782 -109.5432914190874 0
endloop
endfacet
facet normal 0 0 1
outer loop
vertex 130.57867403075633 -109.1110744174509 3
vertex 130.58033437402878 -109.11418070123204 3
vertex 130.65442557116913 -109.25279558155358 3
endloop
endfacet
facet normal 0 0 1
outer loop
vertex 130.57867403075633 -109.1110744174509 3
vertex 130.65442557116913 -109.25279558155358 3
vertex 130.75413554835526 -109.43933982821142 3
endloop
endfacet
facet normal 0 0 1
outer loop
vertex 130.57867403075633 -109.1110744174509 3
vertex 130.75413554835526 -109.43933982821142 3
vertex 130.8096988312782 -109.5432914190873 3
endloop
endfacet
facet normal 0 0 1
outer loop
vertex 130.57867403075633 -109.1110744174509 3
vertex 130.8096988312782 -109.5432914190873 3
vertex 130.8096988312782 -109.5432914190874 0
endloop
endfacet
facet normal 0 0 1
outer loop
vertex 130.57867403075633 -109.1110744174509 3
vertex 130.8096988312782 -109.5432914190874 0
vertex 130.75413554835518 -109.43933982821135 0
endloop
endfacet
facet normal 0 0 1
outer loop
vertex 130.57867403075633 -109.1110744174509 3
vertex 130.75413554835518 -109.43933982821135 0
vertex 130.6544255711691 -109.2527955815536 0
endloop
endfacet
facet normal 0 0 1
outer loop
vertex 130.57867403075633 -109.1110744174509 3
vertex 130.6544255711691 -109.2527955815536 0
vertex 130.58033437402875 -109.11418070123202 0
endloop
endfacet
facet normal 0 0 1
outer loop
vertex 130.57867403075633 -109.1110744174509 3
vertex 130.58033437402875 -109.11418070123202 0
vertex 130.57867403075636 -109.111074417451 0
endloop
endfacet
facet normal 0 0 -1
outer loop
vertex 130.26776695296644 -108.73223304703372 3
vertex 130.48751761215038 -108.99999999999957 3
vertex 130.5111712814158 -109.02882207939261 3
endloop
endfacet
facet normal 0 0 -1
outer loop
vertex 130.26776695296644 -108.73223304703372 3
vertex 130.5111712814158 -109.02882207939261 3
vertex 130.57867403075633 -109.1110744174509 3
endloop
endfacet
facet normal 0 0 -1
outer loop
vertex 130.26776695296644 -108.73223304703372 3
vertex 130.57867403075633 -109.1110744174509 3
vertex 130.57867403075636 -109.111074417451 0
endloop
endfacet
facet normal 0 0 -1
outer loop
vertex 130.26776695296644 -108.73223304703372 3
vertex 130.57867403075636 -109.111074417451 0
vertex 130.5111712814158 -109.02882207939263 0
endloop
endfacet
facet normal 0 0 -1
outer loop
vertex 130.26776695296644 -108.73223304703372 3
vertex 130.5111712814158 -109.02882207939263 0
vertex 130.48751761215038 -108.99999999999957 0
endloop
endfacet
facet normal 0 0 -1
outer loop
vertex 130.26776695296644 -108.73223304703372 3
vertex 130.48751761215038 -108.99999999999957 0
vertex 130.26776695296647 -108.73223304703357 0
endloop
endfacet
facet normal 0.6343932841636379 0.7730104533627433 0
outer loop
vertex 129.88892558254898 -108.42132596924363 3
vertex 130.26776695296644 -108.73223304703372 3
vertex 130.26776695296647 -108.73223304703357 0
endloop
endfacet
facet normal 0.6343932841636379 0.7730104533627433 0
outer loop
vertex 129.88892558254898 -108.42132596924363 3
vertex 130.26776695296647 -108.73223304703357 0
vertex 129.88892558254892 -108.4213259692436 0
endloop
endfacet
facet normal 0.4713967368259909 0.8819212643483587 0
outer loop
vertex 129.45670858091265 -108.19030116872173 3
vertex 129.88892558254898 -108.42132596924363 3
vertex 129.88892558254892 -108.4213259692436 0
endloop
endfacet
facet normal 0.4713967368259909 0.8819212643483587 0
outer loop
vertex 129.45670858091265 -108.19030116872173 3
vertex 129.88892558254892 -108.4213259692436 0
vertex 129.45670858091268 -108.19030116872176 0
endloop
endfacet
facet normal 0.29028467725447593 0.9569403357322048 0
outer loop
vertex 128.98772580504038 -108.04803679899192 3
vertex 129.45670858091265 -108.19030116872173 3
vertex 129.45670858091268 -108.19030116872176 0
endloop
endfacet
facet normal 0.29028467725447593 0.9569403357322048 0
outer loop
vertex 128.98772580504038 -108.04803679899192 3
vertex 129.45670858091268 -108.19030116872176 0
vertex 128.98772580504033 -108.04803679899192 0
endloop
endfacet
facet normal 0.09801714032957415 0.9951847266721956 0
outer loop
vertex 128.50000000000006 -108 3
vertex 128.98772580504038 -108.04803679899192 3
vertex 128.98772580504033 -108.04803679899192 0
endloop
endfacet
facet normal 0.09801714032957415 0.9951847266721956 0
outer loop
vertex 128.50000000000006 -108 3
vertex 128.98772580504033 -108.04803679899192 0
vertex 128.50000000000009 -108 0
endloop
endfacet
facet normal -0.09801714032957415 0.9951847266721956 0
outer loop
vertex 128.01227419495962 -108.04803679899192 3
vertex 128.50000000000006 -108 3
vertex 128.50000000000009 -108 0
endloop
endfacet
facet normal -0.09801714032957415 0.9951847266721956 0
outer loop
vertex 128.01227419495962 -108.04803679899192 3
vertex 128.50000000000009 -108 0
vertex 128.01227419495962 -108.04803679899192 0
endloop
endfacet
facet normal -0.29028467725447593 0.9569403357322048 0
outer loop
vertex 127.54329141908732 -108.19030116872173 3
vertex 128.01227419495962 -108.04803679899192 3
vertex 128.01227419495962 -108.04803679899192 0
endloop
endfacet
facet normal -0.29028467725447593 0.9569403357322048 0
outer loop
vertex 127.54329141908732 -108.19030116872173 3
vertex 128.01227419495962 -108.04803679899192 0
vertex 127.54329141908737 -108.19030116872176 0
endloop
endfacet
facet normal -0.4713967368259914 0.8819212643483584 0
outer loop
vertex 127.11107441745098 -108.42132596924363 3
vertex 127.54329141908732 -108.19030116872173 3
vertex 127.54329141908737 -108.19030116872176 0
endloop
endfacet
facet normal -0.4713967368259914 0.8819212643483584 0
outer loop
vertex 127.11107441745098 -108.42132596924363 3
vertex 127.54329141908737 -108.19030116872176 0
vertex 127.11107441745084 -108.4213259692436 0
endloop
endfacet
facet normal -0.6343932841636518 0.7730104533627319 0
outer loop
vertex 126.73223304703355 -108.73223304703372 3
vertex 127.11107441745098 -108.42132596924363 3
vertex 127.11107441745084 -108.4213259692436 0
endloop
endfacet
facet normal -0.6343932841636518 0.7730104533627319 0
outer loop
vertex 126.73223304703355 -108.73223304703372 3
vertex 127.11107441745084 -108.4213259692436 0
vertex 126.7322330470337 -108.73223304703357 0
endloop
endfacet
facet normal 0 0 1
outer loop
vertex 126.42132596924371 -109.1110744174509 3
vertex 126.48882871858422 -109.02882207939261 3
vertex 126.51248238784966 -108.99999999999957 3
endloop
endfacet
facet normal 0 0 1
outer loop
vertex 126.42132596924371 -109.1110744174509 3
vertex 126.51248238784966 -108.99999999999957 3
vertex 126.73223304703355 -108.73223304703372 3
endloop
endfacet
facet normal 0 0 1
outer loop
vertex 126.42132596924371 -109.1110744174509 3
vertex 126.73223304703355 -108.73223304703372 3
vertex 126.7322330470337 -108.73223304703357 0
endloop
endfacet
facet normal 0 0 1
outer loop
vertex 126.42132596924371 -109.1110744174509 3
vertex 126.7322330470337 -108.73223304703357 0
vertex 126.5124823878497 -108.99999999999957 0
endloop
endfacet
facet normal 0 0 1
outer loop
vertex 126.42132596924371 -109.1110744174509 3
vertex 126.5124823878497 -108.99999999999957 0
vertex 126.48882871858424 -109.02882207939263 0
endloop
endfacet
facet normal 0 0 1
outer loop
vertex 126.42132596924371 -109.1110744174509 3
vertex 126.48882871858424 -109.02882207939263 0
vertex 126.42132596924367 -109.111074417451 0
endloop
endfacet
facet normal 0 0 1
outer loop
vertex 126.1903011687218 -109.5432914190873 3
vertex 126.24586445164476 -109.43933982821142 3
vertex 126.34557442883091 -109.25279558155358 3
endloop
endfacet
facet normal 0 0 1
outer loop
vertex 126.1903011687218 -109.5432914190873 3
vertex 126.34557442883091 -109.25279558155358 3
vertex 126.41966562597126 -109.11418070123204 3
endloop
endfacet
facet normal 0 0 1
outer loop
vertex 126.1903011687218 -109.5432914190873 3
vertex 126.41966562597126 -109.11418070123204 3
vertex 126.42132596924371 -109.1110744174509 3
endloop
endfacet
facet normal 0 0 1
outer loop
vertex 126.1903011687218 -109.5432914190873 3
vertex 126.42132596924371 -109.1110744174509 3
vertex 126.42132596924367 -109.111074417451 0
endloop
endfacet
facet normal 0 0 1
outer loop
vertex 126.1903011687218 -109.5432914190873 3
vertex 126.42132596924367 -109.111074417451 0
vertex 126.41966562597129 -109.11418070123202 0
endloop
endfacet
facet normal 0 0 1
outer loop
vertex 126.1903011687218 -109.5432914190873 3
vertex 126.41966562597129 -109.11418070123202 0
vertex 126.34557442883091 -109.2527955815536 0
endloop
endfacet
facet normal 0 0 1
outer loop
vertex 126.1903011687218 -109.5432914190873 3
vertex 126.34557442883091 -109.2527955815536 0
vertex 126.24586445164479 -109.43933982821135 0
endloop
endfacet
facet normal 0 0 1
outer loop
vertex 126.1903011687218 -109.5432914190873 3
vertex 126.24586445164479 -109.43933982821135 0
vertex 126.19030116872175 -109.5432914190874 0
endloop
endfacet
facet normal 0 0 -1
outer loop
vertex 126.0480367989919 -110.01227419495982 3
vertex 126.07421541863975 -109.92597485146102 3
vertex 126.15288237506954 -109.66664465047023 3
endloop
endfacet
facet normal 0 0 -1
outer loop
vertex 126.0480367989919 -110.01227419495982 3
vertex 126.15288237506954 -109.66664465047023 3
vertex 126.1903011687218 -109.5432914190873 3
endloop
endfacet
facet normal 0 0 -1
outer loop
vertex 126.0480367989919 -110.01227419495982 3
vertex 126.1903011687218 -109.5432914190873 3
vertex 126.19030116872175 -109.5432914190874 0
endloop
endfacet
facet normal 0 0 -1
outer loop
vertex 126.0480367989919 -110.01227419495982 3
vertex 126.19030116872175 -109.5432914190874 0
vertex 126.15288237506948 -109.66664465047033 0
endloop
endfacet
facet normal 0 0 -1
outer loop
vertex 126.0480367989919 -110.01227419495982 3
vertex 126.15288237506948 -109.66664465047033 0
vertex 126.07421541863977 -109.92597485146091 0
endloop
endfacet
facet normal 0 0 -1
outer loop
vertex 126.0480367989919 -110.01227419495982 3
vertex 126.07421541863977 -109.92597485146091 0
vertex 126.04803679899193 -110.01227419495966 0
endloop
endfacet
facet normal 0 0 -1
outer loop
vertex 126 -110.4999999999999 3
vertex 126.02882207939531 -110.20736451697405 3
vertex 126.0480367989919 -110.01227419495982 3
endloop
endfacet
facet normal 0 0 -1
outer loop
vertex 126 -110.4999999999999 3
vertex 126.0480367989919 -110.01227419495982 3
vertex 126.04803679899193 -110.01227419495966 0
endloop
endfacet
facet normal 0 0 -1
outer loop
vertex 126 -110.4999999999999 3
vertex 126.04803679899193 -110.01227419495966 0
vertex 126.02882207939533 -110.20736451697404 0
endloop
endfacet
facet normal 0 0 -1
outer loop
vertex 126 -110.4999999999999 3
vertex 126.02882207939533 -110.20736451697404 0
vertex 126 -110.49999999999996 0
endloop
endfacet
facet normal 0 0 -1
outer loop
vertex 126.04803679899194 -110.98772580504045 3
vertex 126.02882207939501 -110.79263548302269 3
vertex 126 -110.4999999999999 3
endloop
endfacet
facet normal 0 0 -1
outer loop
vertex 126.04803679899194 -110.98772580504045 3
vertex 126 -110.4999999999999 3
vertex 126 -110.49999999999996 0
endloop
endfacet
facet normal 0 0 -1
outer loop
vertex 126.04803679899194 -110.98772580504045 3
vertex 126 -110.49999999999996 0
vertex 126.02882207939501 -110.7926354830227 0
endloop
endfacet
facet normal 0 0 -1
outer loop
vertex 126.04803679899194 -110.98772580504045 3
vertex 126.02882207939501 -110.7926354830227 0
vertex 126.04803679899194 -110.98772580504041 0
endloop
endfacet
facet normal 0 0 -1
outer loop
vertex 126.19030116872173 -111.45670858091259 3
vertex 126.15288237506837 -111.33335534952606 3
vertex 126.07421541864163 -111.0740251485453 3
endloop
endfacet
facet normal 0 0 -1
outer loop
vertex 126.19030116872173 -111.45670858091259 3
vertex 126.07421541864163 -111.0740251485453 3
vertex 126.04803679899194 -110.98772580504045 3
endloop
endfacet
facet normal 0 0 -1
outer loop
vertex 126.19030116872173 -111.45670858091259 3
vertex 126.04803679899194 -110.98772580504045 3
vertex 126.04803679899194 -110.98772580504041 0
endloop
endfacet
facet normal 0 0 -1
outer loop
vertex 126.19030116872173 -111.45670858091259 3
vertex 126.04803679899194 -110.98772580504041 0
vertex 126.07421541864163 -111.07402514854527 0
endloop
endfacet
facet normal 0 0 -1
outer loop
vertex 126.19030116872173 -111.45670858091259 3
vertex 126.07421541864163 -111.07402514854527 0
vertex 126.15288237506836 -111.33335534952599 0
endloop
endfacet
facet normal 0 0 -1
outer loop
vertex 126.19030116872173 -111.45670858091259 3
vertex 126.15288237506836 -111.33335534952599 0
vertex 126.19030116872175 -111.45670858091262 0
endloop
endfacet
facet normal 0 0 -1
outer loop
vertex 126.42132596924365 -111.888925582549 3
vertex 126.41966562596883 -111.88581929876342 3
vertex 126.3455744288398 -111.74720441846303 3
endloop
endfacet
facet normal 0 0 -1
outer loop
vertex 126.42132596924365 -111.888925582549 3
vertex 126.3455744288398 -111.74720441846303 3
vertex 126.24586445164319 -111.56066017178567 3
endloop
endfacet
facet normal 0 0 -1
outer loop
vertex 126.42132596924365 -111.888925582549 3
vertex 126.24586445164319 -111.56066017178567 3
vertex 126.19030116872173 -111.45670858091259 3
endloop
endfacet
facet normal 0 0 -1
outer loop
vertex 126.42132596924365 -111.888925582549 3
vertex 126.19030116872173 -111.45670858091259 3
vertex 126.19030116872175 -111.45670858091262 0
endloop
endfacet
facet normal 0 0 -1
outer loop
vertex 126.42132596924365 -111.888925582549 3
vertex 126.19030116872175 -111.45670858091262 0
vertex 126.24586445164321 -111.56066017178571 0
endloop
endfacet
facet normal 0 0 -1
outer loop
vertex 126.42132596924365 -111.888925582549 3
vertex 126.24586445164321 -111.56066017178571 0
vertex 126.34557442883978 -111.74720441846301 0
endloop
endfacet
facet normal 0 0 -1
outer loop
vertex 126.42132596924365 -111.888925582549 3
vertex 126.34557442883978 -111.74720441846301 0
vertex 126.41966562596883 -111.88581929876342 0
endloop
endfacet
facet normal 0 0 -1
outer loop
vertex 126.42132596924365 -111.888925582549 3
vertex 126.41966562596883 -111.88581929876342 0
vertex 126.42132596924367 -111.88892558254904 0
endloop
endfacet
facet normal 0 0 -1
outer loop
vertex 126.73223304703367 -112.26776695296634 3
vertex 126.51248238784898 -111.99999999999957 3
vertex 126.4888287185801 -111.97117792060234 3
endloop
endfacet
facet normal 0 0 -1
outer loop
vertex 126.73223304703367 -112.26776695296634 3
vertex 126.4888287185801 -111.97117792060234 3
vertex 126.42132596924365 -111.888925582549 3
endloop
endfacet
facet normal 0 0 -1
outer loop
vertex 126.73223304703367 -112.26776695296634 3
vertex 126.42132596924365 -111.888925582549 3
vertex 126.42132596924367 -111.88892558254904 0
endloop
endfacet
facet normal 0 0 -1
outer loop
vertex 126.73223304703367 -112.26776695296634 3
vertex 126.42132596924367 -111.88892558254904 0
vertex 126.48882871858008 -111.97117792060234 0
endloop
endfacet
facet normal 0 0 -1
outer loop
vertex 126.73223304703367 -112.26776695296634 3
vertex 126.48882871858008 -111.97117792060234 0
vertex 126.51248238784899 -111.99999999999959 0
endloop
endfacet
facet normal 0 0 -1
outer loop
vertex 126.73223304703367 -112.26776695296634 3
vertex 126.51248238784899 -111.99999999999959 0
vertex 126.73223304703374 -112.26776695296631 0
endloop
endfacet
facet normal -0.634393284163652 -0.7730104533627317 0
outer loop
vertex 127.11107441745096 -112.57867403075642 3
vertex 126.73223304703367 -112.26776695296634 3
vertex 126.73223304703374 -112.26776695296631 0
endloop
endfacet
facet normal -0.634393284163652 -0.7730104533627317 0
outer loop
vertex 127.11107441745096 -112.57867403075642 3
vertex 126.73223304703374 -112.26776695296631 0
vertex 127.11107441745092 -112.57867403075637 0
endloop
endfacet
facet normal -0.47139673682600136 -0.8819212643483529 0
outer loop
vertex 127.54329141908723 -112.8096988312782 3
vertex 127.11107441745096 -112.57867403075642 3
vertex 127.11107441745092 -112.57867403075637 0
endloop
endfacet
facet normal -0.47139673682600136 -0.8819212643483529 0
outer loop
vertex 127.54329141908723 -112.8096988312782 3
vertex 127.11107441745092 -112.57867403075637 0
vertex 127.5432914190873 -112.80969883127823 0
endloop
endfacet
facet normal -0.2902846772544629 -0.9569403357322087 0
outer loop
vertex 128.01227419495973 -112.95196320100808 3
vertex 127.54329141908723 -112.8096988312782 3
vertex 127.5432914190873 -112.80969883127823 0
endloop
endfacet
facet normal -0.2902846772544629 -0.9569403357322087 0
outer loop
vertex 128.01227419495973 -112.95196320100808 3
vertex 127.5432914190873 -112.80969883127823 0
vertex 128.01227419495962 -112.95196320100806 0
endloop
endfacet
facet normal -0.09801714032957415 -0.9951847266721956 0
outer loop
vertex 128.49999999999997 -113 3
vertex 128.01227419495973 -112.95196320100808 3
vertex 128.01227419495962 -112.95196320100806 0
endloop
endfacet
facet normal -0.09801714032957415 -0.9951847266721956 0
outer loop
vertex 128.49999999999997 -113 3
vertex 128.01227419495962 -112.95196320100806 0
vertex 128.50000000000006 -113 0
endloop
endfacet
facet normal 0.09801714032957415 -0.9951847266721956 0
outer loop
vertex 128.98772580504038 -112.95196320100808 3
vertex 128.49999999999997 -113 3
vertex 128.50000000000006 -113 0
endloop
endfacet
facet normal 0.09801714032957415 -0.9951847266721956 0
outer loop
vertex 128.98772580504038 -112.95196320100808 3
vertex 128.50000000000006 -113 0
vertex 128.98772580504038 -112.95196320100806 0
endloop
endfacet
facet normal 0.2902846772544479 -0.9569403357322133 0
outer loop
vertex 129.4567085809127 -112.8096988312782 3
vertex 128.98772580504038 -112.95196320100808 3
vertex 128.98772580504038 -112.95196320100806 0
endloop
endfacet
facet normal 0.2902846772544479 -0.9569403357322133 0
outer loop
vertex 129.4567085809127 -112.8096988312782 3
vertex 128.98772580504038 -112.95196320100806 0
vertex 129.45670858091262 -112.80969883127823 0
endloop
endfacet
facet normal 0.4713967368259914 -0.8819212643483584 0
outer loop
vertex 129.8889255825489 -112.57867403075642 3
vertex 129.4567085809127 -112.8096988312782 3
vertex 129.45670858091262 -112.80969883127823 0
endloop
endfacet
facet normal 0.4713967368259914 -0.8819212643483584 0
outer loop
vertex 129.8889255825489 -112.57867403075642 3
vertex 129.45670858091262 -112.80969883127823 0
vertex 129.88892558254898 -112.57867403075637 0
endloop
endfacet
facet normal 0.6343932841636518 -0.7730104533627319 0
outer loop
vertex 130.26776695296635 -112.26776695296634 3
vertex 129.8889255825489 -112.57867403075642 3
vertex 129.88892558254898 -112.57867403075637 0
endloop
endfacet
facet normal 0.6343932841636518 -0.7730104533627319 0
outer loop
vertex 130.26776695296635 -112.26776695296634 3
vertex 129.88892558254898 -112.57867403075637 0
vertex 130.2677669529664 -112.26776695296631 0
endloop
endfacet
facet normal 0 0 -1
outer loop
vertex 130.57867403075642 -111.888925582549 3
vertex 130.51117128141996 -111.97117792060234 3
vertex 130.48751761215107 -111.99999999999957 3
endloop
endfacet
facet normal 0 0 -1
outer loop
vertex 130.57867403075642 -111.888925582549 3
vertex 130.48751761215107 -111.99999999999957 3
vertex 130.26776695296635 -112.26776695296634 3
endloop
endfacet
facet normal 0 0 -1
outer loop
vertex 130.57867403075642 -111.888925582549 3
vertex 130.26776695296635 -112.26776695296634 3
vertex 130.2677669529664 -112.26776695296631 0
endloop
endfacet
facet normal 0 0 -1
outer loop
vertex 130.57867403075642 -111.888925582549 3
vertex 130.2677669529664 -112.26776695296631 0
vertex 130.487517612151 -111.99999999999959 0
endloop
endfacet
facet normal 0 0 -1
outer loop
vertex 130.57867403075642 -111.888925582549 3
vertex 130.487517612151 -111.99999999999959 0
vertex 130.5111712814199 -111.97117792060234 0
endloop
endfacet
facet normal 0 0 -1
outer loop
vertex 130.57867403075642 -111.888925582549 3
vertex 130.5111712814199 -111.97117792060234 0
vertex 130.57867403075633 -111.88892558254904 0
endloop
endfacet
facet normal 0 0 1
outer loop
vertex 130.80969883127824 -111.45670858091259 3
vertex 130.7541355483568 -111.56066017178567 3
vertex 130.65442557116026 -111.74720441846303 3
endloop
endfacet
facet normal 0 0 1
outer loop
vertex 130.80969883127824 -111.45670858091259 3
vertex 130.65442557116026 -111.74720441846303 3
vertex 130.58033437403122 -111.88581929876342 3
endloop
endfacet
facet normal 0 0 1
outer loop
vertex 130.80969883127824 -111.45670858091259 3
vertex 130.58033437403122 -111.88581929876342 3
vertex 130.57867403075642 -111.888925582549 3
endloop
endfacet
facet normal 0 0 1
outer loop
vertex 130.80969883127824 -111.45670858091259 3
vertex 130.57867403075642 -111.888925582549 3
vertex 130.57867403075633 -111.88892558254904 0
endloop
endfacet
facet normal 0 0 1
outer loop
vertex 130.80969883127824 -111.45670858091259 3
vertex 130.57867403075633 -111.88892558254904 0
vertex 130.58033437403117 -111.88581929876342 0
endloop
endfacet
facet normal 0 0 1
outer loop
vertex 130.80969883127824 -111.45670858091259 3
vertex 130.58033437403117 -111.88581929876342 0
vertex 130.6544255711602 -111.74720441846301 0
endloop
endfacet
facet normal 0 0 1
outer loop
vertex 130.80969883127824 -111.45670858091259 3
vertex 130.6544255711602 -111.74720441846301 0
vertex 130.75413554835674 -111.56066017178571 0
endloop
endfacet
facet normal 0 0 1
outer loop
vertex 130.80969883127824 -111.45670858091259 3
vertex 130.75413554835674 -111.56066017178571 0
vertex 130.80969883127818 -111.45670858091262 0
endloop
endfacet
facet normal 0 0 1
outer loop
vertex 130.95196320100806 -110.98772580504045 3
vertex 130.92578458135836 -111.0740251485453 3
vertex 130.8471176249316 -111.33335534952606 3
endloop
endfacet
facet normal 0 0 1
outer loop
vertex 130.95196320100806 -110.98772580504045 3
vertex 130.8471176249316 -111.33335534952606 3
vertex 130.80969883127824 -111.45670858091259 3
endloop
endfacet
facet normal 0 0 1
outer loop
vertex 130.95196320100806 -110.98772580504045 3
vertex 130.80969883127824 -111.45670858091259 3
vertex 130.80969883127818 -111.45670858091262 0
endloop
endfacet
facet normal 0 0 1
outer loop
vertex 130.95196320100806 -110.98772580504045 3
vertex 130.80969883127818 -111.45670858091262 0
vertex 130.8471176249316 -111.33335534952599 0
endloop
endfacet
facet normal 0 0 1
outer loop
vertex 130.95196320100806 -110.98772580504045 3
vertex 130.8471176249316 -111.33335534952599 0
vertex 130.92578458135836 -111.07402514854527 0
endloop
endfacet
facet normal 0 0 1
outer loop
vertex 130.95196320100806 -110.98772580504045 3
vertex 130.92578458135836 -111.07402514854527 0
vertex 130.95196320100806 -110.98772580504041 0
endloop
endfacet
facet normal 0 0 1
outer loop
vertex 187.62 -59.62499999999998 3
vertex 187.5911779206042 -59.91763548303075 3
vertex 187.5719632010081 -60.11272580504033 3
endloop
endfacet
facet normal 0 0 1
outer loop
vertex 187.62 -59.62499999999998 3
vertex 187.5719632010081 -60.11272580504033 3
vertex 187.57196320100812 -60.11272580504014 0
endloop
endfacet
facet normal 0 0 1
outer loop
vertex 187.62 -59.62499999999998 3
vertex 187.57196320100812 -60.11272580504014 0
vertex 187.59117792060422 -59.91763548303076 0
endloop
endfacet
facet normal 0 0 1
outer loop
vertex 187.62 -59.62499999999998 3
vertex 187.59117792060422 -59.91763548303076 0
vertex 187.62000000000003 -59.624999999999815 0
endloop
endfacet
facet normal 0 0 1
outer loop
vertex 187.5719632010081 -59.1372741949596 3
vertex 187.59117792060556 -59.332364516983034 3
vertex 187.62 -59.62499999999998 3
endloop
endfacet
facet normal 0 0 1
outer loop
vertex 187.5719632010081 -59.1372741949596 3
vertex 187.62 -59.62499999999998 3
vertex 187.62000000000003 -59.624999999999815 0
endloop
endfacet
facet normal 0 0 1
outer loop
vertex 187.5719632010081 -59.1372741949596 3
vertex 187.62000000000003 -59.624999999999815 0
vertex 187.59117792060562 -59.332364516982985 0
endloop
endfacet
facet normal 0 0 1
outer loop
vertex 187.5719632010081 -59.1372741949596 3
vertex 187.59117792060562 -59.332364516982985 0
vertex 187.57196320100815 -59.13727419495975 0
endloop
endfacet
facet normal 0 0 1
outer loop
vertex 187.4296988312783 -58.6682914190875 3
vertex 187.4671176249287 -58.791644650464335 3
vertex 187.54578458135651 -59.0509748514485 3
endloop
endfacet
facet normal 0 0 1
outer loop
vertex 187.4296988312783 -58.6682914190875 3
vertex 187.54578458135651 -59.0509748514485 3
vertex 187.5719632010081 -59.1372741949596 3
endloop
endfacet
facet normal 0 0 1
outer loop
vertex 187.4296988312783 -58.6682914190875 3
vertex 187.5719632010081 -59.1372741949596 3
vertex 187.57196320100815 -59.13727419495975 0
endloop
endfacet
facet normal 0 0 1
outer loop
vertex 187.4296988312783 -58.6682914190875 3
vertex 187.57196320100815 -59.13727419495975 0
vertex 187.54578458135654 -59.050974851448586 0
endloop
endfacet
facet normal 0 0 1
outer loop
vertex 187.4296988312783 -58.6682914190875 3
vertex 187.54578458135654 -59.050974851448586 0
vertex 187.4671176249287 -58.79164465046424 0
endloop
endfacet
facet normal 0 0 1
outer loop
vertex 187.4296988312783 -58.6682914190875 3
vertex 187.4671176249287 -58.79164465046424 0
vertex 187.4296988312783 -58.668291419087446 0
endloop
endfacet
facet normal 0 0 -1
outer loop
vertex 187.19867403075625 -58.23607441745087 3
vertex 187.2003343740272 -58.23918070122918 3
vertex 187.27442557116404 -58.37779558154418 3
endloop
endfacet
facet normal 0 0 -1
outer loop
vertex 187.19867403075625 -58.23607441745087 3
vertex 187.27442557116404 -58.37779558154418 3
vertex 187.37413554836203 -58.56433982822415 3
endloop
endfacet
facet normal 0 0 -1
outer loop
vertex 187.19867403075625 -58.23607441745087 3
vertex 187.37413554836203 -58.56433982822415 3
vertex 187.4296988312783 -58.6682914190875 3
endloop
endfacet
facet normal 0 0 -1
outer loop
vertex 187.19867403075625 -58.23607441745087 3
vertex 187.4296988312783 -58.6682914190875 3
vertex 187.4296988312783 -58.668291419087446 0
endloop
endfacet
facet normal 0 0 -1
outer loop
vertex 187.19867403075625 -58.23607441745087 3
vertex 187.4296988312783 -58.668291419087446 0
vertex 187.3741355483621 -58.564339828224206 0
endloop
endfacet
facet normal 0 0 -1
outer loop
vertex 187.19867403075625 -58.23607441745087 3
vertex 187.3741355483621 -58.564339828224206 0
vertex 187.27442557116407 -58.37779558154417 0
endloop
endfacet
facet normal 0 0 -1
outer loop
vertex 187.19867403075625 -58.23607441745087 3
vertex 187.27442557116407 -58.37779558154417 0
vertex 187.20033437402722 -58.23918070122919 0
endloop
endfacet
facet normal 0 0 -1
outer loop
vertex 187.19867403075625 -58.23607441745087 3
vertex 187.20033437402722 -58.23918070122919 0
vertex 187.19867403075637 -58.236074417451015 0
endloop
endfacet
facet normal 0 0 -1
outer loop
vertex 186.8877669529664 -57.85723304703363 3
vertex 187.1075176121512 -58.12500000000065 3
vertex 187.13117128141894 -58.15382207939648 3
endloop
endfacet
facet normal 0 0 -1
outer loop
vertex 186.8877669529664 -57.85723304703363 3
vertex 187.13117128141894 -58.15382207939648 3
vertex 187.19867403075625 -58.23607441745087 3
endloop
endfacet
facet normal 0 0 -1
outer loop
vertex 186.8877669529664 -57.85723304703363 3
vertex 187.19867403075625 -58.23607441745087 3
vertex 187.19867403075637 -58.236074417451015 0
endloop
endfacet
facet normal 0 0 -1
outer loop
vertex 186.8877669529664 -57.85723304703363 3
vertex 187.19867403075637 -58.236074417451015 0
vertex 187.13117128141894 -58.15382207939648 0
endloop
endfacet
facet normal 0 0 -1
outer loop
vertex 186.8877669529664 -57.85723304703363 3
vertex 187.13117128141894 -58.15382207939648 0
vertex 187.1075176121512 -58.12500000000064 0
endloop
endfacet
facet normal 0 0 -1
outer loop
vertex 186.8877669529664 -57.85723304703363 3
vertex 187.1075176121512 -58.12500000000064 0
vertex 186.88776695296636 -57.857233047033596 0
endloop
endfacet
facet normal 0.6343932841636208 0.7730104533627572 0
outer loop
vertex 186.508925582549 -57.54632596924364 3
vertex 186.8877669529664 -57.85723304703363 3
vertex 186.88776695296636 -57.857233047033596 0
endloop
endfacet
facet normal 0.6343932841636208 0.7730104533627572 0
outer loop
vertex 186.508925582549 -57.54632596924364 3
vertex 186.88776695296636 -57.857233047033596 0
vertex 186.50892558254904 -57.54632596924366 0
endloop
endfacet
facet normal 0.4713967368260239 0.881921264348341 0
outer loop
vertex 186.07670858091277 -57.3153011687218 3
vertex 186.508925582549 -57.54632596924364 3
vertex 186.50892558254904 -57.54632596924366 0
endloop
endfacet
facet normal 0.4713967368260239 0.881921264348341 0
outer loop
vertex 186.07670858091277 -57.3153011687218 3
vertex 186.50892558254904 -57.54632596924366 0
vertex 186.0767085809127 -57.31530116872177 0
endloop
endfacet
facet normal 0.2902846772544675 0.9569403357322074 0
outer loop
vertex 185.6077258050403 -57.17303679899192 3
vertex 186.07670858091277 -57.3153011687218 3
vertex 186.0767085809127 -57.31530116872177 0
endloop
endfacet
facet normal 0.2902846772544675 0.9569403357322074 0
outer loop
vertex 185.6077258050403 -57.17303679899192 3
vertex 186.0767085809127 -57.31530116872177 0
vertex 185.60772580504036 -57.17303679899193 0
endloop
endfacet
facet normal 0.09801714032956002 0.9951847266721969 0
outer loop
vertex 185.11999999999995 -57.125 3
vertex 185.6077258050403 -57.17303679899192 3
vertex 185.60772580504036 -57.17303679899193 0
endloop
endfacet
facet normal 0.09801714032956002 0.9951847266721969 0
outer loop
vertex 185.11999999999995 -57.125 3
vertex 185.60772580504036 -57.17303679899193 0
vertex 185.11999999999992 -57.12499999999999 0
endloop
endfacet
facet normal -0.09801714032955997 0.9951847266721969 0
outer loop
vertex 184.63227419495968 -57.17303679899192 3
vertex 185.11999999999995 -57.125 3
vertex 185.11999999999992 -57.12499999999999 0
endloop
endfacet
facet normal -0.09801714032955997 0.9951847266721969 0
outer loop
vertex 184.63227419495968 -57.17303679899192 3
vertex 185.11999999999992 -57.12499999999999 0
vertex 184.6322741949598 -57.17303679899193 0
endloop
endfacet
facet normal -0.2902846772544619 0.956940335732209 0
outer loop
vertex 184.16329141908727 -57.3153011687218 3
vertex 184.63227419495968 -57.17303679899192 3
vertex 184.6322741949598 -57.17303679899193 0
endloop
endfacet
facet normal -0.2902846772544619 0.956940335732209 0
outer loop
vertex 184.16329141908727 -57.3153011687218 3
vertex 184.6322741949598 -57.17303679899193 0
vertex 184.16329141908733 -57.31530116872177 0
endloop
endfacet
facet normal -0.4713967368260084 0.8819212643483493 0
outer loop
vertex 183.731074417451 -57.54632596924364 3
vertex 184.16329141908727 -57.3153011687218 3
vertex 184.16329141908733 -57.31530116872177 0
endloop
endfacet
facet normal -0.4713967368260084 0.8819212643483493 0
outer loop
vertex 183.731074417451 -57.54632596924364 3
vertex 184.16329141908733 -57.31530116872177 0
vertex 183.73107441745097 -57.54632596924366 0
endloop
endfacet
facet normal -0.6343932841636603 0.7730104533627248 0
outer loop
vertex 183.3522330470338 -57.85723304703363 3
vertex 183.731074417451 -57.54632596924364 3
vertex 183.73107441745097 -57.54632596924366 0
endloop
endfacet
facet normal -0.6343932841636603 0.7730104533627248 0
outer loop
vertex 183.3522330470338 -57.85723304703363 3
vertex 183.73107441745097 -57.54632596924366 0
vertex 183.35223304703368 -57.857233047033596 0
endloop
endfacet
facet normal 0 0 -1
outer loop
vertex 183.0413259692436 -58.23607441745087 3
vertex 183.10882871858095 -58.15382207939648 3
vertex 183.1324823878487 -58.12500000000065 3
endloop
endfacet
facet normal 0 0 -1
outer loop
vertex 183.0413259692436 -58.23607441745087 3
vertex 183.1324823878487 -58.12500000000065 3
vertex 183.3522330470338 -57.85723304703363 3
endloop
endfacet
facet normal 0 0 -1
outer loop
vertex 183.0413259692436 -58.23607441745087 3
vertex 183.3522330470338 -57.85723304703363 3
vertex 183.35223304703368 -57.857233047033596 0
endloop
endfacet
facet normal 0 0 -1
outer loop
vertex 183.0413259692436 -58.23607441745087 3
vertex 183.35223304703368 -57.857233047033596 0
vertex 183.13248238784882 -58.12500000000064 0
endloop
endfacet
facet normal 0 0 -1
outer loop
vertex 183.0413259692436 -58.23607441745087 3
vertex 183.13248238784882 -58.12500000000064 0
vertex 183.10882871858107 -58.15382207939648 0
endloop
endfacet
facet normal 0 0 -1
outer loop
vertex 183.0413259692436 -58.23607441745087 3
vertex 183.10882871858107 -58.15382207939648 0
vertex 183.04132596924364 -58.236074417451015 0
endloop
endfacet
facet normal 0 0 -1
outer loop
vertex 182.8103011687218 -58.6682914190875 3
vertex 182.865864451638 -58.56433982822415 3
vertex 182.96557442883594 -58.37779558154418 3
endloop
endfacet
facet normal 0 0 -1
outer loop
vertex 182.8103011687218 -58.6682914190875 3
vertex 182.96557442883594 -58.37779558154418 3
vertex 183.03966562597267 -58.23918070122918 3
endloop
endfacet
facet normal 0 0 -1
outer loop
vertex 182.8103011687218 -58.6682914190875 3
vertex 183.03966562597267 -58.23918070122918 3
vertex 183.0413259692436 -58.23607441745087 3
endloop
endfacet
facet normal 0 0 -1
outer loop
vertex 182.8103011687218 -58.6682914190875 3
vertex 183.0413259692436 -58.23607441745087 3
vertex 183.04132596924364 -58.236074417451015 0
endloop
endfacet
facet normal 0 0 -1
outer loop
vertex 182.8103011687218 -58.6682914190875 3
vertex 183.04132596924364 -58.236074417451015 0
vertex 183.0396656259728 -58.23918070122919 0
endloop
endfacet
facet normal 0 0 -1
outer loop
vertex 182.8103011687218 -58.6682914190875 3
vertex 183.0396656259728 -58.23918070122919 0
vertex 182.96557442883596 -58.37779558154417 0
endloop
endfacet
facet normal 0 0 -1
outer loop
vertex 182.8103011687218 -58.6682914190875 3
vertex 182.96557442883596 -58.37779558154417 0
vertex 182.865864451638 -58.564339828224206 0
endloop
endfacet
facet normal 0 0 -1
outer loop
vertex 182.8103011687218 -58.6682914190875 3
vertex 182.865864451638 -58.564339828224206 0
vertex 182.81030116872185 -58.668291419087446 0
endloop
endfacet
facet normal 0 0 1
outer loop
vertex 182.66803679899192 -59.1372741949596 3
vertex 182.69421541864352 -59.0509748514485 3
vertex 182.77288237507133 -58.791644650464335 3
endloop
endfacet
facet normal 0 0 1
outer loop
vertex 182.66803679899192 -59.1372741949596 3
vertex 182.77288237507133 -58.791644650464335 3
vertex 182.8103011687218 -58.6682914190875 3
endloop
endfacet
facet normal 0 0 1
outer loop
vertex 182.66803679899192 -59.1372741949596 3
vertex 182.8103011687218 -58.6682914190875 3
vertex 182.81030116872185 -58.668291419087446 0
endloop
endfacet
facet normal 0 0 1
outer loop
vertex 182.66803679899192 -59.1372741949596 3
vertex 182.81030116872185 -58.668291419087446 0
vertex 182.77288237507136 -58.79164465046424 0
endloop
endfacet
facet normal 0 0 1
outer loop
vertex 182.66803679899192 -59.1372741949596 3
vertex 182.77288237507136 -58.79164465046424 0
vertex 182.6942154186435 -59.050974851448586 0
endloop
endfacet
facet normal 0 0 1
outer loop
vertex 182.66803679899192 -59.1372741949596 3
vertex 182.6942154186435 -59.050974851448586 0
vertex 182.6680367989919 -59.13727419495975 0
endloop
endfacet
facet normal 0 0 1
outer loop
vertex 182.62000000000003 -59.62499999999998 3
vertex 182.64882207939445 -59.332364516983034 3
vertex 182.66803679899192 -59.1372741949596 3
endloop
endfacet
facet normal 0 0 1
outer loop
vertex 182.62000000000003 -59.62499999999998 3
vertex 182.66803679899192 -59.1372741949596 3
vertex 182.6680367989919 -59.13727419495975 0
endloop
endfacet
facet normal 0 0 1
outer loop
vertex 182.62000000000003 -59.62499999999998 3
vertex 182.6680367989919 -59.13727419495975 0
vertex 182.64882207939442 -59.332364516982985 0
endloop
endfacet
facet normal 0 0 1
outer loop
vertex 182.62000000000003 -59.62499999999998 3
vertex 182.64882207939442 -59.332364516982985 0
vertex 182.62 -59.624999999999815 0
endloop
endfacet
facet normal 0 0 -1
outer loop
vertex 182.66803679899198 -60.11272580504033 3
vertex 182.64882207939584 -59.91763548303075 3
vertex 182.62000000000003 -59.62499999999998 3
endloop
endfacet
facet normal 0 0 -1
outer loop
vertex 182.66803679899198 -60.11272580504033 3
vertex 182.62000000000003 -59.62499999999998 3
vertex 182.62 -59.624999999999815 0
endloop
endfacet
facet normal 0 0 -1
outer loop
vertex 182.66803679899198 -60.11272580504033 3
vertex 182.62 -59.624999999999815 0
vertex 182.6488220793958 -59.91763548303076 0
endloop
endfacet
facet normal 0 0 -1
outer loop
vertex 182.66803679899198 -60.11272580504033 3
vertex 182.6488220793958 -59.91763548303076 0
vertex 182.66803679899195 -60.11272580504014 0
endloop
endfacet
facet normal 0 0 -1
outer loop
vertex 182.81030116872176 -60.5817085809128 3
vertex 182.77288237507108 -60.458355349535026 3
vertex 182.69421541864116 -60.199025148543704 3
endloop
endfacet
facet normal 0 0 -1
outer loop
vertex 182.81030116872176 -60.5817085809128 3
vertex 182.69421541864116 -60.199025148543704 3
vertex 182.66803679899198 -60.11272580504033 3
endloop
endfacet
facet normal 0 0 -1
outer loop
vertex 182.81030116872176 -60.5817085809128 3
vertex 182.66803679899198 -60.11272580504033 3
vertex 182.66803679899195 -60.11272580504014 0
endloop
endfacet
facet normal 0 0 -1
outer loop
vertex 182.81030116872176 -60.5817085809128 3
vertex 182.66803679899195 -60.11272580504014 0
vertex 182.69421541864114 -60.19902514854355 0
endloop
endfacet
facet normal 0 0 -1
outer loop
vertex 182.81030116872176 -60.5817085809128 3
vertex 182.69421541864114 -60.19902514854355 0
vertex 182.77288237507108 -60.458355349535005 0
endloop
endfacet
facet normal 0 0 -1
outer loop
vertex 182.81030116872176 -60.5817085809128 3
vertex 182.77288237507108 -60.458355349535005 0
vertex 182.8103011687218 -60.58170858091282 0
endloop
endfacet
facet normal 0 0 1
outer loop
vertex 183.04132596924362 -61.0139255825489 3
vertex 183.03966562597196 -61.01081929876923 3
vertex 182.96557442882892 -60.8722044184427 3
endloop
endfacet
facet normal 0 0 1
outer loop
vertex 183.04132596924362 -61.0139255825489 3
vertex 182.96557442882892 -60.8722044184427 3
vertex 182.865864451646 -60.68566017179094 3
endloop
endfacet
facet normal 0 0 1
outer loop
vertex 183.04132596924362 -61.0139255825489 3
vertex 182.865864451646 -60.68566017179094 3
vertex 182.81030116872176 -60.5817085809128 3
endloop
endfacet
facet normal 0 0 1
outer loop
vertex 183.04132596924362 -61.0139255825489 3
vertex 182.81030116872176 -60.5817085809128 3
vertex 182.8103011687218 -60.58170858091282 0
endloop
endfacet
facet normal 0 0 1
outer loop
vertex 183.04132596924362 -61.0139255825489 3
vertex 182.8103011687218 -60.58170858091282 0
vertex 182.86586445164605 -60.68566017179103 0
endloop
endfacet
facet normal 0 0 1
outer loop
vertex 183.04132596924362 -61.0139255825489 3
vertex 182.86586445164605 -60.68566017179103 0
vertex 182.9655744288289 -60.87220441844267 0
endloop
endfacet
facet normal 0 0 1
outer loop
vertex 183.04132596924362 -61.0139255825489 3
vertex 182.9655744288289 -60.87220441844267 0
vertex 183.0396656259719 -61.01081929876924 0
endloop
endfacet
facet normal 0 0 1
outer loop
vertex 183.04132596924362 -61.0139255825489 3
vertex 183.0396656259719 -61.01081929876924 0
vertex 183.0413259692436 -61.01392558254895 0
endloop
endfacet
facet normal 0 0 1
outer loop
vertex 183.35223304703356 -61.39276695296636 3
vertex 183.13248238785002 -61.12500000000087 3
vertex 183.10882871858212 -61.09617792060484 3
endloop
endfacet
facet normal 0 0 1
outer loop
vertex 183.35223304703356 -61.39276695296636 3
vertex 183.10882871858212 -61.09617792060484 3
vertex 183.04132596924362 -61.0139255825489 3
endloop
endfacet
facet normal 0 0 1
outer loop
vertex 183.35223304703356 -61.39276695296636 3
vertex 183.04132596924362 -61.0139255825489 3
vertex 183.0413259692436 -61.01392558254895 0
endloop
endfacet
facet normal 0 0 1
outer loop
vertex 183.35223304703356 -61.39276695296636 3
vertex 183.0413259692436 -61.01392558254895 0
vertex 183.10882871858215 -61.09617792060483 0
endloop
endfacet
facet normal 0 0 1
outer loop
vertex 183.35223304703356 -61.39276695296636 3
vertex 183.10882871858215 -61.09617792060483 0
vertex 183.13248238785005 -61.12500000000087 0
endloop
endfacet
facet normal 0 0 1
outer loop
vertex 183.35223304703356 -61.39276695296636 3
vertex 183.13248238785005 -61.12500000000087 0
vertex 183.35223304703365 -61.39276695296634 0
endloop
endfacet
facet normal -0.6343932841636208 -0.7730104533627572 0
outer loop
vertex 183.73107441745103 -61.70367403075635 3
vertex 183.35223304703356 -61.39276695296636 3
vertex 183.35223304703365 -61.39276695296634 0
endloop
endfacet
facet normal -0.6343932841636208 -0.7730104533627572 0
outer loop
vertex 183.73107441745103 -61.70367403075635 3
vertex 183.35223304703365 -61.39276695296634 0
vertex 183.73107441745103 -61.70367403075635 0
endloop
endfacet
facet normal -0.47139673682600214 -0.8819212643483526 0
outer loop
vertex 184.1632914190873 -61.93469883127823 3
vertex 183.73107441745103 -61.70367403075635 3
vertex 183.73107441745103 -61.70367403075635 0
endloop
endfacet
facet normal -0.47139673682600214 -0.8819212643483526 0
outer loop
vertex 184.1632914190873 -61.93469883127823 3
vertex 183.73107441745103 -61.70367403075635 0
vertex 184.16329141908722 -61.934698831278205 0
endloop
endfacet
facet normal -0.29028467725446744 -0.9569403357322074 0
outer loop
vertex 184.63227419495965 -62.07696320100808 3
vertex 184.1632914190873 -61.93469883127823 3
vertex 184.16329141908722 -61.934698831278205 0
endloop
endfacet
facet normal -0.29028467725446744 -0.9569403357322074 0
outer loop
vertex 184.63227419495965 -62.07696320100808 3
vertex 184.16329141908722 -61.934698831278205 0
vertex 184.63227419495965 -62.07696320100807 0
endloop
endfacet
facet normal -0.09801714032955997 -0.9951847266721969 0
outer loop
vertex 185.12 -62.125 3
vertex 184.63227419495965 -62.07696320100808 3
vertex 184.63227419495965 -62.07696320100807 0
endloop
endfacet
facet normal -0.09801714032955997 -0.9951847266721969 0
outer loop
vertex 185.12 -62.125 3
vertex 184.63227419495965 -62.07696320100807 0
vertex 185.12 -62.125 0
endloop
endfacet
facet normal 0.09801714032955997 -0.9951847266721969 0
outer loop
vertex 185.60772580504033 -62.07696320100808 3
vertex 185.12 -62.125 3
vertex 185.12 -62.125 0
endloop
endfacet
facet normal 0.09801714032955997 -0.9951847266721969 0
outer loop
vertex 185.60772580504033 -62.07696320100808 3
vertex 185.12 -62.125 0
vertex 185.6077258050403 -62.07696320100807 0
endloop
endfacet
facet normal 0.2902846772544619 -0.956940335732209 0
outer loop
vertex 186.07670858091262 -61.93469883127823 3
vertex 185.60772580504033 -62.07696320100808 3
vertex 185.6077258050403 -62.07696320100807 0
endloop
endfacet
facet normal 0.2902846772544619 -0.956940335732209 0
outer loop
vertex 186.07670858091262 -61.93469883127823 3
vertex 185.6077258050403 -62.07696320100807 0
vertex 186.07670858091262 -61.934698831278205 0
endloop
endfacet
facet normal 0.47139673682600836 -0.8819212643483493 0
outer loop
vertex 186.50892558254898 -61.70367403075635 3
vertex 186.07670858091262 -61.93469883127823 3
vertex 186.07670858091262 -61.934698831278205 0
endloop
endfacet
facet normal 0.47139673682600836 -0.8819212643483493 0
outer loop
vertex 186.50892558254898 -61.70367403075635 3
vertex 186.07670858091262 -61.934698831278205 0
vertex 186.50892558254898 -61.70367403075635 0
endloop
endfacet
facet normal 0.6343932841636518 -0.7730104533627319 0
outer loop
vertex 186.88776695296633 -61.39276695296636 3
vertex 186.50892558254898 -61.70367403075635 3
vertex 186.50892558254898 -61.70367403075635 0
endloop
endfacet
facet normal 0.6343932841636518 -0.7730104533627319 0
outer loop
vertex 186.88776695296633 -61.39276695296636 3
vertex 186.50892558254898 -61.70367403075635 0
vertex 186.88776695296636 -61.39276695296634 0
endloop
endfacet
facet normal 0 0 1
outer loop
vertex 187.19867403075642 -61.0139255825489 3
vertex 187.13117128141783 -61.09617792060484 3
vertex 187.10751761214993 -61.12500000000087 3
endloop
endfacet
facet normal 0 0 1
outer loop
vertex 187.19867403075642 -61.0139255825489 3
vertex 187.10751761214993 -61.12500000000087 3
vertex 186.88776695296633 -61.39276695296636 3
endloop
endfacet
facet normal 0 0 1
outer loop
vertex 187.19867403075642 -61.0139255825489 3
vertex 186.88776695296633 -61.39276695296636 3
vertex 186.88776695296636 -61.39276695296634 0
endloop
endfacet
facet normal 0 0 1
outer loop
vertex 187.19867403075642 -61.0139255825489 3
vertex 186.88776695296636 -61.39276695296634 0
vertex 187.10751761214996 -61.12500000000087 0
endloop
endfacet
facet normal 0 0 1
outer loop
vertex 187.19867403075642 -61.0139255825489 3
vertex 187.10751761214996 -61.12500000000087 0
vertex 187.13117128141786 -61.09617792060483 0
endloop
endfacet
facet normal 0 0 1
outer loop
vertex 187.19867403075642 -61.0139255825489 3
vertex 187.13117128141786 -61.09617792060483 0
vertex 187.1986740307564 -61.01392558254895 0
endloop
endfacet
facet normal 0 0 -1
outer loop
vertex 187.4296988312782 -60.5817085809128 3
vertex 187.37413554835402 -60.68566017179094 3
vertex 187.2744255711711 -60.8722044184427 3
endloop
endfacet
facet normal 0 0 -1
outer loop
vertex 187.4296988312782 -60.5817085809128 3
vertex 187.2744255711711 -60.8722044184427 3
vertex 187.20033437402807 -61.01081929876923 3
endloop
endfacet
facet normal 0 0 -1
outer loop
vertex 187.4296988312782 -60.5817085809128 3
vertex 187.20033437402807 -61.01081929876923 3
vertex 187.19867403075642 -61.0139255825489 3
endloop
endfacet
facet normal 0 0 -1
outer loop
vertex 187.4296988312782 -60.5817085809128 3
vertex 187.19867403075642 -61.0139255825489 3
vertex 187.1986740307564 -61.01392558254895 0
endloop
endfacet
facet normal 0 0 -1
outer loop
vertex 187.4296988312782 -60.5817085809128 3
vertex 187.1986740307564 -61.01392558254895 0
vertex 187.20033437402807 -61.01081929876924 0
endloop
endfacet
facet normal 0 0 -1
outer loop
vertex 187.4296988312782 -60.5817085809128 3
vertex 187.20033437402807 -61.01081929876924 0
vertex 187.27442557117112 -60.87220441844267 0
endloop
endfacet
facet normal 0 0 -1
outer loop
vertex 187.4296988312782 -60.5817085809128 3
vertex 187.27442557117112 -60.87220441844267 0
vertex 187.374135548354 -60.68566017179103 0
endloop
endfacet
facet normal 0 0 -1
outer loop
vertex 187.4296988312782 -60.5817085809128 3
vertex 187.374135548354 -60.68566017179103 0
vertex 187.4296988312782 -60.58170858091282 0
endloop
endfacet
facet normal 0 0 1
outer loop
vertex 187.5719632010081 -60.11272580504033 3
vertex 187.54578458135884 -60.199025148543704 3
vertex 187.4671176249289 -60.458355349535026 3
endloop
endfacet
facet normal 0 0 1
outer loop
vertex 187.5719632010081 -60.11272580504033 3
vertex 187.4671176249289 -60.458355349535026 3
vertex 187.4296988312782 -60.5817085809128 3
endloop
endfacet
facet normal 0 0 1
outer loop
vertex 187.5719632010081 -60.11272580504033 3
vertex 187.4296988312782 -60.5817085809128 3
vertex 187.4296988312782 -60.58170858091282 0
endloop
endfacet
facet normal 0 0 1
outer loop
vertex 187.5719632010081 -60.11272580504033 3
vertex 187.4296988312782 -60.58170858091282 0
vertex 187.4671176249289 -60.458355349535005 0
endloop
endfacet
facet normal 0 0 1
outer loop
vertex 187.5719632010081 -60.11272580504033 3
vertex 187.4671176249289 -60.458355349535005 0
vertex 187.54578458135887 -60.19902514854355 0
endloop
endfacet
facet normal 0 0 1
outer loop
vertex 187.5719632010081 -60.11272580504033 3
vertex 187.54578458135887 -60.19902514854355 0
vertex 187.57196320100812 -60.11272580504014 0
endloop
endfacet
facet normal 0 0 1
outer loop
vertex 184.2 -117.14999999999988 3
vertex 184.17117792060296 -117.44263548304306 3
vertex 184.15196320100804 -117.63772580504036 3
endloop
endfacet
facet normal 0 0 1
outer loop
vertex 184.2 -117.14999999999988 3
vertex 184.15196320100804 -117.63772580504036 3
vertex 184.15196320100807 -117.63772580504029 0
endloop
endfacet
facet normal 0 0 1
outer loop
vertex 184.2 -117.14999999999988 3
vertex 184.15196320100807 -117.63772580504029 0
vertex 184.171177920603 -117.44263548304305 0
endloop
endfacet
facet normal 0 0 1
outer loop
vertex 184.2 -117.14999999999988 3
vertex 184.171177920603 -117.44263548304305 0
vertex 184.2 -117.14999999999984 0
endloop
endfacet
facet normal 0 0 1
outer loop
vertex 184.15196320100807 -116.66227419495966 3
vertex 184.17117792060665 -116.85736451699425 3
vertex 184.2 -117.14999999999988 3
endloop
endfacet
facet normal 0 0 1
outer loop
vertex 184.15196320100807 -116.66227419495966 3
vertex 184.2 -117.14999999999988 3
vertex 184.2 -117.14999999999984 0
endloop
endfacet
facet normal 0 0 1
outer loop
vertex 184.15196320100807 -116.66227419495966 3
vertex 184.2 -117.14999999999984 0
vertex 184.17117792060668 -116.85736451699414 0
endloop
endfacet
facet normal 0 0 1
outer loop
vertex 184.15196320100807 -116.66227419495966 3
vertex 184.17117792060668 -116.85736451699414 0
vertex 184.1519632010081 -116.66227419495968 0
endloop
endfacet
facet normal 0 0 -1
outer loop
vertex 184.0096988312782 -116.19329141908723 3
vertex 184.0471176249311 -116.31664465047224 3
vertex 184.1257845813587 -116.57597485145584 3
endloop
endfacet
facet normal 0 0 -1
outer loop
vertex 184.0096988312782 -116.19329141908723 3
vertex 184.1257845813587 -116.57597485145584 3
vertex 184.15196320100807 -116.66227419495966 3
endloop
endfacet
facet normal 0 0 -1
outer loop
vertex 184.0096988312782 -116.19329141908723 3
vertex 184.15196320100807 -116.66227419495966 3
vertex 184.1519632010081 -116.66227419495968 0
endloop
endfacet
facet normal 0 0 -1
outer loop
vertex 184.0096988312782 -116.19329141908723 3
vertex 184.1519632010081 -116.66227419495968 0
vertex 184.12578458135866 -116.57597485145563 0
endloop
endfacet
facet normal 0 0 -1
outer loop
vertex 184.0096988312782 -116.19329141908723 3
vertex 184.12578458135866 -116.57597485145563 0
vertex 184.04711762493113 -116.31664465047227 0
endloop
endfacet
facet normal 0 0 -1
outer loop
vertex 184.0096988312782 -116.19329141908723 3
vertex 184.04711762493113 -116.31664465047227 0
vertex 184.00969883127826 -116.19329141908734 0
endloop
endfacet
facet normal 0 0 -1
outer loop
vertex 183.7786740307564 -115.76107441745104 3
vertex 183.7803343740285 -115.76418070123154 3
vertex 183.8544255711686 -115.90279558155264 3
endloop
endfacet
facet normal 0 0 -1
outer loop
vertex 183.7786740307564 -115.76107441745104 3
vertex 183.8544255711686 -115.90279558155264 3
vertex 183.9541355483575 -116.08933982821554 3
endloop
endfacet
facet normal 0 0 -1
outer loop
vertex 183.7786740307564 -115.76107441745104 3
vertex 183.9541355483575 -116.08933982821554 3
vertex 184.0096988312782 -116.19329141908723 3
endloop
endfacet
facet normal 0 0 -1
outer loop
vertex 183.7786740307564 -115.76107441745104 3
vertex 184.0096988312782 -116.19329141908723 3
vertex 184.00969883127826 -116.19329141908734 0
endloop
endfacet
facet normal 0 0 -1
outer loop
vertex 183.7786740307564 -115.76107441745104 3
vertex 184.00969883127826 -116.19329141908734 0
vertex 183.95413554835739 -116.08933982821539 0
endloop
endfacet
facet normal 0 0 -1
outer loop
vertex 183.7786740307564 -115.76107441745104 3
vertex 183.95413554835739 -116.08933982821539 0
vertex 183.8544255711686 -115.90279558155262 0
endloop
endfacet
facet normal 0 0 -1
outer loop
vertex 183.7786740307564 -115.76107441745104 3
vertex 183.8544255711686 -115.90279558155262 0
vertex 183.78033437402848 -115.76418070123154 0
endloop
endfacet
facet normal 0 0 -1
outer loop
vertex 183.7786740307564 -115.76107441745104 3
vertex 183.78033437402848 -115.76418070123154 0
vertex 183.7786740307564 -115.76107441745106 0
endloop
endfacet
facet normal 0 0 -1
outer loop
vertex 183.46776695296643 -115.3822330470337 3
vertex 183.68751761214966 -115.64999999999876 3
vertex 183.71117128141626 -115.6788220793932 3
endloop
endfacet
facet normal 0 0 -1
outer loop
vertex 183.46776695296643 -115.3822330470337 3
vertex 183.71117128141626 -115.6788220793932 3
vertex 183.7786740307564 -115.76107441745104 3
endloop
endfacet
facet normal 0 0 -1
outer loop
vertex 183.46776695296643 -115.3822330470337 3
vertex 183.7786740307564 -115.76107441745104 3
vertex 183.7786740307564 -115.76107441745106 0
endloop
endfacet
facet normal 0 0 -1
outer loop
vertex 183.46776695296643 -115.3822330470337 3
vertex 183.7786740307564 -115.76107441745106 0
vertex 183.71117128141623 -115.67882207939317 0
endloop
endfacet
facet normal 0 0 -1
outer loop
vertex 183.46776695296643 -115.3822330470337 3
vertex 183.71117128141623 -115.67882207939317 0
vertex 183.68751761214963 -115.64999999999874 0
endloop
endfacet
facet normal 0 0 -1
outer loop
vertex 183.46776695296643 -115.3822330470337 3
vertex 183.68751761214963 -115.64999999999874 0
vertex 183.46776695296643 -115.38223304703371 0
endloop
endfacet
facet normal 0.6343932841636423 0.7730104533627397 0
outer loop
vertex 183.088925582549 -115.07132596924365 3
vertex 183.46776695296643 -115.3822330470337 3
vertex 183.46776695296643 -115.38223304703371 0
endloop
endfacet
facet normal 0.6343932841636423 0.7730104533627397 0
outer loop
vertex 183.088925582549 -115.07132596924365 3
vertex 183.46776695296643 -115.38223304703371 0
vertex 183.08892558254894 -115.07132596924363 0
endloop
endfacet
facet normal 0.4713967368260137 0.8819212643483465 0
outer loop
vertex 182.65670858091266 -114.84030116872178 3
vertex 183.088925582549 -115.07132596924365 3
vertex 183.08892558254894 -115.07132596924363 0
endloop
endfacet
facet normal 0.4713967368260137 0.8819212643483465 0
outer loop
vertex 182.65670858091266 -114.84030116872178 3
vertex 183.08892558254894 -115.07132596924363 0
vertex 182.65670858091266 -114.8403011687218 0
endloop
endfacet
facet normal 0.2902846772544479 0.9569403357322133 0
outer loop
vertex 182.1877258050404 -114.69803679899194 3
vertex 182.65670858091266 -114.84030116872178 3
vertex 182.65670858091266 -114.8403011687218 0
endloop
endfacet
facet normal 0.2902846772544479 0.9569403357322133 0
outer loop
vertex 182.1877258050404 -114.69803679899194 3
vertex 182.65670858091266 -114.8403011687218 0
vertex 182.18772580504032 -114.69803679899192 0
endloop
endfacet
facet normal 0.09801714032957415 0.9951847266721956 0
outer loop
vertex 181.70000000000007 -114.65 3
vertex 182.1877258050404 -114.69803679899194 3
vertex 182.18772580504032 -114.69803679899192 0
endloop
endfacet
facet normal 0.09801714032957415 0.9951847266721956 0
outer loop
vertex 181.70000000000007 -114.65 3
vertex 182.18772580504032 -114.69803679899192 0
vertex 181.70000000000022 -114.65000000000002 0
endloop
endfacet
facet normal -0.09801714032957415 0.9951847266721956 0
outer loop
vertex 181.21227419495958 -114.69803679899194 3
vertex 181.70000000000007 -114.65 3
vertex 181.70000000000022 -114.65000000000002 0
endloop
endfacet
facet normal -0.09801714032957415 0.9951847266721956 0
outer loop
vertex 181.21227419495958 -114.69803679899194 3
vertex 181.70000000000022 -114.65000000000002 0
vertex 181.21227419495946 -114.69803679899192 0
endloop
endfacet
facet normal -0.2902846772544479 0.9569403357322133 0
outer loop
vertex 180.74329141908726 -114.84030116872178 3
vertex 181.21227419495958 -114.69803679899194 3
vertex 181.21227419495946 -114.69803679899192 0
endloop
endfacet
facet normal -0.2902846772544479 0.9569403357322133 0
outer loop
vertex 180.74329141908726 -114.84030116872178 3
vertex 181.21227419495946 -114.69803679899192 0
vertex 180.74329141908723 -114.8403011687218 0
endloop
endfacet
facet normal -0.4713967368259914 0.8819212643483584 0
outer loop
vertex 180.31107441745104 -115.07132596924365 3
vertex 180.74329141908726 -114.84030116872178 3
vertex 180.74329141908723 -114.8403011687218 0
endloop
endfacet
facet normal -0.4713967368259914 0.8819212643483584 0
outer loop
vertex 180.31107441745104 -115.07132596924365 3
vertex 180.74329141908723 -114.8403011687218 0
vertex 180.311074417451 -115.07132596924363 0
endloop
endfacet
facet normal -0.6343932841636518 0.7730104533627319 0
outer loop
vertex 179.93223304703366 -115.3822330470337 3
vertex 180.31107441745104 -115.07132596924365 3
vertex 180.311074417451 -115.07132596924363 0
endloop
endfacet
facet normal -0.6343932841636518 0.7730104533627319 0
outer loop
vertex 179.93223304703366 -115.3822330470337 3
vertex 180.311074417451 -115.07132596924363 0
vertex 179.9322330470336 -115.38223304703371 0
endloop
endfacet
facet normal 0 0 -1
outer loop
vertex 179.62132596924357 -115.76107441745104 3
vertex 179.68882871858372 -115.6788220793932 3
vertex 179.71248238785034 -115.64999999999876 3
endloop
endfacet
facet normal 0 0 -1
outer loop
vertex 179.62132596924357 -115.76107441745104 3
vertex 179.71248238785034 -115.64999999999876 3
vertex 179.93223304703366 -115.3822330470337 3
endloop
endfacet
facet normal 0 0 -1
outer loop
vertex 179.62132596924357 -115.76107441745104 3
vertex 179.93223304703366 -115.3822330470337 3
vertex 179.9322330470336 -115.38223304703371 0
endloop
endfacet
facet normal 0 0 -1
outer loop
vertex 179.62132596924357 -115.76107441745104 3
vertex 179.9322330470336 -115.38223304703371 0
vertex 179.7124823878504 -115.64999999999874 0
endloop
endfacet
facet normal 0 0 -1
outer loop
vertex 179.62132596924357 -115.76107441745104 3
vertex 179.7124823878504 -115.64999999999874 0
vertex 179.68882871858384 -115.67882207939317 0
endloop
endfacet
facet normal 0 0 -1
outer loop
vertex 179.62132596924357 -115.76107441745104 3
vertex 179.68882871858384 -115.67882207939317 0
vertex 179.62132596924366 -115.76107441745106 0
endloop
endfacet
facet normal 0 0 -1
outer loop
vertex 179.3903011687218 -116.19329141908723 3
vertex 179.4458644516425 -116.08933982821554 3
vertex 179.54557442883137 -115.90279558155264 3
endloop
endfacet
facet normal 0 0 -1
outer loop
vertex 179.3903011687218 -116.19329141908723 3
vertex 179.54557442883137 -115.90279558155264 3
vertex 179.61966562597146 -115.76418070123154 3
endloop
endfacet
facet normal 0 0 -1
outer loop
vertex 179.3903011687218 -116.19329141908723 3
vertex 179.61966562597146 -115.76418070123154 3
vertex 179.62132596924357 -115.76107441745104 3
endloop
endfacet
facet normal 0 0 -1
outer loop
vertex 179.3903011687218 -116.19329141908723 3
vertex 179.62132596924357 -115.76107441745104 3
vertex 179.62132596924366 -115.76107441745106 0
endloop
endfacet
facet normal 0 0 -1
outer loop
vertex 179.3903011687218 -116.19329141908723 3
vertex 179.62132596924366 -115.76107441745106 0
vertex 179.61966562597158 -115.76418070123154 0
endloop
endfacet
facet normal 0 0 -1
outer loop
vertex 179.3903011687218 -116.19329141908723 3
vertex 179.61966562597158 -115.76418070123154 0
vertex 179.54557442883146 -115.90279558155262 0
endloop
endfacet
facet normal 0 0 -1
outer loop
vertex 179.3903011687218 -116.19329141908723 3
vertex 179.54557442883146 -115.90279558155262 0
vertex 179.44586445164265 -116.08933982821539 0
endloop
endfacet
facet normal 0 0 -1
outer loop
vertex 179.3903011687218 -116.19329141908723 3
vertex 179.44586445164265 -116.08933982821539 0
vertex 179.39030116872178 -116.19329141908734 0
endloop
endfacet
facet normal 0 0 -1
outer loop
vertex 179.24803679899188 -116.66227419495966 3
vertex 179.27421541864126 -116.57597485145584 3
vertex 179.3528823750689 -116.31664465047224 3
endloop
endfacet
facet normal 0 0 -1
outer loop
vertex 179.24803679899188 -116.66227419495966 3
vertex 179.3528823750689 -116.31664465047224 3
vertex 179.3903011687218 -116.19329141908723 3
endloop
endfacet
facet normal 0 0 -1
outer loop
vertex 179.24803679899188 -116.66227419495966 3
vertex 179.3903011687218 -116.19329141908723 3
vertex 179.39030116872178 -116.19329141908734 0
endloop
endfacet
facet normal 0 0 -1
outer loop
vertex 179.24803679899188 -116.66227419495966 3
vertex 179.39030116872178 -116.19329141908734 0
vertex 179.3528823750689 -116.31664465047227 0
endloop
endfacet
facet normal 0 0 -1
outer loop
vertex 179.24803679899188 -116.66227419495966 3
vertex 179.3528823750689 -116.31664465047227 0
vertex 179.27421541864132 -116.57597485145563 0
endloop
endfacet
facet normal 0 0 -1
outer loop
vertex 179.24803679899188 -116.66227419495966 3
vertex 179.27421541864132 -116.57597485145563 0
vertex 179.24803679899188 -116.66227419495968 0
endloop
endfacet
facet normal 0 0 -1
outer loop
vertex 179.2 -117.14999999999988 3
vertex 179.2288220793933 -116.85736451699425 3
vertex 179.24803679899188 -116.66227419495966 3
endloop
endfacet
facet normal 0 0 -1
outer loop
vertex 179.2 -117.14999999999988 3
vertex 179.24803679899188 -116.66227419495966 3
vertex 179.24803679899188 -116.66227419495968 0
endloop
endfacet
facet normal 0 0 -1
outer loop
vertex 179.2 -117.14999999999988 3
vertex 179.24803679899188 -116.66227419495968 0
vertex 179.22882207939332 -116.85736451699414 0
endloop
endfacet
facet normal 0 0 -1
outer loop
vertex 179.2 -117.14999999999988 3
vertex 179.22882207939332 -116.85736451699414 0
vertex 179.2 -117.14999999999984 0
endloop
endfacet
facet normal 0 0 1
outer loop
vertex 179.24803679899193 -117.63772580504036 3
vertex 179.22882207939702 -117.44263548304306 3
vertex 179.2 -117.14999999999988 3
endloop
endfacet
facet normal 0 0 1
outer loop
vertex 179.24803679899193 -117.63772580504036 3
vertex 179.2 -117.14999999999988 3
vertex 179.2 -117.14999999999984 0
endloop
endfacet
facet normal 0 0 1
outer loop
vertex 179.24803679899193 -117.63772580504036 3
vertex 179.2 -117.14999999999984 0
vertex 179.228822079397 -117.44263548304305 0
endloop
endfacet
facet normal 0 0 1
outer loop
vertex 179.24803679899193 -117.63772580504036 3
vertex 179.228822079397 -117.44263548304305 0
vertex 179.2480367989919 -117.63772580504029 0
endloop
endfacet
facet normal 0 0 -1
outer loop
vertex 179.3903011687218 -118.10670858091262 3
vertex 179.35288237507203 -117.98335534953797 3
vertex 179.27421541864084 -117.72402514854265 3
endloop
endfacet
facet normal 0 0 -1
outer loop
vertex 179.3903011687218 -118.10670858091262 3
vertex 179.27421541864084 -117.72402514854265 3
vertex 179.24803679899193 -117.63772580504036 3
endloop
endfacet
facet normal 0 0 -1
outer loop
vertex 179.3903011687218 -118.10670858091262 3
vertex 179.24803679899193 -117.63772580504036 3
vertex 179.2480367989919 -117.63772580504029 0
endloop
endfacet
facet normal 0 0 -1
outer loop
vertex 179.3903011687218 -118.10670858091262 3
vertex 179.2480367989919 -117.63772580504029 0
vertex 179.27421541864078 -117.7240251485425 0
endloop
endfacet
facet normal 0 0 -1
outer loop
vertex 179.3903011687218 -118.10670858091262 3
vertex 179.27421541864078 -117.7240251485425 0
vertex 179.35288237507203 -117.98335534953802 0
endloop
endfacet
facet normal 0 0 -1
outer loop
vertex 179.3903011687218 -118.10670858091262 3
vertex 179.35288237507203 -117.98335534953802 0
vertex 179.39030116872178 -118.10670858091258 0
endloop
endfacet
facet normal 0 0 -1
outer loop
vertex 179.62132596924368 -118.53892558254923 3
vertex 179.61966562597007 -118.53581929876592 3
vertex 179.54557442883177 -118.39720441844814 3
endloop
endfacet
facet normal 0 0 -1
outer loop
vertex 179.62132596924368 -118.53892558254923 3
vertex 179.54557442883177 -118.39720441844814 3
vertex 179.44586445164504 -118.21066017178916 3
endloop
endfacet
facet normal 0 0 -1
outer loop
vertex 179.62132596924368 -118.53892558254923 3
vertex 179.44586445164504 -118.21066017178916 3
vertex 179.3903011687218 -118.10670858091262 3
endloop
endfacet
facet normal 0 0 -1
outer loop
vertex 179.62132596924368 -118.53892558254923 3
vertex 179.3903011687218 -118.10670858091262 3
vertex 179.39030116872178 -118.10670858091258 0
endloop
endfacet
facet normal 0 0 -1
outer loop
vertex 179.62132596924368 -118.53892558254923 3
vertex 179.39030116872178 -118.10670858091258 0
vertex 179.445864451645 -118.21066017178913 0
endloop
endfacet
facet normal 0 0 -1
outer loop
vertex 179.62132596924368 -118.53892558254923 3
vertex 179.445864451645 -118.21066017178913 0
vertex 179.54557442883177 -118.39720441844811 0
endloop
endfacet
facet normal 0 0 -1
outer loop
vertex 179.62132596924368 -118.53892558254923 3
vertex 179.54557442883177 -118.39720441844811 0
vertex 179.61966562597013 -118.53581929876592 0
endloop
endfacet
facet normal 0 0 -1
outer loop
vertex 179.62132596924368 -118.53892558254923 3
vertex 179.61966562597013 -118.53581929876592 0
vertex 179.62132596924368 -118.53892558254914 0
endloop
endfacet
facet normal 0 0 1
outer loop
vertex 179.93223304703363 -118.91776695296628 3
vertex 179.7124823878483 -118.64999999999877 3
vertex 179.6888287185806 -118.621177920603 3
endloop
endfacet
facet normal 0 0 1
outer loop
vertex 179.93223304703363 -118.91776695296628 3
vertex 179.6888287185806 -118.621177920603 3
vertex 179.62132596924368 -118.53892558254923 3
endloop
endfacet
facet normal 0 0 1
outer loop
vertex 179.93223304703363 -118.91776695296628 3
vertex 179.62132596924368 -118.53892558254923 3
vertex 179.62132596924368 -118.53892558254914 0
endloop
endfacet
facet normal 0 0 1
outer loop
vertex 179.93223304703363 -118.91776695296628 3
vertex 179.62132596924368 -118.53892558254914 0
vertex 179.68882871858057 -118.621177920603 0
endloop
endfacet
facet normal 0 0 1
outer loop
vertex 179.93223304703363 -118.91776695296628 3
vertex 179.68882871858057 -118.621177920603 0
vertex 179.71248238784827 -118.64999999999877 0
endloop
endfacet
facet normal 0 0 1
outer loop
vertex 179.93223304703363 -118.91776695296628 3
vertex 179.71248238784827 -118.64999999999877 0
vertex 179.9322330470335 -118.91776695296635 0
endloop
endfacet
facet normal -0.6343932841636218 -0.7730104533627565 0
outer loop
vertex 180.3110744174509 -119.22867403075645 3
vertex 179.93223304703363 -118.91776695296628 3
vertex 179.9322330470335 -118.91776695296635 0
endloop
endfacet
facet normal -0.6343932841636218 -0.7730104533627565 0
outer loop
vertex 180.3110744174509 -119.22867403075645 3
vertex 179.9322330470335 -118.91776695296635 0
vertex 180.31107441745098 -119.2286740307564 0
endloop
endfacet
facet normal -0.4713967368259909 -0.8819212643483587 0
outer loop
vertex 180.74329141908726 -119.45969883127819 3
vertex 180.3110744174509 -119.22867403075645 3
vertex 180.31107441745098 -119.2286740307564 0
endloop
endfacet
facet normal -0.4713967368259909 -0.8819212643483587 0
outer loop
vertex 180.74329141908726 -119.45969883127819 3
vertex 180.31107441745098 -119.2286740307564 0
vertex 180.74329141908726 -119.45969883127815 0
endloop
endfacet
facet normal -0.29028467725446194 -0.956940335732209 0
outer loop
vertex 181.21227419495958 -119.60196320100805 3
vertex 180.74329141908726 -119.45969883127819 3
vertex 180.74329141908726 -119.45969883127815 0
endloop
endfacet
facet normal -0.29028467725446194 -0.956940335732209 0
outer loop
vertex 181.21227419495958 -119.60196320100805 3
vertex 180.74329141908726 -119.45969883127815 0
vertex 181.21227419495958 -119.6019632010081 0
endloop
endfacet
facet normal -0.09801714032957415 -0.9951847266721956 0
outer loop
vertex 181.69999999999996 -119.65 3
vertex 181.21227419495958 -119.60196320100805 3
vertex 181.21227419495958 -119.6019632010081 0
endloop
endfacet
facet normal -0.09801714032957415 -0.9951847266721956 0
outer loop
vertex 181.69999999999996 -119.65 3
vertex 181.21227419495958 -119.6019632010081 0
vertex 181.69999999999996 -119.65 0
endloop
endfacet
facet normal 0.09801714032957415 -0.9951847266721956 0
outer loop
vertex 182.18772580504046 -119.60196320100805 3
vertex 181.69999999999996 -119.65 3
vertex 181.69999999999996 -119.65 0
endloop
endfacet
facet normal 0.09801714032957415 -0.9951847266721956 0
outer loop
vertex 182.18772580504046 -119.60196320100805 3
vertex 181.69999999999996 -119.65 0
vertex 182.18772580504015 -119.6019632010081 0
endloop
endfacet
facet normal 0.2902846772544479 -0.9569403357322133 0
outer loop
vertex 182.65670858091283 -119.45969883127819 3
vertex 182.18772580504046 -119.60196320100805 3
vertex 182.18772580504015 -119.6019632010081 0
endloop
endfacet
facet normal 0.2902846772544479 -0.9569403357322133 0
outer loop
vertex 182.65670858091283 -119.45969883127819 3
vertex 182.18772580504015 -119.6019632010081 0
vertex 182.6567085809129 -119.45969883127815 0
endloop
endfacet
facet normal 0.47139673682599736 -0.8819212643483553 0
outer loop
vertex 183.0889255825489 -119.22867403075645 3
vertex 182.65670858091283 -119.45969883127819 3
vertex 182.6567085809129 -119.45969883127815 0
endloop
endfacet
facet normal 0.47139673682599736 -0.8819212643483553 0
outer loop
vertex 183.0889255825489 -119.22867403075645 3
vertex 182.6567085809129 -119.45969883127815 0
vertex 183.08892558254897 -119.2286740307564 0
endloop
endfacet
facet normal 0.6343932841636518 -0.7730104533627319 0
outer loop
vertex 183.46776695296646 -118.91776695296628 3
vertex 183.0889255825489 -119.22867403075645 3
vertex 183.08892558254897 -119.2286740307564 0
endloop
endfacet
facet normal 0.6343932841636518 -0.7730104533627319 0
outer loop
vertex 183.46776695296646 -118.91776695296628 3
vertex 183.08892558254897 -119.2286740307564 0
vertex 183.46776695296637 -118.91776695296635 0
endloop
endfacet
facet normal 0 0 -1
outer loop
vertex 183.7786740307562 -118.53892558254923 3
vertex 183.7111712814194 -118.621177920603 3
vertex 183.6875176121517 -118.64999999999877 3
endloop
endfacet
facet normal 0 0 -1
outer loop
vertex 183.7786740307562 -118.53892558254923 3
vertex 183.6875176121517 -118.64999999999877 3
vertex 183.46776695296646 -118.91776695296628 3
endloop
endfacet
facet normal 0 0 -1
outer loop
vertex 183.7786740307562 -118.53892558254923 3
vertex 183.46776695296646 -118.91776695296628 3
vertex 183.46776695296637 -118.91776695296635 0
endloop
endfacet
facet normal 0 0 -1
outer loop
vertex 183.7786740307562 -118.53892558254923 3
vertex 183.46776695296637 -118.91776695296635 0
vertex 183.6875176121517 -118.64999999999877 0
endloop
endfacet
facet normal 0 0 -1
outer loop
vertex 183.7786740307562 -118.53892558254923 3
vertex 183.6875176121517 -118.64999999999877 0
vertex 183.71117128141938 -118.621177920603 0
endloop
endfacet
facet normal 0 0 -1
outer loop
vertex 183.7786740307562 -118.53892558254923 3
vertex 183.71117128141938 -118.621177920603 0
vertex 183.77867403075626 -118.53892558254914 0
endloop
endfacet
facet normal 0 0 1
outer loop
vertex 184.00969883127823 -118.10670858091262 3
vertex 183.9541355483549 -118.21066017178916 3
vertex 183.85442557116815 -118.39720441844814 3
endloop
endfacet
facet normal 0 0 1
outer loop
vertex 184.00969883127823 -118.10670858091262 3
vertex 183.85442557116815 -118.39720441844814 3
vertex 183.78033437402982 -118.53581929876592 3
endloop
endfacet
facet normal 0 0 1
outer loop
vertex 184.00969883127823 -118.10670858091262 3
vertex 183.78033437402982 -118.53581929876592 3
vertex 183.7786740307562 -118.53892558254923 3
endloop
endfacet
facet normal 0 0 1
outer loop
vertex 184.00969883127823 -118.10670858091262 3
vertex 183.7786740307562 -118.53892558254923 3
vertex 183.77867403075626 -118.53892558254914 0
endloop
endfacet
facet normal 0 0 1
outer loop
vertex 184.00969883127823 -118.10670858091262 3
vertex 183.77867403075626 -118.53892558254914 0
vertex 183.78033437402982 -118.53581929876592 0
endloop
endfacet
facet normal 0 0 1
outer loop
vertex 184.00969883127823 -118.10670858091262 3
vertex 183.78033437402982 -118.53581929876592 0
vertex 183.85442557116818 -118.39720441844811 0
endloop
endfacet
facet normal 0 0 1
outer loop
vertex 184.00969883127823 -118.10670858091262 3
vertex 183.85442557116818 -118.39720441844811 0
vertex 183.95413554835494 -118.21066017178913 0
endloop
endfacet
facet normal 0 0 1
outer loop
vertex 184.00969883127823 -118.10670858091262 3
vertex 183.95413554835494 -118.21066017178913 0
vertex 184.00969883127826 -118.10670858091258 0
endloop
endfacet
facet normal 0 0 -1
outer loop
vertex 184.15196320100804 -117.63772580504036 3
vertex 184.12578458135914 -117.72402514854265 3
vertex 184.04711762492798 -117.98335534953797 3
endloop
endfacet
facet normal 0 0 -1
outer loop
vertex 184.15196320100804 -117.63772580504036 3
vertex 184.04711762492798 -117.98335534953797 3
vertex 184.00969883127823 -118.10670858091262 3
endloop
endfacet
facet normal 0 0 -1
outer loop
vertex 184.15196320100804 -117.63772580504036 3
vertex 184.00969883127823 -118.10670858091262 3
vertex 184.00969883127826 -118.10670858091258 0
endloop
endfacet
facet normal 0 0 -1
outer loop
vertex 184.15196320100804 -117.63772580504036 3
vertex 184.00969883127826 -118.10670858091258 0
vertex 184.04711762492798 -117.98335534953802 0
endloop
endfacet
facet normal 0 0 -1
outer loop
vertex 184.15196320100804 -117.63772580504036 3
vertex 184.04711762492798 -117.98335534953802 0
vertex 184.1257845813592 -117.7240251485425 0
endloop
endfacet
facet normal 0 0 -1
outer loop
vertex 184.15196320100804 -117.63772580504036 3
vertex 184.1257845813592 -117.7240251485425 0
vertex 184.15196320100807 -117.63772580504029 0
endloop
endfacet
facet normal 0 0 1
outer loop
vertex 218.2375133 -135.5342591999998 3
vertex 218.2086912206044 -135.82689468302823 3
vertex 218.18947650100804 -136.02198500504034 3
endloop
endfacet
facet normal 0 0 1
outer loop
vertex 218.2375133 -135.5342591999998 3
vertex 218.18947650100804 -136.02198500504034 3
vertex 218.18947650100804 -136.02198500504042 0
endloop
endfacet
facet normal 0 0 1
outer loop
vertex 218.2375133 -135.5342591999998 3
vertex 218.18947650100804 -136.02198500504042 0
vertex 218.20869122060444 -135.82689468302823 0
endloop
endfacet
facet normal 0 0 1
outer loop
vertex 218.2375133 -135.5342591999998 3
vertex 218.20869122060444 -135.82689468302823 0
vertex 218.2375133 -135.53425919999992 0
endloop
endfacet
facet normal 0 0 1
outer loop
vertex 218.1894765010081 -135.04653339495968 3
vertex 218.20869122060466 -135.24162371697378 3
vertex 218.2375133 -135.5342591999998 3
endloop
endfacet
facet normal 0 0 1
outer loop
vertex 218.1894765010081 -135.04653339495968 3
vertex 218.2375133 -135.5342591999998 3
vertex 218.2375133 -135.53425919999992 0
endloop
endfacet
facet normal 0 0 1
outer loop
vertex 218.1894765010081 -135.04653339495968 3
vertex 218.2375133 -135.53425919999992 0
vertex 218.20869122060466 -135.24162371697372 0
endloop
endfacet
facet normal 0 0 1
outer loop
vertex 218.1894765010081 -135.04653339495968 3
vertex 218.20869122060466 -135.24162371697372 0
vertex 218.1894765010081 -135.04653339495974 0
endloop
endfacet
facet normal 0 0 -1
outer loop
vertex 218.0472121312783 -134.57755061908745 3
vertex 218.0846309249263 -134.70090385045637 3
vertex 218.16329788135627 -134.9602340514478 3
endloop
endfacet
facet normal 0 0 -1
outer loop
vertex 218.0472121312783 -134.57755061908745 3
vertex 218.16329788135627 -134.9602340514478 3
vertex 218.1894765010081 -135.04653339495968 3
endloop
endfacet
facet normal 0 0 -1
outer loop
vertex 218.0472121312783 -134.57755061908745 3
vertex 218.1894765010081 -135.04653339495968 3
vertex 218.1894765010081 -135.04653339495974 0
endloop
endfacet
facet normal 0 0 -1
outer loop
vertex 218.0472121312783 -134.57755061908745 3
vertex 218.1894765010081 -135.04653339495974 0
vertex 218.1632978813563 -134.9602340514479 0
endloop
endfacet
facet normal 0 0 -1
outer loop
vertex 218.0472121312783 -134.57755061908745 3
vertex 218.1632978813563 -134.9602340514479 0
vertex 218.08463092492627 -134.70090385045629 0
endloop
endfacet
facet normal 0 0 -1
outer loop
vertex 218.0472121312783 -134.57755061908745 3
vertex 218.08463092492627 -134.70090385045629 0
vertex 218.04721213127823 -134.5775506190873 0
endloop
endfacet
facet normal 0 0 -1
outer loop
vertex 217.81618733075635 -134.145333617451 3
vertex 217.81784767402849 -134.14843990123154 3
vertex 217.89193887117355 -134.28705478156195 3
endloop
endfacet
facet normal 0 0 -1
outer loop
vertex 217.81618733075635 -134.145333617451 3
vertex 217.89193887117355 -134.28705478156195 3
vertex 217.99164884835957 -134.4735990282195 3
endloop
endfacet
facet normal 0 0 -1
outer loop
vertex 217.81618733075635 -134.145333617451 3
vertex 217.99164884835957 -134.4735990282195 3
vertex 218.0472121312783 -134.57755061908745 3
endloop
endfacet
facet normal 0 0 -1
outer loop
vertex 217.81618733075635 -134.145333617451 3
vertex 218.0472121312783 -134.57755061908745 3
vertex 218.04721213127823 -134.5775506190873 0
endloop
endfacet
facet normal 0 0 -1
outer loop
vertex 217.81618733075635 -134.145333617451 3
vertex 218.04721213127823 -134.5775506190873 0
vertex 217.9916488483596 -134.47359902821955 0
endloop
endfacet
facet normal 0 0 -1
outer loop
vertex 217.81618733075635 -134.145333617451 3
vertex 217.9916488483596 -134.47359902821955 0
vertex 217.8919388711736 -134.287054781562 0
endloop
endfacet
facet normal 0 0 -1
outer loop
vertex 217.81618733075635 -134.145333617451 3
vertex 217.8919388711736 -134.287054781562 0
vertex 217.8178476740285 -134.14843990123157 0
endloop
endfacet
facet normal 0 0 -1
outer loop
vertex 217.81618733075635 -134.145333617451 3
vertex 217.8178476740285 -134.14843990123157 0
vertex 217.81618733075638 -134.14533361745103 0
endloop
endfacet
facet normal 0 0 1
outer loop
vertex 217.50528025296637 -133.76649224703365 3
vertex 217.7250309121492 -134.03425919999822 3
vertex 217.7486845814152 -134.06308127939192 3
endloop
endfacet
facet normal 0 0 1
outer loop
vertex 217.50528025296637 -133.76649224703365 3
vertex 217.7486845814152 -134.06308127939192 3
vertex 217.81618733075635 -134.145333617451 3
endloop
endfacet
facet normal 0 0 1
outer loop
vertex 217.50528025296637 -133.76649224703365 3
vertex 217.81618733075635 -134.145333617451 3
vertex 217.81618733075638 -134.14533361745103 0
endloop
endfacet
facet normal 0 0 1
outer loop
vertex 217.50528025296637 -133.76649224703365 3
vertex 217.81618733075638 -134.14533361745103 0
vertex 217.74868458141518 -134.0630812793919 0
endloop
endfacet
facet normal 0 0 1
outer loop
vertex 217.50528025296637 -133.76649224703365 3
vertex 217.74868458141518 -134.0630812793919 0
vertex 217.72503091214918 -134.0342591999982 0
endloop
endfacet
facet normal 0 0 1
outer loop
vertex 217.50528025296637 -133.76649224703365 3
vertex 217.72503091214918 -134.0342591999982 0
vertex 217.50528025296643 -133.7664922470337 0
endloop
endfacet
facet normal 0.6343932841636499 0.7730104533627332 0
outer loop
vertex 217.126438882549 -133.45558516924365 3
vertex 217.50528025296637 -133.76649224703365 3
vertex 217.50528025296643 -133.7664922470337 0
endloop
endfacet
facet normal 0.6343932841636499 0.7730104533627332 0
outer loop
vertex 217.126438882549 -133.45558516924365 3
vertex 217.50528025296643 -133.7664922470337 0
vertex 217.1264388825489 -133.4555851692436 0
endloop
endfacet
facet normal 0.471396736826014 0.8819212643483463 0
outer loop
vertex 216.69422188091272 -133.2245603687218 3
vertex 217.126438882549 -133.45558516924365 3
vertex 217.1264388825489 -133.4555851692436 0
endloop
endfacet
facet normal 0.471396736826014 0.8819212643483463 0
outer loop
vertex 216.69422188091272 -133.2245603687218 3
vertex 217.1264388825489 -133.4555851692436 0
vertex 216.69422188091275 -133.2245603687218 0
endloop
endfacet
facet normal 0.2902846772544974 0.9569403357321982 0
outer loop
vertex 216.22523910504026 -133.08229599899192 3
vertex 216.69422188091272 -133.2245603687218 3
vertex 216.69422188091275 -133.2245603687218 0
endloop
endfacet
facet normal 0.2902846772544974 0.9569403357321982 0
outer loop
vertex 216.22523910504026 -133.08229599899192 3
vertex 216.69422188091275 -133.2245603687218 0
vertex 216.22523910504034 -133.08229599899192 0
endloop
endfacet
facet normal 0.09801714032954581 0.9951847266721984 0
outer loop
vertex 215.73751329999988 -133.0342592 3
vertex 216.22523910504026 -133.08229599899192 3
vertex 216.22523910504034 -133.08229599899192 0
endloop
endfacet
facet normal 0.09801714032954581 0.9951847266721984 0
outer loop
vertex 215.73751329999988 -133.0342592 3
vertex 216.22523910504034 -133.08229599899192 0
vertex 215.73751329999996 -133.0342592 0
endloop
endfacet
facet normal -0.09801714032954582 0.9951847266721984 0
outer loop
vertex 215.24978749495966 -133.08229599899192 3
vertex 215.73751329999988 -133.0342592 3
vertex 215.73751329999996 -133.0342592 0
endloop
endfacet
facet normal -0.09801714032954582 0.9951847266721984 0
outer loop
vertex 215.24978749495966 -133.08229599899192 3
vertex 215.73751329999996 -133.0342592 0
vertex 215.24978749495963 -133.08229599899192 0
endloop
endfacet
facet normal -0.29028467725447593 0.9569403357322048 0
outer loop
vertex 214.78080471908714 -133.2245603687218 3
vertex 215.24978749495966 -133.08229599899192 3
vertex 215.24978749495963 -133.08229599899192 0
endloop
endfacet
facet normal -0.29028467725447593 0.9569403357322048 0
outer loop
vertex 214.78080471908714 -133.2245603687218 3
vertex 215.24978749495963 -133.08229599899192 0
vertex 214.7808047190872 -133.2245603687218 0
endloop
endfacet
facet normal -0.4713967368259914 0.8819212643483584 0
outer loop
vertex 214.34858771745115 -133.45558516924365 3
vertex 214.78080471908714 -133.2245603687218 3
vertex 214.7808047190872 -133.2245603687218 0
endloop
endfacet
facet normal -0.4713967368259914 0.8819212643483584 0
outer loop
vertex 214.34858771745115 -133.45558516924365 3
vertex 214.7808047190872 -133.2245603687218 0
vertex 214.34858771745107 -133.4555851692436 0
endloop
endfacet
facet normal -0.6343932841636518 0.7730104533627319 0
outer loop
vertex 213.96974634703366 -133.76649224703365 3
vertex 214.34858771745115 -133.45558516924365 3
vertex 214.34858771745107 -133.4555851692436 0
endloop
endfacet
facet normal -0.6343932841636518 0.7730104533627319 0
outer loop
vertex 213.96974634703366 -133.76649224703365 3
vertex 214.34858771745107 -133.4555851692436 0
vertex 213.96974634703363 -133.7664922470337 0
endloop
endfacet
facet normal 0 0 1
outer loop
vertex 213.65883926924357 -134.145333617451 3
vertex 213.72634201858475 -134.06308127939192 3
vertex 213.74999568785074 -134.03425919999822 3
endloop
endfacet
facet normal 0 0 1
outer loop
vertex 213.65883926924357 -134.145333617451 3
vertex 213.74999568785074 -134.03425919999822 3
vertex 213.96974634703366 -133.76649224703365 3
endloop
endfacet
facet normal 0 0 1
outer loop
vertex 213.65883926924357 -134.145333617451 3
vertex 213.96974634703366 -133.76649224703365 3
vertex 213.96974634703363 -133.7664922470337 0
endloop
endfacet
facet normal 0 0 1
outer loop
vertex 213.65883926924357 -134.145333617451 3
vertex 213.96974634703363 -133.7664922470337 0
vertex 213.74999568785083 -134.0342591999982 0
endloop
endfacet
facet normal 0 0 1
outer loop
vertex 213.65883926924357 -134.145333617451 3
vertex 213.74999568785083 -134.0342591999982 0
vertex 213.72634201858486 -134.0630812793919 0
endloop
endfacet
facet normal 0 0 1
outer loop
vertex 213.65883926924357 -134.145333617451 3
vertex 213.72634201858486 -134.0630812793919 0
vertex 213.65883926924366 -134.14533361745103 0
endloop
endfacet
facet normal 0 0 -1
outer loop
vertex 213.42781446872178 -134.57755061908745 3
vertex 213.48337775164046 -134.4735990282195 3
vertex 213.58308772882643 -134.28705478156195 3
endloop
endfacet
facet normal 0 0 -1
outer loop
vertex 213.42781446872178 -134.57755061908745 3
vertex 213.58308772882643 -134.28705478156195 3
vertex 213.65717892597146 -134.14843990123154 3
endloop
endfacet
facet normal 0 0 -1
outer loop
vertex 213.42781446872178 -134.57755061908745 3
vertex 213.65717892597146 -134.14843990123154 3
vertex 213.65883926924357 -134.145333617451 3
endloop
endfacet
facet normal 0 0 -1
outer loop
vertex 213.42781446872178 -134.57755061908745 3
vertex 213.65883926924357 -134.145333617451 3
vertex 213.65883926924366 -134.14533361745103 0
endloop
endfacet
facet normal 0 0 -1
outer loop
vertex 213.42781446872178 -134.57755061908745 3
vertex 213.65883926924366 -134.14533361745103 0
vertex 213.65717892597152 -134.14843990123157 0
endloop
endfacet
facet normal 0 0 -1
outer loop
vertex 213.42781446872178 -134.57755061908745 3
vertex 213.65717892597152 -134.14843990123157 0
vertex 213.58308772882643 -134.287054781562 0
endloop
endfacet
facet normal 0 0 -1
outer loop
vertex 213.42781446872178 -134.57755061908745 3
vertex 213.58308772882643 -134.287054781562 0
vertex 213.4833777516404 -134.47359902821955 0
endloop
endfacet
facet normal 0 0 -1
outer loop
vertex 213.42781446872178 -134.57755061908745 3
vertex 213.4833777516404 -134.47359902821955 0
vertex 213.4278144687218 -134.5775506190873 0
endloop
endfacet
facet normal 0 0 1
outer loop
vertex 213.2855500989919 -135.04653339495968 3
vertex 213.31172871864374 -134.9602340514478 3
vertex 213.3903956750737 -134.70090385045637 3
endloop
endfacet
facet normal 0 0 1
outer loop
vertex 213.2855500989919 -135.04653339495968 3
vertex 213.3903956750737 -134.70090385045637 3
vertex 213.42781446872178 -134.57755061908745 3
endloop
endfacet
facet normal 0 0 1
outer loop
vertex 213.2855500989919 -135.04653339495968 3
vertex 213.42781446872178 -134.57755061908745 3
vertex 213.4278144687218 -134.5775506190873 0
endloop
endfacet
facet normal 0 0 1
outer loop
vertex 213.2855500989919 -135.04653339495968 3
vertex 213.4278144687218 -134.5775506190873 0
vertex 213.39039567507376 -134.70090385045629 0
endloop
endfacet
facet normal 0 0 1
outer loop
vertex 213.2855500989919 -135.04653339495968 3
vertex 213.39039567507376 -134.70090385045629 0
vertex 213.3117287186437 -134.9602340514479 0
endloop
endfacet
facet normal 0 0 1
outer loop
vertex 213.2855500989919 -135.04653339495968 3
vertex 213.3117287186437 -134.9602340514479 0
vertex 213.2855500989919 -135.04653339495974 0
endloop
endfacet
facet normal 0 0 1
outer loop
vertex 213.2375133 -135.5342591999998 3
vertex 213.26633537939534 -135.24162371697378 3
vertex 213.2855500989919 -135.04653339495968 3
endloop
endfacet
facet normal 0 0 1
outer loop
vertex 213.2375133 -135.5342591999998 3
vertex 213.2855500989919 -135.04653339495968 3
vertex 213.2855500989919 -135.04653339495974 0
endloop
endfacet
facet normal 0 0 1
outer loop
vertex 213.2375133 -135.5342591999998 3
vertex 213.2855500989919 -135.04653339495974 0
vertex 213.26633537939537 -135.24162371697372 0
endloop
endfacet
facet normal 0 0 1
outer loop
vertex 213.2375133 -135.5342591999998 3
vertex 213.26633537939537 -135.24162371697372 0
vertex 213.2375133 -135.53425919999992 0
endloop
endfacet
facet normal 0 0 -1
outer loop
vertex 213.28555009899193 -136.02198500504034 3
vertex 213.26633537939554 -135.82689468302823 3
vertex 213.2375133 -135.5342591999998 3
endloop
endfacet
facet normal 0 0 -1
outer loop
vertex 213.28555009899193 -136.02198500504034 3
vertex 213.2375133 -135.5342591999998 3
vertex 213.2375133 -135.53425919999992 0
endloop
endfacet
facet normal 0 0 -1
outer loop
vertex 213.28555009899193 -136.02198500504034 3
vertex 213.2375133 -135.53425919999992 0
vertex 213.26633537939554 -135.82689468302823 0
endloop
endfacet
facet normal 0 0 -1
outer loop
vertex 213.28555009899193 -136.02198500504034 3
vertex 213.26633537939554 -135.82689468302823 0
vertex 213.28555009899193 -136.02198500504042 0
endloop
endfacet
facet normal 0 0 -1
outer loop
vertex 213.42781446872178 -136.49096778091274 3
vertex 213.39039567506507 -136.3676145495152 3
vertex 213.31172871864374 -136.10828434855225 3
endloop
endfacet
facet normal 0 0 -1
outer loop
vertex 213.42781446872178 -136.49096778091274 3
vertex 213.31172871864374 -136.10828434855225 3
vertex 213.28555009899193 -136.02198500504034 3
endloop
endfacet
facet normal 0 0 -1
outer loop
vertex 213.42781446872178 -136.49096778091274 3
vertex 213.28555009899193 -136.02198500504034 3
vertex 213.28555009899193 -136.02198500504042 0
endloop
endfacet
facet normal 0 0 -1
outer loop
vertex 213.42781446872178 -136.49096778091274 3
vertex 213.28555009899193 -136.02198500504042 0
vertex 213.31172871864368 -136.10828434855216 0
endloop
endfacet
facet normal 0 0 -1
outer loop
vertex 213.42781446872178 -136.49096778091274 3
vertex 213.31172871864368 -136.10828434855216 0
vertex 213.390395675065 -136.36761454951514 0
endloop
endfacet
facet normal 0 0 -1
outer loop
vertex 213.42781446872178 -136.49096778091274 3
vertex 213.390395675065 -136.36761454951514 0
vertex 213.42781446872172 -136.49096778091277 0
endloop
endfacet
facet normal 0 0 1
outer loop
vertex 213.65883926924354 -136.92318478254882 3
vertex 213.65717892597308 -136.92007849877137 3
vertex 213.58308772883032 -136.7814636184454 3
endloop
endfacet
facet normal 0 0 1
outer loop
vertex 213.65883926924354 -136.92318478254882 3
vertex 213.58308772883032 -136.7814636184454 3
vertex 213.48337775164646 -136.59491937179197 3
endloop
endfacet
facet normal 0 0 1
outer loop
vertex 213.65883926924354 -136.92318478254882 3
vertex 213.48337775164646 -136.59491937179197 3
vertex 213.42781446872178 -136.49096778091274 3
endloop
endfacet
facet normal 0 0 1
outer loop
vertex 213.65883926924354 -136.92318478254882 3
vertex 213.42781446872178 -136.49096778091274 3
vertex 213.42781446872172 -136.49096778091277 0
endloop
endfacet
facet normal 0 0 1
outer loop
vertex 213.65883926924354 -136.92318478254882 3
vertex 213.42781446872172 -136.49096778091277 0
vertex 213.48337775164657 -136.59491937179206 0
endloop
endfacet
facet normal 0 0 1
outer loop
vertex 213.65883926924354 -136.92318478254882 3
vertex 213.48337775164657 -136.59491937179206 0
vertex 213.5830877288304 -136.7814636184454 0
endloop
endfacet
facet normal 0 0 1
outer loop
vertex 213.65883926924354 -136.92318478254882 3
vertex 213.5830877288304 -136.7814636184454 0
vertex 213.65717892597317 -136.9200784987714 0
endloop
endfacet
facet normal 0 0 1
outer loop
vertex 213.65883926924354 -136.92318478254882 3
vertex 213.65717892597317 -136.9200784987714 0
vertex 213.65883926924366 -136.92318478254887 0
endloop
endfacet
facet normal 0 0 1
outer loop
vertex 213.9697463470335 -137.3020261529664 3
vertex 213.7499956878485 -137.03425919999907 3
vertex 213.7263420185815 -137.00543712060414 3
endloop
endfacet
facet normal 0 0 1
outer loop
vertex 213.9697463470335 -137.3020261529664 3
vertex 213.7263420185815 -137.00543712060414 3
vertex 213.65883926924354 -136.92318478254882 3
endloop
endfacet
facet normal 0 0 1
outer loop
vertex 213.9697463470335 -137.3020261529664 3
vertex 213.65883926924354 -136.92318478254882 3
vertex 213.65883926924366 -136.92318478254887 0
endloop
endfacet
facet normal 0 0 1
outer loop
vertex 213.9697463470335 -137.3020261529664 3
vertex 213.65883926924366 -136.92318478254887 0
vertex 213.7263420185815 -137.00543712060414 0
endloop
endfacet
facet normal 0 0 1
outer loop
vertex 213.9697463470335 -137.3020261529664 3
vertex 213.7263420185815 -137.00543712060414 0
vertex 213.74999568784847 -137.03425919999907 0
endloop
endfacet
facet normal 0 0 1
outer loop
vertex 213.9697463470335 -137.3020261529664 3
vertex 213.74999568784847 -137.03425919999907 0
vertex 213.9697463470335 -137.30202615296662 0
endloop
endfacet
facet normal -0.6343932841636286 -0.7730104533627508 0
outer loop
vertex 214.34858771745107 -137.61293323075645 3
vertex 213.9697463470335 -137.3020261529664 3
vertex 213.9697463470335 -137.30202615296662 0
endloop
endfacet
facet normal -0.6343932841636286 -0.7730104533627508 0
outer loop
vertex 214.34858771745107 -137.61293323075645 3
vertex 213.9697463470335 -137.30202615296662 0
vertex 214.34858771745095 -137.61293323075637 0
endloop
endfacet
facet normal -0.4713967368259909 -0.8819212643483587 0
outer loop
vertex 214.7808047190872 -137.8439580312782 3
vertex 214.34858771745107 -137.61293323075645 3
vertex 214.34858771745095 -137.61293323075637 0
endloop
endfacet
facet normal -0.4713967368259909 -0.8819212643483587 0
outer loop
vertex 214.7808047190872 -137.8439580312782 3
vertex 214.34858771745095 -137.61293323075637 0
vertex 214.78080471908737 -137.84395803127828 0
endloop
endfacet
facet normal -0.2902846772544899 -0.9569403357322005 0
outer loop
vertex 215.24978749495972 -137.9862224010081 3
vertex 214.7808047190872 -137.8439580312782 3
vertex 214.78080471908737 -137.84395803127828 0
endloop
endfacet
facet normal -0.2902846772544899 -0.9569403357322005 0
outer loop
vertex 215.24978749495972 -137.9862224010081 3
vertex 214.78080471908737 -137.84395803127828 0
vertex 215.2497874949596 -137.9862224010081 0
endloop
endfacet
facet normal -0.09801714032954582 -0.9951847266721984 0
outer loop
vertex 215.7375133000001 -138.0342592 3
vertex 215.24978749495972 -137.9862224010081 3
vertex 215.2497874949596 -137.9862224010081 0
endloop
endfacet
facet normal -0.09801714032954582 -0.9951847266721984 0
outer loop
vertex 215.7375133000001 -138.0342592 3
vertex 215.2497874949596 -137.9862224010081 0
vertex 215.73751329999996 -138.0342592 0
endloop
endfacet
facet normal 0.09801714032954582 -0.9951847266721984 0
outer loop
vertex 216.22523910504034 -137.9862224010081 3
vertex 215.7375133000001 -138.0342592 3
vertex 215.73751329999996 -138.0342592 0
endloop
endfacet
facet normal 0.09801714032954582 -0.9951847266721984 0
outer loop
vertex 216.22523910504034 -137.9862224010081 3
vertex 215.73751329999996 -138.0342592 0
vertex 216.22523910504043 -137.9862224010081 0
endloop
endfacet
facet normal 0.29028467725447593 -0.9569403357322048 0
outer loop
vertex 216.69422188091278 -137.8439580312782 3
vertex 216.22523910504034 -137.9862224010081 3
vertex 216.22523910504043 -137.9862224010081 0
endloop
endfacet
facet normal 0.29028467725447593 -0.9569403357322048 0
outer loop
vertex 216.69422188091278 -137.8439580312782 3
vertex 216.22523910504043 -137.9862224010081 0
vertex 216.69422188091264 -137.84395803127828 0
endloop
endfacet
facet normal 0.4713967368259914 -0.8819212643483584 0
outer loop
vertex 217.12643888254888 -137.61293323075645 3
vertex 216.69422188091278 -137.8439580312782 3
vertex 216.69422188091264 -137.84395803127828 0
endloop
endfacet
facet normal 0.4713967368259914 -0.8819212643483584 0
outer loop
vertex 217.12643888254888 -137.61293323075645 3
vertex 216.69422188091264 -137.84395803127828 0
vertex 217.12643888254902 -137.61293323075637 0
endloop
endfacet
facet normal 0.6343932841636518 -0.7730104533627319 0
outer loop
vertex 217.50528025296634 -137.3020261529664 3
vertex 217.12643888254888 -137.61293323075645 3
vertex 217.12643888254902 -137.61293323075637 0
endloop
endfacet
facet normal 0.6343932841636518 -0.7730104533627319 0
outer loop
vertex 217.50528025296634 -137.3020261529664 3
vertex 217.12643888254902 -137.61293323075637 0
vertex 217.50528025296612 -137.30202615296662 0
endloop
endfacet
facet normal 0 0 1
outer loop
vertex 217.81618733075646 -136.92318478254882 3
vertex 217.7486845814184 -137.00543712060414 3
vertex 217.7250309121514 -137.03425919999907 3
endloop
endfacet
facet normal 0 0 1
outer loop
vertex 217.81618733075646 -136.92318478254882 3
vertex 217.7250309121514 -137.03425919999907 3
vertex 217.50528025296634 -137.3020261529664 3
endloop
endfacet
facet normal 0 0 1
outer loop
vertex 217.81618733075646 -136.92318478254882 3
vertex 217.50528025296634 -137.3020261529664 3
vertex 217.50528025296612 -137.30202615296662 0
endloop
endfacet
facet normal 0 0 1
outer loop
vertex 217.81618733075646 -136.92318478254882 3
vertex 217.50528025296612 -137.30202615296662 0
vertex 217.7250309121514 -137.03425919999907 0
endloop
endfacet
facet normal 0 0 1
outer loop
vertex 217.81618733075646 -136.92318478254882 3
vertex 217.7250309121514 -137.03425919999907 0
vertex 217.74868458141842 -137.00543712060414 0
endloop
endfacet
facet normal 0 0 1
outer loop
vertex 217.81618733075646 -136.92318478254882 3
vertex 217.74868458141842 -137.00543712060414 0
vertex 217.81618733075643 -136.92318478254887 0
endloop
endfacet
facet normal 0 0 -1
outer loop
vertex 218.0472121312782 -136.49096778091274 3
vertex 217.99164884835346 -136.59491937179197 3
vertex 217.89193887116966 -136.7814636184454 3
endloop
endfacet
facet normal 0 0 -1
outer loop
vertex 218.0472121312782 -136.49096778091274 3
vertex 217.89193887116966 -136.7814636184454 3
vertex 217.81784767402692 -136.92007849877137 3
endloop
endfacet
facet normal 0 0 -1
outer loop
vertex 218.0472121312782 -136.49096778091274 3
vertex 217.81784767402692 -136.92007849877137 3
vertex 217.81618733075646 -136.92318478254882 3
endloop
endfacet
facet normal 0 0 -1
outer loop
vertex 218.0472121312782 -136.49096778091274 3
vertex 217.81618733075646 -136.92318478254882 3
vertex 217.81618733075643 -136.92318478254887 0
endloop
endfacet
facet normal 0 0 -1
outer loop
vertex 218.0472121312782 -136.49096778091274 3
vertex 217.81618733075643 -136.92318478254887 0
vertex 217.81784767402692 -136.9200784987714 0
endloop
endfacet
facet normal 0 0 -1
outer loop
vertex 218.0472121312782 -136.49096778091274 3
vertex 217.81784767402692 -136.9200784987714 0
vertex 217.89193887116966 -136.7814636184454 0
endloop
endfacet
facet normal 0 0 -1
outer loop
vertex 218.0472121312782 -136.49096778091274 3
vertex 217.89193887116966 -136.7814636184454 0
vertex 217.9916488483534 -136.59491937179206 0
endloop
endfacet
facet normal 0 0 -1
outer loop
vertex 218.0472121312782 -136.49096778091274 3
vertex 217.9916488483534 -136.59491937179206 0
vertex 218.04721213127817 -136.49096778091277 0
endloop
endfacet
facet normal 0 0 1
outer loop
vertex 218.18947650100804 -136.02198500504034 3
vertex 218.16329788135621 -136.10828434855225 3
vertex 218.08463092493488 -136.3676145495152 3
endloop
endfacet
facet normal 0 0 1
outer loop
vertex 218.18947650100804 -136.02198500504034 3
vertex 218.08463092493488 -136.3676145495152 3
vertex 218.0472121312782 -136.49096778091274 3
endloop
endfacet
facet normal 0 0 1
outer loop
vertex 218.18947650100804 -136.02198500504034 3
vertex 218.0472121312782 -136.49096778091274 3
vertex 218.04721213127817 -136.49096778091277 0
endloop
endfacet
facet normal 0 0 1
outer loop
vertex 218.18947650100804 -136.02198500504034 3
vertex 218.04721213127817 -136.49096778091277 0
vertex 218.0846309249349 -136.36761454951514 0
endloop
endfacet
facet normal 0 0 1
outer loop
vertex 218.18947650100804 -136.02198500504034 3
vertex 218.0846309249349 -136.36761454951514 0
vertex 218.16329788135627 -136.10828434855216 0
endloop
endfacet
facet normal 0 0 1
outer loop
vertex 218.18947650100804 -136.02198500504034 3
vertex 218.16329788135627 -136.10828434855216 0
vertex 218.18947650100804 -136.02198500504042 0
endloop
endfacet
facet normal 0 0 1
outer loop
vertex 233.45 -93.1999999999998 3
vertex 233.42117792060284 -93.49263548304413 3
vertex 233.40196320100804 -93.68772580504039 3
endloop
endfacet
facet normal 0 0 1
outer loop
vertex 233.45 -93.1999999999998 3
vertex 233.40196320100804 -93.68772580504039 3
vertex 233.4019632010081 -93.68772580504026 0
endloop
endfacet
facet normal 0 0 1
outer loop
vertex 233.45 -93.1999999999998 3
vertex 233.4019632010081 -93.68772580504026 0
vertex 233.4211779206029 -93.49263548304395 0
endloop
endfacet
facet normal 0 0 1
outer loop
vertex 233.45 -93.1999999999998 3
vertex 233.4211779206029 -93.49263548304395 0
vertex 233.45000000000002 -93.19999999999979 0
endloop
endfacet
facet normal 0 0 1
outer loop
vertex 233.4019632010081 -92.71227419495979 3
vertex 233.42117792060648 -92.90736451699232 3
vertex 233.45 -93.1999999999998 3
endloop
endfacet
facet normal 0 0 1
outer loop
vertex 233.4019632010081 -92.71227419495979 3
vertex 233.45 -93.1999999999998 3
vertex 233.45000000000002 -93.19999999999979 0
endloop
endfacet
facet normal 0 0 1
outer loop
vertex 233.4019632010081 -92.71227419495979 3
vertex 233.45000000000002 -93.19999999999979 0
vertex 233.42117792060654 -92.90736451699244 0
endloop
endfacet
facet normal 0 0 1
outer loop
vertex 233.4019632010081 -92.71227419495979 3
vertex 233.42117792060654 -92.90736451699244 0
vertex 233.40196320100816 -92.71227419495992 0
endloop
endfacet
facet normal 0 0 -1
outer loop
vertex 233.2596988312782 -92.24329141908726 3
vertex 233.29711762492855 -92.36664465046387 3
vertex 233.37578458135368 -92.62597485143937 3
endloop
endfacet
facet normal 0 0 -1
outer loop
vertex 233.2596988312782 -92.24329141908726 3
vertex 233.37578458135368 -92.62597485143937 3
vertex 233.4019632010081 -92.71227419495979 3
endloop
endfacet
facet normal 0 0 -1
outer loop
vertex 233.2596988312782 -92.24329141908726 3
vertex 233.4019632010081 -92.71227419495979 3
vertex 233.40196320100816 -92.71227419495992 0
endloop
endfacet
facet normal 0 0 -1
outer loop
vertex 233.2596988312782 -92.24329141908726 3
vertex 233.40196320100816 -92.71227419495992 0
vertex 233.3757845813538 -92.62597485143966 0
endloop
endfacet
facet normal 0 0 -1
outer loop
vertex 233.2596988312782 -92.24329141908726 3
vertex 233.3757845813538 -92.62597485143966 0
vertex 233.29711762492852 -92.3666446504638 0
endloop
endfacet
facet normal 0 0 -1
outer loop
vertex 233.2596988312782 -92.24329141908726 3
vertex 233.29711762492852 -92.3666446504638 0
vertex 233.25969883127826 -92.24329141908744 0
endloop
endfacet
facet normal 0 0 1
outer loop
vertex 233.02867403075638 -91.81107441745101 3
vertex 233.03033437402428 -91.81418070122366 3
vertex 233.10442557116158 -91.95279558153952 3
endloop
endfacet
facet normal 0 0 1
outer loop
vertex 233.02867403075638 -91.81107441745101 3
vertex 233.10442557116158 -91.95279558153952 3
vertex 233.20413554837364 -92.13933982824578 3
endloop
endfacet
facet normal 0 0 1
outer loop
vertex 233.02867403075638 -91.81107441745101 3
vertex 233.20413554837364 -92.13933982824578 3
vertex 233.2596988312782 -92.24329141908726 3
endloop
endfacet
facet normal 0 0 1
outer loop
vertex 233.02867403075638 -91.81107441745101 3
vertex 233.2596988312782 -92.24329141908726 3
vertex 233.25969883127826 -92.24329141908744 0
endloop
endfacet
facet normal 0 0 1
outer loop
vertex 233.02867403075638 -91.81107441745101 3
vertex 233.25969883127826 -92.24329141908744 0
vertex 233.20413554837353 -92.13933982824567 0
endloop
endfacet
facet normal 0 0 1
outer loop
vertex 233.02867403075638 -91.81107441745101 3
vertex 233.20413554837353 -92.13933982824567 0
vertex 233.10442557116158 -91.95279558153959 0
endloop
endfacet
facet normal 0 0 1
outer loop
vertex 233.02867403075638 -91.81107441745101 3
vertex 233.10442557116158 -91.95279558153959 0
vertex 233.03033437402422 -91.81418070122363 0
endloop
endfacet
facet normal 0 0 1
outer loop
vertex 233.02867403075638 -91.81107441745101 3
vertex 233.03033437402422 -91.81418070122363 0
vertex 233.02867403075626 -91.81107441745091 0
endloop
endfacet
facet normal 0 0 -1
outer loop
vertex 232.71776695296649 -91.43223304703375 3
vertex 232.93751761215086 -91.70000000000019 3
vertex 232.96117128141796 -91.72882207939526 3
endloop
endfacet
facet normal 0 0 -1
outer loop
vertex 232.71776695296649 -91.43223304703375 3
vertex 232.96117128141796 -91.72882207939526 3
vertex 233.02867403075638 -91.81107441745101 3
endloop
endfacet
facet normal 0 0 -1
outer loop
vertex 232.71776695296649 -91.43223304703375 3
vertex 233.02867403075638 -91.81107441745101 3
vertex 233.02867403075626 -91.81107441745091 0
endloop
endfacet
facet normal 0 0 -1
outer loop
vertex 232.71776695296649 -91.43223304703375 3
vertex 233.02867403075626 -91.81107441745091 0
vertex 232.96117128141793 -91.72882207939527 0
endloop
endfacet
facet normal 0 0 -1
outer loop
vertex 232.71776695296649 -91.43223304703375 3
vertex 232.96117128141793 -91.72882207939527 0
vertex 232.93751761215083 -91.7000000000002 0
endloop
endfacet
facet normal 0 0 -1
outer loop
vertex 232.71776695296649 -91.43223304703375 3
vertex 232.93751761215083 -91.7000000000002 0
vertex 232.71776695296634 -91.4322330470336 0
endloop
endfacet
facet normal 0.6343932841636208 0.7730104533627572 0
outer loop
vertex 232.3389255825489 -91.12132596924359 3
vertex 232.71776695296649 -91.43223304703375 3
vertex 232.71776695296634 -91.4322330470336 0
endloop
endfacet
facet normal 0.6343932841636208 0.7730104533627572 0
outer loop
vertex 232.3389255825489 -91.12132596924359 3
vertex 232.71776695296634 -91.4322330470336 0
vertex 232.338925582549 -91.12132596924364 0
endloop
endfacet
facet normal 0.4713967368259909 0.8819212643483587 0
outer loop
vertex 231.90670858091272 -90.89030116872178 3
vertex 232.3389255825489 -91.12132596924359 3
vertex 232.338925582549 -91.12132596924364 0
endloop
endfacet
facet normal 0.4713967368259909 0.8819212643483587 0
outer loop
vertex 231.90670858091272 -90.89030116872178 3
vertex 232.338925582549 -91.12132596924364 0
vertex 231.9067085809127 -90.89030116872178 0
endloop
endfacet
facet normal 0.29028467725446194 0.956940335732209 0
outer loop
vertex 231.43772580504043 -90.74803679899195 3
vertex 231.90670858091272 -90.89030116872178 3
vertex 231.9067085809127 -90.89030116872178 0
endloop
endfacet
facet normal 0.29028467725446194 0.956940335732209 0
outer loop
vertex 231.43772580504043 -90.74803679899195 3
vertex 231.9067085809127 -90.89030116872178 0
vertex 231.43772580504034 -90.74803679899193 0
endloop
endfacet
facet normal 0.09801714032957415 0.9951847266721956 0
outer loop
vertex 230.9499999999999 -90.7 3
vertex 231.43772580504043 -90.74803679899195 3
vertex 231.43772580504034 -90.74803679899193 0
endloop
endfacet
facet normal 0.09801714032957415 0.9951847266721956 0
outer loop
vertex 230.9499999999999 -90.7 3
vertex 231.43772580504034 -90.74803679899193 0
vertex 230.94999999999996 -90.7 0
endloop
endfacet
facet normal -0.09801714032957415 0.9951847266721956 0
outer loop
vertex 230.46227419495958 -90.74803679899195 3
vertex 230.9499999999999 -90.7 3
vertex 230.94999999999996 -90.7 0
endloop
endfacet
facet normal -0.09801714032957415 0.9951847266721956 0
outer loop
vertex 230.46227419495958 -90.74803679899195 3
vertex 230.94999999999996 -90.7 0
vertex 230.46227419495963 -90.74803679899193 0
endloop
endfacet
facet normal -0.2902846772544479 0.9569403357322133 0
outer loop
vertex 229.99329141908746 -90.89030116872178 3
vertex 230.46227419495958 -90.74803679899195 3
vertex 230.46227419495963 -90.74803679899193 0
endloop
endfacet
facet normal -0.2902846772544479 0.9569403357322133 0
outer loop
vertex 229.99329141908746 -90.89030116872178 3
vertex 230.46227419495963 -90.74803679899193 0
vertex 229.99329141908743 -90.89030116872178 0
endloop
endfacet
facet normal -0.4713967368259914 0.8819212643483584 0
outer loop
vertex 229.56107441745084 -91.12132596924359 3
vertex 229.99329141908746 -90.89030116872178 3
vertex 229.99329141908743 -90.89030116872178 0
endloop
endfacet
facet normal -0.4713967368259914 0.8819212643483584 0
outer loop
vertex 229.56107441745084 -91.12132596924359 3
vertex 229.99329141908743 -90.89030116872178 0
vertex 229.56107441745095 -91.12132596924364 0
endloop
endfacet
facet normal -0.6343932841636518 0.7730104533627319 0
outer loop
vertex 229.1822330470337 -91.43223304703375 3
vertex 229.56107441745084 -91.12132596924359 3
vertex 229.56107441745095 -91.12132596924364 0
endloop
endfacet
facet normal -0.6343932841636518 0.7730104533627319 0
outer loop
vertex 229.1822330470337 -91.43223304703375 3
vertex 229.56107441745095 -91.12132596924364 0
vertex 229.18223304703366 -91.4322330470336 0
endloop
endfacet
facet normal 0 0 1
outer loop
vertex 228.87132596924357 -91.81107441745101 3
vertex 228.93882871858202 -91.72882207939526 3
vertex 228.96248238784912 -91.70000000000019 3
endloop
endfacet
facet normal 0 0 1
outer loop
vertex 228.87132596924357 -91.81107441745101 3
vertex 228.96248238784912 -91.70000000000019 3
vertex 229.1822330470337 -91.43223304703375 3
endloop
endfacet
facet normal 0 0 1
outer loop
vertex 228.87132596924357 -91.81107441745101 3
vertex 229.1822330470337 -91.43223304703375 3
vertex 229.18223304703366 -91.4322330470336 0
endloop
endfacet
facet normal 0 0 1
outer loop
vertex 228.87132596924357 -91.81107441745101 3
vertex 229.18223304703366 -91.4322330470336 0
vertex 228.9624823878491 -91.7000000000002 0
endloop
endfacet
facet normal 0 0 1
outer loop
vertex 228.87132596924357 -91.81107441745101 3
vertex 228.9624823878491 -91.7000000000002 0
vertex 228.938828718582 -91.72882207939527 0
endloop
endfacet
facet normal 0 0 1
outer loop
vertex 228.87132596924357 -91.81107441745101 3
vertex 228.938828718582 -91.72882207939527 0
vertex 228.87132596924363 -91.81107441745091 0
endloop
endfacet
facet normal 0 0 1
outer loop
vertex 228.64030116872183 -92.24329141908726 3
vertex 228.6958644516264 -92.13933982824578 3
vertex 228.7955744288384 -91.95279558153952 3
endloop
endfacet
facet normal 0 0 1
outer loop
vertex 228.64030116872183 -92.24329141908726 3
vertex 228.7955744288384 -91.95279558153952 3
vertex 228.86966562597567 -91.81418070122366 3
endloop
endfacet
facet normal 0 0 1
outer loop
vertex 228.64030116872183 -92.24329141908726 3
vertex 228.86966562597567 -91.81418070122366 3
vertex 228.87132596924357 -91.81107441745101 3
endloop
endfacet
facet normal 0 0 1
outer loop
vertex 228.64030116872183 -92.24329141908726 3
vertex 228.87132596924357 -91.81107441745101 3
vertex 228.87132596924363 -91.81107441745091 0
endloop
endfacet
facet normal 0 0 1
outer loop
vertex 228.64030116872183 -92.24329141908726 3
vertex 228.87132596924363 -91.81107441745091 0
vertex 228.8696656259757 -91.81418070122363 0
endloop
endfacet
facet normal 0 0 1
outer loop
vertex 228.64030116872183 -92.24329141908726 3
vertex 228.8696656259757 -91.81418070122363 0
vertex 228.7955744288384 -91.95279558153959 0
endloop
endfacet
facet normal 0 0 1
outer loop
vertex 228.64030116872183 -92.24329141908726 3
vertex 228.7955744288384 -91.95279558153959 0
vertex 228.6958644516265 -92.13933982824567 0
endloop
endfacet
facet normal 0 0 1
outer loop
vertex 228.64030116872183 -92.24329141908726 3
vertex 228.6958644516265 -92.13933982824567 0
vertex 228.6403011687218 -92.24329141908744 0
endloop
endfacet
facet normal 0 0 -1
outer loop
vertex 228.49803679899185 -92.71227419495979 3
vertex 228.52421541864626 -92.62597485143937 3
vertex 228.60288237507146 -92.36664465046387 3
endloop
endfacet
facet normal 0 0 -1
outer loop
vertex 228.49803679899185 -92.71227419495979 3
vertex 228.60288237507146 -92.36664465046387 3
vertex 228.64030116872183 -92.24329141908726 3
endloop
endfacet
facet normal 0 0 -1
outer loop
vertex 228.49803679899185 -92.71227419495979 3
vertex 228.64030116872183 -92.24329141908726 3
vertex 228.6403011687218 -92.24329141908744 0
endloop
endfacet
facet normal 0 0 -1
outer loop
vertex 228.49803679899185 -92.71227419495979 3
vertex 228.6403011687218 -92.24329141908744 0
vertex 228.60288237507146 -92.3666446504638 0
endloop
endfacet
facet normal 0 0 -1
outer loop
vertex 228.49803679899185 -92.71227419495979 3
vertex 228.60288237507146 -92.3666446504638 0
vertex 228.5242154186462 -92.62597485143966 0
endloop
endfacet
facet normal 0 0 -1
outer loop
vertex 228.49803679899185 -92.71227419495979 3
vertex 228.5242154186462 -92.62597485143966 0
vertex 228.49803679899185 -92.71227419495992 0
endloop
endfacet
facet normal 0 0 -1
outer loop
vertex 228.45 -93.1999999999998 3
vertex 228.47882207939347 -92.90736451699232 3
vertex 228.49803679899185 -92.71227419495979 3
endloop
endfacet
facet normal 0 0 -1
outer loop
vertex 228.45 -93.1999999999998 3
vertex 228.49803679899185 -92.71227419495979 3
vertex 228.49803679899185 -92.71227419495992 0
endloop
endfacet
facet normal 0 0 -1
outer loop
vertex 228.45 -93.1999999999998 3
vertex 228.49803679899185 -92.71227419495992 0
vertex 228.47882207939347 -92.90736451699244 0
endloop
endfacet
facet normal 0 0 -1
outer loop
vertex 228.45 -93.1999999999998 3
vertex 228.47882207939347 -92.90736451699244 0
vertex 228.45 -93.19999999999979 0
endloop
endfacet
facet normal 0 0 -1
outer loop
vertex 228.49803679899196 -93.68772580504039 3
vertex 228.47882207939713 -93.49263548304413 3
vertex 228.45 -93.1999999999998 3
endloop
endfacet
facet normal 0 0 -1
outer loop
vertex 228.49803679899196 -93.68772580504039 3
vertex 228.45 -93.1999999999998 3
vertex 228.45 -93.19999999999979 0
endloop
endfacet
facet normal 0 0 -1
outer loop
vertex 228.49803679899196 -93.68772580504039 3
vertex 228.45 -93.19999999999979 0
vertex 228.47882207939713 -93.49263548304395 0
endloop
endfacet
facet normal 0 0 -1
outer loop
vertex 228.49803679899196 -93.68772580504039 3
vertex 228.47882207939713 -93.49263548304395 0
vertex 228.49803679899193 -93.68772580504026 0
endloop
endfacet
facet normal 0 0 1
outer loop
vertex 228.64030116872172 -94.1567085809128 3
vertex 228.6028823750749 -94.03335534954773 3
vertex 228.52421541863424 -93.77402514852095 3
endloop
endfacet
facet normal 0 0 1
outer loop
vertex 228.64030116872172 -94.1567085809128 3
vertex 228.52421541863424 -93.77402514852095 3
vertex 228.49803679899196 -93.68772580504039 3
endloop
endfacet
facet normal 0 0 1
outer loop
vertex 228.64030116872172 -94.1567085809128 3
vertex 228.49803679899196 -93.68772580504039 3
vertex 228.49803679899193 -93.68772580504026 0
endloop
endfacet
facet normal 0 0 1
outer loop
vertex 228.64030116872172 -94.1567085809128 3
vertex 228.49803679899193 -93.68772580504026 0
vertex 228.5242154186343 -93.7740251485211 0
endloop
endfacet
facet normal 0 0 1
outer loop
vertex 228.64030116872172 -94.1567085809128 3
vertex 228.5242154186343 -93.7740251485211 0
vertex 228.60288237507496 -94.03335534954769 0
endloop
endfacet
facet normal 0 0 1
outer loop
vertex 228.64030116872172 -94.1567085809128 3
vertex 228.60288237507496 -94.03335534954769 0
vertex 228.64030116872178 -94.1567085809127 0
endloop
endfacet
facet normal 0 0 -1
outer loop
vertex 228.87132596924366 -94.5889255825489 3
vertex 228.8696656259727 -94.58581929877052 3
vertex 228.79557442882808 -94.44720441844105 3
endloop
endfacet
facet normal 0 0 -1
outer loop
vertex 228.87132596924366 -94.5889255825489 3
vertex 228.79557442882808 -94.44720441844105 3
vertex 228.69586445164506 -94.26066017178918 3
endloop
endfacet
facet normal 0 0 -1
outer loop
vertex 228.87132596924366 -94.5889255825489 3
vertex 228.69586445164506 -94.26066017178918 3
vertex 228.64030116872172 -94.1567085809128 3
endloop
endfacet
facet normal 0 0 -1
outer loop
vertex 228.87132596924366 -94.5889255825489 3
vertex 228.64030116872172 -94.1567085809128 3
vertex 228.64030116872178 -94.1567085809127 0
endloop
endfacet
facet normal 0 0 -1
outer loop
vertex 228.87132596924366 -94.5889255825489 3
vertex 228.64030116872178 -94.1567085809127 0
vertex 228.695864451645 -94.26066017178916 0
endloop
endfacet
facet normal 0 0 -1
outer loop
vertex 228.87132596924366 -94.5889255825489 3
vertex 228.695864451645 -94.26066017178916 0
vertex 228.79557442882796 -94.44720441844099 0
endloop
endfacet
facet normal 0 0 -1
outer loop
vertex 228.87132596924366 -94.5889255825489 3
vertex 228.79557442882796 -94.44720441844099 0
vertex 228.8696656259726 -94.58581929877055 0
endloop
endfacet
facet normal 0 0 -1
outer loop
vertex 228.87132596924366 -94.5889255825489 3
vertex 228.8696656259726 -94.58581929877055 0
vertex 228.87132596924357 -94.58892558254894 0
endloop
endfacet
facet normal 0 0 1
outer loop
vertex 229.18223304703363 -94.96776695296649 3
vertex 228.96248238784878 -94.69999999999936 3
vertex 228.93882871857917 -94.67117792060125 3
endloop
endfacet
facet normal 0 0 1
outer loop
vertex 229.18223304703363 -94.96776695296649 3
vertex 228.93882871857917 -94.67117792060125 3
vertex 228.87132596924366 -94.5889255825489 3
endloop
endfacet
facet normal 0 0 1
outer loop
vertex 229.18223304703363 -94.96776695296649 3
vertex 228.87132596924366 -94.5889255825489 3
vertex 228.87132596924357 -94.58892558254894 0
endloop
endfacet
facet normal 0 0 1
outer loop
vertex 229.18223304703363 -94.96776695296649 3
vertex 228.87132596924357 -94.58892558254894 0
vertex 228.93882871857917 -94.67117792060122 0
endloop
endfacet
facet normal 0 0 1
outer loop
vertex 229.18223304703363 -94.96776695296649 3
vertex 228.93882871857917 -94.67117792060122 0
vertex 228.96248238784884 -94.69999999999936 0
endloop
endfacet
facet normal 0 0 1
outer loop
vertex 229.18223304703363 -94.96776695296649 3
vertex 228.96248238784884 -94.69999999999936 0
vertex 229.1822330470337 -94.96776695296633 0
endloop
endfacet
facet normal -0.6343932841636442 -0.7730104533627382 0
outer loop
vertex 229.56107441745093 -95.27867403075646 3
vertex 229.18223304703363 -94.96776695296649 3
vertex 229.1822330470337 -94.96776695296633 0
endloop
endfacet
facet normal -0.6343932841636442 -0.7730104533627382 0
outer loop
vertex 229.56107441745093 -95.27867403075646 3
vertex 229.1822330470337 -94.96776695296633 0
vertex 229.56107441745095 -95.27867403075649 0
endloop
endfacet
facet normal -0.47139673682600136 -0.8819212643483529 0
outer loop
vertex 229.99329141908734 -95.50969883127824 3
vertex 229.56107441745093 -95.27867403075646 3
vertex 229.56107441745095 -95.27867403075649 0
endloop
endfacet
facet normal -0.47139673682600136 -0.8819212643483529 0
outer loop
vertex 229.99329141908734 -95.50969883127824 3
vertex 229.56107441745095 -95.27867403075649 0
vertex 229.99329141908734 -95.50969883127826 0
endloop
endfacet
facet normal -0.2902846772544477 -0.9569403357322133 0
outer loop
vertex 230.46227419495963 -95.65196320100806 3
vertex 229.99329141908734 -95.50969883127824 3
vertex 229.99329141908734 -95.50969883127826 0
endloop
endfacet
facet normal -0.2902846772544477 -0.9569403357322133 0
outer loop
vertex 230.46227419495963 -95.65196320100806 3
vertex 229.99329141908734 -95.50969883127826 0
vertex 230.4622741949596 -95.65196320100807 0
endloop
endfacet
facet normal -0.09801714032957423 -0.9951847266721956 0
outer loop
vertex 230.95000000000007 -95.7 3
vertex 230.46227419495963 -95.65196320100806 3
vertex 230.4622741949596 -95.65196320100807 0
endloop
endfacet
facet normal -0.09801714032957423 -0.9951847266721956 0
outer loop
vertex 230.95000000000007 -95.7 3
vertex 230.4622741949596 -95.65196320100807 0
vertex 230.94999999999993 -95.7 0
endloop
endfacet
facet normal 0.09801714032957415 -0.9951847266721956 0
outer loop
vertex 231.43772580504043 -95.65196320100806 3
vertex 230.95000000000007 -95.7 3
vertex 230.94999999999993 -95.7 0
endloop
endfacet
facet normal 0.09801714032957415 -0.9951847266721956 0
outer loop
vertex 231.43772580504043 -95.65196320100806 3
vertex 230.94999999999993 -95.7 0
vertex 231.43772580504026 -95.65196320100807 0
endloop
endfacet
facet normal 0.2902846772544479 -0.9569403357322133 0
outer loop
vertex 231.90670858091275 -95.50969883127824 3
vertex 231.43772580504043 -95.65196320100806 3
vertex 231.43772580504026 -95.65196320100807 0
endloop
endfacet
facet normal 0.2902846772544479 -0.9569403357322133 0
outer loop
vertex 231.90670858091275 -95.50969883127824 3
vertex 231.43772580504026 -95.65196320100807 0
vertex 231.90670858091286 -95.50969883127826 0
endloop
endfacet
facet normal 0.47139673682601946 -0.8819212643483434 0
outer loop
vertex 232.33892558254888 -95.27867403075646 3
vertex 231.90670858091275 -95.50969883127824 3
vertex 231.90670858091286 -95.50969883127826 0
endloop
endfacet
facet normal 0.47139673682601946 -0.8819212643483434 0
outer loop
vertex 232.33892558254888 -95.27867403075646 3
vertex 231.90670858091286 -95.50969883127826 0
vertex 232.3389255825488 -95.27867403075649 0
endloop
endfacet
facet normal 0.6343932841636518 -0.7730104533627319 0
outer loop
vertex 232.7177669529662 -94.96776695296649 3
vertex 232.33892558254888 -95.27867403075646 3
vertex 232.3389255825488 -95.27867403075649 0
endloop
endfacet
facet normal 0.6343932841636518 -0.7730104533627319 0
outer loop
vertex 232.7177669529662 -94.96776695296649 3
vertex 232.3389255825488 -95.27867403075649 0
vertex 232.71776695296637 -94.96776695296633 0
endloop
endfacet
facet normal 0 0 -1
outer loop
vertex 233.0286740307564 -94.5889255825489 3
vertex 232.96117128142077 -94.67117792060125 3
vertex 232.93751761215114 -94.69999999999936 3
endloop
endfacet
facet normal 0 0 -1
outer loop
vertex 233.0286740307564 -94.5889255825489 3
vertex 232.93751761215114 -94.69999999999936 3
vertex 232.7177669529662 -94.96776695296649 3
endloop
endfacet
facet normal 0 0 -1
outer loop
vertex 233.0286740307564 -94.5889255825489 3
vertex 232.7177669529662 -94.96776695296649 3
vertex 232.71776695296637 -94.96776695296633 0
endloop
endfacet
facet normal 0 0 -1
outer loop
vertex 233.0286740307564 -94.5889255825489 3
vertex 232.71776695296637 -94.96776695296633 0
vertex 232.9375176121512 -94.69999999999936 0
endloop
endfacet
facet normal 0 0 -1
outer loop
vertex 233.0286740307564 -94.5889255825489 3
vertex 232.9375176121512 -94.69999999999936 0
vertex 232.96117128142083 -94.67117792060122 0
endloop
endfacet
facet normal 0 0 -1
outer loop
vertex 233.0286740307564 -94.5889255825489 3
vertex 232.96117128142083 -94.67117792060122 0
vertex 233.0286740307564 -94.58892558254894 0
endloop
endfacet
facet normal 0 0 1
outer loop
vertex 233.25969883127817 -94.1567085809128 3
vertex 233.20413554835494 -94.26066017178918 3
vertex 233.10442557117196 -94.44720441844105 3
endloop
endfacet
facet normal 0 0 1
outer loop
vertex 233.25969883127817 -94.1567085809128 3
vertex 233.10442557117196 -94.44720441844105 3
vertex 233.03033437402738 -94.58581929877052 3
endloop
endfacet
facet normal 0 0 1
outer loop
vertex 233.25969883127817 -94.1567085809128 3
vertex 233.03033437402738 -94.58581929877052 3
vertex 233.0286740307564 -94.5889255825489 3
endloop
endfacet
facet normal 0 0 1
outer loop
vertex 233.25969883127817 -94.1567085809128 3
vertex 233.0286740307564 -94.5889255825489 3
vertex 233.0286740307564 -94.58892558254894 0
endloop
endfacet
facet normal 0 0 1
outer loop
vertex 233.25969883127817 -94.1567085809128 3
vertex 233.0286740307564 -94.58892558254894 0
vertex 233.03033437402738 -94.58581929877055 0
endloop
endfacet
facet normal 0 0 1
outer loop
vertex 233.25969883127817 -94.1567085809128 3
vertex 233.03033437402738 -94.58581929877055 0
vertex 233.10442557117202 -94.44720441844099 0
endloop
endfacet
facet normal 0 0 1
outer loop
vertex 233.25969883127817 -94.1567085809128 3
vertex 233.10442557117202 -94.44720441844099 0
vertex 233.20413554835497 -94.26066017178916 0
endloop
endfacet
facet normal 0 0 1
outer loop
vertex 233.25969883127817 -94.1567085809128 3
vertex 233.20413554835497 -94.26066017178916 0
vertex 233.25969883127823 -94.1567085809127 0
endloop
endfacet
facet normal 0 0 -1
outer loop
vertex 233.40196320100804 -93.68772580504039 3
vertex 233.37578458136574 -93.77402514852095 3
vertex 233.29711762492502 -94.03335534954773 3
endloop
endfacet
facet normal 0 0 -1
outer loop
vertex 233.40196320100804 -93.68772580504039 3
vertex 233.29711762492502 -94.03335534954773 3
vertex 233.25969883127817 -94.1567085809128 3
endloop
endfacet
facet normal 0 0 -1
outer loop
vertex 233.40196320100804 -93.68772580504039 3
vertex 233.25969883127817 -94.1567085809128 3
vertex 233.25969883127823 -94.1567085809127 0
endloop
endfacet
facet normal 0 0 -1
outer loop
vertex 233.40196320100804 -93.68772580504039 3
vertex 233.25969883127823 -94.1567085809127 0
vertex 233.29711762492505 -94.03335534954769 0
endloop
endfacet
facet normal 0 0 -1
outer loop
vertex 233.40196320100804 -93.68772580504039 3
vertex 233.29711762492505 -94.03335534954769 0
vertex 233.3757845813657 -93.7740251485211 0
endloop
endfacet
facet normal 0 0 -1
outer loop
vertex 233.40196320100804 -93.68772580504039 3
vertex 233.3757845813657 -93.7740251485211 0
vertex 233.4019632010081 -93.68772580504026 0
endloop
endfacet
facet normal -0.9951847266721956 0.09801714032957415 0
outer loop
vertex 130.97117792060416 -58.54263548302869 3
vertex 130.99999999999957 -58.25000000000004 3
vertex 130.99999999999943 -58.250000000000014 0
endloop
endfacet
facet normal -0.9951847266721956 0.09801714032957415 0
outer loop
vertex 130.97117792060416 -58.54263548302869 3
vertex 130.99999999999943 -58.250000000000014 0
vertex 130.971177920604 -58.54263548302866 0
endloop
endfacet
facet normal -0.9951847266721957 -0.09801714032957415 0
outer loop
vertex 130.99999999999957 -58.25000000000004 3
vertex 130.97117792060405 -57.95736451697409 3
vertex 130.97117792060394 -57.957364516974216 0
endloop
endfacet
facet normal -0.9951847266721957 -0.09801714032957415 0
outer loop
vertex 130.99999999999957 -58.25000000000004 3
vertex 130.97117792060394 -57.957364516974216 0
vertex 130.99999999999943 -58.250000000000014 0
endloop
endfacet
facet normal -0.9569403357322133 -0.2902846772544479 0
outer loop
vertex 130.97117792060405 -57.95736451697409 3
vertex 130.885819298766 -57.67597485145064 3
vertex 130.88581929876597 -57.67597485145053 0
endloop
endfacet
facet normal -0.9569403357322133 -0.2902846772544479 0
outer loop
vertex 130.97117792060405 -57.95736451697409 3
vertex 130.88581929876597 -57.67597485145053 0
vertex 130.97117792060394 -57.957364516974216 0
endloop
endfacet
facet normal -0.881921264348327 -0.4713967368260505 0
outer loop
vertex 130.885819298766 -57.67597485145064 3
vertex 130.7472044184517 -57.41664465046667 3
vertex 130.7472044184518 -57.4166446504668 0
endloop
endfacet
facet normal -0.881921264348327 -0.4713967368260505 0
outer loop
vertex 130.885819298766 -57.67597485145064 3
vertex 130.7472044184518 -57.4166446504668 0
vertex 130.88581929876597 -57.67597485145053 0
endloop
endfacet
facet normal -0.7730104533627763 -0.6343932841635977 0
outer loop
vertex 130.7472044184517 -57.41664465046667 3
vertex 130.56066017178236 -57.189339828221904 3
vertex 130.56066017178233 -57.18933982822189 0
endloop
endfacet
facet normal -0.7730104533627763 -0.6343932841635977 0
outer loop
vertex 130.7472044184517 -57.41664465046667 3
vertex 130.56066017178233 -57.18933982822189 0
vertex 130.7472044184518 -57.4166446504668 0
endloop
endfacet
facet normal -0.6343932841636208 -0.7730104533627572 0
outer loop
vertex 130.56066017178236 -57.189339828221904 3
vertex 130.33335534952454 -57.002795581541854 3
vertex 130.3333553495245 -57.00279558154184 0
endloop
endfacet
facet normal -0.6343932841636208 -0.7730104533627572 0
outer loop
vertex 130.56066017178236 -57.189339828221904 3
vertex 130.3333553495245 -57.00279558154184 0
vertex 130.56066017178233 -57.18933982822189 0
endloop
endfacet
facet normal -0.471396736826014 -0.8819212643483463 0
outer loop
vertex 130.33335534952454 -57.002795581541854 3
vertex 130.0740251485578 -56.864180701236776 3
vertex 130.07402514855784 -56.86418070123678 0
endloop
endfacet
facet normal -0.471396736826014 -0.8819212643483463 0
outer loop
vertex 130.33335534952454 -57.002795581541854 3
vertex 130.07402514855784 -56.86418070123678 0
vertex 130.3333553495245 -57.00279558154184 0
endloop
endfacet
facet normal -0.29028467725444956 -0.9569403357322128 0
outer loop
vertex 130.0740251485578 -56.864180701236776 3
vertex 129.79263548302168 -56.77882207939502 3
vertex 129.79263548302166 -56.77882207939501 0
endloop
endfacet
facet normal -0.29028467725444956 -0.9569403357322128 0
outer loop
vertex 130.0740251485578 -56.864180701236776 3
vertex 129.79263548302166 -56.77882207939501 0
vertex 130.07402514855784 -56.86418070123678 0
endloop
endfacet
facet normal -0.0980171403295671 -0.9951847266721963 0
outer loop
vertex 129.79263548302168 -56.77882207939502 3
vertex 129.50000000000318 -56.750000000000426 3
vertex 129.50000000000318 -56.75000000000042 0
endloop
endfacet
facet normal -0.0980171403295671 -0.9951847266721963 0
outer loop
vertex 129.79263548302168 -56.77882207939502 3
vertex 129.50000000000318 -56.75000000000042 0
vertex 129.79263548302166 -56.77882207939501 0
endloop
endfacet
facet normal 0.09801714032955997 -0.9951847266721969 0
outer loop
vertex 129.50000000000318 -56.750000000000426 3
vertex 129.20736451697073 -56.77882207939502 3
vertex 129.20736451698468 -56.77882207939501 0
endloop
endfacet
facet normal 0.09801714032955997 -0.9951847266721969 0
outer loop
vertex 129.50000000000318 -56.750000000000426 3
vertex 129.20736451698468 -56.77882207939501 0
vertex 129.50000000000318 -56.75000000000042 0
endloop
endfacet
facet normal 0.2902846772544479 -0.9569403357322133 0
outer loop
vertex 129.20736451697073 -56.77882207939502 3
vertex 128.92597485145671 -56.864180701236776 3
vertex 128.92597485143529 -56.86418070123678 0
endloop
endfacet
facet normal 0.2902846772544479 -0.9569403357322133 0
outer loop
vertex 129.20736451697073 -56.77882207939502 3
vertex 128.92597485143529 -56.86418070123678 0
vertex 129.20736451698468 -56.77882207939501 0
endloop
endfacet
facet normal 0.47139673682600847 -0.8819212643483494 0
outer loop
vertex 128.92597485145671 -56.864180701236776 3
vertex 128.66664465046858 -57.002795581541854 3
vertex 128.66664465048865 -57.00279558154184 0
endloop
endfacet
facet normal 0.47139673682600847 -0.8819212643483494 0
outer loop
vertex 128.92597485145671 -56.864180701236776 3
vertex 128.66664465048865 -57.00279558154184 0
vertex 128.92597485143529 -56.86418070123678 0
endloop
endfacet
facet normal 0.6343932841636208 -0.7730104533627572 0
outer loop
vertex 128.66664465046858 -57.002795581541854 3
vertex 128.43933982822065 -57.189339828221904 3
vertex 128.43933982821176 -57.18933982822189 0
endloop
endfacet
facet normal 0.6343932841636208 -0.7730104533627572 0
outer loop
vertex 128.66664465046858 -57.002795581541854 3
vertex 128.43933982821176 -57.18933982822189 0
vertex 128.66664465048865 -57.00279558154184 0
endloop
endfacet
facet normal 0.7730104533627769 -0.634393284163597 0
outer loop
vertex 128.43933982822065 -57.189339828221904 3
vertex 128.25279558154523 -57.41664465046667 3
vertex 128.252795581551 -57.4166446504668 0
endloop
endfacet
facet normal 0.7730104533627769 -0.634393284163597 0
outer loop
vertex 128.43933982822065 -57.189339828221904 3
vertex 128.252795581551 -57.4166446504668 0
vertex 128.43933982821176 -57.18933982822189 0
endloop
endfacet
facet normal 0.8819212643483402 -0.47139673682602534 0
outer loop
vertex 128.25279558154523 -57.41664465046667 3
vertex 128.11418070123355 -57.67597485145064 3
vertex 128.11418070123145 -57.67597485145053 0
endloop
endfacet
facet normal 0.8819212643483402 -0.47139673682602534 0
outer loop
vertex 128.25279558154523 -57.41664465046667 3
vertex 128.11418070123145 -57.67597485145053 0
vertex 128.252795581551 -57.4166446504668 0
endloop
endfacet
facet normal 0.9569403357322133 -0.2902846772544479 0
outer loop
vertex 128.11418070123355 -57.67597485145064 3
vertex 128.02882207939456 -57.95736451697409 3
vertex 128.02882207939558 -57.957364516974216 0
endloop
endfacet
facet normal 0.9569403357322133 -0.2902846772544479 0
outer loop
vertex 128.11418070123355 -57.67597485145064 3
vertex 128.02882207939558 -57.957364516974216 0
vertex 128.11418070123145 -57.67597485145053 0
endloop
endfacet
facet normal 0.9951847266721956 -0.09801714032957415 0
outer loop
vertex 128.02882207939456 -57.95736451697409 3
vertex 128.00000000000009 -58.25000000000004 3
vertex 127.99999999999932 -58.250000000000014 0
endloop
endfacet
facet normal 0.9951847266721956 -0.09801714032957415 0
outer loop
vertex 128.02882207939456 -57.95736451697409 3
vertex 127.99999999999932 -58.250000000000014 0
vertex 128.02882207939558 -57.957364516974216 0
endloop
endfacet
facet normal 0.9951847266721984 0.09801714032954582 0
outer loop
vertex 128.00000000000009 -58.25000000000004 3
vertex 128.02882207939612 -58.54263548302869 3
vertex 128.02882207939572 -58.54263548302866 0
endloop
endfacet
facet normal 0.9951847266721984 0.09801714032954582 0
outer loop
vertex 128.00000000000009 -58.25000000000004 3
vertex 128.02882207939572 -58.54263548302866 0
vertex 127.99999999999932 -58.250000000000014 0
endloop
endfacet
facet normal 0.9569403357322133 0.2902846772544479 0
outer loop
vertex 128.02882207939612 -58.54263548302869 3
vertex 128.11418070123116 -58.82402514854269 3
vertex 128.11418070123116 -58.82402514854265 0
endloop
endfacet
facet normal 0.9569403357322133 0.2902846772544479 0
outer loop
vertex 128.02882207939612 -58.54263548302869 3
vertex 128.11418070123116 -58.82402514854265 0
vertex 128.02882207939572 -58.54263548302866 0
endloop
endfacet
facet normal 0.8819212643483417 0.4713967368260224 0
outer loop
vertex 128.11418070123116 -58.82402514854269 3
vertex 128.25279558154108 -59.08335534951848 3
vertex 128.25279558154116 -59.08335534951856 0
endloop
endfacet
facet normal 0.8819212643483417 0.4713967368260224 0
outer loop
vertex 128.11418070123116 -58.82402514854269 3
vertex 128.25279558154116 -59.08335534951856 0
vertex 128.11418070123116 -58.82402514854265 0
endloop
endfacet
facet normal 0.7730104533627572 0.6343932841636208 0
outer loop
vertex 128.25279558154108 -59.08335534951848 3
vertex 128.4393398282401 -59.31066017179941 3
vertex 128.43933982824018 -59.310660171799476 0
endloop
endfacet
facet normal 0.7730104533627572 0.6343932841636208 0
outer loop
vertex 128.25279558154108 -59.08335534951848 3
vertex 128.43933982824018 -59.310660171799476 0
vertex 128.25279558154116 -59.08335534951856 0
endloop
endfacet
facet normal 0.6343932841636286 0.7730104533627508 0
outer loop
vertex 128.4393398282401 -59.31066017179941 3
vertex 128.66664465046765 -59.497204418454636 3
vertex 128.6666446504677 -59.49720441845467 0
endloop
endfacet
facet normal 0.6343932841636286 0.7730104533627508 0
outer loop
vertex 128.4393398282401 -59.31066017179941 3
vertex 128.6666446504677 -59.49720441845467 0
vertex 128.43933982824018 -59.310660171799476 0
endloop
endfacet
facet normal 0.47139673682600247 0.8819212643483525 0
outer loop
vertex 128.66664465046765 -59.497204418454636 3
vertex 128.92597485144347 -59.63581929876458 3
vertex 128.92597485144347 -59.635819298764574 0
endloop
endfacet
facet normal 0.47139673682600247 0.8819212643483525 0
outer loop
vertex 128.66664465046765 -59.497204418454636 3
vertex 128.92597485144347 -59.635819298764574 0
vertex 128.6666446504677 -59.49720441845467 0
endloop
endfacet
facet normal 0.2902846772544479 0.9569403357322133 0
outer loop
vertex 128.92597485144347 -59.63581929876458 3
vertex 129.20736451697638 -59.72117792060537 3
vertex 129.2073645169764 -59.72117792060537 0
endloop
endfacet
facet normal 0.2902846772544479 0.9569403357322133 0
outer loop
vertex 128.92597485144347 -59.63581929876458 3
vertex 129.2073645169764 -59.72117792060537 0
vertex 128.92597485144347 -59.635819298764574 0
endloop
endfacet
facet normal 0.09801714032955997 0.9951847266721969 0
outer loop
vertex 129.20736451697638 -59.72117792060537 3
vertex 129.49999999999923 -59.75000000000039 3
vertex 129.49999999999918 -59.750000000000384 0
endloop
endfacet
facet normal 0.09801714032955997 0.9951847266721969 0
outer loop
vertex 129.20736451697638 -59.72117792060537 3
vertex 129.49999999999918 -59.750000000000384 0
vertex 129.2073645169764 -59.72117792060537 0
endloop
endfacet
facet normal -0.09801714032955998 0.9951847266721969 0
outer loop
vertex 129.49999999999923 -59.75000000000039 3
vertex 129.79263548302202 -59.72117792060537 3
vertex 129.7926354830215 -59.72117792060537 0
endloop
endfacet
facet normal -0.09801714032955998 0.9951847266721969 0
outer loop
vertex 129.49999999999923 -59.75000000000039 3
vertex 129.7926354830215 -59.72117792060537 0
vertex 129.49999999999918 -59.750000000000384 0
endloop
endfacet
facet normal -0.2902846772544479 0.9569403357322133 0
outer loop
vertex 129.79263548302202 -59.72117792060537 3
vertex 130.07402514855443 -59.63581929876458 3
vertex 130.07402514854428 -59.635819298764574 0
endloop
endfacet
facet normal -0.2902846772544479 0.9569403357322133 0
outer loop
vertex 129.79263548302202 -59.72117792060537 3
vertex 130.07402514854428 -59.635819298764574 0
vertex 129.7926354830215 -59.72117792060537 0
endloop
endfacet
facet normal -0.47139673682602246 0.881921264348342 0
outer loop
vertex 130.07402514855443 -59.63581929876458 3
vertex 130.33335534952195 -59.497204418454636 3
vertex 130.33335534953358 -59.49720441845467 0
endloop
endfacet
facet normal -0.47139673682602246 0.881921264348342 0
outer loop
vertex 130.07402514855443 -59.63581929876458 3
vertex 130.33335534953358 -59.49720441845467 0
vertex 130.07402514854428 -59.635819298764574 0
endloop
endfacet
facet normal -0.6343932841636208 0.7730104533627572 0
outer loop
vertex 130.33335534952195 -59.497204418454636 3
vertex 130.56066017175917 -59.31066017179941 3
vertex 130.5606601717798 -59.310660171799476 0
endloop
endfacet
facet normal -0.6343932841636208 0.7730104533627572 0
outer loop
vertex 130.33335534952195 -59.497204418454636 3
vertex 130.5606601717798 -59.310660171799476 0
vertex 130.33335534953358 -59.49720441845467 0
endloop
endfacet
facet normal -0.7730104533627642 0.6343932841636124 0
outer loop
vertex 130.56066017175917 -59.31066017179941 3
vertex 130.74720441847097 -59.08335534951848 3
vertex 130.74720441845324 -59.08335534951856 0
endloop
endfacet
facet normal -0.7730104533627642 0.6343932841636124 0
outer loop
vertex 130.56066017175917 -59.31066017179941 3
vertex 130.74720441845324 -59.08335534951856 0
vertex 130.5606601717798 -59.310660171799476 0
endloop
endfacet
facet normal -0.8819212643483402 0.47139673682602534 0
outer loop
vertex 130.74720441847097 -59.08335534951848 3
vertex 130.88581929876736 -58.82402514854269 3
vertex 130.88581929876736 -58.82402514854265 0
endloop
endfacet
facet normal -0.8819212643483402 0.47139673682602534 0
outer loop
vertex 130.74720441847097 -59.08335534951848 3
vertex 130.88581929876736 -58.82402514854265 0
vertex 130.74720441845324 -59.08335534951856 0
endloop
endfacet
facet normal -0.9569403357322133 0.2902846772544479 0
outer loop
vertex 130.88581929876736 -58.82402514854269 3
vertex 130.97117792060416 -58.54263548302869 3
vertex 130.971177920604 -58.54263548302866 0
endloop
endfacet
facet normal -0.9569403357322133 0.2902846772544479 0
outer loop
vertex 130.88581929876736 -58.82402514854269 3
vertex 130.971177920604 -58.54263548302866 0
vertex 130.88581929876736 -58.82402514854265 0
endloop
endfacet
facet normal -0.9951847266721956 0.09801714032957415 0
outer loop
vertex 129.97117792060254 -110.79263548302269 3
vertex 129.99999999999872 -110.4999999999999 3
vertex 129.99999999999935 -110.49999999999996 0
endloop
endfacet
facet normal -0.9951847266721956 0.09801714032957415 0
outer loop
vertex 129.97117792060254 -110.79263548302269 3
vertex 129.99999999999935 -110.49999999999996 0
vertex 129.97117792060374 -110.7926354830227 0
endloop
endfacet
facet normal -0.9951847266721956 -0.09801714032957415 0
outer loop
vertex 129.99999999999872 -110.4999999999999 3
vertex 129.9711779206041 -110.20736451697405 3
vertex 129.97117792060462 -110.20736451697404 0
endloop
endfacet
facet normal -0.9951847266721956 -0.09801714032957415 0
outer loop
vertex 129.99999999999872 -110.4999999999999 3
vertex 129.97117792060462 -110.20736451697404 0
vertex 129.99999999999935 -110.49999999999996 0
endloop
endfacet
facet normal -0.9569403357322133 -0.2902846772544479 0
outer loop
vertex 129.9711779206041 -110.20736451697405 3
vertex 129.8858192987699 -109.92597485146102 3
vertex 129.88581929876983 -109.92597485146091 0
endloop
endfacet
facet normal -0.9569403357322133 -0.2902846772544479 0
outer loop
vertex 129.9711779206041 -110.20736451697405 3
vertex 129.88581929876983 -109.92597485146091 0
vertex 129.97117792060462 -110.20736451697404 0
endloop
endfacet
facet normal -0.8819212643483411 -0.4713967368260239 0
outer loop
vertex 129.8858192987699 -109.92597485146102 3
vertex 129.74720441845196 -109.66664465047023 3
vertex 129.747204418452 -109.66664465047033 0
endloop
endfacet
facet normal -0.8819212643483411 -0.4713967368260239 0
outer loop
vertex 129.8858192987699 -109.92597485146102 3
vertex 129.747204418452 -109.66664465047033 0
vertex 129.88581929876983 -109.92597485146091 0
endloop
endfacet
facet normal -0.7730104533627765 -0.6343932841635973 0
outer loop
vertex 129.74720441845196 -109.66664465047023 3
vertex 129.56066017177108 -109.43933982821142 3
vertex 129.560660171771 -109.43933982821135 0
endloop
endfacet
facet normal -0.7730104533627765 -0.6343932841635973 0
outer loop
vertex 129.74720441845196 -109.66664465047023 3
vertex 129.560660171771 -109.43933982821135 0
vertex 129.747204418452 -109.66664465047033 0
endloop
endfacet
facet normal -0.6343932841636211 -0.7730104533627572 0
outer loop
vertex 129.56066017177108 -109.43933982821142 3
vertex 129.33335534954034 -109.25279558155358 3
vertex 129.33335534954034 -109.2527955815536 0
endloop
endfacet
facet normal -0.6343932841636211 -0.7730104533627572 0
outer loop
vertex 129.56066017177108 -109.43933982821142 3
vertex 129.33335534954034 -109.2527955815536 0
vertex 129.560660171771 -109.43933982821135 0
endloop
endfacet
facet normal -0.47139673682601263 -0.881921264348347 0
outer loop
vertex 129.33335534954034 -109.25279558155358 3
vertex 129.0740251485428 -109.11418070123204 3
vertex 129.07402514854275 -109.11418070123202 0
endloop
endfacet
facet normal -0.47139673682601263 -0.881921264348347 0
outer loop
vertex 129.33335534954034 -109.25279558155358 3
vertex 129.07402514854275 -109.11418070123202 0
vertex 129.33335534954034 -109.2527955815536 0
endloop
endfacet
facet normal -0.2902846772544479 -0.9569403357322133 0
outer loop
vertex 129.0740251485428 -109.11418070123204 3
vertex 128.79263548301435 -109.02882207939261 3
vertex 128.79263548301444 -109.02882207939263 0
endloop
endfacet
facet normal -0.2902846772544479 -0.9569403357322133 0
outer loop
vertex 129.0740251485428 -109.11418070123204 3
vertex 128.79263548301444 -109.02882207939263 0
vertex 129.07402514854275 -109.11418070123202 0
endloop
endfacet
facet normal -0.09801714032957415 -0.9951847266721956 0
outer loop
vertex 128.79263548301435 -109.02882207939261 3
vertex 128.50000000001168 -108.99999999999957 3
vertex 128.50000000001165 -108.99999999999957 0
endloop
endfacet
facet normal -0.09801714032957415 -0.9951847266721956 0
outer loop
vertex 128.79263548301435 -109.02882207939261 3
vertex 128.50000000001165 -108.99999999999957 0
vertex 128.79263548301444 -109.02882207939263 0
endloop
endfacet
facet normal 0.09801714032956006 -0.9951847266721969 0
outer loop
vertex 128.50000000001168 -108.99999999999957 3
vertex 128.20736451697107 -109.02882207939261 3
vertex 128.2073645170088 -109.02882207939263 0
endloop
endfacet
facet normal 0.09801714032956006 -0.9951847266721969 0
outer loop
vertex 128.50000000001168 -108.99999999999957 3
vertex 128.2073645170088 -109.02882207939263 0
vertex 128.50000000001165 -108.99999999999957 0
endloop
endfacet
facet normal 0.2902846772544479 -0.9569403357322133 0
outer loop
vertex 128.20736451697107 -109.02882207939261 3
vertex 127.92597485145967 -109.11418070123204 3
vertex 127.9259748514456 -109.11418070123202 0
endloop
endfacet
facet normal 0.2902846772544479 -0.9569403357322133 0
outer loop
vertex 128.20736451697107 -109.02882207939261 3
vertex 127.9259748514456 -109.11418070123202 0
vertex 128.2073645170088 -109.02882207939263 0
endloop
endfacet
facet normal 0.47139673682601946 -0.8819212643483434 0
outer loop
vertex 127.92597485145967 -109.11418070123204 3
vertex 127.66664465046689 -109.25279558155358 3
vertex 127.66664465046127 -109.2527955815536 0
endloop
endfacet
facet normal 0.47139673682601946 -0.8819212643483434 0
outer loop
vertex 127.92597485145967 -109.11418070123204 3
vertex 127.66664465046127 -109.2527955815536 0
vertex 127.9259748514456 -109.11418070123202 0
endloop
endfacet
facet normal 0.6343932841636674 -0.7730104533627191 0
outer loop
vertex 127.66664465046689 -109.25279558155358 3
vertex 127.4393398282194 -109.43933982821142 3
vertex 127.43933982823478 -109.43933982821135 0
endloop
endfacet
facet normal 0.6343932841636674 -0.7730104533627191 0
outer loop
vertex 127.66664465046689 -109.25279558155358 3
vertex 127.43933982823478 -109.43933982821135 0
vertex 127.66664465046127 -109.2527955815536 0
endloop
endfacet
facet normal 0.7730104533627319 -0.6343932841636518 0
outer loop
vertex 127.4393398282194 -109.43933982821142 3
vertex 127.25279558154737 -109.66664465047023 3
vertex 127.2527955815412 -109.66664465047033 0
endloop
endfacet
facet normal 0.7730104533627319 -0.6343932841636518 0
outer loop
vertex 127.4393398282194 -109.43933982821142 3
vertex 127.2527955815412 -109.66664465047033 0
vertex 127.43933982823478 -109.43933982821135 0
endloop
endfacet
facet normal 0.8819212643483553 -0.47139673682599736 0
outer loop
vertex 127.25279558154737 -109.66664465047023 3
vertex 127.11418070123455 -109.92597485146102 3
vertex 127.11418070122929 -109.92597485146091 0
endloop
endfacet
facet normal 0.8819212643483553 -0.47139673682599736 0
outer loop
vertex 127.25279558154737 -109.66664465047023 3
vertex 127.11418070122929 -109.92597485146091 0
vertex 127.2527955815412 -109.66664465047033 0
endloop
endfacet
facet normal 0.9569403357322133 -0.2902846772544479 0
outer loop
vertex 127.11418070123455 -109.92597485146102 3
vertex 127.0288220793937 -110.20736451697405 3
vertex 127.02882207939885 -110.20736451697404 0
endloop
endfacet
facet normal 0.9569403357322133 -0.2902846772544479 0
outer loop
vertex 127.11418070123455 -109.92597485146102 3
vertex 127.02882207939885 -110.20736451697404 0
vertex 127.11418070122929 -109.92597485146091 0
endloop
endfacet
facet normal 0.9951847266721984 -0.09801714032954582 0
outer loop
vertex 127.0288220793937 -110.20736451697405 3
vertex 126.99999999999966 -110.4999999999999 3
vertex 126.99999999999852 -110.49999999999996 0
endloop
endfacet
facet normal 0.9951847266721984 -0.09801714032954582 0
outer loop
vertex 127.0288220793937 -110.20736451697405 3
vertex 126.99999999999852 -110.49999999999996 0
vertex 127.02882207939885 -110.20736451697404 0
endloop
endfacet
facet normal 0.9951847266721956 0.09801714032957415 0
outer loop
vertex 126.99999999999966 -110.4999999999999 3
vertex 127.02882207939501 -110.79263548302269 3
vertex 127.02882207939471 -110.7926354830227 0
endloop
endfacet
facet normal 0.9951847266721956 0.09801714032957415 0
outer loop
vertex 126.99999999999966 -110.4999999999999 3
vertex 127.02882207939471 -110.7926354830227 0
vertex 126.99999999999852 -110.49999999999996 0
endloop
endfacet
facet normal 0.9569403357322133 0.2902846772544479 0
outer loop
vertex 127.02882207939501 -110.79263548302269 3
vertex 127.11418070123267 -111.0740251485453 3
vertex 127.11418070123266 -111.07402514854527 0
endloop
endfacet
facet normal 0.9569403357322133 0.2902846772544479 0
outer loop
vertex 127.02882207939501 -110.79263548302269 3
vertex 127.11418070123266 -111.07402514854527 0
vertex 127.02882207939471 -110.7926354830227 0
endloop
endfacet
facet normal 0.881921264348342 0.47139673682602246 0
outer loop
vertex 127.11418070123267 -111.0740251485453 3
vertex 127.25279558154526 -111.33335534952606 3
vertex 127.25279558154521 -111.33335534952599 0
endloop
endfacet
facet normal 0.881921264348342 0.47139673682602246 0
outer loop
vertex 127.11418070123267 -111.0740251485453 3
vertex 127.25279558154521 -111.33335534952599 0
vertex 127.11418070123266 -111.07402514854527 0
endloop
endfacet
facet normal 0.7730104533627061 0.6343932841636831 0
outer loop
vertex 127.25279558154526 -111.33335534952606 3
vertex 127.43933982822682 -111.56066017178567 3
vertex 127.43933982822686 -111.56066017178571 0
endloop
endfacet
facet normal 0.7730104533627061 0.6343932841636831 0
outer loop
vertex 127.25279558154526 -111.33335534952606 3
vertex 127.43933982822686 -111.56066017178571 0
vertex 127.25279558154521 -111.33335534952599 0
endloop
endfacet
facet normal 0.634393284163652 0.7730104533627318 0
outer loop
vertex 127.43933982822682 -111.56066017178567 3
vertex 127.66664465048133 -111.74720441846303 3
vertex 127.6666446504813 -111.74720441846301 0
endloop
endfacet
facet normal 0.634393284163652 0.7730104533627318 0
outer loop
vertex 127.43933982822682 -111.56066017178567 3
vertex 127.6666446504813 -111.74720441846301 0
vertex 127.43933982822686 -111.56066017178571 0
endloop
endfacet
facet normal 0.4713967368259944 0.8819212643483568 0
outer loop
vertex 127.66664465048133 -111.74720441846303 3
vertex 127.92597485143932 -111.88581929876342 3
vertex 127.9259748514393 -111.88581929876342 0
endloop
endfacet
facet normal 0.4713967368259944 0.8819212643483568 0
outer loop
vertex 127.66664465048133 -111.74720441846303 3
vertex 127.9259748514393 -111.88581929876342 0
vertex 127.6666446504813 -111.74720441846301 0
endloop
endfacet
facet normal 0.2902846772544479 0.9569403357322133 0
outer loop
vertex 127.92597485143932 -111.88581929876342 3
vertex 128.2073645169661 -111.97117792060234 3
vertex 128.2073645169661 -111.97117792060234 0
endloop
endfacet
facet normal 0.2902846772544479 0.9569403357322133 0
outer loop
vertex 127.92597485143932 -111.88581929876342 3
vertex 128.2073645169661 -111.97117792060234 0
vertex 127.9259748514393 -111.88581929876342 0
endloop
endfacet
facet normal 0.09801714032957415 0.9951847266721956 0
outer loop
vertex 128.2073645169661 -111.97117792060234 3
vertex 128.50000000001134 -111.99999999999957 3
vertex 128.50000000001148 -111.99999999999959 0
endloop
endfacet
facet normal 0.09801714032957415 0.9951847266721956 0
outer loop
vertex 128.2073645169661 -111.97117792060234 3
vertex 128.50000000001148 -111.99999999999959 0
vertex 128.2073645169661 -111.97117792060234 0
endloop
endfacet
facet normal -0.09801714032956006 0.9951847266721969 0
outer loop
vertex 128.50000000001134 -111.99999999999957 3
vertex 128.7926354830567 -111.97117792060234 3
vertex 128.79263548301958 -111.97117792060234 0
endloop
endfacet
facet normal -0.09801714032956006 0.9951847266721969 0
outer loop
vertex 128.50000000001134 -111.99999999999957 3
vertex 128.79263548301958 -111.97117792060234 0
vertex 128.50000000001148 -111.99999999999959 0
endloop
endfacet
facet normal -0.2902846772544479 0.9569403357322133 0
outer loop
vertex 128.7926354830567 -111.97117792060234 3
vertex 129.07402514854957 -111.88581929876342 3
vertex 129.07402514855 -111.88581929876342 0
endloop
endfacet
facet normal -0.2902846772544479 0.9569403357322133 0
outer loop
vertex 128.7926354830567 -111.97117792060234 3
vertex 129.07402514855 -111.88581929876342 0
vertex 128.79263548301958 -111.97117792060234 0
endloop
endfacet
facet normal -0.4713967368259914 0.8819212643483584 0
outer loop
vertex 129.07402514854957 -111.88581929876342 3
vertex 129.3333553495094 -111.74720441846303 3
vertex 129.33335534952883 -111.74720441846301 0
endloop
endfacet
facet normal -0.4713967368259914 0.8819212643483584 0
outer loop
vertex 129.07402514854957 -111.88581929876342 3
vertex 129.33335534952883 -111.74720441846301 0
vertex 129.07402514855 -111.88581929876342 0
endloop
endfacet
facet normal -0.6343932841636518 0.7730104533627319 0
outer loop
vertex 129.3333553495094 -111.74720441846303 3
vertex 129.56066017177932 -111.56066017178567 3
vertex 129.5606601717795 -111.56066017178571 0
endloop
endfacet
facet normal -0.6343932841636518 0.7730104533627319 0
outer loop
vertex 129.3333553495094 -111.74720441846303 3
vertex 129.5606601717795 -111.56066017178571 0
vertex 129.33335534952883 -111.74720441846301 0
endloop
endfacet
facet normal -0.7730104533627769 0.634393284163597 0
outer loop
vertex 129.56066017177932 -111.56066017178567 3
vertex 129.74720441845878 -111.33335534952606 3
vertex 129.74720441845332 -111.33335534952599 0
endloop
endfacet
facet normal -0.7730104533627769 0.634393284163597 0
outer loop
vertex 129.56066017177932 -111.56066017178567 3
vertex 129.74720441845332 -111.33335534952599 0
vertex 129.5606601717795 -111.56066017178571 0
endloop
endfacet
facet normal -0.8819212643483285 0.47139673682604755 0
outer loop
vertex 129.74720441845878 -111.33335534952606 3
vertex 129.8858192987673 -111.0740251485453 3
vertex 129.88581929876912 -111.07402514854527 0
endloop
endfacet
facet normal -0.8819212643483285 0.47139673682604755 0
outer loop
vertex 129.74720441845878 -111.33335534952606 3
vertex 129.88581929876912 -111.07402514854527 0
vertex 129.74720441845332 -111.33335534952599 0
endloop
endfacet
facet normal -0.9569403357322133 0.2902846772544479 0
outer loop
vertex 129.8858192987673 -111.0740251485453 3
vertex 129.97117792060254 -110.79263548302269 3
vertex 129.97117792060374 -110.7926354830227 0
endloop
endfacet
facet normal -0.9569403357322133 0.2902846772544479 0
outer loop
vertex 129.8858192987673 -111.0740251485453 3
vertex 129.97117792060374 -110.7926354830227 0
vertex 129.88581929876912 -111.07402514854527 0
endloop
endfacet
facet normal -0.9951847266721956 0.09801714032957415 0
outer loop
vertex 186.5911779206044 -59.91763548303075 3
vertex 186.61999999999972 -59.62499999999998 3
vertex 186.62000000000035 -59.624999999999815 0
endloop
endfacet
facet normal -0.9951847266721956 0.09801714032957415 0
outer loop
vertex 186.5911779206044 -59.91763548303075 3
vertex 186.62000000000035 -59.624999999999815 0
vertex 186.5911779206039 -59.91763548303076 0
endloop
endfacet
facet normal -0.9951847266721957 -0.09801714032957415 0
outer loop
vertex 186.61999999999972 -59.62499999999998 3
vertex 186.591177920606 -59.332364516983034 3
vertex 186.59117792060653 -59.332364516982985 0
endloop
endfacet
facet normal -0.9951847266721957 -0.09801714032957415 0
outer loop
vertex 186.61999999999972 -59.62499999999998 3
vertex 186.59117792060653 -59.332364516982985 0
vertex 186.62000000000035 -59.624999999999815 0
endloop
endfacet
facet normal -0.9569403357322133 -0.2902846772544479 0
outer loop
vertex 186.591177920606 -59.332364516983034 3
vertex 186.50581929876526 -59.0509748514485 3
vertex 186.5058192987653 -59.050974851448586 0
endloop
endfacet
facet normal -0.9569403357322133 -0.2902846772544479 0
outer loop
vertex 186.591177920606 -59.332364516983034 3
vertex 186.5058192987653 -59.050974851448586 0
vertex 186.59117792060653 -59.332364516982985 0
endloop
endfacet
facet normal -0.8819212643483417 -0.4713967368260224 0
outer loop
vertex 186.50581929876526 -59.0509748514485 3
vertex 186.36720441845085 -58.791644650464335 3
vertex 186.3672044184508 -58.79164465046424 0
endloop
endfacet
facet normal -0.8819212643483417 -0.4713967368260224 0
outer loop
vertex 186.50581929876526 -59.0509748514485 3
vertex 186.3672044184508 -58.79164465046424 0
vertex 186.5058192987653 -59.050974851448586 0
endloop
endfacet
facet normal -0.7730104533627642 -0.6343932841636124 0
outer loop
vertex 186.36720441845085 -58.791644650464335 3
vertex 186.18066017178526 -58.56433982822415 3
vertex 186.18066017178535 -58.564339828224206 0
endloop
endfacet
facet normal -0.7730104533627642 -0.6343932841636124 0
outer loop
vertex 186.36720441845085 -58.791644650464335 3
vertex 186.18066017178535 -58.564339828224206 0
vertex 186.3672044184508 -58.79164465046424 0
endloop
endfacet
facet normal -0.6343932841636208 -0.7730104533627572 0
outer loop
vertex 186.18066017178526 -58.56433982822415 3
vertex 185.95335534952756 -58.37779558154418 3
vertex 185.95335534952756 -58.37779558154417 0
endloop
endfacet
facet normal -0.6343932841636208 -0.7730104533627572 0
outer loop
vertex 186.18066017178526 -58.56433982822415 3
vertex 185.95335534952756 -58.37779558154417 0
vertex 186.18066017178535 -58.564339828224206 0
endloop
endfacet
facet normal -0.4713967368260014 -0.881921264348353 0
outer loop
vertex 185.95335534952756 -58.37779558154418 3
vertex 185.69402514854227 -58.23918070122918 3
vertex 185.6940251485423 -58.23918070122919 0
endloop
endfacet
facet normal -0.4713967368260014 -0.881921264348353 0
outer loop
vertex 185.95335534952756 -58.37779558154418 3
vertex 185.6940251485423 -58.23918070122919 0
vertex 185.95335534952756 -58.37779558154417 0
endloop
endfacet
facet normal -0.29028467725443496 -0.9569403357322173 0
outer loop
vertex 185.69402514854227 -58.23918070122918 3
vertex 185.41263548303598 -58.15382207939648 3
vertex 185.41263548303598 -58.15382207939648 0
endloop
endfacet
facet normal -0.29028467725443496 -0.9569403357322173 0
outer loop
vertex 185.69402514854227 -58.23918070122918 3
vertex 185.41263548303598 -58.15382207939648 0
vertex 185.6940251485423 -58.23918070122919 0
endloop
endfacet
facet normal -0.0980171403295671 -0.9951847266721963 0
outer loop
vertex 185.41263548303598 -58.15382207939648 3
vertex 185.1200000000049 -58.12500000000065 3
vertex 185.1200000000049 -58.12500000000064 0
endloop
endfacet
facet normal -0.0980171403295671 -0.9951847266721963 0
outer loop
vertex 185.41263548303598 -58.15382207939648 3
vertex 185.1200000000049 -58.12500000000064 0
vertex 185.41263548303598 -58.15382207939648 0
endloop
endfacet
facet normal 0.09801714032955997 -0.9951847266721969 0
outer loop
vertex 185.1200000000049 -58.12500000000065 3
vertex 184.82736451696917 -58.15382207939648 3
vertex 184.82736451697377 -58.15382207939648 0
endloop
endfacet
facet normal 0.09801714032955997 -0.9951847266721969 0
outer loop
vertex 185.1200000000049 -58.12500000000065 3
vertex 184.82736451697377 -58.15382207939648 0
vertex 185.1200000000049 -58.12500000000064 0
endloop
endfacet
facet normal 0.29028467725444695 -0.9569403357322136 0
outer loop
vertex 184.82736451696917 -58.15382207939648 3
vertex 184.54597485144873 -58.23918070122918 3
vertex 184.54597485146311 -58.23918070122919 0
endloop
endfacet
facet normal 0.29028467725444695 -0.9569403357322136 0
outer loop
vertex 184.82736451696917 -58.15382207939648 3
vertex 184.54597485146311 -58.23918070122919 0
vertex 184.82736451697377 -58.15382207939648 0
endloop
endfacet
facet normal 0.47139673682600847 -0.8819212643483494 0
outer loop
vertex 184.54597485144873 -58.23918070122918 3
vertex 184.28664465047532 -58.37779558154418 3
vertex 184.2866446504647 -58.37779558154417 0
endloop
endfacet
facet normal 0.47139673682600847 -0.8819212643483494 0
outer loop
vertex 184.54597485144873 -58.23918070122918 3
vertex 184.2866446504647 -58.37779558154417 0
vertex 184.54597485146311 -58.23918070122919 0
endloop
endfacet
facet normal 0.6343932841636208 -0.7730104533627572 0
outer loop
vertex 184.28664465047532 -58.37779558154418 3
vertex 184.05933982822265 -58.56433982822415 3
vertex 184.0593398282172 -58.564339828224206 0
endloop
endfacet
facet normal 0.6343932841636208 -0.7730104533627572 0
outer loop
vertex 184.28664465047532 -58.37779558154418 3
vertex 184.0593398282172 -58.564339828224206 0
vertex 184.2866446504647 -58.37779558154417 0
endloop
endfacet
facet normal 0.7730104533627572 -0.6343932841636208 0
outer loop
vertex 184.05933982822265 -58.56433982822415 3
vertex 183.87279558154324 -58.791644650464335 3
vertex 183.8727955815566 -58.79164465046424 0
endloop
endfacet
facet normal 0.7730104533627572 -0.6343932841636208 0
outer loop
vertex 184.05933982822265 -58.56433982822415 3
vertex 183.8727955815566 -58.79164465046424 0
vertex 184.0593398282172 -58.564339828224206 0
endloop
endfacet
facet normal 0.8819212643483402 -0.47139673682602534 0
outer loop
vertex 183.87279558154324 -58.791644650464335 3
vertex 183.73418070123367 -59.0509748514485 3
vertex 183.73418070122963 -59.050974851448586 0
endloop
endfacet
facet normal 0.8819212643483402 -0.47139673682602534 0
outer loop
vertex 183.87279558154324 -58.791644650464335 3
vertex 183.73418070122963 -59.050974851448586 0
vertex 183.8727955815566 -58.79164465046424 0
endloop
endfacet
facet normal 0.9569403357322133 -0.2902846772544479 0
outer loop
vertex 183.73418070123367 -59.0509748514485 3
vertex 183.64882207939465 -59.332364516983034 3
vertex 183.64882207939246 -59.332364516982985 0
endloop
endfacet
facet normal 0.9569403357322133 -0.2902846772544479 0
outer loop
vertex 183.73418070123367 -59.0509748514485 3
vertex 183.64882207939246 -59.332364516982985 0
vertex 183.73418070122963 -59.050974851448586 0
endloop
endfacet
facet normal 0.9951847266721956 -0.09801714032957415 0
outer loop
vertex 183.64882207939465 -59.332364516983034 3
vertex 183.62000000000026 -59.62499999999998 3
vertex 183.62000000000018 -59.624999999999815 0
endloop
endfacet
facet normal 0.9951847266721956 -0.09801714032957415 0
outer loop
vertex 183.64882207939465 -59.332364516983034 3
vertex 183.62000000000018 -59.624999999999815 0
vertex 183.64882207939246 -59.332364516982985 0
endloop
endfacet
facet normal 0.9951847266721956 0.09801714032957415 0
outer loop
vertex 183.62000000000026 -59.62499999999998 3
vertex 183.64882207939667 -59.91763548303075 3
vertex 183.64882207939618 -59.91763548303076 0
endloop
endfacet
facet normal 0.9951847266721956 0.09801714032957415 0
outer loop
vertex 183.62000000000026 -59.62499999999998 3
vertex 183.64882207939618 -59.91763548303076 0
vertex 183.62000000000018 -59.624999999999815 0
endloop
endfacet
facet normal 0.9569403357322133 0.2902846772544479 0
outer loop
vertex 183.64882207939667 -59.91763548303075 3
vertex 183.7341807012314 -60.199025148543704 3
vertex 183.73418070123134 -60.19902514854355 0
endloop
endfacet
facet normal 0.9569403357322133 0.2902846772544479 0
outer loop
vertex 183.64882207939667 -59.91763548303075 3
vertex 183.73418070123134 -60.19902514854355 0
vertex 183.64882207939618 -59.91763548303076 0
endloop
endfacet
facet normal 0.8819212643483417 0.4713967368260224 0
outer loop
vertex 183.7341807012314 -60.199025148543704 3
vertex 183.8727955815496 -60.458355349535026 3
vertex 183.87279558154964 -60.458355349535005 0
endloop
endfacet
facet normal 0.8819212643483417 0.4713967368260224 0
outer loop
vertex 183.7341807012314 -60.199025148543704 3
vertex 183.87279558154964 -60.458355349535005 0
vertex 183.73418070123134 -60.19902514854355 0
endloop
endfacet
facet normal 0.7730104533627769 0.634393284163597 0
outer loop
vertex 183.8727955815496 -60.458355349535026 3
vertex 184.0593398282281 -60.68566017179094 3
vertex 184.05933982822822 -60.68566017179103 0
endloop
endfacet
facet normal 0.7730104533627769 0.634393284163597 0
outer loop
vertex 183.8727955815496 -60.458355349535026 3
vertex 184.05933982822822 -60.68566017179103 0
vertex 183.87279558154964 -60.458355349535005 0
endloop
endfacet
facet normal 0.6343932841636286 0.773010453362751 0
outer loop
vertex 184.0593398282281 -60.68566017179094 3
vertex 184.28664465045145 -60.8722044184427 3
vertex 184.2866446504514 -60.87220441844267 0
endloop
endfacet
facet normal 0.6343932841636286 0.773010453362751 0
outer loop
vertex 184.0593398282281 -60.68566017179094 3
vertex 184.2866446504514 -60.87220441844267 0
vertex 184.05933982822822 -60.68566017179103 0
endloop
endfacet
facet normal 0.47139673682601535 0.8819212643483455 0
outer loop
vertex 184.28664465045145 -60.8722044184427 3
vertex 184.5459748514583 -61.01081929876923 3
vertex 184.54597485145834 -61.01081929876924 0
endloop
endfacet
facet normal 0.47139673682601535 0.8819212643483455 0
outer loop
vertex 184.28664465045145 -60.8722044184427 3
vertex 184.54597485145834 -61.01081929876924 0
vertex 184.2866446504514 -60.87220441844267 0
endloop
endfacet
facet normal 0.2902846772544479 0.9569403357322133 0
outer loop
vertex 184.5459748514583 -61.01081929876923 3
vertex 184.82736451697417 -61.09617792060484 3
vertex 184.82736451697414 -61.09617792060483 0
endloop
endfacet
facet normal 0.2902846772544479 0.9569403357322133 0
outer loop
vertex 184.5459748514583 -61.01081929876923 3
vertex 184.82736451697414 -61.09617792060483 0
vertex 184.54597485145834 -61.01081929876924 0
endloop
endfacet
facet normal 0.0980171403295671 0.9951847266721963 0
outer loop
vertex 184.82736451697417 -61.09617792060484 3
vertex 185.12000000000722 -61.12500000000087 3
vertex 185.12000000000725 -61.12500000000087 0
endloop
endfacet
facet normal 0.0980171403295671 0.9951847266721963 0
outer loop
vertex 184.82736451697417 -61.09617792060484 3
vertex 185.12000000000725 -61.12500000000087 0
vertex 184.82736451697414 -61.09617792060483 0
endloop
endfacet
facet normal -0.09801714032955997 0.9951847266721969 0
outer loop
vertex 185.12000000000722 -61.12500000000087 3
vertex 185.41263548304033 -61.09617792060484 3
vertex 185.41263548301455 -61.09617792060483 0
endloop
endfacet
facet normal -0.09801714032955997 0.9951847266721969 0
outer loop
vertex 185.12000000000722 -61.12500000000087 3
vertex 185.41263548301455 -61.09617792060483 0
vertex 185.12000000000725 -61.12500000000087 0
endloop
endfacet
facet normal -0.2902846772544479 0.9569403357322133 0
outer loop
vertex 185.41263548304033 -61.09617792060484 3
vertex 185.69402514853257 -61.01081929876923 3
vertex 185.69402514854423 -61.01081929876924 0
endloop
endfacet
facet normal -0.2902846772544479 0.9569403357322133 0
outer loop
vertex 185.41263548304033 -61.09617792060484 3
vertex 185.69402514854423 -61.01081929876924 0
vertex 185.41263548301455 -61.09617792060483 0
endloop
endfacet
facet normal -0.47139673682600836 0.8819212643483493 0
outer loop
vertex 185.69402514853257 -61.01081929876923 3
vertex 185.95335534955012 -60.8722044184427 3
vertex 185.95335534953273 -60.87220441844267 0
endloop
endfacet
facet normal -0.47139673682600836 0.8819212643483493 0
outer loop
vertex 185.69402514853257 -61.01081929876923 3
vertex 185.95335534953273 -60.87220441844267 0
vertex 185.69402514854423 -61.01081929876924 0
endloop
endfacet
facet normal -0.6343932841636278 0.7730104533627514 0
outer loop
vertex 185.95335534955012 -60.8722044184427 3
vertex 186.18066017175988 -60.68566017179094 3
vertex 186.18066017177688 -60.68566017179103 0
endloop
endfacet
facet normal -0.6343932841636278 0.7730104533627514 0
outer loop
vertex 185.95335534955012 -60.8722044184427 3
vertex 186.18066017177688 -60.68566017179103 0
vertex 185.95335534953273 -60.87220441844267 0
endloop
endfacet
facet normal -0.7730104533627825 0.63439328416359 0
outer loop
vertex 186.18066017175988 -60.68566017179094 3
vertex 186.36720441845176 -60.458355349535026 3
vertex 186.36720441845503 -60.458355349535005 0
endloop
endfacet
facet normal -0.7730104533627825 0.63439328416359 0
outer loop
vertex 186.18066017175988 -60.68566017179094 3
vertex 186.36720441845503 -60.458355349535005 0
vertex 186.18066017177688 -60.68566017179103 0
endloop
endfacet
facet normal -0.8819212643483402 0.47139673682602534 0
outer loop
vertex 186.36720441845176 -60.458355349535026 3
vertex 186.5058192987702 -60.199025148543704 3
vertex 186.5058192987675 -60.19902514854355 0
endloop
endfacet
facet normal -0.8819212643483402 0.47139673682602534 0
outer loop
vertex 186.36720441845176 -60.458355349535026 3
vertex 186.5058192987675 -60.19902514854355 0
vertex 186.36720441845503 -60.458355349535005 0
endloop
endfacet
facet normal -0.9569403357322133 0.2902846772544479 0
outer loop
vertex 186.5058192987702 -60.199025148543704 3
vertex 186.5911779206044 -59.91763548303075 3
vertex 186.5911779206039 -59.91763548303076 0
endloop
endfacet
facet normal -0.9569403357322133 0.2902846772544479 0
outer loop
vertex 186.5058192987702 -60.199025148543704 3
vertex 186.5911779206039 -59.91763548303076 0
vertex 186.5058192987675 -60.19902514854355 0
endloop
endfacet
facet normal -0.9951847266721956 0.09801714032957415 0
outer loop
vertex 183.1711779206028 -117.44263548304306 3
vertex 183.19999999999885 -117.14999999999988 3
vertex 183.20000000000027 -117.14999999999984 0
endloop
endfacet
facet normal -0.9951847266721956 0.09801714032957415 0
outer loop
vertex 183.1711779206028 -117.44263548304306 3
vertex 183.20000000000027 -117.14999999999984 0
vertex 183.17117792060182 -117.44263548304305 0
endloop
endfacet
facet normal -0.9951847266721956 -0.09801714032957415 0
outer loop
vertex 183.19999999999885 -117.14999999999988 3
vertex 183.17117792060716 -116.85736451699425 3
vertex 183.17117792060836 -116.85736451699414 0
endloop
endfacet
facet normal -0.9951847266721956 -0.09801714032957415 0
outer loop
vertex 183.19999999999885 -117.14999999999988 3
vertex 183.17117792060836 -116.85736451699414 0
vertex 183.20000000000027 -117.14999999999984 0
endloop
endfacet
facet normal -0.9569403357322133 -0.2902846772544479 0
outer loop
vertex 183.17117792060716 -116.85736451699425 3
vertex 183.08581929876595 -116.57597485145584 3
vertex 183.08581929876587 -116.57597485145563 0
endloop
endfacet
facet normal -0.9569403357322133 -0.2902846772544479 0
outer loop
vertex 183.17117792060716 -116.85736451699425 3
vertex 183.08581929876587 -116.57597485145563 0
vertex 183.17117792060836 -116.85736451699414 0
endloop
endfacet
facet normal -0.8819212643483417 -0.4713967368260224 0
outer loop
vertex 183.08581929876595 -116.57597485145584 3
vertex 182.94720441845186 -116.31664465047224 3
vertex 182.94720441845192 -116.31664465047227 0
endloop
endfacet
facet normal -0.8819212643483417 -0.4713967368260224 0
outer loop
vertex 183.08581929876595 -116.57597485145584 3
vertex 182.94720441845192 -116.31664465047227 0
vertex 183.08581929876587 -116.57597485145563 0
endloop
endfacet
facet normal -0.7730104533627797 -0.6343932841635934 0
outer loop
vertex 182.94720441845186 -116.31664465047224 3
vertex 182.76066017177274 -116.08933982821554 3
vertex 182.7606601717758 -116.08933982821539 0
endloop
endfacet
facet normal -0.7730104533627797 -0.6343932841635934 0
outer loop
vertex 182.94720441845186 -116.31664465047224 3
vertex 182.7606601717758 -116.08933982821539 0
vertex 182.94720441845192 -116.31664465047227 0
endloop
endfacet
facet normal -0.6343932841636385 -0.7730104533627428 0
outer loop
vertex 182.76066017177274 -116.08933982821554 3
vertex 182.53335534953726 -115.90279558155264 3
vertex 182.53335534952862 -115.90279558155262 0
endloop
endfacet
facet normal -0.6343932841636385 -0.7730104533627428 0
outer loop
vertex 182.76066017177274 -116.08933982821554 3
vertex 182.53335534952862 -115.90279558155262 0
vertex 182.7606601717758 -116.08933982821539 0
endloop
endfacet
facet normal -0.471396736826014 -0.8819212643483463 0
outer loop
vertex 182.53335534953726 -115.90279558155264 3
vertex 182.2740251485372 -115.76418070123154 3
vertex 182.27402514854077 -115.76418070123154 0
endloop
endfacet
facet normal -0.471396736826014 -0.8819212643483463 0
outer loop
vertex 182.53335534953726 -115.90279558155264 3
vertex 182.27402514854077 -115.76418070123154 0
vertex 182.53335534952862 -115.90279558155262 0
endloop
endfacet
facet normal -0.2902846772544479 -0.9569403357322133 0
outer loop
vertex 182.2740251485372 -115.76418070123154 3
vertex 181.99263548301596 -115.6788220793932 3
vertex 181.99263548301582 -115.67882207939317 0
endloop
endfacet
facet normal -0.2902846772544479 -0.9569403357322133 0
outer loop
vertex 182.2740251485372 -115.76418070123154 3
vertex 181.99263548301582 -115.67882207939317 0
vertex 182.27402514854077 -115.76418070123154 0
endloop
endfacet
facet normal -0.09801714032957415 -0.9951847266721956 0
outer loop
vertex 181.99263548301596 -115.6788220793932 3
vertex 181.69999999999908 -115.64999999999876 3
vertex 181.69999999999905 -115.64999999999874 0
endloop
endfacet
facet normal -0.09801714032957415 -0.9951847266721956 0
outer loop
vertex 181.99263548301596 -115.6788220793932 3
vertex 181.69999999999905 -115.64999999999874 0
vertex 181.99263548301582 -115.67882207939317 0
endloop
endfacet
facet normal 0.09801714032957415 -0.9951847266721956 0
outer loop
vertex 181.69999999999908 -115.64999999999876 3
vertex 181.40736451698072 -115.6788220793932 3
vertex 181.40736451698234 -115.67882207939317 0
endloop
endfacet
facet normal 0.09801714032957415 -0.9951847266721956 0
outer loop
vertex 181.69999999999908 -115.64999999999876 3
vertex 181.40736451698234 -115.67882207939317 0
vertex 181.69999999999905 -115.64999999999874 0
endloop
endfacet
facet normal 0.2902846772544479 -0.9569403357322133 0
outer loop
vertex 181.40736451698072 -115.6788220793932 3
vertex 181.12597485145903 -115.76418070123154 3
vertex 181.12597485145622 -115.76418070123154 0
endloop
endfacet
facet normal 0.2902846772544479 -0.9569403357322133 0
outer loop
vertex 181.40736451698072 -115.6788220793932 3
vertex 181.12597485145622 -115.76418070123154 0
vertex 181.40736451698234 -115.67882207939317 0
endloop
endfacet
facet normal 0.4713967368259914 -0.8819212643483584 0
outer loop
vertex 181.12597485145903 -115.76418070123154 3
vertex 180.86664465046076 -115.90279558155264 3
vertex 180.86664465046076 -115.90279558155262 0
endloop
endfacet
facet normal 0.4713967368259914 -0.8819212643483584 0
outer loop
vertex 181.12597485145903 -115.76418070123154 3
vertex 180.86664465046076 -115.90279558155262 0
vertex 181.12597485145622 -115.76418070123154 0
endloop
endfacet
facet normal 0.6343932841636518 -0.7730104533627319 0
outer loop
vertex 180.86664465046076 -115.90279558155264 3
vertex 180.63933982822385 -116.08933982821554 3
vertex 180.63933982822402 -116.08933982821539 0
endloop
endfacet
facet normal 0.6343932841636518 -0.7730104533627319 0
outer loop
vertex 180.86664465046076 -115.90279558155264 3
vertex 180.63933982822402 -116.08933982821539 0
vertex 180.86664465046076 -115.90279558155262 0
endloop
endfacet
facet normal 0.7730104533627825 -0.63439328416359 0
outer loop
vertex 180.63933982822385 -116.08933982821554 3
vertex 180.45279558154627 -116.31664465047224 3
vertex 180.45279558154473 -116.31664465047227 0
endloop
endfacet
facet normal 0.7730104533627825 -0.63439328416359 0
outer loop
vertex 180.63933982822385 -116.08933982821554 3
vertex 180.45279558154473 -116.31664465047227 0
vertex 180.63933982822402 -116.08933982821539 0
endloop
endfacet
facet normal 0.8819212643483284 -0.47139673682604744 0
outer loop
vertex 180.45279558154627 -116.31664465047224 3
vertex 180.31418070123482 -116.57597485145584 3
vertex 180.31418070123212 -116.57597485145563 0
endloop
endfacet
facet normal 0.8819212643483284 -0.47139673682604744 0
outer loop
vertex 180.45279558154627 -116.31664465047224 3
vertex 180.31418070123212 -116.57597485145563 0
vertex 180.45279558154473 -116.31664465047227 0
endloop
endfacet
facet normal 0.9569403357322133 -0.2902846772544479 0
outer loop
vertex 180.31418070123482 -116.57597485145584 3
vertex 180.22882207939296 -116.85736451699425 3
vertex 180.22882207939205 -116.85736451699414 0
endloop
endfacet
facet normal 0.9569403357322133 -0.2902846772544479 0
outer loop
vertex 180.31418070123482 -116.57597485145584 3
vertex 180.22882207939205 -116.85736451699414 0
vertex 180.31418070123212 -116.57597485145563 0
endloop
endfacet
facet normal 0.9951847266721956 -0.09801714032957415 0
outer loop
vertex 180.22882207939296 -116.85736451699425 3
vertex 180.2000000000003 -117.14999999999988 3
vertex 180.1999999999995 -117.14999999999984 0
endloop
endfacet
facet normal 0.9951847266721956 -0.09801714032957415 0
outer loop
vertex 180.22882207939296 -116.85736451699425 3
vertex 180.1999999999995 -117.14999999999984 0
vertex 180.22882207939205 -116.85736451699414 0
endloop
endfacet
facet normal 0.9951847266721956 0.09801714032957413 0
outer loop
vertex 180.2000000000003 -117.14999999999988 3
vertex 180.2288220793989 -117.44263548304306 3
vertex 180.22882207939756 -117.44263548304305 0
endloop
endfacet
facet normal 0.9951847266721956 0.09801714032957413 0
outer loop
vertex 180.2000000000003 -117.14999999999988 3
vertex 180.22882207939756 -117.44263548304305 0
vertex 180.1999999999995 -117.14999999999984 0
endloop
endfacet
facet normal 0.9569403357322133 0.2902846772544479 0
outer loop
vertex 180.2288220793989 -117.44263548304306 3
vertex 180.31418070122956 -117.72402514854265 3
vertex 180.3141807012295 -117.7240251485425 0
endloop
endfacet
facet normal 0.9569403357322133 0.2902846772544479 0
outer loop
vertex 180.2288220793989 -117.44263548304306 3
vertex 180.3141807012295 -117.7240251485425 0
vertex 180.22882207939756 -117.44263548304305 0
endloop
endfacet
facet normal 0.881921264348327 0.4713967368260505 0
outer loop
vertex 180.31418070122956 -117.72402514854265 3
vertex 180.45279558154994 -117.98335534953797 3
vertex 180.45279558154996 -117.98335534953802 0
endloop
endfacet
facet normal 0.881921264348327 0.4713967368260505 0
outer loop
vertex 180.31418070122956 -117.72402514854265 3
vertex 180.45279558154996 -117.98335534953802 0
vertex 180.3141807012295 -117.7240251485425 0
endloop
endfacet
facet normal 0.7730104533627797 0.6343932841635934 0
outer loop
vertex 180.45279558154994 -117.98335534953797 3
vertex 180.6393398282245 -118.21066017178916 3
vertex 180.6393398282245 -118.21066017178913 0
endloop
endfacet
facet normal 0.7730104533627797 0.6343932841635934 0
outer loop
vertex 180.45279558154994 -117.98335534953797 3
vertex 180.6393398282245 -118.21066017178913 0
vertex 180.45279558154996 -117.98335534953802 0
endloop
endfacet
facet normal 0.6343932841636608 0.7730104533627244 0
outer loop
vertex 180.6393398282245 -118.21066017178916 3
vertex 180.86664465045664 -118.39720441844814 3
vertex 180.8666446504566 -118.39720441844811 0
endloop
endfacet
facet normal 0.6343932841636608 0.7730104533627244 0
outer loop
vertex 180.6393398282245 -118.21066017178916 3
vertex 180.8666446504566 -118.39720441844811 0
vertex 180.6393398282245 -118.21066017178913 0
endloop
endfacet
facet normal 0.47139673682600136 0.8819212643483529 0
outer loop
vertex 180.86664465045664 -118.39720441844814 3
vertex 181.12597485144713 -118.53581929876592 3
vertex 181.12597485144715 -118.53581929876592 0
endloop
endfacet
facet normal 0.47139673682600136 0.8819212643483529 0
outer loop
vertex 180.86664465045664 -118.39720441844814 3
vertex 181.12597485144715 -118.53581929876592 0
vertex 180.8666446504566 -118.39720441844811 0
endloop
endfacet
facet normal 0.2902846772544479 0.9569403357322133 0
outer loop
vertex 181.12597485144713 -118.53581929876592 3
vertex 181.4073645169675 -118.621177920603 3
vertex 181.40736451696785 -118.621177920603 0
endloop
endfacet
facet normal 0.2902846772544479 0.9569403357322133 0
outer loop
vertex 181.12597485144713 -118.53581929876592 3
vertex 181.40736451696785 -118.621177920603 0
vertex 181.12597485144715 -118.53581929876592 0
endloop
endfacet
facet normal 0.09801714032957415 0.9951847266721956 0
outer loop
vertex 181.4073645169675 -118.621177920603 3
vertex 181.69999999999865 -118.64999999999877 3
vertex 181.69999999999874 -118.64999999999877 0
endloop
endfacet
facet normal 0.09801714032957415 0.9951847266721956 0
outer loop
vertex 181.4073645169675 -118.621177920603 3
vertex 181.69999999999874 -118.64999999999877 0
vertex 181.40736451696785 -118.621177920603 0
endloop
endfacet
facet normal -0.09801714032957415 0.9951847266721956 0
outer loop
vertex 181.69999999999865 -118.64999999999877 3
vertex 181.99263548302918 -118.621177920603 3
vertex 181.9926354830292 -118.621177920603 0
endloop
endfacet
facet normal -0.09801714032957415 0.9951847266721956 0
outer loop
vertex 181.69999999999865 -118.64999999999877 3
vertex 181.9926354830292 -118.621177920603 0
vertex 181.69999999999874 -118.64999999999877 0
endloop
endfacet
facet normal -0.2902846772544479 0.9569403357322133 0
outer loop
vertex 181.99263548302918 -118.621177920603 3
vertex 182.27402514854987 -118.53581929876592 3
vertex 182.27402514855808 -118.53581929876592 0
endloop
endfacet
facet normal -0.2902846772544479 0.9569403357322133 0
outer loop
vertex 181.99263548302918 -118.621177920603 3
vertex 182.27402514855808 -118.53581929876592 0
vertex 181.9926354830292 -118.621177920603 0
endloop
endfacet
facet normal -0.47139673682599736 0.8819212643483552 0
outer loop
vertex 182.27402514854987 -118.53581929876592 3
vertex 182.5333553495471 -118.39720441844814 3
vertex 182.53335534951634 -118.39720441844811 0
endloop
endfacet
facet normal -0.47139673682599736 0.8819212643483552 0
outer loop
vertex 182.27402514854987 -118.53581929876592 3
vertex 182.53335534951634 -118.39720441844811 0
vertex 182.27402514855808 -118.53581929876592 0
endloop
endfacet
facet normal -0.6343932841636518 0.7730104533627319 0
outer loop
vertex 182.5333553495471 -118.39720441844814 3
vertex 182.76066017175543 -118.21066017178916 3
vertex 182.76066017178357 -118.21066017178913 0
endloop
endfacet
facet normal -0.6343932841636518 0.7730104533627319 0
outer loop
vertex 182.5333553495471 -118.39720441844814 3
vertex 182.76066017178357 -118.21066017178913 0
vertex 182.53335534951634 -118.39720441844811 0
endloop
endfacet
facet normal -0.7730104533627825 0.63439328416359 0
outer loop
vertex 182.76066017175543 -118.21066017178916 3
vertex 182.94720441845246 -117.98335534953797 3
vertex 182.947204418454 -117.98335534953802 0
endloop
endfacet
facet normal -0.7730104533627825 0.63439328416359 0
outer loop
vertex 182.76066017175543 -118.21066017178916 3
vertex 182.947204418454 -117.98335534953802 0
vertex 182.76066017178357 -118.21066017178913 0
endloop
endfacet
facet normal -0.8819212643483284 0.47139673682604744 0
outer loop
vertex 182.94720441845246 -117.98335534953797 3
vertex 183.08581929877124 -117.72402514854265 3
vertex 183.08581929876866 -117.7240251485425 0
endloop
endfacet
facet normal -0.8819212643483284 0.47139673682604744 0
outer loop
vertex 182.94720441845246 -117.98335534953797 3
vertex 183.08581929876866 -117.7240251485425 0
vertex 182.947204418454 -117.98335534953802 0
endloop
endfacet
facet normal -0.9569403357322133 0.2902846772544479 0
outer loop
vertex 183.08581929877124 -117.72402514854265 3
vertex 183.1711779206028 -117.44263548304306 3
vertex 183.17117792060182 -117.44263548304305 0
endloop
endfacet
facet normal -0.9569403357322133 0.2902846772544479 0
outer loop
vertex 183.08581929877124 -117.72402514854265 3
vertex 183.17117792060182 -117.44263548304305 0
vertex 183.08581929876866 -117.7240251485425 0
endloop
endfacet
facet normal -0.9951847266721927 0.09801714032960263 0
outer loop
vertex 217.20869122060208 -135.82689468302823 3
vertex 217.23751329999808 -135.5342591999998 3
vertex 217.2375132999991 -135.53425919999992 0
endloop
endfacet
facet normal -0.9951847266721927 0.09801714032960263 0
outer loop
vertex 217.20869122060208 -135.82689468302823 3
vertex 217.2375132999991 -135.53425919999992 0
vertex 217.2086912206025 -135.82689468302823 0
endloop
endfacet
facet normal -0.9951847266721985 -0.09801714032954566 0
outer loop
vertex 217.23751329999808 -135.5342591999998 3
vertex 217.2086912206039 -135.24162371697378 3
vertex 217.20869122060478 -135.24162371697372 0
endloop
endfacet
facet normal -0.9951847266721985 -0.09801714032954566 0
outer loop
vertex 217.23751329999808 -135.5342591999998 3
vertex 217.20869122060478 -135.24162371697372 0
vertex 217.2375132999991 -135.53425919999992 0
endloop
endfacet
facet normal -0.9569403357322133 -0.2902846772544479 0
outer loop
vertex 217.2086912206039 -135.24162371697378 3
vertex 217.1233325987661 -134.9602340514478 3
vertex 217.12333259876615 -134.9602340514479 0
endloop
endfacet
facet normal -0.9569403357322133 -0.2902846772544479 0
outer loop
vertex 217.2086912206039 -135.24162371697378 3
vertex 217.12333259876615 -134.9602340514479 0
vertex 217.20869122060478 -135.24162371697372 0
endloop
endfacet
facet normal -0.8819212643483344 -0.4713967368260365 0
outer loop
vertex 217.1233325987661 -134.9602340514478 3
vertex 216.9847177184478 -134.70090385045637 3
vertex 216.98471771844777 -134.70090385045629 0
endloop
endfacet
facet normal -0.8819212643483344 -0.4713967368260365 0
outer loop
vertex 217.1233325987661 -134.9602340514478 3
vertex 216.98471771844777 -134.70090385045629 0
vertex 217.12333259876615 -134.9602340514479 0
endloop
endfacet
facet normal -0.7730104533627796 -0.6343932841635935 0
outer loop
vertex 216.9847177184478 -134.70090385045637 3
vertex 216.79817347178493 -134.4735990282195 3
vertex 216.79817347178502 -134.47359902821955 0
endloop
endfacet
facet normal -0.7730104533627796 -0.6343932841635935 0
outer loop
vertex 216.9847177184478 -134.70090385045637 3
vertex 216.79817347178502 -134.47359902821955 0
vertex 216.98471771844777 -134.70090385045629 0
endloop
endfacet
facet normal -0.634393284163572 -0.7730104533627973 0
outer loop
vertex 216.79817347178493 -134.4735990282195 3
vertex 216.5708686495545 -134.28705478156195 3
vertex 216.5708686495546 -134.287054781562 0
endloop
endfacet
facet normal -0.634393284163572 -0.7730104533627973 0
outer loop
vertex 216.79817347178493 -134.4735990282195 3
vertex 216.5708686495546 -134.287054781562 0
vertex 216.79817347178502 -134.47359902821955 0
endloop
endfacet
facet normal -0.47139673682605987 -0.8819212643483216 0
outer loop
vertex 216.5708686495545 -134.28705478156195 3
vertex 216.31153844854043 -134.14843990123154 3
vertex 216.31153844854046 -134.14843990123157 0
endloop
endfacet
facet normal -0.47139673682605987 -0.8819212643483216 0
outer loop
vertex 216.5708686495545 -134.28705478156195 3
vertex 216.31153844854046 -134.14843990123157 0
vertex 216.5708686495546 -134.287054781562 0
endloop
endfacet
facet normal -0.2902846772544479 -0.9569403357322133 0
outer loop
vertex 216.31153844854043 -134.14843990123154 3
vertex 216.03014878301136 -134.06308127939192 3
vertex 216.03014878301124 -134.0630812793919 0
endloop
endfacet
facet normal -0.2902846772544479 -0.9569403357322133 0
outer loop
vertex 216.31153844854043 -134.14843990123154 3
vertex 216.03014878301124 -134.0630812793919 0
vertex 216.31153844854046 -134.14843990123157 0
endloop
endfacet
facet normal -0.09801714032954582 -0.9951847266721984 0
outer loop
vertex 216.03014878301136 -134.06308127939192 3
vertex 215.73751330000178 -134.03425919999822 3
vertex 215.7375133000018 -134.0342591999982 0
endloop
endfacet
facet normal -0.09801714032954582 -0.9951847266721984 0
outer loop
vertex 216.03014878301136 -134.06308127939192 3
vertex 215.7375133000018 -134.0342591999982 0
vertex 216.03014878301124 -134.0630812793919 0
endloop
endfacet
facet normal 0.09801714032957431 -0.9951847266721956 0
outer loop
vertex 215.73751330000178 -134.03425919999822 3
vertex 215.44487781698163 -134.06308127939192 3
vertex 215.4448778169924 -134.0630812793919 0
endloop
endfacet
facet normal 0.09801714032957431 -0.9951847266721956 0
outer loop
vertex 215.73751330000178 -134.03425919999822 3
vertex 215.4448778169924 -134.0630812793919 0
vertex 215.7375133000018 -134.0342591999982 0
endloop
endfacet
facet normal 0.2902846772544479 -0.9569403357322133 0
outer loop
vertex 215.44487781698163 -134.06308127939192 3
vertex 215.16348815145187 -134.14843990123154 3
vertex 215.16348815145298 -134.14843990123157 0
endloop
endfacet
facet normal 0.2902846772544479 -0.9569403357322133 0
outer loop
vertex 215.44487781698163 -134.06308127939192 3
vertex 215.16348815145298 -134.14843990123157 0
vertex 215.4448778169924 -134.0630812793919 0
endloop
endfacet
facet normal 0.47139673682604755 -0.8819212643483285 0
outer loop
vertex 215.16348815145187 -134.14843990123154 3
vertex 214.90415795046738 -134.28705478156195 3
vertex 214.90415795043802 -134.287054781562 0
endloop
endfacet
facet normal 0.47139673682604755 -0.8819212643483285 0
outer loop
vertex 215.16348815145187 -134.14843990123154 3
vertex 214.90415795043802 -134.287054781562 0
vertex 215.16348815145298 -134.14843990123157 0
endloop
endfacet
facet normal 0.63439328416359 -0.7730104533627825 0
outer loop
vertex 214.90415795046738 -134.28705478156195 3
vertex 214.67685312822556 -134.4735990282195 3
vertex 214.6768531282346 -134.47359902821955 0
endloop
endfacet
facet normal 0.63439328416359 -0.7730104533627825 0
outer loop
vertex 214.90415795046738 -134.28705478156195 3
vertex 214.6768531282346 -134.47359902821955 0
vertex 214.90415795043802 -134.287054781562 0
endloop
endfacet
facet normal 0.7730104533627825 -0.63439328416359 0
outer loop
vertex 214.67685312822556 -134.4735990282195 3
vertex 214.49030888154485 -134.70090385045637 3
vertex 214.4903088815622 -134.70090385045629 0
endloop
endfacet
facet normal 0.7730104533627825 -0.63439328416359 0
outer loop
vertex 214.67685312822556 -134.4735990282195 3
vertex 214.4903088815622 -134.70090385045629 0
vertex 214.6768531282346 -134.47359902821955 0
endloop
endfacet
facet normal 0.8819212643483252 -0.4713967368260534 0
outer loop
vertex 214.49030888154485 -134.70090385045637 3
vertex 214.35169400123303 -134.9602340514478 3
vertex 214.35169400122751 -134.9602340514479 0
endloop
endfacet
facet normal 0.8819212643483252 -0.4713967368260534 0
outer loop
vertex 214.49030888154485 -134.70090385045637 3
vertex 214.35169400122751 -134.9602340514479 0
vertex 214.4903088815622 -134.70090385045629 0
endloop
endfacet
facet normal 0.9569403357322133 -0.2902846772544479 0
outer loop
vertex 214.35169400123303 -134.9602340514478 3
vertex 214.26633537939384 -135.24162371697378 3
vertex 214.26633537939458 -135.24162371697372 0
endloop
endfacet
facet normal 0.9569403357322133 -0.2902846772544479 0
outer loop
vertex 214.35169400123303 -134.9602340514478 3
vertex 214.26633537939458 -135.24162371697372 0
vertex 214.35169400122751 -134.9602340514479 0
endloop
endfacet
facet normal 0.9951847266721956 -0.09801714032957415 0
outer loop
vertex 214.26633537939384 -135.24162371697378 3
vertex 214.23751330000022 -135.5342591999998 3
vertex 214.2375132999986 -135.53425919999992 0
endloop
endfacet
facet normal 0.9951847266721956 -0.09801714032957415 0
outer loop
vertex 214.26633537939384 -135.24162371697378 3
vertex 214.2375132999986 -135.53425919999992 0
vertex 214.26633537939458 -135.24162371697372 0
endloop
endfacet
facet normal 0.9951847266721957 0.09801714032957415 0
outer loop
vertex 214.23751330000022 -135.5342591999998 3
vertex 214.2663353793969 -135.82689468302823 3
vertex 214.26633537939594 -135.82689468302823 0
endloop
endfacet
facet normal 0.9951847266721957 0.09801714032957415 0
outer loop
vertex 214.23751330000022 -135.5342591999998 3
vertex 214.26633537939594 -135.82689468302823 0
vertex 214.2375132999986 -135.53425919999992 0
endloop
endfacet
facet normal 0.9569403357322133 0.2902846772544479 0
outer loop
vertex 214.2663353793969 -135.82689468302823 3
vertex 214.351694001235 -136.10828434855225 3
vertex 214.35169400123493 -136.10828434855216 0
endloop
endfacet
facet normal 0.9569403357322133 0.2902846772544479 0
outer loop
vertex 214.2663353793969 -135.82689468302823 3
vertex 214.35169400123493 -136.10828434855216 0
vertex 214.26633537939594 -135.82689468302823 0
endloop
endfacet
facet normal 0.881921264348327 0.4713967368260505 0
outer loop
vertex 214.351694001235 -136.10828434855225 3
vertex 214.49030888153806 -136.3676145495152 3
vertex 214.49030888153803 -136.36761454951514 0
endloop
endfacet
facet normal 0.881921264348327 0.4713967368260505 0
outer loop
vertex 214.351694001235 -136.10828434855225 3
vertex 214.49030888153803 -136.36761454951514 0
vertex 214.35169400123493 -136.10828434855216 0
endloop
endfacet
facet normal 0.7730104533627797 0.6343932841635934 0
outer loop
vertex 214.49030888153806 -136.3676145495152 3
vertex 214.67685312823366 -136.59491937179197 3
vertex 214.67685312823374 -136.59491937179206 0
endloop
endfacet
facet normal 0.7730104533627797 0.6343932841635934 0
outer loop
vertex 214.49030888153806 -136.3676145495152 3
vertex 214.67685312823374 -136.59491937179206 0
vertex 214.49030888153803 -136.36761454951514 0
endloop
endfacet
facet normal 0.634393284163582 0.7730104533627893 0
outer loop
vertex 214.67685312823366 -136.59491937179197 3
vertex 214.90415795045905 -136.7814636184454 3
vertex 214.90415795045902 -136.7814636184454 0
endloop
endfacet
facet normal 0.634393284163582 0.7730104533627893 0
outer loop
vertex 214.67685312823366 -136.59491937179197 3
vertex 214.90415795045902 -136.7814636184454 0
vertex 214.67685312823374 -136.59491937179206 0
endloop
endfacet
facet normal 0.47139673682603717 0.881921264348334 0
outer loop
vertex 214.90415795045905 -136.7814636184454 3
vertex 215.1634881514649 -136.92007849877137 3
vertex 215.1634881514649 -136.9200784987714 0
endloop
endfacet
facet normal 0.47139673682603717 0.881921264348334 0
outer loop
vertex 214.90415795045905 -136.7814636184454 3
vertex 215.1634881514649 -136.9200784987714 0
vertex 214.90415795045902 -136.7814636184454 0
endloop
endfacet
facet normal 0.2902846772544479 0.9569403357322133 0
outer loop
vertex 215.1634881514649 -136.92007849877137 3
vertex 215.44487781697143 -137.00543712060414 3
vertex 215.44487781697129 -137.00543712060414 0
endloop
endfacet
facet normal 0.2902846772544479 0.9569403357322133 0
outer loop
vertex 215.1634881514649 -136.92007849877137 3
vertex 215.44487781697129 -137.00543712060414 0
vertex 215.1634881514649 -136.9200784987714 0
endloop
endfacet
facet normal 0.09801714032957415 0.9951847266721956 0
outer loop
vertex 215.44487781697143 -137.00543712060414 3
vertex 215.73751329999328 -137.03425919999907 3
vertex 215.73751329999317 -137.03425919999907 0
endloop
endfacet
facet normal 0.09801714032957415 0.9951847266721956 0
outer loop
vertex 215.44487781697143 -137.00543712060414 3
vertex 215.73751329999317 -137.03425919999907 0
vertex 215.44487781697129 -137.00543712060414 0
endloop
endfacet
facet normal -0.09801714032957415 0.9951847266721956 0
outer loop
vertex 215.73751329999328 -137.03425919999907 3
vertex 216.0301487830152 -137.00543712060414 3
vertex 216.03014878303 -137.00543712060414 0
endloop
endfacet
facet normal -0.09801714032957415 0.9951847266721956 0
outer loop
vertex 215.73751329999328 -137.03425919999907 3
vertex 216.03014878303 -137.00543712060414 0
vertex 215.73751329999317 -137.03425919999907 0
endloop
endfacet
facet normal -0.2902846772544479 0.9569403357322133 0
outer loop
vertex 216.0301487830152 -137.00543712060414 3
vertex 216.3115384485352 -136.92007849877137 3
vertex 216.31153844854697 -136.9200784987714 0
endloop
endfacet
facet normal -0.2902846772544479 0.9569403357322133 0
outer loop
vertex 216.0301487830152 -137.00543712060414 3
vertex 216.31153844854697 -136.9200784987714 0
vertex 216.03014878303 -137.00543712060414 0
endloop
endfacet
facet normal -0.47139673682604755 0.8819212643483285 0
outer loop
vertex 216.3115384485352 -136.92007849877137 3
vertex 216.57086864955022 -136.7814636184454 3
vertex 216.57086864952618 -136.7814636184454 0
endloop
endfacet
facet normal -0.47139673682604755 0.8819212643483285 0
outer loop
vertex 216.3115384485352 -136.92007849877137 3
vertex 216.57086864952618 -136.7814636184454 0
vertex 216.31153844854697 -136.9200784987714 0
endloop
endfacet
facet normal -0.63439328416359 0.7730104533627825 0
outer loop
vertex 216.57086864955022 -136.7814636184454 3
vertex 216.79817347175603 -136.59491937179197 3
vertex 216.79817347178465 -136.59491937179206 0
endloop
endfacet
facet normal -0.63439328416359 0.7730104533627825 0
outer loop
vertex 216.57086864955022 -136.7814636184454 3
vertex 216.79817347178465 -136.59491937179206 0
vertex 216.57086864952618 -136.7814636184454 0
endloop
endfacet
facet normal -0.7730104533627711 0.6343932841636039 0
outer loop
vertex 216.79817347175603 -136.59491937179197 3
vertex 216.98471771847318 -136.3676145495152 3
vertex 216.98471771845266 -136.36761454951514 0
endloop
endfacet
facet normal -0.7730104533627711 0.6343932841636039 0
outer loop
vertex 216.79817347175603 -136.59491937179197 3
vertex 216.98471771845266 -136.36761454951514 0
vertex 216.79817347178465 -136.59491937179206 0
endloop
endfacet
facet normal -0.8819212643483252 0.4713967368260534 0
outer loop
vertex 216.98471771847318 -136.3676145495152 3
vertex 217.1233325987614 -136.10828434855225 3
vertex 217.1233325987669 -136.10828434855216 0
endloop
endfacet
facet normal -0.8819212643483252 0.4713967368260534 0
outer loop
vertex 216.98471771847318 -136.3676145495152 3
vertex 217.1233325987669 -136.10828434855216 0
vertex 216.98471771845266 -136.36761454951514 0
endloop
endfacet
facet normal -0.9569403357322133 0.2902846772544479 0
outer loop
vertex 217.1233325987614 -136.10828434855225 3
vertex 217.20869122060208 -135.82689468302823 3
vertex 217.2086912206025 -135.82689468302823 0
endloop
endfacet
facet normal -0.9569403357322133 0.2902846772544479 0
outer loop
vertex 217.1233325987614 -136.10828434855225 3
vertex 217.2086912206025 -135.82689468302823 0
vertex 217.1233325987669 -136.10828434855216 0
endloop
endfacet
facet normal -0.9951847266721956 0.09801714032957415 0
outer loop
vertex 232.42117792060367 -93.49263548304413 3
vertex 232.44999999999922 -93.1999999999998 3
vertex 232.45000000000033 -93.19999999999979 0
endloop
endfacet
facet normal -0.9951847266721956 0.09801714032957415 0
outer loop
vertex 232.42117792060367 -93.49263548304413 3
vertex 232.45000000000033 -93.19999999999979 0
vertex 232.42117792060205 -93.49263548304395 0
endloop
endfacet
facet normal -0.9951847266721956 -0.09801714032957415 0
outer loop
vertex 232.44999999999922 -93.1999999999998 3
vertex 232.42117792060697 -92.90736451699232 3
vertex 232.421177920608 -92.90736451699244 0
endloop
endfacet
facet normal -0.9951847266721956 -0.09801714032957415 0
outer loop
vertex 232.44999999999922 -93.1999999999998 3
vertex 232.421177920608 -92.90736451699244 0
vertex 232.45000000000033 -93.19999999999979 0
endloop
endfacet
facet normal -0.9569403357322133 -0.2902846772544479 0
outer loop
vertex 232.42117792060697 -92.90736451699232 3
vertex 232.33581929876107 -92.62597485143937 3
vertex 232.33581929876118 -92.62597485143966 0
endloop
endfacet
facet normal -0.9569403357322133 -0.2902846772544479 0
outer loop
vertex 232.42117792060697 -92.90736451699232 3
vertex 232.33581929876118 -92.62597485143966 0
vertex 232.421177920608 -92.90736451699244 0
endloop
endfacet
facet normal -0.8819212643483252 -0.4713967368260534 0
outer loop
vertex 232.33581929876107 -92.62597485143937 3
vertex 232.19720441845126 -92.36664465046387 3
vertex 232.1972044184512 -92.3666446504638 0
endloop
endfacet
facet normal -0.8819212643483252 -0.4713967368260534 0
outer loop
vertex 232.33581929876107 -92.62597485143937 3
vertex 232.1972044184512 -92.3666446504638 0
vertex 232.33581929876118 -92.62597485143966 0
endloop
endfacet
facet normal -0.7730104533627642 -0.6343932841636124 0
outer loop
vertex 232.19720441845126 -92.36664465046387 3
vertex 232.0106601718038 -92.13933982824578 3
vertex 232.01066017180372 -92.13933982824567 0
endloop
endfacet
facet normal -0.7730104533627642 -0.6343932841636124 0
outer loop
vertex 232.19720441845126 -92.36664465046387 3
vertex 232.01066017180372 -92.13933982824567 0
vertex 232.1972044184512 -92.3666446504638 0
endloop
endfacet
facet normal -0.6343932841636518 -0.7730104533627319 0
outer loop
vertex 232.0106601718038 -92.13933982824578 3
vertex 231.78335534951407 -91.95279558153952 3
vertex 231.7833553495142 -91.95279558153959 0
endloop
endfacet
facet normal -0.6343932841636518 -0.7730104533627319 0
outer loop
vertex 232.0106601718038 -92.13933982824578 3
vertex 231.7833553495142 -91.95279558153959 0
vertex 232.01066017180372 -92.13933982824567 0
endloop
endfacet
facet normal -0.47139673682600136 -0.8819212643483529 0
outer loop
vertex 231.78335534951407 -91.95279558153952 3
vertex 231.5240251485272 -91.81418070122366 3
vertex 231.52402514852713 -91.81418070122363 0
endloop
endfacet
facet normal -0.47139673682600136 -0.8819212643483529 0
outer loop
vertex 231.78335534951407 -91.95279558153952 3
vertex 231.52402514852713 -91.81418070122363 0
vertex 231.7833553495142 -91.95279558153959 0
endloop
endfacet
facet normal -0.29028467725443363 -0.9569403357322176 0
outer loop
vertex 231.5240251485272 -91.81418070122366 3
vertex 231.24263548303506 -91.72882207939526 3
vertex 231.24263548303514 -91.72882207939527 0
endloop
endfacet
facet normal -0.29028467725443363 -0.9569403357322176 0
outer loop
vertex 231.5240251485272 -91.81418070122366 3
vertex 231.24263548303514 -91.72882207939527 0
vertex 231.52402514852713 -91.81418070122363 0
endloop
endfacet
facet normal -0.09801714032955998 -0.9951847266721969 0
outer loop
vertex 231.24263548303506 -91.72882207939526 3
vertex 230.95000000001176 -91.70000000000019 3
vertex 230.95000000001173 -91.7000000000002 0
endloop
endfacet
facet normal -0.09801714032955998 -0.9951847266721969 0
outer loop
vertex 231.24263548303506 -91.72882207939526 3
vertex 230.95000000001173 -91.7000000000002 0
vertex 231.24263548303514 -91.72882207939527 0
endloop
endfacet
facet normal 0.09801714032956006 -0.9951847266721969 0
outer loop
vertex 230.95000000001176 -91.70000000000019 3
vertex 230.65736451696694 -91.72882207939526 3
vertex 230.65736451698837 -91.72882207939527 0
endloop
endfacet
facet normal 0.09801714032956006 -0.9951847266721969 0
outer loop
vertex 230.95000000001176 -91.70000000000019 3
vertex 230.65736451698837 -91.72882207939527 0
vertex 230.95000000001173 -91.7000000000002 0
endloop
endfacet
facet normal 0.2902846772544479 -0.9569403357322133 0
outer loop
vertex 230.65736451696694 -91.72882207939526 3
vertex 230.37597485146563 -91.81418070122366 3
vertex 230.37597485147592 -91.81418070122363 0
endloop
endfacet
facet normal 0.2902846772544479 -0.9569403357322133 0
outer loop
vertex 230.65736451696694 -91.72882207939526 3
vertex 230.37597485147592 -91.81418070122363 0
vertex 230.65736451698837 -91.72882207939527 0
endloop
endfacet
facet normal 0.47139673682599736 -0.8819212643483553 0
outer loop
vertex 230.37597485146563 -91.81418070122366 3
vertex 230.11664465045092 -91.95279558153952 3
vertex 230.11664465047986 -91.95279558153959 0
endloop
endfacet
facet normal 0.47139673682599736 -0.8819212643483553 0
outer loop
vertex 230.37597485146563 -91.81418070122366 3
vertex 230.11664465047986 -91.95279558153959 0
vertex 230.37597485147592 -91.81418070122363 0
endloop
endfacet
facet normal 0.6343932841636518 -0.7730104533627319 0
outer loop
vertex 230.11664465045092 -91.95279558153952 3
vertex 229.8893398282254 -92.13933982824578 3
vertex 229.8893398281647 -92.13933982824567 0
endloop
endfacet
facet normal 0.6343932841636518 -0.7730104533627319 0
outer loop
vertex 230.11664465045092 -91.95279558153952 3
vertex 229.8893398281647 -92.13933982824567 0
vertex 230.11664465047986 -91.95279558153959 0
endloop
endfacet
facet normal 0.7730104533627825 -0.63439328416359 0
outer loop
vertex 229.8893398282254 -92.13933982824578 3
vertex 229.70279558154596 -92.36664465046387 3
vertex 229.7027955815742 -92.3666446504638 0
endloop
endfacet
facet normal 0.7730104533627825 -0.63439328416359 0
outer loop
vertex 229.8893398282254 -92.13933982824578 3
vertex 229.7027955815742 -92.3666446504638 0
vertex 229.8893398281647 -92.13933982824567 0
endloop
endfacet
facet normal 0.8819212643483402 -0.47139673682602534 0
outer loop
vertex 229.70279558154596 -92.36664465046387 3
vertex 229.56418070123456 -92.62597485143937 3
vertex 229.56418070123632 -92.62597485143966 0
endloop
endfacet
facet normal 0.8819212643483402 -0.47139673682602534 0
outer loop
vertex 229.70279558154596 -92.36664465046387 3
vertex 229.56418070123632 -92.62597485143966 0
vertex 229.7027955815742 -92.3666446504638 0
endloop
endfacet
facet normal 0.9569403357322133 -0.2902846772544479 0
outer loop
vertex 229.56418070123456 -92.62597485143937 3
vertex 229.47882207939375 -92.90736451699232 3
vertex 229.4788220793881 -92.90736451699244 0
endloop
endfacet
facet normal 0.9569403357322133 -0.2902846772544479 0
outer loop
vertex 229.56418070123456 -92.62597485143937 3
vertex 229.4788220793881 -92.90736451699244 0
vertex 229.56418070123632 -92.62597485143966 0
endloop
endfacet
facet normal 0.9951847266721956 -0.09801714032957415 0
outer loop
vertex 229.47882207939375 -92.90736451699232 3
vertex 229.45000000000033 -93.1999999999998 3
vertex 229.45000000000007 -93.19999999999979 0
endloop
endfacet
facet normal 0.9951847266721956 -0.09801714032957415 0
outer loop
vertex 229.47882207939375 -92.90736451699232 3
vertex 229.45000000000007 -93.19999999999979 0
vertex 229.4788220793881 -92.90736451699244 0
endloop
endfacet
facet normal 0.9951847266721985 0.09801714032954566 0
outer loop
vertex 229.45000000000033 -93.1999999999998 3
vertex 229.4788220793986 -93.49263548304413 3
vertex 229.4788220793976 -93.49263548304395 0
endloop
endfacet
facet normal 0.9951847266721985 0.09801714032954566 0
outer loop
vertex 229.45000000000033 -93.1999999999998 3
vertex 229.4788220793976 -93.49263548304395 0
vertex 229.45000000000007 -93.19999999999979 0
endloop
endfacet
facet normal 0.9569403357322217 0.2902846772544199 0
outer loop
vertex 229.4788220793986 -93.49263548304413 3
vertex 229.56418070122237 -93.77402514852095 3
vertex 229.56418070122243 -93.7740251485211 0
endloop
endfacet
facet normal 0.9569403357322217 0.2902846772544199 0
outer loop
vertex 229.4788220793986 -93.49263548304413 3
vertex 229.56418070122243 -93.7740251485211 0
vertex 229.4788220793976 -93.49263548304395 0
endloop
endfacet
facet normal 0.8819212643483253 0.47139673682605343 0
outer loop
vertex 229.56418070122237 -93.77402514852095 3
vertex 229.70279558155957 -94.03335534954773 3
vertex 229.7027955815595 -94.03335534954769 0
endloop
endfacet
facet normal 0.8819212643483253 0.47139673682605343 0
outer loop
vertex 229.56418070122237 -93.77402514852095 3
vertex 229.7027955815595 -94.03335534954769 0
vertex 229.56418070122243 -93.7740251485211 0
endloop
endfacet
facet normal 0.7730104533627769 0.634393284163597 0
outer loop
vertex 229.70279558155957 -94.03335534954773 3
vertex 229.88933982822618 -94.26066017178918 3
vertex 229.88933982822613 -94.26066017178916 0
endloop
endfacet
facet normal 0.7730104533627769 0.634393284163597 0
outer loop
vertex 229.70279558155957 -94.03335534954773 3
vertex 229.88933982822613 -94.26066017178916 0
vertex 229.7027955815595 -94.03335534954769 0
endloop
endfacet
facet normal 0.6343932841636364 0.7730104533627445 0
outer loop
vertex 229.88933982822618 -94.26066017178918 3
vertex 230.11664465044964 -94.44720441844105 3
vertex 230.11664465044956 -94.44720441844099 0
endloop
endfacet
facet normal 0.6343932841636364 0.7730104533627445 0
outer loop
vertex 229.88933982822618 -94.26066017178918 3
vertex 230.11664465044956 -94.44720441844099 0
vertex 229.88933982822613 -94.26066017178916 0
endloop
endfacet
facet normal 0.4713967368260014 0.881921264348353 0
outer loop
vertex 230.11664465044964 -94.44720441844105 3
vertex 230.37597485146202 -94.58581929877052 3
vertex 230.37597485146205 -94.58581929877055 0
endloop
endfacet
facet normal 0.4713967368260014 0.881921264348353 0
outer loop
vertex 230.11664465044964 -94.44720441844105 3
vertex 230.37597485146205 -94.58581929877055 0
vertex 230.11664465044956 -94.44720441844099 0
endloop
endfacet
facet normal 0.2902846772544479 0.9569403357322133 0
outer loop
vertex 230.37597485146202 -94.58581929877052 3
vertex 230.65736451696182 -94.67117792060125 3
vertex 230.65736451696165 -94.67117792060122 0
endloop
endfacet
facet normal 0.2902846772544479 0.9569403357322133 0
outer loop
vertex 230.37597485146202 -94.58581929877052 3
vertex 230.65736451696165 -94.67117792060122 0
vertex 230.37597485146205 -94.58581929877055 0
endloop
endfacet
facet normal 0.09801714032954582 0.9951847266721984 0
outer loop
vertex 230.65736451696182 -94.67117792060125 3
vertex 230.95000000001608 -94.69999999999936 3
vertex 230.95000000001616 -94.69999999999936 0
endloop
endfacet
facet normal 0.09801714032954582 0.9951847266721984 0
outer loop
vertex 230.65736451696182 -94.67117792060125 3
vertex 230.95000000001616 -94.69999999999936 0
vertex 230.65736451696165 -94.67117792060122 0
endloop
endfacet
facet normal -0.0980171403295599 0.9951847266721969 0
outer loop
vertex 230.95000000001608 -94.69999999999936 3
vertex 231.24263548307033 -94.67117792060125 3
vertex 231.24263548301707 -94.67117792060122 0
endloop
endfacet
facet normal -0.0980171403295599 0.9951847266721969 0
outer loop
vertex 230.95000000001608 -94.69999999999936 3
vertex 231.24263548301707 -94.67117792060122 0
vertex 230.95000000001616 -94.69999999999936 0
endloop
endfacet
facet normal -0.2902846772544479 0.9569403357322133 0
outer loop
vertex 231.24263548307033 -94.67117792060125 3
vertex 231.52402514852136 -94.58581929877052 3
vertex 231.52402514856138 -94.58581929877055 0
endloop
endfacet
facet normal -0.2902846772544479 0.9569403357322133 0
outer loop
vertex 231.24263548307033 -94.67117792060125 3
vertex 231.52402514856138 -94.58581929877055 0
vertex 231.24263548301707 -94.67117792060122 0
endloop
endfacet
facet normal -0.47139673682599736 0.8819212643483552 0
outer loop
vertex 231.52402514852136 -94.58581929877052 3
vertex 231.78335534956892 -94.44720441844105 3
vertex 231.7833553495096 -94.44720441844099 0
endloop
endfacet
facet normal -0.47139673682599736 0.8819212643483552 0
outer loop
vertex 231.52402514852136 -94.58581929877052 3
vertex 231.7833553495096 -94.44720441844099 0
vertex 231.52402514856138 -94.58581929877055 0
endloop
endfacet
facet normal -0.6343932841636518 0.7730104533627319 0
outer loop
vertex 231.78335534956892 -94.44720441844105 3
vertex 232.0106601717452 -94.26066017178918 3
vertex 232.01066017178366 -94.26066017178916 0
endloop
endfacet
facet normal -0.6343932841636518 0.7730104533627319 0
outer loop
vertex 231.78335534956892 -94.44720441844105 3
vertex 232.01066017178366 -94.26066017178916 0
vertex 231.7833553495096 -94.44720441844099 0
endloop
endfacet
facet normal -0.7730104533627825 0.63439328416359 0
outer loop
vertex 232.0106601717452 -94.26066017178918 3
vertex 232.19720441844404 -94.03335534954773 3
vertex 232.1972044184543 -94.03335534954769 0
endloop
endfacet
facet normal -0.7730104533627825 0.63439328416359 0
outer loop
vertex 232.0106601717452 -94.26066017178918 3
vertex 232.1972044184543 -94.03335534954769 0
vertex 232.01066017178366 -94.26066017178916 0
endloop
endfacet
facet normal -0.8819212643483403 0.4713967368260254 0
outer loop
vertex 232.19720441844404 -94.03335534954773 3
vertex 232.3358192987843 -93.77402514852095 3
vertex 232.33581929876743 -93.7740251485211 0
endloop
endfacet
facet normal -0.8819212643483403 0.4713967368260254 0
outer loop
vertex 232.19720441844404 -94.03335534954773 3
vertex 232.33581929876743 -93.7740251485211 0
vertex 232.1972044184543 -94.03335534954769 0
endloop
endfacet
facet normal -0.9569403357322224 0.2902846772544179 0
outer loop
vertex 232.3358192987843 -93.77402514852095 3
vertex 232.42117792060367 -93.49263548304413 3
vertex 232.42117792060205 -93.49263548304395 0
endloop
endfacet
facet normal -0.9569403357322224 0.2902846772544179 0
outer loop
vertex 232.3358192987843 -93.77402514852095 3
vertex 232.42117792060205 -93.49263548304395 0
vertex 232.33581929876743 -93.7740251485211 0
endloop
endfacet
endsolid csg.js
