solid csg.js
facet normal 0 0 -1
outer loop
vertex 165.49999999999991 -33 0
vertex 165.8472963553339 -33.030384493975596 0
vertex 166.18404028665137 -33.120614758428175 0
endloop
endfacet
facet normal 0 0 -1
outer loop
vertex 165.49999999999991 -33 0
vertex 166.18404028665137 -33.120614758428175 0
vertex 166.5 -33.26794919243115 0
endloop
endfacet
facet normal 0 0 -1
outer loop
vertex 165.49999999999991 -33 0
vertex 166.5 -33.26794919243115 0
vertex 166.78557521937307 -33.46791111376201 0
endloop
endfacet
facet normal 0 0 -1
outer loop
vertex 165.49999999999991 -33 0
vertex 166.78557521937307 -33.46791111376201 0
vertex 167.03208888623786 -33.71442478062703 0
endloop
endfacet
facet normal 0 0 -1
outer loop
vertex 165.49999999999991 -33 0
vertex 167.03208888623786 -33.71442478062703 0
vertex 167.2320508075688 -33.99999999999996 0
endloop
endfacet
facet normal 0 0 -1
outer loop
vertex 165.49999999999991 -33 0
vertex 167.2320508075688 -33.99999999999996 0
vertex 167.3793852415718 -34.31595971334859 0
endloop
endfacet
facet normal 0 0 -1
outer loop
vertex 165.49999999999991 -33 0
vertex 167.3793852415718 -34.31595971334859 0
vertex 167.4696155060244 -34.65270364466608 0
endloop
endfacet
facet normal 0 0 -1
outer loop
vertex 165.49999999999991 -33 0
vertex 167.4696155060244 -34.65270364466608 0
vertex 167.5 -34.99999999999995 0
endloop
endfacet
facet normal 0 0 -1
outer loop
vertex 165.49999999999991 -33 0
vertex 167.5 -34.99999999999995 0
vertex 167.5 -35.74999999999977 0
endloop
endfacet
facet normal 0 0 -1
outer loop
vertex 165.49999999999991 -33 0
vertex 167.5 -35.74999999999977 0
vertex 146.5 -35.74999999999977 0
endloop
endfacet
facet normal 0 0 -1
outer loop
vertex 165.49999999999991 -33 0
vertex 146.5 -35.74999999999977 0
vertex 146.5 -34.99999999999995 0
endloop
endfacet
facet normal 0 0 -1
outer loop
vertex 165.49999999999991 -33 0
vertex 146.5 -34.99999999999995 0
vertex 146.5303844939756 -34.65270364466608 0
endloop
endfacet
facet normal 0 0 -1
outer loop
vertex 165.49999999999991 -33 0
vertex 146.5303844939756 -34.65270364466608 0
vertex 146.6206147584282 -34.31595971334859 0
endloop
endfacet
facet normal 0 0 -1
outer loop
vertex 165.49999999999991 -33 0
vertex 146.6206147584282 -34.31595971334859 0
vertex 146.76794919243113 -33.99999999999996 0
endloop
endfacet
facet normal 0 0 -1
outer loop
vertex 165.49999999999991 -33 0
vertex 146.76794919243113 -33.99999999999996 0
vertex 146.96791111376194 -33.71442478062703 0
endloop
endfacet
facet normal 0 0 -1
outer loop
vertex 165.49999999999991 -33 0
vertex 146.96791111376194 -33.71442478062703 0
vertex 147.21442478062696 -33.46791111376201 0
endloop
endfacet
facet normal 0 0 -1
outer loop
vertex 165.49999999999991 -33 0
vertex 147.21442478062696 -33.46791111376201 0
vertex 147.49999999999994 -33.26794919243115 0
endloop
endfacet
facet normal 0 0 -1
outer loop
vertex 165.49999999999991 -33 0
vertex 147.49999999999994 -33.26794919243115 0
vertex 147.8159597133487 -33.120614758428175 0
endloop
endfacet
facet normal 0 0 -1
outer loop
vertex 165.49999999999991 -33 0
vertex 147.8159597133487 -33.120614758428175 0
vertex 148.15270364466613 -33.030384493975596 0
endloop
endfacet
facet normal 0 0 -1
outer loop
vertex 165.49999999999991 -33 0
vertex 148.15270364466613 -33.030384493975596 0
vertex 148.50000000000003 -33 0
endloop
endfacet
facet normal 0 0 -1
outer loop
vertex 167.5 -35.74999999999977 0
vertex 167.53038449397556 -36.09729635533366 0
vertex 146.4696155060244 -36.09729635533366 0
endloop
endfacet
facet normal 0 0 -1
outer loop
vertex 167.5 -35.74999999999977 0
vertex 146.4696155060244 -36.09729635533366 0
vertex 146.5 -35.74999999999977 0
endloop
endfacet
facet normal 0 0 -1
outer loop
vertex 167.53038449397556 -36.09729635533366 0
vertex 167.62061475842822 -36.43404028665138 0
vertex 146.37938524157178 -36.43404028665138 0
endloop
endfacet
facet normal 0 0 -1
outer loop
vertex 167.53038449397556 -36.09729635533366 0
vertex 146.37938524157178 -36.43404028665138 0
vertex 146.4696155060244 -36.09729635533366 0
endloop
endfacet
facet normal 0 0 -1
outer loop
vertex 167.62061475842822 -36.43404028665138 0
vertex 167.7679491924312 -36.7500000000001 0
vertex 146.23205080756884 -36.7500000000001 0
endloop
endfacet
facet normal 0 0 -1
outer loop
vertex 167.62061475842822 -36.43404028665138 0
vertex 146.23205080756884 -36.7500000000001 0
vertex 146.37938524157178 -36.43404028665138 0
endloop
endfacet
facet normal 0 0 -1
outer loop
vertex 167.7679491924312 -36.7500000000001 0
vertex 167.967911113762 -37.03557521937304 0
vertex 146.032088886238 -37.03557521937304 0
endloop
endfacet
facet normal 0 0 -1
outer loop
vertex 167.7679491924312 -36.7500000000001 0
vertex 146.032088886238 -37.03557521937304 0
vertex 146.23205080756884 -36.7500000000001 0
endloop
endfacet
facet normal 0 0 -1
outer loop
vertex 167.967911113762 -37.03557521937304 0
vertex 168.2144247806269 -37.28208888623794 0
vertex 145.78557521937307 -37.28208888623794 0
endloop
endfacet
facet normal 0 0 -1
outer loop
vertex 167.967911113762 -37.03557521937304 0
vertex 145.78557521937307 -37.28208888623794 0
vertex 146.032088886238 -37.03557521937304 0
endloop
endfacet
facet normal 0 0 -1
outer loop
vertex 168.2144247806269 -37.28208888623794 0
vertex 168.5 -37.482050807568875 0
vertex 145.5 -37.482050807568875 0
endloop
endfacet
facet normal 0 0 -1
outer loop
vertex 168.2144247806269 -37.28208888623794 0
vertex 145.5 -37.482050807568875 0
vertex 145.78557521937307 -37.28208888623794 0
endloop
endfacet
facet normal 0 0 -1
outer loop
vertex 168.5 -37.482050807568875 0
vertex 168.8159597133487 -37.62938524157183 0
vertex 145.1840402866513 -37.62938524157183 0
endloop
endfacet
facet normal 0 0 -1
outer loop
vertex 168.5 -37.482050807568875 0
vertex 145.1840402866513 -37.62938524157183 0
vertex 145.5 -37.482050807568875 0
endloop
endfacet
facet normal 0 0 -1
outer loop
vertex 168.8159597133487 -37.62938524157183 0
vertex 169.15270364466613 -37.719615506024425 0
vertex 144.84729635533387 -37.719615506024425 0
endloop
endfacet
facet normal 0 0 -1
outer loop
vertex 168.8159597133487 -37.62938524157183 0
vertex 144.84729635533387 -37.719615506024425 0
vertex 145.1840402866513 -37.62938524157183 0
endloop
endfacet
facet normal 0 0 -1
outer loop
vertex 169.15270364466613 -37.719615506024425 0
vertex 169.49999999999997 -37.75 0
vertex 144.49999999999994 -37.75 0
endloop
endfacet
facet normal 0 0 -1
outer loop
vertex 169.15270364466613 -37.719615506024425 0
vertex 144.49999999999994 -37.75 0
vertex 144.84729635533387 -37.719615506024425 0
endloop
endfacet
facet normal 0 0 -1
outer loop
vertex 144.49999999999994 -37.75 0
vertex 169.49999999999997 -37.75 0
vertex 184.5 -37.75 0
endloop
endfacet
facet normal 0 0 -1
outer loop
vertex 144.49999999999994 -37.75 0
vertex 184.5 -37.75 0
vertex 184.84729635533387 -37.78038449397558 0
endloop
endfacet
facet normal 0 0 -1
outer loop
vertex 144.49999999999994 -37.75 0
vertex 184.84729635533387 -37.78038449397558 0
vertex 185.18404028665134 -37.87061475842818 0
endloop
endfacet
facet normal 0 0 -1
outer loop
vertex 144.49999999999994 -37.75 0
vertex 185.18404028665134 -37.87061475842818 0
vertex 185.50000000000003 -38.01794919243113 0
endloop
endfacet
facet normal 0 0 -1
outer loop
vertex 144.49999999999994 -37.75 0
vertex 185.50000000000003 -38.01794919243113 0
vertex 185.78557521937313 -38.21791111376208 0
endloop
endfacet
facet normal 0 0 -1
outer loop
vertex 144.49999999999994 -37.75 0
vertex 185.78557521937313 -38.21791111376208 0
vertex 186.03208888623786 -38.464424780626814 0
endloop
endfacet
facet normal 0 0 -1
outer loop
vertex 144.49999999999994 -37.75 0
vertex 186.03208888623786 -38.464424780626814 0
vertex 186.23205080756892 -38.75000000000011 0
endloop
endfacet
facet normal 0 0 -1
outer loop
vertex 144.49999999999994 -37.75 0
vertex 186.23205080756892 -38.75000000000011 0
vertex 186.37938524157187 -39.06595971334876 0
endloop
endfacet
facet normal 0 0 -1
outer loop
vertex 144.49999999999994 -37.75 0
vertex 186.37938524157187 -39.06595971334876 0
vertex 186.4696155060244 -39.40270364466605 0
endloop
endfacet
facet normal 0 0 -1
outer loop
vertex 144.49999999999994 -37.75 0
vertex 186.4696155060244 -39.40270364466605 0
vertex 186.5 -39.75000000000008 0
endloop
endfacet
facet normal 0 0 -1
outer loop
vertex 144.49999999999994 -37.75 0
vertex 186.5 -39.75000000000008 0
vertex 186.5 -40.125 0
endloop
endfacet
facet normal 0 0 -1
outer loop
vertex 144.49999999999994 -37.75 0
vertex 186.5 -40.125 0
vertex 127.5 -40.125 0
endloop
endfacet
facet normal 0 0 -1
outer loop
vertex 144.49999999999994 -37.75 0
vertex 127.5 -40.125 0
vertex 127.5 -39.75000000000008 0
endloop
endfacet
facet normal 0 0 -1
outer loop
vertex 144.49999999999994 -37.75 0
vertex 127.5 -39.75000000000008 0
vertex 127.5303844939756 -39.40270364466605 0
endloop
endfacet
facet normal 0 0 -1
outer loop
vertex 144.49999999999994 -37.75 0
vertex 127.5303844939756 -39.40270364466605 0
vertex 127.62061475842816 -39.06595971334876 0
endloop
endfacet
facet normal 0 0 -1
outer loop
vertex 144.49999999999994 -37.75 0
vertex 127.62061475842816 -39.06595971334876 0
vertex 127.76794919243117 -38.75000000000011 0
endloop
endfacet
facet normal 0 0 -1
outer loop
vertex 144.49999999999994 -37.75 0
vertex 127.76794919243117 -38.75000000000011 0
vertex 127.96791111376196 -38.464424780626814 0
endloop
endfacet
facet normal 0 0 -1
outer loop
vertex 144.49999999999994 -37.75 0
vertex 127.96791111376196 -38.464424780626814 0
vertex 128.21442478062693 -38.21791111376208 0
endloop
endfacet
facet normal 0 0 -1
outer loop
vertex 144.49999999999994 -37.75 0
vertex 128.21442478062693 -38.21791111376208 0
vertex 128.49999999999994 -38.01794919243113 0
endloop
endfacet
facet normal 0 0 -1
outer loop
vertex 144.49999999999994 -37.75 0
vertex 128.49999999999994 -38.01794919243113 0
vertex 128.81595971334875 -37.87061475842818 0
endloop
endfacet
facet normal 0 0 -1
outer loop
vertex 144.49999999999994 -37.75 0
vertex 128.81595971334875 -37.87061475842818 0
vertex 129.1527036446662 -37.78038449397558 0
endloop
endfacet
facet normal 0 0 -1
outer loop
vertex 144.49999999999994 -37.75 0
vertex 129.1527036446662 -37.78038449397558 0
vertex 129.5 -37.75 0
endloop
endfacet
facet normal 0 0 -1
outer loop
vertex 186.5 -40.125 0
vertex 203.50000000000006 -40.125 0
vertex 203.84729635533384 -40.155384493975575 0
endloop
endfacet
facet normal 0 0 -1
outer loop
vertex 186.5 -40.125 0
vertex 203.84729635533384 -40.155384493975575 0
vertex 204.1840402866514 -40.245614758428204 0
endloop
endfacet
facet normal 0 0 -1
outer loop
vertex 186.5 -40.125 0
vertex 204.1840402866514 -40.245614758428204 0
vertex 204.5000000000001 -40.392949192431175 0
endloop
endfacet
facet normal 0 0 -1
outer loop
vertex 186.5 -40.125 0
vertex 204.5000000000001 -40.392949192431175 0
vertex 204.78557521937296 -40.592911113761936 0
endloop
endfacet
facet normal 0 0 -1
outer loop
vertex 186.5 -40.125 0
vertex 204.78557521937296 -40.592911113761936 0
vertex 205.03208888623803 -40.83942478062702 0
endloop
endfacet
facet normal 0 0 -1
outer loop
vertex 186.5 -40.125 0
vertex 205.03208888623803 -40.83942478062702 0
vertex 205.23205080756887 -41.124999999999986 0
endloop
endfacet
facet normal 0 0 -1
outer loop
vertex 186.5 -40.125 0
vertex 205.23205080756887 -41.124999999999986 0
vertex 205.3793852415718 -41.44095971334865 0
endloop
endfacet
facet normal 0 0 -1
outer loop
vertex 186.5 -40.125 0
vertex 205.3793852415718 -41.44095971334865 0
vertex 205.46961550602444 -41.777703644666246 0
endloop
endfacet
facet normal 0 0 -1
outer loop
vertex 186.5 -40.125 0
vertex 205.46961550602444 -41.777703644666246 0
vertex 205.5 -42.12499999999979 0
endloop
endfacet
facet normal 0 0 -1
outer loop
vertex 186.5 -40.125 0
vertex 205.5 -42.12499999999979 0
vertex 205.5 -43.88846500000002 0
endloop
endfacet
facet normal 0 0 -1
outer loop
vertex 186.5 -40.125 0
vertex 205.5 -43.88846500000002 0
vertex 127.5 -43.88846500000002 0
endloop
endfacet
facet normal 0 0 -1
outer loop
vertex 186.5 -40.125 0
vertex 127.5 -43.88846500000002 0
vertex 127.5 -40.125 0
endloop
endfacet
facet normal 0 0 -1
outer loop
vertex 233.02500000000003 -43.575 0
vertex 233.3722963553339 -43.605384493975585 0
vertex 233.7090402866514 -43.6956147584282 0
endloop
endfacet
facet normal 0 0 -1
outer loop
vertex 233.02500000000003 -43.575 0
vertex 233.7090402866514 -43.6956147584282 0
vertex 234.025 -43.842949192431114 0
endloop
endfacet
facet normal 0 0 -1
outer loop
vertex 233.02500000000003 -43.575 0
vertex 234.025 -43.842949192431114 0
vertex 234.09000330985478 -43.88846500000002 0
endloop
endfacet
facet normal 0 0 -1
outer loop
vertex 233.02500000000003 -43.575 0
vertex 234.09000330985478 -43.88846500000002 0
vertex 205.5 -43.88846500000002 0
endloop
endfacet
facet normal 0 0 -1
outer loop
vertex 233.02500000000003 -43.575 0
vertex 205.5 -43.88846500000002 0
vertex 205.74926203462817 -43.75341525316987 0
endloop
endfacet
facet normal 0 0 -1
outer loop
vertex 233.02500000000003 -43.575 0
vertex 205.74926203462817 -43.75341525316987 0
vertex 206.01511481439633 -43.654965796516166 0
endloop
endfacet
facet normal 0 0 -1
outer loop
vertex 233.02500000000003 -43.575 0
vertex 206.01511481439633 -43.654965796516166 0
vertex 206.29221669259093 -43.59509472564892 0
endloop
endfacet
facet normal 0 0 -1
outer loop
vertex 233.02500000000003 -43.575 0
vertex 206.29221669259093 -43.59509472564892 0
vertex 206.575 -43.575 0
endloop
endfacet
facet normal 0 0 -1
outer loop
vertex 205.5 -43.88846500000002 0
vertex 234.09000330985478 -43.88846500000002 0
vertex 234.31057521937308 -44.04291111376204 0
endloop
endfacet
facet normal 0 0 -1
outer loop
vertex 205.5 -43.88846500000002 0
vertex 234.31057521937308 -44.04291111376204 0
vertex 234.55708888623798 -44.289424780626945 0
endloop
endfacet
facet normal 0 0 -1
outer loop
vertex 205.5 -43.88846500000002 0
vertex 234.55708888623798 -44.289424780626945 0
vertex 234.75705080756882 -44.57499999999991 0
endloop
endfacet
facet normal 0 0 -1
outer loop
vertex 205.5 -43.88846500000002 0
vertex 234.75705080756882 -44.57499999999991 0
vertex 234.83865464774598 -44.75000000000003 0
endloop
endfacet
facet normal 0 0 -1
outer loop
vertex 205.5 -43.88846500000002 0
vertex 234.83865464774598 -44.75000000000003 0
vertex 127.5 -44.75000000000003 0
endloop
endfacet
facet normal 0 0 -1
outer loop
vertex 205.5 -43.88846500000002 0
vertex 127.5 -44.75000000000003 0
vertex 127.5 -43.88846500000002 0
endloop
endfacet
facet normal 0 0 -1
outer loop
vertex 234.83865464774598 -44.75000000000003 0
vertex 234.90438524157182 -44.890959713348714 0
vertex 234.9596729781607 -45.097296355333896 0
endloop
endfacet
facet normal 0 0 -1
outer loop
vertex 234.83865464774598 -44.75000000000003 0
vertex 234.9596729781607 -45.097296355333896 0
vertex 127.46961550602441 -45.097296355333896 0
endloop
endfacet
facet normal 0 0 -1
outer loop
vertex 234.83865464774598 -44.75000000000003 0
vertex 127.46961550602441 -45.097296355333896 0
vertex 127.5 -44.75000000000003 0
endloop
endfacet
facet normal 0 0 -1
outer loop
vertex 234.9596729781607 -45.097296355333896 0
vertex 234.99461550602442 -45.22770364466615 0
vertex 235.01266762306813 -45.434040286651225 0
endloop
endfacet
facet normal 0 0 -1
outer loop
vertex 234.9596729781607 -45.097296355333896 0
vertex 235.01266762306813 -45.434040286651225 0
vertex 127.37938524157185 -45.434040286651225 0
endloop
endfacet
facet normal 0 0 -1
outer loop
vertex 234.9596729781607 -45.097296355333896 0
vertex 127.37938524157185 -45.434040286651225 0
vertex 127.46961550602441 -45.097296355333896 0
endloop
endfacet
facet normal 0 0 -1
outer loop
vertex 235.01266762306813 -45.434040286651225 0
vertex 235.025 -45.57499999999986 0
vertex 235.025 -45.750000000000135 0
endloop
endfacet
facet normal 0 0 -1
outer loop
vertex 235.01266762306813 -45.434040286651225 0
vertex 235.025 -45.750000000000135 0
vertex 127.23205080756881 -45.750000000000135 0
endloop
endfacet
facet normal 0 0 -1
outer loop
vertex 235.01266762306813 -45.434040286651225 0
vertex 127.23205080756881 -45.750000000000135 0
vertex 127.37938524157185 -45.434040286651225 0
endloop
endfacet
facet normal 0 0 -1
outer loop
vertex 235.025 -45.750000000000135 0
vertex 235.025 -46.03557521937301 0
vertex 127.03208888623803 -46.03557521937301 0
endloop
endfacet
facet normal 0 0 -1
outer loop
vertex 235.025 -45.750000000000135 0
vertex 127.03208888623803 -46.03557521937301 0
vertex 127.23205080756881 -45.750000000000135 0
endloop
endfacet
facet normal 0 0 -1
outer loop
vertex 235.025 -46.03557521937301 0
vertex 235.025 -46.28208888623793 0
vertex 126.7855752193731 -46.28208888623793 0
endloop
endfacet
facet normal 0 0 -1
outer loop
vertex 235.025 -46.03557521937301 0
vertex 126.7855752193731 -46.28208888623793 0
vertex 127.03208888623803 -46.03557521937301 0
endloop
endfacet
facet normal 0 0 -1
outer loop
vertex 235.025 -46.28208888623793 0
vertex 235.025 -46.48205080756886 0
vertex 126.50000000000001 -46.48205080756886 0
endloop
endfacet
facet normal 0 0 -1
outer loop
vertex 235.025 -46.28208888623793 0
vertex 126.50000000000001 -46.48205080756886 0
vertex 126.7855752193731 -46.28208888623793 0
endloop
endfacet
facet normal 0 0 -1
outer loop
vertex 235.025 -46.48205080756886 0
vertex 235.025 -46.62938524157183 0
vertex 126.1840402866513 -46.62938524157183 0
endloop
endfacet
facet normal 0 0 -1
outer loop
vertex 235.025 -46.48205080756886 0
vertex 126.1840402866513 -46.62938524157183 0
vertex 126.50000000000001 -46.48205080756886 0
endloop
endfacet
facet normal 0 0 -1
outer loop
vertex 235.025 -46.62938524157183 0
vertex 235.025 -46.719615506024425 0
vertex 125.84729635533385 -46.719615506024425 0
endloop
endfacet
facet normal 0 0 -1
outer loop
vertex 235.025 -46.62938524157183 0
vertex 125.84729635533385 -46.719615506024425 0
vertex 126.1840402866513 -46.62938524157183 0
endloop
endfacet
facet normal 0 0 -1
outer loop
vertex 235.025 -46.719615506024425 0
vertex 235.025 -46.75 0
vertex 125.49999999999999 -46.75 0
endloop
endfacet
facet normal 0 0 -1
outer loop
vertex 235.025 -46.719615506024425 0
vertex 125.49999999999999 -46.75 0
vertex 125.84729635533385 -46.719615506024425 0
endloop
endfacet
facet normal 0 0 -1
outer loop
vertex 125.49999999999999 -46.75 0
vertex 235.025 -46.75 0
vertex 235.025 -50.000000000000014 0
endloop
endfacet
facet normal 0 0 -1
outer loop
vertex 125.49999999999999 -46.75 0
vertex 235.025 -50.000000000000014 0
vertex 117.5 -50.000000000000014 0
endloop
endfacet
facet normal 0 0 -1
outer loop
vertex 125.49999999999999 -46.75 0
vertex 117.5 -50.000000000000014 0
vertex 117.5 -48.749999999999964 0
endloop
endfacet
facet normal 0 0 -1
outer loop
vertex 125.49999999999999 -46.75 0
vertex 117.5 -48.749999999999964 0
vertex 117.53038449397557 -48.40270364466626 0
endloop
endfacet
facet normal 0 0 -1
outer loop
vertex 125.49999999999999 -46.75 0
vertex 117.53038449397557 -48.40270364466626 0
vertex 117.62061475842822 -48.0659597133486 0
endloop
endfacet
facet normal 0 0 -1
outer loop
vertex 125.49999999999999 -46.75 0
vertex 117.62061475842822 -48.0659597133486 0
vertex 117.76794919243109 -47.75000000000005 0
endloop
endfacet
facet normal 0 0 -1
outer loop
vertex 125.49999999999999 -46.75 0
vertex 117.76794919243109 -47.75000000000005 0
vertex 117.96791111376206 -47.464424780626906 0
endloop
endfacet
facet normal 0 0 -1
outer loop
vertex 125.49999999999999 -46.75 0
vertex 117.96791111376206 -47.464424780626906 0
vertex 118.21442478062697 -47.217911113762 0
endloop
endfacet
facet normal 0 0 -1
outer loop
vertex 125.49999999999999 -46.75 0
vertex 118.21442478062697 -47.217911113762 0
vertex 118.5 -47.01794919243112 0
endloop
endfacet
facet normal 0 0 -1
outer loop
vertex 125.49999999999999 -46.75 0
vertex 118.5 -47.01794919243112 0
vertex 118.81595971334859 -46.87061475842821 0
endloop
endfacet
facet normal 0 0 -1
outer loop
vertex 125.49999999999999 -46.75 0
vertex 118.81595971334859 -46.87061475842821 0
vertex 119.1527036446662 -46.780384493975575 0
endloop
endfacet
facet normal 0 0 -1
outer loop
vertex 125.49999999999999 -46.75 0
vertex 119.1527036446662 -46.780384493975575 0
vertex 119.50000000000001 -46.75 0
endloop
endfacet
facet normal 0 0 -1
outer loop
vertex 235.025 -50.000000000000014 0
vertex 235.025 -50.34729635533387 0
vertex 117.46961550602441 -50.34729635533387 0
endloop
endfacet
facet normal 0 0 -1
outer loop
vertex 235.025 -50.000000000000014 0
vertex 117.46961550602441 -50.34729635533387 0
vertex 117.5 -50.000000000000014 0
endloop
endfacet
facet normal 0 0 -1
outer loop
vertex 235.025 -50.34729635533387 0
vertex 235.025 -50.68404028665138 0
vertex 117.3793852415718 -50.68404028665138 0
endloop
endfacet
facet normal 0 0 -1
outer loop
vertex 235.025 -50.34729635533387 0
vertex 117.3793852415718 -50.68404028665138 0
vertex 117.46961550602441 -50.34729635533387 0
endloop
endfacet
facet normal 0 0 -1
outer loop
vertex 235.025 -50.68404028665138 0
vertex 235.025 -51.00000000000007 0
vertex 117.23205080756885 -51.00000000000007 0
endloop
endfacet
facet normal 0 0 -1
outer loop
vertex 235.025 -50.68404028665138 0
vertex 117.23205080756885 -51.00000000000007 0
vertex 117.3793852415718 -50.68404028665138 0
endloop
endfacet
facet normal 0 0 -1
outer loop
vertex 235.025 -51.00000000000007 0
vertex 235.025 -51.28557521937301 0
vertex 117.03208888623803 -51.28557521937301 0
endloop
endfacet
facet normal 0 0 -1
outer loop
vertex 235.025 -51.00000000000007 0
vertex 117.03208888623803 -51.28557521937301 0
vertex 117.23205080756885 -51.00000000000007 0
endloop
endfacet
facet normal 0 0 -1
outer loop
vertex 235.025 -51.28557521937301 0
vertex 235.025 -51.532088886237936 0
vertex 116.78557521937309 -51.532088886237936 0
endloop
endfacet
facet normal 0 0 -1
outer loop
vertex 235.025 -51.28557521937301 0
vertex 116.78557521937309 -51.532088886237936 0
vertex 117.03208888623803 -51.28557521937301 0
endloop
endfacet
facet normal 0 0 -1
outer loop
vertex 235.025 -51.532088886237936 0
vertex 235.025 -51.73205080756892 0
vertex 116.49999999999994 -51.73205080756892 0
endloop
endfacet
facet normal 0 0 -1
outer loop
vertex 235.025 -51.532088886237936 0
vertex 116.49999999999994 -51.73205080756892 0
vertex 116.78557521937309 -51.532088886237936 0
endloop
endfacet
facet normal 0 0 -1
outer loop
vertex 235.025 -51.73205080756892 0
vertex 235.025 -51.879385241571775 0
vertex 116.18404028665147 -51.879385241571775 0
endloop
endfacet
facet normal 0 0 -1
outer loop
vertex 235.025 -51.73205080756892 0
vertex 116.18404028665147 -51.879385241571775 0
vertex 116.49999999999994 -51.73205080756892 0
endloop
endfacet
facet normal 0 0 -1
outer loop
vertex 235.025 -51.879385241571775 0
vertex 235.025 -51.969615506024425 0
vertex 115.84729635533381 -51.969615506024425 0
endloop
endfacet
facet normal 0 0 -1
outer loop
vertex 235.025 -51.879385241571775 0
vertex 115.84729635533381 -51.969615506024425 0
vertex 116.18404028665147 -51.879385241571775 0
endloop
endfacet
facet normal 0 0 -1
outer loop
vertex 235.025 -51.969615506024425 0
vertex 235.025 -52 0
vertex 115.50000000000004 -52 0
endloop
endfacet
facet normal 0 0 -1
outer loop
vertex 235.025 -51.969615506024425 0
vertex 115.50000000000004 -52 0
vertex 115.84729635533381 -51.969615506024425 0
endloop
endfacet
facet normal 0 0 -1
outer loop
vertex 115.50000000000004 -52 0
vertex 235.025 -52 0
vertex 235.025 -56.750000000000455 0
endloop
endfacet
facet normal 0 0 -1
outer loop
vertex 115.50000000000004 -52 0
vertex 235.025 -56.750000000000455 0
vertex 129.50000000000261 -56.750000000000455 0
endloop
endfacet
facet normal 0 0 -1
outer loop
vertex 115.50000000000004 -52 0
vertex 129.50000000000261 -56.750000000000455 0
vertex 89.5 -56.750000000000455 0
endloop
endfacet
facet normal 0 0 -1
outer loop
vertex 115.50000000000004 -52 0
vertex 89.5 -56.750000000000455 0
vertex 89.5 -53.99999999999994 0
endloop
endfacet
facet normal 0 0 -1
outer loop
vertex 115.50000000000004 -52 0
vertex 89.5 -53.99999999999994 0
vertex 89.53038449397557 -53.65270364466623 0
endloop
endfacet
facet normal 0 0 -1
outer loop
vertex 115.50000000000004 -52 0
vertex 89.53038449397557 -53.65270364466623 0
vertex 89.62061475842822 -53.31595971334859 0
endloop
endfacet
facet normal 0 0 -1
outer loop
vertex 115.50000000000004 -52 0
vertex 89.62061475842822 -53.31595971334859 0
vertex 89.7679491924311 -53.000000000000036 0
endloop
endfacet
facet normal 0 0 -1
outer loop
vertex 115.50000000000004 -52 0
vertex 89.7679491924311 -53.000000000000036 0
vertex 89.96791111376207 -52.71442478062689 0
endloop
endfacet
facet normal 0 0 -1
outer loop
vertex 115.50000000000004 -52 0
vertex 89.96791111376207 -52.71442478062689 0
vertex 90.21442478062698 -52.46791111376198 0
endloop
endfacet
facet normal 0 0 -1
outer loop
vertex 115.50000000000004 -52 0
vertex 90.21442478062698 -52.46791111376198 0
vertex 90.49999999999989 -52.26794919243118 0
endloop
endfacet
facet normal 0 0 -1
outer loop
vertex 115.50000000000004 -52 0
vertex 90.49999999999989 -52.26794919243118 0
vertex 90.81595971334869 -52.120614758428175 0
endloop
endfacet
facet normal 0 0 -1
outer loop
vertex 115.50000000000004 -52 0
vertex 90.81595971334869 -52.120614758428175 0
vertex 91.15270364466615 -52.030384493975575 0
endloop
endfacet
facet normal 0 0 -1
outer loop
vertex 115.50000000000004 -52 0
vertex 91.15270364466615 -52.030384493975575 0
vertex 91.49999999999997 -52 0
endloop
endfacet
facet normal 0 0 -1
outer loop
vertex 129.50000000000261 -56.750000000000455 0
vertex 129.2073645169831 -56.77882207939515 0
vertex 89.5 -56.77882207939515 0
endloop
endfacet
facet normal 0 0 -1
outer loop
vertex 129.50000000000261 -56.750000000000455 0
vertex 89.5 -56.77882207939515 0
vertex 89.5 -56.750000000000455 0
endloop
endfacet
facet normal 0 0 -1
outer loop
vertex 235.025 -56.750000000000455 0
vertex 235.025 -56.77882207939515 0
vertex 129.7926354830221 -56.77882207939515 0
endloop
endfacet
facet normal 0 0 -1
outer loop
vertex 235.025 -56.750000000000455 0
vertex 129.7926354830221 -56.77882207939515 0
vertex 129.50000000000261 -56.750000000000455 0
endloop
endfacet
facet normal 0 0 -1
outer loop
vertex 129.2073645169831 -56.77882207939515 0
vertex 128.92597485144134 -56.86418070123493 0
vertex 89.5 -56.86418070123493 0
endloop
endfacet
facet normal 0 0 -1
outer loop
vertex 129.2073645169831 -56.77882207939515 0
vertex 89.5 -56.86418070123493 0
vertex 89.5 -56.77882207939515 0
endloop
endfacet
facet normal 0 0 -1
outer loop
vertex 235.025 -56.77882207939515 0
vertex 235.025 -56.86418070123493 0
vertex 130.07402514855173 -56.86418070123493 0
endloop
endfacet
facet normal 0 0 -1
outer loop
vertex 235.025 -56.77882207939515 0
vertex 130.07402514855173 -56.86418070123493 0
vertex 129.7926354830221 -56.77882207939515 0
endloop
endfacet
facet normal 0 0 -1
outer loop
vertex 128.92597485144134 -56.86418070123493 0
vertex 128.66664465048586 -57.00279558154597 0
vertex 89.5 -57.00279558154597 0
endloop
endfacet
facet normal 0 0 -1
outer loop
vertex 128.92597485144134 -56.86418070123493 0
vertex 89.5 -57.00279558154597 0
vertex 89.5 -56.86418070123493 0
endloop
endfacet
facet normal 0 0 -1
outer loop
vertex 235.025 -56.86418070123493 0
vertex 235.025 -57.00279558154597 0
vertex 130.3333553495296 -57.00279558154597 0
endloop
endfacet
facet normal 0 0 -1
outer loop
vertex 235.025 -56.86418070123493 0
vertex 130.3333553495296 -57.00279558154597 0
vertex 130.07402514855173 -56.86418070123493 0
endloop
endfacet
facet normal 0 0 -1
outer loop
vertex 128.66664465048586 -57.00279558154597 0
vertex 128.43933982822332 -57.18933982821095 0
vertex 89.5 -57.18933982821095 0
endloop
endfacet
facet normal 0 0 -1
outer loop
vertex 128.66664465048586 -57.00279558154597 0
vertex 89.5 -57.18933982821095 0
vertex 89.5 -57.00279558154597 0
endloop
endfacet
facet normal 0 0 -1
outer loop
vertex 235.025 -57.00279558154597 0
vertex 235.025 -57.18933982821095 0
vertex 130.56066017176903 -57.18933982821095 0
endloop
endfacet
facet normal 0 0 -1
outer loop
vertex 235.025 -57.00279558154597 0
vertex 130.56066017176903 -57.18933982821095 0
vertex 130.3333553495296 -57.00279558154597 0
endloop
endfacet
facet normal 0 0 -1
outer loop
vertex 128.43933982822332 -57.18933982821095 0
vertex 128.25279558151848 -57.41664465049514 0
vertex 89.5 -57.41664465049514 0
endloop
endfacet
facet normal 0 0 -1
outer loop
vertex 128.43933982822332 -57.18933982821095 0
vertex 89.5 -57.41664465049514 0
vertex 89.5 -57.18933982821095 0
endloop
endfacet
facet normal 0 0 -1
outer loop
vertex 235.025 -57.18933982821095 0
vertex 235.025 -57.41664465049514 0
vertex 130.74720441847072 -57.41664465049514 0
endloop
endfacet
facet normal 0 0 -1
outer loop
vertex 235.025 -57.18933982821095 0
vertex 130.74720441847072 -57.41664465049514 0
vertex 130.56066017176903 -57.18933982821095 0
endloop
endfacet
facet normal 0 0 -1
outer loop
vertex 128.25279558151848 -57.41664465049514 0
vertex 128.11418070125163 -57.675974851439584 0
vertex 89.5 -57.675974851439584 0
endloop
endfacet
facet normal 0 0 -1
outer loop
vertex 128.25279558151848 -57.41664465049514 0
vertex 89.5 -57.675974851439584 0
vertex 89.5 -57.41664465049514 0
endloop
endfacet
facet normal 0 0 -1
outer loop
vertex 235.025 -57.41664465049514 0
vertex 235.025 -57.675974851439584 0
vertex 130.8858192987639 -57.675974851439584 0
endloop
endfacet
facet normal 0 0 -1
outer loop
vertex 235.025 -57.41664465049514 0
vertex 130.8858192987639 -57.675974851439584 0
vertex 130.74720441847072 -57.41664465049514 0
endloop
endfacet
facet normal 0 0 -1
outer loop
vertex 128.11418070125163 -57.675974851439584 0
vertex 128.02882207939282 -57.95736451697312 0
vertex 89.5 -57.95736451697312 0
endloop
endfacet
facet normal 0 0 -1
outer loop
vertex 128.11418070125163 -57.675974851439584 0
vertex 89.5 -57.95736451697312 0
vertex 89.5 -57.675974851439584 0
endloop
endfacet
facet normal 0 0 -1
outer loop
vertex 235.025 -57.675974851439584 0
vertex 235.025 -57.95736451697312 0
vertex 130.97117792060487 -57.95736451697312 0
endloop
endfacet
facet normal 0 0 -1
outer loop
vertex 235.025 -57.675974851439584 0
vertex 130.97117792060487 -57.95736451697312 0
vertex 130.8858192987639 -57.675974851439584 0
endloop
endfacet
facet normal 0 0 -1
outer loop
vertex 235.025 -57.95736451697312 0
vertex 235.025 -58.12500000000043 0
vertex 185.120000000007 -58.12500000000043 0
endloop
endfacet
facet normal 0 0 -1
outer loop
vertex 235.025 -57.95736451697312 0
vertex 185.120000000007 -58.12500000000043 0
vertex 130.9876885745807 -58.12500000000043 0
endloop
endfacet
facet normal 0 0 -1
outer loop
vertex 235.025 -57.95736451697312 0
vertex 130.9876885745807 -58.12500000000043 0
vertex 130.97117792060487 -57.95736451697312 0
endloop
endfacet
facet normal 0 0 -1
outer loop
vertex 185.120000000007 -58.12500000000043 0
vertex 184.82736451699333 -58.15382207939455 0
vertex 130.9905273016279 -58.15382207939455 0
endloop
endfacet
facet normal 0 0 -1
outer loop
vertex 185.120000000007 -58.12500000000043 0
vertex 130.9905273016279 -58.15382207939455 0
vertex 130.9876885745807 -58.12500000000043 0
endloop
endfacet
facet normal 0 0 -1
outer loop
vertex 235.025 -58.12500000000043 0
vertex 235.025 -58.15382207939455 0
vertex 185.41263548302058 -58.15382207939455 0
endloop
endfacet
facet normal 0 0 -1
outer loop
vertex 235.025 -58.12500000000043 0
vertex 185.41263548302058 -58.15382207939455 0
vertex 185.120000000007 -58.12500000000043 0
endloop
endfacet
facet normal 0 0 -1
outer loop
vertex 184.82736451699333 -58.15382207939455 0
vertex 184.54597485146334 -58.23918070122735 0
vertex 130.99893439208086 -58.23918070122735 0
endloop
endfacet
facet normal 0 0 -1
outer loop
vertex 184.82736451699333 -58.15382207939455 0
vertex 130.99893439208086 -58.23918070122735 0
vertex 130.9905273016279 -58.15382207939455 0
endloop
endfacet
facet normal 0 0 -1
outer loop
vertex 235.025 -58.15382207939455 0
vertex 235.025 -58.23918070122735 0
vertex 185.69402514852717 -58.23918070122735 0
endloop
endfacet
facet normal 0 0 -1
outer loop
vertex 235.025 -58.15382207939455 0
vertex 185.69402514852717 -58.23918070122735 0
vertex 185.41263548302058 -58.15382207939455 0
endloop
endfacet
facet normal 0 0 -1
outer loop
vertex 128.02882207939282 -57.95736451697312 0
vertex 128.00000000000003 -58.24999999999147 0
vertex 89.5 -58.24999999999147 0
endloop
endfacet
facet normal 0 0 -1
outer loop
vertex 128.02882207939282 -57.95736451697312 0
vertex 89.5 -58.24999999999147 0
vertex 89.5 -57.95736451697312 0
endloop
endfacet
facet normal 0 0 -1
outer loop
vertex 184.54597485146334 -58.23918070122735 0
vertex 184.52573336715318 -58.24999999999147 0
vertex 130.99999999999946 -58.24999999999147 0
endloop
endfacet
facet normal 0 0 -1
outer loop
vertex 184.54597485146334 -58.23918070122735 0
vertex 130.99999999999946 -58.24999999999147 0
vertex 130.99893439208086 -58.23918070122735 0
endloop
endfacet
facet normal 0 0 -1
outer loop
vertex 184.52573336715318 -58.24999999999147 0
vertex 184.2866446504265 -58.37779558156209 0
vertex 130.98741323382774 -58.37779558156209 0
endloop
endfacet
facet normal 0 0 -1
outer loop
vertex 184.52573336715318 -58.24999999999147 0
vertex 130.98741323382774 -58.37779558156209 0
vertex 130.99999999999946 -58.24999999999147 0
endloop
endfacet
facet normal 0 0 -1
outer loop
vertex 235.025 -58.23918070122735 0
vertex 235.025 -58.37779558156209 0
vertex 185.95335534954938 -58.37779558156209 0
endloop
endfacet
facet normal 0 0 -1
outer loop
vertex 235.025 -58.23918070122735 0
vertex 185.95335534954938 -58.37779558156209 0
vertex 185.69402514852717 -58.23918070122735 0
endloop
endfacet
facet normal 0 0 -1
outer loop
vertex 128.00000000000003 -58.24999999999147 0
vertex 128.028822079395 -58.54263548301434 0
vertex 89.5 -58.54263548301434 0
endloop
endfacet
facet normal 0 0 -1
outer loop
vertex 128.00000000000003 -58.24999999999147 0
vertex 89.5 -58.54263548301434 0
vertex 89.5 -58.24999999999147 0
endloop
endfacet
facet normal 0 0 -1
outer loop
vertex 184.2866446504265 -58.37779558156209 0
vertex 184.0857866493977 -58.54263548301434 0
vertex 130.97117792060445 -58.54263548301434 0
endloop
endfacet
facet normal 0 0 -1
outer loop
vertex 184.2866446504265 -58.37779558156209 0
vertex 130.97117792060445 -58.54263548301434 0
vertex 130.98741323382774 -58.37779558156209 0
endloop
endfacet
facet normal 0 0 -1
outer loop
vertex 184.0857866493977 -58.54263548301434 0
vertex 184.05933982823427 -58.56433982822799 0
vertex 130.96459397946333 -58.56433982822799 0
endloop
endfacet
facet normal 0 0 -1
outer loop
vertex 184.0857866493977 -58.54263548301434 0
vertex 130.96459397946333 -58.56433982822799 0
vertex 130.97117792060445 -58.54263548301434 0
endloop
endfacet
facet normal 0 0 -1
outer loop
vertex 235.025 -58.37779558156209 0
vertex 235.025 -58.56433982822799 0
vertex 186.18066017178995 -58.56433982822799 0
endloop
endfacet
facet normal 0 0 -1
outer loop
vertex 235.025 -58.37779558156209 0
vertex 186.18066017178995 -58.56433982822799 0
vertex 185.95335534954938 -58.37779558156209 0
endloop
endfacet
facet normal 0 0 -1
outer loop
vertex 184.05933982823427 -58.56433982822799 0
vertex 183.872795581551 -58.79164465046565 0
vertex 130.8956418154802 -58.79164465046565 0
endloop
endfacet
facet normal 0 0 -1
outer loop
vertex 184.05933982823427 -58.56433982822799 0
vertex 130.8956418154802 -58.79164465046565 0
vertex 130.96459397946333 -58.56433982822799 0
endloop
endfacet
facet normal 0 0 -1
outer loop
vertex 235.025 -58.56433982822799 0
vertex 235.025 -58.79164465046565 0
vertex 186.36720441845344 -58.79164465046565 0
endloop
endfacet
facet normal 0 0 -1
outer loop
vertex 235.025 -58.56433982822799 0
vertex 186.36720441845344 -58.79164465046565 0
vertex 186.18066017178995 -58.56433982822799 0
endloop
endfacet
facet normal 0 0 -1
outer loop
vertex 128.028822079395 -58.54263548301434 0
vertex 128.1141807012434 -58.8240251485739 0
vertex 89.5 -58.8240251485739 0
endloop
endfacet
facet normal 0 0 -1
outer loop
vertex 128.028822079395 -58.54263548301434 0
vertex 89.5 -58.8240251485739 0
vertex 89.5 -58.54263548301434 0
endloop
endfacet
facet normal 0 0 -1
outer loop
vertex 183.872795581551 -58.79164465046565 0
vertex 183.8554878447219 -58.8240251485739 0
vertex 130.88581929876702 -58.8240251485739 0
endloop
endfacet
facet normal 0 0 -1
outer loop
vertex 183.872795581551 -58.79164465046565 0
vertex 130.88581929876702 -58.8240251485739 0
vertex 130.8956418154802 -58.79164465046565 0
endloop
endfacet
facet normal 0 0 -1
outer loop
vertex 183.8554878447219 -58.8240251485739 0
vertex 183.7341807012405 -59.05097485143765 0
vertex 130.76451215526345 -59.05097485143765 0
endloop
endfacet
facet normal 0 0 -1
outer loop
vertex 183.8554878447219 -58.8240251485739 0
vertex 130.76451215526345 -59.05097485143765 0
vertex 130.88581929876702 -58.8240251485739 0
endloop
endfacet
facet normal 0 0 -1
outer loop
vertex 235.025 -58.79164465046565 0
vertex 235.025 -59.05097485143765 0
vertex 186.50581929876134 -59.05097485143765 0
endloop
endfacet
facet normal 0 0 -1
outer loop
vertex 235.025 -58.79164465046565 0
vertex 186.50581929876134 -59.05097485143765 0
vertex 186.36720441845344 -58.79164465046565 0
endloop
endfacet
facet normal 0 0 -1
outer loop
vertex 128.1141807012434 -58.8240251485739 0
vertex 128.2527955815385 -59.08335534952191 0
vertex 89.5 -59.08335534952191 0
endloop
endfacet
facet normal 0 0 -1
outer loop
vertex 128.1141807012434 -58.8240251485739 0
vertex 89.5 -59.08335534952191 0
vertex 89.5 -58.8240251485739 0
endloop
endfacet
facet normal 0 0 -1
outer loop
vertex 183.7341807012405 -59.05097485143765 0
vertex 183.72435818452718 -59.08335534952191 0
vertex 130.74720441844906 -59.08335534952191 0
endloop
endfacet
facet normal 0 0 -1
outer loop
vertex 183.7341807012405 -59.05097485143765 0
vertex 130.74720441844906 -59.08335534952191 0
vertex 130.76451215526345 -59.05097485143765 0
endloop
endfacet
facet normal 0 0 -1
outer loop
vertex 128.2527955815385 -59.08335534952191 0
vertex 128.43933982821451 -59.31066017177483 0
vertex 89.5 -59.31066017177483 0
endloop
endfacet
facet normal 0 0 -1
outer loop
vertex 128.2527955815385 -59.08335534952191 0
vertex 89.5 -59.31066017177483 0
vertex 89.5 -59.08335534952191 0
endloop
endfacet
facet normal 0 0 -1
outer loop
vertex 183.72435818452718 -59.08335534952191 0
vertex 183.6554060205288 -59.31066017177483 0
vertex 130.5606601717875 -59.31066017177483 0
endloop
endfacet
facet normal 0 0 -1
outer loop
vertex 183.72435818452718 -59.08335534952191 0
vertex 130.5606601717875 -59.31066017177483 0
vertex 130.74720441844906 -59.08335534952191 0
endloop
endfacet
facet normal 0 0 -1
outer loop
vertex 183.6554060205288 -59.31066017177483 0
vertex 183.64882207938746 -59.332364516991476 0
vertex 130.5342133506267 -59.332364516991476 0
endloop
endfacet
facet normal 0 0 -1
outer loop
vertex 183.6554060205288 -59.31066017177483 0
vertex 130.5342133506267 -59.332364516991476 0
vertex 130.5606601717875 -59.31066017177483 0
endloop
endfacet
facet normal 0 0 -1
outer loop
vertex 235.025 -59.05097485143765 0
vertex 235.025 -59.332364516991476 0
vertex 186.5911779206085 -59.332364516991476 0
endloop
endfacet
facet normal 0 0 -1
outer loop
vertex 235.025 -59.05097485143765 0
vertex 186.5911779206085 -59.332364516991476 0
vertex 186.50581929876134 -59.05097485143765 0
endloop
endfacet
facet normal 0 0 -1
outer loop
vertex 128.43933982821451 -59.31066017177483 0
vertex 128.66664465047197 -59.49720441845458 0
vertex 89.5 -59.49720441845458 0
endloop
endfacet
facet normal 0 0 -1
outer loop
vertex 128.43933982821451 -59.31066017177483 0
vertex 89.5 -59.49720441845458 0
vertex 89.5 -59.31066017177483 0
endloop
endfacet
facet normal 0 0 -1
outer loop
vertex 183.64882207938746 -59.332364516991476 0
vertex 183.63258676616857 -59.49720441845458 0
vertex 130.33335534954023 -59.49720441845458 0
endloop
endfacet
facet normal 0 0 -1
outer loop
vertex 183.64882207938746 -59.332364516991476 0
vertex 130.33335534954023 -59.49720441845458 0
vertex 130.5342133506267 -59.332364516991476 0
endloop
endfacet
facet normal 0 0 -1
outer loop
vertex 183.63258676616857 -59.49720441845458 0
vertex 183.62000000000043 -59.62499999998896 0
vertex 130.09426663285905 -59.62499999998896 0
endloop
endfacet
facet normal 0 0 -1
outer loop
vertex 183.63258676616857 -59.49720441845458 0
vertex 130.09426663285905 -59.62499999998896 0
vertex 130.33335534954023 -59.49720441845458 0
endloop
endfacet
facet normal 0 0 -1
outer loop
vertex 235.025 -59.332364516991476 0
vertex 235.025 -59.62499999998896 0
vertex 186.620000000001 -59.62499999998896 0
endloop
endfacet
facet normal 0 0 -1
outer loop
vertex 235.025 -59.332364516991476 0
vertex 186.620000000001 -59.62499999998896 0
vertex 186.5911779206085 -59.332364516991476 0
endloop
endfacet
facet normal 0 0 -1
outer loop
vertex 128.66664465047197 -59.49720441845458 0
vertex 128.92597485145376 -59.63581929876772 0
vertex 89.5 -59.63581929876772 0
endloop
endfacet
facet normal 0 0 -1
outer loop
vertex 128.66664465047197 -59.49720441845458 0
vertex 89.5 -59.63581929876772 0
vertex 89.5 -59.49720441845458 0
endloop
endfacet
facet normal 0 0 -1
outer loop
vertex 183.62000000000043 -59.62499999998896 0
vertex 183.6210656079192 -59.63581929876772 0
vertex 130.07402514853604 -59.63581929876772 0
endloop
endfacet
facet normal 0 0 -1
outer loop
vertex 183.62000000000043 -59.62499999998896 0
vertex 130.07402514853604 -59.63581929876772 0
vertex 130.09426663285905 -59.62499999998896 0
endloop
endfacet
facet normal 0 0 -1
outer loop
vertex 128.92597485145376 -59.63581929876772 0
vertex 129.20736451697059 -59.721177920603616 0
vertex 89.5 -59.721177920603616 0
endloop
endfacet
facet normal 0 0 -1
outer loop
vertex 128.92597485145376 -59.63581929876772 0
vertex 89.5 -59.721177920603616 0
vertex 89.5 -59.63581929876772 0
endloop
endfacet
facet normal 0 0 -1
outer loop
vertex 183.6210656079192 -59.63581929876772 0
vertex 183.62947269837247 -59.721177920603616 0
vertex 129.79263548301907 -59.721177920603616 0
endloop
endfacet
facet normal 0 0 -1
outer loop
vertex 183.6210656079192 -59.63581929876772 0
vertex 129.79263548301907 -59.721177920603616 0
vertex 130.07402514853604 -59.63581929876772 0
endloop
endfacet
facet normal 0 0 -1
outer loop
vertex 129.20736451697059 -59.721177920603616 0
vertex 129.5000000000075 -59.75000000000003 0
vertex 89.5 -59.75000000000003 0
endloop
endfacet
facet normal 0 0 -1
outer loop
vertex 129.20736451697059 -59.721177920603616 0
vertex 89.5 -59.75000000000003 0
vertex 89.5 -59.721177920603616 0
endloop
endfacet
facet normal 0 0 -1
outer loop
vertex 183.62947269837247 -59.721177920603616 0
vertex 183.63231142541989 -59.75000000000003 0
vertex 129.5000000000075 -59.75000000000003 0
endloop
endfacet
facet normal 0 0 -1
outer loop
vertex 183.62947269837247 -59.721177920603616 0
vertex 129.5000000000075 -59.75000000000003 0
vertex 129.79263548301907 -59.721177920603616 0
endloop
endfacet
facet normal 0 0 -1
outer loop
vertex 129.5000000000075 -59.75000000000003 0
vertex 183.63231142541989 -59.75000000000003 0
vertex 183.6488220793955 -59.917635483025315 0
endloop
endfacet
facet normal 0 0 -1
outer loop
vertex 129.5000000000075 -59.75000000000003 0
vertex 183.6488220793955 -59.917635483025315 0
vertex 89.5 -59.917635483025315 0
endloop
endfacet
facet normal 0 0 -1
outer loop
vertex 129.5000000000075 -59.75000000000003 0
vertex 89.5 -59.917635483025315 0
vertex 89.5 -59.75000000000003 0
endloop
endfacet
facet normal 0 0 -1
outer loop
vertex 235.025 -59.62499999998896 0
vertex 235.025 -59.917635483025315 0
vertex 186.59117792060465 -59.917635483025315 0
endloop
endfacet
facet normal 0 0 -1
outer loop
vertex 235.025 -59.62499999998896 0
vertex 186.59117792060465 -59.917635483025315 0
vertex 186.620000000001 -59.62499999998896 0
endloop
endfacet
facet normal 0 0 -1
outer loop
vertex 183.6488220793955 -59.917635483025315 0
vertex 183.7341807012334 -60.19902514855076 0
vertex 89.5 -60.19902514855076 0
endloop
endfacet
facet normal 0 0 -1
outer loop
vertex 183.6488220793955 -59.917635483025315 0
vertex 89.5 -60.19902514855076 0
vertex 89.5 -59.917635483025315 0
endloop
endfacet
facet normal 0 0 -1
outer loop
vertex 235.025 -59.917635483025315 0
vertex 235.025 -60.19902514855076 0
vertex 186.50581929876753 -60.19902514855076 0
endloop
endfacet
facet normal 0 0 -1
outer loop
vertex 235.025 -59.917635483025315 0
vertex 186.50581929876753 -60.19902514855076 0
vertex 186.59117792060465 -59.917635483025315 0
endloop
endfacet
facet normal 0 0 -1
outer loop
vertex 183.7341807012334 -60.19902514855076 0
vertex 183.8727955815333 -60.45835534950772 0
vertex 89.5 -60.45835534950772 0
endloop
endfacet
facet normal 0 0 -1
outer loop
vertex 183.7341807012334 -60.19902514855076 0
vertex 89.5 -60.45835534950772 0
vertex 89.5 -60.19902514855076 0
endloop
endfacet
facet normal 0 0 -1
outer loop
vertex 235.025 -60.19902514855076 0
vertex 235.025 -60.45835534950772 0
vertex 186.36720441845583 -60.45835534950772 0
endloop
endfacet
facet normal 0 0 -1
outer loop
vertex 235.025 -60.19902514855076 0
vertex 186.36720441845583 -60.45835534950772 0
vertex 186.50581929876753 -60.19902514855076 0
endloop
endfacet
facet normal 0 0 -1
outer loop
vertex 183.8727955815333 -60.45835534950772 0
vertex 184.05933982825442 -60.685660171815584 0
vertex 89.5 -60.685660171815584 0
endloop
endfacet
facet normal 0 0 -1
outer loop
vertex 183.8727955815333 -60.45835534950772 0
vertex 89.5 -60.685660171815584 0
vertex 89.5 -60.45835534950772 0
endloop
endfacet
facet normal 0 0 -1
outer loop
vertex 235.025 -60.45835534950772 0
vertex 235.025 -60.685660171815584 0
vertex 186.18066017177642 -60.685660171815584 0
endloop
endfacet
facet normal 0 0 -1
outer loop
vertex 235.025 -60.45835534950772 0
vertex 186.18066017177642 -60.685660171815584 0
vertex 186.36720441845583 -60.45835534950772 0
endloop
endfacet
facet normal 0 0 -1
outer loop
vertex 184.05933982825442 -60.685660171815584 0
vertex 184.28664465043963 -60.87220441843605 0
vertex 89.5 -60.87220441843605 0
endloop
endfacet
facet normal 0 0 -1
outer loop
vertex 184.05933982825442 -60.685660171815584 0
vertex 89.5 -60.87220441843605 0
vertex 89.5 -60.685660171815584 0
endloop
endfacet
facet normal 0 0 -1
outer loop
vertex 235.025 -60.685660171815584 0
vertex 235.025 -60.87220441843605 0
vertex 185.95335534952804 -60.87220441843605 0
endloop
endfacet
facet normal 0 0 -1
outer loop
vertex 235.025 -60.685660171815584 0
vertex 185.95335534952804 -60.87220441843605 0
vertex 186.18066017177642 -60.685660171815584 0
endloop
endfacet
facet normal 0 0 -1
outer loop
vertex 184.28664465043963 -60.87220441843605 0
vertex 184.5459748514596 -61.01081929876958 0
vertex 89.5 -61.01081929876958 0
endloop
endfacet
facet normal 0 0 -1
outer loop
vertex 184.28664465043963 -60.87220441843605 0
vertex 89.5 -61.01081929876958 0
vertex 89.5 -60.87220441843605 0
endloop
endfacet
facet normal 0 0 -1
outer loop
vertex 235.025 -60.87220441843605 0
vertex 235.025 -61.01081929876958 0
vertex 185.69402514854826 -61.01081929876958 0
endloop
endfacet
facet normal 0 0 -1
outer loop
vertex 235.025 -60.87220441843605 0
vertex 185.69402514854826 -61.01081929876958 0
vertex 185.95335534952804 -60.87220441843605 0
endloop
endfacet
facet normal 0 0 -1
outer loop
vertex 184.5459748514596 -61.01081929876958 0
vertex 184.8273645169688 -61.096177920603175 0
vertex 89.5 -61.096177920603175 0
endloop
endfacet
facet normal 0 0 -1
outer loop
vertex 184.5459748514596 -61.01081929876958 0
vertex 89.5 -61.096177920603175 0
vertex 89.5 -61.01081929876958 0
endloop
endfacet
facet normal 0 0 -1
outer loop
vertex 235.025 -61.01081929876958 0
vertex 235.025 -61.096177920603175 0
vertex 185.41263548301356 -61.096177920603175 0
endloop
endfacet
facet normal 0 0 -1
outer loop
vertex 235.025 -61.01081929876958 0
vertex 185.41263548301356 -61.096177920603175 0
vertex 185.69402514854826 -61.01081929876958 0
endloop
endfacet
facet normal 0 0 -1
outer loop
vertex 184.8273645169688 -61.096177920603175 0
vertex 185.12000000001385 -61.12500000000039 0
vertex 89.5 -61.12500000000039 0
endloop
endfacet
facet normal 0 0 -1
outer loop
vertex 184.8273645169688 -61.096177920603175 0
vertex 89.5 -61.12500000000039 0
vertex 89.5 -61.096177920603175 0
endloop
endfacet
facet normal 0 0 -1
outer loop
vertex 235.025 -61.096177920603175 0
vertex 235.025 -61.12500000000039 0
vertex 185.12000000001385 -61.12500000000039 0
endloop
endfacet
facet normal 0 0 -1
outer loop
vertex 235.025 -61.096177920603175 0
vertex 185.12000000001385 -61.12500000000039 0
vertex 185.41263548301356 -61.096177920603175 0
endloop
endfacet
facet normal 0 0 -1
outer loop
vertex 185.12000000001385 -61.12500000000039 0
vertex 235.025 -61.12500000000039 0
vertex 235.025 -91.69999999999992 0
endloop
endfacet
facet normal 0 0 -1
outer loop
vertex 185.12000000001385 -61.12500000000039 0
vertex 235.025 -91.69999999999992 0
vertex 230.95000000001457 -91.69999999999992 0
endloop
endfacet
facet normal 0 0 -1
outer loop
vertex 185.12000000001385 -61.12500000000039 0
vertex 230.95000000001457 -91.69999999999992 0
vertex 89.5 -91.69999999999992 0
endloop
endfacet
facet normal 0 0 -1
outer loop
vertex 185.12000000001385 -61.12500000000039 0
vertex 89.5 -91.69999999999992 0
vertex 89.5 -61.12500000000039 0
endloop
endfacet
facet normal 0 0 -1
outer loop
vertex 230.95000000001457 -91.69999999999992 0
vertex 230.65736451701548 -91.7288220793926 0
vertex 89.5 -91.7288220793926 0
endloop
endfacet
facet normal 0 0 -1
outer loop
vertex 230.95000000001457 -91.69999999999992 0
vertex 89.5 -91.7288220793926 0
vertex 89.5 -91.69999999999992 0
endloop
endfacet
facet normal 0 0 -1
outer loop
vertex 235.025 -91.69999999999992 0
vertex 235.025 -91.7288220793926 0
vertex 231.24263548301363 -91.7288220793926 0
endloop
endfacet
facet normal 0 0 -1
outer loop
vertex 235.025 -91.69999999999992 0
vertex 231.24263548301363 -91.7288220793926 0
vertex 230.95000000001457 -91.69999999999992 0
endloop
endfacet
facet normal 0 0 -1
outer loop
vertex 230.65736451701548 -91.7288220793926 0
vertex 230.37597485144124 -91.81418070123127 0
vertex 89.5 -91.81418070123127 0
endloop
endfacet
facet normal 0 0 -1
outer loop
vertex 230.65736451701548 -91.7288220793926 0
vertex 89.5 -91.81418070123127 0
vertex 89.5 -91.7288220793926 0
endloop
endfacet
facet normal 0 0 -1
outer loop
vertex 235.025 -91.7288220793926 0
vertex 235.025 -91.81418070123127 0
vertex 231.52402514853955 -91.81418070123127 0
endloop
endfacet
facet normal 0 0 -1
outer loop
vertex 235.025 -91.7288220793926 0
vertex 231.52402514853955 -91.81418070123127 0
vertex 231.24263548301363 -91.7288220793926 0
endloop
endfacet
facet normal 0 0 -1
outer loop
vertex 230.37597485144124 -91.81418070123127 0
vertex 230.11664465049736 -91.95279558153251 0
vertex 89.5 -91.95279558153251 0
endloop
endfacet
facet normal 0 0 -1
outer loop
vertex 230.37597485144124 -91.81418070123127 0
vertex 89.5 -91.95279558153251 0
vertex 89.5 -91.81418070123127 0
endloop
endfacet
facet normal 0 0 -1
outer loop
vertex 235.025 -91.81418070123127 0
vertex 235.025 -91.95279558153251 0
vertex 231.7833553494991 -91.95279558153251 0
endloop
endfacet
facet normal 0 0 -1
outer loop
vertex 235.025 -91.81418070123127 0
vertex 231.7833553494991 -91.95279558153251 0
vertex 231.52402514853955 -91.81418070123127 0
endloop
endfacet
facet normal 0 0 -1
outer loop
vertex 230.11664465049736 -91.95279558153251 0
vertex 229.88933982814183 -92.13933982826126 0
vertex 89.5 -92.13933982826126 0
endloop
endfacet
facet normal 0 0 -1
outer loop
vertex 230.11664465049736 -91.95279558153251 0
vertex 89.5 -92.13933982826126 0
vertex 89.5 -91.95279558153251 0
endloop
endfacet
facet normal 0 0 -1
outer loop
vertex 235.025 -91.95279558153251 0
vertex 235.025 -92.13933982826126 0
vertex 232.0106601718162 -92.13933982826126 0
endloop
endfacet
facet normal 0 0 -1
outer loop
vertex 235.025 -91.95279558153251 0
vertex 232.0106601718162 -92.13933982826126 0
vertex 231.7833553494991 -91.95279558153251 0
endloop
endfacet
facet normal 0 0 -1
outer loop
vertex 229.88933982814183 -92.13933982826126 0
vertex 229.70279558159345 -92.3666446504593 0
vertex 89.5 -92.3666446504593 0
endloop
endfacet
facet normal 0 0 -1
outer loop
vertex 229.88933982814183 -92.13933982826126 0
vertex 89.5 -92.3666446504593 0
vertex 89.5 -92.13933982826126 0
endloop
endfacet
facet normal 0 0 -1
outer loop
vertex 235.025 -92.13933982826126 0
vertex 235.025 -92.3666446504593 0
vertex 232.1972044184472 -92.3666446504593 0
endloop
endfacet
facet normal 0 0 -1
outer loop
vertex 235.025 -92.13933982826126 0
vertex 232.1972044184472 -92.3666446504593 0
vertex 232.0106601718162 -92.13933982826126 0
endloop
endfacet
facet normal 0 0 -1
outer loop
vertex 229.70279558159345 -92.3666446504593 0
vertex 229.5641807012324 -92.62597485144659 0
vertex 89.5 -92.62597485144659 0
endloop
endfacet
facet normal 0 0 -1
outer loop
vertex 229.70279558159345 -92.3666446504593 0
vertex 89.5 -92.62597485144659 0
vertex 89.5 -92.3666446504593 0
endloop
endfacet
facet normal 0 0 -1
outer loop
vertex 235.025 -92.3666446504593 0
vertex 235.025 -92.62597485144659 0
vertex 232.33581929876328 -92.62597485144659 0
endloop
endfacet
facet normal 0 0 -1
outer loop
vertex 235.025 -92.3666446504593 0
vertex 232.33581929876328 -92.62597485144659 0
vertex 232.1972044184472 -92.3666446504593 0
endloop
endfacet
facet normal 0 0 -1
outer loop
vertex 229.5641807012324 -92.62597485144659 0
vertex 229.47882207938878 -92.9073645169928 0
vertex 89.5 -92.9073645169928 0
endloop
endfacet
facet normal 0 0 -1
outer loop
vertex 229.5641807012324 -92.62597485144659 0
vertex 89.5 -92.9073645169928 0
vertex 89.5 -92.62597485144659 0
endloop
endfacet
facet normal 0 0 -1
outer loop
vertex 235.025 -92.62597485144659 0
vertex 235.025 -92.9073645169928 0
vertex 232.4211779206081 -92.9073645169928 0
endloop
endfacet
facet normal 0 0 -1
outer loop
vertex 235.025 -92.62597485144659 0
vertex 232.4211779206081 -92.9073645169928 0
vertex 232.33581929876328 -92.62597485144659 0
endloop
endfacet
facet normal 0 0 -1
outer loop
vertex 229.47882207938878 -92.9073645169928 0
vertex 229.45000000000158 -93.19999999998878 0
vertex 89.5 -93.19999999998878 0
endloop
endfacet
facet normal 0 0 -1
outer loop
vertex 229.47882207938878 -92.9073645169928 0
vertex 89.5 -93.19999999998878 0
vertex 89.5 -92.9073645169928 0
endloop
endfacet
facet normal 0 0 -1
outer loop
vertex 235.025 -92.9073645169928 0
vertex 235.025 -93.19999999998878 0
vertex 232.45000000000047 -93.19999999998878 0
endloop
endfacet
facet normal 0 0 -1
outer loop
vertex 235.025 -92.9073645169928 0
vertex 232.45000000000047 -93.19999999998878 0
vertex 232.4211779206081 -92.9073645169928 0
endloop
endfacet
facet normal 0 0 -1
outer loop
vertex 229.45000000000158 -93.19999999998878 0
vertex 229.47882207939813 -93.49263548303986 0
vertex 89.5 -93.49263548303986 0
endloop
endfacet
facet normal 0 0 -1
outer loop
vertex 229.45000000000158 -93.19999999998878 0
vertex 89.5 -93.49263548303986 0
vertex 89.5 -93.19999999998878 0
endloop
endfacet
facet normal 0 0 -1
outer loop
vertex 235.025 -93.19999999998878 0
vertex 235.025 -93.49263548303986 0
vertex 232.42117792060264 -93.49263548303986 0
endloop
endfacet
facet normal 0 0 -1
outer loop
vertex 235.025 -93.19999999998878 0
vertex 232.42117792060264 -93.49263548303986 0
vertex 232.45000000000047 -93.19999999998878 0
endloop
endfacet
facet normal 0 0 -1
outer loop
vertex 229.47882207939813 -93.49263548303986 0
vertex 229.5641807012202 -93.77402514851144 0
vertex 89.5 -93.77402514851144 0
endloop
endfacet
facet normal 0 0 -1
outer loop
vertex 229.47882207939813 -93.49263548303986 0
vertex 89.5 -93.77402514851144 0
vertex 89.5 -93.49263548303986 0
endloop
endfacet
facet normal 0 0 -1
outer loop
vertex 235.025 -93.49263548303986 0
vertex 235.025 -93.77402514851144 0
vertex 232.3358192987674 -93.77402514851144 0
endloop
endfacet
facet normal 0 0 -1
outer loop
vertex 235.025 -93.49263548303986 0
vertex 232.3358192987674 -93.77402514851144 0
vertex 232.42117792060264 -93.49263548303986 0
endloop
endfacet
facet normal 0 0 -1
outer loop
vertex 229.5641807012202 -93.77402514851144 0
vertex 229.70279558155545 -94.03335534953456 0
vertex 89.5 -94.03335534953456 0
endloop
endfacet
facet normal 0 0 -1
outer loop
vertex 229.5641807012202 -93.77402514851144 0
vertex 89.5 -94.03335534953456 0
vertex 89.5 -93.77402514851144 0
endloop
endfacet
facet normal 0 0 -1
outer loop
vertex 235.025 -93.77402514851144 0
vertex 235.025 -94.03335534953456 0
vertex 232.19720441845556 -94.03335534953456 0
endloop
endfacet
facet normal 0 0 -1
outer loop
vertex 235.025 -93.77402514851144 0
vertex 232.19720441845556 -94.03335534953456 0
vertex 232.3358192987674 -93.77402514851144 0
endloop
endfacet
facet normal 0 0 -1
outer loop
vertex 229.70279558155545 -94.03335534953456 0
vertex 229.8893398282281 -94.26066017178333 0
vertex 89.5 -94.26066017178333 0
endloop
endfacet
facet normal 0 0 -1
outer loop
vertex 229.70279558155545 -94.03335534953456 0
vertex 89.5 -94.26066017178333 0
vertex 89.5 -94.03335534953456 0
endloop
endfacet
facet normal 0 0 -1
outer loop
vertex 235.025 -94.03335534953456 0
vertex 235.025 -94.26066017178333 0
vertex 232.01066017178516 -94.26066017178333 0
endloop
endfacet
facet normal 0 0 -1
outer loop
vertex 235.025 -94.03335534953456 0
vertex 232.01066017178516 -94.26066017178333 0
vertex 232.19720441845556 -94.03335534953456 0
endloop
endfacet
facet normal 0 0 -1
outer loop
vertex 229.8893398282281 -94.26066017178333 0
vertex 230.1166446504787 -94.44720441845749 0
vertex 89.5 -94.44720441845749 0
endloop
endfacet
facet normal 0 0 -1
outer loop
vertex 229.8893398282281 -94.26066017178333 0
vertex 89.5 -94.44720441845749 0
vertex 89.5 -94.26066017178333 0
endloop
endfacet
facet normal 0 0 -1
outer loop
vertex 235.025 -94.26066017178333 0
vertex 235.025 -94.44720441845749 0
vertex 231.7833553495087 -94.44720441845749 0
endloop
endfacet
facet normal 0 0 -1
outer loop
vertex 235.025 -94.26066017178333 0
vertex 231.7833553495087 -94.44720441845749 0
vertex 232.01066017178516 -94.26066017178333 0
endloop
endfacet
facet normal 0 0 -1
outer loop
vertex 230.1166446504787 -94.44720441845749 0
vertex 230.37597485145815 -94.58581929876937 0
vertex 89.5 -94.58581929876937 0
endloop
endfacet
facet normal 0 0 -1
outer loop
vertex 230.1166446504787 -94.44720441845749 0
vertex 89.5 -94.58581929876937 0
vertex 89.5 -94.44720441845749 0
endloop
endfacet
facet normal 0 0 -1
outer loop
vertex 235.025 -94.44720441845749 0
vertex 235.025 -94.58581929876937 0
vertex 231.52402514856317 -94.58581929876937 0
endloop
endfacet
facet normal 0 0 -1
outer loop
vertex 235.025 -94.44720441845749 0
vertex 231.52402514856317 -94.58581929876937 0
vertex 231.7833553495087 -94.44720441845749 0
endloop
endfacet
facet normal 0 0 -1
outer loop
vertex 230.37597485145815 -94.58581929876937 0
vertex 230.65736451696515 -94.67117792060229 0
vertex 89.5 -94.67117792060229 0
endloop
endfacet
facet normal 0 0 -1
outer loop
vertex 230.37597485145815 -94.58581929876937 0
vertex 89.5 -94.67117792060229 0
vertex 89.5 -94.58581929876937 0
endloop
endfacet
facet normal 0 0 -1
outer loop
vertex 235.025 -94.58581929876937 0
vertex 235.025 -94.67117792060229 0
vertex 231.2426354830117 -94.67117792060229 0
endloop
endfacet
facet normal 0 0 -1
outer loop
vertex 235.025 -94.58581929876937 0
vertex 231.2426354830117 -94.67117792060229 0
vertex 231.52402514856317 -94.58581929876937 0
endloop
endfacet
facet normal 0 0 -1
outer loop
vertex 230.65736451696515 -94.67117792060229 0
vertex 230.95000000001792 -94.70000000000026 0
vertex 89.5 -94.70000000000026 0
endloop
endfacet
facet normal 0 0 -1
outer loop
vertex 230.65736451696515 -94.67117792060229 0
vertex 89.5 -94.70000000000026 0
vertex 89.5 -94.67117792060229 0
endloop
endfacet
facet normal 0 0 -1
outer loop
vertex 235.025 -94.67117792060229 0
vertex 235.025 -94.70000000000026 0
vertex 230.95000000001792 -94.70000000000026 0
endloop
endfacet
facet normal 0 0 -1
outer loop
vertex 235.025 -94.67117792060229 0
vertex 230.95000000001792 -94.70000000000026 0
vertex 231.2426354830117 -94.67117792060229 0
endloop
endfacet
facet normal 0 0 -1
outer loop
vertex 230.95000000001792 -94.70000000000026 0
vertex 235.025 -94.70000000000026 0
vertex 235.025 -109.00000000000163 0
endloop
endfacet
facet normal 0 0 -1
outer loop
vertex 230.95000000001792 -94.70000000000026 0
vertex 235.025 -109.00000000000163 0
vertex 128.50000000000844 -109.00000000000163 0
endloop
endfacet
facet normal 0 0 -1
outer loop
vertex 230.95000000001792 -94.70000000000026 0
vertex 128.50000000000844 -109.00000000000163 0
vertex 89.5 -109.00000000000163 0
endloop
endfacet
facet normal 0 0 -1
outer loop
vertex 230.95000000001792 -94.70000000000026 0
vertex 89.5 -109.00000000000163 0
vertex 89.5 -94.70000000000026 0
endloop
endfacet
facet normal 0 0 -1
outer loop
vertex 128.50000000000844 -109.00000000000163 0
vertex 128.20736451699076 -109.02882207939615 0
vertex 89.5 -109.02882207939615 0
endloop
endfacet
facet normal 0 0 -1
outer loop
vertex 128.50000000000844 -109.00000000000163 0
vertex 89.5 -109.02882207939615 0
vertex 89.5 -109.00000000000163 0
endloop
endfacet
facet normal 0 0 -1
outer loop
vertex 235.025 -109.00000000000163 0
vertex 235.025 -109.02882207939615 0
vertex 128.7926354830262 -109.02882207939615 0
endloop
endfacet
facet normal 0 0 -1
outer loop
vertex 235.025 -109.00000000000163 0
vertex 128.7926354830262 -109.02882207939615 0
vertex 128.50000000000844 -109.00000000000163 0
endloop
endfacet
facet normal 0 0 -1
outer loop
vertex 128.20736451699076 -109.02882207939615 0
vertex 127.92597485144131 -109.11418070123375 0
vertex 89.5 -109.11418070123375 0
endloop
endfacet
facet normal 0 0 -1
outer loop
vertex 128.20736451699076 -109.02882207939615 0
vertex 89.5 -109.11418070123375 0
vertex 89.5 -109.02882207939615 0
endloop
endfacet
facet normal 0 0 -1
outer loop
vertex 235.025 -109.02882207939615 0
vertex 235.025 -109.11418070123375 0
vertex 129.07402514854863 -109.11418070123375 0
endloop
endfacet
facet normal 0 0 -1
outer loop
vertex 235.025 -109.02882207939615 0
vertex 129.07402514854863 -109.11418070123375 0
vertex 128.7926354830262 -109.02882207939615 0
endloop
endfacet
facet normal 0 0 -1
outer loop
vertex 127.92597485144131 -109.11418070123375 0
vertex 127.66664465045612 -109.2527955815584 0
vertex 89.5 -109.2527955815584 0
endloop
endfacet
facet normal 0 0 -1
outer loop
vertex 127.92597485144131 -109.11418070123375 0
vertex 89.5 -109.2527955815584 0
vertex 89.5 -109.11418070123375 0
endloop
endfacet
facet normal 0 0 -1
outer loop
vertex 235.025 -109.11418070123375 0
vertex 235.025 -109.2527955815584 0
vertex 129.33335534955197 -109.2527955815584 0
endloop
endfacet
facet normal 0 0 -1
outer loop
vertex 235.025 -109.11418070123375 0
vertex 129.33335534955197 -109.2527955815584 0
vertex 129.07402514854863 -109.11418070123375 0
endloop
endfacet
facet normal 0 0 -1
outer loop
vertex 127.66664465045612 -109.2527955815584 0
vertex 127.43933982824197 -109.43933982820778 0
vertex 89.5 -109.43933982820778 0
endloop
endfacet
facet normal 0 0 -1
outer loop
vertex 127.66664465045612 -109.2527955815584 0
vertex 89.5 -109.43933982820778 0
vertex 89.5 -109.2527955815584 0
endloop
endfacet
facet normal 0 0 -1
outer loop
vertex 235.025 -109.2527955815584 0
vertex 235.025 -109.43933982820778 0
vertex 129.56066017177238 -109.43933982820778 0
endloop
endfacet
facet normal 0 0 -1
outer loop
vertex 235.025 -109.2527955815584 0
vertex 129.56066017177238 -109.43933982820778 0
vertex 129.33335534955197 -109.2527955815584 0
endloop
endfacet
facet normal 0 0 -1
outer loop
vertex 127.43933982824197 -109.43933982820778 0
vertex 127.2527955815505 -109.66664465045552 0
vertex 89.5 -109.66664465045552 0
endloop
endfacet
facet normal 0 0 -1
outer loop
vertex 127.43933982824197 -109.43933982820778 0
vertex 89.5 -109.66664465045552 0
vertex 89.5 -109.43933982820778 0
endloop
endfacet
facet normal 0 0 -1
outer loop
vertex 235.025 -109.43933982820778 0
vertex 235.025 -109.66664465045552 0
vertex 129.74720441844417 -109.66664465045552 0
endloop
endfacet
facet normal 0 0 -1
outer loop
vertex 235.025 -109.43933982820778 0
vertex 129.74720441844417 -109.66664465045552 0
vertex 129.56066017177238 -109.43933982820778 0
endloop
endfacet
facet normal 0 0 -1
outer loop
vertex 127.2527955815505 -109.66664465045552 0
vertex 127.11418070121636 -109.92597485146412 0
vertex 89.5 -109.92597485146412 0
endloop
endfacet
facet normal 0 0 -1
outer loop
vertex 127.2527955815505 -109.66664465045552 0
vertex 89.5 -109.92597485146412 0
vertex 89.5 -109.66664465045552 0
endloop
endfacet
facet normal 0 0 -1
outer loop
vertex 235.025 -109.66664465045552 0
vertex 235.025 -109.92597485146412 0
vertex 129.88581929877165 -109.92597485146412 0
endloop
endfacet
facet normal 0 0 -1
outer loop
vertex 235.025 -109.66664465045552 0
vertex 129.88581929877165 -109.92597485146412 0
vertex 129.74720441844417 -109.66664465045552 0
endloop
endfacet
facet normal 0 0 -1
outer loop
vertex 127.11418070121636 -109.92597485146412 0
vertex 127.02882207939972 -110.20736451696932 0
vertex 89.5 -110.20736451696932 0
endloop
endfacet
facet normal 0 0 -1
outer loop
vertex 127.11418070121636 -109.92597485146412 0
vertex 89.5 -110.20736451696932 0
vertex 89.5 -109.92597485146412 0
endloop
endfacet
facet normal 0 0 -1
outer loop
vertex 235.025 -109.92597485146412 0
vertex 235.025 -110.20736451696932 0
vertex 129.97117792060405 -110.20736451696932 0
endloop
endfacet
facet normal 0 0 -1
outer loop
vertex 235.025 -109.92597485146412 0
vertex 129.97117792060405 -110.20736451696932 0
vertex 129.88581929877165 -109.92597485146412 0
endloop
endfacet
facet normal 0 0 -1
outer loop
vertex 127.02882207939972 -110.20736451696932 0
vertex 126.99999999999707 -110.49999999999761 0
vertex 89.5 -110.49999999999761 0
endloop
endfacet
facet normal 0 0 -1
outer loop
vertex 127.02882207939972 -110.20736451696932 0
vertex 89.5 -110.49999999999761 0
vertex 89.5 -110.20736451696932 0
endloop
endfacet
facet normal 0 0 -1
outer loop
vertex 235.025 -110.20736451696932 0
vertex 235.025 -110.49999999999761 0
vertex 129.9999999999996 -110.49999999999761 0
endloop
endfacet
facet normal 0 0 -1
outer loop
vertex 235.025 -110.20736451696932 0
vertex 129.9999999999996 -110.49999999999761 0
vertex 129.97117792060405 -110.20736451696932 0
endloop
endfacet
facet normal 0 0 -1
outer loop
vertex 126.99999999999707 -110.49999999999761 0
vertex 127.02882207939322 -110.79263548302436 0
vertex 89.5 -110.79263548302436 0
endloop
endfacet
facet normal 0 0 -1
outer loop
vertex 126.99999999999707 -110.49999999999761 0
vertex 89.5 -110.79263548302436 0
vertex 89.5 -110.49999999999761 0
endloop
endfacet
facet normal 0 0 -1
outer loop
vertex 235.025 -110.49999999999761 0
vertex 235.025 -110.79263548302436 0
vertex 129.9711779206042 -110.79263548302436 0
endloop
endfacet
facet normal 0 0 -1
outer loop
vertex 235.025 -110.49999999999761 0
vertex 129.9711779206042 -110.79263548302436 0
vertex 129.9999999999996 -110.49999999999761 0
endloop
endfacet
facet normal 0 0 -1
outer loop
vertex 127.02882207939322 -110.79263548302436 0
vertex 127.11418070122339 -111.07402514852286 0
vertex 89.5 -111.07402514852286 0
endloop
endfacet
facet normal 0 0 -1
outer loop
vertex 127.02882207939322 -110.79263548302436 0
vertex 89.5 -111.07402514852286 0
vertex 89.5 -110.79263548302436 0
endloop
endfacet
facet normal 0 0 -1
outer loop
vertex 235.025 -110.79263548302436 0
vertex 235.025 -111.07402514852286 0
vertex 129.88581929876293 -111.07402514852286 0
endloop
endfacet
facet normal 0 0 -1
outer loop
vertex 235.025 -110.79263548302436 0
vertex 129.88581929876293 -111.07402514852286 0
vertex 129.9711779206042 -110.79263548302436 0
endloop
endfacet
facet normal 0 0 -1
outer loop
vertex 127.11418070122339 -111.07402514852286 0
vertex 127.25279558155493 -111.3333553495391 0
vertex 89.5 -111.3333553495391 0
endloop
endfacet
facet normal 0 0 -1
outer loop
vertex 127.11418070122339 -111.07402514852286 0
vertex 89.5 -111.3333553495391 0
vertex 89.5 -111.07402514852286 0
endloop
endfacet
facet normal 0 0 -1
outer loop
vertex 235.025 -111.07402514852286 0
vertex 235.025 -111.3333553495391 0
vertex 129.7472044184585 -111.3333553495391 0
endloop
endfacet
facet normal 0 0 -1
outer loop
vertex 235.025 -111.07402514852286 0
vertex 129.7472044184585 -111.3333553495391 0
vertex 129.88581929876293 -111.07402514852286 0
endloop
endfacet
facet normal 0 0 -1
outer loop
vertex 127.25279558155493 -111.3333553495391 0
vertex 127.43933982821954 -111.5606601717781 0
vertex 89.5 -111.5606601717781 0
endloop
endfacet
facet normal 0 0 -1
outer loop
vertex 127.25279558155493 -111.3333553495391 0
vertex 89.5 -111.5606601717781 0
vertex 89.5 -111.3333553495391 0
endloop
endfacet
facet normal 0 0 -1
outer loop
vertex 235.025 -111.3333553495391 0
vertex 235.025 -111.5606601717781 0
vertex 129.56066017178483 -111.5606601717781 0
endloop
endfacet
facet normal 0 0 -1
outer loop
vertex 235.025 -111.3333553495391 0
vertex 129.56066017178483 -111.5606601717781 0
vertex 129.7472044184585 -111.3333553495391 0
endloop
endfacet
facet normal 0 0 -1
outer loop
vertex 127.43933982821954 -111.5606601717781 0
vertex 127.66664465046874 -111.74720441845108 0
vertex 89.5 -111.74720441845108 0
endloop
endfacet
facet normal 0 0 -1
outer loop
vertex 127.43933982821954 -111.5606601717781 0
vertex 89.5 -111.74720441845108 0
vertex 89.5 -111.5606601717781 0
endloop
endfacet
facet normal 0 0 -1
outer loop
vertex 235.025 -111.5606601717781 0
vertex 235.025 -111.74720441845108 0
vertex 129.3333553495267 -111.74720441845108 0
endloop
endfacet
facet normal 0 0 -1
outer loop
vertex 235.025 -111.5606601717781 0
vertex 129.3333553495267 -111.74720441845108 0
vertex 129.56066017178483 -111.5606601717781 0
endloop
endfacet
facet normal 0 0 -1
outer loop
vertex 127.66664465046874 -111.74720441845108 0
vertex 127.92597485146167 -111.88581929877016 0
vertex 89.5 -111.88581929877016 0
endloop
endfacet
facet normal 0 0 -1
outer loop
vertex 127.66664465046874 -111.74720441845108 0
vertex 89.5 -111.88581929877016 0
vertex 89.5 -111.74720441845108 0
endloop
endfacet
facet normal 0 0 -1
outer loop
vertex 235.025 -111.74720441845108 0
vertex 235.025 -111.88581929877016 0
vertex 129.07402514854374 -111.88581929877016 0
endloop
endfacet
facet normal 0 0 -1
outer loop
vertex 235.025 -111.74720441845108 0
vertex 129.07402514854374 -111.88581929877016 0
vertex 129.3333553495267 -111.74720441845108 0
endloop
endfacet
facet normal 0 0 -1
outer loop
vertex 127.92597485146167 -111.88581929877016 0
vertex 128.20736451696965 -111.97117792060337 0
vertex 89.5 -111.97117792060337 0
endloop
endfacet
facet normal 0 0 -1
outer loop
vertex 127.92597485146167 -111.88581929877016 0
vertex 89.5 -111.97117792060337 0
vertex 89.5 -111.88581929877016 0
endloop
endfacet
facet normal 0 0 -1
outer loop
vertex 235.025 -111.88581929877016 0
vertex 235.025 -111.97117792060337 0
vertex 128.792635483017 -111.97117792060337 0
endloop
endfacet
facet normal 0 0 -1
outer loop
vertex 235.025 -111.88581929877016 0
vertex 128.792635483017 -111.97117792060337 0
vertex 129.07402514854374 -111.88581929877016 0
endloop
endfacet
facet normal 0 0 -1
outer loop
vertex 128.20736451696965 -111.97117792060337 0
vertex 128.50000000000887 -112 0
vertex 89.5 -112 0
endloop
endfacet
facet normal 0 0 -1
outer loop
vertex 128.20736451696965 -111.97117792060337 0
vertex 89.5 -112 0
vertex 89.5 -111.97117792060337 0
endloop
endfacet
facet normal 0 0 -1
outer loop
vertex 235.025 -111.97117792060337 0
vertex 235.025 -112 0
vertex 163.4999999999999 -112 0
endloop
endfacet
facet normal 0 0 -1
outer loop
vertex 235.025 -111.97117792060337 0
vertex 163.4999999999999 -112 0
vertex 150.50000000000026 -112 0
endloop
endfacet
facet normal 0 0 -1
outer loop
vertex 235.025 -111.97117792060337 0
vertex 150.50000000000026 -112 0
vertex 128.50000000000887 -112 0
endloop
endfacet
facet normal 0 0 -1
outer loop
vertex 235.025 -111.97117792060337 0
vertex 128.50000000000887 -112 0
vertex 128.792635483017 -111.97117792060337 0
endloop
endfacet
facet normal 0 0 -1
outer loop
vertex 128.50000000000887 -112 0
vertex 150.50000000000026 -112 0
vertex 150.15270364466625 -112.0303844939756 0
endloop
endfacet
facet normal 0 0 -1
outer loop
vertex 128.50000000000887 -112 0
vertex 150.15270364466625 -112.0303844939756 0
vertex 89.5 -112.0303844939756 0
endloop
endfacet
facet normal 0 0 -1
outer loop
vertex 128.50000000000887 -112 0
vertex 89.5 -112.0303844939756 0
vertex 89.5 -112 0
endloop
endfacet
facet normal 0 0 -1
outer loop
vertex 235.025 -112 0
vertex 235.025 -112.0303844939756 0
vertex 163.84729635533392 -112.0303844939756 0
endloop
endfacet
facet normal 0 0 -1
outer loop
vertex 235.025 -112 0
vertex 163.84729635533392 -112.0303844939756 0
vertex 163.4999999999999 -112 0
endloop
endfacet
facet normal 0 0 -1
outer loop
vertex 150.15270364466625 -112.0303844939756 0
vertex 149.81595971334855 -112.12061475842819 0
vertex 89.5 -112.12061475842819 0
endloop
endfacet
facet normal 0 0 -1
outer loop
vertex 150.15270364466625 -112.0303844939756 0
vertex 89.5 -112.12061475842819 0
vertex 89.5 -112.0303844939756 0
endloop
endfacet
facet normal 0 0 -1
outer loop
vertex 235.025 -112.0303844939756 0
vertex 235.025 -112.12061475842819 0
vertex 164.18404028665137 -112.12061475842819 0
endloop
endfacet
facet normal 0 0 -1
outer loop
vertex 235.025 -112.0303844939756 0
vertex 164.18404028665137 -112.12061475842819 0
vertex 163.84729635533392 -112.0303844939756 0
endloop
endfacet
facet normal 0 0 -1
outer loop
vertex 149.81595971334855 -112.12061475842819 0
vertex 149.49999999999997 -112.26794919243102 0
vertex 89.5 -112.26794919243102 0
endloop
endfacet
facet normal 0 0 -1
outer loop
vertex 149.81595971334855 -112.12061475842819 0
vertex 89.5 -112.26794919243102 0
vertex 89.5 -112.12061475842819 0
endloop
endfacet
facet normal 0 0 -1
outer loop
vertex 235.025 -112.12061475842819 0
vertex 235.025 -112.26794919243102 0
vertex 164.49999999999986 -112.26794919243102 0
endloop
endfacet
facet normal 0 0 -1
outer loop
vertex 235.025 -112.12061475842819 0
vertex 164.49999999999986 -112.26794919243102 0
vertex 164.18404028665137 -112.12061475842819 0
endloop
endfacet
facet normal 0 0 -1
outer loop
vertex 149.49999999999997 -112.26794919243102 0
vertex 149.2144247806268 -112.46791111376209 0
vertex 89.5 -112.46791111376209 0
endloop
endfacet
facet normal 0 0 -1
outer loop
vertex 149.49999999999997 -112.26794919243102 0
vertex 89.5 -112.46791111376209 0
vertex 89.5 -112.26794919243102 0
endloop
endfacet
facet normal 0 0 -1
outer loop
vertex 235.025 -112.26794919243102 0
vertex 235.025 -112.46791111376209 0
vertex 164.78557521937313 -112.46791111376209 0
endloop
endfacet
facet normal 0 0 -1
outer loop
vertex 235.025 -112.26794919243102 0
vertex 164.78557521937313 -112.46791111376209 0
vertex 164.49999999999986 -112.26794919243102 0
endloop
endfacet
facet normal 0 0 -1
outer loop
vertex 149.2144247806268 -112.46791111376209 0
vertex 148.96791111376226 -112.7144247806269 0
vertex 89.5 -112.7144247806269 0
endloop
endfacet
facet normal 0 0 -1
outer loop
vertex 149.2144247806268 -112.46791111376209 0
vertex 89.5 -112.7144247806269 0
vertex 89.5 -112.46791111376209 0
endloop
endfacet
facet normal 0 0 -1
outer loop
vertex 235.025 -112.46791111376209 0
vertex 235.025 -112.7144247806269 0
vertex 165.03208888623794 -112.7144247806269 0
endloop
endfacet
facet normal 0 0 -1
outer loop
vertex 235.025 -112.46791111376209 0
vertex 165.03208888623794 -112.7144247806269 0
vertex 164.78557521937313 -112.46791111376209 0
endloop
endfacet
facet normal 0 0 -1
outer loop
vertex 148.96791111376226 -112.7144247806269 0
vertex 148.76794919243113 -112.99999999999991 0
vertex 89.5 -112.99999999999991 0
endloop
endfacet
facet normal 0 0 -1
outer loop
vertex 148.96791111376226 -112.7144247806269 0
vertex 89.5 -112.99999999999991 0
vertex 89.5 -112.7144247806269 0
endloop
endfacet
facet normal 0 0 -1
outer loop
vertex 235.025 -112.7144247806269 0
vertex 235.025 -112.99999999999991 0
vertex 165.2320508075688 -112.99999999999991 0
endloop
endfacet
facet normal 0 0 -1
outer loop
vertex 235.025 -112.7144247806269 0
vertex 165.2320508075688 -112.99999999999991 0
vertex 165.03208888623794 -112.7144247806269 0
endloop
endfacet
facet normal 0 0 -1
outer loop
vertex 148.76794919243113 -112.99999999999991 0
vertex 148.6206147584282 -113.31595971334882 0
vertex 89.5 -113.31595971334882 0
endloop
endfacet
facet normal 0 0 -1
outer loop
vertex 148.76794919243113 -112.99999999999991 0
vertex 89.5 -113.31595971334882 0
vertex 89.5 -112.99999999999991 0
endloop
endfacet
facet normal 0 0 -1
outer loop
vertex 235.025 -112.99999999999991 0
vertex 235.025 -113.31595971334882 0
vertex 165.37938524157187 -113.31595971334882 0
endloop
endfacet
facet normal 0 0 -1
outer loop
vertex 235.025 -112.99999999999991 0
vertex 165.37938524157187 -113.31595971334882 0
vertex 165.2320508075688 -112.99999999999991 0
endloop
endfacet
facet normal 0 0 -1
outer loop
vertex 148.6206147584282 -113.31595971334882 0
vertex 148.5303844939756 -113.6527036446661 0
vertex 89.5 -113.6527036446661 0
endloop
endfacet
facet normal 0 0 -1
outer loop
vertex 148.6206147584282 -113.31595971334882 0
vertex 89.5 -113.6527036446661 0
vertex 89.5 -113.31595971334882 0
endloop
endfacet
facet normal 0 0 -1
outer loop
vertex 235.025 -113.31595971334882 0
vertex 235.025 -113.6527036446661 0
vertex 165.4696155060244 -113.6527036446661 0
endloop
endfacet
facet normal 0 0 -1
outer loop
vertex 235.025 -113.31595971334882 0
vertex 165.4696155060244 -113.6527036446661 0
vertex 165.37938524157187 -113.31595971334882 0
endloop
endfacet
facet normal 0 0 -1
outer loop
vertex 148.5303844939756 -113.6527036446661 0
vertex 148.5 -113.99999999999967 0
vertex 89.5 -113.99999999999967 0
endloop
endfacet
facet normal 0 0 -1
outer loop
vertex 148.5303844939756 -113.6527036446661 0
vertex 89.5 -113.99999999999967 0
vertex 89.5 -113.6527036446661 0
endloop
endfacet
facet normal 0 0 -1
outer loop
vertex 235.025 -113.6527036446661 0
vertex 235.025 -113.99999999999967 0
vertex 165.5 -113.99999999999967 0
endloop
endfacet
facet normal 0 0 -1
outer loop
vertex 235.025 -113.6527036446661 0
vertex 165.5 -113.99999999999967 0
vertex 165.4696155060244 -113.6527036446661 0
endloop
endfacet
facet normal 0 0 -1
outer loop
vertex 235.025 -113.99999999999967 0
vertex 235.025 -115.64999999999876 0
vertex 181.69999999999965 -115.64999999999876 0
endloop
endfacet
facet normal 0 0 -1
outer loop
vertex 235.025 -113.99999999999967 0
vertex 181.69999999999965 -115.64999999999876 0
vertex 165.72131842661506 -115.64999999999876 0
endloop
endfacet
facet normal 0 0 -1
outer loop
vertex 235.025 -113.99999999999967 0
vertex 165.72131842661506 -115.64999999999876 0
vertex 165.6206147584283 -115.43404028665157 0
endloop
endfacet
facet normal 0 0 -1
outer loop
vertex 235.025 -113.99999999999967 0
vertex 165.6206147584283 -115.43404028665157 0
vertex 165.53038449397556 -115.09729635533371 0
endloop
endfacet
facet normal 0 0 -1
outer loop
vertex 235.025 -113.99999999999967 0
vertex 165.53038449397556 -115.09729635533371 0
vertex 165.5 -114.75000000000016 0
endloop
endfacet
facet normal 0 0 -1
outer loop
vertex 235.025 -113.99999999999967 0
vertex 165.5 -114.75000000000016 0
vertex 165.5 -113.99999999999967 0
endloop
endfacet
facet normal 0 0 -1
outer loop
vertex 181.69999999999965 -115.64999999999876 0
vertex 181.40736451698857 -115.67882207939262 0
vertex 165.73475838296036 -115.67882207939262 0
endloop
endfacet
facet normal 0 0 -1
outer loop
vertex 181.69999999999965 -115.64999999999876 0
vertex 165.73475838296036 -115.67882207939262 0
vertex 165.72131842661506 -115.64999999999876 0
endloop
endfacet
facet normal 0 0 -1
outer loop
vertex 235.025 -115.64999999999876 0
vertex 235.025 -115.67882207939262 0
vertex 181.99263548301062 -115.67882207939262 0
endloop
endfacet
facet normal 0 0 -1
outer loop
vertex 235.025 -115.64999999999876 0
vertex 181.99263548301062 -115.67882207939262 0
vertex 181.69999999999965 -115.64999999999876 0
endloop
endfacet
facet normal 0 0 -1
outer loop
vertex 181.40736451698857 -115.67882207939262 0
vertex 181.12597485145352 -115.76418070123223 0
vertex 165.77787862633105 -115.76418070123223 0
endloop
endfacet
facet normal 0 0 -1
outer loop
vertex 181.40736451698857 -115.67882207939262 0
vertex 165.77787862633105 -115.76418070123223 0
vertex 165.7679491924311 -115.74999999999994 0
endloop
endfacet
facet normal 0 0 -1
outer loop
vertex 181.40736451698857 -115.67882207939262 0
vertex 165.7679491924311 -115.74999999999994 0
vertex 165.73475838296036 -115.67882207939262 0
endloop
endfacet
facet normal 0 0 -1
outer loop
vertex 235.025 -115.67882207939262 0
vertex 235.025 -115.76418070123223 0
vertex 182.27402514853972 -115.76418070123223 0
endloop
endfacet
facet normal 0 0 -1
outer loop
vertex 235.025 -115.67882207939262 0
vertex 182.27402514853972 -115.76418070123223 0
vertex 181.99263548301062 -115.67882207939262 0
endloop
endfacet
facet normal 0 0 -1
outer loop
vertex 181.12597485145352 -115.76418070123223 0
vertex 180.86664465046664 -115.90279558154796 0
vertex 165.87493781043617 -115.90279558154796 0
endloop
endfacet
facet normal 0 0 -1
outer loop
vertex 181.12597485145352 -115.76418070123223 0
vertex 165.87493781043617 -115.90279558154796 0
vertex 165.77787862633105 -115.76418070123223 0
endloop
endfacet
facet normal 0 0 -1
outer loop
vertex 235.025 -115.76418070123223 0
vertex 235.025 -115.90279558154796 0
vertex 182.53335534955178 -115.90279558154796 0
endloop
endfacet
facet normal 0 0 -1
outer loop
vertex 235.025 -115.76418070123223 0
vertex 182.53335534955178 -115.90279558154796 0
vertex 182.27402514853972 -115.76418070123223 0
endloop
endfacet
facet normal 0 0 -1
outer loop
vertex 180.86664465046664 -115.90279558154796 0
vertex 180.6393398282252 -116.08933982821459 0
vertex 166.0216757226036 -116.08933982821459 0
endloop
endfacet
facet normal 0 0 -1
outer loop
vertex 180.86664465046664 -115.90279558154796 0
vertex 166.0216757226036 -116.08933982821459 0
vertex 165.96791111376209 -116.0355752193731 0
endloop
endfacet
facet normal 0 0 -1
outer loop
vertex 180.86664465046664 -115.90279558154796 0
vertex 165.96791111376209 -116.0355752193731 0
vertex 165.87493781043617 -115.90279558154796 0
endloop
endfacet
facet normal 0 0 -1
outer loop
vertex 235.025 -115.90279558154796 0
vertex 235.025 -116.08933982821459 0
vertex 182.7606601717705 -116.08933982821459 0
endloop
endfacet
facet normal 0 0 -1
outer loop
vertex 235.025 -115.90279558154796 0
vertex 182.7606601717705 -116.08933982821459 0
vertex 182.53335534955178 -115.90279558154796 0
endloop
endfacet
facet normal 0 0 -1
outer loop
vertex 180.6393398282252 -116.08933982821459 0
vertex 180.45279558154806 -116.31664465046883 0
vertex 166.2637755264347 -116.31664465046883 0
endloop
endfacet
facet normal 0 0 -1
outer loop
vertex 180.6393398282252 -116.08933982821459 0
vertex 166.2637755264347 -116.31664465046883 0
vertex 166.21442478062704 -116.28208888623804 0
endloop
endfacet
facet normal 0 0 -1
outer loop
vertex 180.6393398282252 -116.08933982821459 0
vertex 166.21442478062704 -116.28208888623804 0
vertex 166.0216757226036 -116.08933982821459 0
endloop
endfacet
facet normal 0 0 -1
outer loop
vertex 235.025 -116.08933982821459 0
vertex 235.025 -116.31664465046883 0
vertex 182.94720441845178 -116.31664465046883 0
endloop
endfacet
facet normal 0 0 -1
outer loop
vertex 235.025 -116.08933982821459 0
vertex 182.94720441845178 -116.31664465046883 0
vertex 182.7606601717705 -116.08933982821459 0
endloop
endfacet
facet normal 0 0 -1
outer loop
vertex 180.45279558154806 -116.31664465046883 0
vertex 180.31418070123104 -116.5759748514483 0
vertex 166.70142076210166 -116.5759748514483 0
endloop
endfacet
facet normal 0 0 -1
outer loop
vertex 180.45279558154806 -116.31664465046883 0
vertex 166.70142076210166 -116.5759748514483 0
vertex 166.5 -116.48205080756887 0
endloop
endfacet
facet normal 0 0 -1
outer loop
vertex 180.45279558154806 -116.31664465046883 0
vertex 166.5 -116.48205080756887 0
vertex 166.2637755264347 -116.31664465046883 0
endloop
endfacet
facet normal 0 0 -1
outer loop
vertex 235.025 -116.31664465046883 0
vertex 235.025 -116.5759748514483 0
vertex 183.08581929876365 -116.5759748514483 0
endloop
endfacet
facet normal 0 0 -1
outer loop
vertex 235.025 -116.31664465046883 0
vertex 183.08581929876365 -116.5759748514483 0
vertex 182.94720441845178 -116.31664465046883 0
endloop
endfacet
facet normal 0 0 -1
outer loop
vertex 148.5 -113.99999999999967 0
vertex 148.5 -114.75000000000016 0
vertex 148.46961550602438 -115.09729635533371 0
endloop
endfacet
facet normal 0 0 -1
outer loop
vertex 148.5 -113.99999999999967 0
vertex 148.46961550602438 -115.09729635533371 0
vertex 148.37938524157187 -115.43404028665157 0
endloop
endfacet
facet normal 0 0 -1
outer loop
vertex 148.5 -113.99999999999967 0
vertex 148.37938524157187 -115.43404028665157 0
vertex 148.23205080756892 -115.74999999999994 0
endloop
endfacet
facet normal 0 0 -1
outer loop
vertex 148.5 -113.99999999999967 0
vertex 148.23205080756892 -115.74999999999994 0
vertex 148.03208888623791 -116.0355752193731 0
endloop
endfacet
facet normal 0 0 -1
outer loop
vertex 148.5 -113.99999999999967 0
vertex 148.03208888623791 -116.0355752193731 0
vertex 147.7855752193731 -116.28208888623804 0
endloop
endfacet
facet normal 0 0 -1
outer loop
vertex 148.5 -113.99999999999967 0
vertex 147.7855752193731 -116.28208888623804 0
vertex 147.5000000000002 -116.48205080756887 0
endloop
endfacet
facet normal 0 0 -1
outer loop
vertex 148.5 -113.99999999999967 0
vertex 147.5000000000002 -116.48205080756887 0
vertex 147.1840402866512 -116.62938524157181 0
endloop
endfacet
facet normal 0 0 -1
outer loop
vertex 148.5 -113.99999999999967 0
vertex 147.1840402866512 -116.62938524157181 0
vertex 146.84729635533384 -116.71961550602441 0
endloop
endfacet
facet normal 0 0 -1
outer loop
vertex 148.5 -113.99999999999967 0
vertex 146.84729635533384 -116.71961550602441 0
vertex 146.50000000000014 -116.75 0
endloop
endfacet
facet normal 0 0 -1
outer loop
vertex 148.5 -113.99999999999967 0
vertex 146.50000000000014 -116.75 0
vertex 141.5000000000001 -116.75 0
endloop
endfacet
facet normal 0 0 -1
outer loop
vertex 148.5 -113.99999999999967 0
vertex 141.5000000000001 -116.75 0
vertex 89.5 -116.75 0
endloop
endfacet
facet normal 0 0 -1
outer loop
vertex 148.5 -113.99999999999967 0
vertex 89.5 -116.75 0
vertex 89.5 -113.99999999999967 0
endloop
endfacet
facet normal 0 0 -1
outer loop
vertex 180.31418070123104 -116.5759748514483 0
vertex 180.26139074955762 -116.75 0
vertex 175.1974806 -116.75 0
endloop
endfacet
facet normal 0 0 -1
outer loop
vertex 180.31418070123104 -116.5759748514483 0
vertex 175.1974806 -116.75 0
vertex 167.5 -116.75 0
endloop
endfacet
facet normal 0 0 -1
outer loop
vertex 180.31418070123104 -116.5759748514483 0
vertex 167.5 -116.75 0
vertex 167.15270364466616 -116.71961550602441 0
endloop
endfacet
facet normal 0 0 -1
outer loop
vertex 180.31418070123104 -116.5759748514483 0
vertex 167.15270364466616 -116.71961550602441 0
vertex 166.81595971334866 -116.62938524157181 0
endloop
endfacet
facet normal 0 0 -1
outer loop
vertex 180.31418070123104 -116.5759748514483 0
vertex 166.81595971334866 -116.62938524157181 0
vertex 166.70142076210166 -116.5759748514483 0
endloop
endfacet
facet normal 0 0 -1
outer loop
vertex 141.5000000000001 -116.75 0
vertex 141.15270364466602 -116.7803844939756 0
vertex 89.5 -116.7803844939756 0
endloop
endfacet
facet normal 0 0 -1
outer loop
vertex 141.5000000000001 -116.75 0
vertex 89.5 -116.7803844939756 0
vertex 89.5 -116.75 0
endloop
endfacet
facet normal 0 0 -1
outer loop
vertex 180.26139074955762 -116.75 0
vertex 180.22882207939 -116.8573645169952 0
vertex 175.17854933823173 -116.8573645169952 0
endloop
endfacet
facet normal 0 0 -1
outer loop
vertex 180.26139074955762 -116.75 0
vertex 175.17854933823173 -116.8573645169952 0
vertex 175.1974806 -116.75 0
endloop
endfacet
facet normal 0 0 -1
outer loop
vertex 235.025 -116.5759748514483 0
vertex 235.025 -116.8573645169952 0
vertex 183.1711779206087 -116.8573645169952 0
endloop
endfacet
facet normal 0 0 -1
outer loop
vertex 235.025 -116.5759748514483 0
vertex 183.1711779206087 -116.8573645169952 0
vertex 183.08581929876365 -116.5759748514483 0
endloop
endfacet
facet normal 0 0 -1
outer loop
vertex 141.15270364466602 -116.7803844939756 0
vertex 140.81595971334883 -116.87061475842813 0
vertex 89.5 -116.87061475842813 0
endloop
endfacet
facet normal 0 0 -1
outer loop
vertex 141.15270364466602 -116.7803844939756 0
vertex 89.5 -116.87061475842813 0
vertex 89.5 -116.7803844939756 0
endloop
endfacet
facet normal 0 0 -1
outer loop
vertex 140.81595971334883 -116.87061475842813 0
vertex 140.49999999999977 -117.01794919243125 0
vertex 89.5 -117.01794919243125 0
endloop
endfacet
facet normal 0 0 -1
outer loop
vertex 140.81595971334883 -116.87061475842813 0
vertex 89.5 -117.01794919243125 0
vertex 89.5 -116.87061475842813 0
endloop
endfacet
facet normal 0 0 -1
outer loop
vertex 180.22882207939 -116.8573645169952 0
vertex 180.2000000000001 -117.14999999998382 0
vertex 175.12694980529304 -117.14999999998382 0
endloop
endfacet
facet normal 0 0 -1
outer loop
vertex 180.22882207939 -116.8573645169952 0
vertex 175.12694980529304 -117.14999999998382 0
vertex 175.17854933823173 -116.8573645169952 0
endloop
endfacet
facet normal 0 0 -1
outer loop
vertex 235.025 -116.8573645169952 0
vertex 235.025 -117.14999999998382 0
vertex 183.20000000000033 -117.14999999998382 0
endloop
endfacet
facet normal 0 0 -1
outer loop
vertex 235.025 -116.8573645169952 0
vertex 183.20000000000033 -117.14999999998382 0
vertex 183.1711779206087 -116.8573645169952 0
endloop
endfacet
facet normal 0 0 -1
outer loop
vertex 140.49999999999977 -117.01794919243125 0
vertex 140.21442478062696 -117.21791111376199 0
vertex 89.5 -117.21791111376199 0
endloop
endfacet
facet normal 0 0 -1
outer loop
vertex 140.49999999999977 -117.01794919243125 0
vertex 89.5 -117.21791111376199 0
vertex 89.5 -117.01794919243125 0
endloop
endfacet
facet normal 0 0 -1
outer loop
vertex 180.2000000000001 -117.14999999998382 0
vertex 180.2288220793993 -117.44263548304744 0
vertex 175.0753502723411 -117.44263548304744 0
endloop
endfacet
facet normal 0 0 -1
outer loop
vertex 180.2000000000001 -117.14999999998382 0
vertex 175.0753502723411 -117.44263548304744 0
vertex 175.12694980529304 -117.14999999998382 0
endloop
endfacet
facet normal 0 0 -1
outer loop
vertex 235.025 -117.14999999998382 0
vertex 235.025 -117.44263548304744 0
vertex 183.17117792060128 -117.44263548304744 0
endloop
endfacet
facet normal 0 0 -1
outer loop
vertex 235.025 -117.14999999998382 0
vertex 183.17117792060128 -117.44263548304744 0
vertex 183.20000000000033 -117.14999999998382 0
endloop
endfacet
facet normal 0 0 -1
outer loop
vertex 140.21442478062696 -117.21791111376199 0
vertex 139.9679111137621 -117.46442478062684 0
vertex 89.5 -117.46442478062684 0
endloop
endfacet
facet normal 0 0 -1
outer loop
vertex 140.21442478062696 -117.21791111376199 0
vertex 89.5 -117.46442478062684 0
vertex 89.5 -117.21791111376199 0
endloop
endfacet
facet normal 0 0 -1
outer loop
vertex 180.2288220793993 -117.44263548304744 0
vertex 180.31418070123448 -117.72402514856003 0
vertex 175.02573368051176 -117.72402514856003 0
endloop
endfacet
facet normal 0 0 -1
outer loop
vertex 180.2288220793993 -117.44263548304744 0
vertex 175.02573368051176 -117.72402514856003 0
vertex 175.0753502723411 -117.44263548304744 0
endloop
endfacet
facet normal 0 0 -1
outer loop
vertex 235.025 -117.44263548304744 0
vertex 235.025 -117.72402514856003 0
vertex 183.0858192987671 -117.72402514856003 0
endloop
endfacet
facet normal 0 0 -1
outer loop
vertex 235.025 -117.44263548304744 0
vertex 183.0858192987671 -117.72402514856003 0
vertex 183.17117792060128 -117.44263548304744 0
endloop
endfacet
facet normal 0 0 -1
outer loop
vertex 139.9679111137621 -117.46442478062684 0
vertex 139.7679491924311 -117.75000000000004 0
vertex 89.5 -117.75000000000004 0
endloop
endfacet
facet normal 0 0 -1
outer loop
vertex 139.9679111137621 -117.46442478062684 0
vertex 89.5 -117.75000000000004 0
vertex 89.5 -117.46442478062684 0
endloop
endfacet
facet normal 0 0 -1
outer loop
vertex 180.31418070123448 -117.72402514856003 0
vertex 180.45279558153257 -117.98335534951367 0
vertex 174.98000676759796 -117.98335534951367 0
endloop
endfacet
facet normal 0 0 -1
outer loop
vertex 180.31418070123448 -117.72402514856003 0
vertex 174.98000676759796 -117.98335534951367 0
vertex 175.02573368051176 -117.72402514856003 0
endloop
endfacet
facet normal 0 0 -1
outer loop
vertex 235.025 -117.72402514856003 0
vertex 235.025 -117.98335534951367 0
vertex 182.94720441845794 -117.98335534951367 0
endloop
endfacet
facet normal 0 0 -1
outer loop
vertex 235.025 -117.72402514856003 0
vertex 182.94720441845794 -117.98335534951367 0
vertex 183.0858192987671 -117.72402514856003 0
endloop
endfacet
facet normal 0 0 -1
outer loop
vertex 139.7679491924311 -117.75000000000004 0
vertex 139.6206147584282 -118.06595971334865 0
vertex 89.5 -118.06595971334865 0
endloop
endfacet
facet normal 0 0 -1
outer loop
vertex 139.7679491924311 -117.75000000000004 0
vertex 89.5 -118.06595971334865 0
vertex 89.5 -117.75000000000004 0
endloop
endfacet
facet normal 0 0 -1
outer loop
vertex 180.45279558153257 -117.98335534951367 0
vertex 180.63933982821678 -118.21066017177655 0
vertex 174.93992679320903 -118.21066017177655 0
endloop
endfacet
facet normal 0 0 -1
outer loop
vertex 180.45279558153257 -117.98335534951367 0
vertex 174.93992679320903 -118.21066017177655 0
vertex 174.98000676759796 -117.98335534951367 0
endloop
endfacet
facet normal 0 0 -1
outer loop
vertex 235.025 -117.98335534951367 0
vertex 235.025 -118.21066017177655 0
vertex 182.76066017178195 -118.21066017177655 0
endloop
endfacet
facet normal 0 0 -1
outer loop
vertex 235.025 -117.98335534951367 0
vertex 182.76066017178195 -118.21066017177655 0
vertex 182.94720441845794 -117.98335534951367 0
endloop
endfacet
facet normal 0 0 -1
outer loop
vertex 180.63933982821678 -118.21066017177655 0
vertex 180.86664465045862 -118.39720441844574 0
vertex 174.90703400829372 -118.39720441844574 0
endloop
endfacet
facet normal 0 0 -1
outer loop
vertex 180.63933982821678 -118.21066017177655 0
vertex 174.90703400829372 -118.39720441844574 0
vertex 174.93992679320903 -118.21066017177655 0
endloop
endfacet
facet normal 0 0 -1
outer loop
vertex 235.025 -118.21066017177655 0
vertex 235.025 -118.39720441844574 0
vertex 182.53335534951705 -118.39720441844574 0
endloop
endfacet
facet normal 0 0 -1
outer loop
vertex 235.025 -118.21066017177655 0
vertex 182.53335534951705 -118.39720441844574 0
vertex 182.76066017178195 -118.21066017177655 0
endloop
endfacet
facet normal 0 0 -1
outer loop
vertex 139.6206147584282 -118.06595971334865 0
vertex 139.53038449397562 -118.40270364466598 0
vertex 89.5 -118.40270364466598 0
endloop
endfacet
facet normal 0 0 -1
outer loop
vertex 139.6206147584282 -118.06595971334865 0
vertex 89.5 -118.40270364466598 0
vertex 89.5 -118.06595971334865 0
endloop
endfacet
facet normal 0 0 -1
outer loop
vertex 180.86664465045862 -118.39720441844574 0
vertex 181.12597485146202 -118.53581929877042 0
vertex 174.88259246412395 -118.53581929877042 0
endloop
endfacet
facet normal 0 0 -1
outer loop
vertex 180.86664465045862 -118.39720441844574 0
vertex 174.88259246412395 -118.53581929877042 0
vertex 174.90703400829372 -118.39720441844574 0
endloop
endfacet
facet normal 0 0 -1
outer loop
vertex 235.025 -118.39720441844574 0
vertex 235.025 -118.53581929877042 0
vertex 182.27402514855794 -118.53581929877042 0
endloop
endfacet
facet normal 0 0 -1
outer loop
vertex 235.025 -118.39720441844574 0
vertex 182.27402514855794 -118.53581929877042 0
vertex 182.53335534951705 -118.39720441844574 0
endloop
endfacet
facet normal 0 0 -1
outer loop
vertex 181.12597485146202 -118.53581929877042 0
vertex 181.40736451697495 -118.62117792060513 0
vertex 174.8675414355406 -118.62117792060513 0
endloop
endfacet
facet normal 0 0 -1
outer loop
vertex 181.12597485146202 -118.53581929877042 0
vertex 174.8675414355406 -118.62117792060513 0
vertex 174.88259246412395 -118.53581929877042 0
endloop
endfacet
facet normal 0 0 -1
outer loop
vertex 235.025 -118.53581929877042 0
vertex 235.025 -118.62117792060513 0
vertex 181.99263548302545 -118.62117792060513 0
endloop
endfacet
facet normal 0 0 -1
outer loop
vertex 235.025 -118.53581929877042 0
vertex 181.99263548302545 -118.62117792060513 0
vertex 182.27402514855794 -118.53581929877042 0
endloop
endfacet
facet normal 0 0 -1
outer loop
vertex 181.40736451697495 -118.62117792060513 0
vertex 181.69999999999484 -118.64999999999986 0
vertex 174.86245932512836 -118.64999999999986 0
endloop
endfacet
facet normal 0 0 -1
outer loop
vertex 181.40736451697495 -118.62117792060513 0
vertex 174.86245932512836 -118.64999999999986 0
vertex 174.8675414355406 -118.62117792060513 0
endloop
endfacet
facet normal 0 0 -1
outer loop
vertex 235.025 -118.62117792060513 0
vertex 235.025 -118.64999999999986 0
vertex 181.69999999999484 -118.64999999999986 0
endloop
endfacet
facet normal 0 0 -1
outer loop
vertex 235.025 -118.62117792060513 0
vertex 181.69999999999484 -118.64999999999986 0
vertex 181.99263548302545 -118.62117792060513 0
endloop
endfacet
facet normal 0 0 -1
outer loop
vertex 139.53038449397562 -118.40270364466598 0
vertex 139.5 -118.75000000000003 0
vertex 89.5 -118.75000000000003 0
endloop
endfacet
facet normal 0 0 -1
outer loop
vertex 139.53038449397562 -118.40270364466598 0
vertex 89.5 -118.75000000000003 0
vertex 89.5 -118.40270364466598 0
endloop
endfacet
facet normal 0 0 -1
outer loop
vertex 181.69999999999484 -118.64999999999986 0
vertex 235.025 -118.64999999999986 0
vertex 235.025 -118.67499999999998 0
endloop
endfacet
facet normal 0 0 -1
outer loop
vertex 181.69999999999484 -118.64999999999986 0
vertex 235.025 -118.67499999999998 0
vertex 234.99461550602445 -119.02229635533352 0
endloop
endfacet
facet normal 0 0 -1
outer loop
vertex 181.69999999999484 -118.64999999999986 0
vertex 234.99461550602445 -119.02229635533352 0
vertex 234.90438524157173 -119.35904028665148 0
endloop
endfacet
facet normal 0 0 -1
outer loop
vertex 181.69999999999484 -118.64999999999986 0
vertex 234.90438524157173 -119.35904028665148 0
vertex 234.75705080756873 -119.67500000000025 0
endloop
endfacet
facet normal 0 0 -1
outer loop
vertex 181.69999999999484 -118.64999999999986 0
vertex 234.75705080756873 -119.67500000000025 0
vertex 234.5570888862379 -119.9605752193732 0
endloop
endfacet
facet normal 0 0 -1
outer loop
vertex 181.69999999999484 -118.64999999999986 0
vertex 234.5570888862379 -119.9605752193732 0
vertex 234.3105752193733 -120.2070888862378 0
endloop
endfacet
facet normal 0 0 -1
outer loop
vertex 181.69999999999484 -118.64999999999986 0
vertex 234.3105752193733 -120.2070888862378 0
vertex 234.02499999999986 -120.40705080756898 0
endloop
endfacet
facet normal 0 0 -1
outer loop
vertex 181.69999999999484 -118.64999999999986 0
vertex 234.02499999999986 -120.40705080756898 0
vertex 233.70904028665143 -120.5543852415718 0
endloop
endfacet
facet normal 0 0 -1
outer loop
vertex 181.69999999999484 -118.64999999999986 0
vertex 233.70904028665143 -120.5543852415718 0
vertex 233.3722963553339 -120.64461550602441 0
endloop
endfacet
facet normal 0 0 -1
outer loop
vertex 181.69999999999484 -118.64999999999986 0
vertex 233.3722963553339 -120.64461550602441 0
vertex 233.02500000000003 -120.675 0
endloop
endfacet
facet normal 0 0 -1
outer loop
vertex 181.69999999999484 -118.64999999999986 0
vertex 233.02500000000003 -120.675 0
vertex 209.0547337915583 -120.675 0
endloop
endfacet
facet normal 0 0 -1
outer loop
vertex 181.69999999999484 -118.64999999999986 0
vertex 209.0547337915583 -120.675 0
vertex 174.5053971769098 -120.675 0
endloop
endfacet
facet normal 0 0 -1
outer loop
vertex 181.69999999999484 -118.64999999999986 0
vertex 174.5053971769098 -120.675 0
vertex 174.86245932512836 -118.64999999999986 0
endloop
endfacet
facet normal 0 0 -1
outer loop
vertex 209.0547337915583 -120.675 0
vertex 209.05054525 -120.96547975000018 0
vertex 174.45417775787325 -120.96547975000018 0
endloop
endfacet
facet normal 0 0 -1
outer loop
vertex 209.0547337915583 -120.675 0
vertex 174.45417775787325 -120.96547975000018 0
vertex 174.5053971769098 -120.675 0
endloop
endfacet
facet normal 0 0 -1
outer loop
vertex 209.05054525 -120.96547975000018 0
vertex 209.06993404468975 -121.27360077249772 0
vertex 174.39984770641436 -121.27360077249772 0
endloop
endfacet
facet normal 0 0 -1
outer loop
vertex 209.05054525 -120.96547975000018 0
vertex 174.39984770641436 -121.27360077249772 0
vertex 174.45417775787325 -120.96547975000018 0
endloop
endfacet
facet normal 0 0 -1
outer loop
vertex 209.06993404468975 -121.27360077249772 0
vertex 209.13651312376348 -121.57506671766323 0
vertex 174.34669112468816 -121.57506671766323 0
endloop
endfacet
facet normal 0 0 -1
outer loop
vertex 209.06993404468975 -121.27360077249772 0
vertex 174.34669112468816 -121.57506671766323 0
vertex 174.39984770641436 -121.27360077249772 0
endloop
endfacet
facet normal 0 0 -1
outer loop
vertex 209.13651312376348 -121.57506671766323 0
vertex 209.24869599948164 -121.86269406730186 0
vertex 174.29597466081245 -121.86269406730186 0
endloop
endfacet
facet normal 0 0 -1
outer loop
vertex 209.13651312376348 -121.57506671766323 0
vertex 174.29597466081245 -121.86269406730186 0
vertex 174.34669112468816 -121.57506671766323 0
endloop
endfacet
facet normal 0 0 -1
outer loop
vertex 139.5 -118.75000000000003 0
vertex 139.5 -119.99999999999997 0
vertex 139.4696155060244 -120.34729635533397 0
endloop
endfacet
facet normal 0 0 -1
outer loop
vertex 139.5 -118.75000000000003 0
vertex 139.4696155060244 -120.34729635533397 0
vertex 139.37938524157184 -120.68404028665128 0
endloop
endfacet
facet normal 0 0 -1
outer loop
vertex 139.5 -118.75000000000003 0
vertex 139.37938524157184 -120.68404028665128 0
vertex 139.2320508075689 -120.99999999999994 0
endloop
endfacet
facet normal 0 0 -1
outer loop
vertex 139.5 -118.75000000000003 0
vertex 139.2320508075689 -120.99999999999994 0
vertex 139.032088886238 -121.28557521937299 0
endloop
endfacet
facet normal 0 0 -1
outer loop
vertex 139.5 -118.75000000000003 0
vertex 139.032088886238 -121.28557521937299 0
vertex 138.78557521937296 -121.53208888623804 0
endloop
endfacet
facet normal 0 0 -1
outer loop
vertex 139.5 -118.75000000000003 0
vertex 138.78557521937296 -121.53208888623804 0
vertex 138.50000000000006 -121.73205080756885 0
endloop
endfacet
facet normal 0 0 -1
outer loop
vertex 139.5 -118.75000000000003 0
vertex 138.50000000000006 -121.73205080756885 0
vertex 138.18404028665134 -121.87938524157181 0
endloop
endfacet
facet normal 0 0 -1
outer loop
vertex 139.5 -118.75000000000003 0
vertex 138.18404028665134 -121.87938524157181 0
vertex 137.8472963553338 -121.96961550602443 0
endloop
endfacet
facet normal 0 0 -1
outer loop
vertex 139.5 -118.75000000000003 0
vertex 137.8472963553338 -121.96961550602443 0
vertex 137.5000000000001 -122 0
endloop
endfacet
facet normal 0 0 -1
outer loop
vertex 139.5 -118.75000000000003 0
vertex 137.5000000000001 -122 0
vertex 131.50000000000003 -122 0
endloop
endfacet
facet normal 0 0 -1
outer loop
vertex 139.5 -118.75000000000003 0
vertex 131.50000000000003 -122 0
vertex 89.5 -122 0
endloop
endfacet
facet normal 0 0 -1
outer loop
vertex 139.5 -118.75000000000003 0
vertex 89.5 -122 0
vertex 89.5 -118.75000000000003 0
endloop
endfacet
facet normal 0 0 -1
outer loop
vertex 131.50000000000003 -122 0
vertex 131.1527036446661 -122.03038449397559 0
vertex 89.5 -122.03038449397559 0
endloop
endfacet
facet normal 0 0 -1
outer loop
vertex 131.50000000000003 -122 0
vertex 89.5 -122.03038449397559 0
vertex 89.5 -122 0
endloop
endfacet
facet normal 0 0 -1
outer loop
vertex 131.1527036446661 -122.03038449397559 0
vertex 130.8159597133488 -122.12061475842813 0
vertex 89.5 -122.12061475842813 0
endloop
endfacet
facet normal 0 0 -1
outer loop
vertex 131.1527036446661 -122.03038449397559 0
vertex 89.5 -122.12061475842813 0
vertex 89.5 -122.03038449397559 0
endloop
endfacet
facet normal 0 0 -1
outer loop
vertex 209.24869599948164 -121.86269406730186 0
vertex 209.40380950845173 -122.12962905788878 0
vertex 174.24890681825755 -122.12962905788878 0
endloop
endfacet
facet normal 0 0 -1
outer loop
vertex 209.24869599948164 -121.86269406730186 0
vertex 174.24890681825755 -122.12962905788878 0
vertex 174.29597466081245 -121.86269406730186 0
endloop
endfacet
facet normal 0 0 -1
outer loop
vertex 130.8159597133488 -122.12061475842813 0
vertex 130.49999999999991 -122.26794919243117 0
vertex 89.5 -122.26794919243117 0
endloop
endfacet
facet normal 0 0 -1
outer loop
vertex 130.8159597133488 -122.12061475842813 0
vertex 89.5 -122.26794919243117 0
vertex 89.5 -122.12061475842813 0
endloop
endfacet
facet normal 0 0 -1
outer loop
vertex 209.40380950845173 -122.12962905788878 0
vertex 209.598157509429 -122.36951099631001 0
vertex 174.20660915887407 -122.36951099631001 0
endloop
endfacet
facet normal 0 0 -1
outer loop
vertex 209.40380950845173 -122.12962905788878 0
vertex 174.20660915887407 -122.36951099631001 0
vertex 174.24890681825755 -122.12962905788878 0
endloop
endfacet
facet normal 0 0 -1
outer loop
vertex 130.49999999999991 -122.26794919243117 0
vertex 130.214424780627 -122.46791111376197 0
vertex 89.5 -122.46791111376197 0
endloop
endfacet
facet normal 0 0 -1
outer loop
vertex 130.49999999999991 -122.26794919243117 0
vertex 89.5 -122.46791111376197 0
vertex 89.5 -122.26794919243117 0
endloop
endfacet
facet normal 0 0 -1
outer loop
vertex 209.598157509429 -122.36951099631001 0
vertex 209.8271089572713 -122.57662382641871 0
vertex 174.17008957761865 -122.57662382641871 0
endloop
endfacet
facet normal 0 0 -1
outer loop
vertex 209.598157509429 -122.36951099631001 0
vertex 174.17008957761865 -122.57662382641871 0
vertex 174.20660915887407 -122.36951099631001 0
endloop
endfacet
facet normal 0 0 -1
outer loop
vertex 130.214424780627 -122.46791111376197 0
vertex 129.96791111376191 -122.71442478062708 0
vertex 89.5 -122.71442478062708 0
endloop
endfacet
facet normal 0 0 -1
outer loop
vertex 130.214424780627 -122.46791111376197 0
vertex 89.5 -122.71442478062708 0
vertex 89.5 -122.46791111376197 0
endloop
endfacet
facet normal 0 0 -1
outer loop
vertex 209.8271089572713 -122.57662382641871 0
vertex 210.08520825436483 -122.74603233477818 0
vertex 174.14021828580567 -122.74603233477818 0
endloop
endfacet
facet normal 0 0 -1
outer loop
vertex 209.8271089572713 -122.57662382641871 0
vertex 174.14021828580567 -122.74603233477818 0
vertex 174.17008957761865 -122.57662382641871 0
endloop
endfacet
facet normal 0 0 -1
outer loop
vertex 210.08520825436483 -122.74603233477818 0
vertex 210.3663004999999 -122.87369949999997 0
vertex 174.11770711925206 -122.87369949999997 0
endloop
endfacet
facet normal 0 0 -1
outer loop
vertex 210.08520825436483 -122.74603233477818 0
vertex 174.11770711925206 -122.87369949999997 0
vertex 174.14021828580567 -122.74603233477818 0
endloop
endfacet
facet normal 0 0 -1
outer loop
vertex 129.96791111376191 -122.71442478062708 0
vertex 129.76794919243116 -122.9999999999999 0
vertex 89.5 -122.9999999999999 0
endloop
endfacet
facet normal 0 0 -1
outer loop
vertex 129.96791111376191 -122.71442478062708 0
vertex 89.5 -122.9999999999999 0
vertex 89.5 -122.71442478062708 0
endloop
endfacet
facet normal 0 0 -1
outer loop
vertex 129.76794919243116 -122.9999999999999 0
vertex 129.62061475842825 -123.31595971334852 0
vertex 89.5 -123.31595971334852 0
endloop
endfacet
facet normal 0 0 -1
outer loop
vertex 129.76794919243116 -122.9999999999999 0
vertex 89.5 -123.31595971334852 0
vertex 89.5 -122.9999999999999 0
endloop
endfacet
facet normal 0 0 -1
outer loop
vertex 129.62061475842825 -123.31595971334852 0
vertex 129.5303844939756 -123.65270364466623 0
vertex 89.5 -123.65270364466623 0
endloop
endfacet
facet normal 0 0 -1
outer loop
vertex 129.62061475842825 -123.31595971334852 0
vertex 89.5 -123.65270364466623 0
vertex 89.5 -123.31595971334852 0
endloop
endfacet
facet normal 0 0 -1
outer loop
vertex 129.5303844939756 -123.65270364466623 0
vertex 129.5 -123.99999999999997 0
vertex 89.5 -123.99999999999997 0
endloop
endfacet
facet normal 0 0 -1
outer loop
vertex 129.5303844939756 -123.65270364466623 0
vertex 89.5 -123.99999999999997 0
vertex 89.5 -123.65270364466623 0
endloop
endfacet
facet normal 0 0 -1
outer loop
vertex 210.3663004999999 -122.87369949999997 0
vertex 218.17095175000003 -125.71436005000001 0
vertex 218.4396069141168 -125.83523251562761 0
endloop
endfacet
facet normal 0 0 -1
outer loop
vertex 210.3663004999999 -122.87369949999997 0
vertex 218.4396069141168 -125.83523251562761 0
vertex 218.6875918353387 -125.99425839088128 0
endloop
endfacet
facet normal 0 0 -1
outer loop
vertex 210.3663004999999 -122.87369949999997 0
vertex 218.6875918353387 -125.99425839088128 0
vertex 218.90952612431167 -126.18798738079143 0
endloop
endfacet
facet normal 0 0 -1
outer loop
vertex 210.3663004999999 -122.87369949999997 0
vertex 218.90952612431167 -126.18798738079143 0
vertex 219.1005945975974 -126.41221625642905 0
endloop
endfacet
facet normal 0 0 -1
outer loop
vertex 210.3663004999999 -122.87369949999997 0
vertex 219.1005945975974 -126.41221625642905 0
vertex 219.25665350000034 -126.66208010000057 0
endloop
endfacet
facet normal 0 0 -1
outer loop
vertex 210.3663004999999 -122.87369949999997 0
vertex 219.25665350000034 -126.66208010000057 0
vertex 220.40174764999944 -128.83724954999883 0
endloop
endfacet
facet normal 0 0 -1
outer loop
vertex 210.3663004999999 -122.87369949999997 0
vertex 220.40174764999944 -128.83724954999883 0
vertex 220.4721196549343 -128.98535293615654 0
endloop
endfacet
facet normal 0 0 -1
outer loop
vertex 210.3663004999999 -122.87369949999997 0
vertex 220.4721196549343 -128.98535293615654 0
vertex 220.53012294866897 -129.13872323962232 0
endloop
endfacet
facet normal 0 0 -1
outer loop
vertex 210.3663004999999 -122.87369949999997 0
vertex 220.53012294866897 -129.13872323962232 0
vertex 220.57536530000021 -129.29632910000092 0
endloop
endfacet
facet normal 0 0 -1
outer loop
vertex 210.3663004999999 -122.87369949999997 0
vertex 220.57536530000021 -129.29632910000092 0
vertex 220.7127635 -129.86133300000003 0
endloop
endfacet
facet normal 0 0 -1
outer loop
vertex 210.3663004999999 -122.87369949999997 0
vertex 220.7127635 -129.86133300000003 0
vertex 172.885598759512 -129.86133300000003 0
endloop
endfacet
facet normal 0 0 -1
outer loop
vertex 210.3663004999999 -122.87369949999997 0
vertex 172.885598759512 -129.86133300000003 0
vertex 174.11770711925206 -122.87369949999997 0
endloop
endfacet
facet normal 0 0 -1
outer loop
vertex 221.50048341598978 -129.8039829284016 0
vertex 221.76041633080854 -129.85460225510153 0
vertex 221.78040269051414 -129.86133300000003 0
endloop
endfacet
facet normal 0 0 -1
outer loop
vertex 221.50048341598978 -129.8039829284016 0
vertex 221.78040269051414 -129.86133300000003 0
vertex 220.7127635 -129.86133300000003 0
endloop
endfacet
facet normal 0 0 -1
outer loop
vertex 221.50048341598978 -129.8039829284016 0
vertex 220.7127635 -129.86133300000003 0
vertex 220.97202456754718 -129.80737806235592 0
endloop
endfacet
facet normal 0 0 -1
outer loop
vertex 221.50048341598978 -129.8039829284016 0
vertex 220.97202456754718 -129.80737806235592 0
vertex 221.2361413590024 -129.78814899807452 0
endloop
endfacet
facet normal 0 0 -1
outer loop
vertex 129.5 -123.99999999999997 0
vertex 129.5 -129 0
vertex 129.4696155060244 -129.34729635533384 0
endloop
endfacet
facet normal 0 0 -1
outer loop
vertex 129.5 -123.99999999999997 0
vertex 129.4696155060244 -129.34729635533384 0
vertex 129.3793852415718 -129.68404028665137 0
endloop
endfacet
facet normal 0 0 -1
outer loop
vertex 129.5 -123.99999999999997 0
vertex 129.3793852415718 -129.68404028665137 0
vertex 129.23205080756887 -130 0
endloop
endfacet
facet normal 0 0 -1
outer loop
vertex 129.5 -123.99999999999997 0
vertex 129.23205080756887 -130 0
vertex 129.03208888623786 -130.2855752193731 0
endloop
endfacet
facet normal 0 0 -1
outer loop
vertex 129.5 -123.99999999999997 0
vertex 129.03208888623786 -130.2855752193731 0
vertex 128.78557521937307 -130.5320888862379 0
endloop
endfacet
facet normal 0 0 -1
outer loop
vertex 129.5 -123.99999999999997 0
vertex 128.78557521937307 -130.5320888862379 0
vertex 128.5000000000001 -130.73205080756887 0
endloop
endfacet
facet normal 0 0 -1
outer loop
vertex 129.5 -123.99999999999997 0
vertex 128.5000000000001 -130.73205080756887 0
vertex 128.18404028665134 -130.8793852415718 0
endloop
endfacet
facet normal 0 0 -1
outer loop
vertex 129.5 -123.99999999999997 0
vertex 128.18404028665134 -130.8793852415718 0
vertex 127.84729635533373 -130.96961550602447 0
endloop
endfacet
facet normal 0 0 -1
outer loop
vertex 129.5 -123.99999999999997 0
vertex 127.84729635533373 -130.96961550602447 0
vertex 127.5 -131 0
endloop
endfacet
facet normal 0 0 -1
outer loop
vertex 129.5 -123.99999999999997 0
vertex 127.5 -131 0
vertex 91.49999999999967 -131 0
endloop
endfacet
facet normal 0 0 -1
outer loop
vertex 129.5 -123.99999999999997 0
vertex 91.49999999999967 -131 0
vertex 91.1527036446663 -130.96961550602447 0
endloop
endfacet
facet normal 0 0 -1
outer loop
vertex 129.5 -123.99999999999997 0
vertex 91.1527036446663 -130.96961550602447 0
vertex 90.81595971334865 -130.8793852415718 0
endloop
endfacet
facet normal 0 0 -1
outer loop
vertex 129.5 -123.99999999999997 0
vertex 90.81595971334865 -130.8793852415718 0
vertex 90.5 -130.73205080756887 0
endloop
endfacet
facet normal 0 0 -1
outer loop
vertex 129.5 -123.99999999999997 0
vertex 90.5 -130.73205080756887 0
vertex 90.21442478062689 -130.5320888862379 0
endloop
endfacet
facet normal 0 0 -1
outer loop
vertex 129.5 -123.99999999999997 0
vertex 90.21442478062689 -130.5320888862379 0
vertex 89.96791111376207 -130.2855752193731 0
endloop
endfacet
facet normal 0 0 -1
outer loop
vertex 129.5 -123.99999999999997 0
vertex 89.96791111376207 -130.2855752193731 0
vertex 89.76794919243112 -130 0
endloop
endfacet
facet normal 0 0 -1
outer loop
vertex 129.5 -123.99999999999997 0
vertex 89.76794919243112 -130 0
vertex 89.6206147584282 -129.68404028665137 0
endloop
endfacet
facet normal 0 0 -1
outer loop
vertex 129.5 -123.99999999999997 0
vertex 89.6206147584282 -129.68404028665137 0
vertex 89.53038449397559 -129.34729635533384 0
endloop
endfacet
facet normal 0 0 -1
outer loop
vertex 129.5 -123.99999999999997 0
vertex 89.53038449397559 -129.34729635533384 0
vertex 89.5 -129 0
endloop
endfacet
facet normal 0 0 -1
outer loop
vertex 129.5 -123.99999999999997 0
vertex 89.5 -129 0
vertex 89.5 -123.99999999999997 0
endloop
endfacet
facet normal 0 0 -1
outer loop
vertex 220.7127635 -129.86133300000003 0
vertex 221.78040269051414 -129.86133300000003 0
vertex 222.01138299621854 -129.93911952727038 0
endloop
endfacet
facet normal 0 0 -1
outer loop
vertex 220.7127635 -129.86133300000003 0
vertex 222.01138299621854 -129.93911952727038 0
vertex 222.24898700000003 -130.056056 0
endloop
endfacet
facet normal 0 0 -1
outer loop
vertex 220.7127635 -129.86133300000003 0
vertex 222.24898700000003 -130.056056 0
vertex 229.13943384452116 -134.03425919999836 0
endloop
endfacet
facet normal 0 0 -1
outer loop
vertex 220.7127635 -129.86133300000003 0
vertex 229.13943384452116 -134.03425919999836 0
vertex 215.7375132999929 -134.03425919999836 0
endloop
endfacet
facet normal 0 0 -1
outer loop
vertex 220.7127635 -129.86133300000003 0
vertex 215.7375132999929 -134.03425919999836 0
vertex 172.14979925663363 -134.03425919999836 0
endloop
endfacet
facet normal 0 0 -1
outer loop
vertex 220.7127635 -129.86133300000003 0
vertex 172.14979925663363 -134.03425919999836 0
vertex 172.885598759512 -129.86133300000003 0
endloop
endfacet
facet normal 0 0 -1
outer loop
vertex 215.7375132999929 -134.03425919999836 0
vertex 215.44487781696924 -134.06308127939346 0
vertex 172.14471714622132 -134.06308127939346 0
endloop
endfacet
facet normal 0 0 -1
outer loop
vertex 215.7375132999929 -134.03425919999836 0
vertex 172.14471714622132 -134.06308127939346 0
vertex 172.14979925663363 -134.03425919999836 0
endloop
endfacet
facet normal 0 0 -1
outer loop
vertex 229.13943384452116 -134.03425919999836 0
vertex 229.18935512707924 -134.06308127939346 0
vertex 216.03014878301653 -134.06308127939346 0
endloop
endfacet
facet normal 0 0 -1
outer loop
vertex 229.13943384452116 -134.03425919999836 0
vertex 216.03014878301653 -134.06308127939346 0
vertex 215.7375132999929 -134.03425919999836 0
endloop
endfacet
facet normal 0 0 -1
outer loop
vertex 215.44487781696924 -134.06308127939346 0
vertex 215.16348815144178 -134.14843990123734 0
vertex 172.12966611763636 -134.14843990123734 0
endloop
endfacet
facet normal 0 0 -1
outer loop
vertex 215.44487781696924 -134.06308127939346 0
vertex 172.12966611763636 -134.14843990123734 0
vertex 172.14471714622132 -134.06308127939346 0
endloop
endfacet
facet normal 0 0 -1
outer loop
vertex 229.18935512707924 -134.06308127939346 0
vertex 229.3372005278715 -134.14843990123734 0
vertex 216.31153844855967 -134.14843990123734 0
endloop
endfacet
facet normal 0 0 -1
outer loop
vertex 229.18935512707924 -134.06308127939346 0
vertex 216.31153844855967 -134.14843990123734 0
vertex 216.03014878301653 -134.06308127939346 0
endloop
endfacet
facet normal 0 0 -1
outer loop
vertex 215.16348815144178 -134.14843990123734 0
vertex 214.904157950505 -134.2870547815318 0
vertex 172.1052245734719 -134.2870547815318 0
endloop
endfacet
facet normal 0 0 -1
outer loop
vertex 215.16348815144178 -134.14843990123734 0
vertex 172.1052245734719 -134.2870547815318 0
vertex 172.12966611763636 -134.14843990123734 0
endloop
endfacet
facet normal 0 0 -1
outer loop
vertex 229.3372005278715 -134.14843990123734 0
vertex 229.5772884310055 -134.2870547815318 0
vertex 216.5708686495065 -134.2870547815318 0
endloop
endfacet
facet normal 0 0 -1
outer loop
vertex 229.3372005278715 -134.14843990123734 0
vertex 216.5708686495065 -134.2870547815318 0
vertex 216.31153844855967 -134.14843990123734 0
endloop
endfacet
facet normal 0 0 -1
outer loop
vertex 214.904157950505 -134.2870547815318 0
vertex 214.6768531281783 -134.4735990282413 0
vertex 172.0723317885495 -134.4735990282413 0
endloop
endfacet
facet normal 0 0 -1
outer loop
vertex 214.904157950505 -134.2870547815318 0
vertex 172.0723317885495 -134.4735990282413 0
vertex 172.1052245734719 -134.2870547815318 0
endloop
endfacet
facet normal 0 0 -1
outer loop
vertex 229.5772884310055 -134.2870547815318 0
vertex 229.90039239314189 -134.4735990282413 0
vertex 216.7981734718002 -134.4735990282413 0
endloop
endfacet
facet normal 0 0 -1
outer loop
vertex 229.5772884310055 -134.2870547815318 0
vertex 216.7981734718002 -134.4735990282413 0
vertex 216.5708686495065 -134.2870547815318 0
endloop
endfacet
facet normal 0 0 -1
outer loop
vertex 214.6768531281783 -134.4735990282413 0
vertex 214.49030888159055 -134.70090385043983 0
vertex 172.0322518141719 -134.70090385043983 0
endloop
endfacet
facet normal 0 0 -1
outer loop
vertex 214.6768531281783 -134.4735990282413 0
vertex 172.0322518141719 -134.70090385043983 0
vertex 172.0723317885495 -134.4735990282413 0
endloop
endfacet
facet normal 0 0 -1
outer loop
vertex 229.90039239314189 -134.4735990282413 0
vertex 230.29409570997169 -134.70090385043983 0
vertex 216.98471771843157 -134.70090385043983 0
endloop
endfacet
facet normal 0 0 -1
outer loop
vertex 229.90039239314189 -134.4735990282413 0
vertex 216.98471771843157 -134.70090385043983 0
vertex 216.7981734718002 -134.4735990282413 0
endloop
endfacet
facet normal 0 0 -1
outer loop
vertex 214.49030888159055 -134.70090385043983 0
vertex 214.35169400120085 -134.9602340514792 0
vertex 171.98652490124297 -134.9602340514792 0
endloop
endfacet
facet normal 0 0 -1
outer loop
vertex 214.49030888159055 -134.70090385043983 0
vertex 171.98652490124297 -134.9602340514792 0
vertex 172.0322518141719 -134.70090385043983 0
endloop
endfacet
facet normal 0 0 -1
outer loop
vertex 230.29409570997169 -134.70090385043983 0
vertex 230.7432685841581 -134.9602340514792 0
vertex 217.12333259877548 -134.9602340514792 0
endloop
endfacet
facet normal 0 0 -1
outer loop
vertex 230.29409570997169 -134.70090385043983 0
vertex 217.12333259877548 -134.9602340514792 0
vertex 216.98471771843157 -134.70090385043983 0
endloop
endfacet
facet normal 0 0 -1
outer loop
vertex 214.35169400120085 -134.9602340514792 0
vertex 214.2663353794018 -135.24162371697986 0
vertex 171.93690830941574 -135.24162371697986 0
endloop
endfacet
facet normal 0 0 -1
outer loop
vertex 214.35169400120085 -134.9602340514792 0
vertex 171.93690830941574 -135.24162371697986 0
vertex 171.98652490124297 -134.9602340514792 0
endloop
endfacet
facet normal 0 0 -1
outer loop
vertex 230.7432685841581 -134.9602340514792 0
vertex 231.2306495537201 -135.24162371697986 0
vertex 217.20869122060648 -135.24162371697986 0
endloop
endfacet
facet normal 0 0 -1
outer loop
vertex 230.7432685841581 -134.9602340514792 0
vertex 217.20869122060648 -135.24162371697986 0
vertex 217.12333259877548 -134.9602340514792 0
endloop
endfacet
facet normal 0 0 -1
outer loop
vertex 214.2663353794018 -135.24162371697986 0
vertex 214.23751330000206 -135.53425919999003 0
vertex 171.88530877647324 -135.53425919999003 0
endloop
endfacet
facet normal 0 0 -1
outer loop
vertex 214.2663353794018 -135.24162371697986 0
vertex 171.88530877647324 -135.53425919999003 0
vertex 171.93690830941574 -135.24162371697986 0
endloop
endfacet
facet normal 0 0 -1
outer loop
vertex 231.2306495537201 -135.24162371697986 0
vertex 231.73750884147674 -135.53425919999003 0
vertex 217.23751330000027 -135.53425919999003 0
endloop
endfacet
facet normal 0 0 -1
outer loop
vertex 231.2306495537201 -135.24162371697986 0
vertex 217.23751330000027 -135.53425919999003 0
vertex 217.20869122060648 -135.24162371697986 0
endloop
endfacet
facet normal 0 0 -1
outer loop
vertex 214.23751330000206 -135.53425919999003 0
vertex 214.26633537939696 -135.82689468302627 0
vertex 171.83370924352613 -135.82689468302627 0
endloop
endfacet
facet normal 0 0 -1
outer loop
vertex 214.23751330000206 -135.53425919999003 0
vertex 171.83370924352613 -135.82689468302627 0
vertex 171.88530877647324 -135.53425919999003 0
endloop
endfacet
facet normal 0 0 -1
outer loop
vertex 231.73750884147674 -135.53425919999003 0
vertex 232.24436812927854 -135.82689468302627 0
vertex 217.20869122060392 -135.82689468302627 0
endloop
endfacet
facet normal 0 0 -1
outer loop
vertex 231.73750884147674 -135.53425919999003 0
vertex 217.20869122060392 -135.82689468302627 0
vertex 217.23751330000027 -135.53425919999003 0
endloop
endfacet
facet normal 0 0 -1
outer loop
vertex 214.26633537939696 -135.82689468302627 0
vertex 214.35169400124417 -136.10828434858283 0
vertex 171.78409265168904 -136.10828434858283 0
endloop
endfacet
facet normal 0 0 -1
outer loop
vertex 214.26633537939696 -135.82689468302627 0
vertex 171.78409265168904 -136.10828434858283 0
vertex 171.83370924352613 -135.82689468302627 0
endloop
endfacet
facet normal 0 0 -1
outer loop
vertex 232.24436812927854 -135.82689468302627 0
vertex 232.73174909893737 -136.10828434858283 0
vertex 217.12333259876502 -136.10828434858283 0
endloop
endfacet
facet normal 0 0 -1
outer loop
vertex 232.24436812927854 -135.82689468302627 0
vertex 217.12333259876502 -136.10828434858283 0
vertex 217.20869122060392 -135.82689468302627 0
endloop
endfacet
facet normal 0 0 -1
outer loop
vertex 214.35169400124417 -136.10828434858283 0
vertex 214.49030888152325 -136.3676145495009 0
vertex 171.74136356234257 -136.3676145495009 0
endloop
endfacet
facet normal 0 0 -1
outer loop
vertex 214.35169400124417 -136.10828434858283 0
vertex 171.74136356234257 -136.3676145495009 0
vertex 171.744970536693 -136.33015688047198 0
endloop
endfacet
facet normal 0 0 -1
outer loop
vertex 214.35169400124417 -136.10828434858283 0
vertex 171.744970536693 -136.33015688047198 0
vertex 171.74844089836577 -136.3104754820791 0
endloop
endfacet
facet normal 0 0 -1
outer loop
vertex 214.35169400124417 -136.10828434858283 0
vertex 171.74844089836577 -136.3104754820791 0
vertex 171.78409265168904 -136.10828434858283 0
endloop
endfacet
facet normal 0 0 -1
outer loop
vertex 232.73174909893737 -136.10828434858283 0
vertex 233.18092197291367 -136.3676145495009 0
vertex 216.98471771845408 -136.3676145495009 0
endloop
endfacet
facet normal 0 0 -1
outer loop
vertex 232.73174909893737 -136.10828434858283 0
vertex 216.98471771845408 -136.3676145495009 0
vertex 217.12333259876502 -136.10828434858283 0
endloop
endfacet
facet normal 0 0 -1
outer loop
vertex 214.49030888152325 -136.3676145495009 0
vertex 214.6768531282172 -136.5949193717757 0
vertex 171.71947531662616 -136.5949193717757 0
endloop
endfacet
facet normal 0 0 -1
outer loop
vertex 214.49030888152325 -136.3676145495009 0
vertex 171.71947531662616 -136.5949193717757 0
vertex 171.74136356234257 -136.3676145495009 0
endloop
endfacet
facet normal 0 0 -1
outer loop
vertex 233.18092197291367 -136.3676145495009 0
vertex 233.57462528987554 -136.5949193717757 0
vertex 216.79817347178817 -136.5949193717757 0
endloop
endfacet
facet normal 0 0 -1
outer loop
vertex 233.18092197291367 -136.3676145495009 0
vertex 216.79817347178817 -136.5949193717757 0
vertex 216.98471771845408 -136.3676145495009 0
endloop
endfacet
facet normal 0 0 -1
outer loop
vertex 214.6768531282172 -136.5949193717757 0
vertex 214.90415795046795 -136.78146361844992 0
vertex 171.72338515617787 -136.78146361844992 0
endloop
endfacet
facet normal 0 0 -1
outer loop
vertex 214.6768531282172 -136.5949193717757 0
vertex 171.72338515617787 -136.78146361844992 0
vertex 171.71488906917818 -136.64254658569558 0
endloop
endfacet
facet normal 0 0 -1
outer loop
vertex 214.6768531282172 -136.5949193717757 0
vertex 171.71488906917818 -136.64254658569558 0
vertex 171.71947531662616 -136.5949193717757 0
endloop
endfacet
facet normal 0 0 -1
outer loop
vertex 233.57462528987554 -136.5949193717757 0
vertex 233.89772925195084 -136.78146361844992 0
vertex 216.57086864952066 -136.78146361844992 0
endloop
endfacet
facet normal 0 0 -1
outer loop
vertex 233.57462528987554 -136.5949193717757 0
vertex 216.57086864952066 -136.78146361844992 0
vertex 216.79817347178817 -136.5949193717757 0
endloop
endfacet
facet normal 0 0 -1
outer loop
vertex 214.90415795046795 -136.78146361844992 0
vertex 215.16348815146588 -136.9200784987717 0
vertex 171.731862763706 -136.9200784987717 0
endloop
endfacet
facet normal 0 0 -1
outer loop
vertex 214.90415795046795 -136.78146361844992 0
vertex 171.731862763706 -136.9200784987717 0
vertex 171.72338515617787 -136.78146361844992 0
endloop
endfacet
facet normal 0 0 -1
outer loop
vertex 233.89772925195084 -136.78146361844992 0
vertex 234.13781715513215 -136.9200784987717 0
vertex 216.31153844855402 -136.9200784987717 0
endloop
endfacet
facet normal 0 0 -1
outer loop
vertex 233.89772925195084 -136.78146361844992 0
vertex 216.31153844855402 -136.9200784987717 0
vertex 216.57086864952066 -136.78146361844992 0
endloop
endfacet
facet normal 0 0 -1
outer loop
vertex 215.16348815146588 -136.9200784987717 0
vertex 215.44487781696787 -137.0054371206031 0
vertex 171.74505183000923 -137.0054371206031 0
endloop
endfacet
facet normal 0 0 -1
outer loop
vertex 215.16348815146588 -136.9200784987717 0
vertex 171.74505183000923 -137.0054371206031 0
vertex 171.73404738901596 -136.95579866803894 0
endloop
endfacet
facet normal 0 0 -1
outer loop
vertex 215.16348815146588 -136.9200784987717 0
vertex 171.73404738901596 -136.95579866803894 0
vertex 171.731862763706 -136.9200784987717 0
endloop
endfacet
facet normal 0 0 -1
outer loop
vertex 234.13781715513215 -136.9200784987717 0
vertex 234.2856625559028 -137.0054371206031 0
vertex 216.03014878302577 -137.0054371206031 0
endloop
endfacet
facet normal 0 0 -1
outer loop
vertex 234.13781715513215 -136.9200784987717 0
vertex 216.03014878302577 -137.0054371206031 0
vertex 216.31153844855402 -136.9200784987717 0
endloop
endfacet
facet normal 0 0 -1
outer loop
vertex 215.44487781696787 -137.0054371206031 0
vertex 215.73751330000124 -137.03425919999916 0
vertex 171.75144145046744 -137.03425919999916 0
endloop
endfacet
facet normal 0 0 -1
outer loop
vertex 215.44487781696787 -137.0054371206031 0
vertex 171.75144145046744 -137.03425919999916 0
vertex 171.74505183000923 -137.0054371206031 0
endloop
endfacet
facet normal 0 0 -1
outer loop
vertex 234.2856625559028 -137.0054371206031 0
vertex 234.33558383846253 -137.03425919999916 0
vertex 215.73751330000124 -137.03425919999916 0
endloop
endfacet
facet normal 0 0 -1
outer loop
vertex 234.2856625559028 -137.0054371206031 0
vertex 215.73751330000124 -137.03425919999916 0
vertex 216.03014878302577 -137.0054371206031 0
endloop
endfacet
facet normal 0 0 -1
outer loop
vertex 215.73751330000124 -137.03425919999916 0
vertex 234.33558383846253 -137.03425919999916 0
vertex 236.9714248 -138.55606340000003 0
endloop
endfacet
facet normal 0 0 -1
outer loop
vertex 215.73751330000124 -137.03425919999916 0
vertex 236.9714248 -138.55606340000003 0
vertex 237.25699695001035 -138.7560260924055 0
endloop
endfacet
facet normal 0 0 -1
outer loop
vertex 215.73751330000124 -137.03425919999916 0
vertex 237.25699695001035 -138.7560260924055 0
vertex 237.50350771661047 -139.00253972928107 0
endloop
endfacet
facet normal 0 0 -1
outer loop
vertex 215.73751330000124 -137.03425919999916 0
vertex 237.50350771661047 -139.00253972928107 0
vertex 237.70346708393075 -139.28811420754622 0
endloop
endfacet
facet normal 0 0 -1
outer loop
vertex 215.73751330000124 -137.03425919999916 0
vertex 237.70346708393075 -139.28811420754622 0
vertex 237.850799459999 -139.6040725943277 0
endloop
endfacet
facet normal 0 0 -1
outer loop
vertex 215.73751330000124 -137.03425919999916 0
vertex 237.850799459999 -139.6040725943277 0
vertex 237.94102827833444 -139.94081476804118 0
endloop
endfacet
facet normal 0 0 -1
outer loop
vertex 215.73751330000124 -137.03425919999916 0
vertex 237.94102827833444 -139.94081476804118 0
vertex 237.9714120145381 -140.28810910975997 0
endloop
endfacet
facet normal 0 0 -1
outer loop
vertex 215.73751330000124 -137.03425919999916 0
vertex 237.9714120145381 -140.28810910975997 0
vertex 237.94102748513404 -140.63540338208279 0
endloop
endfacet
facet normal 0 0 -1
outer loop
vertex 215.73751330000124 -137.03425919999916 0
vertex 237.94102748513404 -140.63540338208279 0
vertex 237.85079789769873 -140.9721453497184 0
endloop
endfacet
facet normal 0 0 -1
outer loop
vertex 215.73751330000124 -137.03425919999916 0
vertex 237.85079789769873 -140.9721453497184 0
vertex 237.70346960000015 -141.2881067999998 0
endloop
endfacet
facet normal 0 0 -1
outer loop
vertex 215.73751330000124 -137.03425919999916 0
vertex 237.70346960000015 -141.2881067999998 0
vertex 237.5435679564972 -141.56506459999997 0
endloop
endfacet
facet normal 0 0 -1
outer loop
vertex 215.73751330000124 -137.03425919999916 0
vertex 237.5435679564972 -141.56506459999997 0
vertex 190.95982064999998 -141.56506459999997 0
endloop
endfacet
facet normal 0 0 -1
outer loop
vertex 215.73751330000124 -137.03425919999916 0
vertex 190.95982064999998 -141.56506459999997 0
vertex 189.9160579531547 -141.56506459999997 0
endloop
endfacet
facet normal 0 0 -1
outer loop
vertex 215.73751330000124 -137.03425919999916 0
vertex 189.9160579531547 -141.56506459999997 0
vertex 173.36729019999999 -138.64707414999998 0
endloop
endfacet
facet normal 0 0 -1
outer loop
vertex 215.73751330000124 -137.03425919999916 0
vertex 173.36729019999999 -138.64707414999998 0
vertex 173.06344920143104 -138.5684958075629 0
endloop
endfacet
facet normal 0 0 -1
outer loop
vertex 215.73751330000124 -137.03425919999916 0
vertex 173.06344920143104 -138.5684958075629 0
vertex 172.7756414140174 -138.44335354525577 0
endloop
endfacet
facet normal 0 0 -1
outer loop
vertex 215.73751330000124 -137.03425919999916 0
vertex 172.7756414140174 -138.44335354525577 0
vertex 172.51095366621453 -138.27472880070567 0
endloop
endfacet
facet normal 0 0 -1
outer loop
vertex 215.73751330000124 -137.03425919999916 0
vertex 172.51095366621453 -138.27472880070567 0
vertex 172.27590349071397 -138.06677370144527 0
endloop
endfacet
facet normal 0 0 -1
outer loop
vertex 215.73751330000124 -137.03425919999916 0
vertex 172.27590349071397 -138.06677370144527 0
vertex 172.07627864012375 -137.82460882509392 0
endloop
endfacet
facet normal 0 0 -1
outer loop
vertex 215.73751330000124 -137.03425919999916 0
vertex 172.07627864012375 -137.82460882509392 0
vertex 171.91699457237667 -137.55419711293368 0
endloop
endfacet
facet normal 0 0 -1
outer loop
vertex 215.73751330000124 -137.03425919999916 0
vertex 171.91699457237667 -137.55419711293368 0
vertex 171.80197341506397 -137.26219704156085 0
endloop
endfacet
facet normal 0 0 -1
outer loop
vertex 215.73751330000124 -137.03425919999916 0
vertex 171.80197341506397 -137.26219704156085 0
vertex 171.75144145046744 -137.03425919999916 0
endloop
endfacet
facet normal 0 0 -1
outer loop
vertex 237.5435679564972 -141.56506459999997 0
vertex 237.535273561535 -141.57943091500928 0
vertex 191.0057899857134 -141.57943091500928 0
endloop
endfacet
facet normal 0 0 -1
outer loop
vertex 237.5435679564972 -141.56506459999997 0
vertex 191.0057899857134 -141.57943091500928 0
vertex 190.95982064999998 -141.56506459999997 0
endloop
endfacet
facet normal 0 0 -1
outer loop
vertex 237.535273561535 -141.57943091500928 0
vertex 237.52634115418934 -141.59490229999923 0
vertex 191.0514003249978 -141.59490229999923 0
endloop
endfacet
facet normal 0 0 -1
outer loop
vertex 237.535273561535 -141.57943091500928 0
vertex 191.0514003249978 -141.59490229999923 0
vertex 191.0057899857134 -141.57943091500928 0
endloop
endfacet
facet normal 0 0 -1
outer loop
vertex 190.95982064999998 -141.56506459999997 0
vertex 190.74972223429842 -141.60783919420172 0
vertex 190.53625209700417 -141.62787692542818 0
endloop
endfacet
facet normal 0 0 -1
outer loop
vertex 190.95982064999998 -141.56506459999997 0
vertex 190.53625209700417 -141.62787692542818 0
vertex 190.32186359758018 -141.62494750499292 0
endloop
endfacet
facet normal 0 0 -1
outer loop
vertex 190.95982064999998 -141.56506459999997 0
vertex 190.32186359758018 -141.62494750499292 0
vertex 190.10902130000017 -141.59908920000004 0
endloop
endfacet
facet normal 0 0 -1
outer loop
vertex 190.95982064999998 -141.56506459999997 0
vertex 190.10902130000017 -141.59908920000004 0
vertex 189.9160579531547 -141.56506459999997 0
endloop
endfacet
facet normal 0 0 -1
outer loop
vertex 237.52634115418934 -141.59490229999923 0
vertex 237.22619340861252 -142.11477350000004 0
vertex 192.52517070000002 -142.11477350000004 0
endloop
endfacet
facet normal 0 0 -1
outer loop
vertex 237.52634115418934 -141.59490229999923 0
vertex 192.52517070000002 -142.11477350000004 0
vertex 191.0514003249978 -141.59490229999923 0
endloop
endfacet
facet normal 0 0 -1
outer loop
vertex 237.22619340861252 -142.11477350000004 0
vertex 233.8634955248952 -147.9391377 0
vertex 210.32974305000005 -147.9391377 0
endloop
endfacet
facet normal 0 0 -1
outer loop
vertex 237.22619340861252 -142.11477350000004 0
vertex 210.32974305000005 -147.9391377 0
vertex 208.47695947084182 -147.9391377 0
endloop
endfacet
facet normal 0 0 -1
outer loop
vertex 237.22619340861252 -142.11477350000004 0
vertex 208.47695947084182 -147.9391377 0
vertex 192.7657703499993 -142.22073174999977 0
endloop
endfacet
facet normal 0 0 -1
outer loop
vertex 237.22619340861252 -142.11477350000004 0
vertex 192.7657703499993 -142.22073174999977 0
vertex 192.64372741711247 -142.171709372241 0
endloop
endfacet
facet normal 0 0 -1
outer loop
vertex 237.22619340861252 -142.11477350000004 0
vertex 192.64372741711247 -142.171709372241 0
vertex 192.52517070000002 -142.11477350000004 0
endloop
endfacet
facet normal 0 0 -1
outer loop
vertex 210.32974305000005 -147.9391377 0
vertex 210.07872586490345 -148.04568976346954 0
vertex 209.81554763099035 -148.11710535446687 0
endloop
endfacet
facet normal 0 0 -1
outer loop
vertex 210.32974305000005 -147.9391377 0
vertex 209.81554763099035 -148.11710535446687 0
vertex 209.54510102700195 -148.1520568041395 0
endloop
endfacet
facet normal 0 0 -1
outer loop
vertex 210.32974305000005 -147.9391377 0
vertex 209.54510102700195 -148.1520568041395 0
vertex 209.2724138560747 -148.14989433909142 0
endloop
endfacet
facet normal 0 0 -1
outer loop
vertex 210.32974305000005 -147.9391377 0
vertex 209.2724138560747 -148.14989433909142 0
vertex 209.00255557514913 -148.11065816115314 0
endloop
endfacet
facet normal 0 0 -1
outer loop
vertex 210.32974305000005 -147.9391377 0
vertex 209.00255557514913 -148.11065816115314 0
vertex 208.74054610000027 -148.0350754000001 0
endloop
endfacet
facet normal 0 0 -1
outer loop
vertex 210.32974305000005 -147.9391377 0
vertex 208.74054610000027 -148.0350754000001 0
vertex 208.47695947084182 -147.9391377 0
endloop
endfacet
facet normal 0 0 -1
outer loop
vertex 233.8634955248952 -147.9391377 0
vertex 228.70347440000006 -156.87655739999997 0
vertex 228.5257161372533 -157.13520053552446 0
endloop
endfacet
facet normal 0 0 -1
outer loop
vertex 233.8634955248952 -147.9391377 0
vertex 228.5257161372533 -157.13520053552446 0
vertex 228.30968549192093 -157.36285165413798 0
endloop
endfacet
facet normal 0 0 -1
outer loop
vertex 233.8634955248952 -147.9391377 0
vertex 228.30968549192093 -157.36285165413798 0
vertex 228.0607019092627 -157.553905173068 0
endloop
endfacet
facet normal 0 0 -1
outer loop
vertex 233.8634955248952 -147.9391377 0
vertex 228.0607019092627 -157.553905173068 0
vertex 227.78489625342812 -157.7036566730217 0
endloop
endfacet
facet normal 0 0 -1
outer loop
vertex 233.8634955248952 -147.9391377 0
vertex 227.78489625342812 -157.7036566730217 0
vertex 227.489059843706 -157.8084187377746 0
endloop
endfacet
facet normal 0 0 -1
outer loop
vertex 233.8634955248952 -147.9391377 0
vertex 227.489059843706 -157.8084187377746 0
vertex 227.18047722801265 -157.86561175151394 0
endloop
endfacet
facet normal 0 0 -1
outer loop
vertex 233.8634955248952 -147.9391377 0
vertex 227.18047722801265 -157.86561175151394 0
vertex 226.866746811333 -157.87382741818345 0
endloop
endfacet
facet normal 0 0 -1
outer loop
vertex 233.8634955248952 -147.9391377 0
vertex 226.866746811333 -157.87382741818345 0
vertex 226.55559375587922 -157.8328634387572 0
endloop
endfacet
facet normal 0 0 -1
outer loop
vertex 233.8634955248952 -147.9391377 0
vertex 226.55559375587922 -157.8328634387572 0
vertex 226.25467976003404 -157.74372849256335 0
endloop
endfacet
facet normal 0 0 -1
outer loop
vertex 233.8634955248952 -147.9391377 0
vertex 226.25467976003404 -157.74372849256335 0
vertex 225.9714188 -157.60861479999997 0
endloop
endfacet
facet normal 0 0 -1
outer loop
vertex 233.8634955248952 -147.9391377 0
vertex 225.9714188 -157.60861479999997 0
vertex 211.24898652499974 -149.10861384999987 0
endloop
endfacet
facet normal 0 0 -1
outer loop
vertex 233.8634955248952 -147.9391377 0
vertex 211.24898652499974 -149.10861384999987 0
vertex 210.99761483160535 -148.93671107007648 0
endloop
endfacet
facet normal 0 0 -1
outer loop
vertex 233.8634955248952 -147.9391377 0
vertex 210.99761483160535 -148.93671107007648 0
vertex 210.77525588919866 -148.72863705748176 0
endloop
endfacet
facet normal 0 0 -1
outer loop
vertex 233.8634955248952 -147.9391377 0
vertex 210.77525588919866 -148.72863705748176 0
vertex 210.5870649950226 -148.4892159194536 0
endloop
endfacet
facet normal 0 0 -1
outer loop
vertex 233.8634955248952 -147.9391377 0
vertex 210.5870649950226 -148.4892159194536 0
vertex 210.43740527469475 -148.2239985329635 0
endloop
endfacet
facet normal 0 0 -1
outer loop
vertex 233.8634955248952 -147.9391377 0
vertex 210.43740527469475 -148.2239985329635 0
vertex 210.32974305000005 -147.9391377 0
endloop
endfacet
facet normal 0 0 1
outer loop
vertex 209.81554763099072 -148.1171053544668 1.6
vertex 210.0787258649038 -148.0456897634694 1.6
vertex 210.32974305 -147.93913770000003 1.6
endloop
endfacet
facet normal 0 0 1
outer loop
vertex 209.81554763099072 -148.1171053544668 1.6
vertex 210.32974305 -147.93913770000003 1.6
vertex 208.47695947084185 -147.93913770000003 1.6
endloop
endfacet
facet normal 0 0 1
outer loop
vertex 209.81554763099072 -148.1171053544668 1.6
vertex 208.47695947084185 -147.93913770000003 1.6
vertex 208.7405461 -148.0350754 1.6
endloop
endfacet
facet normal 0 0 1
outer loop
vertex 209.81554763099072 -148.1171053544668 1.6
vertex 208.7405461 -148.0350754 1.6
vertex 209.0025555751492 -148.11065816115317 1.6
endloop
endfacet
facet normal 0 0 1
outer loop
vertex 209.81554763099072 -148.1171053544668 1.6
vertex 209.0025555751492 -148.11065816115317 1.6
vertex 209.27241385607465 -148.14989433909142 1.6
endloop
endfacet
facet normal 0 0 1
outer loop
vertex 209.81554763099072 -148.1171053544668 1.6
vertex 209.27241385607465 -148.14989433909142 1.6
vertex 209.54510102700178 -148.1520568041395 1.6
endloop
endfacet
facet normal 0 0 1
outer loop
vertex 227.18047722801265 -157.8656117515139 1.6
vertex 227.4890598437061 -157.80841873777453 1.6
vertex 227.78489625342834 -157.70365667302158 1.6
endloop
endfacet
facet normal 0 0 1
outer loop
vertex 227.18047722801265 -157.8656117515139 1.6
vertex 227.78489625342834 -157.70365667302158 1.6
vertex 228.06070190926255 -157.55390517306805 1.6
endloop
endfacet
facet normal 0 0 1
outer loop
vertex 227.18047722801265 -157.8656117515139 1.6
vertex 228.06070190926255 -157.55390517306805 1.6
vertex 228.30968549192104 -157.36285165413784 1.6
endloop
endfacet
facet normal 0 0 1
outer loop
vertex 227.18047722801265 -157.8656117515139 1.6
vertex 228.30968549192104 -157.36285165413784 1.6
vertex 228.5257161372533 -157.13520053552443 1.6
endloop
endfacet
facet normal 0 0 1
outer loop
vertex 227.18047722801265 -157.8656117515139 1.6
vertex 228.5257161372533 -157.13520053552443 1.6
vertex 228.70347440000006 -156.8765573999999 1.6
endloop
endfacet
facet normal 0 0 1
outer loop
vertex 227.18047722801265 -157.8656117515139 1.6
vertex 228.70347440000006 -156.8765573999999 1.6
vertex 233.86349552489523 -147.93913770000003 1.6
endloop
endfacet
facet normal 0 0 1
outer loop
vertex 227.18047722801265 -157.8656117515139 1.6
vertex 233.86349552489523 -147.93913770000003 1.6
vertex 210.32974305 -147.93913770000003 1.6
endloop
endfacet
facet normal 0 0 1
outer loop
vertex 227.18047722801265 -157.8656117515139 1.6
vertex 210.32974305 -147.93913770000003 1.6
vertex 210.43740527469467 -148.22399853296332 1.6
endloop
endfacet
facet normal 0 0 1
outer loop
vertex 227.18047722801265 -157.8656117515139 1.6
vertex 210.43740527469467 -148.22399853296332 1.6
vertex 210.58706499502256 -148.48921591945356 1.6
endloop
endfacet
facet normal 0 0 1
outer loop
vertex 227.18047722801265 -157.8656117515139 1.6
vertex 210.58706499502256 -148.48921591945356 1.6
vertex 210.77525588919863 -148.72863705748173 1.6
endloop
endfacet
facet normal 0 0 1
outer loop
vertex 227.18047722801265 -157.8656117515139 1.6
vertex 210.77525588919863 -148.72863705748173 1.6
vertex 210.99761483160535 -148.93671107007646 1.6
endloop
endfacet
facet normal 0 0 1
outer loop
vertex 227.18047722801265 -157.8656117515139 1.6
vertex 210.99761483160535 -148.93671107007646 1.6
vertex 211.248986525 -149.10861385 1.6
endloop
endfacet
facet normal 0 0 1
outer loop
vertex 227.18047722801265 -157.8656117515139 1.6
vertex 211.248986525 -149.10861385 1.6
vertex 225.97141880000007 -157.6086148 1.6
endloop
endfacet
facet normal 0 0 1
outer loop
vertex 227.18047722801265 -157.8656117515139 1.6
vertex 225.97141880000007 -157.6086148 1.6
vertex 226.25467976003398 -157.74372849256332 1.6
endloop
endfacet
facet normal 0 0 1
outer loop
vertex 227.18047722801265 -157.8656117515139 1.6
vertex 226.25467976003398 -157.74372849256332 1.6
vertex 226.55559375587924 -157.83286343875716 1.6
endloop
endfacet
facet normal 0 0 1
outer loop
vertex 227.18047722801265 -157.8656117515139 1.6
vertex 226.55559375587924 -157.83286343875716 1.6
vertex 226.86674681133317 -157.87382741818342 1.6
endloop
endfacet
facet normal 0 0 1
outer loop
vertex 210.32974305 -147.93913770000003 1.6
vertex 233.86349552489523 -147.93913770000003 1.6
vertex 237.2261934086126 -142.11477349999996 1.6
endloop
endfacet
facet normal 0 0 1
outer loop
vertex 210.32974305 -147.93913770000003 1.6
vertex 237.2261934086126 -142.11477349999996 1.6
vertex 192.52517069999988 -142.11477349999996 1.6
endloop
endfacet
facet normal 0 0 1
outer loop
vertex 210.32974305 -147.93913770000003 1.6
vertex 192.52517069999988 -142.11477349999996 1.6
vertex 192.6437274171126 -142.171709372241 1.6
endloop
endfacet
facet normal 0 0 1
outer loop
vertex 210.32974305 -147.93913770000003 1.6
vertex 192.6437274171126 -142.171709372241 1.6
vertex 192.7657703500006 -142.22073175000023 1.6
endloop
endfacet
facet normal 0 0 1
outer loop
vertex 210.32974305 -147.93913770000003 1.6
vertex 192.7657703500006 -142.22073175000023 1.6
vertex 208.47695947084185 -147.93913770000003 1.6
endloop
endfacet
facet normal 0 0 1
outer loop
vertex 237.2261934086126 -142.11477349999996 1.6
vertex 237.5263411541891 -141.59490229999966 1.6
vertex 191.05140032499907 -141.59490229999966 1.6
endloop
endfacet
facet normal 0 0 1
outer loop
vertex 237.2261934086126 -142.11477349999996 1.6
vertex 191.05140032499907 -141.59490229999966 1.6
vertex 192.52517069999988 -142.11477349999996 1.6
endloop
endfacet
facet normal 0 0 1
outer loop
vertex 237.5263411541891 -141.59490229999966 1.6
vertex 237.53527356153512 -141.57943091500914 1.6
vertex 191.005789985713 -141.57943091500914 1.6
endloop
endfacet
facet normal 0 0 1
outer loop
vertex 237.5263411541891 -141.59490229999966 1.6
vertex 191.005789985713 -141.57943091500914 1.6
vertex 191.05140032499907 -141.59490229999966 1.6
endloop
endfacet
facet normal 0 0 1
outer loop
vertex 190.74972223429856 -141.60783919420172 1.6
vertex 190.95982064999998 -141.5650646 1.6
vertex 189.91605795315493 -141.5650646 1.6
endloop
endfacet
facet normal 0 0 1
outer loop
vertex 190.74972223429856 -141.60783919420172 1.6
vertex 189.91605795315493 -141.5650646 1.6
vertex 190.1090213000007 -141.59908920000012 1.6
endloop
endfacet
facet normal 0 0 1
outer loop
vertex 190.74972223429856 -141.60783919420172 1.6
vertex 190.1090213000007 -141.59908920000012 1.6
vertex 190.32186359757992 -141.62494750499292 1.6
endloop
endfacet
facet normal 0 0 1
outer loop
vertex 190.74972223429856 -141.60783919420172 1.6
vertex 190.32186359757992 -141.62494750499292 1.6
vertex 190.5362520970042 -141.62787692542818 1.6
endloop
endfacet
facet normal 0 0 1
outer loop
vertex 237.53527356153512 -141.57943091500914 1.6
vertex 237.54356795649724 -141.5650646 1.6
vertex 190.95982064999998 -141.5650646 1.6
endloop
endfacet
facet normal 0 0 1
outer loop
vertex 237.53527356153512 -141.57943091500914 1.6
vertex 190.95982064999998 -141.5650646 1.6
vertex 191.005789985713 -141.57943091500914 1.6
endloop
endfacet
facet normal 0 0 1
outer loop
vertex 190.95982064999998 -141.5650646 1.6
vertex 237.54356795649724 -141.5650646 1.6
vertex 237.70346959999992 -141.28810680000024 1.6
endloop
endfacet
facet normal 0 0 1
outer loop
vertex 190.95982064999998 -141.5650646 1.6
vertex 237.70346959999992 -141.28810680000024 1.6
vertex 237.85079789769867 -140.97214534971846 1.6
endloop
endfacet
facet normal 0 0 1
outer loop
vertex 190.95982064999998 -141.5650646 1.6
vertex 237.85079789769867 -140.97214534971846 1.6
vertex 237.94102748513407 -140.63540338208253 1.6
endloop
endfacet
facet normal 0 0 1
outer loop
vertex 190.95982064999998 -141.5650646 1.6
vertex 237.94102748513407 -140.63540338208253 1.6
vertex 237.9714120145381 -140.28810910975994 1.6
endloop
endfacet
facet normal 0 0 1
outer loop
vertex 190.95982064999998 -141.5650646 1.6
vertex 237.9714120145381 -140.28810910975994 1.6
vertex 237.94102827833444 -139.94081476804118 1.6
endloop
endfacet
facet normal 0 0 1
outer loop
vertex 190.95982064999998 -141.5650646 1.6
vertex 237.94102827833444 -139.94081476804118 1.6
vertex 237.85079945999902 -139.6040725943278 1.6
endloop
endfacet
facet normal 0 0 1
outer loop
vertex 190.95982064999998 -141.5650646 1.6
vertex 237.85079945999902 -139.6040725943278 1.6
vertex 237.70346708393072 -139.28811420754613 1.6
endloop
endfacet
facet normal 0 0 1
outer loop
vertex 190.95982064999998 -141.5650646 1.6
vertex 237.70346708393072 -139.28811420754613 1.6
vertex 237.50350771661064 -139.00253972928127 1.6
endloop
endfacet
facet normal 0 0 1
outer loop
vertex 190.95982064999998 -141.5650646 1.6
vertex 237.50350771661064 -139.00253972928127 1.6
vertex 237.25699695001032 -138.7560260924055 1.6
endloop
endfacet
facet normal 0 0 1
outer loop
vertex 190.95982064999998 -141.5650646 1.6
vertex 237.25699695001032 -138.7560260924055 1.6
vertex 236.97142479999985 -138.5560633999999 1.6
endloop
endfacet
facet normal 0 0 1
outer loop
vertex 190.95982064999998 -141.5650646 1.6
vertex 236.97142479999985 -138.5560633999999 1.6
vertex 236.0676338364439 -138.03425919999992 1.6
endloop
endfacet
facet normal 0 0 1
outer loop
vertex 190.95982064999998 -141.5650646 1.6
vertex 236.0676338364439 -138.03425919999992 1.6
vertex 215.73751329999706 -138.03425919999992 1.6
endloop
endfacet
facet normal 0 0 1
outer loop
vertex 190.95982064999998 -141.5650646 1.6
vertex 215.73751329999706 -138.03425919999992 1.6
vertex 172.24910066698976 -138.03425919999992 1.6
endloop
endfacet
facet normal 0 0 1
outer loop
vertex 190.95982064999998 -141.5650646 1.6
vertex 172.24910066698976 -138.03425919999992 1.6
vertex 172.27590349071392 -138.0667737014452 1.6
endloop
endfacet
facet normal 0 0 1
outer loop
vertex 190.95982064999998 -141.5650646 1.6
vertex 172.27590349071392 -138.0667737014452 1.6
vertex 172.51095366621465 -138.27472880070576 1.6
endloop
endfacet
facet normal 0 0 1
outer loop
vertex 190.95982064999998 -141.5650646 1.6
vertex 172.51095366621465 -138.27472880070576 1.6
vertex 172.77564141401726 -138.4433535452557 1.6
endloop
endfacet
facet normal 0 0 1
outer loop
vertex 190.95982064999998 -141.5650646 1.6
vertex 172.77564141401726 -138.4433535452557 1.6
vertex 173.0634492014312 -138.56849580756295 1.6
endloop
endfacet
facet normal 0 0 1
outer loop
vertex 190.95982064999998 -141.5650646 1.6
vertex 173.0634492014312 -138.56849580756295 1.6
vertex 173.3672901999998 -138.64707414999992 1.6
endloop
endfacet
facet normal 0 0 1
outer loop
vertex 190.95982064999998 -141.5650646 1.6
vertex 173.3672901999998 -138.64707414999992 1.6
vertex 189.91605795315493 -141.5650646 1.6
endloop
endfacet
facet normal 0 0 1
outer loop
vertex 215.73751329999706 -138.03425919999992 1.6
vertex 215.2497874949501 -137.98622240100735 1.6
vertex 172.2095022786264 -137.98622240100735 1.6
endloop
endfacet
facet normal 0 0 1
outer loop
vertex 215.73751329999706 -138.03425919999992 1.6
vertex 172.2095022786264 -137.98622240100735 1.6
vertex 172.24910066698976 -138.03425919999992 1.6
endloop
endfacet
facet normal 0 0 1
outer loop
vertex 236.0676338364439 -138.03425919999992 1.6
vertex 235.98443169884584 -137.98622240100735 1.6
vertex 216.22523910504412 -137.98622240100735 1.6
endloop
endfacet
facet normal 0 0 1
outer loop
vertex 236.0676338364439 -138.03425919999992 1.6
vertex 216.22523910504412 -137.98622240100735 1.6
vertex 215.73751329999706 -138.03425919999992 1.6
endloop
endfacet
facet normal 0 0 1
outer loop
vertex 215.2497874949501 -137.98622240100735 1.6
vertex 214.78080471909203 -137.84395803128183 1.6
vertex 172.09222885739925 -137.84395803128183 1.6
endloop
endfacet
facet normal 0 0 1
outer loop
vertex 215.2497874949501 -137.98622240100735 1.6
vertex 172.09222885739925 -137.84395803128183 1.6
vertex 172.2095022786264 -137.98622240100735 1.6
endloop
endfacet
facet normal 0 0 1
outer loop
vertex 235.98443169884584 -137.98622240100735 1.6
vertex 235.73802269755012 -137.84395803128183 1.6
vertex 216.69422188090886 -137.84395803128183 1.6
endloop
endfacet
facet normal 0 0 1
outer loop
vertex 235.98443169884584 -137.98622240100735 1.6
vertex 216.69422188090886 -137.84395803128183 1.6
vertex 216.22523910504412 -137.98622240100735 1.6
endloop
endfacet
facet normal 0 0 1
outer loop
vertex 214.78080471909203 -137.84395803128183 1.6
vertex 214.34858771747614 -137.61293323077086 1.6
vertex 171.95159265874665 -137.61293323077086 1.6
endloop
endfacet
facet normal 0 0 1
outer loop
vertex 214.78080471909203 -137.84395803128183 1.6
vertex 171.95159265874665 -137.61293323077086 1.6
vertex 172.0762786401237 -137.82460882509386 1.6
endloop
endfacet
facet normal 0 0 1
outer loop
vertex 214.78080471909203 -137.84395803128183 1.6
vertex 172.0762786401237 -137.82460882509386 1.6
vertex 172.09222885739925 -137.84395803128183 1.6
endloop
endfacet
facet normal 0 0 1
outer loop
vertex 235.73802269755012 -137.84395803128183 1.6
vertex 235.33787619229176 -137.61293323077086 1.6
vertex 217.12643888252506 -137.61293323077086 1.6
endloop
endfacet
facet normal 0 0 1
outer loop
vertex 235.73802269755012 -137.84395803128183 1.6
vertex 217.12643888252506 -137.61293323077086 1.6
vertex 216.69422188090886 -137.84395803128183 1.6
endloop
endfacet
facet normal 0 0 1
outer loop
vertex 214.34858771747614 -137.61293323077086 1.6
vertex 213.96974634702437 -137.30202615295266 1.6
vertex 171.81766241974634 -137.30202615295266 1.6
endloop
endfacet
facet normal 0 0 1
outer loop
vertex 214.34858771747614 -137.61293323077086 1.6
vertex 171.81766241974634 -137.30202615295266 1.6
vertex 171.91699457237667 -137.5541971129337 1.6
endloop
endfacet
facet normal 0 0 1
outer loop
vertex 214.34858771747614 -137.61293323077086 1.6
vertex 171.91699457237667 -137.5541971129337 1.6
vertex 171.95159265874665 -137.61293323077086 1.6
endloop
endfacet
facet normal 0 0 1
outer loop
vertex 235.33787619229176 -137.61293323077086 1.6
vertex 234.79936958878477 -137.30202615295266 1.6
vertex 217.50528025298212 -137.30202615295266 1.6
endloop
endfacet
facet normal 0 0 1
outer loop
vertex 235.33787619229176 -137.61293323077086 1.6
vertex 217.50528025298212 -137.30202615295266 1.6
vertex 217.12643888252506 -137.61293323077086 1.6
endloop
endfacet
facet normal 0 0 1
outer loop
vertex 213.96974634702437 -137.30202615295266 1.6
vertex 213.65883926922902 -136.9231847825526 1.6
vertex 171.73205274226174 -136.9231847825526 1.6
endloop
endfacet
facet normal 0 0 1
outer loop
vertex 213.96974634702437 -137.30202615295266 1.6
vertex 171.73205274226174 -136.9231847825526 1.6
vertex 171.73404738901596 -136.95579866803885 1.6
endloop
endfacet
facet normal 0 0 1
outer loop
vertex 213.96974634702437 -137.30202615295266 1.6
vertex 171.73404738901596 -136.95579866803885 1.6
vertex 171.80197341506397 -137.26219704156082 1.6
endloop
endfacet
facet normal 0 0 1
outer loop
vertex 213.96974634702437 -137.30202615295266 1.6
vertex 171.80197341506397 -137.26219704156082 1.6
vertex 171.81766241974634 -137.30202615295266 1.6
endloop
endfacet
facet normal 0 0 1
outer loop
vertex 234.79936958878477 -137.30202615295266 1.6
vertex 234.1431973939486 -136.9231847825526 1.6
vertex 217.81618733075481 -136.9231847825526 1.6
endloop
endfacet
facet normal 0 0 1
outer loop
vertex 234.79936958878477 -137.30202615295266 1.6
vertex 217.81618733075481 -136.9231847825526 1.6
vertex 217.50528025298212 -137.30202615295266 1.6
endloop
endfacet
facet normal 0 0 1
outer loop
vertex 213.65883926922902 -136.9231847825526 1.6
vertex 213.42781446871626 -136.49096778091206 1.6
vertex 171.72948530207503 -136.49096778091206 1.6
endloop
endfacet
facet normal 0 0 1
outer loop
vertex 213.65883926922902 -136.9231847825526 1.6
vertex 171.72948530207503 -136.49096778091206 1.6
vertex 171.71488906917818 -136.64254658569544 1.6
endloop
endfacet
facet normal 0 0 1
outer loop
vertex 213.65883926922902 -136.9231847825526 1.6
vertex 171.71488906917818 -136.64254658569544 1.6
vertex 171.73205274226174 -136.9231847825526 1.6
endloop
endfacet
facet normal 0 0 1
outer loop
vertex 234.1431973939486 -136.9231847825526 1.6
vertex 233.39457593713016 -136.49096778091206 1.6
vertex 218.04721213127894 -136.49096778091206 1.6
endloop
endfacet
facet normal 0 0 1
outer loop
vertex 234.1431973939486 -136.9231847825526 1.6
vertex 218.04721213127894 -136.49096778091206 1.6
vertex 217.81618733075481 -136.9231847825526 1.6
endloop
endfacet
facet normal 0 0 1
outer loop
vertex 213.42781446871626 -136.49096778091206 1.6
vertex 213.2855500989949 -136.02198500504417 1.6
vertex 171.79930955489584 -136.02198500504417 1.6
endloop
endfacet
facet normal 0 0 1
outer loop
vertex 213.42781446871626 -136.49096778091206 1.6
vertex 171.79930955489584 -136.02198500504417 1.6
vertex 171.74844089836577 -136.3104754820791 1.6
endloop
endfacet
facet normal 0 0 1
outer loop
vertex 213.42781446871626 -136.49096778091206 1.6
vertex 171.74844089836577 -136.3104754820791 1.6
vertex 171.74497053669296 -136.3301568804721 1.6
endloop
endfacet
facet normal 0 0 1
outer loop
vertex 213.42781446871626 -136.49096778091206 1.6
vertex 171.74497053669296 -136.3301568804721 1.6
vertex 171.72948530207503 -136.49096778091206 1.6
endloop
endfacet
facet normal 0 0 1
outer loop
vertex 233.39457593713016 -136.49096778091206 1.6
vertex 232.58227432113554 -136.02198500504417 1.6
vertex 218.18947650100748 -136.02198500504417 1.6
endloop
endfacet
facet normal 0 0 1
outer loop
vertex 233.39457593713016 -136.49096778091206 1.6
vertex 218.18947650100748 -136.02198500504417 1.6
vertex 218.04721213127894 -136.49096778091206 1.6
endloop
endfacet
facet normal 0 0 1
outer loop
vertex 213.2855500989949 -136.02198500504417 1.6
vertex 213.23751330000053 -135.53425919999992 1.6
vertex 171.88530877647148 -135.53425919999992 1.6
endloop
endfacet
facet normal 0 0 1
outer loop
vertex 213.2855500989949 -136.02198500504417 1.6
vertex 171.88530877647148 -135.53425919999992 1.6
vertex 171.79930955489584 -136.02198500504417 1.6
endloop
endfacet
facet normal 0 0 1
outer loop
vertex 232.58227432113554 -136.02198500504417 1.6
vertex 231.73750884149385 -135.53425919999992 1.6
vertex 218.2375132999998 -135.53425919999992 1.6
endloop
endfacet
facet normal 0 0 1
outer loop
vertex 232.58227432113554 -136.02198500504417 1.6
vertex 218.2375132999998 -135.53425919999992 1.6
vertex 218.18947650100748 -136.02198500504417 1.6
endloop
endfacet
facet normal 0 0 1
outer loop
vertex 213.23751330000053 -135.53425919999992 1.6
vertex 213.28555009899168 -135.04653339497287 1.6
vertex 171.9713079980441 -135.04653339497287 1.6
endloop
endfacet
facet normal 0 0 1
outer loop
vertex 213.23751330000053 -135.53425919999992 1.6
vertex 171.9713079980441 -135.04653339497287 1.6
vertex 171.88530877647148 -135.53425919999992 1.6
endloop
endfacet
facet normal 0 0 1
outer loop
vertex 231.73750884149385 -135.53425919999992 1.6
vertex 230.89274336188197 -135.04653339497287 1.6
vertex 218.18947650100992 -135.04653339497287 1.6
endloop
endfacet
facet normal 0 0 1
outer loop
vertex 231.73750884149385 -135.53425919999992 1.6
vertex 218.18947650100992 -135.04653339497287 1.6
vertex 218.2375132999998 -135.53425919999992 1.6
endloop
endfacet
facet normal 0 0 1
outer loop
vertex 213.28555009899168 -135.04653339497287 1.6
vertex 213.4278144687233 -134.57755061907793 1.6
vertex 172.05400231776684 -134.57755061907793 1.6
endloop
endfacet
facet normal 0 0 1
outer loop
vertex 213.28555009899168 -135.04653339497287 1.6
vertex 172.05400231776684 -134.57755061907793 1.6
vertex 171.9713079980441 -135.04653339497287 1.6
endloop
endfacet
facet normal 0 0 1
outer loop
vertex 230.89274336188197 -135.04653339497287 1.6
vertex 230.08044174584046 -134.57755061907793 1.6
vertex 218.04721213127326 -134.57755061907793 1.6
endloop
endfacet
facet normal 0 0 1
outer loop
vertex 230.89274336188197 -135.04653339497287 1.6
vertex 218.04721213127326 -134.57755061907793 1.6
vertex 218.18947650100992 -135.04653339497287 1.6
endloop
endfacet
facet normal 0 0 1
outer loop
vertex 213.4278144687233 -134.57755061907793 1.6
vertex 213.65883926924226 -134.1453336174689 1.6
vertex 172.1302138392933 -134.1453336174689 1.6
endloop
endfacet
facet normal 0 0 1
outer loop
vertex 213.4278144687233 -134.57755061907793 1.6
vertex 172.1302138392933 -134.1453336174689 1.6
vertex 172.05400231776684 -134.57755061907793 1.6
endloop
endfacet
facet normal 0 0 1
outer loop
vertex 230.08044174584046 -134.57755061907793 1.6
vertex 229.33182028907666 -134.1453336174689 1.6
vertex 217.81618733076596 -134.1453336174689 1.6
endloop
endfacet
facet normal 0 0 1
outer loop
vertex 230.08044174584046 -134.57755061907793 1.6
vertex 217.81618733076596 -134.1453336174689 1.6
vertex 218.04721213127326 -134.57755061907793 1.6
endloop
endfacet
facet normal 0 0 1
outer loop
vertex 213.65883926924226 -134.1453336174689 1.6
vertex 213.96974634703827 -133.76649224701018 1.6
vertex 172.19701379661186 -133.76649224701018 1.6
endloop
endfacet
facet normal 0 0 1
outer loop
vertex 213.65883926924226 -134.1453336174689 1.6
vertex 172.19701379661186 -133.76649224701018 1.6
vertex 172.1302138392933 -134.1453336174689 1.6
endloop
endfacet
facet normal 0 0 1
outer loop
vertex 229.33182028907666 -134.1453336174689 1.6
vertex 228.67564809413886 -133.76649224701018 1.6
vertex 217.50528025294204 -133.76649224701018 1.6
endloop
endfacet
facet normal 0 0 1
outer loop
vertex 229.33182028907666 -134.1453336174689 1.6
vertex 217.50528025294204 -133.76649224701018 1.6
vertex 217.81618733076596 -134.1453336174689 1.6
endloop
endfacet
facet normal 0 0 1
outer loop
vertex 213.96974634703827 -133.76649224701018 1.6
vertex 214.34858771744186 -133.4555851692428 1.6
vertex 172.25183510480144 -133.4555851692428 1.6
endloop
endfacet
facet normal 0 0 1
outer loop
vertex 213.96974634703827 -133.76649224701018 1.6
vertex 172.25183510480144 -133.4555851692428 1.6
vertex 172.19701379661186 -133.76649224701018 1.6
endloop
endfacet
facet normal 0 0 1
outer loop
vertex 228.67564809413886 -133.76649224701018 1.6
vertex 228.1371414907199 -133.4555851692428 1.6
vertex 217.12643888255224 -133.4555851692428 1.6
endloop
endfacet
facet normal 0 0 1
outer loop
vertex 228.67564809413886 -133.76649224701018 1.6
vertex 217.12643888255224 -133.4555851692428 1.6
vertex 217.50528025294204 -133.76649224701018 1.6
endloop
endfacet
facet normal 0 0 1
outer loop
vertex 214.34858771744186 -133.4555851692428 1.6
vertex 214.78080471908925 -133.22456036872947 1.6
vertex 172.29257101174616 -133.22456036872947 1.6
endloop
endfacet
facet normal 0 0 1
outer loop
vertex 214.34858771744186 -133.4555851692428 1.6
vertex 172.29257101174616 -133.22456036872947 1.6
vertex 172.25183510480144 -133.4555851692428 1.6
endloop
endfacet
facet normal 0 0 1
outer loop
vertex 228.1371414907199 -133.4555851692428 1.6
vertex 227.73699498545747 -133.22456036872947 1.6
vertex 216.6942218809319 -133.22456036872947 1.6
endloop
endfacet
facet normal 0 0 1
outer loop
vertex 228.1371414907199 -133.4555851692428 1.6
vertex 216.6942218809319 -133.22456036872947 1.6
vertex 217.12643888255224 -133.4555851692428 1.6
endloop
endfacet
facet normal 0 0 1
outer loop
vertex 214.78080471908925 -133.22456036872947 1.6
vertex 215.24978749496486 -133.0822959989913 1.6
vertex 172.31765605938747 -133.0822959989913 1.6
endloop
endfacet
facet normal 0 0 1
outer loop
vertex 214.78080471908925 -133.22456036872947 1.6
vertex 172.31765605938747 -133.0822959989913 1.6
vertex 172.29257101174616 -133.22456036872947 1.6
endloop
endfacet
facet normal 0 0 1
outer loop
vertex 227.73699498545747 -133.22456036872947 1.6
vertex 227.49058598413984 -133.0822959989913 1.6
vertex 216.22523910503213 -133.0822959989913 1.6
endloop
endfacet
facet normal 0 0 1
outer loop
vertex 227.73699498545747 -133.22456036872947 1.6
vertex 216.22523910503213 -133.0822959989913 1.6
vertex 216.6942218809319 -133.22456036872947 1.6
endloop
endfacet
facet normal 0 0 1
outer loop
vertex 215.24978749496486 -133.0822959989913 1.6
vertex 215.7375132999974 -133.03425919999992 1.6
vertex 172.3261262434079 -133.03425919999992 1.6
endloop
endfacet
facet normal 0 0 1
outer loop
vertex 215.24978749496486 -133.0822959989913 1.6
vertex 172.3261262434079 -133.03425919999992 1.6
vertex 172.31765605938747 -133.0822959989913 1.6
endloop
endfacet
facet normal 0 0 1
outer loop
vertex 227.49058598413984 -133.0822959989913 1.6
vertex 227.40738384654387 -133.03425919999992 1.6
vertex 215.7375132999974 -133.03425919999992 1.6
endloop
endfacet
facet normal 0 0 1
outer loop
vertex 227.49058598413984 -133.0822959989913 1.6
vertex 215.7375132999974 -133.03425919999992 1.6
vertex 216.22523910503213 -133.0822959989913 1.6
endloop
endfacet
facet normal 0 0 1
outer loop
vertex 215.7375132999974 -133.03425919999992 1.6
vertex 227.40738384654387 -133.03425919999992 1.6
vertex 222.24898700000014 -130.0560560000001 1.6
endloop
endfacet
facet normal 0 0 1
outer loop
vertex 215.7375132999974 -133.03425919999992 1.6
vertex 222.24898700000014 -130.0560560000001 1.6
vertex 222.0113829962184 -129.93911952727035 1.6
endloop
endfacet
facet normal 0 0 1
outer loop
vertex 215.7375132999974 -133.03425919999992 1.6
vertex 222.0113829962184 -129.93911952727035 1.6
vertex 221.78040269051402 -129.861333 1.6
endloop
endfacet
facet normal 0 0 1
outer loop
vertex 215.7375132999974 -133.03425919999992 1.6
vertex 221.78040269051402 -129.861333 1.6
vertex 220.71276350000008 -129.861333 1.6
endloop
endfacet
facet normal 0 0 1
outer loop
vertex 215.7375132999974 -133.03425919999992 1.6
vertex 220.71276350000008 -129.861333 1.6
vertex 172.885598759512 -129.861333 1.6
endloop
endfacet
facet normal 0 0 1
outer loop
vertex 215.7375132999974 -133.03425919999992 1.6
vertex 172.885598759512 -129.861333 1.6
vertex 172.3261262434079 -133.03425919999992 1.6
endloop
endfacet
facet normal 0 0 1
outer loop
vertex 221.78040269051402 -129.861333 1.6
vertex 221.76041633080843 -129.8546022551015 1.6
vertex 221.5004834159899 -129.80398292840164 1.6
endloop
endfacet
facet normal 0 0 1
outer loop
vertex 221.78040269051402 -129.861333 1.6
vertex 221.5004834159899 -129.80398292840164 1.6
vertex 221.23614135900235 -129.78814899807452 1.6
endloop
endfacet
facet normal 0 0 1
outer loop
vertex 221.78040269051402 -129.861333 1.6
vertex 221.23614135900235 -129.78814899807452 1.6
vertex 220.97202456754715 -129.80737806235592 1.6
endloop
endfacet
facet normal 0 0 1
outer loop
vertex 221.78040269051402 -129.861333 1.6
vertex 220.97202456754715 -129.80737806235592 1.6
vertex 220.71276350000008 -129.861333 1.6
endloop
endfacet
facet normal 0 0 1
outer loop
vertex 127.50000000000001 -131 1.6
vertex 127.84729635533384 -130.96961550602447 1.6
vertex 128.18404028665122 -130.87938524157184 1.6
endloop
endfacet
facet normal 0 0 1
outer loop
vertex 127.50000000000001 -131 1.6
vertex 128.18404028665122 -130.87938524157184 1.6
vertex 128.50000000000017 -130.73205080756884 1.6
endloop
endfacet
facet normal 0 0 1
outer loop
vertex 127.50000000000001 -131 1.6
vertex 128.50000000000017 -130.73205080756884 1.6
vertex 128.78557521937307 -130.53208888623794 1.6
endloop
endfacet
facet normal 0 0 1
outer loop
vertex 127.50000000000001 -131 1.6
vertex 128.78557521937307 -130.53208888623794 1.6
vertex 129.03208888623772 -130.2855752193731 1.6
endloop
endfacet
facet normal 0 0 1
outer loop
vertex 127.50000000000001 -131 1.6
vertex 129.03208888623772 -130.2855752193731 1.6
vertex 129.23205080756898 -130.00000000000003 1.6
endloop
endfacet
facet normal 0 0 1
outer loop
vertex 127.50000000000001 -131 1.6
vertex 129.23205080756898 -130.00000000000003 1.6
vertex 129.37938524157178 -129.6840402866514 1.6
endloop
endfacet
facet normal 0 0 1
outer loop
vertex 127.50000000000001 -131 1.6
vertex 129.37938524157178 -129.6840402866514 1.6
vertex 129.46961550602438 -129.34729635533384 1.6
endloop
endfacet
facet normal 0 0 1
outer loop
vertex 127.50000000000001 -131 1.6
vertex 129.46961550602438 -129.34729635533384 1.6
vertex 129.5 -129.00000000000006 1.6
endloop
endfacet
facet normal 0 0 1
outer loop
vertex 127.50000000000001 -131 1.6
vertex 129.5 -129.00000000000006 1.6
vertex 129.5 -124.00000000000003 1.6
endloop
endfacet
facet normal 0 0 1
outer loop
vertex 127.50000000000001 -131 1.6
vertex 129.5 -124.00000000000003 1.6
vertex 89.5 -124.00000000000003 1.6
endloop
endfacet
facet normal 0 0 1
outer loop
vertex 127.50000000000001 -131 1.6
vertex 89.5 -124.00000000000003 1.6
vertex 89.5 -129.00000000000006 1.6
endloop
endfacet
facet normal 0 0 1
outer loop
vertex 127.50000000000001 -131 1.6
vertex 89.5 -129.00000000000006 1.6
vertex 89.53038449397559 -129.34729635533384 1.6
endloop
endfacet
facet normal 0 0 1
outer loop
vertex 127.50000000000001 -131 1.6
vertex 89.53038449397559 -129.34729635533384 1.6
vertex 89.62061475842822 -129.6840402866514 1.6
endloop
endfacet
facet normal 0 0 1
outer loop
vertex 127.50000000000001 -131 1.6
vertex 89.62061475842822 -129.6840402866514 1.6
vertex 89.76794919243113 -130.00000000000003 1.6
endloop
endfacet
facet normal 0 0 1
outer loop
vertex 127.50000000000001 -131 1.6
vertex 89.76794919243113 -130.00000000000003 1.6
vertex 89.96791111376206 -130.2855752193731 1.6
endloop
endfacet
facet normal 0 0 1
outer loop
vertex 127.50000000000001 -131 1.6
vertex 89.96791111376206 -130.2855752193731 1.6
vertex 90.21442478062691 -130.53208888623794 1.6
endloop
endfacet
facet normal 0 0 1
outer loop
vertex 127.50000000000001 -131 1.6
vertex 90.21442478062691 -130.53208888623794 1.6
vertex 90.49999999999996 -130.73205080756884 1.6
endloop
endfacet
facet normal 0 0 1
outer loop
vertex 127.50000000000001 -131 1.6
vertex 90.49999999999996 -130.73205080756884 1.6
vertex 90.81595971334876 -130.87938524157184 1.6
endloop
endfacet
facet normal 0 0 1
outer loop
vertex 127.50000000000001 -131 1.6
vertex 90.81595971334876 -130.87938524157184 1.6
vertex 91.15270364466629 -130.96961550602447 1.6
endloop
endfacet
facet normal 0 0 1
outer loop
vertex 127.50000000000001 -131 1.6
vertex 91.15270364466629 -130.96961550602447 1.6
vertex 91.49999999999967 -131 1.6
endloop
endfacet
facet normal 0 0 1
outer loop
vertex 129.5 -124.00000000000003 1.6
vertex 129.5303844939756 -123.65270364466618 1.6
vertex 89.5 -123.65270364466618 1.6
endloop
endfacet
facet normal 0 0 1
outer loop
vertex 129.5 -124.00000000000003 1.6
vertex 89.5 -123.65270364466618 1.6
vertex 89.5 -124.00000000000003 1.6
endloop
endfacet
facet normal 0 0 1
outer loop
vertex 129.5303844939756 -123.65270364466618 1.6
vertex 129.62061475842825 -123.31595971334855 1.6
vertex 89.5 -123.31595971334855 1.6
endloop
endfacet
facet normal 0 0 1
outer loop
vertex 129.5303844939756 -123.65270364466618 1.6
vertex 89.5 -123.31595971334855 1.6
vertex 89.5 -123.65270364466618 1.6
endloop
endfacet
facet normal 0 0 1
outer loop
vertex 129.62061475842825 -123.31595971334855 1.6
vertex 129.76794919243108 -123.00000000000011 1.6
vertex 89.5 -123.00000000000011 1.6
endloop
endfacet
facet normal 0 0 1
outer loop
vertex 129.62061475842825 -123.31595971334855 1.6
vertex 89.5 -123.00000000000011 1.6
vertex 89.5 -123.31595971334855 1.6
endloop
endfacet
facet normal 0 0 1
outer loop
vertex 220.71276350000008 -129.861333 1.6
vertex 220.5753653000002 -129.29632910000083 1.6
vertex 220.5301229486691 -129.13872323962266 1.6
endloop
endfacet
facet normal 0 0 1
outer loop
vertex 220.71276350000008 -129.861333 1.6
vertex 220.5301229486691 -129.13872323962266 1.6
vertex 220.47211965493412 -128.98535293615615 1.6
endloop
endfacet
facet normal 0 0 1
outer loop
vertex 220.71276350000008 -129.861333 1.6
vertex 220.47211965493412 -128.98535293615615 1.6
vertex 220.40174764999983 -128.83724954999968 1.6
endloop
endfacet
facet normal 0 0 1
outer loop
vertex 220.71276350000008 -129.861333 1.6
vertex 220.40174764999983 -128.83724954999968 1.6
vertex 219.25665350000003 -126.66208010000005 1.6
endloop
endfacet
facet normal 0 0 1
outer loop
vertex 220.71276350000008 -129.861333 1.6
vertex 219.25665350000003 -126.66208010000005 1.6
vertex 219.10059459759748 -126.41221625642916 1.6
endloop
endfacet
facet normal 0 0 1
outer loop
vertex 220.71276350000008 -129.861333 1.6
vertex 219.10059459759748 -126.41221625642916 1.6
vertex 218.90952612431172 -126.18798738079151 1.6
endloop
endfacet
facet normal 0 0 1
outer loop
vertex 220.71276350000008 -129.861333 1.6
vertex 218.90952612431172 -126.18798738079151 1.6
vertex 218.68759183533857 -125.99425839088119 1.6
endloop
endfacet
facet normal 0 0 1
outer loop
vertex 220.71276350000008 -129.861333 1.6
vertex 218.68759183533857 -125.99425839088119 1.6
vertex 218.43960691411687 -125.83523251562764 1.6
endloop
endfacet
facet normal 0 0 1
outer loop
vertex 220.71276350000008 -129.861333 1.6
vertex 218.43960691411687 -125.83523251562764 1.6
vertex 218.17095175000006 -125.71436005000001 1.6
endloop
endfacet
facet normal 0 0 1
outer loop
vertex 220.71276350000008 -129.861333 1.6
vertex 218.17095175000006 -125.71436005000001 1.6
vertex 210.36630049999988 -122.87369949999996 1.6
endloop
endfacet
facet normal 0 0 1
outer loop
vertex 220.71276350000008 -129.861333 1.6
vertex 210.36630049999988 -122.87369949999996 1.6
vertex 174.11770711925203 -122.87369949999996 1.6
endloop
endfacet
facet normal 0 0 1
outer loop
vertex 220.71276350000008 -129.861333 1.6
vertex 174.11770711925203 -122.87369949999996 1.6
vertex 172.885598759512 -129.861333 1.6
endloop
endfacet
facet normal 0 0 1
outer loop
vertex 210.36630049999988 -122.87369949999996 1.6
vertex 210.08520825436483 -122.74603233477818 1.6
vertex 174.14021828580564 -122.74603233477818 1.6
endloop
endfacet
facet normal 0 0 1
outer loop
vertex 210.36630049999988 -122.87369949999996 1.6
vertex 174.14021828580564 -122.74603233477818 1.6
vertex 174.11770711925203 -122.87369949999996 1.6
endloop
endfacet
facet normal 0 0 1
outer loop
vertex 129.76794919243108 -123.00000000000011 1.6
vertex 129.967911113762 -122.71442478062698 1.6
vertex 89.5 -122.71442478062698 1.6
endloop
endfacet
facet normal 0 0 1
outer loop
vertex 129.76794919243108 -123.00000000000011 1.6
vertex 89.5 -122.71442478062698 1.6
vertex 89.5 -123.00000000000011 1.6
endloop
endfacet
facet normal 0 0 1
outer loop
vertex 210.08520825436483 -122.74603233477818 1.6
vertex 209.82710895727126 -122.57662382641868 1.6
vertex 174.17008957761865 -122.57662382641868 1.6
endloop
endfacet
facet normal 0 0 1
outer loop
vertex 210.08520825436483 -122.74603233477818 1.6
vertex 174.17008957761865 -122.57662382641868 1.6
vertex 174.14021828580564 -122.74603233477818 1.6
endloop
endfacet
facet normal 0 0 1
outer loop
vertex 129.967911113762 -122.71442478062698 1.6
vertex 130.21442478062693 -122.46791111376203 1.6
vertex 89.5 -122.46791111376203 1.6
endloop
endfacet
facet normal 0 0 1
outer loop
vertex 129.967911113762 -122.71442478062698 1.6
vertex 89.5 -122.46791111376203 1.6
vertex 89.5 -122.71442478062698 1.6
endloop
endfacet
facet normal 0 0 1
outer loop
vertex 209.82710895727126 -122.57662382641868 1.6
vertex 209.59815750942897 -122.36951099630997 1.6
vertex 174.20660915887407 -122.36951099630997 1.6
endloop
endfacet
facet normal 0 0 1
outer loop
vertex 209.82710895727126 -122.57662382641868 1.6
vertex 174.20660915887407 -122.36951099630997 1.6
vertex 174.17008957761865 -122.57662382641868 1.6
endloop
endfacet
facet normal 0 0 1
outer loop
vertex 130.21442478062693 -122.46791111376203 1.6
vertex 130.49999999999991 -122.26794919243116 1.6
vertex 89.5 -122.26794919243116 1.6
endloop
endfacet
facet normal 0 0 1
outer loop
vertex 130.21442478062693 -122.46791111376203 1.6
vertex 89.5 -122.26794919243116 1.6
vertex 89.5 -122.46791111376203 1.6
endloop
endfacet
facet normal 0 0 1
outer loop
vertex 209.59815750942897 -122.36951099630997 1.6
vertex 209.40380950845184 -122.12962905788888 1.6
vertex 174.24890681825752 -122.12962905788888 1.6
endloop
endfacet
facet normal 0 0 1
outer loop
vertex 209.59815750942897 -122.36951099630997 1.6
vertex 174.24890681825752 -122.12962905788888 1.6
vertex 174.20660915887407 -122.36951099630997 1.6
endloop
endfacet
facet normal 0 0 1
outer loop
vertex 130.49999999999991 -122.26794919243116 1.6
vertex 130.81595971334872 -122.12061475842816 1.6
vertex 89.5 -122.12061475842816 1.6
endloop
endfacet
facet normal 0 0 1
outer loop
vertex 130.49999999999991 -122.26794919243116 1.6
vertex 89.5 -122.12061475842816 1.6
vertex 89.5 -122.26794919243116 1.6
endloop
endfacet
facet normal 0 0 1
outer loop
vertex 130.81595971334872 -122.12061475842816 1.6
vertex 131.1527036446662 -122.03038449397556 1.6
vertex 89.5 -122.03038449397556 1.6
endloop
endfacet
facet normal 0 0 1
outer loop
vertex 130.81595971334872 -122.12061475842816 1.6
vertex 89.5 -122.03038449397556 1.6
vertex 89.5 -122.12061475842816 1.6
endloop
endfacet
facet normal 0 0 1
outer loop
vertex 131.1527036446662 -122.03038449397556 1.6
vertex 131.49999999999957 -122 1.6
vertex 89.5 -122 1.6
endloop
endfacet
facet normal 0 0 1
outer loop
vertex 131.1527036446662 -122.03038449397556 1.6
vertex 89.5 -122 1.6
vertex 89.5 -122.03038449397556 1.6
endloop
endfacet
facet normal 0 0 1
outer loop
vertex 209.40380950845184 -122.12962905788888 1.6
vertex 209.2486959994816 -121.86269406730177 1.6
vertex 174.29597466081245 -121.86269406730177 1.6
endloop
endfacet
facet normal 0 0 1
outer loop
vertex 209.40380950845184 -122.12962905788888 1.6
vertex 174.29597466081245 -121.86269406730177 1.6
vertex 174.24890681825752 -122.12962905788888 1.6
endloop
endfacet
facet normal 0 0 1
outer loop
vertex 209.2486959994816 -121.86269406730177 1.6
vertex 209.13651312376348 -121.57506671766318 1.6
vertex 174.34669112468816 -121.57506671766318 1.6
endloop
endfacet
facet normal 0 0 1
outer loop
vertex 209.2486959994816 -121.86269406730177 1.6
vertex 174.34669112468816 -121.57506671766318 1.6
vertex 174.29597466081245 -121.86269406730177 1.6
endloop
endfacet
facet normal 0 0 1
outer loop
vertex 209.13651312376348 -121.57506671766318 1.6
vertex 209.06993404468977 -121.2736007724978 1.6
vertex 174.39984770641433 -121.2736007724978 1.6
endloop
endfacet
facet normal 0 0 1
outer loop
vertex 209.13651312376348 -121.57506671766318 1.6
vertex 174.39984770641433 -121.2736007724978 1.6
vertex 174.34669112468816 -121.57506671766318 1.6
endloop
endfacet
facet normal 0 0 1
outer loop
vertex 209.06993404468977 -121.2736007724978 1.6
vertex 209.05054525 -120.96547974999986 1.6
vertex 174.45417775787328 -120.96547974999986 1.6
endloop
endfacet
facet normal 0 0 1
outer loop
vertex 209.06993404468977 -121.2736007724978 1.6
vertex 174.45417775787328 -120.96547974999986 1.6
vertex 174.39984770641433 -121.2736007724978 1.6
endloop
endfacet
facet normal 0 0 1
outer loop
vertex 209.05054525 -120.96547974999986 1.6
vertex 209.0547337915583 -120.675 1.6
vertex 174.5053971769098 -120.675 1.6
endloop
endfacet
facet normal 0 0 1
outer loop
vertex 209.05054525 -120.96547974999986 1.6
vertex 174.5053971769098 -120.675 1.6
vertex 174.45417775787328 -120.96547974999986 1.6
endloop
endfacet
facet normal 0 0 1
outer loop
vertex 209.0547337915583 -120.675 1.6
vertex 233.02499999999992 -120.675 1.6
vertex 233.37229635533393 -120.6446155060244 1.6
endloop
endfacet
facet normal 0 0 1
outer loop
vertex 209.0547337915583 -120.675 1.6
vertex 233.37229635533393 -120.6446155060244 1.6
vertex 233.70904028665154 -120.55438524157175 1.6
endloop
endfacet
facet normal 0 0 1
outer loop
vertex 209.0547337915583 -120.675 1.6
vertex 233.70904028665154 -120.55438524157175 1.6
vertex 234.0249999999999 -120.40705080756896 1.6
endloop
endfacet
facet normal 0 0 1
outer loop
vertex 209.0547337915583 -120.675 1.6
vertex 234.0249999999999 -120.40705080756896 1.6
vertex 234.3105752193732 -120.20708888623788 1.6
endloop
endfacet
facet normal 0 0 1
outer loop
vertex 209.0547337915583 -120.675 1.6
vertex 234.3105752193732 -120.20708888623788 1.6
vertex 234.55708888623778 -119.96057521937328 1.6
endloop
endfacet
facet normal 0 0 1
outer loop
vertex 209.0547337915583 -120.675 1.6
vertex 234.55708888623778 -119.96057521937328 1.6
vertex 234.75705080756873 -119.67500000000018 1.6
endloop
endfacet
facet normal 0 0 1
outer loop
vertex 209.0547337915583 -120.675 1.6
vertex 234.75705080756873 -119.67500000000018 1.6
vertex 234.76870849902264 -119.65000000000012 1.6
endloop
endfacet
facet normal 0 0 1
outer loop
vertex 209.0547337915583 -120.675 1.6
vertex 234.76870849902264 -119.65000000000012 1.6
vertex 181.6999999999915 -119.65000000000012 1.6
endloop
endfacet
facet normal 0 0 1
outer loop
vertex 209.0547337915583 -120.675 1.6
vertex 181.6999999999915 -119.65000000000012 1.6
vertex 174.68613233835373 -119.65000000000012 1.6
endloop
endfacet
facet normal 0 0 1
outer loop
vertex 209.0547337915583 -120.675 1.6
vertex 174.68613233835373 -119.65000000000012 1.6
vertex 174.5053971769098 -120.675 1.6
endloop
endfacet
facet normal 0 0 1
outer loop
vertex 181.6999999999915 -119.65000000000012 1.6
vertex 181.21227419496168 -119.6019632010061 1.6
vertex 174.69460252237462 -119.6019632010061 1.6
endloop
endfacet
facet normal 0 0 1
outer loop
vertex 181.6999999999915 -119.65000000000012 1.6
vertex 174.69460252237462 -119.6019632010061 1.6
vertex 174.68613233835373 -119.65000000000012 1.6
endloop
endfacet
facet normal 0 0 1
outer loop
vertex 234.76870849902264 -119.65000000000012 1.6
vertex 234.7911084262668 -119.6019632010061 1.6
vertex 182.1877258050528 -119.6019632010061 1.6
endloop
endfacet
facet normal 0 0 1
outer loop
vertex 234.76870849902264 -119.65000000000012 1.6
vertex 182.1877258050528 -119.6019632010061 1.6
vertex 181.6999999999915 -119.65000000000012 1.6
endloop
endfacet
facet normal 0 0 1
outer loop
vertex 181.21227419496168 -119.6019632010061 1.6
vertex 180.7432914190993 -119.45969883128119 1.6
vertex 174.7196875700136 -119.45969883128119 1.6
endloop
endfacet
facet normal 0 0 1
outer loop
vertex 181.21227419496168 -119.6019632010061 1.6
vertex 174.7196875700136 -119.45969883128119 1.6
vertex 174.69460252237462 -119.6019632010061 1.6
endloop
endfacet
facet normal 0 0 1
outer loop
vertex 234.7911084262668 -119.6019632010061 1.6
vertex 234.8574473913521 -119.45969883128119 1.6
vertex 182.6567085809089 -119.45969883128119 1.6
endloop
endfacet
facet normal 0 0 1
outer loop
vertex 234.7911084262668 -119.6019632010061 1.6
vertex 182.6567085809089 -119.45969883128119 1.6
vertex 182.1877258050528 -119.6019632010061 1.6
endloop
endfacet
facet normal 0 0 1
outer loop
vertex 180.7432914190993 -119.45969883128119 1.6
vertex 180.31107441743566 -119.22867403075554 1.6
vertex 174.76042347696048 -119.22867403075554 1.6
endloop
endfacet
facet normal 0 0 1
outer loop
vertex 180.7432914190993 -119.45969883128119 1.6
vertex 174.76042347696048 -119.22867403075554 1.6
vertex 174.7196875700136 -119.45969883128119 1.6
endloop
endfacet
facet normal 0 0 1
outer loop
vertex 234.8574473913521 -119.45969883128119 1.6
vertex 234.90438524157184 -119.35904028665115 1.6
vertex 234.93931677455933 -119.22867403075554 1.6
endloop
endfacet
facet normal 0 0 1
outer loop
vertex 234.8574473913521 -119.45969883128119 1.6
vertex 234.93931677455933 -119.22867403075554 1.6
vertex 183.0889255825523 -119.22867403075554 1.6
endloop
endfacet
facet normal 0 0 1
outer loop
vertex 234.8574473913521 -119.45969883128119 1.6
vertex 183.0889255825523 -119.22867403075554 1.6
vertex 182.6567085809089 -119.45969883128119 1.6
endloop
endfacet
facet normal 0 0 1
outer loop
vertex 180.31107441743566 -119.22867403075554 1.6
vertex 179.9322330470338 -118.9177669529725 1.6
vertex 174.81524478515286 -118.9177669529725 1.6
endloop
endfacet
facet normal 0 0 1
outer loop
vertex 180.31107441743566 -119.22867403075554 1.6
vertex 174.81524478515286 -118.9177669529725 1.6
vertex 174.76042347696048 -119.22867403075554 1.6
endloop
endfacet
facet normal 0 0 1
outer loop
vertex 234.93931677455933 -119.22867403075554 1.6
vertex 234.99461550602442 -119.02229635533374 1.6
vertex 235.00376064373617 -118.9177669529725 1.6
endloop
endfacet
facet normal 0 0 1
outer loop
vertex 234.93931677455933 -119.22867403075554 1.6
vertex 235.00376064373617 -118.9177669529725 1.6
vertex 183.4677669529612 -118.9177669529725 1.6
endloop
endfacet
facet normal 0 0 1
outer loop
vertex 234.93931677455933 -119.22867403075554 1.6
vertex 183.4677669529612 -118.9177669529725 1.6
vertex 183.0889255825523 -119.22867403075554 1.6
endloop
endfacet
facet normal 0 0 1
outer loop
vertex 131.49999999999957 -122 1.6
vertex 137.5000000000002 -122 1.6
vertex 137.84729635533375 -121.96961550602444 1.6
endloop
endfacet
facet normal 0 0 1
outer loop
vertex 131.49999999999957 -122 1.6
vertex 137.84729635533375 -121.96961550602444 1.6
vertex 138.18404028665145 -121.87938524157178 1.6
endloop
endfacet
facet normal 0 0 1
outer loop
vertex 131.49999999999957 -122 1.6
vertex 138.18404028665145 -121.87938524157178 1.6
vertex 138.49999999999994 -121.73205080756894 1.6
endloop
endfacet
facet normal 0 0 1
outer loop
vertex 131.49999999999957 -122 1.6
vertex 138.49999999999994 -121.73205080756894 1.6
vertex 138.78557521937307 -121.53208888623797 1.6
endloop
endfacet
facet normal 0 0 1
outer loop
vertex 131.49999999999957 -122 1.6
vertex 138.78557521937307 -121.53208888623797 1.6
vertex 139.0320888862379 -121.28557521937314 1.6
endloop
endfacet
facet normal 0 0 1
outer loop
vertex 131.49999999999957 -122 1.6
vertex 139.0320888862379 -121.28557521937314 1.6
vertex 139.23205080756887 -121 1.6
endloop
endfacet
facet normal 0 0 1
outer loop
vertex 131.49999999999957 -122 1.6
vertex 139.23205080756887 -121 1.6
vertex 139.3793852415718 -120.68404028665132 1.6
endloop
endfacet
facet normal 0 0 1
outer loop
vertex 131.49999999999957 -122 1.6
vertex 139.3793852415718 -120.68404028665132 1.6
vertex 139.46961550602438 -120.34729635533395 1.6
endloop
endfacet
facet normal 0 0 1
outer loop
vertex 131.49999999999957 -122 1.6
vertex 139.46961550602438 -120.34729635533395 1.6
vertex 139.5 -119.99999999999987 1.6
endloop
endfacet
facet normal 0 0 1
outer loop
vertex 131.49999999999957 -122 1.6
vertex 139.5 -119.99999999999987 1.6
vertex 139.5 -118.75000000000006 1.6
endloop
endfacet
facet normal 0 0 1
outer loop
vertex 131.49999999999957 -122 1.6
vertex 139.5 -118.75000000000006 1.6
vertex 89.5 -118.75000000000006 1.6
endloop
endfacet
facet normal 0 0 1
outer loop
vertex 131.49999999999957 -122 1.6
vertex 89.5 -118.75000000000006 1.6
vertex 89.5 -122 1.6
endloop
endfacet
facet normal 0 0 1
outer loop
vertex 179.9322330470338 -118.9177669529725 1.6
vertex 179.62132596924866 -118.53892558254832 1.6
vertex 174.8820447424653 -118.53892558254832 1.6
endloop
endfacet
facet normal 0 0 1
outer loop
vertex 179.9322330470338 -118.9177669529725 1.6
vertex 174.8820447424653 -118.53892558254832 1.6
vertex 174.81524478515286 -118.9177669529725 1.6
endloop
endfacet
facet normal 0 0 1
outer loop
vertex 235.00376064373617 -118.9177669529725 1.6
vertex 235.025 -118.67499999999988 1.6
vertex 235.025 -118.53892558254832 1.6
endloop
endfacet
facet normal 0 0 1
outer loop
vertex 235.00376064373617 -118.9177669529725 1.6
vertex 235.025 -118.53892558254832 1.6
vertex 183.77867403075678 -118.53892558254832 1.6
endloop
endfacet
facet normal 0 0 1
outer loop
vertex 235.00376064373617 -118.9177669529725 1.6
vertex 183.77867403075678 -118.53892558254832 1.6
vertex 183.4677669529612 -118.9177669529725 1.6
endloop
endfacet
facet normal 0 0 1
outer loop
vertex 139.5 -118.75000000000006 1.6
vertex 139.5303844939756 -118.40270364466605 1.6
vertex 89.5 -118.40270364466605 1.6
endloop
endfacet
facet normal 0 0 1
outer loop
vertex 139.5 -118.75000000000006 1.6
vertex 89.5 -118.40270364466605 1.6
vertex 89.5 -118.75000000000006 1.6
endloop
endfacet
facet normal 0 0 1
outer loop
vertex 179.62132596924866 -118.53892558254832 1.6
vertex 179.39030116872507 -118.10670858090994 1.6
vertex 174.95825626399696 -118.10670858090994 1.6
endloop
endfacet
facet normal 0 0 1
outer loop
vertex 179.62132596924866 -118.53892558254832 1.6
vertex 174.95825626399696 -118.10670858090994 1.6
vertex 174.8820447424653 -118.53892558254832 1.6
endloop
endfacet
facet normal 0 0 1
outer loop
vertex 235.025 -118.53892558254832 1.6
vertex 235.025 -118.10670858090994 1.6
vertex 184.00969883127974 -118.10670858090994 1.6
endloop
endfacet
facet normal 0 0 1
outer loop
vertex 235.025 -118.53892558254832 1.6
vertex 184.00969883127974 -118.10670858090994 1.6
vertex 183.77867403075678 -118.53892558254832 1.6
endloop
endfacet
facet normal 0 0 1
outer loop
vertex 139.5303844939756 -118.40270364466605 1.6
vertex 139.62061475842813 -118.06595971334875 1.6
vertex 89.5 -118.06595971334875 1.6
endloop
endfacet
facet normal 0 0 1
outer loop
vertex 139.5303844939756 -118.40270364466605 1.6
vertex 89.5 -118.06595971334875 1.6
vertex 89.5 -118.40270364466605 1.6
endloop
endfacet
facet normal 0 0 1
outer loop
vertex 139.62061475842813 -118.06595971334875 1.6
vertex 139.76794919243108 -117.75000000000011 1.6
vertex 89.5 -117.75000000000011 1.6
endloop
endfacet
facet normal 0 0 1
outer loop
vertex 139.62061475842813 -118.06595971334875 1.6
vertex 89.5 -117.75000000000011 1.6
vertex 89.5 -118.06595971334875 1.6
endloop
endfacet
facet normal 0 0 1
outer loop
vertex 179.39030116872507 -118.10670858090994 1.6
vertex 179.24803679899165 -117.63772580504431 1.6
vertex 175.04095058371453 -117.63772580504431 1.6
endloop
endfacet
facet normal 0 0 1
outer loop
vertex 179.39030116872507 -118.10670858090994 1.6
vertex 175.04095058371453 -117.63772580504431 1.6
vertex 174.95825626399696 -118.10670858090994 1.6
endloop
endfacet
facet normal 0 0 1
outer loop
vertex 235.025 -118.10670858090994 1.6
vertex 235.025 -117.63772580504431 1.6
vertex 184.15196320100753 -117.63772580504431 1.6
endloop
endfacet
facet normal 0 0 1
outer loop
vertex 235.025 -118.10670858090994 1.6
vertex 184.15196320100753 -117.63772580504431 1.6
vertex 184.00969883127974 -118.10670858090994 1.6
endloop
endfacet
facet normal 0 0 1
outer loop
vertex 139.76794919243108 -117.75000000000011 1.6
vertex 139.96791111376214 -117.46442478062684 1.6
vertex 89.5 -117.46442478062684 1.6
endloop
endfacet
facet normal 0 0 1
outer loop
vertex 139.76794919243108 -117.75000000000011 1.6
vertex 89.5 -117.46442478062684 1.6
vertex 89.5 -117.75000000000011 1.6
endloop
endfacet
facet normal 0 0 1
outer loop
vertex 139.96791111376214 -117.46442478062684 1.6
vertex 140.21442478062698 -117.21791111376199 1.6
vertex 89.5 -117.21791111376199 1.6
endloop
endfacet
facet normal 0 0 1
outer loop
vertex 139.96791111376214 -117.46442478062684 1.6
vertex 89.5 -117.21791111376199 1.6
vertex 89.5 -117.46442478062684 1.6
endloop
endfacet
facet normal 0 0 1
outer loop
vertex 179.24803679899165 -117.63772580504431 1.6
vertex 179.20000000000036 -117.14999999999995 1.6
vertex 175.1269498052902 -117.14999999999995 1.6
endloop
endfacet
facet normal 0 0 1
outer loop
vertex 179.24803679899165 -117.63772580504431 1.6
vertex 175.1269498052902 -117.14999999999995 1.6
vertex 175.04095058371453 -117.63772580504431 1.6
endloop
endfacet
facet normal 0 0 1
outer loop
vertex 235.025 -117.63772580504431 1.6
vertex 235.025 -117.14999999999995 1.6
vertex 184.19999999999982 -117.14999999999995 1.6
endloop
endfacet
facet normal 0 0 1
outer loop
vertex 235.025 -117.63772580504431 1.6
vertex 184.19999999999982 -117.14999999999995 1.6
vertex 184.15196320100753 -117.63772580504431 1.6
endloop
endfacet
facet normal 0 0 1
outer loop
vertex 140.21442478062698 -117.21791111376199 1.6
vertex 140.49999999999997 -117.01794919243112 1.6
vertex 89.5 -117.01794919243112 1.6
endloop
endfacet
facet normal 0 0 1
outer loop
vertex 140.21442478062698 -117.21791111376199 1.6
vertex 89.5 -117.01794919243112 1.6
vertex 89.5 -117.21791111376199 1.6
endloop
endfacet
facet normal 0 0 1
outer loop
vertex 140.49999999999997 -117.01794919243112 1.6
vertex 140.8159597133487 -116.87061475842816 1.6
vertex 89.5 -116.87061475842816 1.6
endloop
endfacet
facet normal 0 0 1
outer loop
vertex 140.49999999999997 -117.01794919243112 1.6
vertex 89.5 -116.87061475842816 1.6
vertex 89.5 -117.01794919243112 1.6
endloop
endfacet
facet normal 0 0 1
outer loop
vertex 140.8159597133487 -116.87061475842816 1.6
vertex 141.15270364466602 -116.7803844939756 1.6
vertex 89.5 -116.7803844939756 1.6
endloop
endfacet
facet normal 0 0 1
outer loop
vertex 140.8159597133487 -116.87061475842816 1.6
vertex 89.5 -116.7803844939756 1.6
vertex 89.5 -116.87061475842816 1.6
endloop
endfacet
facet normal 0 0 1
outer loop
vertex 141.15270364466602 -116.7803844939756 1.6
vertex 141.50000000000009 -116.75 1.6
vertex 89.5 -116.75 1.6
endloop
endfacet
facet normal 0 0 1
outer loop
vertex 141.15270364466602 -116.7803844939756 1.6
vertex 89.5 -116.75 1.6
vertex 89.5 -116.7803844939756 1.6
endloop
endfacet
facet normal 0 0 1
outer loop
vertex 179.20000000000036 -117.14999999999995 1.6
vertex 179.2393965613428 -116.75 1.6
vertex 175.1974806 -116.75 1.6
endloop
endfacet
facet normal 0 0 1
outer loop
vertex 179.20000000000036 -117.14999999999995 1.6
vertex 175.1974806 -116.75 1.6
vertex 175.1269498052902 -117.14999999999995 1.6
endloop
endfacet
facet normal 0 0 1
outer loop
vertex 175.1974806 -116.75 1.6
vertex 179.2393965613428 -116.75 1.6
vertex 179.2480367989921 -116.66227419493947 1.6
endloop
endfacet
facet normal 0 0 1
outer loop
vertex 175.1974806 -116.75 1.6
vertex 179.2480367989921 -116.66227419493947 1.6
vertex 166.93870295832457 -116.66227419493947 1.6
endloop
endfacet
facet normal 0 0 1
outer loop
vertex 175.1974806 -116.75 1.6
vertex 166.93870295832457 -116.66227419493947 1.6
vertex 167.15270364466616 -116.71961550602441 1.6
endloop
endfacet
facet normal 0 0 1
outer loop
vertex 175.1974806 -116.75 1.6
vertex 167.15270364466616 -116.71961550602441 1.6
vertex 167.49999999999997 -116.75 1.6
endloop
endfacet
facet normal 0 0 1
outer loop
vertex 235.025 -117.14999999999995 1.6
vertex 235.025 -116.66227419493947 1.6
vertex 184.15196320100645 -116.66227419493947 1.6
endloop
endfacet
facet normal 0 0 1
outer loop
vertex 235.025 -117.14999999999995 1.6
vertex 184.15196320100645 -116.66227419493947 1.6
vertex 184.19999999999982 -117.14999999999995 1.6
endloop
endfacet
facet normal 0 0 1
outer loop
vertex 179.2480367989921 -116.66227419493947 1.6
vertex 179.39030116871982 -116.19329141910855 1.6
vertex 166.12562731349752 -116.19329141910855 1.6
endloop
endfacet
facet normal 0 0 1
outer loop
vertex 179.2480367989921 -116.66227419493947 1.6
vertex 166.12562731349752 -116.19329141910855 1.6
vertex 166.2144247806269 -116.28208888623793 1.6
endloop
endfacet
facet normal 0 0 1
outer loop
vertex 179.2480367989921 -116.66227419493947 1.6
vertex 166.2144247806269 -116.28208888623793 1.6
vertex 166.50000000000006 -116.48205080756891 1.6
endloop
endfacet
facet normal 0 0 1
outer loop
vertex 179.2480367989921 -116.66227419493947 1.6
vertex 166.50000000000006 -116.48205080756891 1.6
vertex 166.81595971334863 -116.6293852415718 1.6
endloop
endfacet
facet normal 0 0 1
outer loop
vertex 179.2480367989921 -116.66227419493947 1.6
vertex 166.81595971334863 -116.6293852415718 1.6
vertex 166.93870295832457 -116.66227419493947 1.6
endloop
endfacet
facet normal 0 0 1
outer loop
vertex 235.025 -116.66227419493947 1.6
vertex 235.025 -116.19329141910855 1.6
vertex 184.0096988312891 -116.19329141910855 1.6
endloop
endfacet
facet normal 0 0 1
outer loop
vertex 235.025 -116.66227419493947 1.6
vertex 184.0096988312891 -116.19329141910855 1.6
vertex 184.15196320100645 -116.66227419493947 1.6
endloop
endfacet
facet normal 0 0 1
outer loop
vertex 179.39030116871982 -116.19329141910855 1.6
vertex 179.62132596924528 -115.76107441744875 1.6
vertex 165.77570358301003 -115.76107441744875 1.6
endloop
endfacet
facet normal 0 0 1
outer loop
vertex 179.39030116871982 -116.19329141910855 1.6
vertex 165.77570358301003 -115.76107441744875 1.6
vertex 165.96791111376206 -116.03557521937306 1.6
endloop
endfacet
facet normal 0 0 1
outer loop
vertex 179.39030116871982 -116.19329141910855 1.6
vertex 165.96791111376206 -116.03557521937306 1.6
vertex 166.12562731349752 -116.19329141910855 1.6
endloop
endfacet
facet normal 0 0 1
outer loop
vertex 235.025 -116.19329141910855 1.6
vertex 235.025 -115.76107441744875 1.6
vertex 183.7786740307547 -115.76107441744875 1.6
endloop
endfacet
facet normal 0 0 1
outer loop
vertex 235.025 -116.19329141910855 1.6
vertex 183.7786740307547 -115.76107441744875 1.6
vertex 184.0096988312891 -116.19329141910855 1.6
endloop
endfacet
facet normal 0 0 1
outer loop
vertex 179.62132596924528 -115.76107441744875 1.6
vertex 179.93223304703082 -115.38223304703567 1.6
vertex 165.6067330504111 -115.38223304703567 1.6
endloop
endfacet
facet normal 0 0 1
outer loop
vertex 179.62132596924528 -115.76107441744875 1.6
vertex 165.6067330504111 -115.38223304703567 1.6
vertex 165.62061475842822 -115.43404028665138 1.6
endloop
endfacet
facet normal 0 0 1
outer loop
vertex 179.62132596924528 -115.76107441744875 1.6
vertex 165.62061475842822 -115.43404028665138 1.6
vertex 165.76794919243108 -115.74999999999993 1.6
endloop
endfacet
facet normal 0 0 1
outer loop
vertex 179.62132596924528 -115.76107441744875 1.6
vertex 165.76794919243108 -115.74999999999993 1.6
vertex 165.77570358301003 -115.76107441744875 1.6
endloop
endfacet
facet normal 0 0 1
outer loop
vertex 235.025 -115.76107441744875 1.6
vertex 235.025 -115.38223304703567 1.6
vertex 183.46776695296896 -115.38223304703567 1.6
endloop
endfacet
facet normal 0 0 1
outer loop
vertex 235.025 -115.76107441744875 1.6
vertex 183.46776695296896 -115.38223304703567 1.6
vertex 183.7786740307547 -115.76107441744875 1.6
endloop
endfacet
facet normal 0 0 1
outer loop
vertex 179.93223304703082 -115.38223304703567 1.6
vertex 180.31107441745326 -115.07132596925645 1.6
vertex 165.52811237960643 -115.07132596925645 1.6
endloop
endfacet
facet normal 0 0 1
outer loop
vertex 179.93223304703082 -115.38223304703567 1.6
vertex 165.52811237960643 -115.07132596925645 1.6
vertex 165.53038449397556 -115.0972963553336 1.6
endloop
endfacet
facet normal 0 0 1
outer loop
vertex 179.93223304703082 -115.38223304703567 1.6
vertex 165.53038449397556 -115.0972963553336 1.6
vertex 165.6067330504111 -115.38223304703567 1.6
endloop
endfacet
facet normal 0 0 1
outer loop
vertex 235.025 -115.38223304703567 1.6
vertex 235.025 -115.07132596925645 1.6
vertex 183.08892558256468 -115.07132596925645 1.6
endloop
endfacet
facet normal 0 0 1
outer loop
vertex 235.025 -115.38223304703567 1.6
vertex 183.08892558256468 -115.07132596925645 1.6
vertex 183.46776695296896 -115.38223304703567 1.6
endloop
endfacet
facet normal 0 0 1
outer loop
vertex 180.31107441745326 -115.07132596925645 1.6
vertex 180.7432914190805 -114.84030116872563 1.6
vertex 165.50790032856662 -114.84030116872563 1.6
endloop
endfacet
facet normal 0 0 1
outer loop
vertex 180.31107441745326 -115.07132596925645 1.6
vertex 165.50790032856662 -114.84030116872563 1.6
vertex 165.52811237960643 -115.07132596925645 1.6
endloop
endfacet
facet normal 0 0 1
outer loop
vertex 235.025 -115.07132596925645 1.6
vertex 235.025 -114.84030116872563 1.6
vertex 182.65670858091167 -114.84030116872563 1.6
endloop
endfacet
facet normal 0 0 1
outer loop
vertex 235.025 -115.07132596925645 1.6
vertex 182.65670858091167 -114.84030116872563 1.6
vertex 183.08892558256468 -115.07132596925645 1.6
endloop
endfacet
facet normal 0 0 1
outer loop
vertex 180.7432914190805 -114.84030116872563 1.6
vertex 181.21227419496958 -114.69803679899245 1.6
vertex 165.5 -114.69803679899245 1.6
endloop
endfacet
facet normal 0 0 1
outer loop
vertex 180.7432914190805 -114.84030116872563 1.6
vertex 165.5 -114.69803679899245 1.6
vertex 165.5 -114.75000000000014 1.6
endloop
endfacet
facet normal 0 0 1
outer loop
vertex 180.7432914190805 -114.84030116872563 1.6
vertex 165.5 -114.75000000000014 1.6
vertex 165.50790032856662 -114.84030116872563 1.6
endloop
endfacet
facet normal 0 0 1
outer loop
vertex 235.025 -114.84030116872563 1.6
vertex 235.025 -114.69803679899245 1.6
vertex 182.18772580504043 -114.69803679899245 1.6
endloop
endfacet
facet normal 0 0 1
outer loop
vertex 235.025 -114.84030116872563 1.6
vertex 182.18772580504043 -114.69803679899245 1.6
vertex 182.65670858091167 -114.84030116872563 1.6
endloop
endfacet
facet normal 0 0 1
outer loop
vertex 181.21227419496958 -114.69803679899245 1.6
vertex 181.69999999999615 -114.65000000000013 1.6
vertex 165.5 -114.65000000000013 1.6
endloop
endfacet
facet normal 0 0 1
outer loop
vertex 181.21227419496958 -114.69803679899245 1.6
vertex 165.5 -114.65000000000013 1.6
vertex 165.5 -114.69803679899245 1.6
endloop
endfacet
facet normal 0 0 1
outer loop
vertex 235.025 -114.69803679899245 1.6
vertex 235.025 -114.65000000000013 1.6
vertex 181.69999999999615 -114.65000000000013 1.6
endloop
endfacet
facet normal 0 0 1
outer loop
vertex 235.025 -114.69803679899245 1.6
vertex 181.69999999999615 -114.65000000000013 1.6
vertex 182.18772580504043 -114.69803679899245 1.6
endloop
endfacet
facet normal 0 0 1
outer loop
vertex 141.50000000000009 -116.75 1.6
vertex 146.5000000000001 -116.75 1.6
vertex 146.84729635533378 -116.71961550602441 1.6
endloop
endfacet
facet normal 0 0 1
outer loop
vertex 141.50000000000009 -116.75 1.6
vertex 146.84729635533378 -116.71961550602441 1.6
vertex 147.18404028665128 -116.6293852415718 1.6
endloop
endfacet
facet normal 0 0 1
outer loop
vertex 141.50000000000009 -116.75 1.6
vertex 147.18404028665128 -116.6293852415718 1.6
vertex 147.50000000000009 -116.48205080756891 1.6
endloop
endfacet
facet normal 0 0 1
outer loop
vertex 141.50000000000009 -116.75 1.6
vertex 147.50000000000009 -116.48205080756891 1.6
vertex 147.78557521937296 -116.28208888623793 1.6
endloop
endfacet
facet normal 0 0 1
outer loop
vertex 141.50000000000009 -116.75 1.6
vertex 147.78557521937296 -116.28208888623793 1.6
vertex 148.03208888623797 -116.03557521937306 1.6
endloop
endfacet
facet normal 0 0 1
outer loop
vertex 141.50000000000009 -116.75 1.6
vertex 148.03208888623797 -116.03557521937306 1.6
vertex 148.2320508075689 -115.74999999999993 1.6
endloop
endfacet
facet normal 0 0 1
outer loop
vertex 141.50000000000009 -116.75 1.6
vertex 148.2320508075689 -115.74999999999993 1.6
vertex 148.37938524157178 -115.43404028665138 1.6
endloop
endfacet
facet normal 0 0 1
outer loop
vertex 141.50000000000009 -116.75 1.6
vertex 148.37938524157178 -115.43404028665138 1.6
vertex 148.4696155060244 -115.0972963553336 1.6
endloop
endfacet
facet normal 0 0 1
outer loop
vertex 141.50000000000009 -116.75 1.6
vertex 148.4696155060244 -115.0972963553336 1.6
vertex 148.5 -114.75000000000014 1.6
endloop
endfacet
facet normal 0 0 1
outer loop
vertex 141.50000000000009 -116.75 1.6
vertex 148.5 -114.75000000000014 1.6
vertex 148.5 -113.9999999999999 1.6
endloop
endfacet
facet normal 0 0 1
outer loop
vertex 141.50000000000009 -116.75 1.6
vertex 148.5 -113.9999999999999 1.6
vertex 89.5 -113.9999999999999 1.6
endloop
endfacet
facet normal 0 0 1
outer loop
vertex 141.50000000000009 -116.75 1.6
vertex 89.5 -113.9999999999999 1.6
vertex 89.5 -116.75 1.6
endloop
endfacet
facet normal 0 0 1
outer loop
vertex 181.69999999999615 -114.65000000000013 1.6
vertex 235.025 -114.65000000000013 1.6
vertex 235.025 -113.9999999999999 1.6
endloop
endfacet
facet normal 0 0 1
outer loop
vertex 181.69999999999615 -114.65000000000013 1.6
vertex 235.025 -113.9999999999999 1.6
vertex 165.5 -113.9999999999999 1.6
endloop
endfacet
facet normal 0 0 1
outer loop
vertex 181.69999999999615 -114.65000000000013 1.6
vertex 165.5 -113.9999999999999 1.6
vertex 165.5 -114.65000000000013 1.6
endloop
endfacet
facet normal 0 0 1
outer loop
vertex 148.5 -113.9999999999999 1.6
vertex 148.5303844939756 -113.65270364466603 1.6
vertex 89.5 -113.65270364466603 1.6
endloop
endfacet
facet normal 0 0 1
outer loop
vertex 148.5 -113.9999999999999 1.6
vertex 89.5 -113.65270364466603 1.6
vertex 89.5 -113.9999999999999 1.6
endloop
endfacet
facet normal 0 0 1
outer loop
vertex 235.025 -113.9999999999999 1.6
vertex 235.025 -113.65270364466603 1.6
vertex 165.4696155060244 -113.65270364466603 1.6
endloop
endfacet
facet normal 0 0 1
outer loop
vertex 235.025 -113.9999999999999 1.6
vertex 165.4696155060244 -113.65270364466603 1.6
vertex 165.5 -113.9999999999999 1.6
endloop
endfacet
facet normal 0 0 1
outer loop
vertex 148.5303844939756 -113.65270364466603 1.6
vertex 148.62061475842816 -113.31595971334872 1.6
vertex 89.5 -113.31595971334872 1.6
endloop
endfacet
facet normal 0 0 1
outer loop
vertex 148.5303844939756 -113.65270364466603 1.6
vertex 89.5 -113.31595971334872 1.6
vertex 89.5 -113.65270364466603 1.6
endloop
endfacet
facet normal 0 0 1
outer loop
vertex 235.025 -113.65270364466603 1.6
vertex 235.025 -113.31595971334872 1.6
vertex 165.37938524157184 -113.31595971334872 1.6
endloop
endfacet
facet normal 0 0 1
outer loop
vertex 235.025 -113.65270364466603 1.6
vertex 165.37938524157184 -113.31595971334872 1.6
vertex 165.4696155060244 -113.65270364466603 1.6
endloop
endfacet
facet normal 0 0 1
outer loop
vertex 148.62061475842816 -113.31595971334872 1.6
vertex 148.76794919243113 -113.00000000000009 1.6
vertex 128.49999999999173 -113.00000000000009 1.6
endloop
endfacet
facet normal 0 0 1
outer loop
vertex 148.62061475842816 -113.31595971334872 1.6
vertex 128.49999999999173 -113.00000000000009 1.6
vertex 89.5 -113.00000000000009 1.6
endloop
endfacet
facet normal 0 0 1
outer loop
vertex 148.62061475842816 -113.31595971334872 1.6
vertex 89.5 -113.00000000000009 1.6
vertex 89.5 -113.31595971334872 1.6
endloop
endfacet
facet normal 0 0 1
outer loop
vertex 235.025 -113.31595971334872 1.6
vertex 235.025 -113.00000000000009 1.6
vertex 165.23205080756892 -113.00000000000009 1.6
endloop
endfacet
facet normal 0 0 1
outer loop
vertex 235.025 -113.31595971334872 1.6
vertex 165.23205080756892 -113.00000000000009 1.6
vertex 165.37938524157184 -113.31595971334872 1.6
endloop
endfacet
facet normal 0 0 1
outer loop
vertex 128.49999999999173 -113.00000000000009 1.6
vertex 128.0122741949597 -112.95196320100898 1.6
vertex 89.5 -112.95196320100898 1.6
endloop
endfacet
facet normal 0 0 1
outer loop
vertex 128.49999999999173 -113.00000000000009 1.6
vertex 89.5 -112.95196320100898 1.6
vertex 89.5 -113.00000000000009 1.6
endloop
endfacet
facet normal 0 0 1
outer loop
vertex 148.76794919243113 -113.00000000000009 1.6
vertex 148.80158492119617 -112.95196320100898 1.6
vertex 128.98772580502452 -112.95196320100898 1.6
endloop
endfacet
facet normal 0 0 1
outer loop
vertex 148.76794919243113 -113.00000000000009 1.6
vertex 128.98772580502452 -112.95196320100898 1.6
vertex 128.49999999999173 -113.00000000000009 1.6
endloop
endfacet
facet normal 0 0 1
outer loop
vertex 128.0122741949597 -112.95196320100898 1.6
vertex 127.54329141906913 -112.80969883127362 1.6
vertex 89.5 -112.80969883127362 1.6
endloop
endfacet
facet normal 0 0 1
outer loop
vertex 128.0122741949597 -112.95196320100898 1.6
vertex 89.5 -112.80969883127362 1.6
vertex 89.5 -112.95196320100898 1.6
endloop
endfacet
facet normal 0 0 1
outer loop
vertex 148.80158492119617 -112.95196320100898 1.6
vertex 148.9011995053035 -112.80969883127362 1.6
vertex 129.45670858093507 -112.80969883127362 1.6
endloop
endfacet
facet normal 0 0 1
outer loop
vertex 148.80158492119617 -112.95196320100898 1.6
vertex 129.45670858093507 -112.80969883127362 1.6
vertex 128.98772580502452 -112.95196320100898 1.6
endloop
endfacet
facet normal 0 0 1
outer loop
vertex 148.9011995053035 -112.80969883127362 1.6
vertex 148.9679111137621 -112.71442478062687 1.6
vertex 129.63495379273613 -112.71442478062687 1.6
endloop
endfacet
facet normal 0 0 1
outer loop
vertex 148.9011995053035 -112.80969883127362 1.6
vertex 129.63495379273613 -112.71442478062687 1.6
vertex 129.45670858093507 -112.80969883127362 1.6
endloop
endfacet
facet normal 0 0 1
outer loop
vertex 235.025 -113.00000000000009 1.6
vertex 235.025 -112.71442478062687 1.6
vertex 165.0320888862379 -112.71442478062687 1.6
endloop
endfacet
facet normal 0 0 1
outer loop
vertex 235.025 -113.00000000000009 1.6
vertex 165.0320888862379 -112.71442478062687 1.6
vertex 165.23205080756892 -113.00000000000009 1.6
endloop
endfacet
facet normal 0 0 1
outer loop
vertex 127.54329141906913 -112.80969883127362 1.6
vertex 127.11107441746046 -112.5786740307665 1.6
vertex 89.5 -112.5786740307665 1.6
endloop
endfacet
facet normal 0 0 1
outer loop
vertex 127.54329141906913 -112.80969883127362 1.6
vertex 89.5 -112.5786740307665 1.6
vertex 89.5 -112.80969883127362 1.6
endloop
endfacet
facet normal 0 0 1
outer loop
vertex 148.9679111137621 -112.71442478062687 1.6
vertex 149.10366186362253 -112.5786740307665 1.6
vertex 129.88892558252664 -112.5786740307665 1.6
endloop
endfacet
facet normal 0 0 1
outer loop
vertex 148.9679111137621 -112.71442478062687 1.6
vertex 129.88892558252664 -112.5786740307665 1.6
vertex 129.63495379273613 -112.71442478062687 1.6
endloop
endfacet
facet normal 0 0 1
outer loop
vertex 149.10366186362253 -112.5786740307665 1.6
vertex 149.214424780627 -112.46791111376207 1.6
vertex 130.02389058741136 -112.46791111376207 1.6
endloop
endfacet
facet normal 0 0 1
outer loop
vertex 149.10366186362253 -112.5786740307665 1.6
vertex 130.02389058741136 -112.46791111376207 1.6
vertex 129.88892558252664 -112.5786740307665 1.6
endloop
endfacet
facet normal 0 0 1
outer loop
vertex 235.025 -112.71442478062687 1.6
vertex 235.025 -112.46791111376207 1.6
vertex 164.7855752193731 -112.46791111376207 1.6
endloop
endfacet
facet normal 0 0 1
outer loop
vertex 235.025 -112.71442478062687 1.6
vertex 164.7855752193731 -112.46791111376207 1.6
vertex 165.0320888862379 -112.71442478062687 1.6
endloop
endfacet
facet normal 0 0 1
outer loop
vertex 149.214424780627 -112.46791111376207 1.6
vertex 149.50000000000014 -112.26794919243106 1.6
vertex 130.26754489353655 -112.26794919243106 1.6
endloop
endfacet
facet normal 0 0 1
outer loop
vertex 149.214424780627 -112.46791111376207 1.6
vertex 130.26754489353655 -112.26794919243106 1.6
vertex 130.02389058741136 -112.46791111376207 1.6
endloop
endfacet
facet normal 0 0 1
outer loop
vertex 235.025 -112.46791111376207 1.6
vertex 235.025 -112.26794919243106 1.6
vertex 164.49999999999991 -112.26794919243106 1.6
endloop
endfacet
facet normal 0 0 1
outer loop
vertex 235.025 -112.46791111376207 1.6
vertex 164.49999999999991 -112.26794919243106 1.6
vertex 164.7855752193731 -112.46791111376207 1.6
endloop
endfacet
facet normal 0 0 1
outer loop
vertex 127.11107441746046 -112.5786740307665 1.6
vertex 126.73223304704538 -112.26776695297839 1.6
vertex 89.5 -112.26776695297839 1.6
endloop
endfacet
facet normal 0 0 1
outer loop
vertex 127.11107441746046 -112.5786740307665 1.6
vertex 89.5 -112.26776695297839 1.6
vertex 89.5 -112.5786740307665 1.6
endloop
endfacet
facet normal 0 0 1
outer loop
vertex 149.50000000000014 -112.26794919243106 1.6
vertex 149.50039081376758 -112.26776695297839 1.6
vertex 130.26776695295212 -112.26776695297839 1.6
endloop
endfacet
facet normal 0 0 1
outer loop
vertex 149.50000000000014 -112.26794919243106 1.6
vertex 130.26776695295212 -112.26776695297839 1.6
vertex 130.26754489353655 -112.26794919243106 1.6
endloop
endfacet
facet normal 0 0 1
outer loop
vertex 149.50039081376758 -112.26776695297839 1.6
vertex 149.8159597133483 -112.12061475842822 1.6
vertex 130.38853163804782 -112.12061475842822 1.6
endloop
endfacet
facet normal 0 0 1
outer loop
vertex 149.50039081376758 -112.26776695297839 1.6
vertex 130.38853163804782 -112.12061475842822 1.6
vertex 130.26776695295212 -112.26776695297839 1.6
endloop
endfacet
facet normal 0 0 1
outer loop
vertex 235.025 -112.26794919243106 1.6
vertex 235.025 -112.12061475842822 1.6
vertex 164.18404028665142 -112.12061475842822 1.6
endloop
endfacet
facet normal 0 0 1
outer loop
vertex 235.025 -112.26794919243106 1.6
vertex 164.18404028665142 -112.12061475842822 1.6
vertex 164.49999999999991 -112.26794919243106 1.6
endloop
endfacet
facet normal 0 0 1
outer loop
vertex 149.8159597133483 -112.12061475842822 1.6
vertex 150.1527036446662 -112.0303844939756 1.6
vertex 130.46258170237496 -112.0303844939756 1.6
endloop
endfacet
facet normal 0 0 1
outer loop
vertex 149.8159597133483 -112.12061475842822 1.6
vertex 130.46258170237496 -112.0303844939756 1.6
vertex 130.38853163804782 -112.12061475842822 1.6
endloop
endfacet
facet normal 0 0 1
outer loop
vertex 235.025 -112.12061475842822 1.6
vertex 235.025 -112.0303844939756 1.6
vertex 163.8472963553339 -112.0303844939756 1.6
endloop
endfacet
facet normal 0 0 1
outer loop
vertex 235.025 -112.12061475842822 1.6
vertex 163.8472963553339 -112.0303844939756 1.6
vertex 164.18404028665142 -112.12061475842822 1.6
endloop
endfacet
facet normal 0 0 1
outer loop
vertex 150.1527036446662 -112.0303844939756 1.6
vertex 150.50000000000017 -112 1.6
vertex 130.48751761215084 -112 1.6
endloop
endfacet
facet normal 0 0 1
outer loop
vertex 150.1527036446662 -112.0303844939756 1.6
vertex 130.48751761215084 -112 1.6
vertex 130.46258170237496 -112.0303844939756 1.6
endloop
endfacet
facet normal 0 0 1
outer loop
vertex 235.025 -112.0303844939756 1.6
vertex 235.025 -112 1.6
vertex 163.4999999999999 -112 1.6
endloop
endfacet
facet normal 0 0 1
outer loop
vertex 235.025 -112.0303844939756 1.6
vertex 163.4999999999999 -112 1.6
vertex 163.8472963553339 -112.0303844939756 1.6
endloop
endfacet
facet normal 0 0 1
outer loop
vertex 126.73223304704538 -112.26776695297839 1.6
vertex 126.42132596924817 -111.88892558255273 1.6
vertex 89.5 -111.88892558255273 1.6
endloop
endfacet
facet normal 0 0 1
outer loop
vertex 126.73223304704538 -112.26776695297839 1.6
vertex 89.5 -111.88892558255273 1.6
vertex 89.5 -112.26776695297839 1.6
endloop
endfacet
facet normal 0 0 1
outer loop
vertex 150.50000000000017 -112 1.6
vertex 163.4999999999999 -112 1.6
vertex 235.025 -112 1.6
endloop
endfacet
facet normal 0 0 1
outer loop
vertex 150.50000000000017 -112 1.6
vertex 235.025 -112 1.6
vertex 235.025 -111.88892558255273 1.6
endloop
endfacet
facet normal 0 0 1
outer loop
vertex 150.50000000000017 -112 1.6
vertex 235.025 -111.88892558255273 1.6
vertex 130.57867403075343 -111.88892558255273 1.6
endloop
endfacet
facet normal 0 0 1
outer loop
vertex 150.50000000000017 -112 1.6
vertex 130.57867403075343 -111.88892558255273 1.6
vertex 130.48751761215084 -112 1.6
endloop
endfacet
facet normal 0 0 1
outer loop
vertex 126.42132596924817 -111.88892558255273 1.6
vertex 126.19030116871701 -111.45670858090608 1.6
vertex 89.5 -111.45670858090608 1.6
endloop
endfacet
facet normal 0 0 1
outer loop
vertex 126.42132596924817 -111.88892558255273 1.6
vertex 89.5 -111.45670858090608 1.6
vertex 89.5 -111.88892558255273 1.6
endloop
endfacet
facet normal 0 0 1
outer loop
vertex 235.025 -111.88892558255273 1.6
vertex 235.025 -111.45670858090608 1.6
vertex 130.80969883128085 -111.45670858090608 1.6
endloop
endfacet
facet normal 0 0 1
outer loop
vertex 235.025 -111.88892558255273 1.6
vertex 130.80969883128085 -111.45670858090608 1.6
vertex 130.57867403075343 -111.88892558255273 1.6
endloop
endfacet
facet normal 0 0 1
outer loop
vertex 126.19030116871701 -111.45670858090608 1.6
vertex 126.04803679899271 -110.98772580504635 1.6
vertex 89.5 -110.98772580504635 1.6
endloop
endfacet
facet normal 0 0 1
outer loop
vertex 126.19030116871701 -111.45670858090608 1.6
vertex 89.5 -110.98772580504635 1.6
vertex 89.5 -111.45670858090608 1.6
endloop
endfacet
facet normal 0 0 1
outer loop
vertex 235.025 -111.45670858090608 1.6
vertex 235.025 -110.98772580504635 1.6
vertex 130.95196320100686 -110.98772580504635 1.6
endloop
endfacet
facet normal 0 0 1
outer loop
vertex 235.025 -111.45670858090608 1.6
vertex 130.95196320100686 -110.98772580504635 1.6
vertex 130.80969883128085 -111.45670858090608 1.6
endloop
endfacet
facet normal 0 0 1
outer loop
vertex 126.04803679899271 -110.98772580504635 1.6
vertex 126.00000000000038 -110.5 1.6
vertex 89.5 -110.5 1.6
endloop
endfacet
facet normal 0 0 1
outer loop
vertex 126.04803679899271 -110.98772580504635 1.6
vertex 89.5 -110.5 1.6
vertex 89.5 -110.98772580504635 1.6
endloop
endfacet
facet normal 0 0 1
outer loop
vertex 235.025 -110.98772580504635 1.6
vertex 235.025 -110.5 1.6
vertex 130.99999999999937 -110.5 1.6
endloop
endfacet
facet normal 0 0 1
outer loop
vertex 235.025 -110.98772580504635 1.6
vertex 130.99999999999937 -110.5 1.6
vertex 130.95196320100686 -110.98772580504635 1.6
endloop
endfacet
facet normal 0 0 1
outer loop
vertex 126.00000000000038 -110.5 1.6
vertex 126.04803679899179 -110.01227419495943 1.6
vertex 89.5 -110.01227419495943 1.6
endloop
endfacet
facet normal 0 0 1
outer loop
vertex 126.00000000000038 -110.5 1.6
vertex 89.5 -110.01227419495943 1.6
vertex 89.5 -110.5 1.6
endloop
endfacet
facet normal 0 0 1
outer loop
vertex 235.025 -110.5 1.6
vertex 235.025 -110.01227419495943 1.6
vertex 130.95196320100823 -110.01227419495943 1.6
endloop
endfacet
facet normal 0 0 1
outer loop
vertex 235.025 -110.5 1.6
vertex 130.95196320100823 -110.01227419495943 1.6
vertex 130.99999999999937 -110.5 1.6
endloop
endfacet
facet normal 0 0 1
outer loop
vertex 126.04803679899179 -110.01227419495943 1.6
vertex 126.19030116872256 -109.54329141908624 1.6
vertex 89.5 -109.54329141908624 1.6
endloop
endfacet
facet normal 0 0 1
outer loop
vertex 126.04803679899179 -110.01227419495943 1.6
vertex 89.5 -109.54329141908624 1.6
vertex 89.5 -110.01227419495943 1.6
endloop
endfacet
facet normal 0 0 1
outer loop
vertex 235.025 -110.01227419495943 1.6
vertex 235.025 -109.54329141908624 1.6
vertex 130.8096988312781 -109.54329141908624 1.6
endloop
endfacet
facet normal 0 0 1
outer loop
vertex 235.025 -110.01227419495943 1.6
vertex 130.8096988312781 -109.54329141908624 1.6
vertex 130.95196320100823 -110.01227419495943 1.6
endloop
endfacet
facet normal 0 0 1
outer loop
vertex 126.19030116872256 -109.54329141908624 1.6
vertex 126.42132596923769 -109.11107441745389 1.6
vertex 89.5 -109.11107441745389 1.6
endloop
endfacet
facet normal 0 0 1
outer loop
vertex 126.19030116872256 -109.54329141908624 1.6
vertex 89.5 -109.11107441745389 1.6
vertex 89.5 -109.54329141908624 1.6
endloop
endfacet
facet normal 0 0 1
outer loop
vertex 235.025 -109.54329141908624 1.6
vertex 235.025 -109.11107441745389 1.6
vertex 130.57867403075835 -109.11107441745389 1.6
endloop
endfacet
facet normal 0 0 1
outer loop
vertex 235.025 -109.54329141908624 1.6
vertex 130.57867403075835 -109.11107441745389 1.6
vertex 130.8096988312781 -109.54329141908624 1.6
endloop
endfacet
facet normal 0 0 1
outer loop
vertex 126.42132596923769 -109.11107441745389 1.6
vertex 126.73223304703487 -108.73223304703438 1.6
vertex 89.5 -108.73223304703438 1.6
endloop
endfacet
facet normal 0 0 1
outer loop
vertex 126.42132596923769 -109.11107441745389 1.6
vertex 89.5 -108.73223304703438 1.6
vertex 89.5 -109.11107441745389 1.6
endloop
endfacet
facet normal 0 0 1
outer loop
vertex 235.025 -109.11107441745389 1.6
vertex 235.025 -108.73223304703438 1.6
vertex 130.26776695296658 -108.73223304703438 1.6
endloop
endfacet
facet normal 0 0 1
outer loop
vertex 235.025 -109.11107441745389 1.6
vertex 130.26776695296658 -108.73223304703438 1.6
vertex 130.57867403075835 -109.11107441745389 1.6
endloop
endfacet
facet normal 0 0 1
outer loop
vertex 126.73223304703487 -108.73223304703438 1.6
vertex 127.11107441745364 -108.4213259692443 1.6
vertex 89.5 -108.4213259692443 1.6
endloop
endfacet
facet normal 0 0 1
outer loop
vertex 126.73223304703487 -108.73223304703438 1.6
vertex 89.5 -108.4213259692443 1.6
vertex 89.5 -108.73223304703438 1.6
endloop
endfacet
facet normal 0 0 1
outer loop
vertex 235.025 -108.73223304703438 1.6
vertex 235.025 -108.4213259692443 1.6
vertex 129.88892558254906 -108.4213259692443 1.6
endloop
endfacet
facet normal 0 0 1
outer loop
vertex 235.025 -108.73223304703438 1.6
vertex 129.88892558254906 -108.4213259692443 1.6
vertex 130.26776695296658 -108.73223304703438 1.6
endloop
endfacet
facet normal 0 0 1
outer loop
vertex 127.11107441745364 -108.4213259692443 1.6
vertex 127.54329141907833 -108.19030116872074 1.6
vertex 89.5 -108.19030116872074 1.6
endloop
endfacet
facet normal 0 0 1
outer loop
vertex 127.11107441745364 -108.4213259692443 1.6
vertex 89.5 -108.19030116872074 1.6
vertex 89.5 -108.4213259692443 1.6
endloop
endfacet
facet normal 0 0 1
outer loop
vertex 235.025 -108.4213259692443 1.6
vertex 235.025 -108.19030116872074 1.6
vertex 129.45670858090963 -108.19030116872074 1.6
endloop
endfacet
facet normal 0 0 1
outer loop
vertex 235.025 -108.4213259692443 1.6
vertex 129.45670858090963 -108.19030116872074 1.6
vertex 129.88892558254906 -108.4213259692443 1.6
endloop
endfacet
facet normal 0 0 1
outer loop
vertex 127.54329141907833 -108.19030116872074 1.6
vertex 128.01227419497187 -108.04803679899251 1.6
vertex 89.5 -108.04803679899251 1.6
endloop
endfacet
facet normal 0 0 1
outer loop
vertex 127.54329141907833 -108.19030116872074 1.6
vertex 89.5 -108.04803679899251 1.6
vertex 89.5 -108.19030116872074 1.6
endloop
endfacet
facet normal 0 0 1
outer loop
vertex 235.025 -108.19030116872074 1.6
vertex 235.025 -108.04803679899251 1.6
vertex 128.98772580504266 -108.04803679899251 1.6
endloop
endfacet
facet normal 0 0 1
outer loop
vertex 235.025 -108.19030116872074 1.6
vertex 128.98772580504266 -108.04803679899251 1.6
vertex 129.45670858090963 -108.19030116872074 1.6
endloop
endfacet
facet normal 0 0 1
outer loop
vertex 128.01227419497187 -108.04803679899251 1.6
vertex 128.49999999999477 -107.99999999999984 1.6
vertex 89.5 -107.99999999999984 1.6
endloop
endfacet
facet normal 0 0 1
outer loop
vertex 128.01227419497187 -108.04803679899251 1.6
vertex 89.5 -107.99999999999984 1.6
vertex 89.5 -108.04803679899251 1.6
endloop
endfacet
facet normal 0 0 1
outer loop
vertex 235.025 -108.04803679899251 1.6
vertex 235.025 -107.99999999999984 1.6
vertex 128.49999999999477 -107.99999999999984 1.6
endloop
endfacet
facet normal 0 0 1
outer loop
vertex 235.025 -108.04803679899251 1.6
vertex 128.49999999999477 -107.99999999999984 1.6
vertex 128.98772580504266 -108.04803679899251 1.6
endloop
endfacet
facet normal 0 0 1
outer loop
vertex 128.49999999999477 -107.99999999999984 1.6
vertex 235.025 -107.99999999999984 1.6
vertex 235.025 -95.69999999999919 1.6
endloop
endfacet
facet normal 0 0 1
outer loop
vertex 128.49999999999477 -107.99999999999984 1.6
vertex 235.025 -95.69999999999919 1.6
vertex 230.9499999999993 -95.69999999999919 1.6
endloop
endfacet
facet normal 0 0 1
outer loop
vertex 128.49999999999477 -107.99999999999984 1.6
vertex 230.9499999999993 -95.69999999999919 1.6
vertex 89.5 -95.69999999999919 1.6
endloop
endfacet
facet normal 0 0 1
outer loop
vertex 128.49999999999477 -107.99999999999984 1.6
vertex 89.5 -95.69999999999919 1.6
vertex 89.5 -107.99999999999984 1.6
endloop
endfacet
facet normal 0 0 1
outer loop
vertex 230.9499999999993 -95.69999999999919 1.6
vertex 230.462274194953 -95.65196320100668 1.6
vertex 89.5 -95.65196320100668 1.6
endloop
endfacet
facet normal 0 0 1
outer loop
vertex 230.9499999999993 -95.69999999999919 1.6
vertex 89.5 -95.65196320100668 1.6
vertex 89.5 -95.69999999999919 1.6
endloop
endfacet
facet normal 0 0 1
outer loop
vertex 235.025 -95.69999999999919 1.6
vertex 235.025 -95.65196320100668 1.6
vertex 231.4377258050456 -95.65196320100668 1.6
endloop
endfacet
facet normal 0 0 1
outer loop
vertex 235.025 -95.69999999999919 1.6
vertex 231.4377258050456 -95.65196320100668 1.6
vertex 230.9499999999993 -95.69999999999919 1.6
endloop
endfacet
facet normal 0 0 1
outer loop
vertex 230.462274194953 -95.65196320100668 1.6
vertex 229.9932914190874 -95.50969883127888 1.6
vertex 89.5 -95.50969883127888 1.6
endloop
endfacet
facet normal 0 0 1
outer loop
vertex 230.462274194953 -95.65196320100668 1.6
vertex 89.5 -95.50969883127888 1.6
vertex 89.5 -95.65196320100668 1.6
endloop
endfacet
facet normal 0 0 1
outer loop
vertex 235.025 -95.65196320100668 1.6
vertex 235.025 -95.50969883127888 1.6
vertex 231.9067085809215 -95.50969883127888 1.6
endloop
endfacet
facet normal 0 0 1
outer loop
vertex 235.025 -95.65196320100668 1.6
vertex 231.9067085809215 -95.50969883127888 1.6
vertex 231.4377258050456 -95.65196320100668 1.6
endloop
endfacet
facet normal 0 0 1
outer loop
vertex 229.9932914190874 -95.50969883127888 1.6
vertex 229.56107441745462 -95.2786740307589 1.6
vertex 89.5 -95.2786740307589 1.6
endloop
endfacet
facet normal 0 0 1
outer loop
vertex 229.9932914190874 -95.50969883127888 1.6
vertex 89.5 -95.2786740307589 1.6
vertex 89.5 -95.50969883127888 1.6
endloop
endfacet
facet normal 0 0 1
outer loop
vertex 235.025 -95.50969883127888 1.6
vertex 235.025 -95.2786740307589 1.6
vertex 232.33892558253876 -95.2786740307589 1.6
endloop
endfacet
facet normal 0 0 1
outer loop
vertex 235.025 -95.50969883127888 1.6
vertex 232.33892558253876 -95.2786740307589 1.6
vertex 231.9067085809215 -95.50969883127888 1.6
endloop
endfacet
facet normal 0 0 1
outer loop
vertex 229.56107441745462 -95.2786740307589 1.6
vertex 229.18223304702764 -94.96776695296104 1.6
vertex 89.5 -94.96776695296104 1.6
endloop
endfacet
facet normal 0 0 1
outer loop
vertex 229.56107441745462 -95.2786740307589 1.6
vertex 89.5 -94.96776695296104 1.6
vertex 89.5 -95.2786740307589 1.6
endloop
endfacet
facet normal 0 0 1
outer loop
vertex 235.025 -95.2786740307589 1.6
vertex 235.025 -94.96776695296104 1.6
vertex 232.71776695297262 -94.96776695296104 1.6
endloop
endfacet
facet normal 0 0 1
outer loop
vertex 235.025 -95.2786740307589 1.6
vertex 232.71776695297262 -94.96776695296104 1.6
vertex 232.33892558253876 -95.2786740307589 1.6
endloop
endfacet
facet normal 0 0 1
outer loop
vertex 229.18223304702764 -94.96776695296104 1.6
vertex 228.87132596925377 -94.58892558256332 1.6
vertex 89.5 -94.58892558256332 1.6
endloop
endfacet
facet normal 0 0 1
outer loop
vertex 229.18223304702764 -94.96776695296104 1.6
vertex 89.5 -94.58892558256332 1.6
vertex 89.5 -94.96776695296104 1.6
endloop
endfacet
facet normal 0 0 1
outer loop
vertex 235.025 -94.96776695296104 1.6
vertex 235.025 -94.58892558256332 1.6
vertex 233.0286740307408 -94.58892558256332 1.6
endloop
endfacet
facet normal 0 0 1
outer loop
vertex 235.025 -94.96776695296104 1.6
vertex 233.0286740307408 -94.58892558256332 1.6
vertex 232.71776695297262 -94.96776695296104 1.6
endloop
endfacet
facet normal 0 0 1
outer loop
vertex 228.87132596925377 -94.58892558256332 1.6
vertex 228.64030116872232 -94.15670858090907 1.6
vertex 89.5 -94.15670858090907 1.6
endloop
endfacet
facet normal 0 0 1
outer loop
vertex 228.87132596925377 -94.58892558256332 1.6
vertex 89.5 -94.15670858090907 1.6
vertex 89.5 -94.58892558256332 1.6
endloop
endfacet
facet normal 0 0 1
outer loop
vertex 235.025 -94.58892558256332 1.6
vertex 235.025 -94.15670858090907 1.6
vertex 233.259698831282 -94.15670858090907 1.6
endloop
endfacet
facet normal 0 0 1
outer loop
vertex 235.025 -94.58892558256332 1.6
vertex 233.259698831282 -94.15670858090907 1.6
vertex 233.0286740307408 -94.58892558256332 1.6
endloop
endfacet
facet normal 0 0 1
outer loop
vertex 228.64030116872232 -94.15670858090907 1.6
vertex 228.49803679899154 -93.68772580503365 1.6
vertex 89.5 -93.68772580503365 1.6
endloop
endfacet
facet normal 0 0 1
outer loop
vertex 228.64030116872232 -94.15670858090907 1.6
vertex 89.5 -93.68772580503365 1.6
vertex 89.5 -94.15670858090907 1.6
endloop
endfacet
facet normal 0 0 1
outer loop
vertex 235.025 -94.15670858090907 1.6
vertex 235.025 -93.68772580503365 1.6
vertex 233.40196320100776 -93.68772580503365 1.6
endloop
endfacet
facet normal 0 0 1
outer loop
vertex 235.025 -94.15670858090907 1.6
vertex 233.40196320100776 -93.68772580503365 1.6
vertex 233.259698831282 -94.15670858090907 1.6
endloop
endfacet
facet normal 0 0 1
outer loop
vertex 228.49803679899154 -93.68772580503365 1.6
vertex 228.45000000000024 -93.19999999999652 1.6
vertex 89.5 -93.19999999999652 1.6
endloop
endfacet
facet normal 0 0 1
outer loop
vertex 228.49803679899154 -93.68772580503365 1.6
vertex 89.5 -93.19999999999652 1.6
vertex 89.5 -93.68772580503365 1.6
endloop
endfacet
facet normal 0 0 1
outer loop
vertex 235.025 -93.68772580503365 1.6
vertex 235.025 -93.19999999999652 1.6
vertex 233.45000000000007 -93.19999999999652 1.6
endloop
endfacet
facet normal 0 0 1
outer loop
vertex 235.025 -93.68772580503365 1.6
vertex 233.45000000000007 -93.19999999999652 1.6
vertex 233.40196320100776 -93.68772580503365 1.6
endloop
endfacet
facet normal 0 0 1
outer loop
vertex 228.45000000000024 -93.19999999999652 1.6
vertex 228.4980367989923 -92.71227419495631 1.6
vertex 89.5 -92.71227419495631 1.6
endloop
endfacet
facet normal 0 0 1
outer loop
vertex 228.45000000000024 -93.19999999999652 1.6
vertex 89.5 -92.71227419495631 1.6
vertex 89.5 -93.19999999999652 1.6
endloop
endfacet
facet normal 0 0 1
outer loop
vertex 235.025 -93.19999999999652 1.6
vertex 235.025 -92.71227419495631 1.6
vertex 233.40196320100816 -92.71227419495631 1.6
endloop
endfacet
facet normal 0 0 1
outer loop
vertex 235.025 -93.19999999999652 1.6
vertex 233.40196320100816 -92.71227419495631 1.6
vertex 233.45000000000007 -93.19999999999652 1.6
endloop
endfacet
facet normal 0 0 1
outer loop
vertex 228.4980367989923 -92.71227419495631 1.6
vertex 228.64030116871993 -92.24329141909158 1.6
vertex 89.5 -92.24329141909158 1.6
endloop
endfacet
facet normal 0 0 1
outer loop
vertex 228.4980367989923 -92.71227419495631 1.6
vertex 89.5 -92.24329141909158 1.6
vertex 89.5 -92.71227419495631 1.6
endloop
endfacet
facet normal 0 0 1
outer loop
vertex 235.025 -92.71227419495631 1.6
vertex 235.025 -92.24329141909158 1.6
vertex 233.25969883128062 -92.24329141909158 1.6
endloop
endfacet
facet normal 0 0 1
outer loop
vertex 235.025 -92.71227419495631 1.6
vertex 233.25969883128062 -92.24329141909158 1.6
vertex 233.40196320100816 -92.71227419495631 1.6
endloop
endfacet
facet normal 0 0 1
outer loop
vertex 228.64030116871993 -92.24329141909158 1.6
vertex 228.87132596924909 -91.81107441745783 1.6
vertex 89.5 -91.81107441745783 1.6
endloop
endfacet
facet normal 0 0 1
outer loop
vertex 228.64030116871993 -92.24329141909158 1.6
vertex 89.5 -91.81107441745783 1.6
vertex 89.5 -92.24329141909158 1.6
endloop
endfacet
facet normal 0 0 1
outer loop
vertex 235.025 -92.24329141909158 1.6
vertex 235.025 -91.81107441745783 1.6
vertex 233.02867403076013 -91.81107441745783 1.6
endloop
endfacet
facet normal 0 0 1
outer loop
vertex 235.025 -92.24329141909158 1.6
vertex 233.02867403076013 -91.81107441745783 1.6
vertex 233.25969883128062 -92.24329141909158 1.6
endloop
endfacet
facet normal 0 0 1
outer loop
vertex 228.87132596924909 -91.81107441745783 1.6
vertex 229.18223304703187 -91.43223304702434 1.6
vertex 89.5 -91.43223304702434 1.6
endloop
endfacet
facet normal 0 0 1
outer loop
vertex 228.87132596924909 -91.81107441745783 1.6
vertex 89.5 -91.43223304702434 1.6
vertex 89.5 -91.81107441745783 1.6
endloop
endfacet
facet normal 0 0 1
outer loop
vertex 235.025 -91.81107441745783 1.6
vertex 235.025 -91.43223304702434 1.6
vertex 232.71776695295688 -91.43223304702434 1.6
endloop
endfacet
facet normal 0 0 1
outer loop
vertex 235.025 -91.81107441745783 1.6
vertex 232.71776695295688 -91.43223304702434 1.6
vertex 233.02867403076013 -91.81107441745783 1.6
endloop
endfacet
facet normal 0 0 1
outer loop
vertex 229.18223304703187 -91.43223304702434 1.6
vertex 229.56107441744655 -91.12132596926152 1.6
vertex 89.5 -91.12132596926152 1.6
endloop
endfacet
facet normal 0 0 1
outer loop
vertex 229.18223304703187 -91.43223304702434 1.6
vertex 89.5 -91.12132596926152 1.6
vertex 89.5 -91.43223304702434 1.6
endloop
endfacet
facet normal 0 0 1
outer loop
vertex 235.025 -91.43223304702434 1.6
vertex 235.025 -91.12132596926152 1.6
vertex 232.3389255825726 -91.12132596926152 1.6
endloop
endfacet
facet normal 0 0 1
outer loop
vertex 235.025 -91.43223304702434 1.6
vertex 232.3389255825726 -91.12132596926152 1.6
vertex 232.71776695295688 -91.43223304702434 1.6
endloop
endfacet
facet normal 0 0 1
outer loop
vertex 229.56107441744655 -91.12132596926152 1.6
vertex 229.99329141907944 -90.8903011687167 1.6
vertex 89.5 -90.8903011687167 1.6
endloop
endfacet
facet normal 0 0 1
outer loop
vertex 229.56107441744655 -91.12132596926152 1.6
vertex 89.5 -90.8903011687167 1.6
vertex 89.5 -91.12132596926152 1.6
endloop
endfacet
facet normal 0 0 1
outer loop
vertex 235.025 -91.12132596926152 1.6
vertex 235.025 -90.8903011687167 1.6
vertex 231.90670858089337 -90.8903011687167 1.6
endloop
endfacet
facet normal 0 0 1
outer loop
vertex 235.025 -91.12132596926152 1.6
vertex 231.90670858089337 -90.8903011687167 1.6
vertex 232.3389255825726 -91.12132596926152 1.6
endloop
endfacet
facet normal 0 0 1
outer loop
vertex 229.99329141907944 -90.8903011687167 1.6
vertex 230.46227419497382 -90.74803679899244 1.6
vertex 89.5 -90.74803679899244 1.6
endloop
endfacet
facet normal 0 0 1
outer loop
vertex 229.99329141907944 -90.8903011687167 1.6
vertex 89.5 -90.74803679899244 1.6
vertex 89.5 -90.8903011687167 1.6
endloop
endfacet
facet normal 0 0 1
outer loop
vertex 235.025 -90.8903011687167 1.6
vertex 235.025 -90.74803679899244 1.6
vertex 231.43772580503943 -90.74803679899244 1.6
endloop
endfacet
facet normal 0 0 1
outer loop
vertex 235.025 -90.8903011687167 1.6
vertex 231.43772580503943 -90.74803679899244 1.6
vertex 231.90670858089337 -90.8903011687167 1.6
endloop
endfacet
facet normal 0 0 1
outer loop
vertex 230.46227419497382 -90.74803679899244 1.6
vertex 230.9499999999949 -90.7000000000001 1.6
vertex 89.5 -90.7000000000001 1.6
endloop
endfacet
facet normal 0 0 1
outer loop
vertex 230.46227419497382 -90.74803679899244 1.6
vertex 89.5 -90.7000000000001 1.6
vertex 89.5 -90.74803679899244 1.6
endloop
endfacet
facet normal 0 0 1
outer loop
vertex 235.025 -90.74803679899244 1.6
vertex 235.025 -90.7000000000001 1.6
vertex 230.9499999999949 -90.7000000000001 1.6
endloop
endfacet
facet normal 0 0 1
outer loop
vertex 235.025 -90.74803679899244 1.6
vertex 230.9499999999949 -90.7000000000001 1.6
vertex 231.43772580503943 -90.74803679899244 1.6
endloop
endfacet
facet normal 0 0 1
outer loop
vertex 230.9499999999949 -90.7000000000001 1.6
vertex 235.025 -90.7000000000001 1.6
vertex 235.025 -62.12500000000003 1.6
endloop
endfacet
facet normal 0 0 1
outer loop
vertex 230.9499999999949 -90.7000000000001 1.6
vertex 235.025 -62.12500000000003 1.6
vertex 185.1199999999955 -62.12500000000003 1.6
endloop
endfacet
facet normal 0 0 1
outer loop
vertex 230.9499999999949 -90.7000000000001 1.6
vertex 185.1199999999955 -62.12500000000003 1.6
vertex 89.5 -62.12500000000003 1.6
endloop
endfacet
facet normal 0 0 1
outer loop
vertex 230.9499999999949 -90.7000000000001 1.6
vertex 89.5 -62.12500000000003 1.6
vertex 89.5 -90.7000000000001 1.6
endloop
endfacet
facet normal 0 0 1
outer loop
vertex 185.1199999999955 -62.12500000000003 1.6
vertex 184.63227419494632 -62.07696320100723 1.6
vertex 89.5 -62.07696320100723 1.6
endloop
endfacet
facet normal 0 0 1
outer loop
vertex 185.1199999999955 -62.12500000000003 1.6
vertex 89.5 -62.07696320100723 1.6
vertex 89.5 -62.12500000000003 1.6
endloop
endfacet
facet normal 0 0 1
outer loop
vertex 235.025 -62.12500000000003 1.6
vertex 235.025 -62.07696320100723 1.6
vertex 185.60772580504474 -62.07696320100723 1.6
endloop
endfacet
facet normal 0 0 1
outer loop
vertex 235.025 -62.12500000000003 1.6
vertex 185.60772580504474 -62.07696320100723 1.6
vertex 185.1199999999955 -62.12500000000003 1.6
endloop
endfacet
facet normal 0 0 1
outer loop
vertex 184.63227419494632 -62.07696320100723 1.6
vertex 184.16329141910808 -61.934698831287726 1.6
vertex 89.5 -61.934698831287726 1.6
endloop
endfacet
facet normal 0 0 1
outer loop
vertex 184.63227419494632 -62.07696320100723 1.6
vertex 89.5 -61.934698831287726 1.6
vertex 89.5 -62.07696320100723 1.6
endloop
endfacet
facet normal 0 0 1
outer loop
vertex 235.025 -62.07696320100723 1.6
vertex 235.025 -61.934698831287726 1.6
vertex 186.07670858087937 -61.934698831287726 1.6
endloop
endfacet
facet normal 0 0 1
outer loop
vertex 235.025 -62.07696320100723 1.6
vertex 186.07670858087937 -61.934698831287726 1.6
vertex 185.60772580504474 -62.07696320100723 1.6
endloop
endfacet
facet normal 0 0 1
outer loop
vertex 184.16329141910808 -61.934698831287726 1.6
vertex 183.73107441742968 -61.703674030743365 1.6
vertex 89.5 -61.703674030743365 1.6
endloop
endfacet
facet normal 0 0 1
outer loop
vertex 184.16329141910808 -61.934698831287726 1.6
vertex 89.5 -61.703674030743365 1.6
vertex 89.5 -61.934698831287726 1.6
endloop
endfacet
facet normal 0 0 1
outer loop
vertex 235.025 -61.934698831287726 1.6
vertex 235.025 -61.703674030743365 1.6
vertex 186.5089255825873 -61.703674030743365 1.6
endloop
endfacet
facet normal 0 0 1
outer loop
vertex 235.025 -61.934698831287726 1.6
vertex 186.5089255825873 -61.703674030743365 1.6
vertex 186.07670858087937 -61.934698831287726 1.6
endloop
endfacet
facet normal 0 0 1
outer loop
vertex 183.73107441742968 -61.703674030743365 1.6
vertex 183.35223304704058 -61.39276695297657 1.6
vertex 89.5 -61.39276695297657 1.6
endloop
endfacet
facet normal 0 0 1
outer loop
vertex 183.73107441742968 -61.703674030743365 1.6
vertex 89.5 -61.39276695297657 1.6
vertex 89.5 -61.703674030743365 1.6
endloop
endfacet
facet normal 0 0 1
outer loop
vertex 235.025 -61.703674030743365 1.6
vertex 235.025 -61.39276695297657 1.6
vertex 186.8877669529489 -61.39276695297657 1.6
endloop
endfacet
facet normal 0 0 1
outer loop
vertex 235.025 -61.703674030743365 1.6
vertex 186.8877669529489 -61.39276695297657 1.6
vertex 186.5089255825873 -61.703674030743365 1.6
endloop
endfacet
facet normal 0 0 1
outer loop
vertex 183.35223304704058 -61.39276695297657 1.6
vertex 183.04132596924703 -61.01392558254461 1.6
vertex 89.5 -61.01392558254461 1.6
endloop
endfacet
facet normal 0 0 1
outer loop
vertex 183.35223304704058 -61.39276695297657 1.6
vertex 89.5 -61.01392558254461 1.6
vertex 89.5 -61.39276695297657 1.6
endloop
endfacet
facet normal 0 0 1
outer loop
vertex 235.025 -61.39276695297657 1.6
vertex 235.025 -61.01392558254461 1.6
vertex 187.19867403075895 -61.01392558254461 1.6
endloop
endfacet
facet normal 0 0 1
outer loop
vertex 235.025 -61.39276695297657 1.6
vertex 187.19867403075895 -61.01392558254461 1.6
vertex 186.8877669529489 -61.39276695297657 1.6
endloop
endfacet
facet normal 0 0 1
outer loop
vertex 183.04132596924703 -61.01392558254461 1.6
vertex 182.900254806309 -60.74999999999969 1.6
vertex 129.49999999999528 -60.74999999999969 1.6
endloop
endfacet
facet normal 0 0 1
outer loop
vertex 183.04132596924703 -61.01392558254461 1.6
vertex 129.49999999999528 -60.74999999999969 1.6
vertex 89.5 -60.74999999999969 1.6
endloop
endfacet
facet normal 0 0 1
outer loop
vertex 183.04132596924703 -61.01392558254461 1.6
vertex 89.5 -60.74999999999969 1.6
vertex 89.5 -61.01392558254461 1.6
endloop
endfacet
facet normal 0 0 1
outer loop
vertex 129.49999999999528 -60.74999999999969 1.6
vertex 129.01227419496087 -60.70196320100834 1.6
vertex 89.5 -60.70196320100834 1.6
endloop
endfacet
facet normal 0 0 1
outer loop
vertex 129.49999999999528 -60.74999999999969 1.6
vertex 89.5 -60.70196320100834 1.6
vertex 89.5 -60.74999999999969 1.6
endloop
endfacet
facet normal 0 0 1
outer loop
vertex 182.900254806309 -60.74999999999969 1.6
vertex 182.87457860231265 -60.70196320100834 1.6
vertex 129.98772580502973 -60.70196320100834 1.6
endloop
endfacet
facet normal 0 0 1
outer loop
vertex 182.900254806309 -60.74999999999969 1.6
vertex 129.98772580502973 -60.70196320100834 1.6
vertex 129.49999999999528 -60.74999999999969 1.6
endloop
endfacet
facet normal 0 0 1
outer loop
vertex 182.87457860231265 -60.70196320100834 1.6
vertex 182.81030116872134 -60.58170858091273 1.6
vertex 130.38415216007957 -60.58170858091273 1.6
endloop
endfacet
facet normal 0 0 1
outer loop
vertex 182.87457860231265 -60.70196320100834 1.6
vertex 130.38415216007957 -60.58170858091273 1.6
vertex 129.98772580502973 -60.70196320100834 1.6
endloop
endfacet
facet normal 0 0 1
outer loop
vertex 235.025 -61.01392558254461 1.6
vertex 235.025 -60.58170858091273 1.6
vertex 187.42969883127844 -60.58170858091273 1.6
endloop
endfacet
facet normal 0 0 1
outer loop
vertex 235.025 -61.01392558254461 1.6
vertex 187.42969883127844 -60.58170858091273 1.6
vertex 187.19867403075895 -61.01392558254461 1.6
endloop
endfacet
facet normal 0 0 1
outer loop
vertex 129.01227419496087 -60.70196320100834 1.6
vertex 128.54329141907888 -60.55969883127559 1.6
vertex 89.5 -60.55969883127559 1.6
endloop
endfacet
facet normal 0 0 1
outer loop
vertex 129.01227419496087 -60.70196320100834 1.6
vertex 89.5 -60.55969883127559 1.6
vertex 89.5 -60.70196320100834 1.6
endloop
endfacet
facet normal 0 0 1
outer loop
vertex 182.81030116872134 -60.58170858091273 1.6
vertex 182.8036245841623 -60.55969883127559 1.6
vertex 130.45670858092257 -60.55969883127559 1.6
endloop
endfacet
facet normal 0 0 1
outer loop
vertex 182.81030116872134 -60.58170858091273 1.6
vertex 130.45670858092257 -60.55969883127559 1.6
vertex 130.38415216007957 -60.58170858091273 1.6
endloop
endfacet
facet normal 0 0 1
outer loop
vertex 128.54329141907888 -60.55969883127559 1.6
vertex 128.11107441745398 -60.32867403075979 1.6
vertex 89.5 -60.32867403075979 1.6
endloop
endfacet
facet normal 0 0 1
outer loop
vertex 128.54329141907888 -60.55969883127559 1.6
vertex 89.5 -60.32867403075979 1.6
vertex 89.5 -60.55969883127559 1.6
endloop
endfacet
facet normal 0 0 1
outer loop
vertex 182.8036245841623 -60.55969883127559 1.6
vertex 182.73354397709477 -60.32867403075979 1.6
vertex 130.8889255825396 -60.32867403075979 1.6
endloop
endfacet
facet normal 0 0 1
outer loop
vertex 182.8036245841623 -60.55969883127559 1.6
vertex 130.8889255825396 -60.32867403075979 1.6
vertex 130.45670858092257 -60.55969883127559 1.6
endloop
endfacet
facet normal 0 0 1
outer loop
vertex 182.73354397709477 -60.32867403075979 1.6
vertex 182.66803679899232 -60.1127258050405 1.6
vertex 131.15205925692828 -60.1127258050405 1.6
endloop
endfacet
facet normal 0 0 1
outer loop
vertex 182.73354397709477 -60.32867403075979 1.6
vertex 131.15205925692828 -60.1127258050405 1.6
vertex 130.8889255825396 -60.32867403075979 1.6
endloop
endfacet
facet normal 0 0 1
outer loop
vertex 235.025 -60.58170858091273 1.6
vertex 235.025 -60.1127258050405 1.6
vertex 187.57196320100823 -60.1127258050405 1.6
endloop
endfacet
facet normal 0 0 1
outer loop
vertex 235.025 -60.58170858091273 1.6
vertex 187.57196320100823 -60.1127258050405 1.6
vertex 187.42969883127844 -60.58170858091273 1.6
endloop
endfacet
facet normal 0 0 1
outer loop
vertex 128.11107441745398 -60.32867403075979 1.6
vertex 127.73223304704152 -60.0177669529738 1.6
vertex 89.5 -60.0177669529738 1.6
endloop
endfacet
facet normal 0 0 1
outer loop
vertex 128.11107441745398 -60.32867403075979 1.6
vertex 89.5 -60.0177669529738 1.6
vertex 89.5 -60.32867403075979 1.6
endloop
endfacet
facet normal 0 0 1
outer loop
vertex 182.66803679899232 -60.1127258050405 1.6
vertex 182.65868416839095 -60.0177669529738 1.6
vertex 131.26776695295734 -60.0177669529738 1.6
endloop
endfacet
facet normal 0 0 1
outer loop
vertex 182.66803679899232 -60.1127258050405 1.6
vertex 131.26776695295734 -60.0177669529738 1.6
vertex 131.15205925692828 -60.1127258050405 1.6
endloop
endfacet
facet normal 0 0 1
outer loop
vertex 127.73223304704152 -60.0177669529738 1.6
vertex 127.42132596924607 -59.6389255825483 1.6
vertex 89.5 -59.6389255825483 1.6
endloop
endfacet
facet normal 0 0 1
outer loop
vertex 127.73223304704152 -60.0177669529738 1.6
vertex 89.5 -59.6389255825483 1.6
vertex 89.5 -60.0177669529738 1.6
endloop
endfacet
facet normal 0 0 1
outer loop
vertex 182.65868416839095 -60.0177669529738 1.6
vertex 182.621371550168 -59.6389255825483 1.6
vertex 131.57867403075667 -59.6389255825483 1.6
endloop
endfacet
facet normal 0 0 1
outer loop
vertex 182.65868416839095 -60.0177669529738 1.6
vertex 131.57867403075667 -59.6389255825483 1.6
vertex 131.26776695295734 -60.0177669529738 1.6
endloop
endfacet
facet normal 0 0 1
outer loop
vertex 182.621371550168 -59.6389255825483 1.6
vertex 182.62000000000026 -59.62500000000005 1.6
vertex 131.58611740970332 -59.62500000000005 1.6
endloop
endfacet
facet normal 0 0 1
outer loop
vertex 182.621371550168 -59.6389255825483 1.6
vertex 131.58611740970332 -59.62500000000005 1.6
vertex 131.57867403075667 -59.6389255825483 1.6
endloop
endfacet
facet normal 0 0 1
outer loop
vertex 235.025 -60.1127258050405 1.6
vertex 235.025 -59.62500000000005 1.6
vertex 187.62000000000012 -59.62500000000005 1.6
endloop
endfacet
facet normal 0 0 1
outer loop
vertex 235.025 -60.1127258050405 1.6
vertex 187.62000000000012 -59.62500000000005 1.6
vertex 187.57196320100823 -60.1127258050405 1.6
endloop
endfacet
facet normal 0 0 1
outer loop
vertex 127.42132596924607 -59.6389255825483 1.6
vertex 127.19030116871816 -59.20670858091152 1.6
vertex 89.5 -59.20670858091152 1.6
endloop
endfacet
facet normal 0 0 1
outer loop
vertex 127.42132596924607 -59.6389255825483 1.6
vertex 89.5 -59.20670858091152 1.6
vertex 89.5 -59.6389255825483 1.6
endloop
endfacet
facet normal 0 0 1
outer loop
vertex 182.62000000000026 -59.62500000000005 1.6
vertex 182.66119810887838 -59.20670858091152 1.6
vertex 131.8096988312788 -59.20670858091152 1.6
endloop
endfacet
facet normal 0 0 1
outer loop
vertex 182.62000000000026 -59.62500000000005 1.6
vertex 131.8096988312788 -59.20670858091152 1.6
vertex 131.58611740970332 -59.62500000000005 1.6
endloop
endfacet
facet normal 0 0 1
outer loop
vertex 182.66119810887838 -59.20670858091152 1.6
vertex 182.66803679899186 -59.13727419496213 1.6
vertex 131.83076152198487 -59.13727419496213 1.6
endloop
endfacet
facet normal 0 0 1
outer loop
vertex 182.66119810887838 -59.20670858091152 1.6
vertex 131.83076152198487 -59.13727419496213 1.6
vertex 131.8096988312788 -59.20670858091152 1.6
endloop
endfacet
facet normal 0 0 1
outer loop
vertex 235.025 -59.62500000000005 1.6
vertex 235.025 -59.13727419496213 1.6
vertex 187.5719632010082 -59.13727419496213 1.6
endloop
endfacet
facet normal 0 0 1
outer loop
vertex 235.025 -59.62500000000005 1.6
vertex 187.5719632010082 -59.13727419496213 1.6
vertex 187.62000000000012 -59.62500000000005 1.6
endloop
endfacet
facet normal 0 0 1
outer loop
vertex 127.19030116871816 -59.20670858091152 1.6
vertex 127.04803679899224 -58.737725805042075 1.6
vertex 89.5 -58.737725805042075 1.6
endloop
endfacet
facet normal 0 0 1
outer loop
vertex 127.19030116871816 -59.20670858091152 1.6
vertex 89.5 -58.737725805042075 1.6
vertex 89.5 -59.20670858091152 1.6
endloop
endfacet
facet normal 0 0 1
outer loop
vertex 182.66803679899186 -59.13727419496213 1.6
vertex 182.789238478013 -58.737725805042075 1.6
vertex 131.9519632010078 -58.737725805042075 1.6
endloop
endfacet
facet normal 0 0 1
outer loop
vertex 182.66803679899186 -59.13727419496213 1.6
vertex 131.9519632010078 -58.737725805042075 1.6
vertex 131.83076152198487 -59.13727419496213 1.6
endloop
endfacet
facet normal 0 0 1
outer loop
vertex 182.789238478013 -58.737725805042075 1.6
vertex 182.81030116872213 -58.668291419077214 1.6
vertex 131.9588018911227 -58.668291419077214 1.6
endloop
endfacet
facet normal 0 0 1
outer loop
vertex 182.789238478013 -58.737725805042075 1.6
vertex 131.9588018911227 -58.668291419077214 1.6
vertex 131.9519632010078 -58.737725805042075 1.6
endloop
endfacet
facet normal 0 0 1
outer loop
vertex 235.025 -59.13727419496213 1.6
vertex 235.025 -58.668291419077214 1.6
vertex 187.42969883127455 -58.668291419077214 1.6
endloop
endfacet
facet normal 0 0 1
outer loop
vertex 235.025 -59.13727419496213 1.6
vertex 187.42969883127455 -58.668291419077214 1.6
vertex 187.5719632010082 -59.13727419496213 1.6
endloop
endfacet
facet normal 0 0 1
outer loop
vertex 127.04803679899224 -58.737725805042075 1.6
vertex 127.00000000000006 -58.24999999999991 1.6
vertex 89.5 -58.24999999999991 1.6
endloop
endfacet
facet normal 0 0 1
outer loop
vertex 127.04803679899224 -58.737725805042075 1.6
vertex 89.5 -58.24999999999991 1.6
vertex 89.5 -58.737725805042075 1.6
endloop
endfacet
facet normal 0 0 1
outer loop
vertex 182.81030116872213 -58.668291419077214 1.6
vertex 183.03388259029666 -58.24999999999991 1.6
vertex 131.9999999999999 -58.24999999999991 1.6
endloop
endfacet
facet normal 0 0 1
outer loop
vertex 182.81030116872213 -58.668291419077214 1.6
vertex 131.9999999999999 -58.24999999999991 1.6
vertex 131.9588018911227 -58.668291419077214 1.6
endloop
endfacet
facet normal 0 0 1
outer loop
vertex 183.03388259029666 -58.24999999999991 1.6
vertex 183.04132596924637 -58.23607441746185 1.6
vertex 131.99862844983335 -58.23607441746185 1.6
endloop
endfacet
facet normal 0 0 1
outer loop
vertex 183.03388259029666 -58.24999999999991 1.6
vertex 131.99862844983335 -58.23607441746185 1.6
vertex 131.9999999999999 -58.24999999999991 1.6
endloop
endfacet
facet normal 0 0 1
outer loop
vertex 235.025 -58.668291419077214 1.6
vertex 235.025 -58.23607441746185 1.6
vertex 187.19867403076387 -58.23607441746185 1.6
endloop
endfacet
facet normal 0 0 1
outer loop
vertex 235.025 -58.668291419077214 1.6
vertex 187.19867403076387 -58.23607441746185 1.6
vertex 187.42969883127455 -58.668291419077214 1.6
endloop
endfacet
facet normal 0 0 1
outer loop
vertex 183.04132596924637 -58.23607441746185 1.6
vertex 183.35223304702922 -57.857233047036814 1.6
vertex 131.96131583161042 -57.857233047036814 1.6
endloop
endfacet
facet normal 0 0 1
outer loop
vertex 183.04132596924637 -58.23607441746185 1.6
vertex 131.96131583161042 -57.857233047036814 1.6
vertex 131.99862844983335 -58.23607441746185 1.6
endloop
endfacet
facet normal 0 0 1
outer loop
vertex 235.025 -58.23607441746185 1.6
vertex 235.025 -57.857233047036814 1.6
vertex 186.8877669529676 -57.857233047036814 1.6
endloop
endfacet
facet normal 0 0 1
outer loop
vertex 235.025 -58.23607441746185 1.6
vertex 186.8877669529676 -57.857233047036814 1.6
vertex 187.19867403076387 -58.23607441746185 1.6
endloop
endfacet
facet normal 0 0 1
outer loop
vertex 127.00000000000006 -58.24999999999991 1.6
vertex 127.0480367989918 -57.76227419495538 1.6
vertex 89.5 -57.76227419495538 1.6
endloop
endfacet
facet normal 0 0 1
outer loop
vertex 127.00000000000006 -58.24999999999991 1.6
vertex 89.5 -57.76227419495538 1.6
vertex 89.5 -58.24999999999991 1.6
endloop
endfacet
facet normal 0 0 1
outer loop
vertex 183.35223304702922 -57.857233047036814 1.6
vertex 183.46794074307675 -57.76227419495538 1.6
vertex 131.95196320100774 -57.76227419495538 1.6
endloop
endfacet
facet normal 0 0 1
outer loop
vertex 183.35223304702922 -57.857233047036814 1.6
vertex 131.95196320100774 -57.76227419495538 1.6
vertex 131.96131583161042 -57.857233047036814 1.6
endloop
endfacet
facet normal 0 0 1
outer loop
vertex 183.46794074307675 -57.76227419495538 1.6
vertex 183.73107441744995 -57.54632596923737 1.6
vertex 131.8864560229053 -57.54632596923737 1.6
endloop
endfacet
facet normal 0 0 1
outer loop
vertex 183.46794074307675 -57.76227419495538 1.6
vertex 131.8864560229053 -57.54632596923737 1.6
vertex 131.95196320100774 -57.76227419495538 1.6
endloop
endfacet
facet normal 0 0 1
outer loop
vertex 235.025 -57.857233047036814 1.6
vertex 235.025 -57.54632596923737 1.6
vertex 186.50892558253872 -57.54632596923737 1.6
endloop
endfacet
facet normal 0 0 1
outer loop
vertex 235.025 -57.857233047036814 1.6
vertex 186.50892558253872 -57.54632596923737 1.6
vertex 186.8877669529676 -57.857233047036814 1.6
endloop
endfacet
facet normal 0 0 1
outer loop
vertex 183.73107441744995 -57.54632596923737 1.6
vertex 184.16329141908994 -57.31530116872403 1.6
vertex 131.81637541583854 -57.31530116872403 1.6
endloop
endfacet
facet normal 0 0 1
outer loop
vertex 183.73107441744995 -57.54632596923737 1.6
vertex 131.81637541583854 -57.31530116872403 1.6
vertex 131.8864560229053 -57.54632596923737 1.6
endloop
endfacet
facet normal 0 0 1
outer loop
vertex 235.025 -57.54632596923737 1.6
vertex 235.025 -57.31530116872403 1.6
vertex 186.07670858091836 -57.31530116872403 1.6
endloop
endfacet
facet normal 0 0 1
outer loop
vertex 235.025 -57.54632596923737 1.6
vertex 186.07670858091836 -57.31530116872403 1.6
vertex 186.50892558253872 -57.54632596923737 1.6
endloop
endfacet
facet normal 0 0 1
outer loop
vertex 127.0480367989918 -57.76227419495538 1.6
vertex 127.19030116872231 -57.293291419096384 1.6
vertex 89.5 -57.293291419096384 1.6
endloop
endfacet
facet normal 0 0 1
outer loop
vertex 127.0480367989918 -57.76227419495538 1.6
vertex 89.5 -57.293291419096384 1.6
vertex 89.5 -57.76227419495538 1.6
endloop
endfacet
facet normal 0 0 1
outer loop
vertex 184.16329141908994 -57.31530116872403 1.6
vertex 184.23584783989043 -57.293291419096384 1.6
vertex 131.80969883128196 -57.293291419096384 1.6
endloop
endfacet
facet normal 0 0 1
outer loop
vertex 184.16329141908994 -57.31530116872403 1.6
vertex 131.80969883128196 -57.293291419096384 1.6
vertex 131.81637541583854 -57.31530116872403 1.6
endloop
endfacet
facet normal 0 0 1
outer loop
vertex 184.23584783989043 -57.293291419096384 1.6
vertex 184.6322741949599 -57.17303679899235 1.6
vertex 131.74542139768684 -57.17303679899235 1.6
endloop
endfacet
facet normal 0 0 1
outer loop
vertex 184.23584783989043 -57.293291419096384 1.6
vertex 131.74542139768684 -57.17303679899235 1.6
vertex 131.80969883128196 -57.293291419096384 1.6
endloop
endfacet
facet normal 0 0 1
outer loop
vertex 235.025 -57.31530116872403 1.6
vertex 235.025 -57.17303679899235 1.6
vertex 185.60772580503996 -57.17303679899235 1.6
endloop
endfacet
facet normal 0 0 1
outer loop
vertex 235.025 -57.31530116872403 1.6
vertex 185.60772580503996 -57.17303679899235 1.6
vertex 186.07670858091836 -57.31530116872403 1.6
endloop
endfacet
facet normal 0 0 1
outer loop
vertex 184.6322741949599 -57.17303679899235 1.6
vertex 185.11999999999563 -57.12500000000003 1.6
vertex 131.71974519369002 -57.12500000000003 1.6
endloop
endfacet
facet normal 0 0 1
outer loop
vertex 184.6322741949599 -57.17303679899235 1.6
vertex 131.71974519369002 -57.12500000000003 1.6
vertex 131.74542139768684 -57.17303679899235 1.6
endloop
endfacet
facet normal 0 0 1
outer loop
vertex 235.025 -57.17303679899235 1.6
vertex 235.025 -57.12500000000003 1.6
vertex 185.11999999999563 -57.12500000000003 1.6
endloop
endfacet
facet normal 0 0 1
outer loop
vertex 235.025 -57.17303679899235 1.6
vertex 185.11999999999563 -57.12500000000003 1.6
vertex 185.60772580503996 -57.17303679899235 1.6
endloop
endfacet
facet normal 0 0 1
outer loop
vertex 127.19030116872231 -57.293291419096384 1.6
vertex 127.42132596924304 -56.86107441744155 1.6
vertex 89.5 -56.86107441744155 1.6
endloop
endfacet
facet normal 0 0 1
outer loop
vertex 127.19030116872231 -57.293291419096384 1.6
vertex 89.5 -56.86107441744155 1.6
vertex 89.5 -57.293291419096384 1.6
endloop
endfacet
facet normal 0 0 1
outer loop
vertex 185.11999999999563 -57.12500000000003 1.6
vertex 235.025 -57.12500000000003 1.6
vertex 235.025 -56.86107441744155 1.6
endloop
endfacet
facet normal 0 0 1
outer loop
vertex 185.11999999999563 -57.12500000000003 1.6
vertex 235.025 -56.86107441744155 1.6
vertex 131.57867403075016 -56.86107441744155 1.6
endloop
endfacet
facet normal 0 0 1
outer loop
vertex 185.11999999999563 -57.12500000000003 1.6
vertex 131.57867403075016 -56.86107441744155 1.6
vertex 131.71974519369002 -57.12500000000003 1.6
endloop
endfacet
facet normal 0 0 1
outer loop
vertex 127.42132596924304 -56.86107441744155 1.6
vertex 127.73223304703617 -56.48223304704049 1.6
vertex 89.5 -56.48223304704049 1.6
endloop
endfacet
facet normal 0 0 1
outer loop
vertex 127.42132596924304 -56.86107441744155 1.6
vertex 89.5 -56.48223304704049 1.6
vertex 89.5 -56.86107441744155 1.6
endloop
endfacet
facet normal 0 0 1
outer loop
vertex 235.025 -56.86107441744155 1.6
vertex 235.025 -56.48223304704049 1.6
vertex 131.26776695297357 -56.48223304704049 1.6
endloop
endfacet
facet normal 0 0 1
outer loop
vertex 235.025 -56.86107441744155 1.6
vertex 131.26776695297357 -56.48223304704049 1.6
vertex 131.57867403075016 -56.86107441744155 1.6
endloop
endfacet
facet normal 0 0 1
outer loop
vertex 127.73223304703617 -56.48223304704049 1.6
vertex 128.11107441745446 -56.171325969247405 1.6
vertex 89.5 -56.171325969247405 1.6
endloop
endfacet
facet normal 0 0 1
outer loop
vertex 127.73223304703617 -56.48223304704049 1.6
vertex 89.5 -56.171325969247405 1.6
vertex 89.5 -56.48223304704049 1.6
endloop
endfacet
facet normal 0 0 1
outer loop
vertex 235.025 -56.48223304704049 1.6
vertex 235.025 -56.171325969247405 1.6
vertex 130.88892558255242 -56.171325969247405 1.6
endloop
endfacet
facet normal 0 0 1
outer loop
vertex 235.025 -56.48223304704049 1.6
vertex 130.88892558255242 -56.171325969247405 1.6
vertex 131.26776695297357 -56.48223304704049 1.6
endloop
endfacet
facet normal 0 0 1
outer loop
vertex 128.11107441745446 -56.171325969247405 1.6
vertex 128.54329141908252 -55.940301168722975 1.6
vertex 89.5 -55.940301168722975 1.6
endloop
endfacet
facet normal 0 0 1
outer loop
vertex 128.11107441745446 -56.171325969247405 1.6
vertex 89.5 -55.940301168722975 1.6
vertex 89.5 -56.171325969247405 1.6
endloop
endfacet
facet normal 0 0 1
outer loop
vertex 235.025 -56.171325969247405 1.6
vertex 235.025 -55.940301168722975 1.6
vertex 130.45670858091137 -55.940301168722975 1.6
endloop
endfacet
facet normal 0 0 1
outer loop
vertex 235.025 -56.171325969247405 1.6
vertex 130.45670858091137 -55.940301168722975 1.6
vertex 130.88892558255242 -56.171325969247405 1.6
endloop
endfacet
facet normal 0 0 1
outer loop
vertex 128.54329141908252 -55.940301168722975 1.6
vertex 129.01227419495842 -55.798036798990815 1.6
vertex 89.5 -55.798036798990815 1.6
endloop
endfacet
facet normal 0 0 1
outer loop
vertex 128.54329141908252 -55.940301168722975 1.6
vertex 89.5 -55.798036798990815 1.6
vertex 89.5 -55.940301168722975 1.6
endloop
endfacet
facet normal 0 0 1
outer loop
vertex 235.025 -55.940301168722975 1.6
vertex 235.025 -55.798036798990815 1.6
vertex 129.98772580503135 -55.798036798990815 1.6
endloop
endfacet
facet normal 0 0 1
outer loop
vertex 235.025 -55.940301168722975 1.6
vertex 129.98772580503135 -55.798036798990815 1.6
vertex 130.45670858091137 -55.940301168722975 1.6
endloop
endfacet
facet normal 0 0 1
outer loop
vertex 129.01227419495842 -55.798036798990815 1.6
vertex 129.49999999999986 -55.74999999999976 1.6
vertex 89.5 -55.74999999999976 1.6
endloop
endfacet
facet normal 0 0 1
outer loop
vertex 129.01227419495842 -55.798036798990815 1.6
vertex 89.5 -55.74999999999976 1.6
vertex 89.5 -55.798036798990815 1.6
endloop
endfacet
facet normal 0 0 1
outer loop
vertex 235.025 -55.798036798990815 1.6
vertex 235.025 -55.74999999999976 1.6
vertex 129.49999999999986 -55.74999999999976 1.6
endloop
endfacet
facet normal 0 0 1
outer loop
vertex 235.025 -55.798036798990815 1.6
vertex 129.49999999999986 -55.74999999999976 1.6
vertex 129.98772580503135 -55.798036798990815 1.6
endloop
endfacet
facet normal 0 0 1
outer loop
vertex 129.49999999999986 -55.74999999999976 1.6
vertex 235.025 -55.74999999999976 1.6
vertex 235.025 -52 1.6
endloop
endfacet
facet normal 0 0 1
outer loop
vertex 129.49999999999986 -55.74999999999976 1.6
vertex 235.025 -52 1.6
vertex 115.5 -52 1.6
endloop
endfacet
facet normal 0 0 1
outer loop
vertex 129.49999999999986 -55.74999999999976 1.6
vertex 115.5 -52 1.6
vertex 91.50000000000004 -52 1.6
endloop
endfacet
facet normal 0 0 1
outer loop
vertex 129.49999999999986 -55.74999999999976 1.6
vertex 91.50000000000004 -52 1.6
vertex 91.15270364466615 -52.03038449397558 1.6
endloop
endfacet
facet normal 0 0 1
outer loop
vertex 129.49999999999986 -55.74999999999976 1.6
vertex 91.15270364466615 -52.03038449397558 1.6
vertex 90.81595971334862 -52.1206147584282 1.6
endloop
endfacet
facet normal 0 0 1
outer loop
vertex 129.49999999999986 -55.74999999999976 1.6
vertex 90.81595971334862 -52.1206147584282 1.6
vertex 90.49999999999996 -52.26794919243114 1.6
endloop
endfacet
facet normal 0 0 1
outer loop
vertex 129.49999999999986 -55.74999999999976 1.6
vertex 90.49999999999996 -52.26794919243114 1.6
vertex 90.21442478062693 -52.46791111376203 1.6
endloop
endfacet
facet normal 0 0 1
outer loop
vertex 129.49999999999986 -55.74999999999976 1.6
vertex 90.21442478062693 -52.46791111376203 1.6
vertex 89.96791111376213 -52.714424780626814 1.6
endloop
endfacet
facet normal 0 0 1
outer loop
vertex 129.49999999999986 -55.74999999999976 1.6
vertex 89.96791111376213 -52.714424780626814 1.6
vertex 89.76794919243109 -53.00000000000005 1.6
endloop
endfacet
facet normal 0 0 1
outer loop
vertex 129.49999999999986 -55.74999999999976 1.6
vertex 89.76794919243109 -53.00000000000005 1.6
vertex 89.62061475842819 -53.31595971334865 1.6
endloop
endfacet
facet normal 0 0 1
outer loop
vertex 129.49999999999986 -55.74999999999976 1.6
vertex 89.62061475842819 -53.31595971334865 1.6
vertex 89.5303844939756 -53.65270364466606 1.6
endloop
endfacet
facet normal 0 0 1
outer loop
vertex 129.49999999999986 -55.74999999999976 1.6
vertex 89.5303844939756 -53.65270364466606 1.6
vertex 89.5 -54.00000000000008 1.6
endloop
endfacet
facet normal 0 0 1
outer loop
vertex 129.49999999999986 -55.74999999999976 1.6
vertex 89.5 -54.00000000000008 1.6
vertex 89.5 -55.74999999999976 1.6
endloop
endfacet
facet normal 0 0 1
outer loop
vertex 235.025 -52 1.6
vertex 235.025 -51.96961550602442 1.6
vertex 115.84729635533388 -51.96961550602442 1.6
endloop
endfacet
facet normal 0 0 1
outer loop
vertex 235.025 -52 1.6
vertex 115.84729635533388 -51.96961550602442 1.6
vertex 115.5 -52 1.6
endloop
endfacet
facet normal 0 0 1
outer loop
vertex 235.025 -51.96961550602442 1.6
vertex 235.025 -51.87938524157182 1.6
vertex 116.18404028665135 -51.87938524157182 1.6
endloop
endfacet
facet normal 0 0 1
outer loop
vertex 235.025 -51.96961550602442 1.6
vertex 116.18404028665135 -51.87938524157182 1.6
vertex 115.84729635533388 -51.96961550602442 1.6
endloop
endfacet
facet normal 0 0 1
outer loop
vertex 235.025 -51.87938524157182 1.6
vertex 235.025 -51.73205080756888 1.6
vertex 116.49999999999999 -51.73205080756888 1.6
endloop
endfacet
facet normal 0 0 1
outer loop
vertex 235.025 -51.87938524157182 1.6
vertex 116.49999999999999 -51.73205080756888 1.6
vertex 116.18404028665135 -51.87938524157182 1.6
endloop
endfacet
facet normal 0 0 1
outer loop
vertex 235.025 -51.73205080756888 1.6
vertex 235.025 -51.53208888623801 1.6
vertex 116.785575219373 -51.53208888623801 1.6
endloop
endfacet
facet normal 0 0 1
outer loop
vertex 235.025 -51.73205080756888 1.6
vertex 116.785575219373 -51.53208888623801 1.6
vertex 116.49999999999999 -51.73205080756888 1.6
endloop
endfacet
facet normal 0 0 1
outer loop
vertex 235.025 -51.53208888623801 1.6
vertex 235.025 -51.285575219373065 1.6
vertex 117.03208888623796 -51.285575219373065 1.6
endloop
endfacet
facet normal 0 0 1
outer loop
vertex 235.025 -51.53208888623801 1.6
vertex 117.03208888623796 -51.285575219373065 1.6
vertex 116.785575219373 -51.53208888623801 1.6
endloop
endfacet
facet normal 0 0 1
outer loop
vertex 235.025 -51.285575219373065 1.6
vertex 235.025 -51.000000000000014 1.6
vertex 117.23205080756887 -51.000000000000014 1.6
endloop
endfacet
facet normal 0 0 1
outer loop
vertex 235.025 -51.285575219373065 1.6
vertex 117.23205080756887 -51.000000000000014 1.6
vertex 117.03208888623796 -51.285575219373065 1.6
endloop
endfacet
facet normal 0 0 1
outer loop
vertex 235.025 -51.000000000000014 1.6
vertex 235.025 -50.68404028665135 1.6
vertex 117.3793852415718 -50.68404028665135 1.6
endloop
endfacet
facet normal 0 0 1
outer loop
vertex 235.025 -51.000000000000014 1.6
vertex 117.3793852415718 -50.68404028665135 1.6
vertex 117.23205080756887 -51.000000000000014 1.6
endloop
endfacet
facet normal 0 0 1
outer loop
vertex 235.025 -50.68404028665135 1.6
vertex 235.025 -50.34729635533384 1.6
vertex 117.46961550602441 -50.34729635533384 1.6
endloop
endfacet
facet normal 0 0 1
outer loop
vertex 235.025 -50.68404028665135 1.6
vertex 117.46961550602441 -50.34729635533384 1.6
vertex 117.3793852415718 -50.68404028665135 1.6
endloop
endfacet
facet normal 0 0 1
outer loop
vertex 235.025 -50.34729635533384 1.6
vertex 235.025 -49.99999999999997 1.6
vertex 117.5 -49.99999999999997 1.6
endloop
endfacet
facet normal 0 0 1
outer loop
vertex 235.025 -50.34729635533384 1.6
vertex 117.5 -49.99999999999997 1.6
vertex 117.46961550602441 -50.34729635533384 1.6
endloop
endfacet
facet normal 0 0 1
outer loop
vertex 235.025 -49.99999999999997 1.6
vertex 235.025 -46.75 1.6
vertex 125.50000000000006 -46.75 1.6
endloop
endfacet
facet normal 0 0 1
outer loop
vertex 235.025 -49.99999999999997 1.6
vertex 125.50000000000006 -46.75 1.6
vertex 119.50000000000001 -46.75 1.6
endloop
endfacet
facet normal 0 0 1
outer loop
vertex 235.025 -49.99999999999997 1.6
vertex 119.50000000000001 -46.75 1.6
vertex 119.1527036446662 -46.780384493975575 1.6
endloop
endfacet
facet normal 0 0 1
outer loop
vertex 235.025 -49.99999999999997 1.6
vertex 119.1527036446662 -46.780384493975575 1.6
vertex 118.81595971334863 -46.8706147584282 1.6
endloop
endfacet
facet normal 0 0 1
outer loop
vertex 235.025 -49.99999999999997 1.6
vertex 118.81595971334863 -46.8706147584282 1.6
vertex 118.49999999999999 -47.01794919243113 1.6
endloop
endfacet
facet normal 0 0 1
outer loop
vertex 235.025 -49.99999999999997 1.6
vertex 118.49999999999999 -47.01794919243113 1.6
vertex 118.214424780627 -47.21791111376199 1.6
endloop
endfacet
facet normal 0 0 1
outer loop
vertex 235.025 -49.99999999999997 1.6
vertex 118.214424780627 -47.21791111376199 1.6
vertex 117.96791111376194 -47.46442478062703 1.6
endloop
endfacet
facet normal 0 0 1
outer loop
vertex 235.025 -49.99999999999997 1.6
vertex 117.96791111376194 -47.46442478062703 1.6
vertex 117.7679491924311 -47.749999999999986 1.6
endloop
endfacet
facet normal 0 0 1
outer loop
vertex 235.025 -49.99999999999997 1.6
vertex 117.7679491924311 -47.749999999999986 1.6
vertex 117.62061475842822 -48.065959713348555 1.6
endloop
endfacet
facet normal 0 0 1
outer loop
vertex 235.025 -49.99999999999997 1.6
vertex 117.62061475842822 -48.065959713348555 1.6
vertex 117.53038449397559 -48.40270364466613 1.6
endloop
endfacet
facet normal 0 0 1
outer loop
vertex 235.025 -49.99999999999997 1.6
vertex 117.53038449397559 -48.40270364466613 1.6
vertex 117.5 -48.74999999999987 1.6
endloop
endfacet
facet normal 0 0 1
outer loop
vertex 235.025 -49.99999999999997 1.6
vertex 117.5 -48.74999999999987 1.6
vertex 117.5 -49.99999999999997 1.6
endloop
endfacet
facet normal 0 0 1
outer loop
vertex 235.025 -46.75 1.6
vertex 235.025 -46.71961550602441 1.6
vertex 125.8472963553339 -46.71961550602441 1.6
endloop
endfacet
facet normal 0 0 1
outer loop
vertex 235.025 -46.75 1.6
vertex 125.8472963553339 -46.71961550602441 1.6
vertex 125.50000000000006 -46.75 1.6
endloop
endfacet
facet normal 0 0 1
outer loop
vertex 235.025 -46.71961550602441 1.6
vertex 235.025 -46.62938524157183 1.6
vertex 126.18404028665132 -46.62938524157183 1.6
endloop
endfacet
facet normal 0 0 1
outer loop
vertex 235.025 -46.71961550602441 1.6
vertex 126.18404028665132 -46.62938524157183 1.6
vertex 125.8472963553339 -46.71961550602441 1.6
endloop
endfacet
facet normal 0 0 1
outer loop
vertex 235.025 -46.62938524157183 1.6
vertex 235.025 -46.482050807568896 1.6
vertex 126.49999999999996 -46.482050807568896 1.6
endloop
endfacet
facet normal 0 0 1
outer loop
vertex 235.025 -46.62938524157183 1.6
vertex 126.49999999999996 -46.482050807568896 1.6
vertex 126.18404028665132 -46.62938524157183 1.6
endloop
endfacet
facet normal 0 0 1
outer loop
vertex 235.025 -46.482050807568896 1.6
vertex 235.025 -46.28208888623788 1.6
vertex 126.78557521937317 -46.28208888623788 1.6
endloop
endfacet
facet normal 0 0 1
outer loop
vertex 235.025 -46.482050807568896 1.6
vertex 126.78557521937317 -46.28208888623788 1.6
vertex 126.49999999999996 -46.482050807568896 1.6
endloop
endfacet
facet normal 0 0 1
outer loop
vertex 235.025 -46.28208888623788 1.6
vertex 235.025 -46.03557521937306 1.6
vertex 127.03208888623799 -46.03557521937306 1.6
endloop
endfacet
facet normal 0 0 1
outer loop
vertex 235.025 -46.28208888623788 1.6
vertex 127.03208888623799 -46.03557521937306 1.6
vertex 126.78557521937317 -46.28208888623788 1.6
endloop
endfacet
facet normal 0 0 1
outer loop
vertex 235.025 -46.03557521937306 1.6
vertex 235.025 -45.75000000000024 1.6
vertex 127.23205080756874 -45.75000000000024 1.6
endloop
endfacet
facet normal 0 0 1
outer loop
vertex 235.025 -46.03557521937306 1.6
vertex 127.23205080756874 -45.75000000000024 1.6
vertex 127.03208888623799 -46.03557521937306 1.6
endloop
endfacet
facet normal 0 0 1
outer loop
vertex 235.025 -45.75000000000024 1.6
vertex 235.025 -45.574999999999925 1.6
vertex 235.01266762306813 -45.43404028665121 1.6
endloop
endfacet
facet normal 0 0 1
outer loop
vertex 235.025 -45.75000000000024 1.6
vertex 235.01266762306813 -45.43404028665121 1.6
vertex 127.37938524157184 -45.43404028665121 1.6
endloop
endfacet
facet normal 0 0 1
outer loop
vertex 235.025 -45.75000000000024 1.6
vertex 127.37938524157184 -45.43404028665121 1.6
vertex 127.23205080756874 -45.75000000000024 1.6
endloop
endfacet
facet normal 0 0 1
outer loop
vertex 235.01266762306813 -45.43404028665121 1.6
vertex 234.99461550602442 -45.22770364466603 1.6
vertex 234.95967297816074 -45.09729635533385 1.6
endloop
endfacet
facet normal 0 0 1
outer loop
vertex 235.01266762306813 -45.43404028665121 1.6
vertex 234.95967297816074 -45.09729635533385 1.6
vertex 127.46961550602441 -45.09729635533385 1.6
endloop
endfacet
facet normal 0 0 1
outer loop
vertex 235.01266762306813 -45.43404028665121 1.6
vertex 127.46961550602441 -45.09729635533385 1.6
vertex 127.37938524157184 -45.43404028665121 1.6
endloop
endfacet
facet normal 0 0 1
outer loop
vertex 234.95967297816074 -45.09729635533385 1.6
vertex 234.9043852415719 -44.89095971334888 1.6
vertex 234.83865464774598 -44.749999999999986 1.6
endloop
endfacet
facet normal 0 0 1
outer loop
vertex 234.95967297816074 -45.09729635533385 1.6
vertex 234.83865464774598 -44.749999999999986 1.6
vertex 127.5 -44.749999999999986 1.6
endloop
endfacet
facet normal 0 0 1
outer loop
vertex 234.95967297816074 -45.09729635533385 1.6
vertex 127.5 -44.749999999999986 1.6
vertex 127.46961550602441 -45.09729635533385 1.6
endloop
endfacet
facet normal 0 0 1
outer loop
vertex 234.83865464774598 -44.749999999999986 1.6
vertex 234.75705080756882 -44.574999999999896 1.6
vertex 234.55708888623798 -44.28942478062695 1.6
endloop
endfacet
facet normal 0 0 1
outer loop
vertex 234.83865464774598 -44.749999999999986 1.6
vertex 234.55708888623798 -44.28942478062695 1.6
vertex 234.31057521937305 -44.042911113762 1.6
endloop
endfacet
facet normal 0 0 1
outer loop
vertex 234.83865464774598 -44.749999999999986 1.6
vertex 234.31057521937305 -44.042911113762 1.6
vertex 234.09000330985478 -43.88846500000001 1.6
endloop
endfacet
facet normal 0 0 1
outer loop
vertex 234.83865464774598 -44.749999999999986 1.6
vertex 234.09000330985478 -43.88846500000001 1.6
vertex 205.5 -43.88846500000001 1.6
endloop
endfacet
facet normal 0 0 1
outer loop
vertex 234.83865464774598 -44.749999999999986 1.6
vertex 205.5 -43.88846500000001 1.6
vertex 127.5 -43.88846500000001 1.6
endloop
endfacet
facet normal 0 0 1
outer loop
vertex 234.83865464774598 -44.749999999999986 1.6
vertex 127.5 -43.88846500000001 1.6
vertex 127.5 -44.749999999999986 1.6
endloop
endfacet
facet normal 0 0 1
outer loop
vertex 234.09000330985478 -43.88846500000001 1.6
vertex 234.0250000000001 -43.84294919243117 1.6
vertex 233.70904028665132 -43.69561475842818 1.6
endloop
endfacet
facet normal 0 0 1
outer loop
vertex 234.09000330985478 -43.88846500000001 1.6
vertex 233.70904028665132 -43.69561475842818 1.6
vertex 233.3722963553339 -43.60538449397559 1.6
endloop
endfacet
facet normal 0 0 1
outer loop
vertex 234.09000330985478 -43.88846500000001 1.6
vertex 233.3722963553339 -43.60538449397559 1.6
vertex 233.02499999999995 -43.575 1.6
endloop
endfacet
facet normal 0 0 1
outer loop
vertex 234.09000330985478 -43.88846500000001 1.6
vertex 233.02499999999995 -43.575 1.6
vertex 206.57499999999996 -43.575 1.6
endloop
endfacet
facet normal 0 0 1
outer loop
vertex 234.09000330985478 -43.88846500000001 1.6
vertex 206.57499999999996 -43.575 1.6
vertex 206.2922166925911 -43.595094725648906 1.6
endloop
endfacet
facet normal 0 0 1
outer loop
vertex 234.09000330985478 -43.88846500000001 1.6
vertex 206.2922166925911 -43.595094725648906 1.6
vertex 206.01511481439616 -43.65496579651622 1.6
endloop
endfacet
facet normal 0 0 1
outer loop
vertex 234.09000330985478 -43.88846500000001 1.6
vertex 206.01511481439616 -43.65496579651622 1.6
vertex 205.74926203462812 -43.75341525316989 1.6
endloop
endfacet
facet normal 0 0 1
outer loop
vertex 234.09000330985478 -43.88846500000001 1.6
vertex 205.74926203462812 -43.75341525316989 1.6
vertex 205.5 -43.88846500000001 1.6
endloop
endfacet
facet normal 0 0 1
outer loop
vertex 205.5 -43.88846500000001 1.6
vertex 205.5 -42.12499999999981 1.6
vertex 205.4696155060244 -41.77770364466608 1.6
endloop
endfacet
facet normal 0 0 1
outer loop
vertex 205.5 -43.88846500000001 1.6
vertex 205.4696155060244 -41.77770364466608 1.6
vertex 205.37938524157187 -41.440959713348825 1.6
endloop
endfacet
facet normal 0 0 1
outer loop
vertex 205.5 -43.88846500000001 1.6
vertex 205.37938524157187 -41.440959713348825 1.6
vertex 205.2320508075688 -41.12499999999993 1.6
endloop
endfacet
facet normal 0 0 1
outer loop
vertex 205.5 -43.88846500000001 1.6
vertex 205.2320508075688 -41.12499999999993 1.6
vertex 205.03208888623791 -40.839424780626885 1.6
endloop
endfacet
facet normal 0 0 1
outer loop
vertex 205.5 -43.88846500000001 1.6
vertex 205.03208888623791 -40.839424780626885 1.6
vertex 204.78557521937302 -40.59291111376198 1.6
endloop
endfacet
facet normal 0 0 1
outer loop
vertex 205.5 -43.88846500000001 1.6
vertex 204.78557521937302 -40.59291111376198 1.6
vertex 204.5000000000001 -40.39294919243119 1.6
endloop
endfacet
facet normal 0 0 1
outer loop
vertex 205.5 -43.88846500000001 1.6
vertex 204.5000000000001 -40.39294919243119 1.6
vertex 204.18404028665128 -40.24561475842816 1.6
endloop
endfacet
facet normal 0 0 1
outer loop
vertex 205.5 -43.88846500000001 1.6
vertex 204.18404028665128 -40.24561475842816 1.6
vertex 203.84729635533392 -40.15538449397559 1.6
endloop
endfacet
facet normal 0 0 1
outer loop
vertex 205.5 -43.88846500000001 1.6
vertex 203.84729635533392 -40.15538449397559 1.6
vertex 203.49999999999997 -40.125 1.6
endloop
endfacet
facet normal 0 0 1
outer loop
vertex 205.5 -43.88846500000001 1.6
vertex 203.49999999999997 -40.125 1.6
vertex 186.5 -40.125 1.6
endloop
endfacet
facet normal 0 0 1
outer loop
vertex 205.5 -43.88846500000001 1.6
vertex 186.5 -40.125 1.6
vertex 127.5 -40.125 1.6
endloop
endfacet
facet normal 0 0 1
outer loop
vertex 205.5 -43.88846500000001 1.6
vertex 127.5 -40.125 1.6
vertex 127.5 -43.88846500000001 1.6
endloop
endfacet
facet normal 0 0 1
outer loop
vertex 186.5 -40.125 1.6
vertex 186.5 -39.749999999999986 1.6
vertex 186.4696155060244 -39.40270364466603 1.6
endloop
endfacet
facet normal 0 0 1
outer loop
vertex 186.5 -40.125 1.6
vertex 186.4696155060244 -39.40270364466603 1.6
vertex 186.37938524157187 -39.06595971334881 1.6
endloop
endfacet
facet normal 0 0 1
outer loop
vertex 186.5 -40.125 1.6
vertex 186.37938524157187 -39.06595971334881 1.6
vertex 186.2320508075688 -38.74999999999991 1.6
endloop
endfacet
facet normal 0 0 1
outer loop
vertex 186.5 -40.125 1.6
vertex 186.2320508075688 -38.74999999999991 1.6
vertex 186.03208888623794 -38.46442478062693 1.6
endloop
endfacet
facet normal 0 0 1
outer loop
vertex 186.5 -40.125 1.6
vertex 186.03208888623794 -38.46442478062693 1.6
vertex 185.78557521937302 -38.217911113761986 1.6
endloop
endfacet
facet normal 0 0 1
outer loop
vertex 186.5 -40.125 1.6
vertex 185.78557521937302 -38.217911113761986 1.6
vertex 185.5000000000001 -38.01794919243118 1.6
endloop
endfacet
facet normal 0 0 1
outer loop
vertex 186.5 -40.125 1.6
vertex 185.5000000000001 -38.01794919243118 1.6
vertex 185.18404028665128 -37.87061475842816 1.6
endloop
endfacet
facet normal 0 0 1
outer loop
vertex 186.5 -40.125 1.6
vertex 185.18404028665128 -37.87061475842816 1.6
vertex 184.8472963553339 -37.78038449397558 1.6
endloop
endfacet
facet normal 0 0 1
outer loop
vertex 186.5 -40.125 1.6
vertex 184.8472963553339 -37.78038449397558 1.6
vertex 184.50000000000003 -37.75 1.6
endloop
endfacet
facet normal 0 0 1
outer loop
vertex 186.5 -40.125 1.6
vertex 184.50000000000003 -37.75 1.6
vertex 169.49999999999997 -37.75 1.6
endloop
endfacet
facet normal 0 0 1
outer loop
vertex 186.5 -40.125 1.6
vertex 169.49999999999997 -37.75 1.6
vertex 144.5 -37.75 1.6
endloop
endfacet
facet normal 0 0 1
outer loop
vertex 186.5 -40.125 1.6
vertex 144.5 -37.75 1.6
vertex 129.5 -37.75 1.6
endloop
endfacet
facet normal 0 0 1
outer loop
vertex 186.5 -40.125 1.6
vertex 129.5 -37.75 1.6
vertex 129.15270364466608 -37.78038449397558 1.6
endloop
endfacet
facet normal 0 0 1
outer loop
vertex 186.5 -40.125 1.6
vertex 129.15270364466608 -37.78038449397558 1.6
vertex 128.8159597133487 -37.87061475842816 1.6
endloop
endfacet
facet normal 0 0 1
outer loop
vertex 186.5 -40.125 1.6
vertex 128.8159597133487 -37.87061475842816 1.6
vertex 128.50000000000003 -38.01794919243118 1.6
endloop
endfacet
facet normal 0 0 1
outer loop
vertex 186.5 -40.125 1.6
vertex 128.50000000000003 -38.01794919243118 1.6
vertex 128.21442478062687 -38.217911113761986 1.6
endloop
endfacet
facet normal 0 0 1
outer loop
vertex 186.5 -40.125 1.6
vertex 128.21442478062687 -38.217911113761986 1.6
vertex 127.96791111376209 -38.46442478062693 1.6
endloop
endfacet
facet normal 0 0 1
outer loop
vertex 186.5 -40.125 1.6
vertex 127.96791111376209 -38.46442478062693 1.6
vertex 127.76794919243116 -38.74999999999991 1.6
endloop
endfacet
facet normal 0 0 1
outer loop
vertex 186.5 -40.125 1.6
vertex 127.76794919243116 -38.74999999999991 1.6
vertex 127.62061475842813 -39.06595971334881 1.6
endloop
endfacet
facet normal 0 0 1
outer loop
vertex 186.5 -40.125 1.6
vertex 127.62061475842813 -39.06595971334881 1.6
vertex 127.5303844939756 -39.40270364466603 1.6
endloop
endfacet
facet normal 0 0 1
outer loop
vertex 186.5 -40.125 1.6
vertex 127.5303844939756 -39.40270364466603 1.6
vertex 127.5 -39.749999999999986 1.6
endloop
endfacet
facet normal 0 0 1
outer loop
vertex 186.5 -40.125 1.6
vertex 127.5 -39.749999999999986 1.6
vertex 127.5 -40.125 1.6
endloop
endfacet
facet normal 0 0 1
outer loop
vertex 169.49999999999997 -37.75 1.6
vertex 169.1527036446662 -37.719615506024425 1.6
vertex 144.84729635533387 -37.719615506024425 1.6
endloop
endfacet
facet normal 0 0 1
outer loop
vertex 169.49999999999997 -37.75 1.6
vertex 144.84729635533387 -37.719615506024425 1.6
vertex 144.5 -37.75 1.6
endloop
endfacet
facet normal 0 0 1
outer loop
vertex 169.1527036446662 -37.719615506024425 1.6
vertex 168.81595971334858 -37.62938524157179 1.6
vertex 145.18404028665134 -37.62938524157179 1.6
endloop
endfacet
facet normal 0 0 1
outer loop
vertex 169.1527036446662 -37.719615506024425 1.6
vertex 145.18404028665134 -37.62938524157179 1.6
vertex 144.84729635533387 -37.719615506024425 1.6
endloop
endfacet
facet normal 0 0 1
outer loop
vertex 168.81595971334858 -37.62938524157179 1.6
vertex 168.50000000000006 -37.48205080756892 1.6
vertex 145.49999999999994 -37.48205080756892 1.6
endloop
endfacet
facet normal 0 0 1
outer loop
vertex 168.81595971334858 -37.62938524157179 1.6
vertex 145.49999999999994 -37.48205080756892 1.6
vertex 145.18404028665134 -37.62938524157179 1.6
endloop
endfacet
facet normal 0 0 1
outer loop
vertex 168.50000000000006 -37.48205080756892 1.6
vertex 168.21442478062696 -37.28208888623797 1.6
vertex 145.78557521937307 -37.28208888623797 1.6
endloop
endfacet
facet normal 0 0 1
outer loop
vertex 168.50000000000006 -37.48205080756892 1.6
vertex 145.78557521937307 -37.28208888623797 1.6
vertex 145.49999999999994 -37.48205080756892 1.6
endloop
endfacet
facet normal 0 0 1
outer loop
vertex 168.21442478062696 -37.28208888623797 1.6
vertex 167.96791111376194 -37.03557521937296 1.6
vertex 146.03208888623794 -37.03557521937296 1.6
endloop
endfacet
facet normal 0 0 1
outer loop
vertex 168.21442478062696 -37.28208888623797 1.6
vertex 146.03208888623794 -37.03557521937296 1.6
vertex 145.78557521937307 -37.28208888623797 1.6
endloop
endfacet
facet normal 0 0 1
outer loop
vertex 167.96791111376194 -37.03557521937296 1.6
vertex 167.76794919243122 -36.750000000000156 1.6
vertex 146.23205080756895 -36.750000000000156 1.6
endloop
endfacet
facet normal 0 0 1
outer loop
vertex 167.96791111376194 -37.03557521937296 1.6
vertex 146.23205080756895 -36.750000000000156 1.6
vertex 146.03208888623794 -37.03557521937296 1.6
endloop
endfacet
facet normal 0 0 1
outer loop
vertex 167.76794919243122 -36.750000000000156 1.6
vertex 167.62061475842822 -36.43404028665139 1.6
vertex 146.37938524157178 -36.43404028665139 1.6
endloop
endfacet
facet normal 0 0 1
outer loop
vertex 167.76794919243122 -36.750000000000156 1.6
vertex 146.37938524157178 -36.43404028665139 1.6
vertex 146.23205080756895 -36.750000000000156 1.6
endloop
endfacet
facet normal 0 0 1
outer loop
vertex 167.62061475842822 -36.43404028665139 1.6
vertex 167.53038449397553 -36.09729635533358 1.6
vertex 146.46961550602438 -36.09729635533358 1.6
endloop
endfacet
facet normal 0 0 1
outer loop
vertex 167.62061475842822 -36.43404028665139 1.6
vertex 146.46961550602438 -36.09729635533358 1.6
vertex 146.37938524157178 -36.43404028665139 1.6
endloop
endfacet
facet normal 0 0 1
outer loop
vertex 167.53038449397553 -36.09729635533358 1.6
vertex 167.49999999999994 -35.74999999999987 1.6
vertex 146.5 -35.74999999999987 1.6
endloop
endfacet
facet normal 0 0 1
outer loop
vertex 167.53038449397553 -36.09729635533358 1.6
vertex 146.5 -35.74999999999987 1.6
vertex 146.46961550602438 -36.09729635533358 1.6
endloop
endfacet
facet normal 0 0 1
outer loop
vertex 167.49999999999994 -35.74999999999987 1.6
vertex 167.5 -34.9999999999997 1.6
vertex 167.4696155060244 -34.65270364466617 1.6
endloop
endfacet
facet normal 0 0 1
outer loop
vertex 167.49999999999994 -35.74999999999987 1.6
vertex 167.4696155060244 -34.65270364466617 1.6
vertex 167.37938524157175 -34.31595971334863 1.6
endloop
endfacet
facet normal 0 0 1
outer loop
vertex 167.49999999999994 -35.74999999999987 1.6
vertex 167.37938524157175 -34.31595971334863 1.6
vertex 167.23205080756884 -33.999999999999865 1.6
endloop
endfacet
facet normal 0 0 1
outer loop
vertex 167.49999999999994 -35.74999999999987 1.6
vertex 167.23205080756884 -33.999999999999865 1.6
vertex 167.03208888623783 -33.71442478062706 1.6
endloop
endfacet
facet normal 0 0 1
outer loop
vertex 167.49999999999994 -35.74999999999987 1.6
vertex 167.03208888623783 -33.71442478062706 1.6
vertex 166.78557521937307 -33.46791111376197 1.6
endloop
endfacet
facet normal 0 0 1
outer loop
vertex 167.49999999999994 -35.74999999999987 1.6
vertex 166.78557521937307 -33.46791111376197 1.6
vertex 166.49999999999997 -33.26794919243112 1.6
endloop
endfacet
facet normal 0 0 1
outer loop
vertex 167.49999999999994 -35.74999999999987 1.6
vertex 166.49999999999997 -33.26794919243112 1.6
vertex 166.18404028665137 -33.12061475842822 1.6
endloop
endfacet
facet normal 0 0 1
outer loop
vertex 167.49999999999994 -35.74999999999987 1.6
vertex 166.18404028665137 -33.12061475842822 1.6
vertex 165.8472963553339 -33.03038449397559 1.6
endloop
endfacet
facet normal 0 0 1
outer loop
vertex 167.49999999999994 -35.74999999999987 1.6
vertex 165.8472963553339 -33.03038449397559 1.6
vertex 165.49999999999994 -33 1.6
endloop
endfacet
facet normal 0 0 1
outer loop
vertex 167.49999999999994 -35.74999999999987 1.6
vertex 165.49999999999994 -33 1.6
vertex 148.50000000000003 -33 1.6
endloop
endfacet
facet normal 0 0 1
outer loop
vertex 167.49999999999994 -35.74999999999987 1.6
vertex 148.50000000000003 -33 1.6
vertex 148.1527036446662 -33.03038449397559 1.6
endloop
endfacet
facet normal 0 0 1
outer loop
vertex 167.49999999999994 -35.74999999999987 1.6
vertex 148.1527036446662 -33.03038449397559 1.6
vertex 147.81595971334858 -33.12061475842822 1.6
endloop
endfacet
facet normal 0 0 1
outer loop
vertex 167.49999999999994 -35.74999999999987 1.6
vertex 147.81595971334858 -33.12061475842822 1.6
vertex 147.5 -33.26794919243112 1.6
endloop
endfacet
facet normal 0 0 1
outer loop
vertex 167.49999999999994 -35.74999999999987 1.6
vertex 147.5 -33.26794919243112 1.6
vertex 147.214424780627 -33.46791111376197 1.6
endloop
endfacet
facet normal 0 0 1
outer loop
vertex 167.49999999999994 -35.74999999999987 1.6
vertex 147.214424780627 -33.46791111376197 1.6
vertex 146.96791111376191 -33.71442478062706 1.6
endloop
endfacet
facet normal 0 0 1
outer loop
vertex 167.49999999999994 -35.74999999999987 1.6
vertex 146.96791111376191 -33.71442478062706 1.6
vertex 146.7679491924312 -33.999999999999865 1.6
endloop
endfacet
facet normal 0 0 1
outer loop
vertex 167.49999999999994 -35.74999999999987 1.6
vertex 146.7679491924312 -33.999999999999865 1.6
vertex 146.6206147584282 -34.31595971334863 1.6
endloop
endfacet
facet normal 0 0 1
outer loop
vertex 167.49999999999994 -35.74999999999987 1.6
vertex 146.6206147584282 -34.31595971334863 1.6
vertex 146.53038449397556 -34.65270364466617 1.6
endloop
endfacet
facet normal 0 0 1
outer loop
vertex 167.49999999999994 -35.74999999999987 1.6
vertex 146.53038449397556 -34.65270364466617 1.6
vertex 146.5 -34.9999999999997 1.6
endloop
endfacet
facet normal 0 0 1
outer loop
vertex 167.49999999999994 -35.74999999999987 1.6
vertex 146.5 -34.9999999999997 1.6
vertex 146.5 -35.74999999999987 1.6
endloop
endfacet
facet normal 0 -1 0
outer loop
vertex 127.5 -131 0
vertex 127.50000000000001 -131 1.6
vertex 91.49999999999967 -131 1.6
endloop
endfacet
facet normal 0 -1 0
outer loop
vertex 127.5 -131 0
vertex 91.49999999999967 -131 1.6
vertex 91.49999999999967 -131 0
endloop
endfacet
facet normal 0.08715574274768298 -0.9961946980917433 0
outer loop
vertex 127.84729635533384 -130.96961550602447 1.6
vertex 127.50000000000001 -131 1.6
vertex 127.5 -131 0
endloop
endfacet
facet normal 0.08715574274768298 -0.9961946980917433 0
outer loop
vertex 127.84729635533384 -130.96961550602447 1.6
vertex 127.5 -131 0
vertex 127.84729635533373 -130.96961550602447 0
endloop
endfacet
facet normal 0.25881904510254033 -0.965925826289063 0
outer loop
vertex 128.18404028665122 -130.87938524157184 1.6
vertex 127.84729635533384 -130.96961550602447 1.6
vertex 127.84729635533373 -130.96961550602447 0
endloop
endfacet
facet normal 0.25881904510254033 -0.965925826289063 0
outer loop
vertex 128.18404028665122 -130.87938524157184 1.6
vertex 127.84729635533373 -130.96961550602447 0
vertex 128.18404028665134 -130.8793852415718 0
endloop
endfacet
facet normal 0.42261826174069467 -0.9063077870366523 0
outer loop
vertex 128.50000000000017 -130.73205080756884 1.6
vertex 128.18404028665122 -130.87938524157184 1.6
vertex 128.18404028665134 -130.8793852415718 0
endloop
endfacet
facet normal 0.42261826174069467 -0.9063077870366523 0
outer loop
vertex 128.50000000000017 -130.73205080756884 1.6
vertex 128.18404028665134 -130.8793852415718 0
vertex 128.5000000000001 -130.73205080756887 0
endloop
endfacet
facet normal 0.5735764363510599 -0.8191520442889821 0
outer loop
vertex 128.78557521937307 -130.53208888623794 1.6
vertex 128.50000000000017 -130.73205080756884 1.6
vertex 128.5000000000001 -130.73205080756887 0
endloop
endfacet
facet normal 0.5735764363510599 -0.8191520442889821 0
outer loop
vertex 128.78557521937307 -130.53208888623794 1.6
vertex 128.5000000000001 -130.73205080756887 0
vertex 128.78557521937307 -130.5320888862379 0
endloop
endfacet
facet normal 0.7071067811865476 -0.7071067811865476 0
outer loop
vertex 129.03208888623772 -130.2855752193731 1.6
vertex 128.78557521937307 -130.53208888623794 1.6
vertex 128.78557521937307 -130.5320888862379 0
endloop
endfacet
facet normal 0.7071067811865476 -0.7071067811865476 0
outer loop
vertex 129.03208888623772 -130.2855752193731 1.6
vertex 128.78557521937307 -130.5320888862379 0
vertex 129.03208888623786 -130.2855752193731 0
endloop
endfacet
facet normal 0.8191520442889821 -0.5735764363510599 0
outer loop
vertex 129.23205080756898 -130.00000000000003 1.6
vertex 129.03208888623772 -130.2855752193731 1.6
vertex 129.03208888623786 -130.2855752193731 0
endloop
endfacet
facet normal 0.8191520442889821 -0.5735764363510599 0
outer loop
vertex 129.23205080756898 -130.00000000000003 1.6
vertex 129.03208888623786 -130.2855752193731 0
vertex 129.23205080756887 -130 0
endloop
endfacet
facet normal 0.9063077870366524 -0.4226182617406946 0
outer loop
vertex 129.37938524157178 -129.6840402866514 1.6
vertex 129.23205080756898 -130.00000000000003 1.6
vertex 129.23205080756887 -130 0
endloop
endfacet
facet normal 0.9063077870366524 -0.4226182617406946 0
outer loop
vertex 129.37938524157178 -129.6840402866514 1.6
vertex 129.23205080756887 -130 0
vertex 129.3793852415718 -129.68404028665137 0
endloop
endfacet
facet normal 0.9659258262890631 -0.2588190451025404 0
outer loop
vertex 129.46961550602438 -129.34729635533384 1.6
vertex 129.37938524157178 -129.6840402866514 1.6
vertex 129.3793852415718 -129.68404028665137 0
endloop
endfacet
facet normal 0.9659258262890631 -0.2588190451025404 0
outer loop
vertex 129.46961550602438 -129.34729635533384 1.6
vertex 129.3793852415718 -129.68404028665137 0
vertex 129.4696155060244 -129.34729635533384 0
endloop
endfacet
facet normal 0.9961946980917433 -0.08715574274768298 0
outer loop
vertex 129.5 -129.00000000000006 1.6
vertex 129.46961550602438 -129.34729635533384 1.6
vertex 129.4696155060244 -129.34729635533384 0
endloop
endfacet
facet normal 0.9961946980917433 -0.08715574274768298 0
outer loop
vertex 129.5 -129.00000000000006 1.6
vertex 129.4696155060244 -129.34729635533384 0
vertex 129.5 -129 0
endloop
endfacet
facet normal 1 0 0
outer loop
vertex 129.5 -123.99999999999997 0
vertex 129.5 -124.00000000000003 1.6
vertex 129.5 -129.00000000000006 1.6
endloop
endfacet
facet normal 1 0 0
outer loop
vertex 129.5 -123.99999999999997 0
vertex 129.5 -129.00000000000006 1.6
vertex 129.5 -129 0
endloop
endfacet
facet normal 0.9961946980917433 -0.08715574274768298 0
outer loop
vertex 129.5303844939756 -123.65270364466618 1.6
vertex 129.5 -124.00000000000003 1.6
vertex 129.5 -123.99999999999997 0
endloop
endfacet
facet normal 0.9961946980917433 -0.08715574274768298 0
outer loop
vertex 129.5303844939756 -123.65270364466618 1.6
vertex 129.5 -123.99999999999997 0
vertex 129.5303844939756 -123.65270364466623 0
endloop
endfacet
facet normal 0.965925826289063 -0.25881904510254033 0
outer loop
vertex 129.62061475842825 -123.31595971334855 1.6
vertex 129.5303844939756 -123.65270364466618 1.6
vertex 129.5303844939756 -123.65270364466623 0
endloop
endfacet
facet normal 0.965925826289063 -0.25881904510254033 0
outer loop
vertex 129.62061475842825 -123.31595971334855 1.6
vertex 129.5303844939756 -123.65270364466623 0
vertex 129.62061475842825 -123.31595971334852 0
endloop
endfacet
facet normal 0.9063077870366524 -0.4226182617406946 0
outer loop
vertex 129.76794919243108 -123.00000000000011 1.6
vertex 129.62061475842825 -123.31595971334855 1.6
vertex 129.62061475842825 -123.31595971334852 0
endloop
endfacet
facet normal 0.9063077870366524 -0.4226182617406946 0
outer loop
vertex 129.76794919243108 -123.00000000000011 1.6
vertex 129.62061475842825 -123.31595971334852 0
vertex 129.76794919243116 -122.9999999999999 0
endloop
endfacet
facet normal 0.8191520442889821 -0.5735764363510599 0
outer loop
vertex 129.967911113762 -122.71442478062698 1.6
vertex 129.76794919243108 -123.00000000000011 1.6
vertex 129.76794919243116 -122.9999999999999 0
endloop
endfacet
facet normal 0.8191520442889821 -0.5735764363510599 0
outer loop
vertex 129.967911113762 -122.71442478062698 1.6
vertex 129.76794919243116 -122.9999999999999 0
vertex 129.96791111376191 -122.71442478062708 0
endloop
endfacet
facet normal 0.7071067811865689 -0.7071067811865263 0
outer loop
vertex 130.21442478062693 -122.46791111376203 1.6
vertex 129.967911113762 -122.71442478062698 1.6
vertex 129.96791111376191 -122.71442478062708 0
endloop
endfacet
facet normal 0.7071067811865689 -0.7071067811865263 0
outer loop
vertex 130.21442478062693 -122.46791111376203 1.6
vertex 129.96791111376191 -122.71442478062708 0
vertex 130.214424780627 -122.46791111376197 0
endloop
endfacet
facet normal 0.5735764363510599 -0.8191520442889821 0
outer loop
vertex 130.49999999999991 -122.26794919243116 1.6
vertex 130.21442478062693 -122.46791111376203 1.6
vertex 130.214424780627 -122.46791111376197 0
endloop
endfacet
facet normal 0.5735764363510599 -0.8191520442889821 0
outer loop
vertex 130.49999999999991 -122.26794919243116 1.6
vertex 130.214424780627 -122.46791111376197 0
vertex 130.49999999999991 -122.26794919243117 0
endloop
endfacet
facet normal 0.42261826174066586 -0.9063077870366657 0
outer loop
vertex 130.81595971334872 -122.12061475842816 1.6
vertex 130.49999999999991 -122.26794919243116 1.6
vertex 130.49999999999991 -122.26794919243117 0
endloop
endfacet
facet normal 0.42261826174066586 -0.9063077870366657 0
outer loop
vertex 130.81595971334872 -122.12061475842816 1.6
vertex 130.49999999999991 -122.26794919243117 0
vertex 130.8159597133488 -122.12061475842813 0
endloop
endfacet
facet normal 0.25881904510254033 -0.965925826289063 0
outer loop
vertex 131.1527036446662 -122.03038449397556 1.6
vertex 130.81595971334872 -122.12061475842816 1.6
vertex 130.8159597133488 -122.12061475842813 0
endloop
endfacet
facet normal 0.25881904510254033 -0.965925826289063 0
outer loop
vertex 131.1527036446662 -122.03038449397556 1.6
vertex 130.8159597133488 -122.12061475842813 0
vertex 131.1527036446661 -122.03038449397559 0
endloop
endfacet
facet normal 0.087155742747683 -0.9961946980917434 0
outer loop
vertex 131.49999999999957 -122 1.6
vertex 131.1527036446662 -122.03038449397556 1.6
vertex 131.1527036446661 -122.03038449397559 0
endloop
endfacet
facet normal 0.087155742747683 -0.9961946980917434 0
outer loop
vertex 131.49999999999957 -122 1.6
vertex 131.1527036446661 -122.03038449397559 0
vertex 131.50000000000003 -122 0
endloop
endfacet
facet normal 0 -1 0
outer loop
vertex 137.5000000000001 -122 0
vertex 137.5000000000002 -122 1.6
vertex 131.49999999999957 -122 1.6
endloop
endfacet
facet normal 0 -1 0
outer loop
vertex 137.5000000000001 -122 0
vertex 131.49999999999957 -122 1.6
vertex 131.50000000000003 -122 0
endloop
endfacet
facet normal 0.08715574274768298 -0.9961946980917433 0
outer loop
vertex 137.84729635533375 -121.96961550602444 1.6
vertex 137.5000000000002 -122 1.6
vertex 137.5000000000001 -122 0
endloop
endfacet
facet normal 0.08715574274768298 -0.9961946980917433 0
outer loop
vertex 137.84729635533375 -121.96961550602444 1.6
vertex 137.5000000000001 -122 0
vertex 137.8472963553338 -121.96961550602443 0
endloop
endfacet
facet normal 0.25881904510254217 -0.9659258262890627 0
outer loop
vertex 138.18404028665145 -121.87938524157178 1.6
vertex 137.84729635533375 -121.96961550602444 1.6
vertex 137.8472963553338 -121.96961550602443 0
endloop
endfacet
facet normal 0.25881904510254217 -0.9659258262890627 0
outer loop
vertex 138.18404028665145 -121.87938524157178 1.6
vertex 137.8472963553338 -121.96961550602443 0
vertex 138.18404028665134 -121.87938524157181 0
endloop
endfacet
facet normal 0.42261826174066586 -0.9063077870366657 0
outer loop
vertex 138.49999999999994 -121.73205080756894 1.6
vertex 138.18404028665145 -121.87938524157178 1.6
vertex 138.18404028665134 -121.87938524157181 0
endloop
endfacet
facet normal 0.42261826174066586 -0.9063077870366657 0
outer loop
vertex 138.49999999999994 -121.73205080756894 1.6
vertex 138.18404028665134 -121.87938524157181 0
vertex 138.50000000000006 -121.73205080756885 0
endloop
endfacet
facet normal 0.5735764363510599 -0.8191520442889821 0
outer loop
vertex 138.78557521937307 -121.53208888623797 1.6
vertex 138.49999999999994 -121.73205080756894 1.6
vertex 138.50000000000006 -121.73205080756885 0
endloop
endfacet
facet normal 0.5735764363510599 -0.8191520442889821 0
outer loop
vertex 138.78557521937307 -121.53208888623797 1.6
vertex 138.50000000000006 -121.73205080756885 0
vertex 138.78557521937296 -121.53208888623804 0
endloop
endfacet
facet normal 0.707106781186576 -0.7071067811865192 0
outer loop
vertex 139.0320888862379 -121.28557521937314 1.6
vertex 138.78557521937307 -121.53208888623797 1.6
vertex 138.78557521937296 -121.53208888623804 0
endloop
endfacet
facet normal 0.707106781186576 -0.7071067811865192 0
outer loop
vertex 139.0320888862379 -121.28557521937314 1.6
vertex 138.78557521937296 -121.53208888623804 0
vertex 139.032088886238 -121.28557521937299 0
endloop
endfacet
facet normal 0.8191520442889821 -0.5735764363510599 0
outer loop
vertex 139.23205080756887 -121 1.6
vertex 139.0320888862379 -121.28557521937314 1.6
vertex 139.032088886238 -121.28557521937299 0
endloop
endfacet
facet normal 0.8191520442889821 -0.5735764363510599 0
outer loop
vertex 139.23205080756887 -121 1.6
vertex 139.032088886238 -121.28557521937299 0
vertex 139.2320508075689 -120.99999999999994 0
endloop
endfacet
facet normal 0.9063077870366523 -0.42261826174069467 0
outer loop
vertex 139.3793852415718 -120.68404028665132 1.6
vertex 139.23205080756887 -121 1.6
vertex 139.2320508075689 -120.99999999999994 0
endloop
endfacet
facet normal 0.9063077870366523 -0.42261826174069467 0
outer loop
vertex 139.3793852415718 -120.68404028665132 1.6
vertex 139.2320508075689 -120.99999999999994 0
vertex 139.37938524157184 -120.68404028665128 0
endloop
endfacet
facet normal 0.9659258262890627 -0.25881904510254217 0
outer loop
vertex 139.46961550602438 -120.34729635533395 1.6
vertex 139.3793852415718 -120.68404028665132 1.6
vertex 139.37938524157184 -120.68404028665128 0
endloop
endfacet
facet normal 0.9659258262890627 -0.25881904510254217 0
outer loop
vertex 139.46961550602438 -120.34729635533395 1.6
vertex 139.37938524157184 -120.68404028665128 0
vertex 139.4696155060244 -120.34729635533397 0
endloop
endfacet
facet normal 0.9961946980917433 -0.08715574274768298 0
outer loop
vertex 139.5 -119.99999999999987 1.6
vertex 139.46961550602438 -120.34729635533395 1.6
vertex 139.4696155060244 -120.34729635533397 0
endloop
endfacet
facet normal 0.9961946980917433 -0.08715574274768298 0
outer loop
vertex 139.5 -119.99999999999987 1.6
vertex 139.4696155060244 -120.34729635533397 0
vertex 139.5 -119.99999999999997 0
endloop
endfacet
facet normal 1 0 0
outer loop
vertex 139.5 -118.75000000000003 0
vertex 139.5 -118.75000000000006 1.6
vertex 139.5 -119.99999999999987 1.6
endloop
endfacet
facet normal 1 0 0
outer loop
vertex 139.5 -118.75000000000003 0
vertex 139.5 -119.99999999999987 1.6
vertex 139.5 -119.99999999999997 0
endloop
endfacet
facet normal 0.9961946980917433 -0.08715574274768298 0
outer loop
vertex 139.5303844939756 -118.40270364466605 1.6
vertex 139.5 -118.75000000000006 1.6
vertex 139.5 -118.75000000000003 0
endloop
endfacet
facet normal 0.9961946980917433 -0.08715574274768298 0
outer loop
vertex 139.5303844939756 -118.40270364466605 1.6
vertex 139.5 -118.75000000000003 0
vertex 139.53038449397562 -118.40270364466598 0
endloop
endfacet
facet normal 0.965925826289063 -0.25881904510254033 0
outer loop
vertex 139.62061475842813 -118.06595971334875 1.6
vertex 139.5303844939756 -118.40270364466605 1.6
vertex 139.53038449397562 -118.40270364466598 0
endloop
endfacet
facet normal 0.965925826289063 -0.25881904510254033 0
outer loop
vertex 139.62061475842813 -118.06595971334875 1.6
vertex 139.53038449397562 -118.40270364466598 0
vertex 139.6206147584282 -118.06595971334865 0
endloop
endfacet
facet normal 0.9063077870366524 -0.4226182617406946 0
outer loop
vertex 139.76794919243108 -117.75000000000011 1.6
vertex 139.62061475842813 -118.06595971334875 1.6
vertex 139.6206147584282 -118.06595971334865 0
endloop
endfacet
facet normal 0.9063077870366524 -0.4226182617406946 0
outer loop
vertex 139.76794919243108 -117.75000000000011 1.6
vertex 139.6206147584282 -118.06595971334865 0
vertex 139.7679491924311 -117.75000000000004 0
endloop
endfacet
facet normal 0.8191520442889821 -0.5735764363510599 0
outer loop
vertex 139.96791111376214 -117.46442478062684 1.6
vertex 139.76794919243108 -117.75000000000011 1.6
vertex 139.7679491924311 -117.75000000000004 0
endloop
endfacet
facet normal 0.8191520442889821 -0.5735764363510599 0
outer loop
vertex 139.96791111376214 -117.46442478062684 1.6
vertex 139.7679491924311 -117.75000000000004 0
vertex 139.9679111137621 -117.46442478062684 0
endloop
endfacet
facet normal 0.707106781186576 -0.7071067811865192 0
outer loop
vertex 140.21442478062698 -117.21791111376199 1.6
vertex 139.96791111376214 -117.46442478062684 1.6
vertex 139.9679111137621 -117.46442478062684 0
endloop
endfacet
facet normal 0.707106781186576 -0.7071067811865192 0
outer loop
vertex 140.21442478062698 -117.21791111376199 1.6
vertex 139.9679111137621 -117.46442478062684 0
vertex 140.21442478062696 -117.21791111376199 0
endloop
endfacet
facet normal 0.5735764363510599 -0.8191520442889821 0
outer loop
vertex 140.49999999999997 -117.01794919243112 1.6
vertex 140.21442478062698 -117.21791111376199 1.6
vertex 140.21442478062696 -117.21791111376199 0
endloop
endfacet
facet normal 0.5735764363510599 -0.8191520442889821 0
outer loop
vertex 140.49999999999997 -117.01794919243112 1.6
vertex 140.21442478062696 -117.21791111376199 0
vertex 140.49999999999977 -117.01794919243125 0
endloop
endfacet
facet normal 0.42261826174066586 -0.9063077870366657 0
outer loop
vertex 140.8159597133487 -116.87061475842816 1.6
vertex 140.49999999999997 -117.01794919243112 1.6
vertex 140.49999999999977 -117.01794919243125 0
endloop
endfacet
facet normal 0.42261826174066586 -0.9063077870366657 0
outer loop
vertex 140.8159597133487 -116.87061475842816 1.6
vertex 140.49999999999977 -117.01794919243125 0
vertex 140.81595971334883 -116.87061475842813 0
endloop
endfacet
facet normal 0.25881904510254033 -0.965925826289063 0
outer loop
vertex 141.15270364466602 -116.7803844939756 1.6
vertex 140.8159597133487 -116.87061475842816 1.6
vertex 140.81595971334883 -116.87061475842813 0
endloop
endfacet
facet normal 0.25881904510254033 -0.965925826289063 0
outer loop
vertex 141.15270364466602 -116.7803844939756 1.6
vertex 140.81595971334883 -116.87061475842813 0
vertex 141.15270364466602 -116.7803844939756 0
endloop
endfacet
facet normal 0.08715574274768298 -0.9961946980917433 0
outer loop
vertex 141.50000000000009 -116.75 1.6
vertex 141.15270364466602 -116.7803844939756 1.6
vertex 141.15270364466602 -116.7803844939756 0
endloop
endfacet
facet normal 0.08715574274768298 -0.9961946980917433 0
outer loop
vertex 141.50000000000009 -116.75 1.6
vertex 141.15270364466602 -116.7803844939756 0
vertex 141.5000000000001 -116.75 0
endloop
endfacet
facet normal 0 -1 0
outer loop
vertex 146.50000000000014 -116.75 0
vertex 146.5000000000001 -116.75 1.6
vertex 141.50000000000009 -116.75 1.6
endloop
endfacet
facet normal 0 -1 0
outer loop
vertex 146.50000000000014 -116.75 0
vertex 141.50000000000009 -116.75 1.6
vertex 141.5000000000001 -116.75 0
endloop
endfacet
facet normal 0 -1 0
outer loop
vertex 175.1974806 -116.75 0
vertex 175.1974806 -116.75 1.6
vertex 167.49999999999997 -116.75 1.6
endloop
endfacet
facet normal 0 -1 0
outer loop
vertex 175.1974806 -116.75 0
vertex 167.49999999999997 -116.75 1.6
vertex 167.5 -116.75 0
endloop
endfacet
facet normal 0.08715574274768298 -0.9961946980917433 0
outer loop
vertex 146.84729635533378 -116.71961550602441 1.6
vertex 146.5000000000001 -116.75 1.6
vertex 146.50000000000014 -116.75 0
endloop
endfacet
facet normal 0.08715574274768298 -0.9961946980917433 0
outer loop
vertex 146.84729635533378 -116.71961550602441 1.6
vertex 146.50000000000014 -116.75 0
vertex 146.84729635533384 -116.71961550602441 0
endloop
endfacet
facet normal 0.25881904510254033 -0.965925826289063 0
outer loop
vertex 147.18404028665128 -116.6293852415718 1.6
vertex 146.84729635533378 -116.71961550602441 1.6
vertex 146.84729635533384 -116.71961550602441 0
endloop
endfacet
facet normal 0.25881904510254033 -0.965925826289063 0
outer loop
vertex 147.18404028665128 -116.6293852415718 1.6
vertex 146.84729635533384 -116.71961550602441 0
vertex 147.1840402866512 -116.62938524157181 0
endloop
endfacet
facet normal 0.42261826174066586 -0.9063077870366657 0
outer loop
vertex 147.50000000000009 -116.48205080756891 1.6
vertex 147.18404028665128 -116.6293852415718 1.6
vertex 147.1840402866512 -116.62938524157181 0
endloop
endfacet
facet normal 0.42261826174066586 -0.9063077870366657 0
outer loop
vertex 147.50000000000009 -116.48205080756891 1.6
vertex 147.1840402866512 -116.62938524157181 0
vertex 147.5000000000002 -116.48205080756887 0
endloop
endfacet
facet normal 0.5735764363510666 -0.8191520442889775 0
outer loop
vertex 147.78557521937296 -116.28208888623793 1.6
vertex 147.50000000000009 -116.48205080756891 1.6
vertex 147.5000000000002 -116.48205080756887 0
endloop
endfacet
facet normal 0.5735764363510666 -0.8191520442889775 0
outer loop
vertex 147.78557521937296 -116.28208888623793 1.6
vertex 147.5000000000002 -116.48205080756887 0
vertex 147.7855752193731 -116.28208888623804 0
endloop
endfacet
facet normal 0.707106781186576 -0.7071067811865192 0
outer loop
vertex 148.03208888623797 -116.03557521937306 1.6
vertex 147.78557521937296 -116.28208888623793 1.6
vertex 147.7855752193731 -116.28208888623804 0
endloop
endfacet
facet normal 0.707106781186576 -0.7071067811865192 0
outer loop
vertex 148.03208888623797 -116.03557521937306 1.6
vertex 147.7855752193731 -116.28208888623804 0
vertex 148.03208888623791 -116.0355752193731 0
endloop
endfacet
facet normal 0.8191520442889821 -0.5735764363510599 0
outer loop
vertex 148.2320508075689 -115.74999999999993 1.6
vertex 148.03208888623797 -116.03557521937306 1.6
vertex 148.03208888623791 -116.0355752193731 0
endloop
endfacet
facet normal 0.8191520442889821 -0.5735764363510599 0
outer loop
vertex 148.2320508075689 -115.74999999999993 1.6
vertex 148.03208888623791 -116.0355752193731 0
vertex 148.23205080756892 -115.74999999999994 0
endloop
endfacet
facet normal 0.9063077870366523 -0.42261826174069467 0
outer loop
vertex 148.37938524157178 -115.43404028665138 1.6
vertex 148.2320508075689 -115.74999999999993 1.6
vertex 148.23205080756892 -115.74999999999994 0
endloop
endfacet
facet normal 0.9063077870366523 -0.42261826174069467 0
outer loop
vertex 148.37938524157178 -115.43404028665138 1.6
vertex 148.23205080756892 -115.74999999999994 0
vertex 148.37938524157187 -115.43404028665157 0
endloop
endfacet
facet normal 0.965925826289063 -0.25881904510254033 0
outer loop
vertex 148.4696155060244 -115.0972963553336 1.6
vertex 148.37938524157178 -115.43404028665138 1.6
vertex 148.37938524157187 -115.43404028665157 0
endloop
endfacet
facet normal 0.965925826289063 -0.25881904510254033 0
outer loop
vertex 148.4696155060244 -115.0972963553336 1.6
vertex 148.37938524157187 -115.43404028665157 0
vertex 148.46961550602438 -115.09729635533371 0
endloop
endfacet
facet normal 0.9961946980917433 -0.08715574274768298 0
outer loop
vertex 148.5 -114.75000000000014 1.6
vertex 148.4696155060244 -115.0972963553336 1.6
vertex 148.46961550602438 -115.09729635533371 0
endloop
endfacet
facet normal 0.9961946980917433 -0.08715574274768298 0
outer loop
vertex 148.5 -114.75000000000014 1.6
vertex 148.46961550602438 -115.09729635533371 0
vertex 148.5 -114.75000000000016 0
endloop
endfacet
facet normal 1 0 0
outer loop
vertex 148.5 -113.99999999999967 0
vertex 148.5 -113.9999999999999 1.6
vertex 148.5 -114.75000000000014 1.6
endloop
endfacet
facet normal 1 0 0
outer loop
vertex 148.5 -113.99999999999967 0
vertex 148.5 -114.75000000000014 1.6
vertex 148.5 -114.75000000000016 0
endloop
endfacet
facet normal 0.9961946980917433 -0.08715574274768298 0
outer loop
vertex 148.5303844939756 -113.65270364466603 1.6
vertex 148.5 -113.9999999999999 1.6
vertex 148.5 -113.99999999999967 0
endloop
endfacet
facet normal 0.9961946980917433 -0.08715574274768298 0
outer loop
vertex 148.5303844939756 -113.65270364466603 1.6
vertex 148.5 -113.99999999999967 0
vertex 148.5303844939756 -113.6527036446661 0
endloop
endfacet
facet normal 0.965925826289063 -0.25881904510254033 0
outer loop
vertex 148.62061475842816 -113.31595971334872 1.6
vertex 148.5303844939756 -113.65270364466603 1.6
vertex 148.5303844939756 -113.6527036446661 0
endloop
endfacet
facet normal 0.965925826289063 -0.25881904510254033 0
outer loop
vertex 148.62061475842816 -113.31595971334872 1.6
vertex 148.5303844939756 -113.6527036446661 0
vertex 148.6206147584282 -113.31595971334882 0
endloop
endfacet
facet normal 0.9063077870366523 -0.42261826174069467 0
outer loop
vertex 148.76794919243113 -113.00000000000009 1.6
vertex 148.62061475842816 -113.31595971334872 1.6
vertex 148.6206147584282 -113.31595971334882 0
endloop
endfacet
facet normal 0.9063077870366523 -0.42261826174069467 0
outer loop
vertex 148.76794919243113 -113.00000000000009 1.6
vertex 148.6206147584282 -113.31595971334882 0
vertex 148.76794919243113 -112.99999999999991 0
endloop
endfacet
facet normal 0 0 -1
outer loop
vertex 148.9679111137621 -112.71442478062687 1.6
vertex 148.9011995053035 -112.80969883127362 1.6
vertex 148.80158492119617 -112.95196320100898 1.6
endloop
endfacet
facet normal 0 0 -1
outer loop
vertex 148.9679111137621 -112.71442478062687 1.6
vertex 148.80158492119617 -112.95196320100898 1.6
vertex 148.76794919243113 -113.00000000000009 1.6
endloop
endfacet
facet normal 0 0 -1
outer loop
vertex 148.9679111137621 -112.71442478062687 1.6
vertex 148.76794919243113 -113.00000000000009 1.6
vertex 148.76794919243113 -112.99999999999991 0
endloop
endfacet
facet normal 0 0 -1
outer loop
vertex 148.9679111137621 -112.71442478062687 1.6
vertex 148.76794919243113 -112.99999999999991 0
vertex 148.96791111376226 -112.7144247806269 0
endloop
endfacet
facet normal 0 0 -1
outer loop
vertex 149.214424780627 -112.46791111376207 1.6
vertex 149.10366186362253 -112.5786740307665 1.6
vertex 148.9679111137621 -112.71442478062687 1.6
endloop
endfacet
facet normal 0 0 -1
outer loop
vertex 149.214424780627 -112.46791111376207 1.6
vertex 148.9679111137621 -112.71442478062687 1.6
vertex 148.96791111376226 -112.7144247806269 0
endloop
endfacet
facet normal 0 0 -1
outer loop
vertex 149.214424780627 -112.46791111376207 1.6
vertex 148.96791111376226 -112.7144247806269 0
vertex 149.2144247806268 -112.46791111376209 0
endloop
endfacet
facet normal 0.5735764363510666 -0.8191520442889775 0
outer loop
vertex 149.50000000000014 -112.26794919243106 1.6
vertex 149.214424780627 -112.46791111376207 1.6
vertex 149.2144247806268 -112.46791111376209 0
endloop
endfacet
facet normal 0.5735764363510666 -0.8191520442889775 0
outer loop
vertex 149.50000000000014 -112.26794919243106 1.6
vertex 149.2144247806268 -112.46791111376209 0
vertex 149.49999999999997 -112.26794919243102 0
endloop
endfacet
facet normal 0 0 1
outer loop
vertex 149.8159597133483 -112.12061475842822 1.6
vertex 149.50039081376758 -112.26776695297839 1.6
vertex 149.50000000000014 -112.26794919243106 1.6
endloop
endfacet
facet normal 0 0 1
outer loop
vertex 149.8159597133483 -112.12061475842822 1.6
vertex 149.50000000000014 -112.26794919243106 1.6
vertex 149.49999999999997 -112.26794919243102 0
endloop
endfacet
facet normal 0 0 1
outer loop
vertex 149.8159597133483 -112.12061475842822 1.6
vertex 149.49999999999997 -112.26794919243102 0
vertex 149.81595971334855 -112.12061475842819 0
endloop
endfacet
facet normal 0.25881904510254033 -0.965925826289063 0
outer loop
vertex 150.1527036446662 -112.0303844939756 1.6
vertex 149.8159597133483 -112.12061475842822 1.6
vertex 149.81595971334855 -112.12061475842819 0
endloop
endfacet
facet normal 0.25881904510254033 -0.965925826289063 0
outer loop
vertex 150.1527036446662 -112.0303844939756 1.6
vertex 149.81595971334855 -112.12061475842819 0
vertex 150.15270364466625 -112.0303844939756 0
endloop
endfacet
facet normal 0.08715574274766874 -0.9961946980917448 0
outer loop
vertex 150.50000000000017 -112 1.6
vertex 150.1527036446662 -112.0303844939756 1.6
vertex 150.15270364466625 -112.0303844939756 0
endloop
endfacet
facet normal 0.08715574274766874 -0.9961946980917448 0
outer loop
vertex 150.50000000000017 -112 1.6
vertex 150.15270364466625 -112.0303844939756 0
vertex 150.50000000000026 -112 0
endloop
endfacet
facet normal 0 -1 0
outer loop
vertex 163.4999999999999 -112 0
vertex 163.4999999999999 -112 1.6
vertex 150.50000000000017 -112 1.6
endloop
endfacet
facet normal 0 -1 0
outer loop
vertex 163.4999999999999 -112 0
vertex 150.50000000000017 -112 1.6
vertex 150.50000000000026 -112 0
endloop
endfacet
facet normal -0.08715574274766874 -0.9961946980917448 0
outer loop
vertex 163.8472963553339 -112.0303844939756 1.6
vertex 163.4999999999999 -112 1.6
vertex 163.4999999999999 -112 0
endloop
endfacet
facet normal -0.08715574274766874 -0.9961946980917448 0
outer loop
vertex 163.8472963553339 -112.0303844939756 1.6
vertex 163.4999999999999 -112 0
vertex 163.84729635533392 -112.0303844939756 0
endloop
endfacet
facet normal -0.2588190451025271 -0.9659258262890666 0
outer loop
vertex 164.18404028665142 -112.12061475842822 1.6
vertex 163.8472963553339 -112.0303844939756 1.6
vertex 163.84729635533392 -112.0303844939756 0
endloop
endfacet
facet normal -0.2588190451025271 -0.9659258262890666 0
outer loop
vertex 164.18404028665142 -112.12061475842822 1.6
vertex 163.84729635533392 -112.0303844939756 0
vertex 164.18404028665137 -112.12061475842819 0
endloop
endfacet
facet normal -0.4226182617406773 -0.9063077870366604 0
outer loop
vertex 164.49999999999991 -112.26794919243106 1.6
vertex 164.18404028665142 -112.12061475842822 1.6
vertex 164.18404028665137 -112.12061475842819 0
endloop
endfacet
facet normal -0.4226182617406773 -0.9063077870366604 0
outer loop
vertex 164.49999999999991 -112.26794919243106 1.6
vertex 164.18404028665137 -112.12061475842819 0
vertex 164.49999999999986 -112.26794919243102 0
endloop
endfacet
facet normal -0.57357643635106 -0.8191520442889821 0
outer loop
vertex 164.7855752193731 -112.46791111376207 1.6
vertex 164.49999999999991 -112.26794919243106 1.6
vertex 164.49999999999986 -112.26794919243102 0
endloop
endfacet
facet normal -0.57357643635106 -0.8191520442889821 0
outer loop
vertex 164.7855752193731 -112.46791111376207 1.6
vertex 164.49999999999986 -112.26794919243102 0
vertex 164.78557521937313 -112.46791111376209 0
endloop
endfacet
facet normal -0.7071067811865901 -0.7071067811865048 0
outer loop
vertex 165.0320888862379 -112.71442478062687 1.6
vertex 164.7855752193731 -112.46791111376207 1.6
vertex 164.78557521937313 -112.46791111376209 0
endloop
endfacet
facet normal -0.7071067811865901 -0.7071067811865048 0
outer loop
vertex 165.0320888862379 -112.71442478062687 1.6
vertex 164.78557521937313 -112.46791111376209 0
vertex 165.03208888623794 -112.7144247806269 0
endloop
endfacet
facet normal -0.8191520442889821 -0.5735764363510599 0
outer loop
vertex 165.23205080756892 -113.00000000000009 1.6
vertex 165.0320888862379 -112.71442478062687 1.6
vertex 165.03208888623794 -112.7144247806269 0
endloop
endfacet
facet normal -0.8191520442889821 -0.5735764363510599 0
outer loop
vertex 165.23205080756892 -113.00000000000009 1.6
vertex 165.03208888623794 -112.7144247806269 0
vertex 165.2320508075688 -112.99999999999991 0
endloop
endfacet
facet normal -0.9063077870366524 -0.42261826174069467 0
outer loop
vertex 165.37938524157184 -113.31595971334872 1.6
vertex 165.23205080756892 -113.00000000000009 1.6
vertex 165.2320508075688 -112.99999999999991 0
endloop
endfacet
facet normal -0.9063077870366524 -0.42261826174069467 0
outer loop
vertex 165.37938524157184 -113.31595971334872 1.6
vertex 165.2320508075688 -112.99999999999991 0
vertex 165.37938524157187 -113.31595971334882 0
endloop
endfacet
facet normal -0.9659258262890708 -0.25881904510251214 0
outer loop
vertex 165.4696155060244 -113.65270364466603 1.6
vertex 165.37938524157184 -113.31595971334872 1.6
vertex 165.37938524157187 -113.31595971334882 0
endloop
endfacet
facet normal -0.9659258262890708 -0.25881904510251214 0
outer loop
vertex 165.4696155060244 -113.65270364466603 1.6
vertex 165.37938524157187 -113.31595971334882 0
vertex 165.4696155060244 -113.6527036446661 0
endloop
endfacet
facet normal -0.9961946980917433 -0.08715574274768298 0
outer loop
vertex 165.5 -113.9999999999999 1.6
vertex 165.4696155060244 -113.65270364466603 1.6
vertex 165.4696155060244 -113.6527036446661 0
endloop
endfacet
facet normal -0.9961946980917433 -0.08715574274768298 0
outer loop
vertex 165.5 -113.9999999999999 1.6
vertex 165.4696155060244 -113.6527036446661 0
vertex 165.5 -113.99999999999967 0
endloop
endfacet
facet normal -1 0 0
outer loop
vertex 165.5 -114.69803679899245 1.6
vertex 165.5 -114.65000000000013 1.6
vertex 165.5 -113.9999999999999 1.6
endloop
endfacet
facet normal -1 0 0
outer loop
vertex 165.5 -114.69803679899245 1.6
vertex 165.5 -113.9999999999999 1.6
vertex 165.5 -113.99999999999967 0
endloop
endfacet
facet normal -1 0 0
outer loop
vertex 165.5 -114.69803679899245 1.6
vertex 165.5 -113.99999999999967 0
vertex 165.5 -114.75000000000016 0
endloop
endfacet
facet normal -1 0 0
outer loop
vertex 165.5 -114.69803679899245 1.6
vertex 165.5 -114.75000000000016 0
vertex 165.5 -114.75000000000014 1.6
endloop
endfacet
facet normal 0 0 1
outer loop
vertex 165.53038449397556 -115.0972963553336 1.6
vertex 165.52811237960643 -115.07132596925645 1.6
vertex 165.50790032856662 -114.84030116872563 1.6
endloop
endfacet
facet normal 0 0 1
outer loop
vertex 165.53038449397556 -115.0972963553336 1.6
vertex 165.50790032856662 -114.84030116872563 1.6
vertex 165.5 -114.75000000000014 1.6
endloop
endfacet
facet normal 0 0 1
outer loop
vertex 165.53038449397556 -115.0972963553336 1.6
vertex 165.5 -114.75000000000014 1.6
vertex 165.5 -114.75000000000016 0
endloop
endfacet
facet normal 0 0 1
outer loop
vertex 165.53038449397556 -115.0972963553336 1.6
vertex 165.5 -114.75000000000016 0
vertex 165.53038449397556 -115.09729635533371 0
endloop
endfacet
facet normal 0 0 -1
outer loop
vertex 165.62061475842822 -115.43404028665138 1.6
vertex 165.6067330504111 -115.38223304703567 1.6
vertex 165.53038449397556 -115.0972963553336 1.6
endloop
endfacet
facet normal 0 0 -1
outer loop
vertex 165.62061475842822 -115.43404028665138 1.6
vertex 165.53038449397556 -115.0972963553336 1.6
vertex 165.53038449397556 -115.09729635533371 0
endloop
endfacet
facet normal 0 0 -1
outer loop
vertex 165.62061475842822 -115.43404028665138 1.6
vertex 165.53038449397556 -115.09729635533371 0
vertex 165.6206147584283 -115.43404028665157 0
endloop
endfacet
facet normal -0.9063077870366811 -0.42261826174063244 4.975929930974365e-16
outer loop
vertex 165.76794919243108 -115.74999999999993 1.6
vertex 165.62061475842822 -115.43404028665138 1.6
vertex 165.6206147584283 -115.43404028665157 0
endloop
endfacet
facet normal -0.9063077870366811 -0.42261826174063244 4.975929930974365e-16
outer loop
vertex 165.76794919243108 -115.74999999999993 1.6
vertex 165.6206147584283 -115.43404028665157 0
vertex 165.72131842661506 -115.64999999999876 0
endloop
endfacet
facet normal -0.9063077870366811 -0.42261826174063244 4.975929930974365e-16
outer loop
vertex 165.76794919243108 -115.74999999999993 1.6
vertex 165.72131842661506 -115.64999999999876 0
vertex 165.73475838296036 -115.67882207939262 0
endloop
endfacet
facet normal -0.9063077870366811 -0.42261826174063244 4.975929930974365e-16
outer loop
vertex 165.76794919243108 -115.74999999999993 1.6
vertex 165.73475838296036 -115.67882207939262 0
vertex 165.7679491924311 -115.74999999999994 0
endloop
endfacet
facet normal 0 0 1
outer loop
vertex 165.96791111376206 -116.03557521937306 1.6
vertex 165.77570358301003 -115.76107441744875 1.6
vertex 165.76794919243108 -115.74999999999993 1.6
endloop
endfacet
facet normal 0 0 1
outer loop
vertex 165.96791111376206 -116.03557521937306 1.6
vertex 165.76794919243108 -115.74999999999993 1.6
vertex 165.7679491924311 -115.74999999999994 0
endloop
endfacet
facet normal 0 0 1
outer loop
vertex 165.96791111376206 -116.03557521937306 1.6
vertex 165.7679491924311 -115.74999999999994 0
vertex 165.77787862633105 -115.76418070123223 0
endloop
endfacet
facet normal 0 0 1
outer loop
vertex 165.96791111376206 -116.03557521937306 1.6
vertex 165.77787862633105 -115.76418070123223 0
vertex 165.87493781043617 -115.90279558154796 0
endloop
endfacet
facet normal 0 0 1
outer loop
vertex 165.96791111376206 -116.03557521937306 1.6
vertex 165.87493781043617 -115.90279558154796 0
vertex 165.96791111376209 -116.0355752193731 0
endloop
endfacet
facet normal 0 0 -1
outer loop
vertex 166.2144247806269 -116.28208888623793 1.6
vertex 166.12562731349752 -116.19329141910855 1.6
vertex 165.96791111376206 -116.03557521937306 1.6
endloop
endfacet
facet normal 0 0 -1
outer loop
vertex 166.2144247806269 -116.28208888623793 1.6
vertex 165.96791111376206 -116.03557521937306 1.6
vertex 165.96791111376209 -116.0355752193731 0
endloop
endfacet
facet normal 0 0 -1
outer loop
vertex 166.2144247806269 -116.28208888623793 1.6
vertex 165.96791111376209 -116.0355752193731 0
vertex 166.0216757226036 -116.08933982821459 0
endloop
endfacet
facet normal 0 0 -1
outer loop
vertex 166.2144247806269 -116.28208888623793 1.6
vertex 166.0216757226036 -116.08933982821459 0
vertex 166.21442478062704 -116.28208888623804 0
endloop
endfacet
facet normal -0.5735764363510555 -0.8191520442889852 7.264857699217619e-15
outer loop
vertex 166.50000000000006 -116.48205080756891 1.6
vertex 166.2144247806269 -116.28208888623793 1.6
vertex 166.21442478062704 -116.28208888623804 0
endloop
endfacet
facet normal -0.5735764363510555 -0.8191520442889852 7.264857699217619e-15
outer loop
vertex 166.50000000000006 -116.48205080756891 1.6
vertex 166.21442478062704 -116.28208888623804 0
vertex 166.2637755264347 -116.31664465046883 0
endloop
endfacet
facet normal -0.5735764363510555 -0.8191520442889852 7.264857699217619e-15
outer loop
vertex 166.50000000000006 -116.48205080756891 1.6
vertex 166.2637755264347 -116.31664465046883 0
vertex 166.5 -116.48205080756887 0
endloop
endfacet
facet normal -0.4226182617406683 -0.9063077870366646 -9.130831423336975e-15
outer loop
vertex 166.81595971334863 -116.6293852415718 1.6
vertex 166.50000000000006 -116.48205080756891 1.6
vertex 166.5 -116.48205080756887 0
endloop
endfacet
facet normal -0.4226182617406683 -0.9063077870366646 -9.130831423336975e-15
outer loop
vertex 166.81595971334863 -116.6293852415718 1.6
vertex 166.5 -116.48205080756887 0
vertex 166.70142076210166 -116.5759748514483 0
endloop
endfacet
facet normal -0.4226182617406683 -0.9063077870366646 -9.130831423336975e-15
outer loop
vertex 166.81595971334863 -116.6293852415718 1.6
vertex 166.70142076210166 -116.5759748514483 0
vertex 166.81595971334866 -116.62938524157181 0
endloop
endfacet
facet normal 0 0 1
outer loop
vertex 167.15270364466616 -116.71961550602441 1.6
vertex 166.93870295832457 -116.66227419493947 1.6
vertex 166.81595971334863 -116.6293852415718 1.6
endloop
endfacet
facet normal 0 0 1
outer loop
vertex 167.15270364466616 -116.71961550602441 1.6
vertex 166.81595971334863 -116.6293852415718 1.6
vertex 166.81595971334866 -116.62938524157181 0
endloop
endfacet
facet normal 0 0 1
outer loop
vertex 167.15270364466616 -116.71961550602441 1.6
vertex 166.81595971334866 -116.62938524157181 0
vertex 167.15270364466616 -116.71961550602441 0
endloop
endfacet
facet normal -0.08715574274766874 -0.9961946980917448 0
outer loop
vertex 167.49999999999997 -116.75 1.6
vertex 167.15270364466616 -116.71961550602441 1.6
vertex 167.15270364466616 -116.71961550602441 0
endloop
endfacet
facet normal -0.08715574274766874 -0.9961946980917448 0
outer loop
vertex 167.49999999999997 -116.75 1.6
vertex 167.15270364466616 -116.71961550602441 0
vertex 167.5 -116.75 0
endloop
endfacet
facet normal 0 0 1
outer loop
vertex 171.74844089836577 -136.3104754820791 1.6
vertex 171.79930955489584 -136.02198500504417 1.6
vertex 171.88530877647148 -135.53425919999992 1.6
endloop
endfacet
facet normal 0 0 1
outer loop
vertex 171.74844089836577 -136.3104754820791 1.6
vertex 171.88530877647148 -135.53425919999992 1.6
vertex 171.9713079980441 -135.04653339497287 1.6
endloop
endfacet
facet normal 0 0 1
outer loop
vertex 171.74844089836577 -136.3104754820791 1.6
vertex 171.9713079980441 -135.04653339497287 1.6
vertex 172.05400231776684 -134.57755061907793 1.6
endloop
endfacet
facet normal 0 0 1
outer loop
vertex 171.74844089836577 -136.3104754820791 1.6
vertex 172.05400231776684 -134.57755061907793 1.6
vertex 172.1302138392933 -134.1453336174689 1.6
endloop
endfacet
facet normal 0 0 1
outer loop
vertex 171.74844089836577 -136.3104754820791 1.6
vertex 172.1302138392933 -134.1453336174689 1.6
vertex 172.19701379661186 -133.76649224701018 1.6
endloop
endfacet
facet normal 0 0 1
outer loop
vertex 171.74844089836577 -136.3104754820791 1.6
vertex 172.19701379661186 -133.76649224701018 1.6
vertex 172.25183510480144 -133.4555851692428 1.6
endloop
endfacet
facet normal 0 0 1
outer loop
vertex 171.74844089836577 -136.3104754820791 1.6
vertex 172.25183510480144 -133.4555851692428 1.6
vertex 172.29257101174616 -133.22456036872947 1.6
endloop
endfacet
facet normal 0 0 1
outer loop
vertex 171.74844089836577 -136.3104754820791 1.6
vertex 172.29257101174616 -133.22456036872947 1.6
vertex 172.31765605938747 -133.0822959989913 1.6
endloop
endfacet
facet normal 0 0 1
outer loop
vertex 171.74844089836577 -136.3104754820791 1.6
vertex 172.31765605938747 -133.0822959989913 1.6
vertex 172.3261262434079 -133.03425919999992 1.6
endloop
endfacet
facet normal 0 0 1
outer loop
vertex 171.74844089836577 -136.3104754820791 1.6
vertex 172.3261262434079 -133.03425919999992 1.6
vertex 172.885598759512 -129.861333 1.6
endloop
endfacet
facet normal 0 0 1
outer loop
vertex 171.74844089836577 -136.3104754820791 1.6
vertex 172.885598759512 -129.861333 1.6
vertex 174.11770711925203 -122.87369949999996 1.6
endloop
endfacet
facet normal 0 0 1
outer loop
vertex 171.74844089836577 -136.3104754820791 1.6
vertex 174.11770711925203 -122.87369949999996 1.6
vertex 174.14021828580564 -122.74603233477818 1.6
endloop
endfacet
facet normal 0 0 1
outer loop
vertex 171.74844089836577 -136.3104754820791 1.6
vertex 174.14021828580564 -122.74603233477818 1.6
vertex 174.17008957761865 -122.57662382641868 1.6
endloop
endfacet
facet normal 0 0 1
outer loop
vertex 171.74844089836577 -136.3104754820791 1.6
vertex 174.17008957761865 -122.57662382641868 1.6
vertex 174.20660915887407 -122.36951099630997 1.6
endloop
endfacet
facet normal 0 0 1
outer loop
vertex 171.74844089836577 -136.3104754820791 1.6
vertex 174.20660915887407 -122.36951099630997 1.6
vertex 174.24890681825752 -122.12962905788888 1.6
endloop
endfacet
facet normal 0 0 1
outer loop
vertex 171.74844089836577 -136.3104754820791 1.6
vertex 174.24890681825752 -122.12962905788888 1.6
vertex 174.29597466081245 -121.86269406730177 1.6
endloop
endfacet
facet normal 0 0 1
outer loop
vertex 171.74844089836577 -136.3104754820791 1.6
vertex 174.29597466081245 -121.86269406730177 1.6
vertex 174.34669112468816 -121.57506671766318 1.6
endloop
endfacet
facet normal 0 0 1
outer loop
vertex 171.74844089836577 -136.3104754820791 1.6
vertex 174.34669112468816 -121.57506671766318 1.6
vertex 174.39984770641433 -121.2736007724978 1.6
endloop
endfacet
facet normal 0 0 1
outer loop
vertex 171.74844089836577 -136.3104754820791 1.6
vertex 174.39984770641433 -121.2736007724978 1.6
vertex 174.45417775787328 -120.96547974999986 1.6
endloop
endfacet
facet normal 0 0 1
outer loop
vertex 171.74844089836577 -136.3104754820791 1.6
vertex 174.45417775787328 -120.96547974999986 1.6
vertex 174.5053971769098 -120.675 1.6
endloop
endfacet
facet normal 0 0 1
outer loop
vertex 171.74844089836577 -136.3104754820791 1.6
vertex 174.5053971769098 -120.675 1.6
vertex 174.68613233835373 -119.65000000000012 1.6
endloop
endfacet
facet normal 0 0 1
outer loop
vertex 171.74844089836577 -136.3104754820791 1.6
vertex 174.68613233835373 -119.65000000000012 1.6
vertex 174.69460252237462 -119.6019632010061 1.6
endloop
endfacet
facet normal 0 0 1
outer loop
vertex 171.74844089836577 -136.3104754820791 1.6
vertex 174.69460252237462 -119.6019632010061 1.6
vertex 174.7196875700136 -119.45969883128119 1.6
endloop
endfacet
facet normal 0 0 1
outer loop
vertex 171.74844089836577 -136.3104754820791 1.6
vertex 174.7196875700136 -119.45969883128119 1.6
vertex 174.76042347696048 -119.22867403075554 1.6
endloop
endfacet
facet normal 0 0 1
outer loop
vertex 171.74844089836577 -136.3104754820791 1.6
vertex 174.76042347696048 -119.22867403075554 1.6
vertex 174.81524478515286 -118.9177669529725 1.6
endloop
endfacet
facet normal 0 0 1
outer loop
vertex 171.74844089836577 -136.3104754820791 1.6
vertex 174.81524478515286 -118.9177669529725 1.6
vertex 174.8820447424653 -118.53892558254832 1.6
endloop
endfacet
facet normal 0 0 1
outer loop
vertex 171.74844089836577 -136.3104754820791 1.6
vertex 174.8820447424653 -118.53892558254832 1.6
vertex 174.95825626399696 -118.10670858090994 1.6
endloop
endfacet
facet normal 0 0 1
outer loop
vertex 171.74844089836577 -136.3104754820791 1.6
vertex 174.95825626399696 -118.10670858090994 1.6
vertex 175.04095058371453 -117.63772580504431 1.6
endloop
endfacet
facet normal 0 0 1
outer loop
vertex 171.74844089836577 -136.3104754820791 1.6
vertex 175.04095058371453 -117.63772580504431 1.6
vertex 175.1269498052902 -117.14999999999995 1.6
endloop
endfacet
facet normal 0 0 1
outer loop
vertex 171.74844089836577 -136.3104754820791 1.6
vertex 175.1269498052902 -117.14999999999995 1.6
vertex 175.1974806 -116.75 1.6
endloop
endfacet
facet normal 0 0 1
outer loop
vertex 171.74844089836577 -136.3104754820791 1.6
vertex 175.1974806 -116.75 1.6
vertex 175.1974806 -116.75 0
endloop
endfacet
facet normal 0 0 1
outer loop
vertex 171.74844089836577 -136.3104754820791 1.6
vertex 175.1974806 -116.75 0
vertex 175.17854933823173 -116.8573645169952 0
endloop
endfacet
facet normal 0 0 1
outer loop
vertex 171.74844089836577 -136.3104754820791 1.6
vertex 175.17854933823173 -116.8573645169952 0
vertex 175.12694980529304 -117.14999999998382 0
endloop
endfacet
facet normal 0 0 1
outer loop
vertex 171.74844089836577 -136.3104754820791 1.6
vertex 175.12694980529304 -117.14999999998382 0
vertex 175.0753502723411 -117.44263548304744 0
endloop
endfacet
facet normal 0 0 1
outer loop
vertex 171.74844089836577 -136.3104754820791 1.6
vertex 175.0753502723411 -117.44263548304744 0
vertex 175.02573368051176 -117.72402514856003 0
endloop
endfacet
facet normal 0 0 1
outer loop
vertex 171.74844089836577 -136.3104754820791 1.6
vertex 175.02573368051176 -117.72402514856003 0
vertex 174.98000676759796 -117.98335534951367 0
endloop
endfacet
facet normal 0 0 1
outer loop
vertex 171.74844089836577 -136.3104754820791 1.6
vertex 174.98000676759796 -117.98335534951367 0
vertex 174.93992679320903 -118.21066017177655 0
endloop
endfacet
facet normal 0 0 1
outer loop
vertex 171.74844089836577 -136.3104754820791 1.6
vertex 174.93992679320903 -118.21066017177655 0
vertex 174.90703400829372 -118.39720441844574 0
endloop
endfacet
facet normal 0 0 1
outer loop
vertex 171.74844089836577 -136.3104754820791 1.6
vertex 174.90703400829372 -118.39720441844574 0
vertex 174.88259246412395 -118.53581929877042 0
endloop
endfacet
facet normal 0 0 1
outer loop
vertex 171.74844089836577 -136.3104754820791 1.6
vertex 174.88259246412395 -118.53581929877042 0
vertex 174.8675414355406 -118.62117792060513 0
endloop
endfacet
facet normal 0 0 1
outer loop
vertex 171.74844089836577 -136.3104754820791 1.6
vertex 174.8675414355406 -118.62117792060513 0
vertex 174.86245932512836 -118.64999999999986 0
endloop
endfacet
facet normal 0 0 1
outer loop
vertex 171.74844089836577 -136.3104754820791 1.6
vertex 174.86245932512836 -118.64999999999986 0
vertex 174.5053971769098 -120.675 0
endloop
endfacet
facet normal 0 0 1
outer loop
vertex 171.74844089836577 -136.3104754820791 1.6
vertex 174.5053971769098 -120.675 0
vertex 174.45417775787325 -120.96547975000018 0
endloop
endfacet
facet normal 0 0 1
outer loop
vertex 171.74844089836577 -136.3104754820791 1.6
vertex 174.45417775787325 -120.96547975000018 0
vertex 174.39984770641436 -121.27360077249772 0
endloop
endfacet
facet normal 0 0 1
outer loop
vertex 171.74844089836577 -136.3104754820791 1.6
vertex 174.39984770641436 -121.27360077249772 0
vertex 174.34669112468816 -121.57506671766323 0
endloop
endfacet
facet normal 0 0 1
outer loop
vertex 171.74844089836577 -136.3104754820791 1.6
vertex 174.34669112468816 -121.57506671766323 0
vertex 174.29597466081245 -121.86269406730186 0
endloop
endfacet
facet normal 0 0 1
outer loop
vertex 171.74844089836577 -136.3104754820791 1.6
vertex 174.29597466081245 -121.86269406730186 0
vertex 174.24890681825755 -122.12962905788878 0
endloop
endfacet
facet normal 0 0 1
outer loop
vertex 171.74844089836577 -136.3104754820791 1.6
vertex 174.24890681825755 -122.12962905788878 0
vertex 174.20660915887407 -122.36951099631001 0
endloop
endfacet
facet normal 0 0 1
outer loop
vertex 171.74844089836577 -136.3104754820791 1.6
vertex 174.20660915887407 -122.36951099631001 0
vertex 174.17008957761865 -122.57662382641871 0
endloop
endfacet
facet normal 0 0 1
outer loop
vertex 171.74844089836577 -136.3104754820791 1.6
vertex 174.17008957761865 -122.57662382641871 0
vertex 174.14021828580567 -122.74603233477818 0
endloop
endfacet
facet normal 0 0 1
outer loop
vertex 171.74844089836577 -136.3104754820791 1.6
vertex 174.14021828580567 -122.74603233477818 0
vertex 174.11770711925206 -122.87369949999997 0
endloop
endfacet
facet normal 0 0 1
outer loop
vertex 171.74844089836577 -136.3104754820791 1.6
vertex 174.11770711925206 -122.87369949999997 0
vertex 172.885598759512 -129.86133300000003 0
endloop
endfacet
facet normal 0 0 1
outer loop
vertex 171.74844089836577 -136.3104754820791 1.6
vertex 172.885598759512 -129.86133300000003 0
vertex 172.14979925663363 -134.03425919999836 0
endloop
endfacet
facet normal 0 0 1
outer loop
vertex 171.74844089836577 -136.3104754820791 1.6
vertex 172.14979925663363 -134.03425919999836 0
vertex 172.14471714622132 -134.06308127939346 0
endloop
endfacet
facet normal 0 0 1
outer loop
vertex 171.74844089836577 -136.3104754820791 1.6
vertex 172.14471714622132 -134.06308127939346 0
vertex 172.12966611763636 -134.14843990123734 0
endloop
endfacet
facet normal 0 0 1
outer loop
vertex 171.74844089836577 -136.3104754820791 1.6
vertex 172.12966611763636 -134.14843990123734 0
vertex 172.1052245734719 -134.2870547815318 0
endloop
endfacet
facet normal 0 0 1
outer loop
vertex 171.74844089836577 -136.3104754820791 1.6
vertex 172.1052245734719 -134.2870547815318 0
vertex 172.0723317885495 -134.4735990282413 0
endloop
endfacet
facet normal 0 0 1
outer loop
vertex 171.74844089836577 -136.3104754820791 1.6
vertex 172.0723317885495 -134.4735990282413 0
vertex 172.0322518141719 -134.70090385043983 0
endloop
endfacet
facet normal 0 0 1
outer loop
vertex 171.74844089836577 -136.3104754820791 1.6
vertex 172.0322518141719 -134.70090385043983 0
vertex 171.98652490124297 -134.9602340514792 0
endloop
endfacet
facet normal 0 0 1
outer loop
vertex 171.74844089836577 -136.3104754820791 1.6
vertex 171.98652490124297 -134.9602340514792 0
vertex 171.93690830941574 -135.24162371697986 0
endloop
endfacet
facet normal 0 0 1
outer loop
vertex 171.74844089836577 -136.3104754820791 1.6
vertex 171.93690830941574 -135.24162371697986 0
vertex 171.88530877647324 -135.53425919999003 0
endloop
endfacet
facet normal 0 0 1
outer loop
vertex 171.74844089836577 -136.3104754820791 1.6
vertex 171.88530877647324 -135.53425919999003 0
vertex 171.83370924352613 -135.82689468302627 0
endloop
endfacet
facet normal 0 0 1
outer loop
vertex 171.74844089836577 -136.3104754820791 1.6
vertex 171.83370924352613 -135.82689468302627 0
vertex 171.78409265168904 -136.10828434858283 0
endloop
endfacet
facet normal 0 0 1
outer loop
vertex 171.74844089836577 -136.3104754820791 1.6
vertex 171.78409265168904 -136.10828434858283 0
vertex 171.74844089836577 -136.3104754820791 0
endloop
endfacet
facet normal -0.9848087240411161 0.17364267059829785 0
outer loop
vertex 171.74497053669296 -136.3301568804721 1.6
vertex 171.74844089836577 -136.3104754820791 1.6
vertex 171.74844089836577 -136.3104754820791 0
endloop
endfacet
facet normal -0.9848087240411161 0.17364267059829785 0
outer loop
vertex 171.74497053669296 -136.3301568804721 1.6
vertex 171.74844089836577 -136.3104754820791 0
vertex 171.744970536693 -136.33015688047198 0
endloop
endfacet
facet normal 0 0 -1
outer loop
vertex 171.71488906917818 -136.64254658569544 1.6
vertex 171.72948530207503 -136.49096778091206 1.6
vertex 171.74497053669296 -136.3301568804721 1.6
endloop
endfacet
facet normal 0 0 -1
outer loop
vertex 171.71488906917818 -136.64254658569544 1.6
vertex 171.74497053669296 -136.3301568804721 1.6
vertex 171.744970536693 -136.33015688047198 0
endloop
endfacet
facet normal 0 0 -1
outer loop
vertex 171.71488906917818 -136.64254658569544 1.6
vertex 171.744970536693 -136.33015688047198 0
vertex 171.74136356234257 -136.3676145495009 0
endloop
endfacet
facet normal 0 0 -1
outer loop
vertex 171.71488906917818 -136.64254658569544 1.6
vertex 171.74136356234257 -136.3676145495009 0
vertex 171.71947531662616 -136.5949193717757 0
endloop
endfacet
facet normal 0 0 -1
outer loop
vertex 171.71488906917818 -136.64254658569544 1.6
vertex 171.71947531662616 -136.5949193717757 0
vertex 171.71488906917818 -136.64254658569558 0
endloop
endfacet
facet normal 0 0 1
outer loop
vertex 171.73404738901596 -136.95579866803885 1.6
vertex 171.73205274226174 -136.9231847825526 1.6
vertex 171.71488906917818 -136.64254658569544 1.6
endloop
endfacet
facet normal 0 0 1
outer loop
vertex 171.73404738901596 -136.95579866803885 1.6
vertex 171.71488906917818 -136.64254658569544 1.6
vertex 171.71488906917818 -136.64254658569558 0
endloop
endfacet
facet normal 0 0 1
outer loop
vertex 171.73404738901596 -136.95579866803885 1.6
vertex 171.71488906917818 -136.64254658569558 0
vertex 171.72338515617787 -136.78146361844992 0
endloop
endfacet
facet normal 0 0 1
outer loop
vertex 171.73404738901596 -136.95579866803885 1.6
vertex 171.72338515617787 -136.78146361844992 0
vertex 171.731862763706 -136.9200784987717 0
endloop
endfacet
facet normal 0 0 1
outer loop
vertex 171.73404738901596 -136.95579866803885 1.6
vertex 171.731862763706 -136.9200784987717 0
vertex 171.73404738901596 -136.95579866803894 0
endloop
endfacet
facet normal -0.976296584817344 -0.2164370080970221 1.1531662413809332e-14
outer loop
vertex 171.80197341506397 -137.26219704156082 1.6
vertex 171.73404738901596 -136.95579866803885 1.6
vertex 171.73404738901596 -136.95579866803894 0
endloop
endfacet
facet normal -0.976296584817344 -0.2164370080970221 1.1531662413809332e-14
outer loop
vertex 171.80197341506397 -137.26219704156082 1.6
vertex 171.73404738901596 -136.95579866803894 0
vertex 171.74505183000923 -137.0054371206031 0
endloop
endfacet
facet normal -0.976296584817344 -0.2164370080970221 1.1531662413809332e-14
outer loop
vertex 171.80197341506397 -137.26219704156082 1.6
vertex 171.74505183000923 -137.0054371206031 0
vertex 171.75144145046744 -137.03425919999916 0
endloop
endfacet
facet normal -0.976296584817344 -0.2164370080970221 1.1531662413809332e-14
outer loop
vertex 171.80197341506397 -137.26219704156082 1.6
vertex 171.75144145046744 -137.03425919999916 0
vertex 171.80197341506397 -137.26219704156085 0
endloop
endfacet
facet normal 0 0 -1
outer loop
vertex 171.91699457237667 -137.5541971129337 1.6
vertex 171.81766241974634 -137.30202615295266 1.6
vertex 171.80197341506397 -137.26219704156082 1.6
endloop
endfacet
facet normal 0 0 -1
outer loop
vertex 171.91699457237667 -137.5541971129337 1.6
vertex 171.80197341506397 -137.26219704156082 1.6
vertex 171.80197341506397 -137.26219704156085 0
endloop
endfacet
facet normal 0 0 -1
outer loop
vertex 171.91699457237667 -137.5541971129337 1.6
vertex 171.80197341506397 -137.26219704156085 0
vertex 171.91699457237667 -137.55419711293368 0
endloop
endfacet
facet normal 0 0 1
outer loop
vertex 172.0762786401237 -137.82460882509386 1.6
vertex 171.95159265874665 -137.61293323077086 1.6
vertex 171.91699457237667 -137.5541971129337 1.6
endloop
endfacet
facet normal 0 0 1
outer loop
vertex 172.0762786401237 -137.82460882509386 1.6
vertex 171.91699457237667 -137.5541971129337 1.6
vertex 171.91699457237667 -137.55419711293368 0
endloop
endfacet
facet normal 0 0 1
outer loop
vertex 172.0762786401237 -137.82460882509386 1.6
vertex 171.91699457237667 -137.55419711293368 0
vertex 172.07627864012375 -137.82460882509392 0
endloop
endfacet
facet normal 0 0 1
outer loop
vertex 172.27590349071392 -138.0667737014452 1.6
vertex 172.24910066698976 -138.03425919999992 1.6
vertex 172.2095022786264 -137.98622240100735 1.6
endloop
endfacet
facet normal 0 0 1
outer loop
vertex 172.27590349071392 -138.0667737014452 1.6
vertex 172.2095022786264 -137.98622240100735 1.6
vertex 172.09222885739925 -137.84395803128183 1.6
endloop
endfacet
facet normal 0 0 1
outer loop
vertex 172.27590349071392 -138.0667737014452 1.6
vertex 172.09222885739925 -137.84395803128183 1.6
vertex 172.0762786401237 -137.82460882509386 1.6
endloop
endfacet
facet normal 0 0 1
outer loop
vertex 172.27590349071392 -138.0667737014452 1.6
vertex 172.0762786401237 -137.82460882509386 1.6
vertex 172.07627864012375 -137.82460882509392 0
endloop
endfacet
facet normal 0 0 1
outer loop
vertex 172.27590349071392 -138.0667737014452 1.6
vertex 172.07627864012375 -137.82460882509392 0
vertex 172.27590349071397 -138.06677370144527 0
endloop
endfacet
facet normal -0.6626205317929698 -0.7489552929557292 0
outer loop
vertex 172.51095366621465 -138.27472880070576 1.6
vertex 172.27590349071392 -138.0667737014452 1.6
vertex 172.27590349071397 -138.06677370144527 0
endloop
endfacet
facet normal -0.6626205317929698 -0.7489552929557292 0
outer loop
vertex 172.51095366621465 -138.27472880070576 1.6
vertex 172.27590349071397 -138.06677370144527 0
vertex 172.51095366621453 -138.27472880070567 0
endloop
endfacet
facet normal -0.5372997262604217 -0.8433913706936275 0
outer loop
vertex 172.77564141401726 -138.4433535452557 1.6
vertex 172.51095366621465 -138.27472880070576 1.6
vertex 172.51095366621453 -138.27472880070567 0
endloop
endfacet
facet normal -0.5372997262604217 -0.8433913706936275 0
outer loop
vertex 172.77564141401726 -138.4433535452557 1.6
vertex 172.51095366621453 -138.27472880070567 0
vertex 172.7756414140174 -138.44335354525577 0
endloop
endfacet
facet normal -0.39874873323433563 -0.9170602203476131 0
outer loop
vertex 173.0634492014312 -138.56849580756295 1.6
vertex 172.77564141401726 -138.4433535452557 1.6
vertex 172.7756414140174 -138.44335354525577 0
endloop
endfacet
facet normal -0.39874873323433563 -0.9170602203476131 0
outer loop
vertex 173.0634492014312 -138.56849580756295 1.6
vertex 172.7756414140174 -138.44335354525577 0
vertex 173.06344920143104 -138.5684958075629 0
endloop
endfacet
facet normal -0.25037915991560983 -0.9681478586868607 0
outer loop
vertex 173.3672901999998 -138.64707414999992 1.6
vertex 173.0634492014312 -138.56849580756295 1.6
vertex 173.06344920143104 -138.5684958075629 0
endloop
endfacet
facet normal -0.25037915991560983 -0.9681478586868607 0
outer loop
vertex 173.3672901999998 -138.64707414999992 1.6
vertex 173.06344920143104 -138.5684958075629 0
vertex 173.36729019999999 -138.64707414999998 0
endloop
endfacet
facet normal 0 0 1
outer loop
vertex 190.1090213000007 -141.59908920000012 1.6
vertex 189.91605795315493 -141.5650646 1.6
vertex 173.3672901999998 -138.64707414999992 1.6
endloop
endfacet
facet normal 0 0 1
outer loop
vertex 190.1090213000007 -141.59908920000012 1.6
vertex 173.3672901999998 -138.64707414999992 1.6
vertex 173.36729019999999 -138.64707414999998 0
endloop
endfacet
facet normal 0 0 1
outer loop
vertex 190.1090213000007 -141.59908920000012 1.6
vertex 173.36729019999999 -138.64707414999998 0
vertex 189.9160579531547 -141.56506459999997 0
endloop
endfacet
facet normal 0 0 1
outer loop
vertex 190.1090213000007 -141.59908920000012 1.6
vertex 189.9160579531547 -141.56506459999997 0
vertex 190.10902130000017 -141.59908920000004 0
endloop
endfacet
facet normal -0.12060365252048663 -0.9927007399003578 0
outer loop
vertex 190.32186359757992 -141.62494750499292 1.6
vertex 190.1090213000007 -141.59908920000012 1.6
vertex 190.10902130000017 -141.59908920000004 0
endloop
endfacet
facet normal -0.12060365252048663 -0.9927007399003578 0
outer loop
vertex 190.32186359757992 -141.62494750499292 1.6
vertex 190.10902130000017 -141.59908920000004 0
vertex 190.32186359758018 -141.62494750499292 0
endloop
endfacet
facet normal -0.013662799123437704 -0.9999066596038415 0
outer loop
vertex 190.5362520970042 -141.62787692542818 1.6
vertex 190.32186359757992 -141.62494750499292 1.6
vertex 190.32186359758018 -141.62494750499292 0
endloop
endfacet
facet normal -0.013662799123437704 -0.9999066596038415 0
outer loop
vertex 190.5362520970042 -141.62787692542818 1.6
vertex 190.32186359758018 -141.62494750499292 0
vertex 190.53625209700417 -141.62787692542818 0
endloop
endfacet
facet normal 0.09345585677667137 -0.995623424209243 0
outer loop
vertex 190.74972223429856 -141.60783919420172 1.6
vertex 190.5362520970042 -141.62787692542818 1.6
vertex 190.53625209700417 -141.62787692542818 0
endloop
endfacet
facet normal 0.09345585677667137 -0.995623424209243 0
outer loop
vertex 190.74972223429856 -141.60783919420172 1.6
vertex 190.53625209700417 -141.62787692542818 0
vertex 190.74972223429842 -141.60783919420172 0
endloop
endfacet
facet normal 0.1995004476409004 -0.9798977351698903 0
outer loop
vertex 190.95982064999998 -141.5650646 1.6
vertex 190.74972223429856 -141.60783919420172 1.6
vertex 190.74972223429842 -141.60783919420172 0
endloop
endfacet
facet normal 0.1995004476409004 -0.9798977351698903 0
outer loop
vertex 190.95982064999998 -141.5650646 1.6
vertex 190.74972223429842 -141.60783919420172 0
vertex 190.95982064999998 -141.56506459999997 0
endloop
endfacet
facet normal -0.29829197208911706 -0.9544746719463987 0
outer loop
vertex 191.005789985713 -141.57943091500914 1.6
vertex 190.95982064999998 -141.5650646 1.6
vertex 190.95982064999998 -141.56506459999997 0
endloop
endfacet
facet normal -0.29829197208911706 -0.9544746719463987 0
outer loop
vertex 191.005789985713 -141.57943091500914 1.6
vertex 190.95982064999998 -141.56506459999997 0
vertex 191.0057899857134 -141.57943091500928 0
endloop
endfacet
facet normal -0.32123021588651546 -0.9470011343190159 0
outer loop
vertex 191.05140032499907 -141.59490229999966 1.6
vertex 191.005789985713 -141.57943091500914 1.6
vertex 191.0057899857134 -141.57943091500928 0
endloop
endfacet
facet normal -0.32123021588651546 -0.9470011343190159 0
outer loop
vertex 191.05140032499907 -141.59490229999966 1.6
vertex 191.0057899857134 -141.57943091500928 0
vertex 191.0514003249978 -141.59490229999923 0
endloop
endfacet
facet normal -0.33265905527758916 -0.9430471636889758 0
outer loop
vertex 192.52517069999988 -142.11477349999996 1.6
vertex 191.05140032499907 -141.59490229999966 1.6
vertex 191.0514003249978 -141.59490229999923 0
endloop
endfacet
facet normal -0.33265905527758916 -0.9430471636889758 0
outer loop
vertex 192.52517069999988 -142.11477349999996 1.6
vertex 191.0514003249978 -141.59490229999923 0
vertex 192.52517070000002 -142.11477350000004 0
endloop
endfacet
facet normal -0.43290809382796175 -0.9014380634842533 0
outer loop
vertex 192.6437274171126 -142.171709372241 1.6
vertex 192.52517069999988 -142.11477349999996 1.6
vertex 192.52517070000002 -142.11477350000004 0
endloop
endfacet
facet normal -0.43290809382796175 -0.9014380634842533 0
outer loop
vertex 192.6437274171126 -142.171709372241 1.6
vertex 192.52517070000002 -142.11477350000004 0
vertex 192.64372741711247 -142.171709372241 0
endloop
endfacet
facet normal -0.37273532694932493 -0.9279377005187255 0
outer loop
vertex 192.7657703500006 -142.22073175000023 1.6
vertex 192.6437274171126 -142.171709372241 1.6
vertex 192.64372741711247 -142.171709372241 0
endloop
endfacet
facet normal -0.37273532694932493 -0.9279377005187255 0
outer loop
vertex 192.7657703500006 -142.22073175000023 1.6
vertex 192.64372741711247 -142.171709372241 0
vertex 192.7657703499993 -142.22073174999977 0
endloop
endfacet
facet normal 0 0 -1
outer loop
vertex 208.7405461 -148.0350754 1.6
vertex 208.47695947084185 -147.93913770000003 1.6
vertex 192.7657703500006 -142.22073175000023 1.6
endloop
endfacet
facet normal 0 0 -1
outer loop
vertex 208.7405461 -148.0350754 1.6
vertex 192.7657703500006 -142.22073175000023 1.6
vertex 192.7657703499993 -142.22073174999977 0
endloop
endfacet
facet normal 0 0 -1
outer loop
vertex 208.7405461 -148.0350754 1.6
vertex 192.7657703499993 -142.22073174999977 0
vertex 208.47695947084182 -147.9391377 0
endloop
endfacet
facet normal 0 0 -1
outer loop
vertex 208.7405461 -148.0350754 1.6
vertex 208.47695947084182 -147.9391377 0
vertex 208.74054610000027 -148.0350754000001 0
endloop
endfacet
facet normal -0.2771711625423445 -0.9608205590301059 0
outer loop
vertex 209.0025555751492 -148.11065816115317 1.6
vertex 208.7405461 -148.0350754 1.6
vertex 208.74054610000027 -148.0350754000001 0
endloop
endfacet
facet normal -0.2771711625423445 -0.9608205590301059 0
outer loop
vertex 209.0025555751492 -148.11065816115317 1.6
vertex 208.74054610000027 -148.0350754000001 0
vertex 209.00255557514913 -148.11065816115314 0
endloop
endfacet
facet normal -0.14388261874532313 -0.9895947615175558 0
outer loop
vertex 209.27241385607465 -148.14989433909142 1.6
vertex 209.0025555751492 -148.11065816115317 1.6
vertex 209.00255557514913 -148.11065816115314 0
endloop
endfacet
facet normal -0.14388261874532313 -0.9895947615175558 0
outer loop
vertex 209.27241385607465 -148.14989433909142 1.6
vertex 209.00255557514913 -148.11065816115314 0
vertex 209.2724138560747 -148.14989433909142 0
endloop
endfacet
facet normal -0.007929955220248532 -0.9999685574107844 0
outer loop
vertex 209.54510102700178 -148.1520568041395 1.6
vertex 209.27241385607465 -148.14989433909142 1.6
vertex 209.2724138560747 -148.14989433909142 0
endloop
endfacet
facet normal -0.007929955220248532 -0.9999685574107844 0
outer loop
vertex 209.54510102700178 -148.1520568041395 1.6
vertex 209.2724138560747 -148.14989433909142 0
vertex 209.54510102700195 -148.1520568041395 0
endloop
endfacet
facet normal 0.12817013205940972 -0.991752195484272 0
outer loop
vertex 209.81554763099072 -148.1171053544668 1.6
vertex 209.54510102700178 -148.1520568041395 1.6
vertex 209.54510102700195 -148.1520568041395 0
endloop
endfacet
facet normal 0.12817013205940972 -0.991752195484272 0
outer loop
vertex 209.81554763099072 -148.1171053544668 1.6
vertex 209.54510102700195 -148.1520568041395 0
vertex 209.81554763099035 -148.11710535446687 0
endloop
endfacet
facet normal 0.2618874414354188 -0.9650984240057643 0
outer loop
vertex 210.0787258649038 -148.0456897634694 1.6
vertex 209.81554763099072 -148.1171053544668 1.6
vertex 209.81554763099035 -148.11710535446687 0
endloop
endfacet
facet normal 0.2618874414354188 -0.9650984240057643 0
outer loop
vertex 210.0787258649038 -148.0456897634694 1.6
vertex 209.81554763099035 -148.11710535446687 0
vertex 210.07872586490345 -148.04568976346954 0
endloop
endfacet
facet normal 0.3907360688602652 -0.9205027563737254 0
outer loop
vertex 210.32974305 -147.93913770000003 1.6
vertex 210.0787258649038 -148.0456897634694 1.6
vertex 210.07872586490345 -148.04568976346954 0
endloop
endfacet
facet normal 0.3907360688602652 -0.9205027563737254 0
outer loop
vertex 210.32974305 -147.93913770000003 1.6
vertex 210.07872586490345 -148.04568976346954 0
vertex 210.32974305000005 -147.9391377 0
endloop
endfacet
facet normal -0.9354198308295234 -0.3535388805928788 0
outer loop
vertex 210.43740527469467 -148.22399853296332 1.6
vertex 210.32974305 -147.93913770000003 1.6
vertex 210.32974305000005 -147.9391377 0
endloop
endfacet
facet normal -0.9354198308295234 -0.3535388805928788 0
outer loop
vertex 210.43740527469467 -148.22399853296332 1.6
vertex 210.32974305000005 -147.9391377 0
vertex 210.43740527469475 -148.2239985329635 0
endloop
endfacet
facet normal -0.8709083208902717 -0.49144551743208303 0
outer loop
vertex 210.58706499502256 -148.48921591945356 1.6
vertex 210.43740527469467 -148.22399853296332 1.6
vertex 210.43740527469475 -148.2239985329635 0
endloop
endfacet
facet normal -0.8709083208902717 -0.49144551743208303 0
outer loop
vertex 210.58706499502256 -148.48921591945356 1.6
vertex 210.43740527469475 -148.2239985329635 0
vertex 210.5870649950226 -148.4892159194536 0
endloop
endfacet
facet normal -0.7861998191934175 -0.6179723653208432 0
outer loop
vertex 210.77525588919863 -148.72863705748173 1.6
vertex 210.58706499502256 -148.48921591945356 1.6
vertex 210.5870649950226 -148.4892159194536 0
endloop
endfacet
facet normal -0.7861998191934175 -0.6179723653208432 0
outer loop
vertex 210.77525588919863 -148.72863705748173 1.6
vertex 210.5870649950226 -148.4892159194536 0
vertex 210.77525588919866 -148.72863705748176 0
endloop
endfacet
facet normal -0.6832636100056995 -0.7301717874870128 0
outer loop
vertex 210.99761483160535 -148.93671107007646 1.6
vertex 210.77525588919863 -148.72863705748173 1.6
vertex 210.77525588919866 -148.72863705748176 0
endloop
endfacet
facet normal -0.6832636100056995 -0.7301717874870128 0
outer loop
vertex 210.99761483160535 -148.93671107007646 1.6
vertex 210.77525588919866 -148.72863705748176 0
vertex 210.99761483160535 -148.93671107007648 0
endloop
endfacet
facet normal -0.5644862254343503 -0.8254424881812663 0
outer loop
vertex 211.248986525 -149.10861385 1.6
vertex 210.99761483160535 -148.93671107007646 1.6
vertex 210.99761483160535 -148.93671107007648 0
endloop
endfacet
facet normal -0.5644862254343503 -0.8254424881812663 0
outer loop
vertex 211.248986525 -149.10861385 1.6
vertex 210.99761483160535 -148.93671107007648 0
vertex 211.24898652499974 -149.10861384999987 0
endloop
endfacet
facet normal -0.5000000314515811 -0.8660253856258592 0
outer loop
vertex 225.97141880000007 -157.6086148 1.6
vertex 211.248986525 -149.10861385 1.6
vertex 211.24898652499974 -149.10861384999987 0
endloop
endfacet
facet normal -0.5000000314515811 -0.8660253856258592 0
outer loop
vertex 225.97141880000007 -157.6086148 1.6
vertex 211.24898652499974 -149.10861384999987 0
vertex 225.9714188 -157.60861479999997 0
endloop
endfacet
facet normal -0.43052445293800157 -0.9025789136814767 0
outer loop
vertex 226.25467976003398 -157.74372849256332 1.6
vertex 225.97141880000007 -157.6086148 1.6
vertex 225.9714188 -157.60861479999997 0
endloop
endfacet
facet normal -0.43052445293800157 -0.9025789136814767 0
outer loop
vertex 226.25467976003398 -157.74372849256332 1.6
vertex 225.9714188 -157.60861479999997 0
vertex 226.25467976003404 -157.74372849256335 0
endloop
endfacet
facet normal -0.2840158128154257 -0.9588195962071244 0
outer loop
vertex 226.55559375587924 -157.83286343875716 1.6
vertex 226.25467976003398 -157.74372849256332 1.6
vertex 226.25467976003404 -157.74372849256335 0
endloop
endfacet
facet normal -0.2840158128154257 -0.9588195962071244 0
outer loop
vertex 226.55559375587924 -157.83286343875716 1.6
vertex 226.25467976003404 -157.74372849256335 0
vertex 226.55559375587922 -157.8328634387572 0
endloop
endfacet
facet normal -0.13052588698033674 -0.9914449015593334 0
outer loop
vertex 226.86674681133317 -157.87382741818342 1.6
vertex 226.55559375587924 -157.83286343875716 1.6
vertex 226.55559375587922 -157.8328634387572 0
endloop
endfacet
facet normal -0.13052588698033674 -0.9914449015593334 0
outer loop
vertex 226.86674681133317 -157.87382741818342 1.6
vertex 226.55559375587922 -157.8328634387572 0
vertex 226.866746811333 -157.87382741818345 0
endloop
endfacet
facet normal 0.026178051893225533 -0.9996572960765483 0
outer loop
vertex 227.18047722801265 -157.8656117515139 1.6
vertex 226.86674681133317 -157.87382741818342 1.6
vertex 226.866746811333 -157.87382741818345 0
endloop
endfacet
facet normal 0.026178051893225533 -0.9996572960765483 0
outer loop
vertex 227.18047722801265 -157.8656117515139 1.6
vertex 226.866746811333 -157.87382741818345 0
vertex 227.18047722801265 -157.86561175151394 0
endloop
endfacet
facet normal 0.18223739372888356 -0.9832545613049064 0
outer loop
vertex 227.4890598437061 -157.80841873777453 1.6
vertex 227.18047722801265 -157.8656117515139 1.6
vertex 227.18047722801265 -157.86561175151394 0
endloop
endfacet
facet normal 0.18223739372888356 -0.9832545613049064 0
outer loop
vertex 227.4890598437061 -157.80841873777453 1.6
vertex 227.18047722801265 -157.86561175151394 0
vertex 227.489059843706 -157.8084187377746 0
endloop
endfacet
facet normal 0.3338094007293654 -0.9426405910975306 0
outer loop
vertex 227.78489625342834 -157.70365667302158 1.6
vertex 227.4890598437061 -157.80841873777453 1.6
vertex 227.489059843706 -157.8084187377746 0
endloop
endfacet
facet normal 0.3338094007293654 -0.9426405910975306 0
outer loop
vertex 227.78489625342834 -157.70365667302158 1.6
vertex 227.489059843706 -157.8084187377746 0
vertex 227.78489625342812 -157.7036566730217 0
endloop
endfacet
facet normal 0.47716182929138873 -0.8788154463067293 0
outer loop
vertex 228.06070190926255 -157.55390517306805 1.6
vertex 227.78489625342834 -157.70365667302158 1.6
vertex 227.78489625342812 -157.7036566730217 0
endloop
endfacet
facet normal 0.47716182929138873 -0.8788154463067293 0
outer loop
vertex 228.06070190926255 -157.55390517306805 1.6
vertex 227.78489625342812 -157.7036566730217 0
vertex 228.0607019092627 -157.553905173068 0
endloop
endfacet
facet normal 0.6087648311589728 -0.7933507297179396 0
outer loop
vertex 228.30968549192104 -157.36285165413784 1.6
vertex 228.06070190926255 -157.55390517306805 1.6
vertex 228.0607019092627 -157.553905173068 0
endloop
endfacet
facet normal 0.6087648311589728 -0.7933507297179396 0
outer loop
vertex 228.30968549192104 -157.36285165413784 1.6
vertex 228.0607019092627 -157.553905173068 0
vertex 228.30968549192093 -157.36285165413798 0
endloop
endfacet
facet normal 0.7253778708823311 -0.6883508875814837 0
outer loop
vertex 228.5257161372533 -157.13520053552443 1.6
vertex 228.30968549192104 -157.36285165413784 1.6
vertex 228.30968549192093 -157.36285165413798 0
endloop
endfacet
facet normal 0.7253778708823311 -0.6883508875814837 0
outer loop
vertex 228.5257161372533 -157.13520053552443 1.6
vertex 228.30968549192093 -157.36285165413798 0
vertex 228.5257161372533 -157.13520053552446 0
endloop
endfacet
facet normal 0.8241295193617202 -0.5664013906379645 0
outer loop
vertex 228.70347440000006 -156.8765573999999 1.6
vertex 228.5257161372533 -157.13520053552443 1.6
vertex 228.5257161372533 -157.13520053552446 0
endloop
endfacet
facet normal 0.8241295193617202 -0.5664013906379645 0
outer loop
vertex 228.70347440000006 -156.8765573999999 1.6
vertex 228.5257161372533 -157.13520053552446 0
vertex 228.70347440000006 -156.87655739999997 0
endloop
endfacet
facet normal 0 0 1
outer loop
vertex 237.70346959999992 -141.28810680000024 1.6
vertex 237.54356795649724 -141.5650646 1.6
vertex 237.53527356153512 -141.57943091500914 1.6
endloop
endfacet
facet normal 0 0 1
outer loop
vertex 237.70346959999992 -141.28810680000024 1.6
vertex 237.53527356153512 -141.57943091500914 1.6
vertex 237.5263411541891 -141.59490229999966 1.6
endloop
endfacet
facet normal 0 0 1
outer loop
vertex 237.70346959999992 -141.28810680000024 1.6
vertex 237.5263411541891 -141.59490229999966 1.6
vertex 237.2261934086126 -142.11477349999996 1.6
endloop
endfacet
facet normal 0 0 1
outer loop
vertex 237.70346959999992 -141.28810680000024 1.6
vertex 237.2261934086126 -142.11477349999996 1.6
vertex 233.86349552489523 -147.93913770000003 1.6
endloop
endfacet
facet normal 0 0 1
outer loop
vertex 237.70346959999992 -141.28810680000024 1.6
vertex 233.86349552489523 -147.93913770000003 1.6
vertex 228.70347440000006 -156.8765573999999 1.6
endloop
endfacet
facet normal 0 0 1
outer loop
vertex 237.70346959999992 -141.28810680000024 1.6
vertex 228.70347440000006 -156.8765573999999 1.6
vertex 228.70347440000006 -156.87655739999997 0
endloop
endfacet
facet normal 0 0 1
outer loop
vertex 237.70346959999992 -141.28810680000024 1.6
vertex 228.70347440000006 -156.87655739999997 0
vertex 233.8634955248952 -147.9391377 0
endloop
endfacet
facet normal 0 0 1
outer loop
vertex 237.70346959999992 -141.28810680000024 1.6
vertex 233.8634955248952 -147.9391377 0
vertex 237.22619340861252 -142.11477350000004 0
endloop
endfacet
facet normal 0 0 1
outer loop
vertex 237.70346959999992 -141.28810680000024 1.6
vertex 237.22619340861252 -142.11477350000004 0
vertex 237.52634115418934 -141.59490229999923 0
endloop
endfacet
facet normal 0 0 1
outer loop
vertex 237.70346959999992 -141.28810680000024 1.6
vertex 237.52634115418934 -141.59490229999923 0
vertex 237.535273561535 -141.57943091500928 0
endloop
endfacet
facet normal 0 0 1
outer loop
vertex 237.70346959999992 -141.28810680000024 1.6
vertex 237.535273561535 -141.57943091500928 0
vertex 237.5435679564972 -141.56506459999997 0
endloop
endfacet
facet normal 0 0 1
outer loop
vertex 237.70346959999992 -141.28810680000024 1.6
vertex 237.5435679564972 -141.56506459999997 0
vertex 237.70346960000015 -141.2881067999998 0
endloop
endfacet
facet normal 0.9063154185594013 -0.4226018955015433 0
outer loop
vertex 237.85079789769867 -140.97214534971846 1.6
vertex 237.70346959999992 -141.28810680000024 1.6
vertex 237.70346960000015 -141.2881067999998 0
endloop
endfacet
facet normal 0.9063154185594013 -0.4226018955015433 0
outer loop
vertex 237.85079789769867 -140.97214534971846 1.6
vertex 237.70346960000015 -141.2881067999998 0
vertex 237.85079789769873 -140.9721453497184 0
endloop
endfacet
facet normal 0.9659259344654607 -0.2588186413823907 0
outer loop
vertex 237.94102748513407 -140.63540338208253 1.6
vertex 237.85079789769867 -140.97214534971846 1.6
vertex 237.85079789769873 -140.9721453497184 0
endloop
endfacet
facet normal 0.9659259344654607 -0.2588186413823907 0
outer loop
vertex 237.94102748513407 -140.63540338208253 1.6
vertex 237.85079789769873 -140.9721453497184 0
vertex 237.94102748513404 -140.63540338208279 0
endloop
endfacet
facet normal 0.9961946438812234 -0.08715636237454293 0
outer loop
vertex 237.9714120145381 -140.28810910975994 1.6
vertex 237.94102748513407 -140.63540338208253 1.6
vertex 237.94102748513404 -140.63540338208279 0
endloop
endfacet
facet normal 0.9961946438812234 -0.08715636237454293 0
outer loop
vertex 237.9714120145381 -140.28810910975994 1.6
vertex 237.94102748513404 -140.63540338208279 0
vertex 237.9714120145381 -140.28810910975997 0
endloop
endfacet
facet normal 0.9961948429387929 0.08715408712248529 0
outer loop
vertex 237.94102827833444 -139.94081476804118 1.6
vertex 237.9714120145381 -140.28810910975994 1.6
vertex 237.9714120145381 -140.28810910975997 0
endloop
endfacet
facet normal 0.9961948429387929 0.08715408712248529 0
outer loop
vertex 237.94102827833444 -139.94081476804118 1.6
vertex 237.9714120145381 -140.28810910975997 0
vertex 237.94102827833444 -139.94081476804118 0
endloop
endfacet
facet normal 0.9659265255899975 0.2588164352618202 0
outer loop
vertex 237.85079945999902 -139.6040725943278 1.6
vertex 237.94102827833444 -139.94081476804118 1.6
vertex 237.94102827833444 -139.94081476804118 0
endloop
endfacet
facet normal 0.9659265255899975 0.2588164352618202 0
outer loop
vertex 237.85079945999902 -139.6040725943278 1.6
vertex 237.94102827833444 -139.94081476804118 0
vertex 237.850799459999 -139.6040725943277 0
endloop
endfacet
facet normal 0.9063093684088378 0.42261487046053337 0
outer loop
vertex 237.70346708393072 -139.28811420754613 1.6
vertex 237.85079945999902 -139.6040725943278 1.6
vertex 237.850799459999 -139.6040725943277 0
endloop
endfacet
facet normal 0.9063093684088378 0.42261487046053337 0
outer loop
vertex 237.70346708393072 -139.28811420754613 1.6
vertex 237.850799459999 -139.6040725943277 0
vertex 237.70346708393075 -139.28811420754622 0
endloop
endfacet
facet normal 0.8191547870165999 0.5735725193101469 0
outer loop
vertex 237.50350771661064 -139.00253972928127 1.6
vertex 237.70346708393072 -139.28811420754613 1.6
vertex 237.70346708393075 -139.28811420754622 0
endloop
endfacet
facet normal 0.8191547870165999 0.5735725193101469 0
outer loop
vertex 237.50350771661064 -139.00253972928127 1.6
vertex 237.70346708393075 -139.28811420754622 0
vertex 237.50350771661047 -139.00253972928107 0
endloop
endfacet
facet normal 0.7071108977886933 0.7071026645604359 0
outer loop
vertex 237.25699695001032 -138.7560260924055 1.6
vertex 237.50350771661064 -139.00253972928127 1.6
vertex 237.50350771661047 -139.00253972928107 0
endloop
endfacet
facet normal 0.7071108977886933 0.7071026645604359 0
outer loop
vertex 237.25699695001032 -138.7560260924055 1.6
vertex 237.50350771661047 -139.00253972928107 0
vertex 237.25699695001035 -138.7560260924055 0
endloop
endfacet
facet normal 0.5735820571352696 0.8191481085447688 0
outer loop
vertex 236.97142479999985 -138.5560633999999 1.6
vertex 237.25699695001032 -138.7560260924055 1.6
vertex 237.25699695001035 -138.7560260924055 0
endloop
endfacet
facet normal 0.5735820571352696 0.8191481085447688 0
outer loop
vertex 236.97142479999985 -138.5560633999999 1.6
vertex 237.25699695001035 -138.7560260924055 0
vertex 236.9714248 -138.55606340000003 0
endloop
endfacet
facet normal 0 0 -1
outer loop
vertex 222.24898700000014 -130.0560560000001 1.6
vertex 227.40738384654387 -133.03425919999992 1.6
vertex 227.49058598413984 -133.0822959989913 1.6
endloop
endfacet
facet normal 0 0 -1
outer loop
vertex 222.24898700000014 -130.0560560000001 1.6
vertex 227.49058598413984 -133.0822959989913 1.6
vertex 227.73699498545747 -133.22456036872947 1.6
endloop
endfacet
facet normal 0 0 -1
outer loop
vertex 222.24898700000014 -130.0560560000001 1.6
vertex 227.73699498545747 -133.22456036872947 1.6
vertex 228.1371414907199 -133.4555851692428 1.6
endloop
endfacet
facet normal 0 0 -1
outer loop
vertex 222.24898700000014 -130.0560560000001 1.6
vertex 228.1371414907199 -133.4555851692428 1.6
vertex 228.67564809413886 -133.76649224701018 1.6
endloop
endfacet
facet normal 0 0 -1
outer loop
vertex 222.24898700000014 -130.0560560000001 1.6
vertex 228.67564809413886 -133.76649224701018 1.6
vertex 229.33182028907666 -134.1453336174689 1.6
endloop
endfacet
facet normal 0 0 -1
outer loop
vertex 222.24898700000014 -130.0560560000001 1.6
vertex 229.33182028907666 -134.1453336174689 1.6
vertex 230.08044174584046 -134.57755061907793 1.6
endloop
endfacet
facet normal 0 0 -1
outer loop
vertex 222.24898700000014 -130.0560560000001 1.6
vertex 230.08044174584046 -134.57755061907793 1.6
vertex 230.89274336188197 -135.04653339497287 1.6
endloop
endfacet
facet normal 0 0 -1
outer loop
vertex 222.24898700000014 -130.0560560000001 1.6
vertex 230.89274336188197 -135.04653339497287 1.6
vertex 231.73750884149385 -135.53425919999992 1.6
endloop
endfacet
facet normal 0 0 -1
outer loop
vertex 222.24898700000014 -130.0560560000001 1.6
vertex 231.73750884149385 -135.53425919999992 1.6
vertex 232.58227432113554 -136.02198500504417 1.6
endloop
endfacet
facet normal 0 0 -1
outer loop
vertex 222.24898700000014 -130.0560560000001 1.6
vertex 232.58227432113554 -136.02198500504417 1.6
vertex 233.39457593713016 -136.49096778091206 1.6
endloop
endfacet
facet normal 0 0 -1
outer loop
vertex 222.24898700000014 -130.0560560000001 1.6
vertex 233.39457593713016 -136.49096778091206 1.6
vertex 234.1431973939486 -136.9231847825526 1.6
endloop
endfacet
facet normal 0 0 -1
outer loop
vertex 222.24898700000014 -130.0560560000001 1.6
vertex 234.1431973939486 -136.9231847825526 1.6
vertex 234.79936958878477 -137.30202615295266 1.6
endloop
endfacet
facet normal 0 0 -1
outer loop
vertex 222.24898700000014 -130.0560560000001 1.6
vertex 234.79936958878477 -137.30202615295266 1.6
vertex 235.33787619229176 -137.61293323077086 1.6
endloop
endfacet
facet normal 0 0 -1
outer loop
vertex 222.24898700000014 -130.0560560000001 1.6
vertex 235.33787619229176 -137.61293323077086 1.6
vertex 235.73802269755012 -137.84395803128183 1.6
endloop
endfacet
facet normal 0 0 -1
outer loop
vertex 222.24898700000014 -130.0560560000001 1.6
vertex 235.73802269755012 -137.84395803128183 1.6
vertex 235.98443169884584 -137.98622240100735 1.6
endloop
endfacet
facet normal 0 0 -1
outer loop
vertex 222.24898700000014 -130.0560560000001 1.6
vertex 235.98443169884584 -137.98622240100735 1.6
vertex 236.0676338364439 -138.03425919999992 1.6
endloop
endfacet
facet normal 0 0 -1
outer loop
vertex 222.24898700000014 -130.0560560000001 1.6
vertex 236.0676338364439 -138.03425919999992 1.6
vertex 236.97142479999985 -138.5560633999999 1.6
endloop
endfacet
facet normal 0 0 -1
outer loop
vertex 222.24898700000014 -130.0560560000001 1.6
vertex 236.97142479999985 -138.5560633999999 1.6
vertex 236.9714248 -138.55606340000003 0
endloop
endfacet
facet normal 0 0 -1
outer loop
vertex 222.24898700000014 -130.0560560000001 1.6
vertex 236.9714248 -138.55606340000003 0
vertex 234.33558383846253 -137.03425919999916 0
endloop
endfacet
facet normal 0 0 -1
outer loop
vertex 222.24898700000014 -130.0560560000001 1.6
vertex 234.33558383846253 -137.03425919999916 0
vertex 234.2856625559028 -137.0054371206031 0
endloop
endfacet
facet normal 0 0 -1
outer loop
vertex 222.24898700000014 -130.0560560000001 1.6
vertex 234.2856625559028 -137.0054371206031 0
vertex 234.13781715513215 -136.9200784987717 0
endloop
endfacet
facet normal 0 0 -1
outer loop
vertex 222.24898700000014 -130.0560560000001 1.6
vertex 234.13781715513215 -136.9200784987717 0
vertex 233.89772925195084 -136.78146361844992 0
endloop
endfacet
facet normal 0 0 -1
outer loop
vertex 222.24898700000014 -130.0560560000001 1.6
vertex 233.89772925195084 -136.78146361844992 0
vertex 233.57462528987554 -136.5949193717757 0
endloop
endfacet
facet normal 0 0 -1
outer loop
vertex 222.24898700000014 -130.0560560000001 1.6
vertex 233.57462528987554 -136.5949193717757 0
vertex 233.18092197291367 -136.3676145495009 0
endloop
endfacet
facet normal 0 0 -1
outer loop
vertex 222.24898700000014 -130.0560560000001 1.6
vertex 233.18092197291367 -136.3676145495009 0
vertex 232.73174909893737 -136.10828434858283 0
endloop
endfacet
facet normal 0 0 -1
outer loop
vertex 222.24898700000014 -130.0560560000001 1.6
vertex 232.73174909893737 -136.10828434858283 0
vertex 232.24436812927854 -135.82689468302627 0
endloop
endfacet
facet normal 0 0 -1
outer loop
vertex 222.24898700000014 -130.0560560000001 1.6
vertex 232.24436812927854 -135.82689468302627 0
vertex 231.73750884147674 -135.53425919999003 0
endloop
endfacet
facet normal 0 0 -1
outer loop
vertex 222.24898700000014 -130.0560560000001 1.6
vertex 231.73750884147674 -135.53425919999003 0
vertex 231.2306495537201 -135.24162371697986 0
endloop
endfacet
facet normal 0 0 -1
outer loop
vertex 222.24898700000014 -130.0560560000001 1.6
vertex 231.2306495537201 -135.24162371697986 0
vertex 230.7432685841581 -134.9602340514792 0
endloop
endfacet
facet normal 0 0 -1
outer loop
vertex 222.24898700000014 -130.0560560000001 1.6
vertex 230.7432685841581 -134.9602340514792 0
vertex 230.29409570997169 -134.70090385043983 0
endloop
endfacet
facet normal 0 0 -1
outer loop
vertex 222.24898700000014 -130.0560560000001 1.6
vertex 230.29409570997169 -134.70090385043983 0
vertex 229.90039239314189 -134.4735990282413 0
endloop
endfacet
facet normal 0 0 -1
outer loop
vertex 222.24898700000014 -130.0560560000001 1.6
vertex 229.90039239314189 -134.4735990282413 0
vertex 229.5772884310055 -134.2870547815318 0
endloop
endfacet
facet normal 0 0 -1
outer loop
vertex 222.24898700000014 -130.0560560000001 1.6
vertex 229.5772884310055 -134.2870547815318 0
vertex 229.3372005278715 -134.14843990123734 0
endloop
endfacet
facet normal 0 0 -1
outer loop
vertex 222.24898700000014 -130.0560560000001 1.6
vertex 229.3372005278715 -134.14843990123734 0
vertex 229.18935512707924 -134.06308127939346 0
endloop
endfacet
facet normal 0 0 -1
outer loop
vertex 222.24898700000014 -130.0560560000001 1.6
vertex 229.18935512707924 -134.06308127939346 0
vertex 229.13943384452116 -134.03425919999836 0
endloop
endfacet
facet normal 0 0 -1
outer loop
vertex 222.24898700000014 -130.0560560000001 1.6
vertex 229.13943384452116 -134.03425919999836 0
vertex 222.24898700000003 -130.056056 0
endloop
endfacet
facet normal 0.44156911087645806 0.8972272400678517 0
outer loop
vertex 222.0113829962184 -129.93911952727035 1.6
vertex 222.24898700000014 -130.0560560000001 1.6
vertex 222.24898700000003 -130.056056 0
endloop
endfacet
facet normal 0.44156911087645806 0.8972272400678517 0
outer loop
vertex 222.0113829962184 -129.93911952727035 1.6
vertex 222.24898700000003 -130.056056 0
vertex 222.01138299621854 -129.93911952727038 0
endloop
endfacet
facet normal 0 0 1
outer loop
vertex 221.76041633080843 -129.8546022551015 1.6
vertex 221.78040269051402 -129.861333 1.6
vertex 222.0113829962184 -129.93911952727035 1.6
endloop
endfacet
facet normal 0 0 1
outer loop
vertex 221.76041633080843 -129.8546022551015 1.6
vertex 222.0113829962184 -129.93911952727035 1.6
vertex 222.01138299621854 -129.93911952727038 0
endloop
endfacet
facet normal 0 0 1
outer loop
vertex 221.76041633080843 -129.8546022551015 1.6
vertex 222.01138299621854 -129.93911952727038 0
vertex 221.78040269051414 -129.86133300000003 0
endloop
endfacet
facet normal 0 0 1
outer loop
vertex 221.76041633080843 -129.8546022551015 1.6
vertex 221.78040269051414 -129.86133300000003 0
vertex 221.76041633080854 -129.85460225510153 0
endloop
endfacet
facet normal 0.19114915503388377 0.9815610019401914 0
outer loop
vertex 221.5004834159899 -129.80398292840164 1.6
vertex 221.76041633080843 -129.8546022551015 1.6
vertex 221.76041633080854 -129.85460225510153 0
endloop
endfacet
facet normal 0.19114915503388377 0.9815610019401914 0
outer loop
vertex 221.5004834159899 -129.80398292840164 1.6
vertex 221.76041633080854 -129.85460225510153 0
vertex 221.50048341598978 -129.8039829284016 0
endloop
endfacet
facet normal 0.05979222957328999 0.9982108441019137 0
outer loop
vertex 221.23614135900235 -129.78814899807452 1.6
vertex 221.5004834159899 -129.80398292840164 1.6
vertex 221.50048341598978 -129.8039829284016 0
endloop
endfacet
facet normal 0.05979222957328999 0.9982108441019137 0
outer loop
vertex 221.23614135900235 -129.78814899807452 1.6
vertex 221.50048341598978 -129.8039829284016 0
vertex 221.2361413590024 -129.78814899807452 0
endloop
endfacet
facet normal -0.07261296483198976 0.9973601943823045 0
outer loop
vertex 220.97202456754715 -129.80737806235592 1.6
vertex 221.23614135900235 -129.78814899807452 1.6
vertex 221.2361413590024 -129.78814899807452 0
endloop
endfacet
facet normal -0.07261296483198976 0.9973601943823045 0
outer loop
vertex 220.97202456754715 -129.80737806235592 1.6
vertex 221.2361413590024 -129.78814899807452 0
vertex 220.97202456754718 -129.80737806235592 0
endloop
endfacet
facet normal -0.2037451189682139 0.9790239662524246 0
outer loop
vertex 220.71276350000008 -129.861333 1.6
vertex 220.97202456754715 -129.80737806235592 1.6
vertex 220.97202456754718 -129.80737806235592 0
endloop
endfacet
facet normal -0.2037451189682139 0.9790239662524246 0
outer loop
vertex 220.71276350000008 -129.861333 1.6
vertex 220.97202456754718 -129.80737806235592 0
vertex 220.7127635 -129.86133300000003 0
endloop
endfacet
facet normal 0.9716814964619455 0.23629445493594356 0
outer loop
vertex 220.5753653000002 -129.29632910000083 1.6
vertex 220.71276350000008 -129.861333 1.6
vertex 220.7127635 -129.86133300000003 0
endloop
endfacet
facet normal 0.9716814964619455 0.23629445493594356 0
outer loop
vertex 220.5753653000002 -129.29632910000083 1.6
vertex 220.7127635 -129.86133300000003 0
vertex 220.57536530000021 -129.29632910000092 0
endloop
endfacet
facet normal 0.96118151005377 0.2759168438692257 0
outer loop
vertex 220.5301229486691 -129.13872323962266 1.6
vertex 220.5753653000002 -129.29632910000083 1.6
vertex 220.57536530000021 -129.29632910000092 0
endloop
endfacet
facet normal 0.96118151005377 0.2759168438692257 0
outer loop
vertex 220.5301229486691 -129.13872323962266 1.6
vertex 220.57536530000021 -129.29632910000092 0
vertex 220.53012294866897 -129.13872323962232 0
endloop
endfacet
facet normal 0.9353442043152802 0.3537389142486525 0
outer loop
vertex 220.47211965493412 -128.98535293615615 1.6
vertex 220.5301229486691 -129.13872323962266 1.6
vertex 220.53012294866897 -129.13872323962232 0
endloop
endfacet
facet normal 0.9353442043152802 0.3537389142486525 0
outer loop
vertex 220.47211965493412 -128.98535293615615 1.6
vertex 220.53012294866897 -129.13872323962232 0
vertex 220.4721196549343 -128.98535293615654 0
endloop
endfacet
facet normal 0.9032233799502245 0.42917074214267265 0
outer loop
vertex 220.40174764999983 -128.83724954999968 1.6
vertex 220.47211965493412 -128.98535293615615 1.6
vertex 220.4721196549343 -128.98535293615654 0
endloop
endfacet
facet normal 0.9032233799502245 0.42917074214267265 0
outer loop
vertex 220.40174764999983 -128.83724954999968 1.6
vertex 220.4721196549343 -128.98535293615654 0
vertex 220.40174764999944 -128.83724954999883 0
endloop
endfacet
facet normal 0.8848732634844403 0.4658318447362699 0
outer loop
vertex 219.25665350000003 -126.66208010000005 1.6
vertex 220.40174764999983 -128.83724954999968 1.6
vertex 220.40174764999944 -128.83724954999883 0
endloop
endfacet
facet normal 0.8848732634844403 0.4658318447362699 0
outer loop
vertex 219.25665350000003 -126.66208010000005 1.6
vertex 220.40174764999944 -128.83724954999883 0
vertex 219.25665350000034 -126.66208010000057 0
endloop
endfacet
facet normal 0.8481599792348832 0.5297401718052752 0
outer loop
vertex 219.10059459759748 -126.41221625642916 1.6
vertex 219.25665350000003 -126.66208010000005 1.6
vertex 219.25665350000034 -126.66208010000057 0
endloop
endfacet
facet normal 0.8481599792348832 0.5297401718052752 0
outer loop
vertex 219.10059459759748 -126.41221625642916 1.6
vertex 219.25665350000034 -126.66208010000057 0
vertex 219.1005945975974 -126.41221625642905 0
endloop
endfacet
facet normal 0.7611448764938662 0.6485818969005667 0
outer loop
vertex 218.90952612431172 -126.18798738079151 1.6
vertex 219.10059459759748 -126.41221625642916 1.6
vertex 219.1005945975974 -126.41221625642905 0
endloop
endfacet
facet normal 0.7611448764938662 0.6485818969005667 0
outer loop
vertex 218.90952612431172 -126.18798738079151 1.6
vertex 219.1005945975974 -126.41221625642905 0
vertex 218.90952612431167 -126.18798738079143 0
endloop
endfacet
facet normal 0.6576130200852034 0.7533559024886033 0
outer loop
vertex 218.68759183533857 -125.99425839088119 1.6
vertex 218.90952612431172 -126.18798738079151 1.6
vertex 218.90952612431167 -126.18798738079143 0
endloop
endfacet
facet normal 0.6576130200852034 0.7533559024886033 0
outer loop
vertex 218.68759183533857 -125.99425839088119 1.6
vertex 218.90952612431167 -126.18798738079143 0
vertex 218.6875918353387 -125.99425839088128 0
endloop
endfacet
facet normal 0.5398133038617877 0.8417847687941505 0
outer loop
vertex 218.43960691411687 -125.83523251562764 1.6
vertex 218.68759183533857 -125.99425839088119 1.6
vertex 218.6875918353387 -125.99425839088128 0
endloop
endfacet
facet normal 0.5398133038617877 0.8417847687941505 0
outer loop
vertex 218.43960691411687 -125.83523251562764 1.6
vertex 218.6875918353387 -125.99425839088128 0
vertex 218.4396069141168 -125.83523251562761 0
endloop
endfacet
facet normal 0.4103015620088257 0.9119499044427375 0
outer loop
vertex 218.17095175000006 -125.71436005000001 1.6
vertex 218.43960691411687 -125.83523251562764 1.6
vertex 218.4396069141168 -125.83523251562761 0
endloop
endfacet
facet normal 0.4103015620088257 0.9119499044427375 0
outer loop
vertex 218.17095175000006 -125.71436005000001 1.6
vertex 218.4396069141168 -125.83523251562761 0
vertex 218.17095175000003 -125.71436005000001 0
endloop
endfacet
facet normal 0.3420201227183454 0.9396926282863605 0
outer loop
vertex 210.36630049999988 -122.87369949999996 1.6
vertex 218.17095175000006 -125.71436005000001 1.6
vertex 218.17095175000003 -125.71436005000001 0
endloop
endfacet
facet normal 0.3420201227183454 0.9396926282863605 0
outer loop
vertex 210.36630049999988 -122.87369949999996 1.6
vertex 218.17095175000003 -125.71436005000001 0
vertex 210.3663004999999 -122.87369949999997 0
endloop
endfacet
facet normal 0.4135290089355658 0.910490943814802 0
outer loop
vertex 210.08520825436483 -122.74603233477818 1.6
vertex 210.36630049999988 -122.87369949999996 1.6
vertex 210.3663004999999 -122.87369949999997 0
endloop
endfacet
facet normal 0.4135290089355658 0.910490943814802 0
outer loop
vertex 210.08520825436483 -122.74603233477818 1.6
vertex 210.3663004999999 -122.87369949999997 0
vertex 210.08520825436483 -122.74603233477818 0
endloop
endfacet
facet normal 0.5487262728784152 0.8360020798137784 0
outer loop
vertex 209.82710895727126 -122.57662382641868 1.6
vertex 210.08520825436483 -122.74603233477818 1.6
vertex 210.08520825436483 -122.74603233477818 0
endloop
endfacet
facet normal 0.5487262728784152 0.8360020798137784 0
outer loop
vertex 209.82710895727126 -122.57662382641868 1.6
vertex 210.08520825436483 -122.74603233477818 0
vertex 209.8271089572713 -122.57662382641871 0
endloop
endfacet
facet normal 0.6708532672380149 0.7415901117437318 0
outer loop
vertex 209.59815750942897 -122.36951099630997 1.6
vertex 209.82710895727126 -122.57662382641868 1.6
vertex 209.8271089572713 -122.57662382641871 0
endloop
endfacet
facet normal 0.6708532672380149 0.7415901117437318 0
outer loop
vertex 209.59815750942897 -122.36951099630997 1.6
vertex 209.8271089572713 -122.57662382641871 0
vertex 209.598157509429 -122.36951099631001 0
endloop
endfacet
facet normal 0.776994752362385 0.6295070728763228 0
outer loop
vertex 209.40380950845184 -122.12962905788888 1.6
vertex 209.59815750942897 -122.36951099630997 1.6
vertex 209.598157509429 -122.36951099631001 0
endloop
endfacet
facet normal 0.776994752362385 0.6295070728763228 0
outer loop
vertex 209.40380950845184 -122.12962905788888 1.6
vertex 209.598157509429 -122.36951099631001 0
vertex 209.40380950845173 -122.12962905788878 0
endloop
endfacet
facet normal 0.8646215228745329 0.5024237476295519 0
outer loop
vertex 209.2486959994816 -121.86269406730177 1.6
vertex 209.40380950845184 -122.12962905788888 1.6
vertex 209.40380950845173 -122.12962905788878 0
endloop
endfacet
facet normal 0.8646215228745329 0.5024237476295519 0
outer loop
vertex 209.2486959994816 -121.86269406730177 1.6
vertex 209.40380950845173 -122.12962905788878 0
vertex 209.24869599948164 -121.86269406730186 0
endloop
endfacet
facet normal 0.931645553541976 0.363368356582498 0
outer loop
vertex 209.13651312376348 -121.57506671766318 1.6
vertex 209.2486959994816 -121.86269406730177 1.6
vertex 209.24869599948164 -121.86269406730186 0
endloop
endfacet
facet normal 0.931645553541976 0.363368356582498 0
outer loop
vertex 209.13651312376348 -121.57506671766318 1.6
vertex 209.24869599948164 -121.86269406730186 0
vertex 209.13651312376348 -121.57506671766323 0
endloop
endfacet
facet normal 0.9764697540417909 0.21565439815029136 0
outer loop
vertex 209.06993404468977 -121.2736007724978 1.6
vertex 209.13651312376348 -121.57506671766318 1.6
vertex 209.13651312376348 -121.57506671766323 0
endloop
endfacet
facet normal 0.9764697540417909 0.21565439815029136 0
outer loop
vertex 209.06993404468977 -121.2736007724978 1.6
vertex 209.13651312376348 -121.57506671766323 0
vertex 209.06993404468975 -121.27360077249772 0
endloop
endfacet
facet normal 0.9980260254229204 0.06280169248140058 0
outer loop
vertex 209.05054525 -120.96547974999986 1.6
vertex 209.06993404468977 -121.2736007724978 1.6
vertex 209.06993404468975 -121.27360077249772 0
endloop
endfacet
facet normal 0.9980260254229204 0.06280169248140058 0
outer loop
vertex 209.05054525 -120.96547974999986 1.6
vertex 209.06993404468975 -121.27360077249772 0
vertex 209.05054525 -120.96547975000018 0
endloop
endfacet
facet normal 1 0 0
outer loop
vertex 235.025 -118.64999999999986 0
vertex 235.025 -118.62117792060513 0
vertex 235.025 -118.53581929877042 0
endloop
endfacet
facet normal 1 0 0
outer loop
vertex 235.025 -118.64999999999986 0
vertex 235.025 -118.53581929877042 0
vertex 235.025 -118.39720441844574 0
endloop
endfacet
facet normal 1 0 0
outer loop
vertex 235.025 -118.64999999999986 0
vertex 235.025 -118.39720441844574 0
vertex 235.025 -118.21066017177655 0
endloop
endfacet
facet normal 1 0 0
outer loop
vertex 235.025 -118.64999999999986 0
vertex 235.025 -118.21066017177655 0
vertex 235.025 -117.98335534951367 0
endloop
endfacet
facet normal 1 0 0
outer loop
vertex 235.025 -118.64999999999986 0
vertex 235.025 -117.98335534951367 0
vertex 235.025 -117.72402514856003 0
endloop
endfacet
facet normal 1 0 0
outer loop
vertex 235.025 -118.64999999999986 0
vertex 235.025 -117.72402514856003 0
vertex 235.025 -117.44263548304744 0
endloop
endfacet
facet normal 1 0 0
outer loop
vertex 235.025 -118.64999999999986 0
vertex 235.025 -117.44263548304744 0
vertex 235.025 -117.14999999998382 0
endloop
endfacet
facet normal 1 0 0
outer loop
vertex 235.025 -118.64999999999986 0
vertex 235.025 -117.14999999998382 0
vertex 235.025 -116.8573645169952 0
endloop
endfacet
facet normal 1 0 0
outer loop
vertex 235.025 -118.64999999999986 0
vertex 235.025 -116.8573645169952 0
vertex 235.025 -116.5759748514483 0
endloop
endfacet
facet normal 1 0 0
outer loop
vertex 235.025 -118.64999999999986 0
vertex 235.025 -116.5759748514483 0
vertex 235.025 -116.31664465046883 0
endloop
endfacet
facet normal 1 0 0
outer loop
vertex 235.025 -118.64999999999986 0
vertex 235.025 -116.31664465046883 0
vertex 235.025 -116.08933982821459 0
endloop
endfacet
facet normal 1 0 0
outer loop
vertex 235.025 -118.64999999999986 0
vertex 235.025 -116.08933982821459 0
vertex 235.025 -115.90279558154796 0
endloop
endfacet
facet normal 1 0 0
outer loop
vertex 235.025 -118.64999999999986 0
vertex 235.025 -115.90279558154796 0
vertex 235.025 -115.76418070123223 0
endloop
endfacet
facet normal 1 0 0
outer loop
vertex 235.025 -118.64999999999986 0
vertex 235.025 -115.76418070123223 0
vertex 235.025 -115.67882207939262 0
endloop
endfacet
facet normal 1 0 0
outer loop
vertex 235.025 -118.64999999999986 0
vertex 235.025 -115.67882207939262 0
vertex 235.025 -115.64999999999876 0
endloop
endfacet
facet normal 1 0 0
outer loop
vertex 235.025 -118.64999999999986 0
vertex 235.025 -115.64999999999876 0
vertex 235.025 -113.99999999999967 0
endloop
endfacet
facet normal 1 0 0
outer loop
vertex 235.025 -118.64999999999986 0
vertex 235.025 -113.99999999999967 0
vertex 235.025 -113.6527036446661 0
endloop
endfacet
facet normal 1 0 0
outer loop
vertex 235.025 -118.64999999999986 0
vertex 235.025 -113.6527036446661 0
vertex 235.025 -113.31595971334882 0
endloop
endfacet
facet normal 1 0 0
outer loop
vertex 235.025 -118.64999999999986 0
vertex 235.025 -113.31595971334882 0
vertex 235.025 -112.99999999999991 0
endloop
endfacet
facet normal 1 0 0
outer loop
vertex 235.025 -118.64999999999986 0
vertex 235.025 -112.99999999999991 0
vertex 235.025 -112.7144247806269 0
endloop
endfacet
facet normal 1 0 0
outer loop
vertex 235.025 -118.64999999999986 0
vertex 235.025 -112.7144247806269 0
vertex 235.025 -112.46791111376209 0
endloop
endfacet
facet normal 1 0 0
outer loop
vertex 235.025 -118.64999999999986 0
vertex 235.025 -112.46791111376209 0
vertex 235.025 -112.26794919243102 0
endloop
endfacet
facet normal 1 0 0
outer loop
vertex 235.025 -118.64999999999986 0
vertex 235.025 -112.26794919243102 0
vertex 235.025 -112.12061475842819 0
endloop
endfacet
facet normal 1 0 0
outer loop
vertex 235.025 -118.64999999999986 0
vertex 235.025 -112.12061475842819 0
vertex 235.025 -112.0303844939756 0
endloop
endfacet
facet normal 1 0 0
outer loop
vertex 235.025 -118.64999999999986 0
vertex 235.025 -112.0303844939756 0
vertex 235.025 -112 0
endloop
endfacet
facet normal 1 0 0
outer loop
vertex 235.025 -118.64999999999986 0
vertex 235.025 -112 0
vertex 235.025 -111.97117792060337 0
endloop
endfacet
facet normal 1 0 0
outer loop
vertex 235.025 -118.64999999999986 0
vertex 235.025 -111.97117792060337 0
vertex 235.025 -111.88581929877016 0
endloop
endfacet
facet normal 1 0 0
outer loop
vertex 235.025 -118.64999999999986 0
vertex 235.025 -111.88581929877016 0
vertex 235.025 -111.74720441845108 0
endloop
endfacet
facet normal 1 0 0
outer loop
vertex 235.025 -118.64999999999986 0
vertex 235.025 -111.74720441845108 0
vertex 235.025 -111.5606601717781 0
endloop
endfacet
facet normal 1 0 0
outer loop
vertex 235.025 -118.64999999999986 0
vertex 235.025 -111.5606601717781 0
vertex 235.025 -111.3333553495391 0
endloop
endfacet
facet normal 1 0 0
outer loop
vertex 235.025 -118.64999999999986 0
vertex 235.025 -111.3333553495391 0
vertex 235.025 -111.07402514852286 0
endloop
endfacet
facet normal 1 0 0
outer loop
vertex 235.025 -118.64999999999986 0
vertex 235.025 -111.07402514852286 0
vertex 235.025 -110.79263548302436 0
endloop
endfacet
facet normal 1 0 0
outer loop
vertex 235.025 -118.64999999999986 0
vertex 235.025 -110.79263548302436 0
vertex 235.025 -110.49999999999761 0
endloop
endfacet
facet normal 1 0 0
outer loop
vertex 235.025 -118.64999999999986 0
vertex 235.025 -110.49999999999761 0
vertex 235.025 -110.20736451696932 0
endloop
endfacet
facet normal 1 0 0
outer loop
vertex 235.025 -118.64999999999986 0
vertex 235.025 -110.20736451696932 0
vertex 235.025 -109.92597485146412 0
endloop
endfacet
facet normal 1 0 0
outer loop
vertex 235.025 -118.64999999999986 0
vertex 235.025 -109.92597485146412 0
vertex 235.025 -109.66664465045552 0
endloop
endfacet
facet normal 1 0 0
outer loop
vertex 235.025 -118.64999999999986 0
vertex 235.025 -109.66664465045552 0
vertex 235.025 -109.43933982820778 0
endloop
endfacet
facet normal 1 0 0
outer loop
vertex 235.025 -118.64999999999986 0
vertex 235.025 -109.43933982820778 0
vertex 235.025 -109.2527955815584 0
endloop
endfacet
facet normal 1 0 0
outer loop
vertex 235.025 -118.64999999999986 0
vertex 235.025 -109.2527955815584 0
vertex 235.025 -109.11418070123375 0
endloop
endfacet
facet normal 1 0 0
outer loop
vertex 235.025 -118.64999999999986 0
vertex 235.025 -109.11418070123375 0
vertex 235.025 -109.02882207939615 0
endloop
endfacet
facet normal 1 0 0
outer loop
vertex 235.025 -118.64999999999986 0
vertex 235.025 -109.02882207939615 0
vertex 235.025 -109.00000000000163 0
endloop
endfacet
facet normal 1 0 0
outer loop
vertex 235.025 -118.64999999999986 0
vertex 235.025 -109.00000000000163 0
vertex 235.025 -94.70000000000026 0
endloop
endfacet
facet normal 1 0 0
outer loop
vertex 235.025 -118.64999999999986 0
vertex 235.025 -94.70000000000026 0
vertex 235.025 -94.67117792060229 0
endloop
endfacet
facet normal 1 0 0
outer loop
vertex 235.025 -118.64999999999986 0
vertex 235.025 -94.67117792060229 0
vertex 235.025 -94.58581929876937 0
endloop
endfacet
facet normal 1 0 0
outer loop
vertex 235.025 -118.64999999999986 0
vertex 235.025 -94.58581929876937 0
vertex 235.025 -94.44720441845749 0
endloop
endfacet
facet normal 1 0 0
outer loop
vertex 235.025 -118.64999999999986 0
vertex 235.025 -94.44720441845749 0
vertex 235.025 -94.26066017178333 0
endloop
endfacet
facet normal 1 0 0
outer loop
vertex 235.025 -118.64999999999986 0
vertex 235.025 -94.26066017178333 0
vertex 235.025 -94.03335534953456 0
endloop
endfacet
facet normal 1 0 0
outer loop
vertex 235.025 -118.64999999999986 0
vertex 235.025 -94.03335534953456 0
vertex 235.025 -93.77402514851144 0
endloop
endfacet
facet normal 1 0 0
outer loop
vertex 235.025 -118.64999999999986 0
vertex 235.025 -93.77402514851144 0
vertex 235.025 -93.49263548303986 0
endloop
endfacet
facet normal 1 0 0
outer loop
vertex 235.025 -118.64999999999986 0
vertex 235.025 -93.49263548303986 0
vertex 235.025 -93.19999999998878 0
endloop
endfacet
facet normal 1 0 0
outer loop
vertex 235.025 -118.64999999999986 0
vertex 235.025 -93.19999999998878 0
vertex 235.025 -92.9073645169928 0
endloop
endfacet
facet normal 1 0 0
outer loop
vertex 235.025 -118.64999999999986 0
vertex 235.025 -92.9073645169928 0
vertex 235.025 -92.62597485144659 0
endloop
endfacet
facet normal 1 0 0
outer loop
vertex 235.025 -118.64999999999986 0
vertex 235.025 -92.62597485144659 0
vertex 235.025 -92.3666446504593 0
endloop
endfacet
facet normal 1 0 0
outer loop
vertex 235.025 -118.64999999999986 0
vertex 235.025 -92.3666446504593 0
vertex 235.025 -92.13933982826126 0
endloop
endfacet
facet normal 1 0 0
outer loop
vertex 235.025 -118.64999999999986 0
vertex 235.025 -92.13933982826126 0
vertex 235.025 -91.95279558153251 0
endloop
endfacet
facet normal 1 0 0
outer loop
vertex 235.025 -118.64999999999986 0
vertex 235.025 -91.95279558153251 0
vertex 235.025 -91.81418070123127 0
endloop
endfacet
facet normal 1 0 0
outer loop
vertex 235.025 -118.64999999999986 0
vertex 235.025 -91.81418070123127 0
vertex 235.025 -91.7288220793926 0
endloop
endfacet
facet normal 1 0 0
outer loop
vertex 235.025 -118.64999999999986 0
vertex 235.025 -91.7288220793926 0
vertex 235.025 -91.69999999999992 0
endloop
endfacet
facet normal 1 0 0
outer loop
vertex 235.025 -118.64999999999986 0
vertex 235.025 -91.69999999999992 0
vertex 235.025 -61.12500000000039 0
endloop
endfacet
facet normal 1 0 0
outer loop
vertex 235.025 -118.64999999999986 0
vertex 235.025 -61.12500000000039 0
vertex 235.025 -61.096177920603175 0
endloop
endfacet
facet normal 1 0 0
outer loop
vertex 235.025 -118.64999999999986 0
vertex 235.025 -61.096177920603175 0
vertex 235.025 -61.01081929876958 0
endloop
endfacet
facet normal 1 0 0
outer loop
vertex 235.025 -118.64999999999986 0
vertex 235.025 -61.01081929876958 0
vertex 235.025 -60.87220441843605 0
endloop
endfacet
facet normal 1 0 0
outer loop
vertex 235.025 -118.64999999999986 0
vertex 235.025 -60.87220441843605 0
vertex 235.025 -60.685660171815584 0
endloop
endfacet
facet normal 1 0 0
outer loop
vertex 235.025 -118.64999999999986 0
vertex 235.025 -60.685660171815584 0
vertex 235.025 -60.45835534950772 0
endloop
endfacet
facet normal 1 0 0
outer loop
vertex 235.025 -118.64999999999986 0
vertex 235.025 -60.45835534950772 0
vertex 235.025 -60.19902514855076 0
endloop
endfacet
facet normal 1 0 0
outer loop
vertex 235.025 -118.64999999999986 0
vertex 235.025 -60.19902514855076 0
vertex 235.025 -59.917635483025315 0
endloop
endfacet
facet normal 1 0 0
outer loop
vertex 235.025 -118.64999999999986 0
vertex 235.025 -59.917635483025315 0
vertex 235.025 -59.62499999998896 0
endloop
endfacet
facet normal 1 0 0
outer loop
vertex 235.025 -118.64999999999986 0
vertex 235.025 -59.62499999998896 0
vertex 235.025 -59.332364516991476 0
endloop
endfacet
facet normal 1 0 0
outer loop
vertex 235.025 -118.64999999999986 0
vertex 235.025 -59.332364516991476 0
vertex 235.025 -59.05097485143765 0
endloop
endfacet
facet normal 1 0 0
outer loop
vertex 235.025 -118.64999999999986 0
vertex 235.025 -59.05097485143765 0
vertex 235.025 -58.79164465046565 0
endloop
endfacet
facet normal 1 0 0
outer loop
vertex 235.025 -118.64999999999986 0
vertex 235.025 -58.79164465046565 0
vertex 235.025 -58.56433982822799 0
endloop
endfacet
facet normal 1 0 0
outer loop
vertex 235.025 -118.64999999999986 0
vertex 235.025 -58.56433982822799 0
vertex 235.025 -58.37779558156209 0
endloop
endfacet
facet normal 1 0 0
outer loop
vertex 235.025 -118.64999999999986 0
vertex 235.025 -58.37779558156209 0
vertex 235.025 -58.23918070122735 0
endloop
endfacet
facet normal 1 0 0
outer loop
vertex 235.025 -118.64999999999986 0
vertex 235.025 -58.23918070122735 0
vertex 235.025 -58.15382207939455 0
endloop
endfacet
facet normal 1 0 0
outer loop
vertex 235.025 -118.64999999999986 0
vertex 235.025 -58.15382207939455 0
vertex 235.025 -58.12500000000043 0
endloop
endfacet
facet normal 1 0 0
outer loop
vertex 235.025 -118.64999999999986 0
vertex 235.025 -58.12500000000043 0
vertex 235.025 -57.95736451697312 0
endloop
endfacet
facet normal 1 0 0
outer loop
vertex 235.025 -118.64999999999986 0
vertex 235.025 -57.95736451697312 0
vertex 235.025 -57.675974851439584 0
endloop
endfacet
facet normal 1 0 0
outer loop
vertex 235.025 -118.64999999999986 0
vertex 235.025 -57.675974851439584 0
vertex 235.025 -57.41664465049514 0
endloop
endfacet
facet normal 1 0 0
outer loop
vertex 235.025 -118.64999999999986 0
vertex 235.025 -57.41664465049514 0
vertex 235.025 -57.18933982821095 0
endloop
endfacet
facet normal 1 0 0
outer loop
vertex 235.025 -118.64999999999986 0
vertex 235.025 -57.18933982821095 0
vertex 235.025 -57.00279558154597 0
endloop
endfacet
facet normal 1 0 0
outer loop
vertex 235.025 -118.64999999999986 0
vertex 235.025 -57.00279558154597 0
vertex 235.025 -56.86418070123493 0
endloop
endfacet
facet normal 1 0 0
outer loop
vertex 235.025 -118.64999999999986 0
vertex 235.025 -56.86418070123493 0
vertex 235.025 -56.77882207939515 0
endloop
endfacet
facet normal 1 0 0
outer loop
vertex 235.025 -118.64999999999986 0
vertex 235.025 -56.77882207939515 0
vertex 235.025 -56.750000000000455 0
endloop
endfacet
facet normal 1 0 0
outer loop
vertex 235.025 -118.64999999999986 0
vertex 235.025 -56.750000000000455 0
vertex 235.025 -52 0
endloop
endfacet
facet normal 1 0 0
outer loop
vertex 235.025 -118.64999999999986 0
vertex 235.025 -52 0
vertex 235.025 -51.969615506024425 0
endloop
endfacet
facet normal 1 0 0
outer loop
vertex 235.025 -118.64999999999986 0
vertex 235.025 -51.969615506024425 0
vertex 235.025 -51.879385241571775 0
endloop
endfacet
facet normal 1 0 0
outer loop
vertex 235.025 -118.64999999999986 0
vertex 235.025 -51.879385241571775 0
vertex 235.025 -51.73205080756892 0
endloop
endfacet
facet normal 1 0 0
outer loop
vertex 235.025 -118.64999999999986 0
vertex 235.025 -51.73205080756892 0
vertex 235.025 -51.532088886237936 0
endloop
endfacet
facet normal 1 0 0
outer loop
vertex 235.025 -118.64999999999986 0
vertex 235.025 -51.532088886237936 0
vertex 235.025 -51.28557521937301 0
endloop
endfacet
facet normal 1 0 0
outer loop
vertex 235.025 -118.64999999999986 0
vertex 235.025 -51.28557521937301 0
vertex 235.025 -51.00000000000007 0
endloop
endfacet
facet normal 1 0 0
outer loop
vertex 235.025 -118.64999999999986 0
vertex 235.025 -51.00000000000007 0
vertex 235.025 -50.68404028665138 0
endloop
endfacet
facet normal 1 0 0
outer loop
vertex 235.025 -118.64999999999986 0
vertex 235.025 -50.68404028665138 0
vertex 235.025 -50.34729635533387 0
endloop
endfacet
facet normal 1 0 0
outer loop
vertex 235.025 -118.64999999999986 0
vertex 235.025 -50.34729635533387 0
vertex 235.025 -50.000000000000014 0
endloop
endfacet
facet normal 1 0 0
outer loop
vertex 235.025 -118.64999999999986 0
vertex 235.025 -50.000000000000014 0
vertex 235.025 -46.75 0
endloop
endfacet
facet normal 1 0 0
outer loop
vertex 235.025 -118.64999999999986 0
vertex 235.025 -46.75 0
vertex 235.025 -46.719615506024425 0
endloop
endfacet
facet normal 1 0 0
outer loop
vertex 235.025 -118.64999999999986 0
vertex 235.025 -46.719615506024425 0
vertex 235.025 -46.62938524157183 0
endloop
endfacet
facet normal 1 0 0
outer loop
vertex 235.025 -118.64999999999986 0
vertex 235.025 -46.62938524157183 0
vertex 235.025 -46.48205080756886 0
endloop
endfacet
facet normal 1 0 0
outer loop
vertex 235.025 -118.64999999999986 0
vertex 235.025 -46.48205080756886 0
vertex 235.025 -46.28208888623793 0
endloop
endfacet
facet normal 1 0 0
outer loop
vertex 235.025 -118.64999999999986 0
vertex 235.025 -46.28208888623793 0
vertex 235.025 -46.03557521937301 0
endloop
endfacet
facet normal 1 0 0
outer loop
vertex 235.025 -118.64999999999986 0
vertex 235.025 -46.03557521937301 0
vertex 235.025 -45.750000000000135 0
endloop
endfacet
facet normal 1 0 0
outer loop
vertex 235.025 -118.64999999999986 0
vertex 235.025 -45.750000000000135 0
vertex 235.025 -45.57499999999986 0
endloop
endfacet
facet normal 1 0 0
outer loop
vertex 235.025 -118.64999999999986 0
vertex 235.025 -45.57499999999986 0
vertex 235.025 -45.574999999999925 1.6
endloop
endfacet
facet normal 1 0 0
outer loop
vertex 235.025 -118.64999999999986 0
vertex 235.025 -45.574999999999925 1.6
vertex 235.025 -45.75000000000024 1.6
endloop
endfacet
facet normal 1 0 0
outer loop
vertex 235.025 -118.64999999999986 0
vertex 235.025 -45.75000000000024 1.6
vertex 235.025 -46.03557521937306 1.6
endloop
endfacet
facet normal 1 0 0
outer loop
vertex 235.025 -118.64999999999986 0
vertex 235.025 -46.03557521937306 1.6
vertex 235.025 -46.28208888623788 1.6
endloop
endfacet
facet normal 1 0 0
outer loop
vertex 235.025 -118.64999999999986 0
vertex 235.025 -46.28208888623788 1.6
vertex 235.025 -46.482050807568896 1.6
endloop
endfacet
facet normal 1 0 0
outer loop
vertex 235.025 -118.64999999999986 0
vertex 235.025 -46.482050807568896 1.6
vertex 235.025 -46.62938524157183 1.6
endloop
endfacet
facet normal 1 0 0
outer loop
vertex 235.025 -118.64999999999986 0
vertex 235.025 -46.62938524157183 1.6
vertex 235.025 -46.71961550602441 1.6
endloop
endfacet
facet normal 1 0 0
outer loop
vertex 235.025 -118.64999999999986 0
vertex 235.025 -46.71961550602441 1.6
vertex 235.025 -46.75 1.6
endloop
endfacet
facet normal 1 0 0
outer loop
vertex 235.025 -118.64999999999986 0
vertex 235.025 -46.75 1.6
vertex 235.025 -49.99999999999997 1.6
endloop
endfacet
facet normal 1 0 0
outer loop
vertex 235.025 -118.64999999999986 0
vertex 235.025 -49.99999999999997 1.6
vertex 235.025 -50.34729635533384 1.6
endloop
endfacet
facet normal 1 0 0
outer loop
vertex 235.025 -118.64999999999986 0
vertex 235.025 -50.34729635533384 1.6
vertex 235.025 -50.68404028665135 1.6
endloop
endfacet
facet normal 1 0 0
outer loop
vertex 235.025 -118.64999999999986 0
vertex 235.025 -50.68404028665135 1.6
vertex 235.025 -51.000000000000014 1.6
endloop
endfacet
facet normal 1 0 0
outer loop
vertex 235.025 -118.64999999999986 0
vertex 235.025 -51.000000000000014 1.6
vertex 235.025 -51.285575219373065 1.6
endloop
endfacet
facet normal 1 0 0
outer loop
vertex 235.025 -118.64999999999986 0
vertex 235.025 -51.285575219373065 1.6
vertex 235.025 -51.53208888623801 1.6
endloop
endfacet
facet normal 1 0 0
outer loop
vertex 235.025 -118.64999999999986 0
vertex 235.025 -51.53208888623801 1.6
vertex 235.025 -51.73205080756888 1.6
endloop
endfacet
facet normal 1 0 0
outer loop
vertex 235.025 -118.64999999999986 0
vertex 235.025 -51.73205080756888 1.6
vertex 235.025 -51.87938524157182 1.6
endloop
endfacet
facet normal 1 0 0
outer loop
vertex 235.025 -118.64999999999986 0
vertex 235.025 -51.87938524157182 1.6
vertex 235.025 -51.96961550602442 1.6
endloop
endfacet
facet normal 1 0 0
outer loop
vertex 235.025 -118.64999999999986 0
vertex 235.025 -51.96961550602442 1.6
vertex 235.025 -52 1.6
endloop
endfacet
facet normal 1 0 0
outer loop
vertex 235.025 -118.64999999999986 0
vertex 235.025 -52 1.6
vertex 235.025 -55.74999999999976 1.6
endloop
endfacet
facet normal 1 0 0
outer loop
vertex 235.025 -118.64999999999986 0
vertex 235.025 -55.74999999999976 1.6
vertex 235.025 -55.798036798990815 1.6
endloop
endfacet
facet normal 1 0 0
outer loop
vertex 235.025 -118.64999999999986 0
vertex 235.025 -55.798036798990815 1.6
vertex 235.025 -55.940301168722975 1.6
endloop
endfacet
facet normal 1 0 0
outer loop
vertex 235.025 -118.64999999999986 0
vertex 235.025 -55.940301168722975 1.6
vertex 235.025 -56.171325969247405 1.6
endloop
endfacet
facet normal 1 0 0
outer loop
vertex 235.025 -118.64999999999986 0
vertex 235.025 -56.171325969247405 1.6
vertex 235.025 -56.48223304704049 1.6
endloop
endfacet
facet normal 1 0 0
outer loop
vertex 235.025 -118.64999999999986 0
vertex 235.025 -56.48223304704049 1.6
vertex 235.025 -56.86107441744155 1.6
endloop
endfacet
facet normal 1 0 0
outer loop
vertex 235.025 -118.64999999999986 0
vertex 235.025 -56.86107441744155 1.6
vertex 235.025 -57.12500000000003 1.6
endloop
endfacet
facet normal 1 0 0
outer loop
vertex 235.025 -118.64999999999986 0
vertex 235.025 -57.12500000000003 1.6
vertex 235.025 -57.17303679899235 1.6
endloop
endfacet
facet normal 1 0 0
outer loop
vertex 235.025 -118.64999999999986 0
vertex 235.025 -57.17303679899235 1.6
vertex 235.025 -57.31530116872403 1.6
endloop
endfacet
facet normal 1 0 0
outer loop
vertex 235.025 -118.64999999999986 0
vertex 235.025 -57.31530116872403 1.6
vertex 235.025 -57.54632596923737 1.6
endloop
endfacet
facet normal 1 0 0
outer loop
vertex 235.025 -118.64999999999986 0
vertex 235.025 -57.54632596923737 1.6
vertex 235.025 -57.857233047036814 1.6
endloop
endfacet
facet normal 1 0 0
outer loop
vertex 235.025 -118.64999999999986 0
vertex 235.025 -57.857233047036814 1.6
vertex 235.025 -58.23607441746185 1.6
endloop
endfacet
facet normal 1 0 0
outer loop
vertex 235.025 -118.64999999999986 0
vertex 235.025 -58.23607441746185 1.6
vertex 235.025 -58.668291419077214 1.6
endloop
endfacet
facet normal 1 0 0
outer loop
vertex 235.025 -118.64999999999986 0
vertex 235.025 -58.668291419077214 1.6
vertex 235.025 -59.13727419496213 1.6
endloop
endfacet
facet normal 1 0 0
outer loop
vertex 235.025 -118.64999999999986 0
vertex 235.025 -59.13727419496213 1.6
vertex 235.025 -59.62500000000005 1.6
endloop
endfacet
facet normal 1 0 0
outer loop
vertex 235.025 -118.64999999999986 0
vertex 235.025 -59.62500000000005 1.6
vertex 235.025 -60.1127258050405 1.6
endloop
endfacet
facet normal 1 0 0
outer loop
vertex 235.025 -118.64999999999986 0
vertex 235.025 -60.1127258050405 1.6
vertex 235.025 -60.58170858091273 1.6
endloop
endfacet
facet normal 1 0 0
outer loop
vertex 235.025 -118.64999999999986 0
vertex 235.025 -60.58170858091273 1.6
vertex 235.025 -61.01392558254461 1.6
endloop
endfacet
facet normal 1 0 0
outer loop
vertex 235.025 -118.64999999999986 0
vertex 235.025 -61.01392558254461 1.6
vertex 235.025 -61.39276695297657 1.6
endloop
endfacet
facet normal 1 0 0
outer loop
vertex 235.025 -118.64999999999986 0
vertex 235.025 -61.39276695297657 1.6
vertex 235.025 -61.703674030743365 1.6
endloop
endfacet
facet normal 1 0 0
outer loop
vertex 235.025 -118.64999999999986 0
vertex 235.025 -61.703674030743365 1.6
vertex 235.025 -61.934698831287726 1.6
endloop
endfacet
facet normal 1 0 0
outer loop
vertex 235.025 -118.64999999999986 0
vertex 235.025 -61.934698831287726 1.6
vertex 235.025 -62.07696320100723 1.6
endloop
endfacet
facet normal 1 0 0
outer loop
vertex 235.025 -118.64999999999986 0
vertex 235.025 -62.07696320100723 1.6
vertex 235.025 -62.12500000000003 1.6
endloop
endfacet
facet normal 1 0 0
outer loop
vertex 235.025 -118.64999999999986 0
vertex 235.025 -62.12500000000003 1.6
vertex 235.025 -90.7000000000001 1.6
endloop
endfacet
facet normal 1 0 0
outer loop
vertex 235.025 -118.64999999999986 0
vertex 235.025 -90.7000000000001 1.6
vertex 235.025 -90.74803679899244 1.6
endloop
endfacet
facet normal 1 0 0
outer loop
vertex 235.025 -118.64999999999986 0
vertex 235.025 -90.74803679899244 1.6
vertex 235.025 -90.8903011687167 1.6
endloop
endfacet
facet normal 1 0 0
outer loop
vertex 235.025 -118.64999999999986 0
vertex 235.025 -90.8903011687167 1.6
vertex 235.025 -91.12132596926152 1.6
endloop
endfacet
facet normal 1 0 0
outer loop
vertex 235.025 -118.64999999999986 0
vertex 235.025 -91.12132596926152 1.6
vertex 235.025 -91.43223304702434 1.6
endloop
endfacet
facet normal 1 0 0
outer loop
vertex 235.025 -118.64999999999986 0
vertex 235.025 -91.43223304702434 1.6
vertex 235.025 -91.81107441745783 1.6
endloop
endfacet
facet normal 1 0 0
outer loop
vertex 235.025 -118.64999999999986 0
vertex 235.025 -91.81107441745783 1.6
vertex 235.025 -92.24329141909158 1.6
endloop
endfacet
facet normal 1 0 0
outer loop
vertex 235.025 -118.64999999999986 0
vertex 235.025 -92.24329141909158 1.6
vertex 235.025 -92.71227419495631 1.6
endloop
endfacet
facet normal 1 0 0
outer loop
vertex 235.025 -118.64999999999986 0
vertex 235.025 -92.71227419495631 1.6
vertex 235.025 -93.19999999999652 1.6
endloop
endfacet
facet normal 1 0 0
outer loop
vertex 235.025 -118.64999999999986 0
vertex 235.025 -93.19999999999652 1.6
vertex 235.025 -93.68772580503365 1.6
endloop
endfacet
facet normal 1 0 0
outer loop
vertex 235.025 -118.64999999999986 0
vertex 235.025 -93.68772580503365 1.6
vertex 235.025 -94.15670858090907 1.6
endloop
endfacet
facet normal 1 0 0
outer loop
vertex 235.025 -118.64999999999986 0
vertex 235.025 -94.15670858090907 1.6
vertex 235.025 -94.58892558256332 1.6
endloop
endfacet
facet normal 1 0 0
outer loop
vertex 235.025 -118.64999999999986 0
vertex 235.025 -94.58892558256332 1.6
vertex 235.025 -94.96776695296104 1.6
endloop
endfacet
facet normal 1 0 0
outer loop
vertex 235.025 -118.64999999999986 0
vertex 235.025 -94.96776695296104 1.6
vertex 235.025 -95.2786740307589 1.6
endloop
endfacet
facet normal 1 0 0
outer loop
vertex 235.025 -118.64999999999986 0
vertex 235.025 -95.2786740307589 1.6
vertex 235.025 -95.50969883127888 1.6
endloop
endfacet
facet normal 1 0 0
outer loop
vertex 235.025 -118.64999999999986 0
vertex 235.025 -95.50969883127888 1.6
vertex 235.025 -95.65196320100668 1.6
endloop
endfacet
facet normal 1 0 0
outer loop
vertex 235.025 -118.64999999999986 0
vertex 235.025 -95.65196320100668 1.6
vertex 235.025 -95.69999999999919 1.6
endloop
endfacet
facet normal 1 0 0
outer loop
vertex 235.025 -118.64999999999986 0
vertex 235.025 -95.69999999999919 1.6
vertex 235.025 -107.99999999999984 1.6
endloop
endfacet
facet normal 1 0 0
outer loop
vertex 235.025 -118.64999999999986 0
vertex 235.025 -107.99999999999984 1.6
vertex 235.025 -108.04803679899251 1.6
endloop
endfacet
facet normal 1 0 0
outer loop
vertex 235.025 -118.64999999999986 0
vertex 235.025 -108.04803679899251 1.6
vertex 235.025 -108.19030116872074 1.6
endloop
endfacet
facet normal 1 0 0
outer loop
vertex 235.025 -118.64999999999986 0
vertex 235.025 -108.19030116872074 1.6
vertex 235.025 -108.4213259692443 1.6
endloop
endfacet
facet normal 1 0 0
outer loop
vertex 235.025 -118.64999999999986 0
vertex 235.025 -108.4213259692443 1.6
vertex 235.025 -108.73223304703438 1.6
endloop
endfacet
facet normal 1 0 0
outer loop
vertex 235.025 -118.64999999999986 0
vertex 235.025 -108.73223304703438 1.6
vertex 235.025 -109.11107441745389 1.6
endloop
endfacet
facet normal 1 0 0
outer loop
vertex 235.025 -118.64999999999986 0
vertex 235.025 -109.11107441745389 1.6
vertex 235.025 -109.54329141908624 1.6
endloop
endfacet
facet normal 1 0 0
outer loop
vertex 235.025 -118.64999999999986 0
vertex 235.025 -109.54329141908624 1.6
vertex 235.025 -110.01227419495943 1.6
endloop
endfacet
facet normal 1 0 0
outer loop
vertex 235.025 -118.64999999999986 0
vertex 235.025 -110.01227419495943 1.6
vertex 235.025 -110.5 1.6
endloop
endfacet
facet normal 1 0 0
outer loop
vertex 235.025 -118.64999999999986 0
vertex 235.025 -110.5 1.6
vertex 235.025 -110.98772580504635 1.6
endloop
endfacet
facet normal 1 0 0
outer loop
vertex 235.025 -118.64999999999986 0
vertex 235.025 -110.98772580504635 1.6
vertex 235.025 -111.45670858090608 1.6
endloop
endfacet
facet normal 1 0 0
outer loop
vertex 235.025 -118.64999999999986 0
vertex 235.025 -111.45670858090608 1.6
vertex 235.025 -111.88892558255273 1.6
endloop
endfacet
facet normal 1 0 0
outer loop
vertex 235.025 -118.64999999999986 0
vertex 235.025 -111.88892558255273 1.6
vertex 235.025 -112 1.6
endloop
endfacet
facet normal 1 0 0
outer loop
vertex 235.025 -118.64999999999986 0
vertex 235.025 -112 1.6
vertex 235.025 -112.0303844939756 1.6
endloop
endfacet
facet normal 1 0 0
outer loop
vertex 235.025 -118.64999999999986 0
vertex 235.025 -112.0303844939756 1.6
vertex 235.025 -112.12061475842822 1.6
endloop
endfacet
facet normal 1 0 0
outer loop
vertex 235.025 -118.64999999999986 0
vertex 235.025 -112.12061475842822 1.6
vertex 235.025 -112.26794919243106 1.6
endloop
endfacet
facet normal 1 0 0
outer loop
vertex 235.025 -118.64999999999986 0
vertex 235.025 -112.26794919243106 1.6
vertex 235.025 -112.46791111376207 1.6
endloop
endfacet
facet normal 1 0 0
outer loop
vertex 235.025 -118.64999999999986 0
vertex 235.025 -112.46791111376207 1.6
vertex 235.025 -112.71442478062687 1.6
endloop
endfacet
facet normal 1 0 0
outer loop
vertex 235.025 -118.64999999999986 0
vertex 235.025 -112.71442478062687 1.6
vertex 235.025 -113.00000000000009 1.6
endloop
endfacet
facet normal 1 0 0
outer loop
vertex 235.025 -118.64999999999986 0
vertex 235.025 -113.00000000000009 1.6
vertex 235.025 -113.31595971334872 1.6
endloop
endfacet
facet normal 1 0 0
outer loop
vertex 235.025 -118.64999999999986 0
vertex 235.025 -113.31595971334872 1.6
vertex 235.025 -113.65270364466603 1.6
endloop
endfacet
facet normal 1 0 0
outer loop
vertex 235.025 -118.64999999999986 0
vertex 235.025 -113.65270364466603 1.6
vertex 235.025 -113.9999999999999 1.6
endloop
endfacet
facet normal 1 0 0
outer loop
vertex 235.025 -118.64999999999986 0
vertex 235.025 -113.9999999999999 1.6
vertex 235.025 -114.65000000000013 1.6
endloop
endfacet
facet normal 1 0 0
outer loop
vertex 235.025 -118.64999999999986 0
vertex 235.025 -114.65000000000013 1.6
vertex 235.025 -114.69803679899245 1.6
endloop
endfacet
facet normal 1 0 0
outer loop
vertex 235.025 -118.64999999999986 0
vertex 235.025 -114.69803679899245 1.6
vertex 235.025 -114.84030116872563 1.6
endloop
endfacet
facet normal 1 0 0
outer loop
vertex 235.025 -118.64999999999986 0
vertex 235.025 -114.84030116872563 1.6
vertex 235.025 -115.07132596925645 1.6
endloop
endfacet
facet normal 1 0 0
outer loop
vertex 235.025 -118.64999999999986 0
vertex 235.025 -115.07132596925645 1.6
vertex 235.025 -115.38223304703567 1.6
endloop
endfacet
facet normal 1 0 0
outer loop
vertex 235.025 -118.64999999999986 0
vertex 235.025 -115.38223304703567 1.6
vertex 235.025 -115.76107441744875 1.6
endloop
endfacet
facet normal 1 0 0
outer loop
vertex 235.025 -118.64999999999986 0
vertex 235.025 -115.76107441744875 1.6
vertex 235.025 -116.19329141910855 1.6
endloop
endfacet
facet normal 1 0 0
outer loop
vertex 235.025 -118.64999999999986 0
vertex 235.025 -116.19329141910855 1.6
vertex 235.025 -116.66227419493947 1.6
endloop
endfacet
facet normal 1 0 0
outer loop
vertex 235.025 -118.64999999999986 0
vertex 235.025 -116.66227419493947 1.6
vertex 235.025 -117.14999999999995 1.6
endloop
endfacet
facet normal 1 0 0
outer loop
vertex 235.025 -118.64999999999986 0
vertex 235.025 -117.14999999999995 1.6
vertex 235.025 -117.63772580504431 1.6
endloop
endfacet
facet normal 1 0 0
outer loop
vertex 235.025 -118.64999999999986 0
vertex 235.025 -117.63772580504431 1.6
vertex 235.025 -118.10670858090994 1.6
endloop
endfacet
facet normal 1 0 0
outer loop
vertex 235.025 -118.64999999999986 0
vertex 235.025 -118.10670858090994 1.6
vertex 235.025 -118.53892558254832 1.6
endloop
endfacet
facet normal 1 0 0
outer loop
vertex 235.025 -118.64999999999986 0
vertex 235.025 -118.53892558254832 1.6
vertex 235.025 -118.67499999999988 1.6
endloop
endfacet
facet normal 1 0 0
outer loop
vertex 235.025 -118.64999999999986 0
vertex 235.025 -118.67499999999988 1.6
vertex 235.025 -118.67499999999998 0
endloop
endfacet
facet normal 0 0 1
outer loop
vertex 234.99461550602442 -45.22770364466603 1.6
vertex 235.01266762306813 -45.43404028665121 1.6
vertex 235.025 -45.574999999999925 1.6
endloop
endfacet
facet normal 0 0 1
outer loop
vertex 234.99461550602442 -45.22770364466603 1.6
vertex 235.025 -45.574999999999925 1.6
vertex 235.025 -45.57499999999986 0
endloop
endfacet
facet normal 0 0 1
outer loop
vertex 234.99461550602442 -45.22770364466603 1.6
vertex 235.025 -45.57499999999986 0
vertex 235.01266762306813 -45.434040286651225 0
endloop
endfacet
facet normal 0 0 1
outer loop
vertex 234.99461550602442 -45.22770364466603 1.6
vertex 235.01266762306813 -45.434040286651225 0
vertex 234.99461550602442 -45.22770364466615 0
endloop
endfacet
facet normal 0 0 -1
outer loop
vertex 234.9043852415719 -44.89095971334888 1.6
vertex 234.95967297816074 -45.09729635533385 1.6
vertex 234.99461550602442 -45.22770364466603 1.6
endloop
endfacet
facet normal 0 0 -1
outer loop
vertex 234.9043852415719 -44.89095971334888 1.6
vertex 234.99461550602442 -45.22770364466603 1.6
vertex 234.99461550602442 -45.22770364466615 0
endloop
endfacet
facet normal 0 0 -1
outer loop
vertex 234.9043852415719 -44.89095971334888 1.6
vertex 234.99461550602442 -45.22770364466615 0
vertex 234.9596729781607 -45.097296355333896 0
endloop
endfacet
facet normal 0 0 -1
outer loop
vertex 234.9043852415719 -44.89095971334888 1.6
vertex 234.9596729781607 -45.097296355333896 0
vertex 234.90438524157182 -44.890959713348714 0
endloop
endfacet
facet normal 0 0 -1
outer loop
vertex 234.75705080756882 -44.574999999999896 1.6
vertex 234.83865464774598 -44.749999999999986 1.6
vertex 234.9043852415719 -44.89095971334888 1.6
endloop
endfacet
facet normal 0 0 -1
outer loop
vertex 234.75705080756882 -44.574999999999896 1.6
vertex 234.9043852415719 -44.89095971334888 1.6
vertex 234.90438524157182 -44.890959713348714 0
endloop
endfacet
facet normal 0 0 -1
outer loop
vertex 234.75705080756882 -44.574999999999896 1.6
vertex 234.90438524157182 -44.890959713348714 0
vertex 234.83865464774598 -44.75000000000003 0
endloop
endfacet
facet normal 0 0 -1
outer loop
vertex 234.75705080756882 -44.574999999999896 1.6
vertex 234.83865464774598 -44.75000000000003 0
vertex 234.75705080756882 -44.57499999999991 0
endloop
endfacet
facet normal 0.8191520442889821 0.5735764363510599 0
outer loop
vertex 234.55708888623798 -44.28942478062695 1.6
vertex 234.75705080756882 -44.574999999999896 1.6
vertex 234.75705080756882 -44.57499999999991 0
endloop
endfacet
facet normal 0.8191520442889821 0.5735764363510599 0
outer loop
vertex 234.55708888623798 -44.28942478062695 1.6
vertex 234.75705080756882 -44.57499999999991 0
vertex 234.55708888623798 -44.289424780626945 0
endloop
endfacet
facet normal 0.7071067811865619 0.7071067811865335 0
outer loop
vertex 234.31057521937305 -44.042911113762 1.6
vertex 234.55708888623798 -44.28942478062695 1.6
vertex 234.55708888623798 -44.289424780626945 0
endloop
endfacet
facet normal 0.7071067811865619 0.7071067811865335 0
outer loop
vertex 234.31057521937305 -44.042911113762 1.6
vertex 234.55708888623798 -44.289424780626945 0
vertex 234.31057521937308 -44.04291111376204 0
endloop
endfacet
facet normal 0 0 1
outer loop
vertex 234.0250000000001 -43.84294919243117 1.6
vertex 234.09000330985478 -43.88846500000001 1.6
vertex 234.31057521937305 -44.042911113762 1.6
endloop
endfacet
facet normal 0 0 1
outer loop
vertex 234.0250000000001 -43.84294919243117 1.6
vertex 234.31057521937305 -44.042911113762 1.6
vertex 234.31057521937308 -44.04291111376204 0
endloop
endfacet
facet normal 0 0 1
outer loop
vertex 234.0250000000001 -43.84294919243117 1.6
vertex 234.31057521937308 -44.04291111376204 0
vertex 234.09000330985478 -43.88846500000002 0
endloop
endfacet
facet normal 0 0 1
outer loop
vertex 234.0250000000001 -43.84294919243117 1.6
vertex 234.09000330985478 -43.88846500000002 0
vertex 234.025 -43.842949192431114 0
endloop
endfacet
facet normal 0.42261826174070904 0.9063077870366456 0
outer loop
vertex 233.70904028665132 -43.69561475842818 1.6
vertex 234.0250000000001 -43.84294919243117 1.6
vertex 234.025 -43.842949192431114 0
endloop
endfacet
facet normal 0.42261826174070904 0.9063077870366456 0
outer loop
vertex 233.70904028665132 -43.69561475842818 1.6
vertex 234.025 -43.842949192431114 0
vertex 233.7090402866514 -43.6956147584282 0
endloop
endfacet
facet normal 0.25881904510254106 0.965925826289063 0
outer loop
vertex 233.3722963553339 -43.60538449397559 1.6
vertex 233.70904028665132 -43.69561475842818 1.6
vertex 233.7090402866514 -43.6956147584282 0
endloop
endfacet
facet normal 0.25881904510254106 0.965925826289063 0
outer loop
vertex 233.3722963553339 -43.60538449397559 1.6
vertex 233.7090402866514 -43.6956147584282 0
vertex 233.3722963553339 -43.605384493975585 0
endloop
endfacet
facet normal 0.08715574274765459 0.996194698091746 0
outer loop
vertex 233.02499999999995 -43.575 1.6
vertex 233.3722963553339 -43.60538449397559 1.6
vertex 233.3722963553339 -43.605384493975585 0
endloop
endfacet
facet normal 0.08715574274765459 0.996194698091746 0
outer loop
vertex 233.02499999999995 -43.575 1.6
vertex 233.3722963553339 -43.605384493975585 0
vertex 233.02500000000003 -43.575 0
endloop
endfacet
facet normal 0 1 0
outer loop
vertex 233.02499999999995 -43.575 1.6
vertex 233.02500000000003 -43.575 0
vertex 206.575 -43.575 0
endloop
endfacet
facet normal 0 1 0
outer loop
vertex 233.02499999999995 -43.575 1.6
vertex 206.575 -43.575 0
vertex 206.57499999999996 -43.575 1.6
endloop
endfacet
facet normal -0.07088177180445852 0.9974847239060158 0
outer loop
vertex 206.2922166925911 -43.595094725648906 1.6
vertex 206.57499999999996 -43.575 1.6
vertex 206.575 -43.575 0
endloop
endfacet
facet normal -0.07088177180445852 0.9974847239060158 0
outer loop
vertex 206.2922166925911 -43.595094725648906 1.6
vertex 206.575 -43.575 0
vertex 206.29221669259093 -43.59509472564892 0
endloop
endfacet
facet normal -0.21118839648180204 0.9774453750422298 0
outer loop
vertex 206.01511481439616 -43.65496579651622 1.6
vertex 206.2922166925911 -43.595094725648906 1.6
vertex 206.29221669259093 -43.59509472564892 0
endloop
endfacet
facet normal -0.21118839648180204 0.9774453750422298 0
outer loop
vertex 206.01511481439616 -43.65496579651622 1.6
vertex 206.29221669259093 -43.59509472564892 0
vertex 206.01511481439633 -43.654965796516166 0
endloop
endfacet
facet normal -0.34726926684325476 0.9377654591133906 0
outer loop
vertex 205.74926203462812 -43.75341525316989 1.6
vertex 206.01511481439616 -43.65496579651622 1.6
vertex 206.01511481439633 -43.654965796516166 0
endloop
endfacet
facet normal -0.34726926684325476 0.9377654591133906 0
outer loop
vertex 205.74926203462812 -43.75341525316989 1.6
vertex 206.01511481439633 -43.654965796516166 0
vertex 205.74926203462817 -43.75341525316987 0
endloop
endfacet
facet normal -0.4763726298057522 0.8792434916289981 0
outer loop
vertex 205.5 -43.88846500000001 1.6
vertex 205.74926203462812 -43.75341525316989 1.6
vertex 205.74926203462817 -43.75341525316987 0
endloop
endfacet
facet normal -0.4763726298057522 0.8792434916289981 0
outer loop
vertex 205.5 -43.88846500000001 1.6
vertex 205.74926203462817 -43.75341525316987 0
vertex 205.5 -43.88846500000002 0
endloop
endfacet
facet normal 1 0 0
outer loop
vertex 205.5 -42.12499999999979 0
vertex 205.5 -42.12499999999981 1.6
vertex 205.5 -43.88846500000001 1.6
endloop
endfacet
facet normal 1 0 0
outer loop
vertex 205.5 -42.12499999999979 0
vertex 205.5 -43.88846500000001 1.6
vertex 205.5 -43.88846500000002 0
endloop
endfacet
facet normal 0.9961946980917409 0.08715574274771135 0
outer loop
vertex 205.4696155060244 -41.77770364466608 1.6
vertex 205.5 -42.12499999999981 1.6
vertex 205.5 -42.12499999999979 0
endloop
endfacet
facet normal 0.9961946980917409 0.08715574274771135 0
outer loop
vertex 205.4696155060244 -41.77770364466608 1.6
vertex 205.5 -42.12499999999979 0
vertex 205.46961550602444 -41.777703644666246 0
endloop
endfacet
facet normal 0.9659258262890783 0.2588190451024838 0
outer loop
vertex 205.37938524157187 -41.440959713348825 1.6
vertex 205.4696155060244 -41.77770364466608 1.6
vertex 205.46961550602444 -41.777703644666246 0
endloop
endfacet
facet normal 0.9659258262890783 0.2588190451024838 0
outer loop
vertex 205.37938524157187 -41.440959713348825 1.6
vertex 205.46961550602444 -41.777703644666246 0
vertex 205.3793852415718 -41.44095971334865 0
endloop
endfacet
facet normal 0.9063077870366524 0.4226182617406946 0
outer loop
vertex 205.2320508075688 -41.12499999999993 1.6
vertex 205.37938524157187 -41.440959713348825 1.6
vertex 205.3793852415718 -41.44095971334865 0
endloop
endfacet
facet normal 0.9063077870366524 0.4226182617406946 0
outer loop
vertex 205.2320508075688 -41.12499999999993 1.6
vertex 205.3793852415718 -41.44095971334865 0
vertex 205.23205080756887 -41.124999999999986 0
endloop
endfacet
facet normal 0.8191520442890001 0.5735764363510342 0
outer loop
vertex 205.03208888623791 -40.839424780626885 1.6
vertex 205.2320508075688 -41.12499999999993 1.6
vertex 205.23205080756887 -41.124999999999986 0
endloop
endfacet
facet normal 0.8191520442890001 0.5735764363510342 0
outer loop
vertex 205.03208888623791 -40.839424780626885 1.6
vertex 205.23205080756887 -41.124999999999986 0
vertex 205.03208888623803 -40.83942478062702 0
endloop
endfacet
facet normal 0.7071067811865619 0.7071067811865335 0
outer loop
vertex 204.78557521937302 -40.59291111376198 1.6
vertex 205.03208888623791 -40.839424780626885 1.6
vertex 205.03208888623803 -40.83942478062702 0
endloop
endfacet
facet normal 0.7071067811865619 0.7071067811865335 0
outer loop
vertex 204.78557521937302 -40.59291111376198 1.6
vertex 205.03208888623803 -40.83942478062702 0
vertex 204.78557521937296 -40.592911113761936 0
endloop
endfacet
facet normal 0.5735764363510599 0.8191520442889821 0
outer loop
vertex 204.5000000000001 -40.39294919243119 1.6
vertex 204.78557521937302 -40.59291111376198 1.6
vertex 204.78557521937296 -40.592911113761936 0
endloop
endfacet
facet normal 0.5735764363510599 0.8191520442889821 0
outer loop
vertex 204.5000000000001 -40.39294919243119 1.6
vertex 204.78557521937296 -40.592911113761936 0
vertex 204.5000000000001 -40.392949192431175 0
endloop
endfacet
facet normal 0.4226182617407019 0.9063077870366489 0
outer loop
vertex 204.18404028665128 -40.24561475842816 1.6
vertex 204.5000000000001 -40.39294919243119 1.6
vertex 204.5000000000001 -40.392949192431175 0
endloop
endfacet
facet normal 0.4226182617407019 0.9063077870366489 0
outer loop
vertex 204.18404028665128 -40.24561475842816 1.6
vertex 204.5000000000001 -40.392949192431175 0
vertex 204.1840402866514 -40.245614758428204 0
endloop
endfacet
facet normal 0.2588190451025269 0.9659258262890666 0
outer loop
vertex 203.84729635533392 -40.15538449397559 1.6
vertex 204.18404028665128 -40.24561475842816 1.6
vertex 204.1840402866514 -40.245614758428204 0
endloop
endfacet
facet normal 0.2588190451025269 0.9659258262890666 0
outer loop
vertex 203.84729635533392 -40.15538449397559 1.6
vertex 204.1840402866514 -40.245614758428204 0
vertex 203.84729635533384 -40.155384493975575 0
endloop
endfacet
facet normal 0.0871557427476546 0.9961946980917459 0
outer loop
vertex 203.49999999999997 -40.125 1.6
vertex 203.84729635533392 -40.15538449397559 1.6
vertex 203.84729635533384 -40.155384493975575 0
endloop
endfacet
facet normal 0.0871557427476546 0.9961946980917459 0
outer loop
vertex 203.49999999999997 -40.125 1.6
vertex 203.84729635533384 -40.155384493975575 0
vertex 203.50000000000006 -40.125 0
endloop
endfacet
facet normal 0 1 0
outer loop
vertex 203.49999999999997 -40.125 1.6
vertex 203.50000000000006 -40.125 0
vertex 186.5 -40.125 0
endloop
endfacet
facet normal 0 1 0
outer loop
vertex 203.49999999999997 -40.125 1.6
vertex 186.5 -40.125 0
vertex 186.5 -40.125 1.6
endloop
endfacet
facet normal 1 0 0
outer loop
vertex 186.5 -39.75000000000008 0
vertex 186.5 -39.749999999999986 1.6
vertex 186.5 -40.125 1.6
endloop
endfacet
facet normal 1 0 0
outer loop
vertex 186.5 -39.75000000000008 0
vertex 186.5 -40.125 1.6
vertex 186.5 -40.125 0
endloop
endfacet
facet normal 0.9961946980917433 0.08715574274768298 0
outer loop
vertex 186.4696155060244 -39.40270364466603 1.6
vertex 186.5 -39.749999999999986 1.6
vertex 186.5 -39.75000000000008 0
endloop
endfacet
facet normal 0.9961946980917433 0.08715574274768298 0
outer loop
vertex 186.4696155060244 -39.40270364466603 1.6
vertex 186.5 -39.75000000000008 0
vertex 186.4696155060244 -39.40270364466605 0
endloop
endfacet
facet normal 0.965925826289063 0.25881904510254033 0
outer loop
vertex 186.37938524157187 -39.06595971334881 1.6
vertex 186.4696155060244 -39.40270364466603 1.6
vertex 186.4696155060244 -39.40270364466605 0
endloop
endfacet
facet normal 0.965925826289063 0.25881904510254033 0
outer loop
vertex 186.37938524157187 -39.06595971334881 1.6
vertex 186.4696155060244 -39.40270364466605 0
vertex 186.37938524157187 -39.06595971334876 0
endloop
endfacet
facet normal 0.9063077870366523 0.42261826174069467 0
outer loop
vertex 186.2320508075688 -38.74999999999991 1.6
vertex 186.37938524157187 -39.06595971334881 1.6
vertex 186.37938524157187 -39.06595971334876 0
endloop
endfacet
facet normal 0.9063077870366523 0.42261826174069467 0
outer loop
vertex 186.2320508075688 -38.74999999999991 1.6
vertex 186.37938524157187 -39.06595971334876 0
vertex 186.23205080756892 -38.75000000000011 0
endloop
endfacet
facet normal 0.8191520442890001 0.5735764363510342 0
outer loop
vertex 186.03208888623794 -38.46442478062693 1.6
vertex 186.2320508075688 -38.74999999999991 1.6
vertex 186.23205080756892 -38.75000000000011 0
endloop
endfacet
facet normal 0.8191520442890001 0.5735764363510342 0
outer loop
vertex 186.03208888623794 -38.46442478062693 1.6
vertex 186.23205080756892 -38.75000000000011 0
vertex 186.03208888623786 -38.464424780626814 0
endloop
endfacet
facet normal 0.7071067811865476 0.7071067811865476 0
outer loop
vertex 185.78557521937302 -38.217911113761986 1.6
vertex 186.03208888623794 -38.46442478062693 1.6
vertex 186.03208888623786 -38.464424780626814 0
endloop
endfacet
facet normal 0.7071067811865476 0.7071067811865476 0
outer loop
vertex 185.78557521937302 -38.217911113761986 1.6
vertex 186.03208888623786 -38.464424780626814 0
vertex 185.78557521937313 -38.21791111376208 0
endloop
endfacet
facet normal 0.5735764363510599 0.8191520442889821 0
outer loop
vertex 185.5000000000001 -38.01794919243118 1.6
vertex 185.78557521937302 -38.217911113761986 1.6
vertex 185.78557521937313 -38.21791111376208 0
endloop
endfacet
facet normal 0.5735764363510599 0.8191520442889821 0
outer loop
vertex 185.5000000000001 -38.01794919243118 1.6
vertex 185.78557521937313 -38.21791111376208 0
vertex 185.50000000000003 -38.01794919243113 0
endloop
endfacet
facet normal 0.42261826174068157 0.9063077870366583 0
outer loop
vertex 185.18404028665128 -37.87061475842816 1.6
vertex 185.5000000000001 -38.01794919243118 1.6
vertex 185.50000000000003 -38.01794919243113 0
endloop
endfacet
facet normal 0.42261826174068157 0.9063077870366583 0
outer loop
vertex 185.18404028665128 -37.87061475842816 1.6
vertex 185.50000000000003 -38.01794919243113 0
vertex 185.18404028665134 -37.87061475842818 0
endloop
endfacet
facet normal 0.2588190451025145 0.96592582628907 0
outer loop
vertex 184.8472963553339 -37.78038449397558 1.6
vertex 185.18404028665128 -37.87061475842816 1.6
vertex 185.18404028665134 -37.87061475842818 0
endloop
endfacet
facet normal 0.2588190451025145 0.96592582628907 0
outer loop
vertex 184.8472963553339 -37.78038449397558 1.6
vertex 185.18404028665134 -37.87061475842818 0
vertex 184.84729635533387 -37.78038449397558 0
endloop
endfacet
facet normal 0.0871557427476546 0.9961946980917459 0
outer loop
vertex 184.50000000000003 -37.75 1.6
vertex 184.8472963553339 -37.78038449397558 1.6
vertex 184.84729635533387 -37.78038449397558 0
endloop
endfacet
facet normal 0.0871557427476546 0.9961946980917459 0
outer loop
vertex 184.50000000000003 -37.75 1.6
vertex 184.84729635533387 -37.78038449397558 0
vertex 184.5 -37.75 0
endloop
endfacet
facet normal 0 1 0
outer loop
vertex 144.5 -37.75 1.6
vertex 144.49999999999994 -37.75 0
vertex 129.5 -37.75 0
endloop
endfacet
facet normal 0 1 0
outer loop
vertex 144.5 -37.75 1.6
vertex 129.5 -37.75 0
vertex 129.5 -37.75 1.6
endloop
endfacet
facet normal 0 1 0
outer loop
vertex 184.50000000000003 -37.75 1.6
vertex 184.5 -37.75 0
vertex 169.49999999999997 -37.75 0
endloop
endfacet
facet normal 0 1 0
outer loop
vertex 184.50000000000003 -37.75 1.6
vertex 169.49999999999997 -37.75 0
vertex 169.49999999999997 -37.75 1.6
endloop
endfacet
facet normal 0.08715574274765459 0.996194698091746 0
outer loop
vertex 169.1527036446662 -37.719615506024425 1.6
vertex 169.49999999999997 -37.75 1.6
vertex 169.49999999999997 -37.75 0
endloop
endfacet
facet normal 0.08715574274765459 0.996194698091746 0
outer loop
vertex 169.1527036446662 -37.719615506024425 1.6
vertex 169.49999999999997 -37.75 0
vertex 169.15270364466613 -37.719615506024425 0
endloop
endfacet
facet normal 0.25881904510252696 0.9659258262890666 0
outer loop
vertex 168.81595971334858 -37.62938524157179 1.6
vertex 169.1527036446662 -37.719615506024425 1.6
vertex 169.15270364466613 -37.719615506024425 0
endloop
endfacet
facet normal 0.25881904510252696 0.9659258262890666 0
outer loop
vertex 168.81595971334858 -37.62938524157179 1.6
vertex 169.15270364466613 -37.719615506024425 0
vertex 168.8159597133487 -37.62938524157183 0
endloop
endfacet
facet normal 0.42261826174070904 0.9063077870366456 0
outer loop
vertex 168.50000000000006 -37.48205080756892 1.6
vertex 168.81595971334858 -37.62938524157179 1.6
vertex 168.8159597133487 -37.62938524157183 0
endloop
endfacet
facet normal 0.42261826174070904 0.9063077870366456 0
outer loop
vertex 168.50000000000006 -37.48205080756892 1.6
vertex 168.8159597133487 -37.62938524157183 0
vertex 168.5 -37.482050807568875 0
endloop
endfacet
facet normal 0.5735764363510599 0.8191520442889821 0
outer loop
vertex 168.21442478062696 -37.28208888623797 1.6
vertex 168.50000000000006 -37.48205080756892 1.6
vertex 168.5 -37.482050807568875 0
endloop
endfacet
facet normal 0.5735764363510599 0.8191520442889821 0
outer loop
vertex 168.21442478062696 -37.28208888623797 1.6
vertex 168.5 -37.482050807568875 0
vertex 168.2144247806269 -37.28208888623794 0
endloop
endfacet
facet normal 0.7071067811865476 0.7071067811865476 0
outer loop
vertex 167.96791111376194 -37.03557521937296 1.6
vertex 168.21442478062696 -37.28208888623797 1.6
vertex 168.2144247806269 -37.28208888623794 0
endloop
endfacet
facet normal 0.7071067811865476 0.7071067811865476 0
outer loop
vertex 167.96791111376194 -37.03557521937296 1.6
vertex 168.2144247806269 -37.28208888623794 0
vertex 167.967911113762 -37.03557521937304 0
endloop
endfacet
facet normal 0.8191520442889821 0.5735764363510599 0
outer loop
vertex 167.76794919243122 -36.750000000000156 1.6
vertex 167.96791111376194 -37.03557521937296 1.6
vertex 167.967911113762 -37.03557521937304 0
endloop
endfacet
facet normal 0.8191520442889821 0.5735764363510599 0
outer loop
vertex 167.76794919243122 -36.750000000000156 1.6
vertex 167.967911113762 -37.03557521937304 0
vertex 167.7679491924312 -36.7500000000001 0
endloop
endfacet
facet normal 0.906307787036639 0.4226182617407234 0
outer loop
vertex 167.62061475842822 -36.43404028665139 1.6
vertex 167.76794919243122 -36.750000000000156 1.6
vertex 167.7679491924312 -36.7500000000001 0
endloop
endfacet
facet normal 0.906307787036639 0.4226182617407234 0
outer loop
vertex 167.62061475842822 -36.43404028665139 1.6
vertex 167.7679491924312 -36.7500000000001 0
vertex 167.62061475842822 -36.43404028665138 0
endloop
endfacet
facet normal 0.9659258262890708 0.25881904510251214 0
outer loop
vertex 167.53038449397553 -36.09729635533358 1.6
vertex 167.62061475842822 -36.43404028665139 1.6
vertex 167.62061475842822 -36.43404028665138 0
endloop
endfacet
facet normal 0.9659258262890708 0.25881904510251214 0
outer loop
vertex 167.53038449397553 -36.09729635533358 1.6
vertex 167.62061475842822 -36.43404028665138 0
vertex 167.53038449397556 -36.09729635533366 0
endloop
endfacet
facet normal 0.9961946980917433 0.08715574274768298 0
outer loop
vertex 167.49999999999994 -35.74999999999987 1.6
vertex 167.53038449397553 -36.09729635533358 1.6
vertex 167.53038449397556 -36.09729635533366 0
endloop
endfacet
facet normal 0.9961946980917433 0.08715574274768298 0
outer loop
vertex 167.49999999999994 -35.74999999999987 1.6
vertex 167.53038449397556 -36.09729635533366 0
vertex 167.5 -35.74999999999977 0
endloop
endfacet
facet normal 1 0 0
outer loop
vertex 167.5 -34.99999999999995 0
vertex 167.5 -34.9999999999997 1.6
vertex 167.49999999999994 -35.74999999999987 1.6
endloop
endfacet
facet normal 1 0 0
outer loop
vertex 167.5 -34.99999999999995 0
vertex 167.49999999999994 -35.74999999999987 1.6
vertex 167.5 -35.74999999999977 0
endloop
endfacet
facet normal 0.9961946980917433 0.08715574274768298 0
outer loop
vertex 167.4696155060244 -34.65270364466617 1.6
vertex 167.5 -34.9999999999997 1.6
vertex 167.5 -34.99999999999995 0
endloop
endfacet
facet normal 0.9961946980917433 0.08715574274768298 0
outer loop
vertex 167.4696155060244 -34.65270364466617 1.6
vertex 167.5 -34.99999999999995 0
vertex 167.4696155060244 -34.65270364466608 0
endloop
endfacet
facet normal 0.9659258262890708 0.25881904510251214 0
outer loop
vertex 167.37938524157175 -34.31595971334863 1.6
vertex 167.4696155060244 -34.65270364466617 1.6
vertex 167.4696155060244 -34.65270364466608 0
endloop
endfacet
facet normal 0.9659258262890708 0.25881904510251214 0
outer loop
vertex 167.37938524157175 -34.31595971334863 1.6
vertex 167.4696155060244 -34.65270364466608 0
vertex 167.3793852415718 -34.31595971334859 0
endloop
endfacet
facet normal 0.9063077870366523 0.42261826174069467 0
outer loop
vertex 167.23205080756884 -33.999999999999865 1.6
vertex 167.37938524157175 -34.31595971334863 1.6
vertex 167.3793852415718 -34.31595971334859 0
endloop
endfacet
facet normal 0.9063077870366523 0.42261826174069467 0
outer loop
vertex 167.23205080756884 -33.999999999999865 1.6
vertex 167.3793852415718 -34.31595971334859 0
vertex 167.2320508075688 -33.99999999999996 0
endloop
endfacet
facet normal 0.8191520442889935 0.5735764363510436 0
outer loop
vertex 167.03208888623783 -33.71442478062706 1.6
vertex 167.23205080756884 -33.999999999999865 1.6
vertex 167.2320508075688 -33.99999999999996 0
endloop
endfacet
facet normal 0.8191520442889935 0.5735764363510436 0
outer loop
vertex 167.03208888623783 -33.71442478062706 1.6
vertex 167.2320508075688 -33.99999999999996 0
vertex 167.03208888623786 -33.71442478062703 0
endloop
endfacet
facet normal 0.7071067811865619 0.7071067811865335 0
outer loop
vertex 166.78557521937307 -33.46791111376197 1.6
vertex 167.03208888623783 -33.71442478062706 1.6
vertex 167.03208888623786 -33.71442478062703 0
endloop
endfacet
facet normal 0.7071067811865619 0.7071067811865335 0
outer loop
vertex 166.78557521937307 -33.46791111376197 1.6
vertex 167.03208888623786 -33.71442478062703 0
vertex 166.78557521937307 -33.46791111376201 0
endloop
endfacet
facet normal 0.573576436351047 0.8191520442889912 0
outer loop
vertex 166.49999999999997 -33.26794919243112 1.6
vertex 166.78557521937307 -33.46791111376197 1.6
vertex 166.78557521937307 -33.46791111376201 0
endloop
endfacet
facet normal 0.573576436351047 0.8191520442889912 0
outer loop
vertex 166.49999999999997 -33.26794919243112 1.6
vertex 166.78557521937307 -33.46791111376201 0
vertex 166.5 -33.26794919243115 0
endloop
endfacet
facet normal 0.4226182617407148 0.9063077870366428 0
outer loop
vertex 166.18404028665137 -33.12061475842822 1.6
vertex 166.49999999999997 -33.26794919243112 1.6
vertex 166.5 -33.26794919243115 0
endloop
endfacet
facet normal 0.4226182617407148 0.9063077870366428 0
outer loop
vertex 166.18404028665137 -33.12061475842822 1.6
vertex 166.5 -33.26794919243115 0
vertex 166.18404028665137 -33.120614758428175 0
endloop
endfacet
facet normal 0.2588190451025199 0.9659258262890685 0
outer loop
vertex 165.8472963553339 -33.03038449397559 1.6
vertex 166.18404028665137 -33.12061475842822 1.6
vertex 166.18404028665137 -33.120614758428175 0
endloop
endfacet
facet normal 0.2588190451025199 0.9659258262890685 0
outer loop
vertex 165.8472963553339 -33.03038449397559 1.6
vertex 166.18404028665137 -33.120614758428175 0
vertex 165.8472963553339 -33.030384493975596 0
endloop
endfacet
facet normal 0.08715574274764039 0.9961946980917472 0
outer loop
vertex 165.49999999999994 -33 1.6
vertex 165.8472963553339 -33.03038449397559 1.6
vertex 165.8472963553339 -33.030384493975596 0
endloop
endfacet
facet normal 0.08715574274764039 0.9961946980917472 0
outer loop
vertex 165.49999999999994 -33 1.6
vertex 165.8472963553339 -33.030384493975596 0
vertex 165.49999999999991 -33 0
endloop
endfacet
facet normal 0 1 0
outer loop
vertex 165.49999999999994 -33 1.6
vertex 165.49999999999991 -33 0
vertex 148.50000000000003 -33 0
endloop
endfacet
facet normal 0 1 0
outer loop
vertex 165.49999999999994 -33 1.6
vertex 148.50000000000003 -33 0
vertex 148.50000000000003 -33 1.6
endloop
endfacet
facet normal -0.08715574274765459 0.9961946980917459 0
outer loop
vertex 148.1527036446662 -33.03038449397559 1.6
vertex 148.50000000000003 -33 1.6
vertex 148.50000000000003 -33 0
endloop
endfacet
facet normal -0.08715574274765459 0.9961946980917459 0
outer loop
vertex 148.1527036446662 -33.03038449397559 1.6
vertex 148.50000000000003 -33 0
vertex 148.15270364466613 -33.030384493975596 0
endloop
endfacet
facet normal -0.2588190451025271 0.9659258262890666 0
outer loop
vertex 147.81595971334858 -33.12061475842822 1.6
vertex 148.1527036446662 -33.03038449397559 1.6
vertex 148.15270364466613 -33.030384493975596 0
endloop
endfacet
facet normal -0.2588190451025271 0.9659258262890666 0
outer loop
vertex 147.81595971334858 -33.12061475842822 1.6
vertex 148.15270364466613 -33.030384493975596 0
vertex 147.8159597133487 -33.120614758428175 0
endloop
endfacet
facet normal -0.42261826174069467 0.9063077870366524 0
outer loop
vertex 147.5 -33.26794919243112 1.6
vertex 147.81595971334858 -33.12061475842822 1.6
vertex 147.8159597133487 -33.120614758428175 0
endloop
endfacet
facet normal -0.42261826174069467 0.9063077870366524 0
outer loop
vertex 147.5 -33.26794919243112 1.6
vertex 147.8159597133487 -33.120614758428175 0
vertex 147.49999999999994 -33.26794919243115 0
endloop
endfacet
facet normal -0.5735764363510504 0.8191520442889889 0
outer loop
vertex 147.214424780627 -33.46791111376197 1.6
vertex 147.5 -33.26794919243112 1.6
vertex 147.49999999999994 -33.26794919243115 0
endloop
endfacet
facet normal -0.5735764363510504 0.8191520442889889 0
outer loop
vertex 147.214424780627 -33.46791111376197 1.6
vertex 147.49999999999994 -33.26794919243115 0
vertex 147.21442478062696 -33.46791111376201 0
endloop
endfacet
facet normal -0.7071067811865547 0.7071067811865405 0
outer loop
vertex 146.96791111376191 -33.71442478062706 1.6
vertex 147.214424780627 -33.46791111376197 1.6
vertex 147.21442478062696 -33.46791111376201 0
endloop
endfacet
facet normal -0.7071067811865547 0.7071067811865405 0
outer loop
vertex 146.96791111376191 -33.71442478062706 1.6
vertex 147.21442478062696 -33.46791111376201 0
vertex 146.96791111376194 -33.71442478062703 0
endloop
endfacet
facet normal -0.8191520442889936 0.5735764363510437 0
outer loop
vertex 146.7679491924312 -33.999999999999865 1.6
vertex 146.96791111376191 -33.71442478062706 1.6
vertex 146.96791111376194 -33.71442478062703 0
endloop
endfacet
facet normal -0.8191520442889936 0.5735764363510437 0
outer loop
vertex 146.7679491924312 -33.999999999999865 1.6
vertex 146.96791111376194 -33.71442478062703 0
vertex 146.76794919243113 -33.99999999999996 0
endloop
endfacet
facet normal -0.9063077870366524 0.4226182617406946 0
outer loop
vertex 146.6206147584282 -34.31595971334863 1.6
vertex 146.7679491924312 -33.999999999999865 1.6
vertex 146.76794919243113 -33.99999999999996 0
endloop
endfacet
facet normal -0.9063077870366524 0.4226182617406946 0
outer loop
vertex 146.6206147584282 -34.31595971334863 1.6
vertex 146.76794919243113 -33.99999999999996 0
vertex 146.6206147584282 -34.31595971334859 0
endloop
endfacet
facet normal -0.965925826289063 0.25881904510254033 0
outer loop
vertex 146.53038449397556 -34.65270364466617 1.6
vertex 146.6206147584282 -34.31595971334863 1.6
vertex 146.6206147584282 -34.31595971334859 0
endloop
endfacet
facet normal -0.965925826289063 0.25881904510254033 0
outer loop
vertex 146.53038449397556 -34.65270364466617 1.6
vertex 146.6206147584282 -34.31595971334859 0
vertex 146.5303844939756 -34.65270364466608 0
endloop
endfacet
facet normal -0.9961946980917459 0.08715574274765463 0
outer loop
vertex 146.5 -34.9999999999997 1.6
vertex 146.53038449397556 -34.65270364466617 1.6
vertex 146.5303844939756 -34.65270364466608 0
endloop
endfacet
facet normal -0.9961946980917459 0.08715574274765463 0
outer loop
vertex 146.5 -34.9999999999997 1.6
vertex 146.5303844939756 -34.65270364466608 0
vertex 146.5 -34.99999999999995 0
endloop
endfacet
facet normal -1 0 0
outer loop
vertex 146.5 -34.9999999999997 1.6
vertex 146.5 -34.99999999999995 0
vertex 146.5 -35.74999999999977 0
endloop
endfacet
facet normal -1 0 0
outer loop
vertex 146.5 -34.9999999999997 1.6
vertex 146.5 -35.74999999999977 0
vertex 146.5 -35.74999999999987 1.6
endloop
endfacet
facet normal -0.9961946980917433 0.08715574274768298 0
outer loop
vertex 146.46961550602438 -36.09729635533358 1.6
vertex 146.5 -35.74999999999987 1.6
vertex 146.5 -35.74999999999977 0
endloop
endfacet
facet normal -0.9961946980917433 0.08715574274768298 0
outer loop
vertex 146.46961550602438 -36.09729635533358 1.6
vertex 146.5 -35.74999999999977 0
vertex 146.4696155060244 -36.09729635533366 0
endloop
endfacet
facet normal -0.9659258262890708 0.25881904510251214 0
outer loop
vertex 146.37938524157178 -36.43404028665139 1.6
vertex 146.46961550602438 -36.09729635533358 1.6
vertex 146.4696155060244 -36.09729635533366 0
endloop
endfacet
facet normal -0.9659258262890708 0.25881904510251214 0
outer loop
vertex 146.37938524157178 -36.43404028665139 1.6
vertex 146.4696155060244 -36.09729635533366 0
vertex 146.37938524157178 -36.43404028665138 0
endloop
endfacet
facet normal -0.9063077870366524 0.4226182617406946 0
outer loop
vertex 146.23205080756895 -36.750000000000156 1.6
vertex 146.37938524157178 -36.43404028665139 1.6
vertex 146.37938524157178 -36.43404028665138 0
endloop
endfacet
facet normal -0.9063077870366524 0.4226182617406946 0
outer loop
vertex 146.23205080756895 -36.750000000000156 1.6
vertex 146.37938524157178 -36.43404028665138 0
vertex 146.23205080756884 -36.7500000000001 0
endloop
endfacet
facet normal -0.8191520442889888 0.5735764363510504 0
outer loop
vertex 146.03208888623794 -37.03557521937296 1.6
vertex 146.23205080756895 -36.750000000000156 1.6
vertex 146.23205080756884 -36.7500000000001 0
endloop
endfacet
facet normal -0.8191520442889888 0.5735764363510504 0
outer loop
vertex 146.03208888623794 -37.03557521937296 1.6
vertex 146.23205080756884 -36.7500000000001 0
vertex 146.032088886238 -37.03557521937304 0
endloop
endfacet
facet normal -0.7071067811865547 0.7071067811865405 0
outer loop
vertex 145.78557521937307 -37.28208888623797 1.6
vertex 146.03208888623794 -37.03557521937296 1.6
vertex 146.032088886238 -37.03557521937304 0
endloop
endfacet
facet normal -0.7071067811865547 0.7071067811865405 0
outer loop
vertex 145.78557521937307 -37.28208888623797 1.6
vertex 146.032088886238 -37.03557521937304 0
vertex 145.78557521937307 -37.28208888623794 0
endloop
endfacet
facet normal -0.5735764363510504 0.8191520442889889 0
outer loop
vertex 145.49999999999994 -37.48205080756892 1.6
vertex 145.78557521937307 -37.28208888623797 1.6
vertex 145.78557521937307 -37.28208888623794 0
endloop
endfacet
facet normal -0.5735764363510504 0.8191520442889889 0
outer loop
vertex 145.49999999999994 -37.48205080756892 1.6
vertex 145.78557521937307 -37.28208888623794 0
vertex 145.5 -37.482050807568875 0
endloop
endfacet
facet normal -0.42261826174069467 0.9063077870366524 0
outer loop
vertex 145.18404028665134 -37.62938524157179 1.6
vertex 145.49999999999994 -37.48205080756892 1.6
vertex 145.5 -37.482050807568875 0
endloop
endfacet
facet normal -0.42261826174069467 0.9063077870366524 0
outer loop
vertex 145.18404028665134 -37.62938524157179 1.6
vertex 145.5 -37.482050807568875 0
vertex 145.1840402866513 -37.62938524157183 0
endloop
endfacet
facet normal -0.2588190451025271 0.9659258262890666 0
outer loop
vertex 144.84729635533387 -37.719615506024425 1.6
vertex 145.18404028665134 -37.62938524157179 1.6
vertex 145.1840402866513 -37.62938524157183 0
endloop
endfacet
facet normal -0.2588190451025271 0.9659258262890666 0
outer loop
vertex 144.84729635533387 -37.719615506024425 1.6
vertex 145.1840402866513 -37.62938524157183 0
vertex 144.84729635533387 -37.719615506024425 0
endloop
endfacet
facet normal -0.08715574274765456 0.996194698091746 0
outer loop
vertex 144.5 -37.75 1.6
vertex 144.84729635533387 -37.719615506024425 1.6
vertex 144.84729635533387 -37.719615506024425 0
endloop
endfacet
facet normal -0.08715574274765456 0.996194698091746 0
outer loop
vertex 144.5 -37.75 1.6
vertex 144.84729635533387 -37.719615506024425 0
vertex 144.49999999999994 -37.75 0
endloop
endfacet
facet normal -0.08715574274765456 0.996194698091746 0
outer loop
vertex 129.15270364466608 -37.78038449397558 1.6
vertex 129.5 -37.75 1.6
vertex 129.5 -37.75 0
endloop
endfacet
facet normal -0.08715574274765456 0.996194698091746 0
outer loop
vertex 129.15270364466608 -37.78038449397558 1.6
vertex 129.5 -37.75 0
vertex 129.1527036446662 -37.78038449397558 0
endloop
endfacet
facet normal -0.2588190451025271 0.9659258262890666 0
outer loop
vertex 128.8159597133487 -37.87061475842816 1.6
vertex 129.15270364466608 -37.78038449397558 1.6
vertex 129.1527036446662 -37.78038449397558 0
endloop
endfacet
facet normal -0.2588190451025271 0.9659258262890666 0
outer loop
vertex 128.8159597133487 -37.87061475842816 1.6
vertex 129.1527036446662 -37.78038449397558 0
vertex 128.81595971334875 -37.87061475842818 0
endloop
endfacet
facet normal -0.42261826174070904 0.9063077870366456 0
outer loop
vertex 128.50000000000003 -38.01794919243118 1.6
vertex 128.8159597133487 -37.87061475842816 1.6
vertex 128.81595971334875 -37.87061475842818 0
endloop
endfacet
facet normal -0.42261826174070904 0.9063077870366456 0
outer loop
vertex 128.50000000000003 -38.01794919243118 1.6
vertex 128.81595971334875 -37.87061475842818 0
vertex 128.49999999999994 -38.01794919243113 0
endloop
endfacet
facet normal -0.573576436351047 0.8191520442889912 0
outer loop
vertex 128.21442478062687 -38.217911113761986 1.6
vertex 128.50000000000003 -38.01794919243118 1.6
vertex 128.49999999999994 -38.01794919243113 0
endloop
endfacet
facet normal -0.573576436351047 0.8191520442889912 0
outer loop
vertex 128.21442478062687 -38.217911113761986 1.6
vertex 128.49999999999994 -38.01794919243113 0
vertex 128.21442478062693 -38.21791111376208 0
endloop
endfacet
facet normal -0.7071067811865404 0.7071067811865546 0
outer loop
vertex 127.96791111376209 -38.46442478062693 1.6
vertex 128.21442478062687 -38.217911113761986 1.6
vertex 128.21442478062693 -38.21791111376208 0
endloop
endfacet
facet normal -0.7071067811865404 0.7071067811865546 0
outer loop
vertex 127.96791111376209 -38.46442478062693 1.6
vertex 128.21442478062693 -38.21791111376208 0
vertex 127.96791111376196 -38.464424780626814 0
endloop
endfacet
facet normal -0.8191520442889936 0.5735764363510437 0
outer loop
vertex 127.76794919243116 -38.74999999999991 1.6
vertex 127.96791111376209 -38.46442478062693 1.6
vertex 127.96791111376196 -38.464424780626814 0
endloop
endfacet
facet normal -0.8191520442889936 0.5735764363510437 0
outer loop
vertex 127.76794919243116 -38.74999999999991 1.6
vertex 127.96791111376196 -38.464424780626814 0
vertex 127.76794919243117 -38.75000000000011 0
endloop
endfacet
facet normal -0.9063077870366657 0.42261826174066586 0
outer loop
vertex 127.62061475842813 -39.06595971334881 1.6
vertex 127.76794919243116 -38.74999999999991 1.6
vertex 127.76794919243117 -38.75000000000011 0
endloop
endfacet
facet normal -0.9063077870366657 0.42261826174066586 0
outer loop
vertex 127.62061475842813 -39.06595971334881 1.6
vertex 127.76794919243117 -38.75000000000011 0
vertex 127.62061475842816 -39.06595971334876 0
endloop
endfacet
facet normal -0.9659258262890708 0.25881904510251214 0
outer loop
vertex 127.5303844939756 -39.40270364466603 1.6
vertex 127.62061475842813 -39.06595971334881 1.6
vertex 127.62061475842816 -39.06595971334876 0
endloop
endfacet
facet normal -0.9659258262890708 0.25881904510251214 0
outer loop
vertex 127.5303844939756 -39.40270364466603 1.6
vertex 127.62061475842816 -39.06595971334876 0
vertex 127.5303844939756 -39.40270364466605 0
endloop
endfacet
facet normal -0.9961946980917433 0.08715574274768298 0
outer loop
vertex 127.5 -39.749999999999986 1.6
vertex 127.5303844939756 -39.40270364466603 1.6
vertex 127.5303844939756 -39.40270364466605 0
endloop
endfacet
facet normal -0.9961946980917433 0.08715574274768298 0
outer loop
vertex 127.5 -39.749999999999986 1.6
vertex 127.5303844939756 -39.40270364466605 0
vertex 127.5 -39.75000000000008 0
endloop
endfacet
facet normal -1 0 0
outer loop
vertex 127.5 -43.88846500000001 1.6
vertex 127.5 -40.125 1.6
vertex 127.5 -39.749999999999986 1.6
endloop
endfacet
facet normal -1 0 0
outer loop
vertex 127.5 -43.88846500000001 1.6
vertex 127.5 -39.749999999999986 1.6
vertex 127.5 -39.75000000000008 0
endloop
endfacet
facet normal -1 0 0
outer loop
vertex 127.5 -43.88846500000001 1.6
vertex 127.5 -39.75000000000008 0
vertex 127.5 -40.125 0
endloop
endfacet
facet normal -1 0 0
outer loop
vertex 127.5 -43.88846500000001 1.6
vertex 127.5 -40.125 0
vertex 127.5 -43.88846500000002 0
endloop
endfacet
facet normal -1 0 0
outer loop
vertex 127.5 -43.88846500000001 1.6
vertex 127.5 -43.88846500000002 0
vertex 127.5 -44.75000000000003 0
endloop
endfacet
facet normal -1 0 0
outer loop
vertex 127.5 -43.88846500000001 1.6
vertex 127.5 -44.75000000000003 0
vertex 127.5 -44.749999999999986 1.6
endloop
endfacet
facet normal -0.9961946980917433 0.08715574274768298 0
outer loop
vertex 127.46961550602441 -45.09729635533385 1.6
vertex 127.5 -44.749999999999986 1.6
vertex 127.5 -44.75000000000003 0
endloop
endfacet
facet normal -0.9961946980917433 0.08715574274768298 0
outer loop
vertex 127.46961550602441 -45.09729635533385 1.6
vertex 127.5 -44.75000000000003 0
vertex 127.46961550602441 -45.097296355333896 0
endloop
endfacet
facet normal -0.9659258262890708 0.25881904510251214 0
outer loop
vertex 127.37938524157184 -45.43404028665121 1.6
vertex 127.46961550602441 -45.09729635533385 1.6
vertex 127.46961550602441 -45.097296355333896 0
endloop
endfacet
facet normal -0.9659258262890708 0.25881904510251214 0
outer loop
vertex 127.37938524157184 -45.43404028665121 1.6
vertex 127.46961550602441 -45.097296355333896 0
vertex 127.37938524157185 -45.434040286651225 0
endloop
endfacet
facet normal -0.9063077870366524 0.42261826174069467 0
outer loop
vertex 127.23205080756874 -45.75000000000024 1.6
vertex 127.37938524157184 -45.43404028665121 1.6
vertex 127.37938524157185 -45.434040286651225 0
endloop
endfacet
facet normal -0.9063077870366524 0.42261826174069467 0
outer loop
vertex 127.23205080756874 -45.75000000000024 1.6
vertex 127.37938524157185 -45.434040286651225 0
vertex 127.23205080756881 -45.750000000000135 0
endloop
endfacet
facet normal -0.8191520442890001 0.5735764363510342 0
outer loop
vertex 127.03208888623799 -46.03557521937306 1.6
vertex 127.23205080756874 -45.75000000000024 1.6
vertex 127.23205080756881 -45.750000000000135 0
endloop
endfacet
facet normal -0.8191520442890001 0.5735764363510342 0
outer loop
vertex 127.03208888623799 -46.03557521937306 1.6
vertex 127.23205080756881 -45.750000000000135 0
vertex 127.03208888623803 -46.03557521937301 0
endloop
endfacet
facet normal -0.7071067811865404 0.7071067811865546 0
outer loop
vertex 126.78557521937317 -46.28208888623788 1.6
vertex 127.03208888623799 -46.03557521937306 1.6
vertex 127.03208888623803 -46.03557521937301 0
endloop
endfacet
facet normal -0.7071067811865404 0.7071067811865546 0
outer loop
vertex 126.78557521937317 -46.28208888623788 1.6
vertex 127.03208888623803 -46.03557521937301 0
vertex 126.7855752193731 -46.28208888623793 0
endloop
endfacet
facet normal -0.5735764363510308 0.8191520442890025 0
outer loop
vertex 126.49999999999996 -46.482050807568896 1.6
vertex 126.78557521937317 -46.28208888623788 1.6
vertex 126.7855752193731 -46.28208888623793 0
endloop
endfacet
facet normal -0.5735764363510308 0.8191520442890025 0
outer loop
vertex 126.49999999999996 -46.482050807568896 1.6
vertex 126.7855752193731 -46.28208888623793 0
vertex 126.50000000000001 -46.48205080756886 0
endloop
endfacet
facet normal -0.42261826174070904 0.9063077870366456 0
outer loop
vertex 126.18404028665132 -46.62938524157183 1.6
vertex 126.49999999999996 -46.482050807568896 1.6
vertex 126.50000000000001 -46.48205080756886 0
endloop
endfacet
facet normal -0.42261826174070904 0.9063077870366456 0
outer loop
vertex 126.18404028665132 -46.62938524157183 1.6
vertex 126.50000000000001 -46.48205080756886 0
vertex 126.1840402866513 -46.62938524157183 0
endloop
endfacet
facet normal -0.2588190451025271 0.9659258262890666 0
outer loop
vertex 125.8472963553339 -46.71961550602441 1.6
vertex 126.18404028665132 -46.62938524157183 1.6
vertex 126.1840402866513 -46.62938524157183 0
endloop
endfacet
facet normal -0.2588190451025271 0.9659258262890666 0
outer loop
vertex 125.8472963553339 -46.71961550602441 1.6
vertex 126.1840402866513 -46.62938524157183 0
vertex 125.84729635533385 -46.719615506024425 0
endloop
endfacet
facet normal -0.08715574274765463 0.9961946980917459 0
outer loop
vertex 125.50000000000006 -46.75 1.6
vertex 125.8472963553339 -46.71961550602441 1.6
vertex 125.84729635533385 -46.719615506024425 0
endloop
endfacet
facet normal -0.08715574274765463 0.9961946980917459 0
outer loop
vertex 125.50000000000006 -46.75 1.6
vertex 125.84729635533385 -46.719615506024425 0
vertex 125.49999999999999 -46.75 0
endloop
endfacet
facet normal 0 1 0
outer loop
vertex 125.50000000000006 -46.75 1.6
vertex 125.49999999999999 -46.75 0
vertex 119.50000000000001 -46.75 0
endloop
endfacet
facet normal 0 1 0
outer loop
vertex 125.50000000000006 -46.75 1.6
vertex 119.50000000000001 -46.75 0
vertex 119.50000000000001 -46.75 1.6
endloop
endfacet
facet normal -0.08715574274765456 0.996194698091746 0
outer loop
vertex 119.1527036446662 -46.780384493975575 1.6
vertex 119.50000000000001 -46.75 1.6
vertex 119.50000000000001 -46.75 0
endloop
endfacet
facet normal -0.08715574274765456 0.996194698091746 0
outer loop
vertex 119.1527036446662 -46.780384493975575 1.6
vertex 119.50000000000001 -46.75 0
vertex 119.1527036446662 -46.780384493975575 0
endloop
endfacet
facet normal -0.2588190451025271 0.9659258262890666 0
outer loop
vertex 118.81595971334863 -46.8706147584282 1.6
vertex 119.1527036446662 -46.780384493975575 1.6
vertex 119.1527036446662 -46.780384493975575 0
endloop
endfacet
facet normal -0.2588190451025271 0.9659258262890666 0
outer loop
vertex 118.81595971334863 -46.8706147584282 1.6
vertex 119.1527036446662 -46.780384493975575 0
vertex 118.81595971334859 -46.87061475842821 0
endloop
endfacet
facet normal -0.42261826174069467 0.9063077870366524 0
outer loop
vertex 118.49999999999999 -47.01794919243113 1.6
vertex 118.81595971334863 -46.8706147584282 1.6
vertex 118.81595971334859 -46.87061475842821 0
endloop
endfacet
facet normal -0.42261826174069467 0.9063077870366524 0
outer loop
vertex 118.49999999999999 -47.01794919243113 1.6
vertex 118.81595971334859 -46.87061475842821 0
vertex 118.5 -47.01794919243112 0
endloop
endfacet
facet normal -0.573576436351047 0.8191520442889912 0
outer loop
vertex 118.214424780627 -47.21791111376199 1.6
vertex 118.49999999999999 -47.01794919243113 1.6
vertex 118.5 -47.01794919243112 0
endloop
endfacet
facet normal -0.573576436351047 0.8191520442889912 0
outer loop
vertex 118.214424780627 -47.21791111376199 1.6
vertex 118.5 -47.01794919243112 0
vertex 118.21442478062697 -47.217911113762 0
endloop
endfacet
facet normal -0.7071067811865404 0.7071067811865546 0
outer loop
vertex 117.96791111376194 -47.46442478062703 1.6
vertex 118.214424780627 -47.21791111376199 1.6
vertex 118.21442478062697 -47.217911113762 0
endloop
endfacet
facet normal -0.7071067811865404 0.7071067811865546 0
outer loop
vertex 117.96791111376194 -47.46442478062703 1.6
vertex 118.21442478062697 -47.217911113762 0
vertex 117.96791111376206 -47.464424780626906 0
endloop
endfacet
facet normal -0.8191520442889936 0.5735764363510437 0
outer loop
vertex 117.7679491924311 -47.749999999999986 1.6
vertex 117.96791111376194 -47.46442478062703 1.6
vertex 117.96791111376206 -47.464424780626906 0
endloop
endfacet
facet normal -0.8191520442889936 0.5735764363510437 0
outer loop
vertex 117.7679491924311 -47.749999999999986 1.6
vertex 117.96791111376206 -47.464424780626906 0
vertex 117.76794919243109 -47.75000000000005 0
endloop
endfacet
facet normal -0.906307787036659 0.4226182617406803 0
outer loop
vertex 117.62061475842822 -48.065959713348555 1.6
vertex 117.7679491924311 -47.749999999999986 1.6
vertex 117.76794919243109 -47.75000000000005 0
endloop
endfacet
facet normal -0.906307787036659 0.4226182617406803 0
outer loop
vertex 117.62061475842822 -48.065959713348555 1.6
vertex 117.76794919243109 -47.75000000000005 0
vertex 117.62061475842822 -48.0659597133486 0
endloop
endfacet
facet normal -0.9659258262890666 0.2588190451025271 0
outer loop
vertex 117.53038449397559 -48.40270364466613 1.6
vertex 117.62061475842822 -48.065959713348555 1.6
vertex 117.62061475842822 -48.0659597133486 0
endloop
endfacet
facet normal -0.9659258262890666 0.2588190451025271 0
outer loop
vertex 117.53038449397559 -48.40270364466613 1.6
vertex 117.62061475842822 -48.0659597133486 0
vertex 117.53038449397557 -48.40270364466626 0
endloop
endfacet
facet normal -0.9961946980917459 0.08715574274765463 0
outer loop
vertex 117.5 -48.74999999999987 1.6
vertex 117.53038449397559 -48.40270364466613 1.6
vertex 117.53038449397557 -48.40270364466626 0
endloop
endfacet
facet normal -0.9961946980917459 0.08715574274765463 0
outer loop
vertex 117.5 -48.74999999999987 1.6
vertex 117.53038449397557 -48.40270364466626 0
vertex 117.5 -48.749999999999964 0
endloop
endfacet
facet normal -1 0 0
outer loop
vertex 117.5 -48.74999999999987 1.6
vertex 117.5 -48.749999999999964 0
vertex 117.5 -50.000000000000014 0
endloop
endfacet
facet normal -1 0 0
outer loop
vertex 117.5 -48.74999999999987 1.6
vertex 117.5 -50.000000000000014 0
vertex 117.5 -49.99999999999997 1.6
endloop
endfacet
facet normal -0.9961946980917447 0.08715574274766873 0
outer loop
vertex 117.46961550602441 -50.34729635533384 1.6
vertex 117.5 -49.99999999999997 1.6
vertex 117.5 -50.000000000000014 0
endloop
endfacet
facet normal -0.9961946980917447 0.08715574274766873 0
outer loop
vertex 117.46961550602441 -50.34729635533384 1.6
vertex 117.5 -50.000000000000014 0
vertex 117.46961550602441 -50.34729635533387 0
endloop
endfacet
facet normal -0.9659258262890666 0.2588190451025271 0
outer loop
vertex 117.3793852415718 -50.68404028665135 1.6
vertex 117.46961550602441 -50.34729635533384 1.6
vertex 117.46961550602441 -50.34729635533387 0
endloop
endfacet
facet normal -0.9659258262890666 0.2588190451025271 0
outer loop
vertex 117.3793852415718 -50.68404028665135 1.6
vertex 117.46961550602441 -50.34729635533387 0
vertex 117.3793852415718 -50.68404028665138 0
endloop
endfacet
facet normal -0.906307787036659 0.4226182617406803 0
outer loop
vertex 117.23205080756887 -51.000000000000014 1.6
vertex 117.3793852415718 -50.68404028665135 1.6
vertex 117.3793852415718 -50.68404028665138 0
endloop
endfacet
facet normal -0.906307787036659 0.4226182617406803 0
outer loop
vertex 117.23205080756887 -51.000000000000014 1.6
vertex 117.3793852415718 -50.68404028665138 0
vertex 117.23205080756885 -51.00000000000007 0
endloop
endfacet
facet normal -0.8191520442889821 0.5735764363510599 0
outer loop
vertex 117.03208888623796 -51.285575219373065 1.6
vertex 117.23205080756887 -51.000000000000014 1.6
vertex 117.23205080756885 -51.00000000000007 0
endloop
endfacet
facet normal -0.8191520442889821 0.5735764363510599 0
outer loop
vertex 117.03208888623796 -51.285575219373065 1.6
vertex 117.23205080756885 -51.00000000000007 0
vertex 117.03208888623803 -51.28557521937301 0
endloop
endfacet
facet normal -0.7071067811865404 0.7071067811865546 0
outer loop
vertex 116.785575219373 -51.53208888623801 1.6
vertex 117.03208888623796 -51.285575219373065 1.6
vertex 117.03208888623803 -51.28557521937301 0
endloop
endfacet
facet normal -0.7071067811865404 0.7071067811865546 0
outer loop
vertex 116.785575219373 -51.53208888623801 1.6
vertex 117.03208888623803 -51.28557521937301 0
vertex 116.78557521937309 -51.532088886237936 0
endloop
endfacet
facet normal -0.573576436351047 0.8191520442889912 0
outer loop
vertex 116.49999999999999 -51.73205080756888 1.6
vertex 116.785575219373 -51.53208888623801 1.6
vertex 116.78557521937309 -51.532088886237936 0
endloop
endfacet
facet normal -0.573576436351047 0.8191520442889912 0
outer loop
vertex 116.49999999999999 -51.73205080756888 1.6
vertex 116.78557521937309 -51.532088886237936 0
vertex 116.49999999999994 -51.73205080756892 0
endloop
endfacet
facet normal -0.42261826174070904 0.9063077870366456 0
outer loop
vertex 116.18404028665135 -51.87938524157182 1.6
vertex 116.49999999999999 -51.73205080756888 1.6
vertex 116.49999999999994 -51.73205080756892 0
endloop
endfacet
facet normal -0.42261826174070904 0.9063077870366456 0
outer loop
vertex 116.18404028665135 -51.87938524157182 1.6
vertex 116.49999999999994 -51.73205080756892 0
vertex 116.18404028665147 -51.879385241571775 0
endloop
endfacet
facet normal -0.25881904510252624 0.9659258262890669 0
outer loop
vertex 115.84729635533388 -51.96961550602442 1.6
vertex 116.18404028665135 -51.87938524157182 1.6
vertex 116.18404028665147 -51.879385241571775 0
endloop
endfacet
facet normal -0.25881904510252624 0.9659258262890669 0
outer loop
vertex 115.84729635533388 -51.96961550602442 1.6
vertex 116.18404028665147 -51.879385241571775 0
vertex 115.84729635533381 -51.969615506024425 0
endloop
endfacet
facet normal -0.08715574274765456 0.996194698091746 0
outer loop
vertex 115.5 -52 1.6
vertex 115.84729635533388 -51.96961550602442 1.6
vertex 115.84729635533381 -51.969615506024425 0
endloop
endfacet
facet normal -0.08715574274765456 0.996194698091746 0
outer loop
vertex 115.5 -52 1.6
vertex 115.84729635533381 -51.969615506024425 0
vertex 115.50000000000004 -52 0
endloop
endfacet
facet normal 0 1 0
outer loop
vertex 115.5 -52 1.6
vertex 115.50000000000004 -52 0
vertex 91.49999999999997 -52 0
endloop
endfacet
facet normal 0 1 0
outer loop
vertex 115.5 -52 1.6
vertex 91.49999999999997 -52 0
vertex 91.50000000000004 -52 1.6
endloop
endfacet
facet normal -0.08715574274765456 0.996194698091746 0
outer loop
vertex 91.15270364466615 -52.03038449397558 1.6
vertex 91.50000000000004 -52 1.6
vertex 91.49999999999997 -52 0
endloop
endfacet
facet normal -0.08715574274765456 0.996194698091746 0
outer loop
vertex 91.15270364466615 -52.03038449397558 1.6
vertex 91.49999999999997 -52 0
vertex 91.15270364466615 -52.030384493975575 0
endloop
endfacet
facet normal -0.2588190451025271 0.9659258262890666 0
outer loop
vertex 90.81595971334862 -52.1206147584282 1.6
vertex 91.15270364466615 -52.03038449397558 1.6
vertex 91.15270364466615 -52.030384493975575 0
endloop
endfacet
facet normal -0.2588190451025271 0.9659258262890666 0
outer loop
vertex 90.81595971334862 -52.1206147584282 1.6
vertex 91.15270364466615 -52.030384493975575 0
vertex 90.81595971334869 -52.120614758428175 0
endloop
endfacet
facet normal -0.42261826174069467 0.9063077870366524 0
outer loop
vertex 90.49999999999996 -52.26794919243114 1.6
vertex 90.81595971334862 -52.1206147584282 1.6
vertex 90.81595971334869 -52.120614758428175 0
endloop
endfacet
facet normal -0.42261826174069467 0.9063077870366524 0
outer loop
vertex 90.49999999999996 -52.26794919243114 1.6
vertex 90.81595971334869 -52.120614758428175 0
vertex 90.49999999999989 -52.26794919243118 0
endloop
endfacet
facet normal -0.573576436351047 0.8191520442889912 0
outer loop
vertex 90.21442478062693 -52.46791111376203 1.6
vertex 90.49999999999996 -52.26794919243114 1.6
vertex 90.49999999999989 -52.26794919243118 0
endloop
endfacet
facet normal -0.573576436351047 0.8191520442889912 0
outer loop
vertex 90.21442478062693 -52.46791111376203 1.6
vertex 90.49999999999989 -52.26794919243118 0
vertex 90.21442478062698 -52.46791111376198 0
endloop
endfacet
facet normal -0.7071067811865404 0.7071067811865546 0
outer loop
vertex 89.96791111376213 -52.714424780626814 1.6
vertex 90.21442478062693 -52.46791111376203 1.6
vertex 90.21442478062698 -52.46791111376198 0
endloop
endfacet
facet normal -0.7071067811865404 0.7071067811865546 0
outer loop
vertex 89.96791111376213 -52.714424780626814 1.6
vertex 90.21442478062698 -52.46791111376198 0
vertex 89.96791111376207 -52.71442478062689 0
endloop
endfacet
facet normal -0.8191520442889911 0.573576436351047 0
outer loop
vertex 89.76794919243109 -53.00000000000005 1.6
vertex 89.96791111376213 -52.714424780626814 1.6
vertex 89.96791111376207 -52.71442478062689 0
endloop
endfacet
facet normal -0.8191520442889911 0.573576436351047 0
outer loop
vertex 89.76794919243109 -53.00000000000005 1.6
vertex 89.96791111376207 -52.71442478062689 0
vertex 89.7679491924311 -53.000000000000036 0
endloop
endfacet
facet normal -0.906307787036659 0.42261826174068023 0
outer loop
vertex 89.62061475842819 -53.31595971334865 1.6
vertex 89.76794919243109 -53.00000000000005 1.6
vertex 89.7679491924311 -53.000000000000036 0
endloop
endfacet
facet normal -0.906307787036659 0.42261826174068023 0
outer loop
vertex 89.62061475842819 -53.31595971334865 1.6
vertex 89.7679491924311 -53.000000000000036 0
vertex 89.62061475842822 -53.31595971334859 0
endloop
endfacet
facet normal -0.9659258262890666 0.2588190451025271 0
outer loop
vertex 89.5303844939756 -53.65270364466606 1.6
vertex 89.62061475842819 -53.31595971334865 1.6
vertex 89.62061475842822 -53.31595971334859 0
endloop
endfacet
facet normal -0.9659258262890666 0.2588190451025271 0
outer loop
vertex 89.5303844939756 -53.65270364466606 1.6
vertex 89.62061475842822 -53.31595971334859 0
vertex 89.53038449397557 -53.65270364466623 0
endloop
endfacet
facet normal -0.9961946980917447 0.08715574274766881 0
outer loop
vertex 89.5 -54.00000000000008 1.6
vertex 89.5303844939756 -53.65270364466606 1.6
vertex 89.53038449397557 -53.65270364466623 0
endloop
endfacet
facet normal -0.9961946980917447 0.08715574274766881 0
outer loop
vertex 89.5 -54.00000000000008 1.6
vertex 89.53038449397557 -53.65270364466623 0
vertex 89.5 -53.99999999999994 0
endloop
endfacet
facet normal -1 0 0
outer loop
vertex 89.5 -124.00000000000003 1.6
vertex 89.5 -123.65270364466618 1.6
vertex 89.5 -123.31595971334855 1.6
endloop
endfacet
facet normal -1 0 0
outer loop
vertex 89.5 -124.00000000000003 1.6
vertex 89.5 -123.31595971334855 1.6
vertex 89.5 -123.00000000000011 1.6
endloop
endfacet
facet normal -1 0 0
outer loop
vertex 89.5 -124.00000000000003 1.6
vertex 89.5 -123.00000000000011 1.6
vertex 89.5 -122.71442478062698 1.6
endloop
endfacet
facet normal -1 0 0
outer loop
vertex 89.5 -124.00000000000003 1.6
vertex 89.5 -122.71442478062698 1.6
vertex 89.5 -122.46791111376203 1.6
endloop
endfacet
facet normal -1 0 0
outer loop
vertex 89.5 -124.00000000000003 1.6
vertex 89.5 -122.46791111376203 1.6
vertex 89.5 -122.26794919243116 1.6
endloop
endfacet
facet normal -1 0 0
outer loop
vertex 89.5 -124.00000000000003 1.6
vertex 89.5 -122.26794919243116 1.6
vertex 89.5 -122.12061475842816 1.6
endloop
endfacet
facet normal -1 0 0
outer loop
vertex 89.5 -124.00000000000003 1.6
vertex 89.5 -122.12061475842816 1.6
vertex 89.5 -122.03038449397556 1.6
endloop
endfacet
facet normal -1 0 0
outer loop
vertex 89.5 -124.00000000000003 1.6
vertex 89.5 -122.03038449397556 1.6
vertex 89.5 -122 1.6
endloop
endfacet
facet normal -1 0 0
outer loop
vertex 89.5 -124.00000000000003 1.6
vertex 89.5 -122 1.6
vertex 89.5 -118.75000000000006 1.6
endloop
endfacet
facet normal -1 0 0
outer loop
vertex 89.5 -124.00000000000003 1.6
vertex 89.5 -118.75000000000006 1.6
vertex 89.5 -118.40270364466605 1.6
endloop
endfacet
facet normal -1 0 0
outer loop
vertex 89.5 -124.00000000000003 1.6
vertex 89.5 -118.40270364466605 1.6
vertex 89.5 -118.06595971334875 1.6
endloop
endfacet
facet normal -1 0 0
outer loop
vertex 89.5 -124.00000000000003 1.6
vertex 89.5 -118.06595971334875 1.6
vertex 89.5 -117.75000000000011 1.6
endloop
endfacet
facet normal -1 0 0
outer loop
vertex 89.5 -124.00000000000003 1.6
vertex 89.5 -117.75000000000011 1.6
vertex 89.5 -117.46442478062684 1.6
endloop
endfacet
facet normal -1 0 0
outer loop
vertex 89.5 -124.00000000000003 1.6
vertex 89.5 -117.46442478062684 1.6
vertex 89.5 -117.21791111376199 1.6
endloop
endfacet
facet normal -1 0 0
outer loop
vertex 89.5 -124.00000000000003 1.6
vertex 89.5 -117.21791111376199 1.6
vertex 89.5 -117.01794919243112 1.6
endloop
endfacet
facet normal -1 0 0
outer loop
vertex 89.5 -124.00000000000003 1.6
vertex 89.5 -117.01794919243112 1.6
vertex 89.5 -116.87061475842816 1.6
endloop
endfacet
facet normal -1 0 0
outer loop
vertex 89.5 -124.00000000000003 1.6
vertex 89.5 -116.87061475842816 1.6
vertex 89.5 -116.7803844939756 1.6
endloop
endfacet
facet normal -1 0 0
outer loop
vertex 89.5 -124.00000000000003 1.6
vertex 89.5 -116.7803844939756 1.6
vertex 89.5 -116.75 1.6
endloop
endfacet
facet normal -1 0 0
outer loop
vertex 89.5 -124.00000000000003 1.6
vertex 89.5 -116.75 1.6
vertex 89.5 -113.9999999999999 1.6
endloop
endfacet
facet normal -1 0 0
outer loop
vertex 89.5 -124.00000000000003 1.6
vertex 89.5 -113.9999999999999 1.6
vertex 89.5 -113.65270364466603 1.6
endloop
endfacet
facet normal -1 0 0
outer loop
vertex 89.5 -124.00000000000003 1.6
vertex 89.5 -113.65270364466603 1.6
vertex 89.5 -113.31595971334872 1.6
endloop
endfacet
facet normal -1 0 0
outer loop
vertex 89.5 -124.00000000000003 1.6
vertex 89.5 -113.31595971334872 1.6
vertex 89.5 -113.00000000000009 1.6
endloop
endfacet
facet normal -1 0 0
outer loop
vertex 89.5 -124.00000000000003 1.6
vertex 89.5 -113.00000000000009 1.6
vertex 89.5 -112.95196320100898 1.6
endloop
endfacet
facet normal -1 0 0
outer loop
vertex 89.5 -124.00000000000003 1.6
vertex 89.5 -112.95196320100898 1.6
vertex 89.5 -112.80969883127362 1.6
endloop
endfacet
facet normal -1 0 0
outer loop
vertex 89.5 -124.00000000000003 1.6
vertex 89.5 -112.80969883127362 1.6
vertex 89.5 -112.5786740307665 1.6
endloop
endfacet
facet normal -1 0 0
outer loop
vertex 89.5 -124.00000000000003 1.6
vertex 89.5 -112.5786740307665 1.6
vertex 89.5 -112.26776695297839 1.6
endloop
endfacet
facet normal -1 0 0
outer loop
vertex 89.5 -124.00000000000003 1.6
vertex 89.5 -112.26776695297839 1.6
vertex 89.5 -111.88892558255273 1.6
endloop
endfacet
facet normal -1 0 0
outer loop
vertex 89.5 -124.00000000000003 1.6
vertex 89.5 -111.88892558255273 1.6
vertex 89.5 -111.45670858090608 1.6
endloop
endfacet
facet normal -1 0 0
outer loop
vertex 89.5 -124.00000000000003 1.6
vertex 89.5 -111.45670858090608 1.6
vertex 89.5 -110.98772580504635 1.6
endloop
endfacet
facet normal -1 0 0
outer loop
vertex 89.5 -124.00000000000003 1.6
vertex 89.5 -110.98772580504635 1.6
vertex 89.5 -110.5 1.6
endloop
endfacet
facet normal -1 0 0
outer loop
vertex 89.5 -124.00000000000003 1.6
vertex 89.5 -110.5 1.6
vertex 89.5 -110.01227419495943 1.6
endloop
endfacet
facet normal -1 0 0
outer loop
vertex 89.5 -124.00000000000003 1.6
vertex 89.5 -110.01227419495943 1.6
vertex 89.5 -109.54329141908624 1.6
endloop
endfacet
facet normal -1 0 0
outer loop
vertex 89.5 -124.00000000000003 1.6
vertex 89.5 -109.54329141908624 1.6
vertex 89.5 -109.11107441745389 1.6
endloop
endfacet
facet normal -1 0 0
outer loop
vertex 89.5 -124.00000000000003 1.6
vertex 89.5 -109.11107441745389 1.6
vertex 89.5 -108.73223304703438 1.6
endloop
endfacet
facet normal -1 0 0
outer loop
vertex 89.5 -124.00000000000003 1.6
vertex 89.5 -108.73223304703438 1.6
vertex 89.5 -108.4213259692443 1.6
endloop
endfacet
facet normal -1 0 0
outer loop
vertex 89.5 -124.00000000000003 1.6
vertex 89.5 -108.4213259692443 1.6
vertex 89.5 -108.19030116872074 1.6
endloop
endfacet
facet normal -1 0 0
outer loop
vertex 89.5 -124.00000000000003 1.6
vertex 89.5 -108.19030116872074 1.6
vertex 89.5 -108.04803679899251 1.6
endloop
endfacet
facet normal -1 0 0
outer loop
vertex 89.5 -124.00000000000003 1.6
vertex 89.5 -108.04803679899251 1.6
vertex 89.5 -107.99999999999984 1.6
endloop
endfacet
facet normal -1 0 0
outer loop
vertex 89.5 -124.00000000000003 1.6
vertex 89.5 -107.99999999999984 1.6
vertex 89.5 -95.69999999999919 1.6
endloop
endfacet
facet normal -1 0 0
outer loop
vertex 89.5 -124.00000000000003 1.6
vertex 89.5 -95.69999999999919 1.6
vertex 89.5 -95.65196320100668 1.6
endloop
endfacet
facet normal -1 0 0
outer loop
vertex 89.5 -124.00000000000003 1.6
vertex 89.5 -95.65196320100668 1.6
vertex 89.5 -95.50969883127888 1.6
endloop
endfacet
facet normal -1 0 0
outer loop
vertex 89.5 -124.00000000000003 1.6
vertex 89.5 -95.50969883127888 1.6
vertex 89.5 -95.2786740307589 1.6
endloop
endfacet
facet normal -1 0 0
outer loop
vertex 89.5 -124.00000000000003 1.6
vertex 89.5 -95.2786740307589 1.6
vertex 89.5 -94.96776695296104 1.6
endloop
endfacet
facet normal -1 0 0
outer loop
vertex 89.5 -124.00000000000003 1.6
vertex 89.5 -94.96776695296104 1.6
vertex 89.5 -94.58892558256332 1.6
endloop
endfacet
facet normal -1 0 0
outer loop
vertex 89.5 -124.00000000000003 1.6
vertex 89.5 -94.58892558256332 1.6
vertex 89.5 -94.15670858090907 1.6
endloop
endfacet
facet normal -1 0 0
outer loop
vertex 89.5 -124.00000000000003 1.6
vertex 89.5 -94.15670858090907 1.6
vertex 89.5 -93.68772580503365 1.6
endloop
endfacet
facet normal -1 0 0
outer loop
vertex 89.5 -124.00000000000003 1.6
vertex 89.5 -93.68772580503365 1.6
vertex 89.5 -93.19999999999652 1.6
endloop
endfacet
facet normal -1 0 0
outer loop
vertex 89.5 -124.00000000000003 1.6
vertex 89.5 -93.19999999999652 1.6
vertex 89.5 -92.71227419495631 1.6
endloop
endfacet
facet normal -1 0 0
outer loop
vertex 89.5 -124.00000000000003 1.6
vertex 89.5 -92.71227419495631 1.6
vertex 89.5 -92.24329141909158 1.6
endloop
endfacet
facet normal -1 0 0
outer loop
vertex 89.5 -124.00000000000003 1.6
vertex 89.5 -92.24329141909158 1.6
vertex 89.5 -91.81107441745783 1.6
endloop
endfacet
facet normal -1 0 0
outer loop
vertex 89.5 -124.00000000000003 1.6
vertex 89.5 -91.81107441745783 1.6
vertex 89.5 -91.43223304702434 1.6
endloop
endfacet
facet normal -1 0 0
outer loop
vertex 89.5 -124.00000000000003 1.6
vertex 89.5 -91.43223304702434 1.6
vertex 89.5 -91.12132596926152 1.6
endloop
endfacet
facet normal -1 0 0
outer loop
vertex 89.5 -124.00000000000003 1.6
vertex 89.5 -91.12132596926152 1.6
vertex 89.5 -90.8903011687167 1.6
endloop
endfacet
facet normal -1 0 0
outer loop
vertex 89.5 -124.00000000000003 1.6
vertex 89.5 -90.8903011687167 1.6
vertex 89.5 -90.74803679899244 1.6
endloop
endfacet
facet normal -1 0 0
outer loop
vertex 89.5 -124.00000000000003 1.6
vertex 89.5 -90.74803679899244 1.6
vertex 89.5 -90.7000000000001 1.6
endloop
endfacet
facet normal -1 0 0
outer loop
vertex 89.5 -124.00000000000003 1.6
vertex 89.5 -90.7000000000001 1.6
vertex 89.5 -62.12500000000003 1.6
endloop
endfacet
facet normal -1 0 0
outer loop
vertex 89.5 -124.00000000000003 1.6
vertex 89.5 -62.12500000000003 1.6
vertex 89.5 -62.07696320100723 1.6
endloop
endfacet
facet normal -1 0 0
outer loop
vertex 89.5 -124.00000000000003 1.6
vertex 89.5 -62.07696320100723 1.6
vertex 89.5 -61.934698831287726 1.6
endloop
endfacet
facet normal -1 0 0
outer loop
vertex 89.5 -124.00000000000003 1.6
vertex 89.5 -61.934698831287726 1.6
vertex 89.5 -61.703674030743365 1.6
endloop
endfacet
facet normal -1 0 0
outer loop
vertex 89.5 -124.00000000000003 1.6
vertex 89.5 -61.703674030743365 1.6
vertex 89.5 -61.39276695297657 1.6
endloop
endfacet
facet normal -1 0 0
outer loop
vertex 89.5 -124.00000000000003 1.6
vertex 89.5 -61.39276695297657 1.6
vertex 89.5 -61.01392558254461 1.6
endloop
endfacet
facet normal -1 0 0
outer loop
vertex 89.5 -124.00000000000003 1.6
vertex 89.5 -61.01392558254461 1.6
vertex 89.5 -60.74999999999969 1.6
endloop
endfacet
facet normal -1 0 0
outer loop
vertex 89.5 -124.00000000000003 1.6
vertex 89.5 -60.74999999999969 1.6
vertex 89.5 -60.70196320100834 1.6
endloop
endfacet
facet normal -1 0 0
outer loop
vertex 89.5 -124.00000000000003 1.6
vertex 89.5 -60.70196320100834 1.6
vertex 89.5 -60.55969883127559 1.6
endloop
endfacet
facet normal -1 0 0
outer loop
vertex 89.5 -124.00000000000003 1.6
vertex 89.5 -60.55969883127559 1.6
vertex 89.5 -60.32867403075979 1.6
endloop
endfacet
facet normal -1 0 0
outer loop
vertex 89.5 -124.00000000000003 1.6
vertex 89.5 -60.32867403075979 1.6
vertex 89.5 -60.0177669529738 1.6
endloop
endfacet
facet normal -1 0 0
outer loop
vertex 89.5 -124.00000000000003 1.6
vertex 89.5 -60.0177669529738 1.6
vertex 89.5 -59.6389255825483 1.6
endloop
endfacet
facet normal -1 0 0
outer loop
vertex 89.5 -124.00000000000003 1.6
vertex 89.5 -59.6389255825483 1.6
vertex 89.5 -59.20670858091152 1.6
endloop
endfacet
facet normal -1 0 0
outer loop
vertex 89.5 -124.00000000000003 1.6
vertex 89.5 -59.20670858091152 1.6
vertex 89.5 -58.737725805042075 1.6
endloop
endfacet
facet normal -1 0 0
outer loop
vertex 89.5 -124.00000000000003 1.6
vertex 89.5 -58.737725805042075 1.6
vertex 89.5 -58.24999999999991 1.6
endloop
endfacet
facet normal -1 0 0
outer loop
vertex 89.5 -124.00000000000003 1.6
vertex 89.5 -58.24999999999991 1.6
vertex 89.5 -57.76227419495538 1.6
endloop
endfacet
facet normal -1 0 0
outer loop
vertex 89.5 -124.00000000000003 1.6
vertex 89.5 -57.76227419495538 1.6
vertex 89.5 -57.293291419096384 1.6
endloop
endfacet
facet normal -1 0 0
outer loop
vertex 89.5 -124.00000000000003 1.6
vertex 89.5 -57.293291419096384 1.6
vertex 89.5 -56.86107441744155 1.6
endloop
endfacet
facet normal -1 0 0
outer loop
vertex 89.5 -124.00000000000003 1.6
vertex 89.5 -56.86107441744155 1.6
vertex 89.5 -56.48223304704049 1.6
endloop
endfacet
facet normal -1 0 0
outer loop
vertex 89.5 -124.00000000000003 1.6
vertex 89.5 -56.48223304704049 1.6
vertex 89.5 -56.171325969247405 1.6
endloop
endfacet
facet normal -1 0 0
outer loop
vertex 89.5 -124.00000000000003 1.6
vertex 89.5 -56.171325969247405 1.6
vertex 89.5 -55.940301168722975 1.6
endloop
endfacet
facet normal -1 0 0
outer loop
vertex 89.5 -124.00000000000003 1.6
vertex 89.5 -55.940301168722975 1.6
vertex 89.5 -55.798036798990815 1.6
endloop
endfacet
facet normal -1 0 0
outer loop
vertex 89.5 -124.00000000000003 1.6
vertex 89.5 -55.798036798990815 1.6
vertex 89.5 -55.74999999999976 1.6
endloop
endfacet
facet normal -1 0 0
outer loop
vertex 89.5 -124.00000000000003 1.6
vertex 89.5 -55.74999999999976 1.6
vertex 89.5 -54.00000000000008 1.6
endloop
endfacet
facet normal -1 0 0
outer loop
vertex 89.5 -124.00000000000003 1.6
vertex 89.5 -54.00000000000008 1.6
vertex 89.5 -53.99999999999994 0
endloop
endfacet
facet normal -1 0 0
outer loop
vertex 89.5 -124.00000000000003 1.6
vertex 89.5 -53.99999999999994 0
vertex 89.5 -56.750000000000455 0
endloop
endfacet
facet normal -1 0 0
outer loop
vertex 89.5 -124.00000000000003 1.6
vertex 89.5 -56.750000000000455 0
vertex 89.5 -56.77882207939515 0
endloop
endfacet
facet normal -1 0 0
outer loop
vertex 89.5 -124.00000000000003 1.6
vertex 89.5 -56.77882207939515 0
vertex 89.5 -56.86418070123493 0
endloop
endfacet
facet normal -1 0 0
outer loop
vertex 89.5 -124.00000000000003 1.6
vertex 89.5 -56.86418070123493 0
vertex 89.5 -57.00279558154597 0
endloop
endfacet
facet normal -1 0 0
outer loop
vertex 89.5 -124.00000000000003 1.6
vertex 89.5 -57.00279558154597 0
vertex 89.5 -57.18933982821095 0
endloop
endfacet
facet normal -1 0 0
outer loop
vertex 89.5 -124.00000000000003 1.6
vertex 89.5 -57.18933982821095 0
vertex 89.5 -57.41664465049514 0
endloop
endfacet
facet normal -1 0 0
outer loop
vertex 89.5 -124.00000000000003 1.6
vertex 89.5 -57.41664465049514 0
vertex 89.5 -57.675974851439584 0
endloop
endfacet
facet normal -1 0 0
outer loop
vertex 89.5 -124.00000000000003 1.6
vertex 89.5 -57.675974851439584 0
vertex 89.5 -57.95736451697312 0
endloop
endfacet
facet normal -1 0 0
outer loop
vertex 89.5 -124.00000000000003 1.6
vertex 89.5 -57.95736451697312 0
vertex 89.5 -58.24999999999147 0
endloop
endfacet
facet normal -1 0 0
outer loop
vertex 89.5 -124.00000000000003 1.6
vertex 89.5 -58.24999999999147 0
vertex 89.5 -58.54263548301434 0
endloop
endfacet
facet normal -1 0 0
outer loop
vertex 89.5 -124.00000000000003 1.6
vertex 89.5 -58.54263548301434 0
vertex 89.5 -58.8240251485739 0
endloop
endfacet
facet normal -1 0 0
outer loop
vertex 89.5 -124.00000000000003 1.6
vertex 89.5 -58.8240251485739 0
vertex 89.5 -59.08335534952191 0
endloop
endfacet
facet normal -1 0 0
outer loop
vertex 89.5 -124.00000000000003 1.6
vertex 89.5 -59.08335534952191 0
vertex 89.5 -59.31066017177483 0
endloop
endfacet
facet normal -1 0 0
outer loop
vertex 89.5 -124.00000000000003 1.6
vertex 89.5 -59.31066017177483 0
vertex 89.5 -59.49720441845458 0
endloop
endfacet
facet normal -1 0 0
outer loop
vertex 89.5 -124.00000000000003 1.6
vertex 89.5 -59.49720441845458 0
vertex 89.5 -59.63581929876772 0
endloop
endfacet
facet normal -1 0 0
outer loop
vertex 89.5 -124.00000000000003 1.6
vertex 89.5 -59.63581929876772 0
vertex 89.5 -59.721177920603616 0
endloop
endfacet
facet normal -1 0 0
outer loop
vertex 89.5 -124.00000000000003 1.6
vertex 89.5 -59.721177920603616 0
vertex 89.5 -59.75000000000003 0
endloop
endfacet
facet normal -1 0 0
outer loop
vertex 89.5 -124.00000000000003 1.6
vertex 89.5 -59.75000000000003 0
vertex 89.5 -59.917635483025315 0
endloop
endfacet
facet normal -1 0 0
outer loop
vertex 89.5 -124.00000000000003 1.6
vertex 89.5 -59.917635483025315 0
vertex 89.5 -60.19902514855076 0
endloop
endfacet
facet normal -1 0 0
outer loop
vertex 89.5 -124.00000000000003 1.6
vertex 89.5 -60.19902514855076 0
vertex 89.5 -60.45835534950772 0
endloop
endfacet
facet normal -1 0 0
outer loop
vertex 89.5 -124.00000000000003 1.6
vertex 89.5 -60.45835534950772 0
vertex 89.5 -60.685660171815584 0
endloop
endfacet
facet normal -1 0 0
outer loop
vertex 89.5 -124.00000000000003 1.6
vertex 89.5 -60.685660171815584 0
vertex 89.5 -60.87220441843605 0
endloop
endfacet
facet normal -1 0 0
outer loop
vertex 89.5 -124.00000000000003 1.6
vertex 89.5 -60.87220441843605 0
vertex 89.5 -61.01081929876958 0
endloop
endfacet
facet normal -1 0 0
outer loop
vertex 89.5 -124.00000000000003 1.6
vertex 89.5 -61.01081929876958 0
vertex 89.5 -61.096177920603175 0
endloop
endfacet
facet normal -1 0 0
outer loop
vertex 89.5 -124.00000000000003 1.6
vertex 89.5 -61.096177920603175 0
vertex 89.5 -61.12500000000039 0
endloop
endfacet
facet normal -1 0 0
outer loop
vertex 89.5 -124.00000000000003 1.6
vertex 89.5 -61.12500000000039 0
vertex 89.5 -91.69999999999992 0
endloop
endfacet
facet normal -1 0 0
outer loop
vertex 89.5 -124.00000000000003 1.6
vertex 89.5 -91.69999999999992 0
vertex 89.5 -91.7288220793926 0
endloop
endfacet
facet normal -1 0 0
outer loop
vertex 89.5 -124.00000000000003 1.6
vertex 89.5 -91.7288220793926 0
vertex 89.5 -91.81418070123127 0
endloop
endfacet
facet normal -1 0 0
outer loop
vertex 89.5 -124.00000000000003 1.6
vertex 89.5 -91.81418070123127 0
vertex 89.5 -91.95279558153251 0
endloop
endfacet
facet normal -1 0 0
outer loop
vertex 89.5 -124.00000000000003 1.6
vertex 89.5 -91.95279558153251 0
vertex 89.5 -92.13933982826126 0
endloop
endfacet
facet normal -1 0 0
outer loop
vertex 89.5 -124.00000000000003 1.6
vertex 89.5 -92.13933982826126 0
vertex 89.5 -92.3666446504593 0
endloop
endfacet
facet normal -1 0 0
outer loop
vertex 89.5 -124.00000000000003 1.6
vertex 89.5 -92.3666446504593 0
vertex 89.5 -92.62597485144659 0
endloop
endfacet
facet normal -1 0 0
outer loop
vertex 89.5 -124.00000000000003 1.6
vertex 89.5 -92.62597485144659 0
vertex 89.5 -92.9073645169928 0
endloop
endfacet
facet normal -1 0 0
outer loop
vertex 89.5 -124.00000000000003 1.6
vertex 89.5 -92.9073645169928 0
vertex 89.5 -93.19999999998878 0
endloop
endfacet
facet normal -1 0 0
outer loop
vertex 89.5 -124.00000000000003 1.6
vertex 89.5 -93.19999999998878 0
vertex 89.5 -93.49263548303986 0
endloop
endfacet
facet normal -1 0 0
outer loop
vertex 89.5 -124.00000000000003 1.6
vertex 89.5 -93.49263548303986 0
vertex 89.5 -93.77402514851144 0
endloop
endfacet
facet normal -1 0 0
outer loop
vertex 89.5 -124.00000000000003 1.6
vertex 89.5 -93.77402514851144 0
vertex 89.5 -94.03335534953456 0
endloop
endfacet
facet normal -1 0 0
outer loop
vertex 89.5 -124.00000000000003 1.6
vertex 89.5 -94.03335534953456 0
vertex 89.5 -94.26066017178333 0
endloop
endfacet
facet normal -1 0 0
outer loop
vertex 89.5 -124.00000000000003 1.6
vertex 89.5 -94.26066017178333 0
vertex 89.5 -94.44720441845749 0
endloop
endfacet
facet normal -1 0 0
outer loop
vertex 89.5 -124.00000000000003 1.6
vertex 89.5 -94.44720441845749 0
vertex 89.5 -94.58581929876937 0
endloop
endfacet
facet normal -1 0 0
outer loop
vertex 89.5 -124.00000000000003 1.6
vertex 89.5 -94.58581929876937 0
vertex 89.5 -94.67117792060229 0
endloop
endfacet
facet normal -1 0 0
outer loop
vertex 89.5 -124.00000000000003 1.6
vertex 89.5 -94.67117792060229 0
vertex 89.5 -94.70000000000026 0
endloop
endfacet
facet normal -1 0 0
outer loop
vertex 89.5 -124.00000000000003 1.6
vertex 89.5 -94.70000000000026 0
vertex 89.5 -109.00000000000163 0
endloop
endfacet
facet normal -1 0 0
outer loop
vertex 89.5 -124.00000000000003 1.6
vertex 89.5 -109.00000000000163 0
vertex 89.5 -109.02882207939615 0
endloop
endfacet
facet normal -1 0 0
outer loop
vertex 89.5 -124.00000000000003 1.6
vertex 89.5 -109.02882207939615 0
vertex 89.5 -109.11418070123375 0
endloop
endfacet
facet normal -1 0 0
outer loop
vertex 89.5 -124.00000000000003 1.6
vertex 89.5 -109.11418070123375 0
vertex 89.5 -109.2527955815584 0
endloop
endfacet
facet normal -1 0 0
outer loop
vertex 89.5 -124.00000000000003 1.6
vertex 89.5 -109.2527955815584 0
vertex 89.5 -109.43933982820778 0
endloop
endfacet
facet normal -1 0 0
outer loop
vertex 89.5 -124.00000000000003 1.6
vertex 89.5 -109.43933982820778 0
vertex 89.5 -109.66664465045552 0
endloop
endfacet
facet normal -1 0 0
outer loop
vertex 89.5 -124.00000000000003 1.6
vertex 89.5 -109.66664465045552 0
vertex 89.5 -109.92597485146412 0
endloop
endfacet
facet normal -1 0 0
outer loop
vertex 89.5 -124.00000000000003 1.6
vertex 89.5 -109.92597485146412 0
vertex 89.5 -110.20736451696932 0
endloop
endfacet
facet normal -1 0 0
outer loop
vertex 89.5 -124.00000000000003 1.6
vertex 89.5 -110.20736451696932 0
vertex 89.5 -110.49999999999761 0
endloop
endfacet
facet normal -1 0 0
outer loop
vertex 89.5 -124.00000000000003 1.6
vertex 89.5 -110.49999999999761 0
vertex 89.5 -110.79263548302436 0
endloop
endfacet
facet normal -1 0 0
outer loop
vertex 89.5 -124.00000000000003 1.6
vertex 89.5 -110.79263548302436 0
vertex 89.5 -111.07402514852286 0
endloop
endfacet
facet normal -1 0 0
outer loop
vertex 89.5 -124.00000000000003 1.6
vertex 89.5 -111.07402514852286 0
vertex 89.5 -111.3333553495391 0
endloop
endfacet
facet normal -1 0 0
outer loop
vertex 89.5 -124.00000000000003 1.6
vertex 89.5 -111.3333553495391 0
vertex 89.5 -111.5606601717781 0
endloop
endfacet
facet normal -1 0 0
outer loop
vertex 89.5 -124.00000000000003 1.6
vertex 89.5 -111.5606601717781 0
vertex 89.5 -111.74720441845108 0
endloop
endfacet
facet normal -1 0 0
outer loop
vertex 89.5 -124.00000000000003 1.6
vertex 89.5 -111.74720441845108 0
vertex 89.5 -111.88581929877016 0
endloop
endfacet
facet normal -1 0 0
outer loop
vertex 89.5 -124.00000000000003 1.6
vertex 89.5 -111.88581929877016 0
vertex 89.5 -111.97117792060337 0
endloop
endfacet
facet normal -1 0 0
outer loop
vertex 89.5 -124.00000000000003 1.6
vertex 89.5 -111.97117792060337 0
vertex 89.5 -112 0
endloop
endfacet
facet normal -1 0 0
outer loop
vertex 89.5 -124.00000000000003 1.6
vertex 89.5 -112 0
vertex 89.5 -112.0303844939756 0
endloop
endfacet
facet normal -1 0 0
outer loop
vertex 89.5 -124.00000000000003 1.6
vertex 89.5 -112.0303844939756 0
vertex 89.5 -112.12061475842819 0
endloop
endfacet
facet normal -1 0 0
outer loop
vertex 89.5 -124.00000000000003 1.6
vertex 89.5 -112.12061475842819 0
vertex 89.5 -112.26794919243102 0
endloop
endfacet
facet normal -1 0 0
outer loop
vertex 89.5 -124.00000000000003 1.6
vertex 89.5 -112.26794919243102 0
vertex 89.5 -112.46791111376209 0
endloop
endfacet
facet normal -1 0 0
outer loop
vertex 89.5 -124.00000000000003 1.6
vertex 89.5 -112.46791111376209 0
vertex 89.5 -112.7144247806269 0
endloop
endfacet
facet normal -1 0 0
outer loop
vertex 89.5 -124.00000000000003 1.6
vertex 89.5 -112.7144247806269 0
vertex 89.5 -112.99999999999991 0
endloop
endfacet
facet normal -1 0 0
outer loop
vertex 89.5 -124.00000000000003 1.6
vertex 89.5 -112.99999999999991 0
vertex 89.5 -113.31595971334882 0
endloop
endfacet
facet normal -1 0 0
outer loop
vertex 89.5 -124.00000000000003 1.6
vertex 89.5 -113.31595971334882 0
vertex 89.5 -113.6527036446661 0
endloop
endfacet
facet normal -1 0 0
outer loop
vertex 89.5 -124.00000000000003 1.6
vertex 89.5 -113.6527036446661 0
vertex 89.5 -113.99999999999967 0
endloop
endfacet
facet normal -1 0 0
outer loop
vertex 89.5 -124.00000000000003 1.6
vertex 89.5 -113.99999999999967 0
vertex 89.5 -116.75 0
endloop
endfacet
facet normal -1 0 0
outer loop
vertex 89.5 -124.00000000000003 1.6
vertex 89.5 -116.75 0
vertex 89.5 -116.7803844939756 0
endloop
endfacet
facet normal -1 0 0
outer loop
vertex 89.5 -124.00000000000003 1.6
vertex 89.5 -116.7803844939756 0
vertex 89.5 -116.87061475842813 0
endloop
endfacet
facet normal -1 0 0
outer loop
vertex 89.5 -124.00000000000003 1.6
vertex 89.5 -116.87061475842813 0
vertex 89.5 -117.01794919243125 0
endloop
endfacet
facet normal -1 0 0
outer loop
vertex 89.5 -124.00000000000003 1.6
vertex 89.5 -117.01794919243125 0
vertex 89.5 -117.21791111376199 0
endloop
endfacet
facet normal -1 0 0
outer loop
vertex 89.5 -124.00000000000003 1.6
vertex 89.5 -117.21791111376199 0
vertex 89.5 -117.46442478062684 0
endloop
endfacet
facet normal -1 0 0
outer loop
vertex 89.5 -124.00000000000003 1.6
vertex 89.5 -117.46442478062684 0
vertex 89.5 -117.75000000000004 0
endloop
endfacet
facet normal -1 0 0
outer loop
vertex 89.5 -124.00000000000003 1.6
vertex 89.5 -117.75000000000004 0
vertex 89.5 -118.06595971334865 0
endloop
endfacet
facet normal -1 0 0
outer loop
vertex 89.5 -124.00000000000003 1.6
vertex 89.5 -118.06595971334865 0
vertex 89.5 -118.40270364466598 0
endloop
endfacet
facet normal -1 0 0
outer loop
vertex 89.5 -124.00000000000003 1.6
vertex 89.5 -118.40270364466598 0
vertex 89.5 -118.75000000000003 0
endloop
endfacet
facet normal -1 0 0
outer loop
vertex 89.5 -124.00000000000003 1.6
vertex 89.5 -118.75000000000003 0
vertex 89.5 -122 0
endloop
endfacet
facet normal -1 0 0
outer loop
vertex 89.5 -124.00000000000003 1.6
vertex 89.5 -122 0
vertex 89.5 -122.03038449397559 0
endloop
endfacet
facet normal -1 0 0
outer loop
vertex 89.5 -124.00000000000003 1.6
vertex 89.5 -122.03038449397559 0
vertex 89.5 -122.12061475842813 0
endloop
endfacet
facet normal -1 0 0
outer loop
vertex 89.5 -124.00000000000003 1.6
vertex 89.5 -122.12061475842813 0
vertex 89.5 -122.26794919243117 0
endloop
endfacet
facet normal -1 0 0
outer loop
vertex 89.5 -124.00000000000003 1.6
vertex 89.5 -122.26794919243117 0
vertex 89.5 -122.46791111376197 0
endloop
endfacet
facet normal -1 0 0
outer loop
vertex 89.5 -124.00000000000003 1.6
vertex 89.5 -122.46791111376197 0
vertex 89.5 -122.71442478062708 0
endloop
endfacet
facet normal -1 0 0
outer loop
vertex 89.5 -124.00000000000003 1.6
vertex 89.5 -122.71442478062708 0
vertex 89.5 -122.9999999999999 0
endloop
endfacet
facet normal -1 0 0
outer loop
vertex 89.5 -124.00000000000003 1.6
vertex 89.5 -122.9999999999999 0
vertex 89.5 -123.31595971334852 0
endloop
endfacet
facet normal -1 0 0
outer loop
vertex 89.5 -124.00000000000003 1.6
vertex 89.5 -123.31595971334852 0
vertex 89.5 -123.65270364466623 0
endloop
endfacet
facet normal -1 0 0
outer loop
vertex 89.5 -124.00000000000003 1.6
vertex 89.5 -123.65270364466623 0
vertex 89.5 -123.99999999999997 0
endloop
endfacet
facet normal -1 0 0
outer loop
vertex 89.5 -124.00000000000003 1.6
vertex 89.5 -123.99999999999997 0
vertex 89.5 -129 0
endloop
endfacet
facet normal -1 0 0
outer loop
vertex 89.5 -124.00000000000003 1.6
vertex 89.5 -129 0
vertex 89.5 -129.00000000000006 1.6
endloop
endfacet
facet normal -0.9961946980917447 -0.08715574274766881 0
outer loop
vertex 89.53038449397559 -129.34729635533384 1.6
vertex 89.5 -129.00000000000006 1.6
vertex 89.5 -129 0
endloop
endfacet
facet normal -0.9961946980917447 -0.08715574274766881 0
outer loop
vertex 89.53038449397559 -129.34729635533384 1.6
vertex 89.5 -129 0
vertex 89.53038449397559 -129.34729635533384 0
endloop
endfacet
facet normal -0.9659258262890666 -0.2588190451025271 0
outer loop
vertex 89.62061475842822 -129.6840402866514 1.6
vertex 89.53038449397559 -129.34729635533384 1.6
vertex 89.53038449397559 -129.34729635533384 0
endloop
endfacet
facet normal -0.9659258262890666 -0.2588190451025271 0
outer loop
vertex 89.62061475842822 -129.6840402866514 1.6
vertex 89.53038449397559 -129.34729635533384 0
vertex 89.6206147584282 -129.68404028665137 0
endloop
endfacet
facet normal -0.9063077870366654 -0.4226182617406665 0
outer loop
vertex 89.76794919243113 -130.00000000000003 1.6
vertex 89.62061475842822 -129.6840402866514 1.6
vertex 89.6206147584282 -129.68404028665137 0
endloop
endfacet
facet normal -0.9063077870366654 -0.4226182617406665 0
outer loop
vertex 89.76794919243113 -130.00000000000003 1.6
vertex 89.6206147584282 -129.68404028665137 0
vertex 89.76794919243112 -130 0
endloop
endfacet
facet normal -0.8191520442889821 -0.5735764363510598 0
outer loop
vertex 89.96791111376206 -130.2855752193731 1.6
vertex 89.76794919243113 -130.00000000000003 1.6
vertex 89.76794919243112 -130 0
endloop
endfacet
facet normal -0.8191520442889821 -0.5735764363510598 0
outer loop
vertex 89.96791111376206 -130.2855752193731 1.6
vertex 89.76794919243112 -130 0
vertex 89.96791111376207 -130.2855752193731 0
endloop
endfacet
facet normal -0.7071067811865263 -0.7071067811865689 0
outer loop
vertex 90.21442478062691 -130.53208888623794 1.6
vertex 89.96791111376206 -130.2855752193731 1.6
vertex 89.96791111376207 -130.2855752193731 0
endloop
endfacet
facet normal -0.7071067811865263 -0.7071067811865689 0
outer loop
vertex 90.21442478062691 -130.53208888623794 1.6
vertex 89.96791111376207 -130.2855752193731 0
vertex 90.21442478062689 -130.5320888862379 0
endloop
endfacet
facet normal -0.5735764363510599 -0.8191520442889821 0
outer loop
vertex 90.49999999999996 -130.73205080756884 1.6
vertex 90.21442478062691 -130.53208888623794 1.6
vertex 90.21442478062689 -130.5320888862379 0
endloop
endfacet
facet normal -0.5735764363510599 -0.8191520442889821 0
outer loop
vertex 90.49999999999996 -130.73205080756884 1.6
vertex 90.21442478062689 -130.5320888862379 0
vertex 90.5 -130.73205080756887 0
endloop
endfacet
facet normal -0.42261826174070904 -0.9063077870366456 0
outer loop
vertex 90.81595971334876 -130.87938524157184 1.6
vertex 90.49999999999996 -130.73205080756884 1.6
vertex 90.5 -130.73205080756887 0
endloop
endfacet
facet normal -0.42261826174070904 -0.9063077870366456 0
outer loop
vertex 90.81595971334876 -130.87938524157184 1.6
vertex 90.5 -130.73205080756887 0
vertex 90.81595971334865 -130.8793852415718 0
endloop
endfacet
facet normal -0.2588190451025413 -0.9659258262890629 0
outer loop
vertex 91.15270364466629 -130.96961550602447 1.6
vertex 90.81595971334876 -130.87938524157184 1.6
vertex 90.81595971334865 -130.8793852415718 0
endloop
endfacet
facet normal -0.2588190451025413 -0.9659258262890629 0
outer loop
vertex 91.15270364466629 -130.96961550602447 1.6
vertex 90.81595971334865 -130.8793852415718 0
vertex 91.1527036446663 -130.96961550602447 0
endloop
endfacet
facet normal -0.08715574274768298 -0.9961946980917433 0
outer loop
vertex 91.49999999999967 -131 1.6
vertex 91.15270364466629 -130.96961550602447 1.6
vertex 91.1527036446663 -130.96961550602447 0
endloop
endfacet
facet normal -0.08715574274768298 -0.9961946980917433 0
outer loop
vertex 91.49999999999967 -131 1.6
vertex 91.1527036446663 -130.96961550602447 0
vertex 91.49999999999967 -131 0
endloop
endfacet
facet normal 0.999896056767029 -0.014417893804107969 0
outer loop
vertex 209.0547337915583 -120.675 1.6
vertex 209.05054525 -120.96547974999986 1.6
vertex 209.05054525 -120.96547975000018 0
endloop
endfacet
facet normal 0.999896056767029 -0.014417893804107969 0
outer loop
vertex 209.0547337915583 -120.675 1.6
vertex 209.05054525 -120.96547975000018 0
vertex 209.0547337915583 -120.675 0
endloop
endfacet
facet normal 0.087155742747683 -0.9961946980917434 0
outer loop
vertex 233.37229635533393 -120.6446155060244 1.6
vertex 233.02499999999992 -120.675 1.6
vertex 233.02500000000003 -120.675 0
endloop
endfacet
facet normal 0.087155742747683 -0.9961946980917434 0
outer loop
vertex 233.37229635533393 -120.6446155060244 1.6
vertex 233.02500000000003 -120.675 0
vertex 233.3722963553339 -120.64461550602441 0
endloop
endfacet
facet normal 0.2588190451025404 -0.9659258262890631 0
outer loop
vertex 233.70904028665154 -120.55438524157175 1.6
vertex 233.37229635533393 -120.6446155060244 1.6
vertex 233.3722963553339 -120.64461550602441 0
endloop
endfacet
facet normal 0.2588190451025404 -0.9659258262890631 0
outer loop
vertex 233.70904028665154 -120.55438524157175 1.6
vertex 233.3722963553339 -120.64461550602441 0
vertex 233.70904028665143 -120.5543852415718 0
endloop
endfacet
facet normal 0.42261826174066586 -0.9063077870366657 0
outer loop
vertex 234.0249999999999 -120.40705080756896 1.6
vertex 233.70904028665154 -120.55438524157175 1.6
vertex 233.70904028665143 -120.5543852415718 0
endloop
endfacet
facet normal 0.42261826174066586 -0.9063077870366657 0
outer loop
vertex 234.0249999999999 -120.40705080756896 1.6
vertex 233.70904028665143 -120.5543852415718 0
vertex 234.02499999999986 -120.40705080756898 0
endloop
endfacet
facet normal 0.5735764363510599 -0.8191520442889821 0
outer loop
vertex 234.3105752193732 -120.20708888623788 1.6
vertex 234.0249999999999 -120.40705080756896 1.6
vertex 234.02499999999986 -120.40705080756898 0
endloop
endfacet
facet normal 0.5735764363510599 -0.8191520442889821 0
outer loop
vertex 234.3105752193732 -120.20708888623788 1.6
vertex 234.02499999999986 -120.40705080756898 0
vertex 234.3105752193733 -120.2070888862378 0
endloop
endfacet
facet normal 0.707106781186576 -0.7071067811865192 0
outer loop
vertex 234.55708888623778 -119.96057521937328 1.6
vertex 234.3105752193732 -120.20708888623788 1.6
vertex 234.3105752193733 -120.2070888862378 0
endloop
endfacet
facet normal 0.707106781186576 -0.7071067811865192 0
outer loop
vertex 234.55708888623778 -119.96057521937328 1.6
vertex 234.3105752193733 -120.2070888862378 0
vertex 234.5570888862379 -119.9605752193732 0
endloop
endfacet
facet normal 0.8191520442889821 -0.5735764363510599 0
outer loop
vertex 234.75705080756873 -119.67500000000018 1.6
vertex 234.55708888623778 -119.96057521937328 1.6
vertex 234.5570888862379 -119.9605752193732 0
endloop
endfacet
facet normal 0.8191520442889821 -0.5735764363510599 0
outer loop
vertex 234.75705080756873 -119.67500000000018 1.6
vertex 234.5570888862379 -119.9605752193732 0
vertex 234.75705080756873 -119.67500000000025 0
endloop
endfacet
facet normal 0 0 1
outer loop
vertex 234.90438524157184 -119.35904028665115 1.6
vertex 234.8574473913521 -119.45969883128119 1.6
vertex 234.7911084262668 -119.6019632010061 1.6
endloop
endfacet
facet normal 0 0 1
outer loop
vertex 234.90438524157184 -119.35904028665115 1.6
vertex 234.7911084262668 -119.6019632010061 1.6
vertex 234.76870849902264 -119.65000000000012 1.6
endloop
endfacet
facet normal 0 0 1
outer loop
vertex 234.90438524157184 -119.35904028665115 1.6
vertex 234.76870849902264 -119.65000000000012 1.6
vertex 234.75705080756873 -119.67500000000018 1.6
endloop
endfacet
facet normal 0 0 1
outer loop
vertex 234.90438524157184 -119.35904028665115 1.6
vertex 234.75705080756873 -119.67500000000018 1.6
vertex 234.75705080756873 -119.67500000000025 0
endloop
endfacet
facet normal 0 0 1
outer loop
vertex 234.90438524157184 -119.35904028665115 1.6
vertex 234.75705080756873 -119.67500000000025 0
vertex 234.90438524157173 -119.35904028665148 0
endloop
endfacet
facet normal 0 0 1
outer loop
vertex 234.99461550602442 -119.02229635533374 1.6
vertex 234.93931677455933 -119.22867403075554 1.6
vertex 234.90438524157184 -119.35904028665115 1.6
endloop
endfacet
facet normal 0 0 1
outer loop
vertex 234.99461550602442 -119.02229635533374 1.6
vertex 234.90438524157184 -119.35904028665115 1.6
vertex 234.90438524157173 -119.35904028665148 0
endloop
endfacet
facet normal 0 0 1
outer loop
vertex 234.99461550602442 -119.02229635533374 1.6
vertex 234.90438524157173 -119.35904028665148 0
vertex 234.99461550602445 -119.02229635533352 0
endloop
endfacet
facet normal 0 0 -1
outer loop
vertex 235.025 -118.67499999999988 1.6
vertex 235.00376064373617 -118.9177669529725 1.6
vertex 234.99461550602442 -119.02229635533374 1.6
endloop
endfacet
facet normal 0 0 -1
outer loop
vertex 235.025 -118.67499999999988 1.6
vertex 234.99461550602442 -119.02229635533374 1.6
vertex 234.99461550602445 -119.02229635533352 0
endloop
endfacet
facet normal 0 0 -1
outer loop
vertex 235.025 -118.67499999999988 1.6
vertex 234.99461550602445 -119.02229635533352 0
vertex 235.025 -118.67499999999998 0
endloop
endfacet
facet normal 0 -1 0
outer loop
vertex 233.02500000000003 -120.675 0
vertex 233.02499999999992 -120.675 1.6
vertex 209.0547337915583 -120.675 1.6
endloop
endfacet
facet normal 0 -1 0
outer loop
vertex 233.02500000000003 -120.675 0
vertex 209.0547337915583 -120.675 1.6
vertex 209.0547337915583 -120.675 0
endloop
endfacet
facet normal 0 0 -1
outer loop
vertex 131.9999999999999 -58.24999999999995 5.1
vertex 131.97117792060573 -58.54263548301428 5.1
vertex 131.95196320100797 -58.73772580504036 5.1
endloop
endfacet
facet normal 0 0 -1
outer loop
vertex 131.9999999999999 -58.24999999999995 5.1
vertex 131.95196320100797 -58.73772580504036 5.1
vertex 131.9519632010078 -58.737725805042075 1.6
endloop
endfacet
facet normal 0 0 -1
outer loop
vertex 131.9999999999999 -58.24999999999995 5.1
vertex 131.9519632010078 -58.737725805042075 1.6
vertex 131.9588018911227 -58.668291419077214 1.6
endloop
endfacet
facet normal 0 0 -1
outer loop
vertex 131.9999999999999 -58.24999999999995 5.1
vertex 131.9588018911227 -58.668291419077214 1.6
vertex 131.9999999999999 -58.24999999999991 1.6
endloop
endfacet
facet normal 0 0 1
outer loop
vertex 131.9519632010082 -57.7622741949597 5.1
vertex 131.97117792060462 -57.95736451697324 5.1
vertex 131.9999999999999 -58.24999999999995 5.1
endloop
endfacet
facet normal 0 0 1
outer loop
vertex 131.9519632010082 -57.7622741949597 5.1
vertex 131.9999999999999 -58.24999999999995 5.1
vertex 131.9999999999999 -58.24999999999991 1.6
endloop
endfacet
facet normal 0 0 1
outer loop
vertex 131.9519632010082 -57.7622741949597 5.1
vertex 131.9999999999999 -58.24999999999991 1.6
vertex 131.99862844983335 -58.23607441746185 1.6
endloop
endfacet
facet normal 0 0 1
outer loop
vertex 131.9519632010082 -57.7622741949597 5.1
vertex 131.99862844983335 -58.23607441746185 1.6
vertex 131.96131583161042 -57.857233047036814 1.6
endloop
endfacet
facet normal 0 0 1
outer loop
vertex 131.9519632010082 -57.7622741949597 5.1
vertex 131.96131583161042 -57.857233047036814 1.6
vertex 131.95196320100774 -57.76227419495538 1.6
endloop
endfacet
facet normal -0.31291245340528195 -0.09492095499935267 0.9450268825837168
outer loop
vertex 131.8096988312791 -57.29329141908691 5.100000000000001
vertex 131.8471176249388 -57.41664465049512 5.1
vertex 131.92578458135407 -57.67597485143967 5.1
endloop
endfacet
facet normal -0.31291245340528195 -0.09492095499935267 0.9450268825837168
outer loop
vertex 131.8096988312791 -57.29329141908691 5.100000000000001
vertex 131.92578458135407 -57.67597485143967 5.1
vertex 131.9519632010082 -57.7622741949597 5.1
endloop
endfacet
facet normal -0.31291245340528195 -0.09492095499935267 0.9450268825837168
outer loop
vertex 131.8096988312791 -57.29329141908691 5.100000000000001
vertex 131.9519632010082 -57.7622741949597 5.1
vertex 131.95196320100774 -57.76227419495538 1.6
endloop
endfacet
facet normal -0.31291245340528195 -0.09492095499935267 0.9450268825837168
outer loop
vertex 131.8096988312791 -57.29329141908691 5.100000000000001
vertex 131.95196320100774 -57.76227419495538 1.6
vertex 131.8864560229053 -57.54632596923737 1.6
endloop
endfacet
facet normal -0.31291245340528195 -0.09492095499935267 0.9450268825837168
outer loop
vertex 131.8096988312791 -57.29329141908691 5.100000000000001
vertex 131.8864560229053 -57.54632596923737 1.6
vertex 131.81637541583854 -57.31530116872403 1.6
endloop
endfacet
facet normal -0.31291245340528195 -0.09492095499935267 0.9450268825837168
outer loop
vertex 131.8096988312791 -57.29329141908691 5.100000000000001
vertex 131.81637541583854 -57.31530116872403 1.6
vertex 131.80969883128196 -57.293291419096384 1.6
endloop
endfacet
facet normal -0.12649092176042395 -0.06761080627825715 -0.9896609649706319
outer loop
vertex 131.57867403075556 -56.86107441745156 5.100000000000001
vertex 131.58033437402923 -56.86418070123494 5.1
vertex 131.65442557116467 -57.00279558154599 5.1
endloop
endfacet
facet normal -0.12649092176042395 -0.06761080627825715 -0.9896609649706319
outer loop
vertex 131.57867403075556 -56.86107441745156 5.100000000000001
vertex 131.65442557116467 -57.00279558154599 5.1
vertex 131.75413554835555 -57.18933982821094 5.1
endloop
endfacet
facet normal -0.12649092176042395 -0.06761080627825715 -0.9896609649706319
outer loop
vertex 131.57867403075556 -56.86107441745156 5.100000000000001
vertex 131.75413554835555 -57.18933982821094 5.1
vertex 131.8096988312791 -57.29329141908691 5.100000000000001
endloop
endfacet
facet normal -0.12649092176042395 -0.06761080627825715 -0.9896609649706319
outer loop
vertex 131.57867403075556 -56.86107441745156 5.100000000000001
vertex 131.8096988312791 -57.29329141908691 5.100000000000001
vertex 131.80969883128196 -57.293291419096384 1.6
endloop
endfacet
facet normal -0.12649092176042395 -0.06761080627825715 -0.9896609649706319
outer loop
vertex 131.57867403075556 -56.86107441745156 5.100000000000001
vertex 131.80969883128196 -57.293291419096384 1.6
vertex 131.74542139768684 -57.17303679899235 1.6
endloop
endfacet
facet normal -0.12649092176042395 -0.06761080627825715 -0.9896609649706319
outer loop
vertex 131.57867403075556 -56.86107441745156 5.100000000000001
vertex 131.74542139768684 -57.17303679899235 1.6
vertex 131.71974519369002 -57.12500000000003 1.6
endloop
endfacet
facet normal -0.12649092176042395 -0.06761080627825715 -0.9896609649706319
outer loop
vertex 131.57867403075556 -56.86107441745156 5.100000000000001
vertex 131.71974519369002 -57.12500000000003 1.6
vertex 131.57867403075016 -56.86107441744155 1.6
endloop
endfacet
facet normal -0.012808054581151439 -0.010511298746435676 0.9998627237458698
outer loop
vertex 131.26776695296735 -56.48223304703285 5.100000000000001
vertex 131.48751761215064 -56.75000000000046 5.1
vertex 131.51117128141723 -56.77882207939515 5.1
endloop
endfacet
facet normal -0.012808054581151439 -0.010511298746435676 0.9998627237458698
outer loop
vertex 131.26776695296735 -56.48223304703285 5.100000000000001
vertex 131.51117128141723 -56.77882207939515 5.1
vertex 131.57867403075556 -56.86107441745156 5.100000000000001
endloop
endfacet
facet normal -0.012808054581151439 -0.010511298746435676 0.9998627237458698
outer loop
vertex 131.26776695296735 -56.48223304703285 5.100000000000001
vertex 131.57867403075556 -56.86107441745156 5.100000000000001
vertex 131.57867403075016 -56.86107441744155 1.6
endloop
endfacet
facet normal -0.012808054581151439 -0.010511298746435676 0.9998627237458698
outer loop
vertex 131.26776695296735 -56.48223304703285 5.100000000000001
vertex 131.57867403075016 -56.86107441744155 1.6
vertex 131.26776695297357 -56.48223304704049 1.6
endloop
endfacet
facet normal 0.6343932841636208 0.7730104533627572 0
outer loop
vertex 130.88892558254855 -56.17132596924422 5.1
vertex 131.26776695296735 -56.48223304703285 5.100000000000001
vertex 131.26776695297357 -56.48223304704049 1.6
endloop
endfacet
facet normal 0.6343932841636208 0.7730104533627572 0
outer loop
vertex 130.88892558254855 -56.17132596924422 5.1
vertex 131.26776695297357 -56.48223304704049 1.6
vertex 130.88892558255242 -56.171325969247405 1.6
endloop
endfacet
facet normal 0.4713967368260368 0.8819212643483341 0
outer loop
vertex 130.45670858091196 -55.940301168723295 5.1
vertex 130.88892558254855 -56.17132596924422 5.1
vertex 130.88892558255242 -56.171325969247405 1.6
endloop
endfacet
facet normal 0.4713967368260368 0.8819212643483341 0
outer loop
vertex 130.45670858091196 -55.940301168723295 5.1
vertex 130.88892558255242 -56.171325969247405 1.6
vertex 130.45670858091137 -55.940301168722975 1.6
endloop
endfacet
facet normal 0.2902846772544479 0.9569403357322133 0
outer loop
vertex 129.98772580503984 -55.798036798993394 5.1
vertex 130.45670858091196 -55.940301168723295 5.1
vertex 130.45670858091137 -55.940301168722975 1.6
endloop
endfacet
facet normal 0.2902846772544479 0.9569403357322133 0
outer loop
vertex 129.98772580503984 -55.798036798993394 5.1
vertex 130.45670858091137 -55.940301168722975 1.6
vertex 129.98772580503135 -55.798036798990815 1.6
endloop
endfacet
facet normal 0.09801714032955997 0.9951847266721969 0
outer loop
vertex 129.5 -55.74999999999977 5.1
vertex 129.98772580503984 -55.798036798993394 5.1
vertex 129.98772580503135 -55.798036798990815 1.6
endloop
endfacet
facet normal 0.09801714032955997 0.9951847266721969 0
outer loop
vertex 129.5 -55.74999999999977 5.1
vertex 129.98772580503135 -55.798036798990815 1.6
vertex 129.49999999999986 -55.74999999999976 1.6
endloop
endfacet
facet normal -0.09801714032955997 0.9951847266721969 0
outer loop
vertex 129.01227419495956 -55.79803679899167 5.1
vertex 129.5 -55.74999999999977 5.1
vertex 129.49999999999986 -55.74999999999976 1.6
endloop
endfacet
facet normal -0.09801714032955997 0.9951847266721969 0
outer loop
vertex 129.01227419495956 -55.79803679899167 5.1
vertex 129.49999999999986 -55.74999999999976 1.6
vertex 129.01227419495842 -55.798036798990815 1.6
endloop
endfacet
facet normal -0.2902846772544619 0.956940335732209 0
outer loop
vertex 128.54329141908727 -55.94030116872127 5.1
vertex 129.01227419495956 -55.79803679899167 5.1
vertex 129.01227419495842 -55.798036798990815 1.6
endloop
endfacet
facet normal -0.2902846772544619 0.956940335732209 0
outer loop
vertex 128.54329141908727 -55.94030116872127 5.1
vertex 129.01227419495842 -55.798036798990815 1.6
vertex 128.54329141908252 -55.940301168722975 1.6
endloop
endfacet
facet normal -0.47139673682600836 0.8819212643483493 0
outer loop
vertex 128.11107441745023 -56.171325969242446 5.1
vertex 128.54329141908727 -55.94030116872127 5.1
vertex 128.54329141908252 -55.940301168722975 1.6
endloop
endfacet
facet normal -0.47139673682600836 0.8819212643483493 0
outer loop
vertex 128.11107441745023 -56.171325969242446 5.1
vertex 128.54329141908252 -55.940301168722975 1.6
vertex 128.11107441745446 -56.171325969247405 1.6
endloop
endfacet
facet normal -0.6343932841636518 0.7730104533627319 0
outer loop
vertex 127.7322330470334 -56.48223304703324 5.100000000000001
vertex 128.11107441745023 -56.171325969242446 5.1
vertex 128.11107441745446 -56.171325969247405 1.6
endloop
endfacet
facet normal -0.6343932841636518 0.7730104533627319 0
outer loop
vertex 127.7322330470334 -56.48223304703324 5.100000000000001
vertex 128.11107441745446 -56.171325969247405 1.6
vertex 127.73223304703617 -56.48223304704049 1.6
endloop
endfacet
facet normal 0.007434801403781717 -0.0061015838260832095 0.9999537461317396
outer loop
vertex 127.42132596924378 -56.86107441745126 5.100000000000001
vertex 127.48882871858248 -56.77882207939515 5.1
vertex 127.51248238784919 -56.75000000000046 5.1
endloop
endfacet
facet normal 0.007434801403781717 -0.0061015838260832095 0.9999537461317396
outer loop
vertex 127.42132596924378 -56.86107441745126 5.100000000000001
vertex 127.51248238784919 -56.75000000000046 5.1
vertex 127.7322330470334 -56.48223304703324 5.100000000000001
endloop
endfacet
facet normal 0.007434801403781717 -0.0061015838260832095 0.9999537461317396
outer loop
vertex 127.42132596924378 -56.86107441745126 5.100000000000001
vertex 127.7322330470334 -56.48223304703324 5.100000000000001
vertex 127.73223304703617 -56.48223304704049 1.6
endloop
endfacet
facet normal 0.007434801403781717 -0.0061015838260832095 0.9999537461317396
outer loop
vertex 127.42132596924378 -56.86107441745126 5.100000000000001
vertex 127.73223304703617 -56.48223304704049 1.6
vertex 127.42132596924304 -56.86107441744155 1.6
endloop
endfacet
facet normal 0 0 -1
outer loop
vertex 127.19030116872186 -57.29329141908717 5.1
vertex 127.24586445164498 -57.18933982821094 5.1
vertex 127.34557442883514 -57.00279558154599 5.1
endloop
endfacet
facet normal 0 0 -1
outer loop
vertex 127.19030116872186 -57.29329141908717 5.1
vertex 127.34557442883514 -57.00279558154599 5.1
vertex 127.41966562597014 -56.86418070123494 5.1
endloop
endfacet
facet normal 0 0 -1
outer loop
vertex 127.19030116872186 -57.29329141908717 5.1
vertex 127.41966562597014 -56.86418070123494 5.1
vertex 127.42132596924378 -56.86107441745126 5.100000000000001
endloop
endfacet
facet normal 0 0 -1
outer loop
vertex 127.19030116872186 -57.29329141908717 5.1
vertex 127.42132596924378 -56.86107441745126 5.100000000000001
vertex 127.42132596924304 -56.86107441744155 1.6
endloop
endfacet
facet normal 0 0 -1
outer loop
vertex 127.19030116872186 -57.29329141908717 5.1
vertex 127.42132596924304 -56.86107441744155 1.6
vertex 127.19030116872231 -57.293291419096384 1.6
endloop
endfacet
facet normal 0 0 -1
outer loop
vertex 127.04803679899213 -57.76227419495977 5.1
vertex 127.07421541864639 -57.67597485143967 5.1
vertex 127.15288237506206 -57.41664465049512 5.1
endloop
endfacet
facet normal 0 0 -1
outer loop
vertex 127.04803679899213 -57.76227419495977 5.1
vertex 127.15288237506206 -57.41664465049512 5.1
vertex 127.19030116872186 -57.29329141908717 5.1
endloop
endfacet
facet normal 0 0 -1
outer loop
vertex 127.04803679899213 -57.76227419495977 5.1
vertex 127.19030116872186 -57.29329141908717 5.1
vertex 127.19030116872231 -57.293291419096384 1.6
endloop
endfacet
facet normal 0 0 -1
outer loop
vertex 127.04803679899213 -57.76227419495977 5.1
vertex 127.19030116872231 -57.293291419096384 1.6
vertex 127.0480367989918 -57.76227419495538 1.6
endloop
endfacet
facet normal 0 0 1
outer loop
vertex 127 -58.249999999999964 5.1
vertex 127.02882207939554 -57.95736451697324 5.1
vertex 127.04803679899213 -57.76227419495977 5.1
endloop
endfacet
facet normal 0 0 1
outer loop
vertex 127 -58.249999999999964 5.1
vertex 127.04803679899213 -57.76227419495977 5.1
vertex 127.0480367989918 -57.76227419495538 1.6
endloop
endfacet
facet normal 0 0 1
outer loop
vertex 127 -58.249999999999964 5.1
vertex 127.0480367989918 -57.76227419495538 1.6
vertex 127.00000000000006 -58.24999999999991 1.6
endloop
endfacet
facet normal 0 0 1
outer loop
vertex 127.048036798992 -58.73772580504037 5.1
vertex 127.02882207939423 -58.54263548301428 5.1
vertex 127 -58.249999999999964 5.1
endloop
endfacet
facet normal 0 0 1
outer loop
vertex 127.048036798992 -58.73772580504037 5.1
vertex 127 -58.249999999999964 5.1
vertex 127.00000000000006 -58.24999999999991 1.6
endloop
endfacet
facet normal 0 0 1
outer loop
vertex 127.048036798992 -58.73772580504037 5.1
vertex 127.00000000000006 -58.24999999999991 1.6
vertex 127.04803679899224 -58.737725805042075 1.6
endloop
endfacet
facet normal 0.0502724972473319 0.015249995316591443 0.9986191033939622
outer loop
vertex 127.19030116872142 -59.206708580912846 5.100000000000001
vertex 127.15288237506687 -59.083355349521874 5.1
vertex 127.07421541865033 -58.82402514857395 5.1
endloop
endfacet
facet normal 0.0502724972473319 0.015249995316591443 0.9986191033939622
outer loop
vertex 127.19030116872142 -59.206708580912846 5.100000000000001
vertex 127.07421541865033 -58.82402514857395 5.1
vertex 127.048036798992 -58.73772580504037 5.1
endloop
endfacet
facet normal 0.0502724972473319 0.015249995316591443 0.9986191033939622
outer loop
vertex 127.19030116872142 -59.206708580912846 5.100000000000001
vertex 127.048036798992 -58.73772580504037 5.1
vertex 127.04803679899224 -58.737725805042075 1.6
endloop
endfacet
facet normal 0.0502724972473319 0.015249995316591443 0.9986191033939622
outer loop
vertex 127.19030116872142 -59.206708580912846 5.100000000000001
vertex 127.04803679899224 -58.737725805042075 1.6
vertex 127.19030116871816 -59.20670858091152 1.6
endloop
endfacet
facet normal 0.004608200371224273 0.002463134415132652 -0.999986348635916
outer loop
vertex 127.42132596924523 -59.63892558254819 5.100000000000001
vertex 127.41966562597274 -59.63581929876771 5.1
vertex 127.34557442883627 -59.497204418454594 5.1
endloop
endfacet
facet normal 0.004608200371224273 0.002463134415132652 -0.999986348635916
outer loop
vertex 127.42132596924523 -59.63892558254819 5.100000000000001
vertex 127.34557442883627 -59.497204418454594 5.1
vertex 127.24586445163753 -59.31066017177484 5.1
endloop
endfacet
facet normal 0.004608200371224273 0.002463134415132652 -0.999986348635916
outer loop
vertex 127.42132596924523 -59.63892558254819 5.100000000000001
vertex 127.24586445163753 -59.31066017177484 5.1
vertex 127.19030116872142 -59.206708580912846 5.100000000000001
endloop
endfacet
facet normal 0.004608200371224273 0.002463134415132652 -0.999986348635916
outer loop
vertex 127.42132596924523 -59.63892558254819 5.100000000000001
vertex 127.19030116872142 -59.206708580912846 5.100000000000001
vertex 127.19030116871816 -59.20670858091152 1.6
endloop
endfacet
facet normal 0.004608200371224273 0.002463134415132652 -0.999986348635916
outer loop
vertex 127.42132596924523 -59.63892558254819 5.100000000000001
vertex 127.19030116871816 -59.20670858091152 1.6
vertex 127.42132596924607 -59.6389255825483 1.6
endloop
endfacet
facet normal 0.0035507095700190294 0.002913992036496922 -0.9999894505003343
outer loop
vertex 127.7322330470347 -60.01776695296548 5.100000000000001
vertex 127.51248238785139 -59.75000000000003 5.1
vertex 127.48882871858326 -59.72117792060362 5.1
endloop
endfacet
facet normal 0.0035507095700190294 0.002913992036496922 -0.9999894505003343
outer loop
vertex 127.7322330470347 -60.01776695296548 5.100000000000001
vertex 127.48882871858326 -59.72117792060362 5.1
vertex 127.42132596924523 -59.63892558254819 5.100000000000001
endloop
endfacet
facet normal 0.0035507095700190294 0.002913992036496922 -0.9999894505003343
outer loop
vertex 127.7322330470347 -60.01776695296548 5.100000000000001
vertex 127.42132596924523 -59.63892558254819 5.100000000000001
vertex 127.42132596924607 -59.6389255825483 1.6
endloop
endfacet
facet normal 0.0035507095700190294 0.002913992036496922 -0.9999894505003343
outer loop
vertex 127.7322330470347 -60.01776695296548 5.100000000000001
vertex 127.42132596924607 -59.6389255825483 1.6
vertex 127.73223304704152 -60.0177669529738 1.6
endloop
endfacet
facet normal -0.6343932841636599 -0.7730104533627252 0
outer loop
vertex 128.11107441745054 -60.32867403075696 5.100000000000001
vertex 127.7322330470347 -60.01776695296548 5.100000000000001
vertex 127.73223304704152 -60.0177669529738 1.6
endloop
endfacet
facet normal -0.6343932841636599 -0.7730104533627252 0
outer loop
vertex 128.11107441745054 -60.32867403075696 5.100000000000001
vertex 127.73223304704152 -60.0177669529738 1.6
vertex 128.11107441745398 -60.32867403075979 1.6
endloop
endfacet
facet normal -0.4713967368260361 -0.8819212643483345 0
outer loop
vertex 128.54329141908647 -60.55969883127965 5.1
vertex 128.11107441745054 -60.32867403075696 5.100000000000001
vertex 128.11107441745398 -60.32867403075979 1.6
endloop
endfacet
facet normal -0.4713967368260361 -0.8819212643483345 0
outer loop
vertex 128.54329141908647 -60.55969883127965 5.1
vertex 128.11107441745398 -60.32867403075979 1.6
vertex 128.54329141907888 -60.55969883127559 1.6
endloop
endfacet
facet normal -0.2902846772544479 -0.9569403357322133 0
outer loop
vertex 129.01227419495973 -60.70196320100801 5.1
vertex 128.54329141908647 -60.55969883127965 5.1
vertex 128.54329141907888 -60.55969883127559 1.6
endloop
endfacet
facet normal -0.2902846772544479 -0.9569403357322133 0
outer loop
vertex 129.01227419495973 -60.70196320100801 5.1
vertex 128.54329141907888 -60.55969883127559 1.6
vertex 129.01227419496087 -60.70196320100834 1.6
endloop
endfacet
facet normal -0.09801714032957423 -0.9951847266721956 0
outer loop
vertex 129.49999999999997 -60.750000000000156 5.1
vertex 129.01227419495973 -60.70196320100801 5.1
vertex 129.01227419496087 -60.70196320100834 1.6
endloop
endfacet
facet normal -0.09801714032957423 -0.9951847266721956 0
outer loop
vertex 129.49999999999997 -60.750000000000156 5.1
vertex 129.01227419496087 -60.70196320100834 1.6
vertex 129.49999999999528 -60.74999999999969 1.6
endloop
endfacet
facet normal 0.09801714032955998 -0.9951847266721969 0
outer loop
vertex 129.98772580504024 -60.7019632010073 5.1
vertex 129.49999999999997 -60.750000000000156 5.1
vertex 129.49999999999528 -60.74999999999969 1.6
endloop
endfacet
facet normal 0.09801714032955998 -0.9951847266721969 0
outer loop
vertex 129.98772580504024 -60.7019632010073 5.1
vertex 129.49999999999528 -60.74999999999969 1.6
vertex 129.98772580502973 -60.70196320100834 1.6
endloop
endfacet
facet normal 0.29028467725227586 -0.9569403357328722 -5.885499330221408e-13
outer loop
vertex 130.45670858091285 -60.55969883127855 5.100000000000001
vertex 129.98772580504024 -60.7019632010073 5.1
vertex 129.98772580502973 -60.70196320100834 1.6
endloop
endfacet
facet normal 0.29028467725227586 -0.9569403357328722 -5.885499330221408e-13
outer loop
vertex 130.45670858091285 -60.55969883127855 5.100000000000001
vertex 129.98772580502973 -60.70196320100834 1.6
vertex 130.38415216007957 -60.58170858091273 1.6
endloop
endfacet
facet normal 0.29028467725227586 -0.9569403357328722 -5.885499330221408e-13
outer loop
vertex 130.45670858091285 -60.55969883127855 5.100000000000001
vertex 130.38415216007957 -60.58170858091273 1.6
vertex 130.45670858092257 -60.55969883127559 1.6
endloop
endfacet
facet normal 0.47139673682600836 -0.8819212643483493 0
outer loop
vertex 130.88892558254838 -60.32867403075508 5.1
vertex 130.45670858091285 -60.55969883127855 5.100000000000001
vertex 130.45670858092257 -60.55969883127559 1.6
endloop
endfacet
facet normal 0.47139673682600836 -0.8819212643483493 0
outer loop
vertex 130.88892558254838 -60.32867403075508 5.1
vertex 130.45670858092257 -60.55969883127559 1.6
vertex 130.8889255825396 -60.32867403075979 1.6
endloop
endfacet
facet normal 0.6343932841613835 -0.7730104533645933 -5.513898554586981e-13
outer loop
vertex 131.26776695296638 -60.01776695296642 5.100000000000001
vertex 130.88892558254838 -60.32867403075508 5.1
vertex 130.8889255825396 -60.32867403075979 1.6
endloop
endfacet
facet normal 0.6343932841613835 -0.7730104533645933 -5.513898554586981e-13
outer loop
vertex 131.26776695296638 -60.01776695296642 5.100000000000001
vertex 130.8889255825396 -60.32867403075979 1.6
vertex 131.15205925692828 -60.1127258050405 1.6
endloop
endfacet
facet normal 0.6343932841613835 -0.7730104533645933 -5.513898554586981e-13
outer loop
vertex 131.26776695296638 -60.01776695296642 5.100000000000001
vertex 131.15205925692828 -60.1127258050405 1.6
vertex 131.26776695295734 -60.0177669529738 1.6
endloop
endfacet
facet normal -0.43019484753351417 0.35305178729415543 0.8308350189080977
outer loop
vertex 131.57867403075622 -59.63892558254891 5.100000000000001
vertex 131.5111712814187 -59.72117792060362 5.1
vertex 131.48751761215053 -59.75000000000003 5.1
endloop
endfacet
facet normal -0.43019484753351417 0.35305178729415543 0.8308350189080977
outer loop
vertex 131.57867403075622 -59.63892558254891 5.100000000000001
vertex 131.48751761215053 -59.75000000000003 5.1
vertex 131.26776695296638 -60.01776695296642 5.100000000000001
endloop
endfacet
facet normal -0.43019484753351417 0.35305178729415543 0.8308350189080977
outer loop
vertex 131.57867403075622 -59.63892558254891 5.100000000000001
vertex 131.26776695296638 -60.01776695296642 5.100000000000001
vertex 131.26776695295734 -60.0177669529738 1.6
endloop
endfacet
facet normal -0.43019484753351417 0.35305178729415543 0.8308350189080977
outer loop
vertex 131.57867403075622 -59.63892558254891 5.100000000000001
vertex 131.26776695295734 -60.0177669529738 1.6
vertex 131.57867403075667 -59.6389255825483 1.6
endloop
endfacet
facet normal 0 0 1
outer loop
vertex 131.80969883127815 -59.20670858091272 5.1
vertex 131.7541355483625 -59.31066017177484 5.1
vertex 131.65442557116458 -59.497204418454594 5.1
endloop
endfacet
facet normal 0 0 1
outer loop
vertex 131.80969883127815 -59.20670858091272 5.1
vertex 131.65442557116458 -59.497204418454594 5.1
vertex 131.5803343740287 -59.63581929876771 5.1
endloop
endfacet
facet normal 0 0 1
outer loop
vertex 131.80969883127815 -59.20670858091272 5.1
vertex 131.5803343740287 -59.63581929876771 5.1
vertex 131.57867403075622 -59.63892558254891 5.100000000000001
endloop
endfacet
facet normal 0 0 1
outer loop
vertex 131.80969883127815 -59.20670858091272 5.1
vertex 131.57867403075622 -59.63892558254891 5.100000000000001
vertex 131.57867403075667 -59.6389255825483 1.6
endloop
endfacet
facet normal 0 0 1
outer loop
vertex 131.80969883127815 -59.20670858091272 5.1
vertex 131.57867403075667 -59.6389255825483 1.6
vertex 131.58611740970332 -59.62500000000005 1.6
endloop
endfacet
facet normal 0 0 1
outer loop
vertex 131.80969883127815 -59.20670858091272 5.1
vertex 131.58611740970332 -59.62500000000005 1.6
vertex 131.8096988312788 -59.20670858091152 1.6
endloop
endfacet
facet normal 0 0 -1
outer loop
vertex 131.95196320100797 -58.73772580504036 5.1
vertex 131.92578458134957 -58.82402514857395 5.1
vertex 131.84711762493282 -59.083355349521874 5.1
endloop
endfacet
facet normal 0 0 -1
outer loop
vertex 131.95196320100797 -58.73772580504036 5.1
vertex 131.84711762493282 -59.083355349521874 5.1
vertex 131.80969883127815 -59.20670858091272 5.1
endloop
endfacet
facet normal 0 0 -1
outer loop
vertex 131.95196320100797 -58.73772580504036 5.1
vertex 131.80969883127815 -59.20670858091272 5.1
vertex 131.8096988312788 -59.20670858091152 1.6
endloop
endfacet
facet normal 0 0 -1
outer loop
vertex 131.95196320100797 -58.73772580504036 5.1
vertex 131.8096988312788 -59.20670858091152 1.6
vertex 131.83076152198487 -59.13727419496213 1.6
endloop
endfacet
facet normal 0 0 -1
outer loop
vertex 131.95196320100797 -58.73772580504036 5.1
vertex 131.83076152198487 -59.13727419496213 1.6
vertex 131.9519632010078 -58.737725805042075 1.6
endloop
endfacet
facet normal 0 0 -1
outer loop
vertex 130.9999999999994 -110.49999999999976 5.1
vertex 130.97117792060422 -110.79263548302441 5.1
vertex 130.95196320100746 -110.98772580504034 5.1
endloop
endfacet
facet normal 0 0 -1
outer loop
vertex 130.9999999999994 -110.49999999999976 5.1
vertex 130.95196320100746 -110.98772580504034 5.1
vertex 130.95196320100686 -110.98772580504635 1.6
endloop
endfacet
facet normal 0 0 -1
outer loop
vertex 130.9999999999994 -110.49999999999976 5.1
vertex 130.95196320100686 -110.98772580504635 1.6
vertex 130.99999999999937 -110.5 1.6
endloop
endfacet
facet normal 0 0 1
outer loop
vertex 130.95196320100825 -110.01227419495976 5.1
vertex 130.97117792060408 -110.20736451696935 5.1
vertex 130.9999999999994 -110.49999999999976 5.1
endloop
endfacet
facet normal 0 0 1
outer loop
vertex 130.95196320100825 -110.01227419495976 5.1
vertex 130.9999999999994 -110.49999999999976 5.1
vertex 130.99999999999937 -110.5 1.6
endloop
endfacet
facet normal 0 0 1
outer loop
vertex 130.95196320100825 -110.01227419495976 5.1
vertex 130.99999999999937 -110.5 1.6
vertex 130.95196320100823 -110.01227419495943 1.6
endloop
endfacet
facet normal -0.009373813366376169 -0.002843515197440329 -0.9999520218711968
outer loop
vertex 130.8096988312784 -109.54329141908723 5.100000000000001
vertex 130.84711762492637 -109.66664465045552 5.1
vertex 130.92578458136143 -109.92597485146408 5.1
endloop
endfacet
facet normal -0.009373813366376169 -0.002843515197440329 -0.9999520218711968
outer loop
vertex 130.8096988312784 -109.54329141908723 5.100000000000001
vertex 130.92578458136143 -109.92597485146408 5.1
vertex 130.95196320100825 -110.01227419495976 5.1
endloop
endfacet
facet normal -0.009373813366376169 -0.002843515197440329 -0.9999520218711968
outer loop
vertex 130.8096988312784 -109.54329141908723 5.100000000000001
vertex 130.95196320100825 -110.01227419495976 5.1
vertex 130.95196320100823 -110.01227419495943 1.6
endloop
endfacet
facet normal -0.009373813366376169 -0.002843515197440329 -0.9999520218711968
outer loop
vertex 130.8096988312784 -109.54329141908723 5.100000000000001
vertex 130.95196320100823 -110.01227419495943 1.6
vertex 130.8096988312781 -109.54329141908624 1.6
endloop
endfacet
facet normal -0.005657299087018473 -0.003023889361420727 0.9999794253184262
outer loop
vertex 130.5786740307567 -109.1110744174508 5.100000000000001
vertex 130.5803343740298 -109.11418070123375 5.1
vertex 130.65442557117194 -109.2527955815584 5.1
endloop
endfacet
facet normal -0.005657299087018473 -0.003023889361420727 0.9999794253184262
outer loop
vertex 130.5786740307567 -109.1110744174508 5.100000000000001
vertex 130.65442557117194 -109.2527955815584 5.1
vertex 130.75413554835382 -109.43933982820789 5.1
endloop
endfacet
facet normal -0.005657299087018473 -0.003023889361420727 0.9999794253184262
outer loop
vertex 130.5786740307567 -109.1110744174508 5.100000000000001
vertex 130.75413554835382 -109.43933982820789 5.1
vertex 130.8096988312784 -109.54329141908723 5.100000000000001
endloop
endfacet
facet normal -0.005657299087018473 -0.003023889361420727 0.9999794253184262
outer loop
vertex 130.5786740307567 -109.1110744174508 5.100000000000001
vertex 130.8096988312784 -109.54329141908723 5.100000000000001
vertex 130.8096988312781 -109.54329141908624 1.6
endloop
endfacet
facet normal -0.005657299087018473 -0.003023889361420727 0.9999794253184262
outer loop
vertex 130.5786740307567 -109.1110744174508 5.100000000000001
vertex 130.8096988312781 -109.54329141908624 1.6
vertex 130.57867403075835 -109.11107441745389 1.6
endloop
endfacet
facet normal -0.005005629325889434 -0.004108013822517867 0.9999790337289507
outer loop
vertex 130.2677669529662 -108.7322330470339 5.100000000000001
vertex 130.48751761215186 -109.00000000000165 5.1
vertex 130.51117128141857 -109.02882207939615 5.1
endloop
endfacet
facet normal -0.005005629325889434 -0.004108013822517867 0.9999790337289507
outer loop
vertex 130.2677669529662 -108.7322330470339 5.100000000000001
vertex 130.51117128141857 -109.02882207939615 5.1
vertex 130.5786740307567 -109.1110744174508 5.100000000000001
endloop
endfacet
facet normal -0.005005629325889434 -0.004108013822517867 0.9999790337289507
outer loop
vertex 130.2677669529662 -108.7322330470339 5.100000000000001
vertex 130.5786740307567 -109.1110744174508 5.100000000000001
vertex 130.57867403075835 -109.11107441745389 1.6
endloop
endfacet
facet normal -0.005005629325889434 -0.004108013822517867 0.9999790337289507
outer loop
vertex 130.2677669529662 -108.7322330470339 5.100000000000001
vertex 130.57867403075835 -109.11107441745389 1.6
vertex 130.26776695296658 -108.73223304703438 1.6
endloop
endfacet
facet normal 0.6343932841636208 0.7730104533627572 0
outer loop
vertex 129.8889255825487 -108.42132596924398 5.1
vertex 130.2677669529662 -108.7322330470339 5.100000000000001
vertex 130.26776695296658 -108.73223304703438 1.6
endloop
endfacet
facet normal 0.6343932841636208 0.7730104533627572 0
outer loop
vertex 129.8889255825487 -108.42132596924398 5.1
vertex 130.26776695296658 -108.73223304703438 1.6
vertex 129.88892558254906 -108.4213259692443 1.6
endloop
endfacet
facet normal 0.47139673682601535 0.8819212643483455 0
outer loop
vertex 129.45670858091242 -108.19030116872223 5.1
vertex 129.8889255825487 -108.42132596924398 5.1
vertex 129.88892558254906 -108.4213259692443 1.6
endloop
endfacet
facet normal 0.47139673682601535 0.8819212643483455 0
outer loop
vertex 129.45670858091242 -108.19030116872223 5.1
vertex 129.88892558254906 -108.4213259692443 1.6
vertex 129.45670858090963 -108.19030116872074 1.6
endloop
endfacet
facet normal 0.29028467725447593 0.9569403357322048 0
outer loop
vertex 128.9877258050404 -108.04803679899186 5.100000000000001
vertex 129.45670858091242 -108.19030116872223 5.1
vertex 129.45670858090963 -108.19030116872074 1.6
endloop
endfacet
facet normal 0.29028467725447593 0.9569403357322048 0
outer loop
vertex 128.9877258050404 -108.04803679899186 5.100000000000001
vertex 129.45670858090963 -108.19030116872074 1.6
vertex 128.98772580504266 -108.04803679899251 1.6
endloop
endfacet
facet normal 0.09801714032957415 0.9951847266721956 0
outer loop
vertex 128.50000000000003 -108.00000000000037 5.1
vertex 128.9877258050404 -108.04803679899186 5.100000000000001
vertex 128.98772580504266 -108.04803679899251 1.6
endloop
endfacet
facet normal 0.09801714032957415 0.9951847266721956 0
outer loop
vertex 128.50000000000003 -108.00000000000037 5.1
vertex 128.98772580504266 -108.04803679899251 1.6
vertex 128.49999999999477 -107.99999999999984 1.6
endloop
endfacet
facet normal -0.09801714032957415 0.9951847266721956 0
outer loop
vertex 128.01227419495956 -108.04803679899126 5.1
vertex 128.50000000000003 -108.00000000000037 5.1
vertex 128.49999999999477 -107.99999999999984 1.6
endloop
endfacet
facet normal -0.09801714032957415 0.9951847266721956 0
outer loop
vertex 128.01227419495956 -108.04803679899126 5.1
vertex 128.49999999999477 -107.99999999999984 1.6
vertex 128.01227419497187 -108.04803679899251 1.6
endloop
endfacet
facet normal -0.29028467725447593 0.9569403357322049 0
outer loop
vertex 127.54329141908786 -108.1903011687235 5.100000000000001
vertex 128.01227419495956 -108.04803679899126 5.1
vertex 128.01227419497187 -108.04803679899251 1.6
endloop
endfacet
facet normal -0.29028467725447593 0.9569403357322049 0
outer loop
vertex 127.54329141908786 -108.1903011687235 5.100000000000001
vertex 128.01227419497187 -108.04803679899251 1.6
vertex 127.54329141907833 -108.19030116872074 1.6
endloop
endfacet
facet normal -0.4713967368259914 0.8819212643483584 0
outer loop
vertex 127.1110744174509 -108.42132596924344 5.1
vertex 127.54329141908786 -108.1903011687235 5.100000000000001
vertex 127.54329141907833 -108.19030116872074 1.6
endloop
endfacet
facet normal -0.4713967368259914 0.8819212643483584 0
outer loop
vertex 127.1110744174509 -108.42132596924344 5.1
vertex 127.54329141907833 -108.19030116872074 1.6
vertex 127.11107441745364 -108.4213259692443 1.6
endloop
endfacet
facet normal 0 0 1
outer loop
vertex 126.42132596924424 -109.11107441745139 5.1
vertex 126.48882871858224 -109.02882207939615 5.1
vertex 126.51248238784888 -109.00000000000165 5.1
endloop
endfacet
facet normal 0 0 1
outer loop
vertex 126.42132596924424 -109.11107441745139 5.1
vertex 126.51248238784888 -109.00000000000165 5.1
vertex 126.73223304703411 -108.73223304703414 5.1
endloop
endfacet
facet normal 0 0 1
outer loop
vertex 126.42132596924424 -109.11107441745139 5.1
vertex 126.73223304703411 -108.73223304703414 5.1
vertex 126.73223304703487 -108.73223304703438 1.6
endloop
endfacet
facet normal 0 0 1
outer loop
vertex 126.42132596924424 -109.11107441745139 5.1
vertex 126.73223304703487 -108.73223304703438 1.6
vertex 126.42132596923769 -109.11107441745389 1.6
endloop
endfacet
facet normal 0 0 -1
outer loop
vertex 126.1903011687206 -109.54329141908664 5.1
vertex 126.24586445164564 -109.43933982820789 5.1
vertex 126.34557442882836 -109.2527955815584 5.1
endloop
endfacet
facet normal 0 0 -1
outer loop
vertex 126.1903011687206 -109.54329141908664 5.1
vertex 126.34557442882836 -109.2527955815584 5.1
vertex 126.41966562597112 -109.11418070123375 5.1
endloop
endfacet
facet normal 0 0 -1
outer loop
vertex 126.1903011687206 -109.54329141908664 5.1
vertex 126.41966562597112 -109.11418070123375 5.1
vertex 126.42132596924424 -109.11107441745139 5.1
endloop
endfacet
facet normal 0 0 -1
outer loop
vertex 126.1903011687206 -109.54329141908664 5.1
vertex 126.42132596924424 -109.11107441745139 5.1
vertex 126.42132596923769 -109.11107441745389 1.6
endloop
endfacet
facet normal 0 0 -1
outer loop
vertex 126.1903011687206 -109.54329141908664 5.1
vertex 126.42132596923769 -109.11107441745389 1.6
vertex 126.19030116872256 -109.54329141908624 1.6
endloop
endfacet
facet normal 0.5031012632939907 -0.15261409973796178 0.8506456697316235
outer loop
vertex 126.04803679899142 -110.01227419495964 5.100000000000001
vertex 126.07421541863813 -109.92597485146408 5.1
vertex 126.15288237507282 -109.66664465045552 5.1
endloop
endfacet
facet normal 0.5031012632939907 -0.15261409973796178 0.8506456697316235
outer loop
vertex 126.04803679899142 -110.01227419495964 5.100000000000001
vertex 126.15288237507282 -109.66664465045552 5.1
vertex 126.1903011687206 -109.54329141908664 5.1
endloop
endfacet
facet normal 0.5031012632939907 -0.15261409973796178 0.8506456697316235
outer loop
vertex 126.04803679899142 -110.01227419495964 5.100000000000001
vertex 126.1903011687206 -109.54329141908664 5.1
vertex 126.19030116872256 -109.54329141908624 1.6
endloop
endfacet
facet normal 0.5031012632939907 -0.15261409973796178 0.8506456697316235
outer loop
vertex 126.04803679899142 -110.01227419495964 5.100000000000001
vertex 126.19030116872256 -109.54329141908624 1.6
vertex 126.04803679899179 -110.01227419495943 1.6
endloop
endfacet
facet normal 0.8836360945335604 -0.08703055900712844 -0.46001405873775586
outer loop
vertex 125.9999999999998 -110.4999999999998 5.100000000000001
vertex 126.0288220793954 -110.20736451696935 5.1
vertex 126.04803679899142 -110.01227419495964 5.100000000000001
endloop
endfacet
facet normal 0.8836360945335604 -0.08703055900712844 -0.46001405873775586
outer loop
vertex 125.9999999999998 -110.4999999999998 5.100000000000001
vertex 126.04803679899142 -110.01227419495964 5.100000000000001
vertex 126.04803679899179 -110.01227419495943 1.6
endloop
endfacet
facet normal 0.8836360945335604 -0.08703055900712844 -0.46001405873775586
outer loop
vertex 125.9999999999998 -110.4999999999998 5.100000000000001
vertex 126.04803679899179 -110.01227419495943 1.6
vertex 126.00000000000038 -110.5 1.6
endloop
endfacet
facet normal 0.2900700440367087 0.02856940570941012 -0.956578882586247
outer loop
vertex 126.04803679899236 -110.98772580504038 5.100000000000001
vertex 126.02882207939535 -110.79263548302441 5.1
vertex 125.9999999999998 -110.4999999999998 5.100000000000001
endloop
endfacet
facet normal 0.2900700440367087 0.02856940570941012 -0.956578882586247
outer loop
vertex 126.04803679899236 -110.98772580504038 5.100000000000001
vertex 125.9999999999998 -110.4999999999998 5.100000000000001
vertex 126.00000000000038 -110.5 1.6
endloop
endfacet
facet normal 0.2900700440367087 0.02856940570941012 -0.956578882586247
outer loop
vertex 126.04803679899236 -110.98772580504038 5.100000000000001
vertex 126.00000000000038 -110.5 1.6
vertex 126.04803679899271 -110.98772580504635 1.6
endloop
endfacet
facet normal 0 0 1
outer loop
vertex 126.19030116872136 -111.45670858091283 5.1
vertex 126.15288237507217 -111.33335534953925 5.1
vertex 126.07421541863508 -111.0740251485228 5.1
endloop
endfacet
facet normal 0 0 1
outer loop
vertex 126.19030116872136 -111.45670858091283 5.1
vertex 126.07421541863508 -111.0740251485228 5.1
vertex 126.04803679899236 -110.98772580504038 5.100000000000001
endloop
endfacet
facet normal 0 0 1
outer loop
vertex 126.19030116872136 -111.45670858091283 5.1
vertex 126.04803679899236 -110.98772580504038 5.100000000000001
vertex 126.04803679899271 -110.98772580504635 1.6
endloop
endfacet
facet normal 0 0 1
outer loop
vertex 126.19030116872136 -111.45670858091283 5.1
vertex 126.04803679899271 -110.98772580504635 1.6
vertex 126.19030116871701 -111.45670858090608 1.6
endloop
endfacet
facet normal 0.4186203293200099 0.22375722776012907 0.8801645998931724
outer loop
vertex 126.42132596924581 -111.88892558254778 5.100000000000001
vertex 126.4196656259752 -111.8858192987701 5.1
vertex 126.34557442883514 -111.74720441845108 5.1
endloop
endfacet
facet normal 0.4186203293200099 0.22375722776012907 0.8801645998931724
outer loop
vertex 126.42132596924581 -111.88892558254778 5.100000000000001
vertex 126.34557442883514 -111.74720441845108 5.1
vertex 126.24586445163942 -111.56066017177807 5.1
endloop
endfacet
facet normal 0.4186203293200099 0.22375722776012907 0.8801645998931724
outer loop
vertex 126.42132596924581 -111.88892558254778 5.100000000000001
vertex 126.24586445163942 -111.56066017177807 5.1
vertex 126.19030116872136 -111.45670858091283 5.1
endloop
endfacet
facet normal 0.4186203293200099 0.22375722776012907 0.8801645998931724
outer loop
vertex 126.42132596924581 -111.88892558254778 5.100000000000001
vertex 126.19030116872136 -111.45670858091283 5.1
vertex 126.19030116871701 -111.45670858090608 1.6
endloop
endfacet
facet normal 0.4186203293200099 0.22375722776012907 0.8801645998931724
outer loop
vertex 126.42132596924581 -111.88892558254778 5.100000000000001
vertex 126.19030116871701 -111.45670858090608 1.6
vertex 126.42132596924817 -111.88892558255273 1.6
endloop
endfacet
facet normal -0.05492391148012469 -0.045074889260894486 -0.9974726153162509
outer loop
vertex 126.73223304703481 -112.26776695296552 5.099999999999998
vertex 126.51248238785274 -112.00000000000077 5.1
vertex 126.48882871858382 -111.97117792060337 5.1
endloop
endfacet
facet normal -0.05492391148012469 -0.045074889260894486 -0.9974726153162509
outer loop
vertex 126.73223304703481 -112.26776695296552 5.099999999999998
vertex 126.48882871858382 -111.97117792060337 5.1
vertex 126.42132596924581 -111.88892558254778 5.100000000000001
endloop
endfacet
facet normal -0.05492391148012469 -0.045074889260894486 -0.9974726153162509
outer loop
vertex 126.73223304703481 -112.26776695296552 5.099999999999998
vertex 126.42132596924581 -111.88892558254778 5.100000000000001
vertex 126.42132596924817 -111.88892558255273 1.6
endloop
endfacet
facet normal -0.05492391148012469 -0.045074889260894486 -0.9974726153162509
outer loop
vertex 126.73223304703481 -112.26776695296552 5.099999999999998
vertex 126.42132596924817 -111.88892558255273 1.6
vertex 126.73223304704538 -112.26776695297839 1.6
endloop
endfacet
facet normal -0.634393284163652 -0.7730104533627317 0
outer loop
vertex 127.11107441744981 -112.57867403075777 5.100000000000001
vertex 126.73223304703481 -112.26776695296552 5.099999999999998
vertex 126.73223304704538 -112.26776695297839 1.6
endloop
endfacet
facet normal -0.634393284163652 -0.7730104533627317 0
outer loop
vertex 127.11107441744981 -112.57867403075777 5.100000000000001
vertex 126.73223304704538 -112.26776695297839 1.6
vertex 127.11107441746046 -112.5786740307665 1.6
endloop
endfacet
facet normal -0.4713967368259944 -0.8819212643483568 0
outer loop
vertex 127.54329141908511 -112.80969883128216 5.100000000000001
vertex 127.11107441744981 -112.57867403075777 5.100000000000001
vertex 127.11107441746046 -112.5786740307665 1.6
endloop
endfacet
facet normal -0.4713967368259944 -0.8819212643483568 0
outer loop
vertex 127.54329141908511 -112.80969883128216 5.100000000000001
vertex 127.11107441746046 -112.5786740307665 1.6
vertex 127.54329141906913 -112.80969883127362 1.6
endloop
endfacet
facet normal -0.2902846772544479 -0.9569403357322133 0
outer loop
vertex 128.01227419495947 -112.95196320100891 5.1
vertex 127.54329141908511 -112.80969883128216 5.100000000000001
vertex 127.54329141906913 -112.80969883127362 1.6
endloop
endfacet
facet normal -0.2902846772544479 -0.9569403357322133 0
outer loop
vertex 128.01227419495947 -112.95196320100891 5.1
vertex 127.54329141906913 -112.80969883127362 1.6
vertex 128.0122741949597 -112.95196320100898 1.6
endloop
endfacet
facet normal -0.09801714032957415 -0.9951847266721956 0
outer loop
vertex 128.4999999999999 -113.00000000000091 5.1
vertex 128.01227419495947 -112.95196320100891 5.1
vertex 128.0122741949597 -112.95196320100898 1.6
endloop
endfacet
facet normal -0.09801714032957415 -0.9951847266721956 0
outer loop
vertex 128.4999999999999 -113.00000000000091 5.1
vertex 128.0122741949597 -112.95196320100898 1.6
vertex 128.49999999999173 -113.00000000000009 1.6
endloop
endfacet
facet normal 0.09801714032957415 -0.9951847266721956 0
outer loop
vertex 128.98772580504033 -112.95196320100743 5.1
vertex 128.4999999999999 -113.00000000000091 5.1
vertex 128.49999999999173 -113.00000000000009 1.6
endloop
endfacet
facet normal 0.09801714032957415 -0.9951847266721956 0
outer loop
vertex 128.98772580504033 -112.95196320100743 5.1
vertex 128.49999999999173 -113.00000000000009 1.6
vertex 128.98772580502452 -112.95196320100898 1.6
endloop
endfacet
facet normal 0.2902846772544479 -0.9569403357322133 0
outer loop
vertex 129.45670858091304 -112.80969883127929 5.1
vertex 128.98772580504033 -112.95196320100743 5.1
vertex 128.98772580502452 -112.95196320100898 1.6
endloop
endfacet
facet normal 0.2902846772544479 -0.9569403357322133 0
outer loop
vertex 129.45670858091304 -112.80969883127929 5.1
vertex 128.98772580502452 -112.95196320100898 1.6
vertex 129.45670858093507 -112.80969883127362 1.6
endloop
endfacet
facet normal 0.4713967368308875 -0.8819212643457413 1.5379320670586334e-12
outer loop
vertex 129.88892558254818 -112.57867403075497 5.1
vertex 129.45670858091304 -112.80969883127929 5.1
vertex 129.45670858093507 -112.80969883127362 1.6
endloop
endfacet
facet normal 0.4713967368308875 -0.8819212643457413 1.5379320670586334e-12
outer loop
vertex 129.88892558254818 -112.57867403075497 5.1
vertex 129.45670858093507 -112.80969883127362 1.6
vertex 129.63495379273613 -112.71442478062687 1.6
endloop
endfacet
facet normal 0.4713967368308875 -0.8819212643457413 1.5379320670586334e-12
outer loop
vertex 129.88892558254818 -112.57867403075497 5.1
vertex 129.63495379273613 -112.71442478062687 1.6
vertex 129.88892558252664 -112.5786740307665 1.6
endloop
endfacet
facet normal 0.6343932841606696 -0.773010453365179 -1.3563468763698832e-12
outer loop
vertex 130.26776695296653 -112.26776695296661 5.100000000000001
vertex 129.88892558254818 -112.57867403075497 5.1
vertex 129.88892558252664 -112.5786740307665 1.6
endloop
endfacet
facet normal 0.6343932841606696 -0.773010453365179 -1.3563468763698832e-12
outer loop
vertex 130.26776695296653 -112.26776695296661 5.100000000000001
vertex 129.88892558252664 -112.5786740307665 1.6
vertex 130.02389058741136 -112.46791111376207 1.6
endloop
endfacet
facet normal 0.6343932841606696 -0.773010453365179 -1.3563468763698832e-12
outer loop
vertex 130.26776695296653 -112.26776695296661 5.100000000000001
vertex 130.02389058741136 -112.46791111376207 1.6
vertex 130.26754489353655 -112.26794919243106 1.6
endloop
endfacet
facet normal 0.6343932841606696 -0.773010453365179 -1.3563468763698832e-12
outer loop
vertex 130.26776695296653 -112.26776695296661 5.100000000000001
vertex 130.26754489353655 -112.26794919243106 1.6
vertex 130.26776695295212 -112.26776695297839 1.6
endloop
endfacet
facet normal -0.001854110089532922 0.0015216288263363562 0.9999971234566082
outer loop
vertex 130.57867403075653 -111.88892558254902 5.100000000000001
vertex 130.5111712814185 -111.97117792060337 5.1
vertex 130.48751761214956 -112.00000000000077 5.1
endloop
endfacet
facet normal -0.001854110089532922 0.0015216288263363562 0.9999971234566082
outer loop
vertex 130.57867403075653 -111.88892558254902 5.100000000000001
vertex 130.48751761214956 -112.00000000000077 5.1
vertex 130.26776695296653 -112.26776695296661 5.100000000000001
endloop
endfacet
facet normal -0.001854110089532922 0.0015216288263363562 0.9999971234566082
outer loop
vertex 130.57867403075653 -111.88892558254902 5.100000000000001
vertex 130.26776695296653 -112.26776695296661 5.100000000000001
vertex 130.26776695295212 -112.26776695297839 1.6
endloop
endfacet
facet normal -0.001854110089532922 0.0015216288263363562 0.9999971234566082
outer loop
vertex 130.57867403075653 -111.88892558254902 5.100000000000001
vertex 130.26776695295212 -112.26776695297839 1.6
vertex 130.38853163804782 -112.12061475842822 1.6
endloop
endfacet
facet normal -0.001854110089532922 0.0015216288263363562 0.9999971234566082
outer loop
vertex 130.57867403075653 -111.88892558254902 5.100000000000001
vertex 130.38853163804782 -112.12061475842822 1.6
vertex 130.46258170237496 -112.0303844939756 1.6
endloop
endfacet
facet normal -0.001854110089532922 0.0015216288263363562 0.9999971234566082
outer loop
vertex 130.57867403075653 -111.88892558254902 5.100000000000001
vertex 130.46258170237496 -112.0303844939756 1.6
vertex 130.48751761215084 -112 1.6
endloop
endfacet
facet normal -0.001854110089532922 0.0015216288263363562 0.9999971234566082
outer loop
vertex 130.57867403075653 -111.88892558254902 5.100000000000001
vertex 130.48751761215084 -112 1.6
vertex 130.57867403075343 -111.88892558255273 1.6
endloop
endfacet
facet normal 0 0 -1
outer loop
vertex 130.80969883127753 -111.45670858091233 5.1
vertex 130.7541355483603 -111.56066017177807 5.1
vertex 130.6544255711661 -111.74720441845108 5.1
endloop
endfacet
facet normal 0 0 -1
outer loop
vertex 130.80969883127753 -111.45670858091233 5.1
vertex 130.6544255711661 -111.74720441845108 5.1
vertex 130.58033437402713 -111.8858192987701 5.1
endloop
endfacet
facet normal 0 0 -1
outer loop
vertex 130.80969883127753 -111.45670858091233 5.1
vertex 130.58033437402713 -111.8858192987701 5.1
vertex 130.57867403075653 -111.88892558254902 5.100000000000001
endloop
endfacet
facet normal 0 0 -1
outer loop
vertex 130.80969883127753 -111.45670858091233 5.1
vertex 130.57867403075653 -111.88892558254902 5.100000000000001
vertex 130.57867403075343 -111.88892558255273 1.6
endloop
endfacet
facet normal 0 0 -1
outer loop
vertex 130.80969883127753 -111.45670858091233 5.1
vertex 130.57867403075343 -111.88892558255273 1.6
vertex 130.80969883128085 -111.45670858090608 1.6
endloop
endfacet
facet normal 0 0 -1
outer loop
vertex 130.95196320100746 -110.98772580504034 5.1
vertex 130.92578458136458 -111.0740251485228 5.1
vertex 130.84711762492697 -111.33335534953925 5.1
endloop
endfacet
facet normal 0 0 -1
outer loop
vertex 130.95196320100746 -110.98772580504034 5.1
vertex 130.84711762492697 -111.33335534953925 5.1
vertex 130.80969883127753 -111.45670858091233 5.1
endloop
endfacet
facet normal 0 0 -1
outer loop
vertex 130.95196320100746 -110.98772580504034 5.1
vertex 130.80969883127753 -111.45670858091233 5.1
vertex 130.80969883128085 -111.45670858090608 1.6
endloop
endfacet
facet normal 0 0 -1
outer loop
vertex 130.95196320100746 -110.98772580504034 5.1
vertex 130.80969883128085 -111.45670858090608 1.6
vertex 130.95196320100686 -110.98772580504635 1.6
endloop
endfacet
facet normal -0.1349022322798497 0.01328671017325886 0.9907698274870331
outer loop
vertex 187.62000000000023 -59.62499999999986 5.100000000000001
vertex 187.59117792060496 -59.91763548302503 5.1
vertex 187.57196320100826 -60.11272580504059 5.100000000000001
endloop
endfacet
facet normal -0.1349022322798497 0.01328671017325886 0.9907698274870331
outer loop
vertex 187.62000000000023 -59.62499999999986 5.100000000000001
vertex 187.57196320100826 -60.11272580504059 5.100000000000001
vertex 187.57196320100823 -60.1127258050405 1.6
endloop
endfacet
facet normal -0.1349022322798497 0.01328671017325886 0.9907698274870331
outer loop
vertex 187.62000000000023 -59.62499999999986 5.100000000000001
vertex 187.57196320100823 -60.1127258050405 1.6
vertex 187.62000000000012 -59.62500000000005 1.6
endloop
endfacet
facet normal -0.22621285634136695 -0.022280021678643614 -0.9738230559295046
outer loop
vertex 187.571963201008 -59.13727419495972 5.100000000000001
vertex 187.59117792060644 -59.3323645169914 5.1
vertex 187.62000000000023 -59.62499999999986 5.100000000000001
endloop
endfacet
facet normal -0.22621285634136695 -0.022280021678643614 -0.9738230559295046
outer loop
vertex 187.571963201008 -59.13727419495972 5.100000000000001
vertex 187.62000000000023 -59.62499999999986 5.100000000000001
vertex 187.62000000000012 -59.62500000000005 1.6
endloop
endfacet
facet normal -0.22621285634136695 -0.022280021678643614 -0.9738230559295046
outer loop
vertex 187.571963201008 -59.13727419495972 5.100000000000001
vertex 187.62000000000012 -59.62500000000005 1.6
vertex 187.5719632010082 -59.13727419496213 1.6
endloop
endfacet
facet normal -0.8689564123715479 -0.2635950458932042 -0.4188465174487282
outer loop
vertex 187.42969883127768 -58.668291419087495 5.100000000000001
vertex 187.46711762492862 -58.79164465046563 5.1
vertex 187.54578458135302 -59.05097485143773 5.1
endloop
endfacet
facet normal -0.8689564123715479 -0.2635950458932042 -0.4188465174487282
outer loop
vertex 187.42969883127768 -58.668291419087495 5.100000000000001
vertex 187.54578458135302 -59.05097485143773 5.1
vertex 187.571963201008 -59.13727419495972 5.100000000000001
endloop
endfacet
facet normal -0.8689564123715479 -0.2635950458932042 -0.4188465174487282
outer loop
vertex 187.42969883127768 -58.668291419087495 5.100000000000001
vertex 187.571963201008 -59.13727419495972 5.100000000000001
vertex 187.5719632010082 -59.13727419496213 1.6
endloop
endfacet
facet normal -0.8689564123715479 -0.2635950458932042 -0.4188465174487282
outer loop
vertex 187.42969883127768 -58.668291419087495 5.100000000000001
vertex 187.5719632010082 -59.13727419496213 1.6
vertex 187.42969883127455 -58.668291419077214 1.6
endloop
endfacet
facet normal 0 0 -1
outer loop
vertex 187.19867403075773 -58.236074417450354 5.1
vertex 187.20033437402793 -58.23918070122733 5.1
vertex 187.27442557117456 -58.37779558156205 5.1
endloop
endfacet
facet normal 0 0 -1
outer loop
vertex 187.19867403075773 -58.236074417450354 5.1
vertex 187.27442557117456 -58.37779558156205 5.1
vertex 187.37413554836405 -58.564339828228 5.1
endloop
endfacet
facet normal 0 0 -1
outer loop
vertex 187.19867403075773 -58.236074417450354 5.1
vertex 187.37413554836405 -58.564339828228 5.1
vertex 187.42969883127768 -58.668291419087495 5.100000000000001
endloop
endfacet
facet normal 0 0 -1
outer loop
vertex 187.19867403075773 -58.236074417450354 5.1
vertex 187.42969883127768 -58.668291419087495 5.100000000000001
vertex 187.42969883127455 -58.668291419077214 1.6
endloop
endfacet
facet normal 0 0 -1
outer loop
vertex 187.19867403075773 -58.236074417450354 5.1
vertex 187.42969883127455 -58.668291419077214 1.6
vertex 187.19867403076387 -58.23607441746185 1.6
endloop
endfacet
facet normal 0 0 -1
outer loop
vertex 186.88776695296548 -57.85723304703423 5.1
vertex 187.10751761215198 -58.12500000000044 5.1
vertex 187.13117128141855 -58.15382207939456 5.1
endloop
endfacet
facet normal 0 0 -1
outer loop
vertex 186.88776695296548 -57.85723304703423 5.1
vertex 187.13117128141855 -58.15382207939456 5.1
vertex 187.19867403075773 -58.236074417450354 5.1
endloop
endfacet
facet normal 0 0 -1
outer loop
vertex 186.88776695296548 -57.85723304703423 5.1
vertex 187.19867403075773 -58.236074417450354 5.1
vertex 187.19867403076387 -58.23607441746185 1.6
endloop
endfacet
facet normal 0 0 -1
outer loop
vertex 186.88776695296548 -57.85723304703423 5.1
vertex 187.19867403076387 -58.23607441746185 1.6
vertex 186.8877669529676 -57.857233047036814 1.6
endloop
endfacet
facet normal 0.6343932841636364 0.7730104533627445 0
outer loop
vertex 186.50892558254796 -57.54632596924493 5.100000000000001
vertex 186.88776695296548 -57.85723304703423 5.1
vertex 186.8877669529676 -57.857233047036814 1.6
endloop
endfacet
facet normal 0.6343932841636364 0.7730104533627445 0
outer loop
vertex 186.50892558254796 -57.54632596924493 5.100000000000001
vertex 186.8877669529676 -57.857233047036814 1.6
vertex 186.50892558253872 -57.54632596923737 1.6
endloop
endfacet
facet normal 0.4713967368259944 0.8819212643483568 0
outer loop
vertex 186.07670858091308 -57.31530116872121 5.100000000000001
vertex 186.50892558254796 -57.54632596924493 5.100000000000001
vertex 186.50892558253872 -57.54632596923737 1.6
endloop
endfacet
facet normal 0.4713967368259944 0.8819212643483568 0
outer loop
vertex 186.07670858091308 -57.31530116872121 5.100000000000001
vertex 186.50892558253872 -57.54632596923737 1.6
vertex 186.07670858091836 -57.31530116872403 1.6
endloop
endfacet
facet normal 0.2902846772544609 0.9569403357322093 0
outer loop
vertex 185.6077258050402 -57.17303679899242 5.1
vertex 186.07670858091308 -57.31530116872121 5.100000000000001
vertex 186.07670858091836 -57.31530116872403 1.6
endloop
endfacet
facet normal 0.2902846772544609 0.9569403357322093 0
outer loop
vertex 185.6077258050402 -57.17303679899242 5.1
vertex 186.07670858091836 -57.31530116872403 1.6
vertex 185.60772580503996 -57.17303679899235 1.6
endloop
endfacet
facet normal 0.09801714032956002 0.9951847266721969 0
outer loop
vertex 185.11999999999986 -57.12500000000045 5.1
vertex 185.6077258050402 -57.17303679899242 5.1
vertex 185.60772580503996 -57.17303679899235 1.6
endloop
endfacet
facet normal 0.09801714032956002 0.9951847266721969 0
outer loop
vertex 185.11999999999986 -57.12500000000045 5.1
vertex 185.60772580503996 -57.17303679899235 1.6
vertex 185.11999999999563 -57.12500000000003 1.6
endloop
endfacet
facet normal -0.09801714032955997 0.9951847266721969 0
outer loop
vertex 184.63227419495965 -57.173036798991525 5.1
vertex 185.11999999999986 -57.12500000000045 5.1
vertex 185.11999999999563 -57.12500000000003 1.6
endloop
endfacet
facet normal -0.09801714032955997 0.9951847266721969 0
outer loop
vertex 184.63227419495965 -57.173036798991525 5.1
vertex 185.11999999999563 -57.12500000000003 1.6
vertex 184.6322741949599 -57.17303679899235 1.6
endloop
endfacet
facet normal -0.2902846772545869 0.9569403357321712 -2.4656880553680744e-13
outer loop
vertex 184.1632914190872 -57.31530116872147 5.1
vertex 184.63227419495965 -57.173036798991525 5.1
vertex 184.6322741949599 -57.17303679899235 1.6
endloop
endfacet
facet normal -0.2902846772545869 0.9569403357321712 -2.4656880553680744e-13
outer loop
vertex 184.1632914190872 -57.31530116872147 5.1
vertex 184.6322741949599 -57.17303679899235 1.6
vertex 184.23584783989043 -57.293291419096384 1.6
endloop
endfacet
facet normal -0.2902846772545869 0.9569403357321712 -2.4656880553680744e-13
outer loop
vertex 184.1632914190872 -57.31530116872147 5.1
vertex 184.23584783989043 -57.293291419096384 1.6
vertex 184.16329141908994 -57.31530116872403 1.6
endloop
endfacet
facet normal -0.47139673682600847 0.8819212643483494 0
outer loop
vertex 183.73107441745114 -57.54632596924389 5.100000000000001
vertex 184.1632914190872 -57.31530116872147 5.1
vertex 184.16329141908994 -57.31530116872403 1.6
endloop
endfacet
facet normal -0.47139673682600847 0.8819212643483494 0
outer loop
vertex 183.73107441745114 -57.54632596924389 5.100000000000001
vertex 184.16329141908994 -57.31530116872403 1.6
vertex 183.73107441744995 -57.54632596923737 1.6
endloop
endfacet
facet normal -0.6343932841632158 0.7730104533630896 1.6554155171584016e-12
outer loop
vertex 183.3522330470338 -57.85723304703352 5.100000000000001
vertex 183.73107441745114 -57.54632596924389 5.100000000000001
vertex 183.73107441744995 -57.54632596923737 1.6
endloop
endfacet
facet normal -0.6343932841632158 0.7730104533630896 1.6554155171584016e-12
outer loop
vertex 183.3522330470338 -57.85723304703352 5.100000000000001
vertex 183.73107441744995 -57.54632596923737 1.6
vertex 183.46794074307675 -57.76227419495538 1.6
endloop
endfacet
facet normal -0.6343932841632158 0.7730104533630896 1.6554155171584016e-12
outer loop
vertex 183.3522330470338 -57.85723304703352 5.100000000000001
vertex 183.46794074307675 -57.76227419495538 1.6
vertex 183.35223304702922 -57.857233047036814 1.6
endloop
endfacet
facet normal 0 0 -1
outer loop
vertex 183.0413259692427 -58.236074417450396 5.1
vertex 183.1088287185815 -58.15382207939456 5.1
vertex 183.13248238784794 -58.12500000000044 5.1
endloop
endfacet
facet normal 0 0 -1
outer loop
vertex 183.0413259692427 -58.236074417450396 5.1
vertex 183.13248238784794 -58.12500000000044 5.1
vertex 183.3522330470338 -57.85723304703352 5.100000000000001
endloop
endfacet
facet normal 0 0 -1
outer loop
vertex 183.0413259692427 -58.236074417450396 5.1
vertex 183.3522330470338 -57.85723304703352 5.100000000000001
vertex 183.35223304702922 -57.857233047036814 1.6
endloop
endfacet
facet normal 0 0 -1
outer loop
vertex 183.0413259692427 -58.236074417450396 5.1
vertex 183.35223304702922 -57.857233047036814 1.6
vertex 183.04132596924637 -58.23607441746185 1.6
endloop
endfacet
facet normal 0 0 1
outer loop
vertex 182.8103011687218 -58.668291419087275 5.1
vertex 182.86586445163564 -58.564339828228 5.1
vertex 182.96557442882553 -58.37779558156205 5.1
endloop
endfacet
facet normal 0 0 1
outer loop
vertex 182.8103011687218 -58.668291419087275 5.1
vertex 182.96557442882553 -58.37779558156205 5.1
vertex 183.0396656259725 -58.23918070122733 5.1
endloop
endfacet
facet normal 0 0 1
outer loop
vertex 182.8103011687218 -58.668291419087275 5.1
vertex 183.0396656259725 -58.23918070122733 5.1
vertex 183.0413259692427 -58.236074417450396 5.1
endloop
endfacet
facet normal 0 0 1
outer loop
vertex 182.8103011687218 -58.668291419087275 5.1
vertex 183.0413259692427 -58.236074417450396 5.1
vertex 183.04132596924637 -58.23607441746185 1.6
endloop
endfacet
facet normal 0 0 1
outer loop
vertex 182.8103011687218 -58.668291419087275 5.1
vertex 183.04132596924637 -58.23607441746185 1.6
vertex 183.03388259029666 -58.24999999999991 1.6
endloop
endfacet
facet normal 0 0 1
outer loop
vertex 182.8103011687218 -58.668291419087275 5.1
vertex 183.03388259029666 -58.24999999999991 1.6
vertex 182.81030116872213 -58.668291419077214 1.6
endloop
endfacet
facet normal 0.1451771898882824 -0.04403901908798166 0.988425084836433
outer loop
vertex 182.6680367989921 -59.13727419495975 5.100000000000001
vertex 182.69421541864696 -59.05097485143773 5.1
vertex 182.77288237507096 -58.79164465046563 5.1
endloop
endfacet
facet normal 0.1451771898882824 -0.04403901908798166 0.988425084836433
outer loop
vertex 182.6680367989921 -59.13727419495975 5.100000000000001
vertex 182.77288237507096 -58.79164465046563 5.1
vertex 182.8103011687218 -58.668291419087275 5.1
endloop
endfacet
facet normal 0.1451771898882824 -0.04403901908798166 0.988425084836433
outer loop
vertex 182.6680367989921 -59.13727419495975 5.100000000000001
vertex 182.8103011687218 -58.668291419087275 5.1
vertex 182.81030116872213 -58.668291419077214 1.6
endloop
endfacet
facet normal 0.1451771898882824 -0.04403901908798166 0.988425084836433
outer loop
vertex 182.6680367989921 -59.13727419495975 5.100000000000001
vertex 182.81030116872213 -58.668291419077214 1.6
vertex 182.789238478013 -58.737725805042075 1.6
endloop
endfacet
facet normal 0.1451771898882824 -0.04403901908798166 0.988425084836433
outer loop
vertex 182.6680367989921 -59.13727419495975 5.100000000000001
vertex 182.789238478013 -58.737725805042075 1.6
vertex 182.66803679899186 -59.13727419496213 1.6
endloop
endfacet
facet normal 0.49854952829624904 -0.04910284268508089 -0.8654693978852352
outer loop
vertex 182.62000000000006 -59.624999999999844 5.100000000000001
vertex 182.64882207939374 -59.3323645169914 5.1
vertex 182.6680367989921 -59.13727419495975 5.100000000000001
endloop
endfacet
facet normal 0.49854952829624904 -0.04910284268508089 -0.8654693978852352
outer loop
vertex 182.62000000000006 -59.624999999999844 5.100000000000001
vertex 182.6680367989921 -59.13727419495975 5.100000000000001
vertex 182.66803679899186 -59.13727419496213 1.6
endloop
endfacet
facet normal 0.49854952829624904 -0.04910284268508089 -0.8654693978852352
outer loop
vertex 182.62000000000006 -59.624999999999844 5.100000000000001
vertex 182.66803679899186 -59.13727419496213 1.6
vertex 182.66119810887838 -59.20670858091152 1.6
endloop
endfacet
facet normal 0.49854952829624904 -0.04910284268508089 -0.8654693978852352
outer loop
vertex 182.62000000000006 -59.624999999999844 5.100000000000001
vertex 182.66119810887838 -59.20670858091152 1.6
vertex 182.62000000000026 -59.62500000000005 1.6
endloop
endfacet
facet normal 0.38288107768365937 0.037710494660131995 0.9230276263169417
outer loop
vertex 182.66803679899223 -60.11272580504055 5.100000000000001
vertex 182.64882207939544 -59.91763548302503 5.1
vertex 182.62000000000006 -59.624999999999844 5.100000000000001
endloop
endfacet
facet normal 0.38288107768365937 0.037710494660131995 0.9230276263169417
outer loop
vertex 182.66803679899223 -60.11272580504055 5.100000000000001
vertex 182.62000000000006 -59.624999999999844 5.100000000000001
vertex 182.62000000000026 -59.62500000000005 1.6
endloop
endfacet
facet normal 0.38288107768365937 0.037710494660131995 0.9230276263169417
outer loop
vertex 182.66803679899223 -60.11272580504055 5.100000000000001
vertex 182.62000000000026 -59.62500000000005 1.6
vertex 182.621371550168 -59.6389255825483 1.6
endloop
endfacet
facet normal 0.38288107768365937 0.037710494660131995 0.9230276263169417
outer loop
vertex 182.66803679899223 -60.11272580504055 5.100000000000001
vertex 182.621371550168 -59.6389255825483 1.6
vertex 182.65868416839095 -60.0177669529738 1.6
endloop
endfacet
facet normal 0.38288107768365937 0.037710494660131995 0.9230276263169417
outer loop
vertex 182.66803679899223 -60.11272580504055 5.100000000000001
vertex 182.65868416839095 -60.0177669529738 1.6
vertex 182.66803679899232 -60.1127258050405 1.6
endloop
endfacet
facet normal 0 0 -1
outer loop
vertex 182.81030116872176 -60.58170858091271 5.1
vertex 182.77288237506284 -60.45835534950768 5.1
vertex 182.69421541864358 -60.19902514855099 5.1
endloop
endfacet
facet normal 0 0 -1
outer loop
vertex 182.81030116872176 -60.58170858091271 5.1
vertex 182.69421541864358 -60.19902514855099 5.1
vertex 182.66803679899223 -60.11272580504055 5.100000000000001
endloop
endfacet
facet normal 0 0 -1
outer loop
vertex 182.81030116872176 -60.58170858091271 5.1
vertex 182.66803679899223 -60.11272580504055 5.100000000000001
vertex 182.66803679899232 -60.1127258050405 1.6
endloop
endfacet
facet normal 0 0 -1
outer loop
vertex 182.81030116872176 -60.58170858091271 5.1
vertex 182.66803679899232 -60.1127258050405 1.6
vertex 182.73354397709477 -60.32867403075979 1.6
endloop
endfacet
facet normal 0 0 -1
outer loop
vertex 182.81030116872176 -60.58170858091271 5.1
vertex 182.73354397709477 -60.32867403075979 1.6
vertex 182.8036245841623 -60.55969883127559 1.6
endloop
endfacet
facet normal 0 0 -1
outer loop
vertex 182.81030116872176 -60.58170858091271 5.1
vertex 182.8036245841623 -60.55969883127559 1.6
vertex 182.81030116872134 -60.58170858091273 1.6
endloop
endfacet
facet normal 0.00851380000925099 0.004550720914213949 0.9999534019885944
outer loop
vertex 183.04132596924384 -61.01392558254888 5.100000000000001
vertex 183.03966562597262 -61.01081929876963 5.1
vertex 182.96557442882562 -60.872204418436 5.1
endloop
endfacet
facet normal 0.00851380000925099 0.004550720914213949 0.9999534019885944
outer loop
vertex 183.04132596924384 -61.01392558254888 5.100000000000001
vertex 182.96557442882562 -60.872204418436 5.1
vertex 182.86586445165926 -60.68566017181568 5.1
endloop
endfacet
facet normal 0.00851380000925099 0.004550720914213949 0.9999534019885944
outer loop
vertex 183.04132596924384 -61.01392558254888 5.100000000000001
vertex 182.86586445165926 -60.68566017181568 5.1
vertex 182.81030116872176 -60.58170858091271 5.1
endloop
endfacet
facet normal 0.00851380000925099 0.004550720914213949 0.9999534019885944
outer loop
vertex 183.04132596924384 -61.01392558254888 5.100000000000001
vertex 182.81030116872176 -60.58170858091271 5.1
vertex 182.81030116872134 -60.58170858091273 1.6
endloop
endfacet
facet normal 0.00851380000925099 0.004550720914213949 0.9999534019885944
outer loop
vertex 183.04132596924384 -61.01392558254888 5.100000000000001
vertex 182.81030116872134 -60.58170858091273 1.6
vertex 182.87457860231265 -60.70196320100834 1.6
endloop
endfacet
facet normal 0.00851380000925099 0.004550720914213949 0.9999534019885944
outer loop
vertex 183.04132596924384 -61.01392558254888 5.100000000000001
vertex 182.87457860231265 -60.70196320100834 1.6
vertex 182.900254806309 -60.74999999999969 1.6
endloop
endfacet
facet normal 0.00851380000925099 0.004550720914213949 0.9999534019885944
outer loop
vertex 183.04132596924384 -61.01392558254888 5.100000000000001
vertex 182.900254806309 -60.74999999999969 1.6
vertex 183.04132596924703 -61.01392558254461 1.6
endloop
endfacet
facet normal 0 0 -1
outer loop
vertex 183.35223304703274 -61.39276695296701 5.1
vertex 183.13248238784942 -61.12500000000039 5.1
vertex 183.1088287185807 -61.09617792060318 5.1
endloop
endfacet
facet normal 0 0 -1
outer loop
vertex 183.35223304703274 -61.39276695296701 5.1
vertex 183.1088287185807 -61.09617792060318 5.1
vertex 183.04132596924384 -61.01392558254888 5.100000000000001
endloop
endfacet
facet normal 0 0 -1
outer loop
vertex 183.35223304703274 -61.39276695296701 5.1
vertex 183.04132596924384 -61.01392558254888 5.100000000000001
vertex 183.04132596924703 -61.01392558254461 1.6
endloop
endfacet
facet normal 0 0 -1
outer loop
vertex 183.35223304703274 -61.39276695296701 5.1
vertex 183.04132596924703 -61.01392558254461 1.6
vertex 183.35223304704058 -61.39276695297657 1.6
endloop
endfacet
facet normal -0.6343932841636286 -0.773010453362751 0
outer loop
vertex 183.7310744174489 -61.70367403075908 5.100000000000001
vertex 183.35223304703274 -61.39276695296701 5.1
vertex 183.35223304704058 -61.39276695297657 1.6
endloop
endfacet
facet normal -0.6343932841636286 -0.773010453362751 0
outer loop
vertex 183.7310744174489 -61.70367403075908 5.100000000000001
vertex 183.35223304704058 -61.39276695297657 1.6
vertex 183.73107441742968 -61.703674030743365 1.6
endloop
endfacet
facet normal -0.4713967368259909 -0.8819212643483587 0
outer loop
vertex 184.163291419088 -61.93469883127699 5.100000000000001
vertex 183.7310744174489 -61.70367403075908 5.100000000000001
vertex 183.73107441742968 -61.703674030743365 1.6
endloop
endfacet
facet normal -0.4713967368259909 -0.8819212643483587 0
outer loop
vertex 184.163291419088 -61.93469883127699 5.100000000000001
vertex 183.73107441742968 -61.703674030743365 1.6
vertex 184.16329141910808 -61.934698831287726 1.6
endloop
endfacet
facet normal -0.29028467725448154 -0.956940335732203 0
outer loop
vertex 184.63227419495877 -62.076963201011004 5.1
vertex 184.163291419088 -61.93469883127699 5.100000000000001
vertex 184.16329141910808 -61.934698831287726 1.6
endloop
endfacet
facet normal -0.29028467725448154 -0.956940335732203 0
outer loop
vertex 184.63227419495877 -62.076963201011004 5.1
vertex 184.16329141910808 -61.934698831287726 1.6
vertex 184.63227419494632 -62.07696320100723 1.6
endloop
endfacet
facet normal -0.09801714032955997 -0.9951847266721969 0
outer loop
vertex 185.11999999999992 -62.12500000000046 5.1
vertex 184.63227419495877 -62.076963201011004 5.1
vertex 184.63227419494632 -62.07696320100723 1.6
endloop
endfacet
facet normal -0.09801714032955997 -0.9951847266721969 0
outer loop
vertex 185.11999999999992 -62.12500000000046 5.1
vertex 184.63227419494632 -62.07696320100723 1.6
vertex 185.1199999999955 -62.12500000000003 1.6
endloop
endfacet
facet normal 0.09801714032955997 -0.9951847266721969 0
outer loop
vertex 185.60772580504027 -62.07696320100767 5.1
vertex 185.11999999999992 -62.12500000000046 5.1
vertex 185.1199999999955 -62.12500000000003 1.6
endloop
endfacet
facet normal 0.09801714032955997 -0.9951847266721969 0
outer loop
vertex 185.60772580504027 -62.07696320100767 5.1
vertex 185.1199999999955 -62.12500000000003 1.6
vertex 185.60772580504474 -62.07696320100723 1.6
endloop
endfacet
facet normal 0.2902846772544619 -0.956940335732209 0
outer loop
vertex 186.07670858091257 -61.934698831277956 5.1
vertex 185.60772580504027 -62.07696320100767 5.1
vertex 185.60772580504474 -62.07696320100723 1.6
endloop
endfacet
facet normal 0.2902846772544619 -0.956940335732209 0
outer loop
vertex 186.07670858091257 -61.934698831277956 5.1
vertex 185.60772580504474 -62.07696320100723 1.6
vertex 186.07670858087937 -61.934698831287726 1.6
endloop
endfacet
facet normal 0.47139673682600836 -0.8819212643483493 0
outer loop
vertex 186.50892558254907 -61.70367403075655 5.1
vertex 186.07670858091257 -61.934698831277956 5.1
vertex 186.07670858087937 -61.934698831287726 1.6
endloop
endfacet
facet normal 0.47139673682600836 -0.8819212643483493 0
outer loop
vertex 186.50892558254907 -61.70367403075655 5.1
vertex 186.07670858087937 -61.934698831287726 1.6
vertex 186.5089255825873 -61.703674030743365 1.6
endloop
endfacet
facet normal 0.6343932841636518 -0.7730104533627319 0
outer loop
vertex 186.88776695296696 -61.392766952967094 5.100000000000001
vertex 186.50892558254907 -61.70367403075655 5.1
vertex 186.5089255825873 -61.703674030743365 1.6
endloop
endfacet
facet normal 0.6343932841636518 -0.7730104533627319 0
outer loop
vertex 186.88776695296696 -61.392766952967094 5.100000000000001
vertex 186.5089255825873 -61.703674030743365 1.6
vertex 186.8877669529489 -61.39276695297657 1.6
endloop
endfacet
facet normal -0.02690007624352059 0.022076322044597193 -0.9993943275319688
outer loop
vertex 187.19867403075583 -61.01392558254849 5.100000000000001
vertex 187.13117128141874 -61.09617792060318 5.1
vertex 187.10751761215002 -61.12500000000039 5.1
endloop
endfacet
facet normal -0.02690007624352059 0.022076322044597193 -0.9993943275319688
outer loop
vertex 187.19867403075583 -61.01392558254849 5.100000000000001
vertex 187.10751761215002 -61.12500000000039 5.1
vertex 186.88776695296696 -61.392766952967094 5.100000000000001
endloop
endfacet
facet normal -0.02690007624352059 0.022076322044597193 -0.9993943275319688
outer loop
vertex 187.19867403075583 -61.01392558254849 5.100000000000001
vertex 186.88776695296696 -61.392766952967094 5.100000000000001
vertex 186.8877669529489 -61.39276695297657 1.6
endloop
endfacet
facet normal -0.02690007624352059 0.022076322044597193 -0.9993943275319688
outer loop
vertex 187.19867403075583 -61.01392558254849 5.100000000000001
vertex 186.8877669529489 -61.39276695297657 1.6
vertex 187.19867403075895 -61.01392558254461 1.6
endloop
endfacet
facet normal 0 0 1
outer loop
vertex 187.42969883127842 -60.5817085809128 5.1
vertex 187.37413554834077 -60.68566017181568 5.1
vertex 187.27442557117422 -60.872204418436 5.1
endloop
endfacet
facet normal 0 0 1
outer loop
vertex 187.42969883127842 -60.5817085809128 5.1
vertex 187.27442557117422 -60.872204418436 5.1
vertex 187.20033437402705 -61.01081929876963 5.1
endloop
endfacet
facet normal 0 0 1
outer loop
vertex 187.42969883127842 -60.5817085809128 5.1
vertex 187.20033437402705 -61.01081929876963 5.1
vertex 187.19867403075583 -61.01392558254849 5.100000000000001
endloop
endfacet
facet normal 0 0 1
outer loop
vertex 187.42969883127842 -60.5817085809128 5.1
vertex 187.19867403075583 -61.01392558254849 5.100000000000001
vertex 187.19867403075895 -61.01392558254461 1.6
endloop
endfacet
facet normal 0 0 1
outer loop
vertex 187.42969883127842 -60.5817085809128 5.1
vertex 187.19867403075895 -61.01392558254461 1.6
vertex 187.42969883127844 -60.58170858091273 1.6
endloop
endfacet
facet normal -0.9569341225476851 0.29028279250560324 0.0036035370180681103
outer loop
vertex 187.57196320100826 -60.11272580504059 5.100000000000001
vertex 187.54578458135688 -60.19902514855099 5.1
vertex 187.46711762493743 -60.45835534950768 5.1
endloop
endfacet
facet normal -0.9569341225476851 0.29028279250560324 0.0036035370180681103
outer loop
vertex 187.57196320100826 -60.11272580504059 5.100000000000001
vertex 187.46711762493743 -60.45835534950768 5.1
vertex 187.42969883127842 -60.5817085809128 5.1
endloop
endfacet
facet normal -0.9569341225476851 0.29028279250560324 0.0036035370180681103
outer loop
vertex 187.57196320100826 -60.11272580504059 5.100000000000001
vertex 187.42969883127842 -60.5817085809128 5.1
vertex 187.42969883127844 -60.58170858091273 1.6
endloop
endfacet
facet normal -0.9569341225476851 0.29028279250560324 0.0036035370180681103
outer loop
vertex 187.57196320100826 -60.11272580504059 5.100000000000001
vertex 187.42969883127844 -60.58170858091273 1.6
vertex 187.57196320100823 -60.1127258050405 1.6
endloop
endfacet
facet normal -0.1444852517744542 0.014230555211680105 0.989404620626991
outer loop
vertex 184.19999999999987 -117.14999999999989 5.100000000000001
vertex 184.17117792060242 -117.44263548304733 5.1
vertex 184.15196320100793 -117.63772580504039 5.100000000000001
endloop
endfacet
facet normal -0.1444852517744542 0.014230555211680105 0.989404620626991
outer loop
vertex 184.19999999999987 -117.14999999999989 5.100000000000001
vertex 184.15196320100793 -117.63772580504039 5.100000000000001
vertex 184.15196320100753 -117.63772580504431 1.6
endloop
endfacet
facet normal -0.1444852517744542 0.014230555211680105 0.989404620626991
outer loop
vertex 184.19999999999987 -117.14999999999989 5.100000000000001
vertex 184.15196320100753 -117.63772580504431 1.6
vertex 184.19999999999982 -117.14999999999995 1.6
endloop
endfacet
facet normal -0.18636132502819913 -0.018354988433328827 0.982309803948503
outer loop
vertex 184.15196320100847 -116.66227419495965 5.1
vertex 184.17117792060694 -116.85736451699512 5.1
vertex 184.19999999999987 -117.14999999999989 5.100000000000001
endloop
endfacet
facet normal -0.18636132502819913 -0.018354988433328827 0.982309803948503
outer loop
vertex 184.15196320100847 -116.66227419495965 5.1
vertex 184.19999999999987 -117.14999999999989 5.100000000000001
vertex 184.19999999999982 -117.14999999999995 1.6
endloop
endfacet
facet normal -0.18636132502819913 -0.018354988433328827 0.982309803948503
outer loop
vertex 184.15196320100847 -116.66227419495965 5.1
vertex 184.19999999999982 -117.14999999999995 1.6
vertex 184.15196320100645 -116.66227419493947 1.6
endloop
endfacet
facet normal 0 0 -1
outer loop
vertex 184.0096988312823 -116.19329141908602 5.1
vertex 184.0471176249334 -116.31664465046866 5.1
vertex 184.12578458135764 -116.57597485144856 5.1
endloop
endfacet
facet normal 0 0 -1
outer loop
vertex 184.0096988312823 -116.19329141908602 5.1
vertex 184.12578458135764 -116.57597485144856 5.1
vertex 184.15196320100847 -116.66227419495965 5.1
endloop
endfacet
facet normal 0 0 -1
outer loop
vertex 184.0096988312823 -116.19329141908602 5.1
vertex 184.15196320100847 -116.66227419495965 5.1
vertex 184.15196320100645 -116.66227419493947 1.6
endloop
endfacet
facet normal 0 0 -1
outer loop
vertex 184.0096988312823 -116.19329141908602 5.1
vertex 184.15196320100645 -116.66227419493947 1.6
vertex 184.0096988312891 -116.19329141910855 1.6
endloop
endfacet
facet normal 0 0 -1
outer loop
vertex 183.77867403075604 -115.76107441745125 5.1
vertex 183.78033437402843 -115.76418070123222 5.1
vertex 183.85442557116733 -115.90279558154793 5.1
endloop
endfacet
facet normal 0 0 -1
outer loop
vertex 183.77867403075604 -115.76107441745125 5.1
vertex 183.85442557116733 -115.90279558154793 5.1
vertex 183.9541355483605 -116.08933982821468 5.1
endloop
endfacet
facet normal 0 0 -1
outer loop
vertex 183.77867403075604 -115.76107441745125 5.1
vertex 183.9541355483605 -116.08933982821468 5.1
vertex 184.0096988312823 -116.19329141908602 5.1
endloop
endfacet
facet normal 0 0 -1
outer loop
vertex 183.77867403075604 -115.76107441745125 5.1
vertex 184.0096988312823 -116.19329141908602 5.1
vertex 184.0096988312891 -116.19329141910855 1.6
endloop
endfacet
facet normal 0 0 -1
outer loop
vertex 183.77867403075604 -115.76107441745125 5.1
vertex 184.0096988312891 -116.19329141910855 1.6
vertex 183.7786740307547 -115.76107441744875 1.6
endloop
endfacet
facet normal 0 0 1
outer loop
vertex 183.46776695296697 -115.38223304703324 5.1
vertex 183.68751761214955 -115.64999999999876 5.1
vertex 183.71117128141555 -115.67882207939259 5.1
endloop
endfacet
facet normal 0 0 1
outer loop
vertex 183.46776695296697 -115.38223304703324 5.1
vertex 183.71117128141555 -115.67882207939259 5.1
vertex 183.77867403075604 -115.76107441745125 5.1
endloop
endfacet
facet normal 0 0 1
outer loop
vertex 183.46776695296697 -115.38223304703324 5.1
vertex 183.77867403075604 -115.76107441745125 5.1
vertex 183.7786740307547 -115.76107441744875 1.6
endloop
endfacet
facet normal 0 0 1
outer loop
vertex 183.46776695296697 -115.38223304703324 5.1
vertex 183.7786740307547 -115.76107441744875 1.6
vertex 183.46776695296896 -115.38223304703567 1.6
endloop
endfacet
facet normal 0.6343932841636208 0.7730104533627572 0
outer loop
vertex 183.08892558254902 -115.07132596924359 5.1
vertex 183.46776695296697 -115.38223304703324 5.1
vertex 183.46776695296896 -115.38223304703567 1.6
endloop
endfacet
facet normal 0.6343932841636208 0.7730104533627572 0
outer loop
vertex 183.08892558254902 -115.07132596924359 5.1
vertex 183.46776695296896 -115.38223304703567 1.6
vertex 183.08892558256468 -115.07132596925645 1.6
endloop
endfacet
facet normal 0.471396736826014 0.8819212643483463 0
outer loop
vertex 182.65670858091084 -114.84030116872518 5.1
vertex 183.08892558254902 -115.07132596924359 5.1
vertex 183.08892558256468 -115.07132596925645 1.6
endloop
endfacet
facet normal 0.471396736826014 0.8819212643483463 0
outer loop
vertex 182.65670858091084 -114.84030116872518 5.1
vertex 183.08892558256468 -115.07132596925645 1.6
vertex 182.65670858091167 -114.84030116872563 1.6
endloop
endfacet
facet normal 0.29028467725446194 0.956940335732209 0
outer loop
vertex 182.1877258050403 -114.6980367989924 5.100000000000001
vertex 182.65670858091084 -114.84030116872518 5.1
vertex 182.65670858091167 -114.84030116872563 1.6
endloop
endfacet
facet normal 0.29028467725446194 0.956940335732209 0
outer loop
vertex 182.1877258050403 -114.6980367989924 5.100000000000001
vertex 182.65670858091167 -114.84030116872563 1.6
vertex 182.18772580504043 -114.69803679899245 1.6
endloop
endfacet
facet normal 0.09801714032957415 0.9951847266721956 0
outer loop
vertex 181.70000000000005 -114.65000000000052 5.1
vertex 182.1877258050403 -114.6980367989924 5.100000000000001
vertex 182.18772580504043 -114.69803679899245 1.6
endloop
endfacet
facet normal 0.09801714032957415 0.9951847266721956 0
outer loop
vertex 181.70000000000005 -114.65000000000052 5.1
vertex 182.18772580504043 -114.69803679899245 1.6
vertex 181.69999999999615 -114.65000000000013 1.6
endloop
endfacet
facet normal -0.09801714032957415 0.9951847266721956 0
outer loop
vertex 181.21227419495955 -114.69803679899172 5.1
vertex 181.70000000000005 -114.65000000000052 5.1
vertex 181.69999999999615 -114.65000000000013 1.6
endloop
endfacet
facet normal -0.09801714032957415 0.9951847266721956 0
outer loop
vertex 181.21227419495955 -114.69803679899172 5.1
vertex 181.69999999999615 -114.65000000000013 1.6
vertex 181.21227419496958 -114.69803679899245 1.6
endloop
endfacet
facet normal -0.2902846772544479 0.9569403357322133 0
outer loop
vertex 180.74329141908777 -114.84030116872344 5.1
vertex 181.21227419495955 -114.69803679899172 5.1
vertex 181.21227419496958 -114.69803679899245 1.6
endloop
endfacet
facet normal -0.2902846772544479 0.9569403357322133 0
outer loop
vertex 180.74329141908777 -114.84030116872344 5.1
vertex 181.21227419496958 -114.69803679899245 1.6
vertex 180.7432914190805 -114.84030116872563 1.6
endloop
endfacet
facet normal -0.4713967368259914 0.8819212643483584 0
outer loop
vertex 180.31107441745112 -115.07132596924382 5.1
vertex 180.74329141908777 -114.84030116872344 5.1
vertex 180.7432914190805 -114.84030116872563 1.6
endloop
endfacet
facet normal -0.4713967368259914 0.8819212643483584 0
outer loop
vertex 180.31107441745112 -115.07132596924382 5.1
vertex 180.7432914190805 -114.84030116872563 1.6
vertex 180.31107441745326 -115.07132596925645 1.6
endloop
endfacet
facet normal -0.6343932841636518 0.7730104533627319 0
outer loop
vertex 179.93223304703406 -115.38223304703415 5.100000000000001
vertex 180.31107441745112 -115.07132596924382 5.1
vertex 180.31107441745326 -115.07132596925645 1.6
endloop
endfacet
facet normal -0.6343932841636518 0.7730104533627319 0
outer loop
vertex 179.93223304703406 -115.38223304703415 5.100000000000001
vertex 180.31107441745326 -115.07132596925645 1.6
vertex 179.93223304703082 -115.38223304703567 1.6
endloop
endfacet
facet normal 0.005739594658294826 -0.00471036360401265 0.9999724343840066
outer loop
vertex 179.62132596924351 -115.76107441745096 5.100000000000001
vertex 179.68882871858435 -115.67882207939259 5.1
vertex 179.71248238785043 -115.64999999999876 5.1
endloop
endfacet
facet normal 0.005739594658294826 -0.00471036360401265 0.9999724343840066
outer loop
vertex 179.62132596924351 -115.76107441745096 5.100000000000001
vertex 179.71248238785043 -115.64999999999876 5.1
vertex 179.93223304703406 -115.38223304703415 5.100000000000001
endloop
endfacet
facet normal 0.005739594658294826 -0.00471036360401265 0.9999724343840066
outer loop
vertex 179.62132596924351 -115.76107441745096 5.100000000000001
vertex 179.93223304703406 -115.38223304703415 5.100000000000001
vertex 179.93223304703082 -115.38223304703567 1.6
endloop
endfacet
facet normal 0.005739594658294826 -0.00471036360401265 0.9999724343840066
outer loop
vertex 179.62132596924351 -115.76107441745096 5.100000000000001
vertex 179.93223304703082 -115.38223304703567 1.6
vertex 179.62132596924528 -115.76107441744875 1.6
endloop
endfacet
facet normal 0 0 -1
outer loop
vertex 179.39030116872215 -116.19329141908742 5.1
vertex 179.44586445164276 -116.08933982821468 5.1
vertex 179.54557442883382 -115.90279558154793 5.1
endloop
endfacet
facet normal 0 0 -1
outer loop
vertex 179.39030116872215 -116.19329141908742 5.1
vertex 179.54557442883382 -115.90279558154793 5.1
vertex 179.61966562597115 -115.76418070123222 5.1
endloop
endfacet
facet normal 0 0 -1
outer loop
vertex 179.39030116872215 -116.19329141908742 5.1
vertex 179.61966562597115 -115.76418070123222 5.1
vertex 179.62132596924351 -115.76107441745096 5.100000000000001
endloop
endfacet
facet normal 0 0 -1
outer loop
vertex 179.39030116872215 -116.19329141908742 5.1
vertex 179.62132596924351 -115.76107441745096 5.100000000000001
vertex 179.62132596924528 -115.76107441744875 1.6
endloop
endfacet
facet normal 0 0 -1
outer loop
vertex 179.39030116872215 -116.19329141908742 5.1
vertex 179.62132596924528 -115.76107441744875 1.6
vertex 179.39030116871982 -116.19329141910855 1.6
endloop
endfacet
facet normal 0 0 1
outer loop
vertex 179.24803679899134 -116.66227419495951 5.1
vertex 179.27421541864302 -116.57597485144856 5.1
vertex 179.3528823750698 -116.31664465046866 5.1
endloop
endfacet
facet normal 0 0 1
outer loop
vertex 179.24803679899134 -116.66227419495951 5.1
vertex 179.3528823750698 -116.31664465046866 5.1
vertex 179.39030116872215 -116.19329141908742 5.1
endloop
endfacet
facet normal 0 0 1
outer loop
vertex 179.24803679899134 -116.66227419495951 5.1
vertex 179.39030116872215 -116.19329141908742 5.1
vertex 179.39030116871982 -116.19329141910855 1.6
endloop
endfacet
facet normal 0 0 1
outer loop
vertex 179.24803679899134 -116.66227419495951 5.1
vertex 179.39030116871982 -116.19329141910855 1.6
vertex 179.2480367989921 -116.66227419493947 1.6
endloop
endfacet
facet normal 0.06690851792844901 -0.006589913827244636 -0.9977373518438447
outer loop
vertex 179.2 -117.14999999999989 5.100000000000001
vertex 179.22882207939287 -116.85736451699512 5.1
vertex 179.24803679899134 -116.66227419495951 5.1
endloop
endfacet
facet normal 0.06690851792844901 -0.006589913827244636 -0.9977373518438447
outer loop
vertex 179.2 -117.14999999999989 5.100000000000001
vertex 179.24803679899134 -116.66227419495951 5.1
vertex 179.2480367989921 -116.66227419493947 1.6
endloop
endfacet
facet normal 0.06690851792844901 -0.006589913827244636 -0.9977373518438447
outer loop
vertex 179.2 -117.14999999999989 5.100000000000001
vertex 179.2480367989921 -116.66227419493947 1.6
vertex 179.2393965613428 -116.75 1.6
endloop
endfacet
facet normal 0.06690851792844901 -0.006589913827244636 -0.9977373518438447
outer loop
vertex 179.2 -117.14999999999989 5.100000000000001
vertex 179.2393965613428 -116.75 1.6
vertex 179.20000000000036 -117.14999999999995 1.6
endloop
endfacet
facet normal 0.5685303363691289 0.055995350680590056 -0.820754395254855
outer loop
vertex 179.24803679899233 -117.63772580504033 5.100000000000001
vertex 179.22882207939767 -117.44263548304733 5.1
vertex 179.2 -117.14999999999989 5.100000000000001
endloop
endfacet
facet normal 0.5685303363691289 0.055995350680590056 -0.820754395254855
outer loop
vertex 179.24803679899233 -117.63772580504033 5.100000000000001
vertex 179.2 -117.14999999999989 5.100000000000001
vertex 179.20000000000036 -117.14999999999995 1.6
endloop
endfacet
facet normal 0.5685303363691289 0.055995350680590056 -0.820754395254855
outer loop
vertex 179.24803679899233 -117.63772580504033 5.100000000000001
vertex 179.20000000000036 -117.14999999999995 1.6
vertex 179.24803679899165 -117.63772580504431 1.6
endloop
endfacet
facet normal 0 0 -1
outer loop
vertex 179.39030116872337 -118.10670858091214 5.1
vertex 179.35288237506597 -117.98335534951383 5.1
vertex 179.27421541864672 -117.72402514855993 5.1
endloop
endfacet
facet normal 0 0 -1
outer loop
vertex 179.39030116872337 -118.10670858091214 5.1
vertex 179.27421541864672 -117.72402514855993 5.1
vertex 179.24803679899233 -117.63772580504033 5.100000000000001
endloop
endfacet
facet normal 0 0 -1
outer loop
vertex 179.39030116872337 -118.10670858091214 5.1
vertex 179.24803679899233 -117.63772580504033 5.100000000000001
vertex 179.24803679899165 -117.63772580504431 1.6
endloop
endfacet
facet normal 0 0 -1
outer loop
vertex 179.39030116872337 -118.10670858091214 5.1
vertex 179.24803679899165 -117.63772580504431 1.6
vertex 179.39030116872507 -118.10670858090994 1.6
endloop
endfacet
facet normal 0.021032585362477322 0.011242151094014786 -0.999715581749004
outer loop
vertex 179.62132596924425 -118.53892558254896 5.100000000000001
vertex 179.6196656259731 -118.53581929877039 5.1
vertex 179.54557442883154 -118.39720441844577 5.1
endloop
endfacet
facet normal 0.021032585362477322 0.011242151094014786 -0.999715581749004
outer loop
vertex 179.62132596924425 -118.53892558254896 5.100000000000001
vertex 179.54557442883154 -118.39720441844577 5.1
vertex 179.4458644516435 -118.21066017178327 5.1
endloop
endfacet
facet normal 0.021032585362477322 0.011242151094014786 -0.999715581749004
outer loop
vertex 179.62132596924425 -118.53892558254896 5.100000000000001
vertex 179.4458644516435 -118.21066017178327 5.1
vertex 179.39030116872337 -118.10670858091214 5.1
endloop
endfacet
facet normal 0.021032585362477322 0.011242151094014786 -0.999715581749004
outer loop
vertex 179.62132596924425 -118.53892558254896 5.100000000000001
vertex 179.39030116872337 -118.10670858091214 5.1
vertex 179.39030116872507 -118.10670858090994 1.6
endloop
endfacet
facet normal 0.021032585362477322 0.011242151094014786 -0.999715581749004
outer loop
vertex 179.62132596924425 -118.53892558254896 5.100000000000001
vertex 179.39030116872507 -118.10670858090994 1.6
vertex 179.62132596924866 -118.53892558254832 1.6
endloop
endfacet
facet normal 0 0 -1
outer loop
vertex 179.93223304703253 -118.91776695296717 5.1
vertex 179.71248238784915 -118.64999999999986 5.1
vertex 179.68882871858162 -118.62117792060405 5.1
endloop
endfacet
facet normal 0 0 -1
outer loop
vertex 179.93223304703253 -118.91776695296717 5.1
vertex 179.68882871858162 -118.62117792060405 5.1
vertex 179.62132596924425 -118.53892558254896 5.100000000000001
endloop
endfacet
facet normal 0 0 -1
outer loop
vertex 179.93223304703253 -118.91776695296717 5.1
vertex 179.62132596924425 -118.53892558254896 5.100000000000001
vertex 179.62132596924866 -118.53892558254832 1.6
endloop
endfacet
facet normal 0 0 -1
outer loop
vertex 179.93223304703253 -118.91776695296717 5.1
vertex 179.62132596924866 -118.53892558254832 1.6
vertex 179.9322330470338 -118.9177669529725 1.6
endloop
endfacet
facet normal -0.6343932841636432 -0.7730104533627389 0
outer loop
vertex 180.31107441744987 -119.22867403075767 5.1
vertex 179.93223304703253 -118.91776695296717 5.1
vertex 179.9322330470338 -118.9177669529725 1.6
endloop
endfacet
facet normal -0.6343932841636432 -0.7730104533627389 0
outer loop
vertex 180.31107441744987 -119.22867403075767 5.1
vertex 179.9322330470338 -118.9177669529725 1.6
vertex 180.31107441743566 -119.22867403075554 1.6
endloop
endfacet
facet normal -0.4713967368259909 -0.8819212643483587 0
outer loop
vertex 180.7432914190882 -119.45969883127651 5.100000000000001
vertex 180.31107441744987 -119.22867403075767 5.1
vertex 180.31107441743566 -119.22867403075554 1.6
endloop
endfacet
facet normal -0.4713967368259909 -0.8819212643483587 0
outer loop
vertex 180.7432914190882 -119.45969883127651 5.100000000000001
vertex 180.31107441743566 -119.22867403075554 1.6
vertex 180.7432914190993 -119.45969883128119 1.6
endloop
endfacet
facet normal -0.2902846772544834 -0.9569403357322026 0
outer loop
vertex 181.21227419495943 -119.6019632010086 5.100000000000001
vertex 180.7432914190882 -119.45969883127651 5.100000000000001
vertex 180.7432914190993 -119.45969883128119 1.6
endloop
endfacet
facet normal -0.2902846772544834 -0.9569403357322026 0
outer loop
vertex 181.21227419495943 -119.6019632010086 5.100000000000001
vertex 180.7432914190993 -119.45969883128119 1.6
vertex 181.21227419496168 -119.6019632010061 1.6
endloop
endfacet
facet normal -0.09801714032957415 -0.9951847266721956 0
outer loop
vertex 181.69999999999987 -119.650000000001 5.1
vertex 181.21227419495943 -119.6019632010086 5.100000000000001
vertex 181.21227419496168 -119.6019632010061 1.6
endloop
endfacet
facet normal -0.09801714032957415 -0.9951847266721956 0
outer loop
vertex 181.69999999999987 -119.650000000001 5.1
vertex 181.21227419496168 -119.6019632010061 1.6
vertex 181.6999999999915 -119.65000000000012 1.6
endloop
endfacet
facet normal 0.2902846772544479 -0.9569403357322133 0
outer loop
vertex 182.65670858091335 -119.45969883127984 5.1
vertex 182.18772580504097 -119.60196320100968 5.1
vertex 182.1877258050528 -119.6019632010061 1.6
endloop
endfacet
facet normal 0.2902846772544479 -0.9569403357322133 0
outer loop
vertex 182.65670858091335 -119.45969883127984 5.1
vertex 182.1877258050528 -119.6019632010061 1.6
vertex 182.6567085809089 -119.45969883128119 1.6
endloop
endfacet
facet normal 0.4713967368259914 -0.8819212643483584 0
outer loop
vertex 183.08892558254928 -119.22867403075716 5.1
vertex 182.65670858091335 -119.45969883127984 5.1
vertex 182.6567085809089 -119.45969883128119 1.6
endloop
endfacet
facet normal 0.4713967368259914 -0.8819212643483584 0
outer loop
vertex 183.08892558254928 -119.22867403075716 5.1
vertex 182.6567085809089 -119.45969883128119 1.6
vertex 183.0889255825523 -119.22867403075554 1.6
endloop
endfacet
facet normal 0.6343932841636518 -0.7730104533627319 0
outer loop
vertex 183.4677669529674 -118.91776695296743 5.100000000000001
vertex 183.08892558254928 -119.22867403075716 5.1
vertex 183.0889255825523 -119.22867403075554 1.6
endloop
endfacet
facet normal 0.6343932841636518 -0.7730104533627319 0
outer loop
vertex 183.4677669529674 -118.91776695296743 5.100000000000001
vertex 183.0889255825523 -119.22867403075554 1.6
vertex 183.4677669529612 -118.9177669529725 1.6
endloop
endfacet
facet normal -0.06380283181589017 0.052361630865754565 0.9965879079465854
outer loop
vertex 183.77867403075612 -118.53892558254914 5.100000000000001
vertex 183.7111712814188 -118.62117792060405 5.1
vertex 183.68751761215125 -118.64999999999986 5.1
endloop
endfacet
facet normal -0.06380283181589017 0.052361630865754565 0.9965879079465854
outer loop
vertex 183.77867403075612 -118.53892558254914 5.100000000000001
vertex 183.68751761215125 -118.64999999999986 5.1
vertex 183.4677669529674 -118.91776695296743 5.100000000000001
endloop
endfacet
facet normal -0.06380283181589017 0.052361630865754565 0.9965879079465854
outer loop
vertex 183.77867403075612 -118.53892558254914 5.100000000000001
vertex 183.4677669529674 -118.91776695296743 5.100000000000001
vertex 183.4677669529612 -118.9177669529725 1.6
endloop
endfacet
facet normal -0.06380283181589017 0.052361630865754565 0.9965879079465854
outer loop
vertex 183.77867403075612 -118.53892558254914 5.100000000000001
vertex 183.4677669529612 -118.9177669529725 1.6
vertex 183.77867403075678 -118.53892558254832 1.6
endloop
endfacet
facet normal 0 0 -1
outer loop
vertex 184.00969883127829 -118.10670858091265 5.1
vertex 183.9541355483581 -118.21066017178327 5.1
vertex 183.85442557116934 -118.39720441844577 5.1
endloop
endfacet
facet normal 0 0 -1
outer loop
vertex 184.00969883127829 -118.10670858091265 5.1
vertex 183.85442557116934 -118.39720441844577 5.1
vertex 183.7803343740273 -118.53581929877039 5.1
endloop
endfacet
facet normal 0 0 -1
outer loop
vertex 184.00969883127829 -118.10670858091265 5.1
vertex 183.7803343740273 -118.53581929877039 5.1
vertex 183.77867403075612 -118.53892558254914 5.100000000000001
endloop
endfacet
facet normal 0 0 -1
outer loop
vertex 184.00969883127829 -118.10670858091265 5.1
vertex 183.77867403075612 -118.53892558254914 5.100000000000001
vertex 183.77867403075678 -118.53892558254832 1.6
endloop
endfacet
facet normal 0 0 -1
outer loop
vertex 184.00969883127829 -118.10670858091265 5.1
vertex 183.77867403075678 -118.53892558254832 1.6
vertex 184.00969883127974 -118.10670858090994 1.6
endloop
endfacet
facet normal -0.11536857347209421 0.03499667415523672 -0.9927060617590114
outer loop
vertex 184.15196320100793 -117.63772580504039 5.100000000000001
vertex 184.12578458135383 -117.72402514855993 5.1
vertex 184.0471176249353 -117.98335534951383 5.1
endloop
endfacet
facet normal -0.11536857347209421 0.03499667415523672 -0.9927060617590114
outer loop
vertex 184.15196320100793 -117.63772580504039 5.100000000000001
vertex 184.0471176249353 -117.98335534951383 5.1
vertex 184.00969883127829 -118.10670858091265 5.1
endloop
endfacet
facet normal -0.11536857347209421 0.03499667415523672 -0.9927060617590114
outer loop
vertex 184.15196320100793 -117.63772580504039 5.100000000000001
vertex 184.00969883127829 -118.10670858091265 5.1
vertex 184.00969883127974 -118.10670858090994 1.6
endloop
endfacet
facet normal -0.11536857347209421 0.03499667415523672 -0.9927060617590114
outer loop
vertex 184.15196320100793 -117.63772580504039 5.100000000000001
vertex 184.00969883127974 -118.10670858090994 1.6
vertex 184.15196320100753 -117.63772580504431 1.6
endloop
endfacet
facet normal -0.1548014192690952 0.0152466090254859 -0.9878279513688087
outer loop
vertex 218.23751329999982 -135.53425919999995 5.100000000000001
vertex 218.2086912206045 -135.82689468302615 5.1
vertex 218.1894765010079 -136.02198500504045 5.100000000000001
endloop
endfacet
facet normal -0.1548014192690952 0.0152466090254859 -0.9878279513688087
outer loop
vertex 218.23751329999982 -135.53425919999995 5.100000000000001
vertex 218.1894765010079 -136.02198500504045 5.100000000000001
vertex 218.18947650100748 -136.02198500504417 1.6
endloop
endfacet
facet normal -0.1548014192690952 0.0152466090254859 -0.9878279513688087
outer loop
vertex 218.23751329999982 -135.53425919999995 5.100000000000001
vertex 218.18947650100748 -136.02198500504417 1.6
vertex 218.2375132999998 -135.53425919999992 1.6
endloop
endfacet
facet normal -0.2676824666945189 -0.02636442179842621 -0.9631464137334326
outer loop
vertex 218.18947650100867 -135.04653339495965 5.100000000000001
vertex 218.20869122060552 -135.24162371697963 5.1
vertex 218.23751329999982 -135.53425919999995 5.100000000000001
endloop
endfacet
facet normal -0.2676824666945189 -0.02636442179842621 -0.9631464137334326
outer loop
vertex 218.18947650100867 -135.04653339495965 5.100000000000001
vertex 218.23751329999982 -135.53425919999995 5.100000000000001
vertex 218.2375132999998 -135.53425919999992 1.6
endloop
endfacet
facet normal -0.2676824666945189 -0.02636442179842621 -0.9631464137334326
outer loop
vertex 218.18947650100867 -135.04653339495965 5.100000000000001
vertex 218.2375132999998 -135.53425919999992 1.6
vertex 218.18947650100992 -135.04653339497287 1.6
endloop
endfacet
facet normal -0.07535709164986944 -0.022859323838714238 -0.996894558141286
outer loop
vertex 218.04721213127627 -134.57755061908784 5.100000000000001
vertex 218.0846309249199 -134.70090385043994 5.1
vertex 218.16329788136588 -134.9602340514792 5.1
endloop
endfacet
facet normal -0.07535709164986944 -0.022859323838714238 -0.996894558141286
outer loop
vertex 218.04721213127627 -134.57755061908784 5.100000000000001
vertex 218.16329788136588 -134.9602340514792 5.1
vertex 218.18947650100867 -135.04653339495965 5.100000000000001
endloop
endfacet
facet normal -0.07535709164986944 -0.022859323838714238 -0.996894558141286
outer loop
vertex 218.04721213127627 -134.57755061908784 5.100000000000001
vertex 218.18947650100867 -135.04653339495965 5.100000000000001
vertex 218.18947650100992 -135.04653339497287 1.6
endloop
endfacet
facet normal -0.07535709164986944 -0.022859323838714238 -0.996894558141286
outer loop
vertex 218.04721213127627 -134.57755061908784 5.100000000000001
vertex 218.18947650100992 -135.04653339497287 1.6
vertex 218.04721213127326 -134.57755061907793 1.6
endloop
endfacet
facet normal -0.13897812266555412 -0.07428535421754005 0.9875053253371006
outer loop
vertex 217.8161873307564 -134.145333617451 5.100000000000001
vertex 217.81784767403158 -134.1484399012373 5.1
vertex 217.89193887115675 -134.28705478153182 5.1
endloop
endfacet
facet normal -0.13897812266555412 -0.07428535421754005 0.9875053253371006
outer loop
vertex 217.8161873307564 -134.145333617451 5.100000000000001
vertex 217.89193887115675 -134.28705478153182 5.1
vertex 217.99164884836955 -134.4735990282413 5.1
endloop
endfacet
facet normal -0.13897812266555412 -0.07428535421754005 0.9875053253371006
outer loop
vertex 217.8161873307564 -134.145333617451 5.100000000000001
vertex 217.99164884836955 -134.4735990282413 5.1
vertex 218.04721213127627 -134.57755061908784 5.100000000000001
endloop
endfacet
facet normal -0.13897812266555412 -0.07428535421754005 0.9875053253371006
outer loop
vertex 217.8161873307564 -134.145333617451 5.100000000000001
vertex 218.04721213127627 -134.57755061908784 5.100000000000001
vertex 218.04721213127326 -134.57755061907793 1.6
endloop
endfacet
facet normal -0.13897812266555412 -0.07428535421754005 0.9875053253371006
outer loop
vertex 217.8161873307564 -134.145333617451 5.100000000000001
vertex 218.04721213127326 -134.57755061907793 1.6
vertex 217.81618733076596 -134.1453336174689 1.6
endloop
endfacet
facet normal 0 0 1
outer loop
vertex 217.50528025296336 -133.76649224703613 5.1
vertex 217.72503091214784 -134.03425919999833 5.1
vertex 217.74868458141538 -134.06308127939343 5.1
endloop
endfacet
facet normal 0 0 1
outer loop
vertex 217.50528025296336 -133.76649224703613 5.1
vertex 217.74868458141538 -134.06308127939343 5.1
vertex 217.8161873307564 -134.145333617451 5.100000000000001
endloop
endfacet
facet normal 0 0 1
outer loop
vertex 217.50528025296336 -133.76649224703613 5.1
vertex 217.8161873307564 -134.145333617451 5.100000000000001
vertex 217.81618733076596 -134.1453336174689 1.6
endloop
endfacet
facet normal 0 0 1
outer loop
vertex 217.50528025296336 -133.76649224703613 5.1
vertex 217.81618733076596 -134.1453336174689 1.6
vertex 217.50528025294204 -133.76649224701018 1.6
endloop
endfacet
facet normal 0.6343932841636424 0.7730104533627395 0
outer loop
vertex 217.1264388825507 -133.45558516924154 5.1
vertex 217.50528025296336 -133.76649224703613 5.1
vertex 217.50528025294204 -133.76649224701018 1.6
endloop
endfacet
facet normal 0.6343932841636424 0.7730104533627395 0
outer loop
vertex 217.1264388825507 -133.45558516924154 5.1
vertex 217.50528025294204 -133.76649224701018 1.6
vertex 217.12643888255224 -133.4555851692428 1.6
endloop
endfacet
facet normal 0.4713967368259909 0.8819212643483587 0
outer loop
vertex 216.69422188091386 -133.2245603687198 5.100000000000001
vertex 217.1264388825507 -133.45558516924154 5.1
vertex 217.12643888255224 -133.4555851692428 1.6
endloop
endfacet
facet normal 0.4713967368259909 0.8819212643483587 0
outer loop
vertex 216.69422188091386 -133.2245603687198 5.100000000000001
vertex 217.12643888255224 -133.4555851692428 1.6
vertex 216.6942218809319 -133.22456036872947 1.6
endloop
endfacet
facet normal 0.29028467725449747 0.9569403357321984 0
outer loop
vertex 216.22523910503975 -133.08229599899363 5.1
vertex 216.69422188091386 -133.2245603687198 5.100000000000001
vertex 216.6942218809319 -133.22456036872947 1.6
endloop
endfacet
facet normal 0.29028467725449747 0.9569403357321984 0
outer loop
vertex 216.22523910503975 -133.08229599899363 5.1
vertex 216.6942218809319 -133.22456036872947 1.6
vertex 216.22523910503213 -133.0822959989913 1.6
endloop
endfacet
facet normal 0.09801714032954582 0.9951847266721984 0
outer loop
vertex 215.73751329999988 -133.03425920000018 5.1
vertex 216.22523910503975 -133.08229599899363 5.1
vertex 216.22523910503213 -133.0822959989913 1.6
endloop
endfacet
facet normal 0.09801714032954582 0.9951847266721984 0
outer loop
vertex 215.73751329999988 -133.03425920000018 5.1
vertex 216.22523910503213 -133.0822959989913 1.6
vertex 215.7375132999974 -133.03425919999992 1.6
endloop
endfacet
facet normal -0.09801714032954566 0.9951847266721985 0
outer loop
vertex 215.24978749495966 -133.08229599899164 5.100000000000001
vertex 215.73751329999988 -133.03425920000018 5.1
vertex 215.7375132999974 -133.03425919999992 1.6
endloop
endfacet
facet normal -0.09801714032954566 0.9951847266721985 0
outer loop
vertex 215.24978749495966 -133.08229599899164 5.100000000000001
vertex 215.7375132999974 -133.03425919999992 1.6
vertex 215.24978749496486 -133.0822959989913 1.6
endloop
endfacet
facet normal -0.29028467725447593 0.9569403357322048 0
outer loop
vertex 214.78080471908737 -133.2245603687225 5.100000000000001
vertex 215.24978749495966 -133.08229599899164 5.100000000000001
vertex 215.24978749496486 -133.0822959989913 1.6
endloop
endfacet
facet normal -0.29028467725447593 0.9569403357322048 0
outer loop
vertex 214.78080471908737 -133.2245603687225 5.100000000000001
vertex 215.24978749496486 -133.0822959989913 1.6
vertex 214.78080471908925 -133.22456036872947 1.6
endloop
endfacet
facet normal -0.47139673682599736 0.8819212643483552 0
outer loop
vertex 214.3485877174516 -133.4555851692445 5.1
vertex 214.78080471908737 -133.2245603687225 5.100000000000001
vertex 214.78080471908925 -133.22456036872947 1.6
endloop
endfacet
facet normal -0.47139673682599736 0.8819212643483552 0
outer loop
vertex 214.3485877174516 -133.4555851692445 5.1
vertex 214.78080471908925 -133.22456036872947 1.6
vertex 214.34858771744186 -133.4555851692428 1.6
endloop
endfacet
facet normal -0.6343932841636518 0.7730104533627319 0
outer loop
vertex 213.96974634703298 -133.76649224703277 5.100000000000001
vertex 214.3485877174516 -133.4555851692445 5.1
vertex 214.34858771744186 -133.4555851692428 1.6
endloop
endfacet
facet normal -0.6343932841636518 0.7730104533627319 0
outer loop
vertex 213.96974634703298 -133.76649224703277 5.100000000000001
vertex 214.34858771744186 -133.4555851692428 1.6
vertex 213.96974634703827 -133.76649224701018 1.6
endloop
endfacet
facet normal 0.009395615767905412 -0.007710782587457153 -0.9999261303897558
outer loop
vertex 213.65883926924386 -134.14533361745123 5.100000000000001
vertex 213.72634201858344 -134.06308127939343 5.1
vertex 213.74999568785046 -134.03425919999833 5.1
endloop
endfacet
facet normal 0.009395615767905412 -0.007710782587457153 -0.9999261303897558
outer loop
vertex 213.65883926924386 -134.14533361745123 5.100000000000001
vertex 213.74999568785046 -134.03425919999833 5.1
vertex 213.96974634703298 -133.76649224703277 5.100000000000001
endloop
endfacet
facet normal 0.009395615767905412 -0.007710782587457153 -0.9999261303897558
outer loop
vertex 213.65883926924386 -134.14533361745123 5.100000000000001
vertex 213.96974634703298 -133.76649224703277 5.100000000000001
vertex 213.96974634703827 -133.76649224701018 1.6
endloop
endfacet
facet normal 0.009395615767905412 -0.007710782587457153 -0.9999261303897558
outer loop
vertex 213.65883926924386 -134.14533361745123 5.100000000000001
vertex 213.96974634703827 -133.76649224701018 1.6
vertex 213.65883926924226 -134.1453336174689 1.6
endloop
endfacet
facet normal 0 0 1
outer loop
vertex 213.4278144687216 -134.57755061908716 5.1
vertex 213.48337775162892 -134.4735990282413 5.1
vertex 213.5830877288427 -134.28705478153182 5.1
endloop
endfacet
facet normal 0 0 1
outer loop
vertex 213.4278144687216 -134.57755061908716 5.1
vertex 213.5830877288427 -134.28705478153182 5.1
vertex 213.65717892596865 -134.1484399012373 5.1
endloop
endfacet
facet normal 0 0 1
outer loop
vertex 213.4278144687216 -134.57755061908716 5.1
vertex 213.65717892596865 -134.1484399012373 5.1
vertex 213.65883926924386 -134.14533361745123 5.100000000000001
endloop
endfacet
facet normal 0 0 1
outer loop
vertex 213.4278144687216 -134.57755061908716 5.1
vertex 213.65883926924386 -134.14533361745123 5.100000000000001
vertex 213.65883926924226 -134.1453336174689 1.6
endloop
endfacet
facet normal 0 0 1
outer loop
vertex 213.4278144687216 -134.57755061908716 5.1
vertex 213.65883926924226 -134.1453336174689 1.6
vertex 213.4278144687233 -134.57755061907793 1.6
endloop
endfacet
facet normal 0 0 -1
outer loop
vertex 213.2855500989924 -135.0465333949598 5.1
vertex 213.31172871863455 -134.9602340514792 5.1
vertex 213.39039567507868 -134.70090385043994 5.1
endloop
endfacet
facet normal 0 0 -1
outer loop
vertex 213.2855500989924 -135.0465333949598 5.1
vertex 213.39039567507868 -134.70090385043994 5.1
vertex 213.4278144687216 -134.57755061908716 5.1
endloop
endfacet
facet normal 0 0 -1
outer loop
vertex 213.2855500989924 -135.0465333949598 5.1
vertex 213.4278144687216 -134.57755061908716 5.1
vertex 213.4278144687233 -134.57755061907793 1.6
endloop
endfacet
facet normal 0 0 -1
outer loop
vertex 213.2855500989924 -135.0465333949598 5.1
vertex 213.4278144687233 -134.57755061907793 1.6
vertex 213.28555009899168 -135.04653339497287 1.6
endloop
endfacet
facet normal 0.20328509175988393 -0.020021833969193714 -0.9789148571927415
outer loop
vertex 213.23751330000007 -135.53425919999995 5.100000000000001
vertex 213.2663353793951 -135.24162371697963 5.1
vertex 213.2855500989924 -135.0465333949598 5.1
endloop
endfacet
facet normal 0.20328509175988393 -0.020021833969193714 -0.9789148571927415
outer loop
vertex 213.23751330000007 -135.53425919999995 5.100000000000001
vertex 213.2855500989924 -135.0465333949598 5.1
vertex 213.28555009899168 -135.04653339497287 1.6
endloop
endfacet
facet normal 0.20328509175988393 -0.020021833969193714 -0.9789148571927415
outer loop
vertex 213.23751330000007 -135.53425919999995 5.100000000000001
vertex 213.28555009899168 -135.04653339497287 1.6
vertex 213.23751330000053 -135.53425919999992 1.6
endloop
endfacet
facet normal 0.2966557491079044 0.029218041043921356 0.9545374128858354
outer loop
vertex 213.28555009899253 -136.02198500504045 5.100000000000001
vertex 213.26633537939574 -135.82689468302615 5.1
vertex 213.23751330000007 -135.53425919999995 5.100000000000001
endloop
endfacet
facet normal 0.2966557491079044 0.029218041043921356 0.9545374128858354
outer loop
vertex 213.28555009899253 -136.02198500504045 5.100000000000001
vertex 213.23751330000007 -135.53425919999995 5.100000000000001
vertex 213.23751330000053 -135.53425919999992 1.6
endloop
endfacet
facet normal 0.2966557491079044 0.029218041043921356 0.9545374128858354
outer loop
vertex 213.28555009899253 -136.02198500504045 5.100000000000001
vertex 213.23751330000053 -135.53425919999992 1.6
vertex 213.2855500989949 -136.02198500504417 1.6
endloop
endfacet
facet normal 0 0 1
outer loop
vertex 213.42781446871766 -136.4909677809141 5.1
vertex 213.3903956750578 -136.36761454950087 5.1
vertex 213.31172871865272 -136.10828434858297 5.1
endloop
endfacet
facet normal 0 0 1
outer loop
vertex 213.42781446871766 -136.4909677809141 5.1
vertex 213.31172871865272 -136.10828434858297 5.1
vertex 213.28555009899253 -136.02198500504045 5.100000000000001
endloop
endfacet
facet normal 0 0 1
outer loop
vertex 213.42781446871766 -136.4909677809141 5.1
vertex 213.28555009899253 -136.02198500504045 5.100000000000001
vertex 213.2855500989949 -136.02198500504417 1.6
endloop
endfacet
facet normal 0 0 1
outer loop
vertex 213.42781446871766 -136.4909677809141 5.1
vertex 213.2855500989949 -136.02198500504417 1.6
vertex 213.42781446871626 -136.49096778091206 1.6
endloop
endfacet
facet normal 0 0 1
outer loop
vertex 213.65883926924062 -136.92318478255052 5.1
vertex 213.65717892596984 -136.92007849877166 5.1
vertex 213.58308772882887 -136.78146361844995 5.1
endloop
endfacet
facet normal 0 0 1
outer loop
vertex 213.65883926924062 -136.92318478255052 5.1
vertex 213.58308772882887 -136.78146361844995 5.1
vertex 213.48337775163324 -136.59491937177575 5.1
endloop
endfacet
facet normal 0 0 1
outer loop
vertex 213.65883926924062 -136.92318478255052 5.1
vertex 213.48337775163324 -136.59491937177575 5.1
vertex 213.42781446871766 -136.4909677809141 5.1
endloop
endfacet
facet normal 0 0 1
outer loop
vertex 213.65883926924062 -136.92318478255052 5.1
vertex 213.42781446871766 -136.4909677809141 5.1
vertex 213.42781446871626 -136.49096778091206 1.6
endloop
endfacet
facet normal 0 0 1
outer loop
vertex 213.65883926924062 -136.92318478255052 5.1
vertex 213.42781446871626 -136.49096778091206 1.6
vertex 213.65883926922902 -136.9231847825526 1.6
endloop
endfacet
facet normal 0.012589545574767904 0.01033197303959362 0.9998673680420469
outer loop
vertex 213.9697463470347 -137.30202615296525 5.100000000000001
vertex 213.74999568784625 -137.03425919999916 5.1
vertex 213.72634201857784 -137.0054371206031 5.1
endloop
endfacet
facet normal 0.012589545574767904 0.01033197303959362 0.9998673680420469
outer loop
vertex 213.9697463470347 -137.30202615296525 5.100000000000001
vertex 213.72634201857784 -137.0054371206031 5.1
vertex 213.65883926924062 -136.92318478255052 5.1
endloop
endfacet
facet normal 0.012589545574767904 0.01033197303959362 0.9998673680420469
outer loop
vertex 213.9697463470347 -137.30202615296525 5.100000000000001
vertex 213.65883926924062 -136.92318478255052 5.1
vertex 213.65883926922902 -136.9231847825526 1.6
endloop
endfacet
facet normal 0.012589545574767904 0.01033197303959362 0.9998673680420469
outer loop
vertex 213.9697463470347 -137.30202615296525 5.100000000000001
vertex 213.65883926922902 -136.9231847825526 1.6
vertex 213.96974634702437 -137.30202615295266 1.6
endloop
endfacet
facet normal -0.6343932841636208 -0.7730104533627572 0
outer loop
vertex 214.34858771745405 -137.61293323075276 5.1
vertex 213.9697463470347 -137.30202615296525 5.100000000000001
vertex 213.96974634702437 -137.30202615295266 1.6
endloop
endfacet
facet normal -0.6343932841636208 -0.7730104533627572 0
outer loop
vertex 214.34858771745405 -137.61293323075276 5.1
vertex 213.96974634702437 -137.30202615295266 1.6
vertex 214.34858771747614 -137.61293323077086 1.6
endloop
endfacet
facet normal -0.47139673682600136 -0.8819212643483529 0
outer loop
vertex 214.7808047190868 -137.84395803127904 5.1
vertex 214.34858771745405 -137.61293323075276 5.1
vertex 214.34858771747614 -137.61293323077086 1.6
endloop
endfacet
facet normal -0.47139673682600136 -0.8819212643483529 0
outer loop
vertex 214.7808047190868 -137.84395803127904 5.1
vertex 214.34858771747614 -137.61293323077086 1.6
vertex 214.78080471909203 -137.84395803128183 1.6
endloop
endfacet
facet normal -0.2902846772545049 -0.9569403357321961 0
outer loop
vertex 215.24978749495915 -137.9862224010101 5.100000000000001
vertex 214.7808047190868 -137.84395803127904 5.1
vertex 214.78080471909203 -137.84395803128183 1.6
endloop
endfacet
facet normal -0.2902846772545049 -0.9569403357321961 0
outer loop
vertex 215.24978749495915 -137.9862224010101 5.100000000000001
vertex 214.78080471909203 -137.84395803128183 1.6
vertex 215.2497874949501 -137.98622240100735 1.6
endloop
endfacet
facet normal -0.09801714032954582 -0.9951847266721984 0
outer loop
vertex 215.7375133000001 -138.03425920000024 5.1
vertex 215.24978749495915 -137.9862224010101 5.100000000000001
vertex 215.2497874949501 -137.98622240100735 1.6
endloop
endfacet
facet normal -0.09801714032954582 -0.9951847266721984 0
outer loop
vertex 215.7375133000001 -138.03425920000024 5.1
vertex 215.2497874949501 -137.98622240100735 1.6
vertex 215.73751329999706 -138.03425919999992 1.6
endloop
endfacet
facet normal 0.09801714032954582 -0.9951847266721984 0
outer loop
vertex 216.22523910504034 -137.98622240100775 5.1
vertex 215.7375133000001 -138.03425920000024 5.1
vertex 215.73751329999706 -138.03425919999992 1.6
endloop
endfacet
facet normal 0.09801714032954582 -0.9951847266721984 0
outer loop
vertex 216.22523910504034 -137.98622240100775 5.1
vertex 215.73751329999706 -138.03425919999992 1.6
vertex 216.22523910504412 -137.98622240100735 1.6
endloop
endfacet
facet normal 0.29028467725447593 -0.9569403357322048 0
outer loop
vertex 216.69422188091335 -137.84395803127995 5.100000000000001
vertex 216.22523910504034 -137.98622240100775 5.1
vertex 216.22523910504412 -137.98622240100735 1.6
endloop
endfacet
facet normal 0.29028467725447593 -0.9569403357322048 0
outer loop
vertex 216.69422188091335 -137.84395803127995 5.100000000000001
vertex 216.22523910504412 -137.98622240100735 1.6
vertex 216.69422188090886 -137.84395803128183 1.6
endloop
endfacet
facet normal 0.47139673682599736 -0.8819212643483552 0
outer loop
vertex 217.12643888254937 -137.61293323075733 5.1
vertex 216.69422188091335 -137.84395803127995 5.100000000000001
vertex 216.69422188090886 -137.84395803128183 1.6
endloop
endfacet
facet normal 0.47139673682599736 -0.8819212643483552 0
outer loop
vertex 217.12643888254937 -137.61293323075733 5.1
vertex 216.69422188090886 -137.84395803128183 1.6
vertex 217.12643888252506 -137.61293323077086 1.6
endloop
endfacet
facet normal 0.6343932841636518 -0.7730104533627319 0
outer loop
vertex 217.5052802529649 -137.30202615296443 5.100000000000001
vertex 217.12643888254937 -137.61293323075733 5.1
vertex 217.12643888252506 -137.61293323077086 1.6
endloop
endfacet
facet normal 0.6343932841636518 -0.7730104533627319 0
outer loop
vertex 217.5052802529649 -137.30202615296443 5.100000000000001
vertex 217.12643888252506 -137.61293323077086 1.6
vertex 217.50528025298212 -137.30202615295266 1.6
endloop
endfacet
facet normal -0.7401644030464597 0.6074372273153288 -0.28840366040385745
outer loop
vertex 217.8161873307573 -136.92318478254964 5.100000000000001
vertex 217.74868458141978 -137.0054371206031 5.1
vertex 217.7250309121515 -137.03425919999916 5.1
endloop
endfacet
facet normal -0.7401644030464597 0.6074372273153288 -0.28840366040385745
outer loop
vertex 217.8161873307573 -136.92318478254964 5.100000000000001
vertex 217.7250309121515 -137.03425919999916 5.1
vertex 217.5052802529649 -137.30202615296443 5.100000000000001
endloop
endfacet
facet normal -0.7401644030464597 0.6074372273153288 -0.28840366040385745
outer loop
vertex 217.8161873307573 -136.92318478254964 5.100000000000001
vertex 217.5052802529649 -137.30202615296443 5.100000000000001
vertex 217.50528025298212 -137.30202615295266 1.6
endloop
endfacet
facet normal -0.7401644030464597 0.6074372273153288 -0.28840366040385745
outer loop
vertex 217.8161873307573 -136.92318478254964 5.100000000000001
vertex 217.50528025298212 -137.30202615295266 1.6
vertex 217.81618733075481 -136.9231847825526 1.6
endloop
endfacet
facet normal 0 0 -1
outer loop
vertex 218.04721213127846 -136.49096778091297 5.1
vertex 217.99164884836273 -136.59491937177575 5.1
vertex 217.89193887116818 -136.78146361844995 5.1
endloop
endfacet
facet normal 0 0 -1
outer loop
vertex 218.04721213127846 -136.49096778091297 5.1
vertex 217.89193887116818 -136.78146361844995 5.1
vertex 217.81784767402803 -136.92007849877166 5.1
endloop
endfacet
facet normal 0 0 -1
outer loop
vertex 218.04721213127846 -136.49096778091297 5.1
vertex 217.81784767402803 -136.92007849877166 5.1
vertex 217.8161873307573 -136.92318478254964 5.100000000000001
endloop
endfacet
facet normal 0 0 -1
outer loop
vertex 218.04721213127846 -136.49096778091297 5.1
vertex 217.8161873307573 -136.92318478254964 5.100000000000001
vertex 217.81618733075481 -136.9231847825526 1.6
endloop
endfacet
facet normal 0 0 -1
outer loop
vertex 218.04721213127846 -136.49096778091297 5.1
vertex 217.81618733075481 -136.9231847825526 1.6
vertex 218.04721213127894 -136.49096778091206 1.6
endloop
endfacet
facet normal -0.13093899239575954 0.03971990909800539 0.9905944220979792
outer loop
vertex 218.1894765010079 -136.02198500504045 5.100000000000001
vertex 218.16329788134686 -136.10828434858297 5.1
vertex 218.08463092493946 -136.36761454950087 5.1
endloop
endfacet
facet normal -0.13093899239575954 0.03971990909800539 0.9905944220979792
outer loop
vertex 218.1894765010079 -136.02198500504045 5.100000000000001
vertex 218.08463092493946 -136.36761454950087 5.1
vertex 218.04721213127846 -136.49096778091297 5.1
endloop
endfacet
facet normal -0.13093899239575954 0.03971990909800539 0.9905944220979792
outer loop
vertex 218.1894765010079 -136.02198500504045 5.100000000000001
vertex 218.04721213127846 -136.49096778091297 5.1
vertex 218.04721213127894 -136.49096778091206 1.6
endloop
endfacet
facet normal -0.13093899239575954 0.03971990909800539 0.9905944220979792
outer loop
vertex 218.1894765010079 -136.02198500504045 5.100000000000001
vertex 218.04721213127894 -136.49096778091206 1.6
vertex 218.18947650100748 -136.02198500504417 1.6
endloop
endfacet
facet normal -0.21171320092406487 0.02085193026824326 -0.9771093682687598
outer loop
vertex 233.44999999999982 -93.19999999999963 5.100000000000001
vertex 233.4211779206031 -93.49263548303986 5.1
vertex 233.40196320100785 -93.68772580504057 5.100000000000001
endloop
endfacet
facet normal -0.21171320092406487 0.02085193026824326 -0.9771093682687598
outer loop
vertex 233.44999999999982 -93.19999999999963 5.100000000000001
vertex 233.40196320100785 -93.68772580504057 5.100000000000001
vertex 233.40196320100776 -93.68772580503365 1.6
endloop
endfacet
facet normal -0.21171320092406487 0.02085193026824326 -0.9771093682687598
outer loop
vertex 233.44999999999982 -93.19999999999963 5.100000000000001
vertex 233.40196320100776 -93.68772580503365 1.6
vertex 233.45000000000007 -93.19999999999652 1.6
endloop
endfacet
facet normal -0.1300624190398923 -0.012810030175104499 -0.9914230531314088
outer loop
vertex 233.40196320100856 -92.71227419495986 5.100000000000001
vertex 233.42117792060674 -92.90736451699266 5.1
vertex 233.44999999999982 -93.19999999999963 5.100000000000001
endloop
endfacet
facet normal -0.1300624190398923 -0.012810030175104499 -0.9914230531314088
outer loop
vertex 233.40196320100856 -92.71227419495986 5.100000000000001
vertex 233.44999999999982 -93.19999999999963 5.100000000000001
vertex 233.45000000000007 -93.19999999999652 1.6
endloop
endfacet
facet normal -0.1300624190398923 -0.012810030175104499 -0.9914230531314088
outer loop
vertex 233.40196320100856 -92.71227419495986 5.100000000000001
vertex 233.45000000000007 -93.19999999999652 1.6
vertex 233.40196320100816 -92.71227419495631 1.6
endloop
endfacet
facet normal -0.11059732368855785 -0.03354933135660811 0.9932988847061356
outer loop
vertex 233.25969883127925 -92.24329141908697 5.100000000000001
vertex 233.2971176249281 -92.36664465045928 5.1
vertex 233.37578458135644 -92.62597485144661 5.1
endloop
endfacet
facet normal -0.11059732368855785 -0.03354933135660811 0.9932988847061356
outer loop
vertex 233.25969883127925 -92.24329141908697 5.100000000000001
vertex 233.37578458135644 -92.62597485144661 5.1
vertex 233.40196320100856 -92.71227419495986 5.100000000000001
endloop
endfacet
facet normal -0.11059732368855785 -0.03354933135660811 0.9932988847061356
outer loop
vertex 233.25969883127925 -92.24329141908697 5.100000000000001
vertex 233.40196320100856 -92.71227419495986 5.100000000000001
vertex 233.40196320100816 -92.71227419495631 1.6
endloop
endfacet
facet normal -0.11059732368855785 -0.03354933135660811 0.9932988847061356
outer loop
vertex 233.25969883127925 -92.24329141908697 5.100000000000001
vertex 233.40196320100816 -92.71227419495631 1.6
vertex 233.25969883128062 -92.24329141909158 1.6
endloop
endfacet
facet normal -0.8186847143855687 -0.43759609667377874 -0.37184001211178536
outer loop
vertex 233.0286740307565 -91.81107441745101 5.100000000000001
vertex 233.03033437402848 -91.8141807012313 5.1
vertex 233.1044255711583 -91.95279558153247 5.1
endloop
endfacet
facet normal -0.8186847143855687 -0.43759609667377874 -0.37184001211178536
outer loop
vertex 233.0286740307565 -91.81107441745101 5.100000000000001
vertex 233.1044255711583 -91.95279558153247 5.1
vertex 233.20413554838285 -92.13933982826126 5.1
endloop
endfacet
facet normal -0.8186847143855687 -0.43759609667377874 -0.37184001211178536
outer loop
vertex 233.0286740307565 -91.81107441745101 5.100000000000001
vertex 233.20413554838285 -92.13933982826126 5.1
vertex 233.25969883127925 -92.24329141908697 5.100000000000001
endloop
endfacet
facet normal -0.8186847143855687 -0.43759609667377874 -0.37184001211178536
outer loop
vertex 233.0286740307565 -91.81107441745101 5.100000000000001
vertex 233.25969883127925 -92.24329141908697 5.100000000000001
vertex 233.25969883128062 -92.24329141909158 1.6
endloop
endfacet
facet normal -0.8186847143855687 -0.43759609667377874 -0.37184001211178536
outer loop
vertex 233.0286740307565 -91.81107441745101 5.100000000000001
vertex 233.25969883128062 -92.24329141909158 1.6
vertex 233.02867403076013 -91.81107441745783 1.6
endloop
endfacet
facet normal 0 0 -1
outer loop
vertex 232.71776695296535 -91.43223304703466 5.1
vertex 232.93751761215017 -91.69999999999993 5.1
vertex 232.96117128141546 -91.7288220793926 5.1
endloop
endfacet
facet normal 0 0 -1
outer loop
vertex 232.71776695296535 -91.43223304703466 5.1
vertex 232.96117128141546 -91.7288220793926 5.1
vertex 233.0286740307565 -91.81107441745101 5.100000000000001
endloop
endfacet
facet normal 0 0 -1
outer loop
vertex 232.71776695296535 -91.43223304703466 5.1
vertex 233.0286740307565 -91.81107441745101 5.100000000000001
vertex 233.02867403076013 -91.81107441745783 1.6
endloop
endfacet
facet normal 0 0 -1
outer loop
vertex 232.71776695296535 -91.43223304703466 5.1
vertex 233.02867403076013 -91.81107441745783 1.6
vertex 232.71776695295688 -91.43223304702434 1.6
endloop
endfacet
facet normal 0.6343932841636208 0.7730104533627572 0
outer loop
vertex 232.33892558254965 -91.12132596924269 5.1
vertex 232.71776695296535 -91.43223304703466 5.1
vertex 232.71776695295688 -91.43223304702434 1.6
endloop
endfacet
facet normal 0.6343932841636208 0.7730104533627572 0
outer loop
vertex 232.33892558254965 -91.12132596924269 5.1
vertex 232.71776695295688 -91.43223304702434 1.6
vertex 232.3389255825726 -91.12132596926152 1.6
endloop
endfacet
facet normal 0.47139673682601535 0.8819212643483455 0
outer loop
vertex 231.90670858091056 -90.89030116872587 5.1
vertex 232.33892558254965 -91.12132596924269 5.1
vertex 232.3389255825726 -91.12132596926152 1.6
endloop
endfacet
facet normal 0.47139673682601535 0.8819212643483455 0
outer loop
vertex 231.90670858091056 -90.89030116872587 5.1
vertex 232.3389255825726 -91.12132596926152 1.6
vertex 231.90670858089337 -90.8903011687167 1.6
endloop
endfacet
facet normal 0.29028467725446916 0.9569403357322068 0
outer loop
vertex 231.4377258050402 -90.74803679899267 5.1
vertex 231.90670858091056 -90.89030116872587 5.1
vertex 231.90670858089337 -90.8903011687167 1.6
endloop
endfacet
facet normal 0.29028467725446916 0.9569403357322068 0
outer loop
vertex 231.4377258050402 -90.74803679899267 5.1
vertex 231.90670858089337 -90.8903011687167 1.6
vertex 231.43772580503943 -90.74803679899244 1.6
endloop
endfacet
facet normal 0.09801714032957423 0.9951847266721956 0
outer loop
vertex 230.94999999999987 -90.7000000000006 5.1
vertex 231.4377258050402 -90.74803679899267 5.1
vertex 231.43772580503943 -90.74803679899244 1.6
endloop
endfacet
facet normal 0.09801714032957423 0.9951847266721956 0
outer loop
vertex 230.94999999999987 -90.7000000000006 5.1
vertex 231.43772580503943 -90.74803679899244 1.6
vertex 230.9499999999949 -90.7000000000001 1.6
endloop
endfacet
facet normal -0.09801714032957415 0.9951847266721956 0
outer loop
vertex 230.46227419495955 -90.74803679899155 5.1
vertex 230.94999999999987 -90.7000000000006 5.1
vertex 230.9499999999949 -90.7000000000001 1.6
endloop
endfacet
facet normal -0.09801714032957415 0.9951847266721956 0
outer loop
vertex 230.46227419495955 -90.74803679899155 5.1
vertex 230.9499999999949 -90.7000000000001 1.6
vertex 230.46227419497382 -90.74803679899244 1.6
endloop
endfacet
facet normal -0.2902846772544479 0.9569403357322133 0
outer loop
vertex 229.99329141908817 -90.89030116872402 5.1
vertex 230.46227419495955 -90.74803679899155 5.1
vertex 230.46227419497382 -90.74803679899244 1.6
endloop
endfacet
facet normal -0.2902846772544479 0.9569403357322133 0
outer loop
vertex 229.99329141908817 -90.89030116872402 5.1
vertex 230.46227419497382 -90.74803679899244 1.6
vertex 229.99329141907944 -90.8903011687167 1.6
endloop
endfacet
facet normal -0.4713967368259914 0.8819212643483584 0
outer loop
vertex 229.5610744174512 -91.12132596924423 5.1
vertex 229.99329141908817 -90.89030116872402 5.1
vertex 229.99329141907944 -90.8903011687167 1.6
endloop
endfacet
facet normal -0.4713967368259914 0.8819212643483584 0
outer loop
vertex 229.5610744174512 -91.12132596924423 5.1
vertex 229.99329141907944 -90.8903011687167 1.6
vertex 229.56107441744655 -91.12132596926152 1.6
endloop
endfacet
facet normal -0.6343932841636518 0.7730104533627319 0
outer loop
vertex 229.18223304703338 -91.43223304703332 5.100000000000001
vertex 229.5610744174512 -91.12132596924423 5.1
vertex 229.56107441744655 -91.12132596926152 1.6
endloop
endfacet
facet normal -0.6343932841636518 0.7730104533627319 0
outer loop
vertex 229.18223304703338 -91.43223304703332 5.100000000000001
vertex 229.56107441744655 -91.12132596926152 1.6
vertex 229.18223304703187 -91.43223304702434 1.6
endloop
endfacet
facet normal 0.0044102404294432225 -0.003619390782899352 0.9999837247624159
outer loop
vertex 228.871325969243 -91.81107441745051 5.100000000000001
vertex 228.9388287185836 -91.7288220793926 5.1
vertex 228.96248238784875 -91.69999999999993 5.1
endloop
endfacet
facet normal 0.0044102404294432225 -0.003619390782899352 0.9999837247624159
outer loop
vertex 228.871325969243 -91.81107441745051 5.100000000000001
vertex 228.96248238784875 -91.69999999999993 5.1
vertex 229.18223304703338 -91.43223304703332 5.100000000000001
endloop
endfacet
facet normal 0.0044102404294432225 -0.003619390782899352 0.9999837247624159
outer loop
vertex 228.871325969243 -91.81107441745051 5.100000000000001
vertex 229.18223304703338 -91.43223304703332 5.100000000000001
vertex 229.18223304703187 -91.43223304702434 1.6
endloop
endfacet
facet normal 0.0044102404294432225 -0.003619390782899352 0.9999837247624159
outer loop
vertex 228.871325969243 -91.81107441745051 5.100000000000001
vertex 229.18223304703187 -91.43223304702434 1.6
vertex 228.87132596924909 -91.81107441745783 1.6
endloop
endfacet
facet normal 0 0 -1
outer loop
vertex 228.64030116872274 -92.24329141908773 5.1
vertex 228.69586445161852 -92.13933982826126 5.1
vertex 228.79557442884195 -91.95279558153247 5.1
endloop
endfacet
facet normal 0 0 -1
outer loop
vertex 228.64030116872274 -92.24329141908773 5.1
vertex 228.79557442884195 -91.95279558153247 5.1
vertex 228.86966562597104 -91.8141807012313 5.1
endloop
endfacet
facet normal 0 0 -1
outer loop
vertex 228.64030116872274 -92.24329141908773 5.1
vertex 228.86966562597104 -91.8141807012313 5.1
vertex 228.871325969243 -91.81107441745051 5.100000000000001
endloop
endfacet
facet normal 0 0 -1
outer loop
vertex 228.64030116872274 -92.24329141908773 5.1
vertex 228.871325969243 -91.81107441745051 5.100000000000001
vertex 228.87132596924909 -91.81107441745783 1.6
endloop
endfacet
facet normal 0 0 -1
outer loop
vertex 228.64030116872274 -92.24329141908773 5.1
vertex 228.87132596924909 -91.81107441745783 1.6
vertex 228.64030116871993 -92.24329141909158 1.6
endloop
endfacet
facet normal 0 0 -1
outer loop
vertex 228.49803679899176 -92.71227419495986 5.1
vertex 228.52421541864422 -92.62597485144661 5.1
vertex 228.60288237507362 -92.36664465045928 5.1
endloop
endfacet
facet normal 0 0 -1
outer loop
vertex 228.49803679899176 -92.71227419495986 5.1
vertex 228.60288237507362 -92.36664465045928 5.1
vertex 228.64030116872274 -92.24329141908773 5.1
endloop
endfacet
facet normal 0 0 -1
outer loop
vertex 228.49803679899176 -92.71227419495986 5.1
vertex 228.64030116872274 -92.24329141908773 5.1
vertex 228.64030116871993 -92.24329141909158 1.6
endloop
endfacet
facet normal 0 0 -1
outer loop
vertex 228.49803679899176 -92.71227419495986 5.1
vertex 228.64030116871993 -92.24329141909158 1.6
vertex 228.4980367989923 -92.71227419495631 1.6
endloop
endfacet
facet normal 0.18137278958476735 -0.01786366057684685 -0.9832521552628475
outer loop
vertex 228.45000000000033 -93.19999999999968 5.100000000000001
vertex 228.47882207939352 -92.90736451699266 5.1
vertex 228.49803679899176 -92.71227419495986 5.1
endloop
endfacet
facet normal 0.18137278958476735 -0.01786366057684685 -0.9832521552628475
outer loop
vertex 228.45000000000033 -93.19999999999968 5.100000000000001
vertex 228.49803679899176 -92.71227419495986 5.1
vertex 228.4980367989923 -92.71227419495631 1.6
endloop
endfacet
facet normal 0.18137278958476735 -0.01786366057684685 -0.9832521552628475
outer loop
vertex 228.45000000000033 -93.19999999999968 5.100000000000001
vertex 228.4980367989923 -92.71227419495631 1.6
vertex 228.45000000000024 -93.19999999999652 1.6
endloop
endfacet
facet normal 0.1662436186506787 0.016373567300066273 0.9859487641616058
outer loop
vertex 228.49803679899227 -93.68772580504057 5.100000000000001
vertex 228.47882207939705 -93.49263548303986 5.1
vertex 228.45000000000033 -93.19999999999968 5.100000000000001
endloop
endfacet
facet normal 0.1662436186506787 0.016373567300066273 0.9859487641616058
outer loop
vertex 228.49803679899227 -93.68772580504057 5.100000000000001
vertex 228.45000000000033 -93.19999999999968 5.100000000000001
vertex 228.45000000000024 -93.19999999999652 1.6
endloop
endfacet
facet normal 0.1662436186506787 0.016373567300066273 0.9859487641616058
outer loop
vertex 228.49803679899227 -93.68772580504057 5.100000000000001
vertex 228.45000000000024 -93.19999999999652 1.6
vertex 228.49803679899154 -93.68772580503365 1.6
endloop
endfacet
facet normal 0 0 -1
outer loop
vertex 228.64030116872328 -94.15670858091214 5.1
vertex 228.60288237507228 -94.03335534953466 5.1
vertex 228.52421541863188 -93.77402514851133 5.1
endloop
endfacet
facet normal 0 0 -1
outer loop
vertex 228.64030116872328 -94.15670858091214 5.1
vertex 228.52421541863188 -93.77402514851133 5.1
vertex 228.49803679899227 -93.68772580504057 5.100000000000001
endloop
endfacet
facet normal 0 0 -1
outer loop
vertex 228.64030116872328 -94.15670858091214 5.1
vertex 228.49803679899227 -93.68772580504057 5.100000000000001
vertex 228.49803679899154 -93.68772580503365 1.6
endloop
endfacet
facet normal 0 0 -1
outer loop
vertex 228.64030116872328 -94.15670858091214 5.1
vertex 228.49803679899154 -93.68772580503365 1.6
vertex 228.64030116872232 -94.15670858090907 1.6
endloop
endfacet
facet normal 0 0 -1
outer loop
vertex 228.87132596924562 -94.58892558254803 5.1
vertex 228.86966562597425 -94.58581929876937 5.1
vertex 228.79557442883896 -94.4472044184575 5.1
endloop
endfacet
facet normal 0 0 -1
outer loop
vertex 228.87132596924562 -94.58892558254803 5.1
vertex 228.79557442883896 -94.4472044184575 5.1
vertex 228.69586445164393 -94.26066017178336 5.1
endloop
endfacet
facet normal 0 0 -1
outer loop
vertex 228.87132596924562 -94.58892558254803 5.1
vertex 228.69586445164393 -94.26066017178336 5.1
vertex 228.64030116872328 -94.15670858091214 5.1
endloop
endfacet
facet normal 0 0 -1
outer loop
vertex 228.87132596924562 -94.58892558254803 5.1
vertex 228.64030116872328 -94.15670858091214 5.1
vertex 228.64030116872232 -94.15670858090907 1.6
endloop
endfacet
facet normal 0 0 -1
outer loop
vertex 228.87132596924562 -94.58892558254803 5.1
vertex 228.64030116872232 -94.15670858090907 1.6
vertex 228.87132596925377 -94.58892558256332 1.6
endloop
endfacet
facet normal 0.0018803339696271076 0.0015431502085320222 0.999997041511422
outer loop
vertex 229.1822330470327 -94.9677669529672 5.100000000000001
vertex 228.96248238785108 -94.70000000000026 5.1
vertex 228.93882871858182 -94.67117792060228 5.1
endloop
endfacet
facet normal 0.0018803339696271076 0.0015431502085320222 0.999997041511422
outer loop
vertex 229.1822330470327 -94.9677669529672 5.100000000000001
vertex 228.93882871858182 -94.67117792060228 5.1
vertex 228.87132596924562 -94.58892558254803 5.1
endloop
endfacet
facet normal 0.0018803339696271076 0.0015431502085320222 0.999997041511422
outer loop
vertex 229.1822330470327 -94.9677669529672 5.100000000000001
vertex 228.87132596924562 -94.58892558254803 5.1
vertex 228.87132596925377 -94.58892558256332 1.6
endloop
endfacet
facet normal 0.0018803339696271076 0.0015431502085320222 0.999997041511422
outer loop
vertex 229.1822330470327 -94.9677669529672 5.100000000000001
vertex 228.87132596925377 -94.58892558256332 1.6
vertex 229.18223304702764 -94.96776695296104 1.6
endloop
endfacet
facet normal -0.6343932841636208 -0.7730104533627572 0
outer loop
vertex 229.56107441745112 -95.27867403075604 5.1
vertex 229.1822330470327 -94.9677669529672 5.100000000000001
vertex 229.18223304702764 -94.96776695296104 1.6
endloop
endfacet
facet normal -0.6343932841636208 -0.7730104533627572 0
outer loop
vertex 229.56107441745112 -95.27867403075604 5.1
vertex 229.18223304702764 -94.96776695296104 1.6
vertex 229.56107441745462 -95.2786740307589 1.6
endloop
endfacet
facet normal -0.4713967368259909 -0.8819212643483587 0
outer loop
vertex 229.99329141908711 -95.50969883127873 5.100000000000001
vertex 229.56107441745112 -95.27867403075604 5.1
vertex 229.56107441745462 -95.2786740307589 1.6
endloop
endfacet
facet normal -0.4713967368259909 -0.8819212643483587 0
outer loop
vertex 229.99329141908711 -95.50969883127873 5.100000000000001
vertex 229.56107441745462 -95.2786740307589 1.6
vertex 229.9932914190874 -95.50969883127888 1.6
endloop
endfacet
facet normal -0.29028467725446216 -0.9569403357322089 0
outer loop
vertex 230.46227419495946 -95.65196320100864 5.1
vertex 229.99329141908711 -95.50969883127873 5.100000000000001
vertex 229.9932914190874 -95.50969883127888 1.6
endloop
endfacet
facet normal -0.29028467725446216 -0.9569403357322089 0
outer loop
vertex 230.46227419495946 -95.65196320100864 5.1
vertex 229.9932914190874 -95.50969883127888 1.6
vertex 230.462274194953 -95.65196320100668 1.6
endloop
endfacet
facet normal -0.09801714032956006 -0.9951847266721969 0
outer loop
vertex 230.95000000000013 -95.69999999999926 5.1
vertex 230.46227419495946 -95.65196320100864 5.1
vertex 230.462274194953 -95.65196320100668 1.6
endloop
endfacet
facet normal -0.09801714032956006 -0.9951847266721969 0
outer loop
vertex 230.95000000000013 -95.69999999999926 5.1
vertex 230.462274194953 -95.65196320100668 1.6
vertex 230.9499999999993 -95.69999999999919 1.6
endloop
endfacet
facet normal 0.09801714032957415 -0.9951847266721956 0
outer loop
vertex 231.43772580504037 -95.65196320100722 5.1
vertex 230.95000000000013 -95.69999999999926 5.1
vertex 230.9499999999993 -95.69999999999919 1.6
endloop
endfacet
facet normal 0.09801714032957415 -0.9951847266721956 0
outer loop
vertex 231.43772580504037 -95.65196320100722 5.1
vertex 230.9499999999993 -95.69999999999919 1.6
vertex 231.4377258050456 -95.65196320100668 1.6
endloop
endfacet
facet normal 0.2902846772544479 -0.9569403357322133 0
outer loop
vertex 231.90670858091346 -95.50969883128052 5.1
vertex 231.43772580504037 -95.65196320100722 5.1
vertex 231.4377258050456 -95.65196320100668 1.6
endloop
endfacet
facet normal 0.2902846772544479 -0.9569403357322133 0
outer loop
vertex 231.90670858091346 -95.50969883128052 5.1
vertex 231.4377258050456 -95.65196320100668 1.6
vertex 231.9067085809215 -95.50969883127888 1.6
endloop
endfacet
facet normal 0.47139673682599736 -0.8819212643483553 0
outer loop
vertex 232.33892558254914 -95.27867403075665 5.100000000000001
vertex 231.90670858091346 -95.50969883128052 5.1
vertex 231.9067085809215 -95.50969883127888 1.6
endloop
endfacet
facet normal 0.47139673682599736 -0.8819212643483553 0
outer loop
vertex 232.33892558254914 -95.27867403075665 5.100000000000001
vertex 231.9067085809215 -95.50969883127888 1.6
vertex 232.33892558253876 -95.2786740307589 1.6
endloop
endfacet
facet normal 0.6343932841636518 -0.7730104533627319 0
outer loop
vertex 232.717766952966 -94.96776695296616 5.100000000000001
vertex 232.33892558254914 -95.27867403075665 5.100000000000001
vertex 232.33892558253876 -95.2786740307589 1.6
endloop
endfacet
facet normal 0.6343932841636518 -0.7730104533627319 0
outer loop
vertex 232.717766952966 -94.96776695296616 5.100000000000001
vertex 232.33892558253876 -95.2786740307589 1.6
vertex 232.71776695297262 -94.96776695296104 1.6
endloop
endfacet
facet normal -0.17130916382228842 0.14058979742330513 0.9751346980038103
outer loop
vertex 233.02867403075575 -94.58892558254848 5.100000000000001
vertex 232.96117128141904 -94.67117792060228 5.1
vertex 232.93751761214958 -94.70000000000026 5.1
endloop
endfacet
facet normal -0.17130916382228842 0.14058979742330513 0.9751346980038103
outer loop
vertex 233.02867403075575 -94.58892558254848 5.100000000000001
vertex 232.93751761214958 -94.70000000000026 5.1
vertex 232.717766952966 -94.96776695296616 5.100000000000001
endloop
endfacet
facet normal -0.17130916382228842 0.14058979742330513 0.9751346980038103
outer loop
vertex 233.02867403075575 -94.58892558254848 5.100000000000001
vertex 232.717766952966 -94.96776695296616 5.100000000000001
vertex 232.71776695297262 -94.96776695296104 1.6
endloop
endfacet
facet normal -0.17130916382228842 0.14058979742330513 0.9751346980038103
outer loop
vertex 233.02867403075575 -94.58892558254848 5.100000000000001
vertex 232.71776695297262 -94.96776695296104 1.6
vertex 233.0286740307408 -94.58892558256332 1.6
endloop
endfacet
facet normal 0 0 1
outer loop
vertex 233.25969883127757 -94.15670858091225 5.1
vertex 233.20413554835716 -94.26066017178336 5.1
vertex 233.1044255711623 -94.4472044184575 5.1
endloop
endfacet
facet normal 0 0 1
outer loop
vertex 233.25969883127757 -94.15670858091225 5.1
vertex 233.1044255711623 -94.4472044184575 5.1
vertex 233.03033437402712 -94.58581929876937 5.1
endloop
endfacet
facet normal 0 0 1
outer loop
vertex 233.25969883127757 -94.15670858091225 5.1
vertex 233.03033437402712 -94.58581929876937 5.1
vertex 233.02867403075575 -94.58892558254848 5.100000000000001
endloop
endfacet
facet normal 0 0 1
outer loop
vertex 233.25969883127757 -94.15670858091225 5.1
vertex 233.02867403075575 -94.58892558254848 5.100000000000001
vertex 233.0286740307408 -94.58892558256332 1.6
endloop
endfacet
facet normal 0 0 1
outer loop
vertex 233.25969883127757 -94.15670858091225 5.1
vertex 233.0286740307408 -94.58892558256332 1.6
vertex 233.259698831282 -94.15670858090907 1.6
endloop
endfacet
facet normal -0.3108348273710531 0.09429071403308903 0.9457753281516377
outer loop
vertex 233.40196320100785 -93.68772580504057 5.100000000000001
vertex 233.37578458136838 -93.77402514851133 5.1
vertex 233.29711762492838 -94.03335534953466 5.1
endloop
endfacet
facet normal -0.3108348273710531 0.09429071403308903 0.9457753281516377
outer loop
vertex 233.40196320100785 -93.68772580504057 5.100000000000001
vertex 233.29711762492838 -94.03335534953466 5.1
vertex 233.25969883127757 -94.15670858091225 5.1
endloop
endfacet
facet normal -0.3108348273710531 0.09429071403308903 0.9457753281516377
outer loop
vertex 233.40196320100785 -93.68772580504057 5.100000000000001
vertex 233.25969883127757 -94.15670858091225 5.1
vertex 233.259698831282 -94.15670858090907 1.6
endloop
endfacet
facet normal -0.3108348273710531 0.09429071403308903 0.9457753281516377
outer loop
vertex 233.40196320100785 -93.68772580504057 5.100000000000001
vertex 233.259698831282 -94.15670858090907 1.6
vertex 233.40196320100776 -93.68772580503365 1.6
endloop
endfacet
facet normal -0.6343932841636518 0.7730104533627319 0
outer loop
vertex 126.73223304703411 -108.73223304703414 5.1
vertex 127.1110744174509 -108.42132596924344 5.1
vertex 127.11107441745364 -108.4213259692443 1.6
endloop
endfacet
facet normal -0.6343932841636518 0.7730104533627319 0
outer loop
vertex 126.73223304703411 -108.73223304703414 5.1
vertex 127.11107441745364 -108.4213259692443 1.6
vertex 126.73223304703487 -108.73223304703438 1.6
endloop
endfacet
facet normal 0.09801714032957415 -0.9951847266721956 0
outer loop
vertex 182.18772580504097 -119.60196320100968 5.1
vertex 181.69999999999987 -119.650000000001 5.1
vertex 181.6999999999915 -119.65000000000012 1.6
endloop
endfacet
facet normal 0.09801714032957415 -0.9951847266721956 0
outer loop
vertex 182.18772580504097 -119.60196320100968 5.1
vertex 181.6999999999915 -119.65000000000012 1.6
vertex 182.1877258050528 -119.6019632010061 1.6
endloop
endfacet
facet normal -0.9951847266722063 0.09801714032946575 4.418757417745746e-16
outer loop
vertex 130.9711779206035 -58.542635483024064 5.1
vertex 130.99999999999864 -58.249999999999865 5.1
vertex 130.99999999999946 -58.24999999999147 0
endloop
endfacet
facet normal -0.9951847266722063 0.09801714032946575 4.418757417745746e-16
outer loop
vertex 130.9711779206035 -58.542635483024064 5.1
vertex 130.99999999999946 -58.24999999999147 0
vertex 130.98741323382774 -58.37779558156209 0
endloop
endfacet
facet normal -0.9951847266722063 0.09801714032946575 4.418757417745746e-16
outer loop
vertex 130.9711779206035 -58.542635483024064 5.1
vertex 130.98741323382774 -58.37779558156209 0
vertex 130.97117792060445 -58.54263548301434 0
endloop
endfacet
facet normal -0.9951847266727495 -0.09801714032394894 4.524021010685691e-15
outer loop
vertex 130.99999999999864 -58.249999999999865 5.1
vertex 130.97117792060516 -57.95736451697577 5.1
vertex 130.97117792060487 -57.95736451697312 0
endloop
endfacet
facet normal -0.9951847266727495 -0.09801714032394894 4.524021010685691e-15
outer loop
vertex 130.99999999999864 -58.249999999999865 5.1
vertex 130.97117792060487 -57.95736451697312 0
vertex 130.9876885745807 -58.12500000000043 0
endloop
endfacet
facet normal -0.9951847266727495 -0.09801714032394894 4.524021010685691e-15
outer loop
vertex 130.99999999999864 -58.249999999999865 5.1
vertex 130.9876885745807 -58.12500000000043 0
vertex 130.9905273016279 -58.15382207939455 0
endloop
endfacet
facet normal -0.9951847266727495 -0.09801714032394894 4.524021010685691e-15
outer loop
vertex 130.99999999999864 -58.249999999999865 5.1
vertex 130.9905273016279 -58.15382207939455 0
vertex 130.99893439208086 -58.23918070122735 0
endloop
endfacet
facet normal -0.9951847266727495 -0.09801714032394894 4.524021010685691e-15
outer loop
vertex 130.99999999999864 -58.249999999999865 5.1
vertex 130.99893439208086 -58.23918070122735 0
vertex 130.99999999999946 -58.24999999999147 0
endloop
endfacet
facet normal -0.9569403357322048 -0.29028467725447593 0
outer loop
vertex 130.97117792060516 -57.95736451697577 5.1
vertex 130.88581929876773 -57.675974851452125 5.100000000000001
vertex 130.8858192987639 -57.675974851439584 0
endloop
endfacet
facet normal -0.9569403357322048 -0.29028467725447593 0
outer loop
vertex 130.97117792060516 -57.95736451697577 5.1
vertex 130.8858192987639 -57.675974851439584 0
vertex 130.97117792060487 -57.95736451697312 0
endloop
endfacet
facet normal -0.8819212643483418 -0.4713967368260224 0
outer loop
vertex 130.88581929876773 -57.675974851452125 5.100000000000001
vertex 130.74720441845676 -57.41664465046901 5.1
vertex 130.74720441847072 -57.41664465049514 0
endloop
endfacet
facet normal -0.8819212643483418 -0.4713967368260224 0
outer loop
vertex 130.88581929876773 -57.675974851452125 5.100000000000001
vertex 130.74720441847072 -57.41664465049514 0
vertex 130.8858192987639 -57.675974851439584 0
endloop
endfacet
facet normal -0.7730104533627797 -0.6343932841635934 0
outer loop
vertex 130.74720441845676 -57.41664465046901 5.1
vertex 130.5606601717779 -57.189339828221755 5.1
vertex 130.56066017176903 -57.18933982821095 0
endloop
endfacet
facet normal -0.7730104533627797 -0.6343932841635934 0
outer loop
vertex 130.74720441845676 -57.41664465046901 5.1
vertex 130.56066017176903 -57.18933982821095 0
vertex 130.74720441847072 -57.41664465049514 0
endloop
endfacet
facet normal -0.6343932841636208 -0.7730104533627572 0
outer loop
vertex 130.5606601717779 -57.189339828221755 5.1
vertex 130.3333553495296 -57.00279558154597 5.1
vertex 130.3333553495296 -57.00279558154597 0
endloop
endfacet
facet normal -0.6343932841636208 -0.7730104533627572 0
outer loop
vertex 130.5606601717779 -57.189339828221755 5.1
vertex 130.3333553495296 -57.00279558154597 0
vertex 130.56066017176903 -57.18933982821095 0
endloop
endfacet
facet normal -0.47139673682600314 -0.881921264348352 0
outer loop
vertex 130.3333553495296 -57.00279558154597 5.1
vertex 130.07402514854775 -56.86418070123282 5.1
vertex 130.07402514855173 -56.86418070123493 0
endloop
endfacet
facet normal -0.47139673682600314 -0.881921264348352 0
outer loop
vertex 130.3333553495296 -57.00279558154597 5.1
vertex 130.07402514855173 -56.86418070123493 0
vertex 130.3333553495296 -57.00279558154597 0
endloop
endfacet
facet normal -0.29028467725444956 -0.9569403357322128 0
outer loop
vertex 130.07402514854775 -56.86418070123282 5.1
vertex 129.79263548302404 -56.77882207939574 5.100000000000001
vertex 129.7926354830221 -56.77882207939515 0
endloop
endfacet
facet normal -0.29028467725444956 -0.9569403357322128 0
outer loop
vertex 130.07402514854775 -56.86418070123282 5.1
vertex 129.7926354830221 -56.77882207939515 0
vertex 130.07402514855173 -56.86418070123493 0
endloop
endfacet
facet normal -0.09801714032955997 -0.9951847266721969 0
outer loop
vertex 129.79263548302404 -56.77882207939574 5.100000000000001
vertex 129.5 -56.7500000000002 5.1
vertex 129.50000000000261 -56.750000000000455 0
endloop
endfacet
facet normal -0.09801714032955997 -0.9951847266721969 0
outer loop
vertex 129.79263548302404 -56.77882207939574 5.100000000000001
vertex 129.50000000000261 -56.750000000000455 0
vertex 129.7926354830221 -56.77882207939515 0
endloop
endfacet
facet normal 0.09801714032955997 -0.9951847266721969 0
outer loop
vertex 129.5 -56.7500000000002 5.1
vertex 129.20736451697584 -56.77882207939586 5.1
vertex 129.2073645169831 -56.77882207939515 0
endloop
endfacet
facet normal 0.09801714032955997 -0.9951847266721969 0
outer loop
vertex 129.5 -56.7500000000002 5.1
vertex 129.2073645169831 -56.77882207939515 0
vertex 129.50000000000261 -56.750000000000455 0
endloop
endfacet
facet normal 0.2902846772544479 -0.9569403357322133 0
outer loop
vertex 129.20736451697584 -56.77882207939586 5.1
vertex 128.92597485145228 -56.86418070123281 5.1
vertex 128.92597485144134 -56.86418070123493 0
endloop
endfacet
facet normal 0.2902846772544479 -0.9569403357322133 0
outer loop
vertex 129.20736451697584 -56.77882207939586 5.1
vertex 128.92597485144134 -56.86418070123493 0
vertex 129.2073645169831 -56.77882207939515 0
endloop
endfacet
facet normal 0.4713967368260084 -0.8819212643483493 0
outer loop
vertex 128.92597485145228 -56.86418070123281 5.1
vertex 128.6666446504716 -57.00279558154803 5.1
vertex 128.66664465048586 -57.00279558154597 0
endloop
endfacet
facet normal 0.4713967368260084 -0.8819212643483493 0
outer loop
vertex 128.92597485145228 -56.86418070123281 5.1
vertex 128.66664465048586 -57.00279558154597 0
vertex 128.92597485144134 -56.86418070123493 0
endloop
endfacet
facet normal 0.6343932841636208 -0.7730104533627572 0
outer loop
vertex 128.6666446504716 -57.00279558154803 5.1
vertex 128.43933982822023 -57.189339828220234 5.1
vertex 128.43933982822332 -57.18933982821095 0
endloop
endfacet
facet normal 0.6343932841636208 -0.7730104533627572 0
outer loop
vertex 128.6666446504716 -57.00279558154803 5.1
vertex 128.43933982822332 -57.18933982821095 0
vertex 128.66664465048586 -57.00279558154597 0
endloop
endfacet
facet normal 0.7730104533627572 -0.6343932841636208 0
outer loop
vertex 128.43933982822023 -57.189339828220234 5.1
vertex 128.25279558154625 -57.41664465047065 5.1
vertex 128.25279558151848 -57.41664465049514 0
endloop
endfacet
facet normal 0.7730104533627572 -0.6343932841636208 0
outer loop
vertex 128.43933982822023 -57.189339828220234 5.1
vertex 128.25279558151848 -57.41664465049514 0
vertex 128.43933982822332 -57.18933982821095 0
endloop
endfacet
facet normal 0.8819212643483252 -0.4713967368260534 0
outer loop
vertex 128.25279558154625 -57.41664465047065 5.1
vertex 128.11418070123273 -57.67597485145218 5.1
vertex 128.11418070125163 -57.675974851439584 0
endloop
endfacet
facet normal 0.8819212643483252 -0.4713967368260534 0
outer loop
vertex 128.25279558154625 -57.41664465047065 5.1
vertex 128.11418070125163 -57.675974851439584 0
vertex 128.25279558151848 -57.41664465049514 0
endloop
endfacet
facet normal 0.9569403357322133 -0.2902846772544479 0
outer loop
vertex 128.11418070123273 -57.67597485145218 5.1
vertex 128.02882207939518 -57.95736451697583 5.1
vertex 128.02882207939282 -57.95736451697312 0
endloop
endfacet
facet normal 0.9569403357322133 -0.2902846772544479 0
outer loop
vertex 128.11418070123273 -57.67597485145218 5.1
vertex 128.02882207939282 -57.95736451697312 0
vertex 128.11418070125163 -57.675974851439584 0
endloop
endfacet
facet normal 0.9951847266721956 -0.09801714032957415 0
outer loop
vertex 128.02882207939518 -57.95736451697583 5.1
vertex 127.99999999999967 -58.24999999999997 5.1
vertex 128.00000000000003 -58.24999999999147 0
endloop
endfacet
facet normal 0.9951847266721956 -0.09801714032957415 0
outer loop
vertex 128.02882207939518 -57.95736451697583 5.1
vertex 128.00000000000003 -58.24999999999147 0
vertex 128.02882207939282 -57.95736451697312 0
endloop
endfacet
facet normal 0.9951847266721984 0.09801714032954582 0
outer loop
vertex 127.99999999999967 -58.24999999999997 5.1
vertex 128.0288220793955 -58.54263548302416 5.1
vertex 128.028822079395 -58.54263548301434 0
endloop
endfacet
facet normal 0.9951847266721984 0.09801714032954582 0
outer loop
vertex 127.99999999999967 -58.24999999999997 5.1
vertex 128.028822079395 -58.54263548301434 0
vertex 128.00000000000003 -58.24999999999147 0
endloop
endfacet
facet normal 0.9569403357322045 0.29028467725447693 0
outer loop
vertex 128.0288220793955 -58.54263548302416 5.1
vertex 128.11418070123526 -58.82402514854698 5.1
vertex 128.1141807012434 -58.8240251485739 0
endloop
endfacet
facet normal 0.9569403357322045 0.29028467725447693 0
outer loop
vertex 128.0288220793955 -58.54263548302416 5.1
vertex 128.1141807012434 -58.8240251485739 0
vertex 128.028822079395 -58.54263548301434 0
endloop
endfacet
facet normal 0.8819212643483494 0.47139673682600847 0
outer loop
vertex 128.11418070123526 -58.82402514854698 5.1
vertex 128.25279558154335 -59.08335534953096 5.100000000000001
vertex 128.2527955815385 -59.08335534952191 0
endloop
endfacet
facet normal 0.8819212643483494 0.47139673682600847 0
outer loop
vertex 128.11418070123526 -58.82402514854698 5.1
vertex 128.2527955815385 -59.08335534952191 0
vertex 128.1141807012434 -58.8240251485739 0
endloop
endfacet
facet normal 0.7730104533627572 0.6343932841636208 0
outer loop
vertex 128.25279558154335 -59.08335534953096 5.100000000000001
vertex 128.43933982821923 -59.310660171780576 5.1
vertex 128.43933982821451 -59.31066017177483 0
endloop
endfacet
facet normal 0.7730104533627572 0.6343932841636208 0
outer loop
vertex 128.25279558154335 -59.08335534953096 5.100000000000001
vertex 128.43933982821451 -59.31066017177483 0
vertex 128.2527955815385 -59.08335534952191 0
endloop
endfacet
facet normal 0.6343932841636208 0.7730104533627572 0
outer loop
vertex 128.43933982821923 -59.310660171780576 5.1
vertex 128.66664465047077 -59.497204418453606 5.1
vertex 128.66664465047197 -59.49720441845458 0
endloop
endfacet
facet normal 0.6343932841636208 0.7730104533627572 0
outer loop
vertex 128.43933982821923 -59.310660171780576 5.1
vertex 128.66664465047197 -59.49720441845458 0
vertex 128.43933982821451 -59.31066017177483 0
endloop
endfacet
facet normal 0.47139673682602545 0.8819212643483403 0
outer loop
vertex 128.66664465047077 -59.497204418453606 5.1
vertex 128.92597485145237 -59.63581929876698 5.100000000000001
vertex 128.92597485145376 -59.63581929876772 0
endloop
endfacet
facet normal 0.47139673682602545 0.8819212643483403 0
outer loop
vertex 128.66664465047077 -59.497204418453606 5.1
vertex 128.92597485145376 -59.63581929876772 0
vertex 128.66664465047197 -59.49720441845458 0
endloop
endfacet
facet normal 0.2902846772544479 0.9569403357322133 0
outer loop
vertex 128.92597485145237 -59.63581929876698 5.100000000000001
vertex 129.2073645169757 -59.72117792060517 5.1
vertex 129.20736451697059 -59.721177920603616 0
endloop
endfacet
facet normal 0.2902846772544479 0.9569403357322133 0
outer loop
vertex 128.92597485145237 -59.63581929876698 5.100000000000001
vertex 129.20736451697059 -59.721177920603616 0
vertex 128.92597485145376 -59.63581929876772 0
endloop
endfacet
facet normal 0.09801714032957423 0.9951847266721956 0
outer loop
vertex 129.2073645169757 -59.72117792060517 5.1
vertex 129.50000000000009 -59.749999999999304 5.1
vertex 129.5000000000075 -59.75000000000003 0
endloop
endfacet
facet normal 0.09801714032957423 0.9951847266721956 0
outer loop
vertex 129.2073645169757 -59.72117792060517 5.1
vertex 129.5000000000075 -59.75000000000003 0
vertex 129.20736451697059 -59.721177920603616 0
endloop
endfacet
facet normal -0.09801714032955997 0.9951847266721969 0
outer loop
vertex 129.50000000000009 -59.749999999999304 5.1
vertex 129.79263548302424 -59.721177920605605 5.1
vertex 129.79263548301907 -59.721177920603616 0
endloop
endfacet
facet normal -0.09801714032955997 0.9951847266721969 0
outer loop
vertex 129.50000000000009 -59.749999999999304 5.1
vertex 129.79263548301907 -59.721177920603616 0
vertex 129.5000000000075 -59.75000000000003 0
endloop
endfacet
facet normal -0.2902846772544479 0.9569403357322133 0
outer loop
vertex 129.79263548302424 -59.721177920605605 5.1
vertex 130.07402514854758 -59.63581929876669 5.1
vertex 130.07402514853604 -59.63581929876772 0
endloop
endfacet
facet normal -0.2902846772544479 0.9569403357322133 0
outer loop
vertex 129.79263548302424 -59.721177920605605 5.1
vertex 130.07402514853604 -59.63581929876772 0
vertex 129.79263548301907 -59.721177920603616 0
endloop
endfacet
facet normal -0.4713967368331445 0.8819212643445351 -1.6460681101053497e-12
outer loop
vertex 130.07402514854758 -59.63581929876669 5.1
vertex 130.33335534952815 -59.49720441845152 5.1
vertex 130.33335534954023 -59.49720441845458 0
endloop
endfacet
facet normal -0.4713967368331445 0.8819212643445351 -1.6460681101053497e-12
outer loop
vertex 130.07402514854758 -59.63581929876669 5.1
vertex 130.33335534954023 -59.49720441845458 0
vertex 130.09426663285905 -59.62499999998896 0
endloop
endfacet
facet normal -0.4713967368331445 0.8819212643445351 -1.6460681101053497e-12
outer loop
vertex 130.07402514854758 -59.63581929876669 5.1
vertex 130.09426663285905 -59.62499999998896 0
vertex 130.07402514853604 -59.63581929876772 0
endloop
endfacet
facet normal -0.6343932841565908 0.7730104533685267 -1.774489693489569e-13
outer loop
vertex 130.33335534952815 -59.49720441845152 5.1
vertex 130.5606601717799 -59.31066017177991 5.1
vertex 130.5606601717875 -59.31066017177483 0
endloop
endfacet
facet normal -0.6343932841565908 0.7730104533685267 -1.774489693489569e-13
outer loop
vertex 130.33335534952815 -59.49720441845152 5.1
vertex 130.5606601717875 -59.31066017177483 0
vertex 130.5342133506267 -59.332364516991476 0
endloop
endfacet
facet normal -0.6343932841565908 0.7730104533685267 -1.774489693489569e-13
outer loop
vertex 130.33335534952815 -59.49720441845152 5.1
vertex 130.5342133506267 -59.332364516991476 0
vertex 130.33335534954023 -59.49720441845458 0
endloop
endfacet
facet normal -0.7730104533627697 0.6343932841636054 0
outer loop
vertex 130.5606601717799 -59.31066017177991 5.1
vertex 130.74720441845537 -59.083355349530684 5.1
vertex 130.74720441844906 -59.08335534952191 0
endloop
endfacet
facet normal -0.7730104533627697 0.6343932841636054 0
outer loop
vertex 130.5606601717799 -59.31066017177991 5.1
vertex 130.74720441844906 -59.08335534952191 0
vertex 130.5606601717875 -59.31066017177483 0
endloop
endfacet
facet normal -0.8819212643514559 0.4713967368201963 -2.4359013338964096e-12
outer loop
vertex 130.74720441845537 -59.083355349530684 5.1
vertex 130.88581929876696 -58.824025148547655 5.1
vertex 130.88581929876702 -58.8240251485739 0
endloop
endfacet
facet normal -0.8819212643514559 0.4713967368201963 -2.4359013338964096e-12
outer loop
vertex 130.74720441845537 -59.083355349530684 5.1
vertex 130.88581929876702 -58.8240251485739 0
vertex 130.76451215526345 -59.05097485143765 0
endloop
endfacet
facet normal -0.8819212643514559 0.4713967368201963 -2.4359013338964096e-12
outer loop
vertex 130.74720441845537 -59.083355349530684 5.1
vertex 130.76451215526345 -59.05097485143765 0
vertex 130.74720441844906 -59.08335534952191 0
endloop
endfacet
facet normal -0.9569403357335434 0.2902846772500628 3.776788309974061e-13
outer loop
vertex 130.88581929876696 -58.824025148547655 5.1
vertex 130.9711779206035 -58.542635483024064 5.1
vertex 130.97117792060445 -58.54263548301434 0
endloop
endfacet
facet normal -0.9569403357335434 0.2902846772500628 3.776788309974061e-13
outer loop
vertex 130.88581929876696 -58.824025148547655 5.1
vertex 130.97117792060445 -58.54263548301434 0
vertex 130.96459397946333 -58.56433982822799 0
endloop
endfacet
facet normal -0.9569403357335434 0.2902846772500628 3.776788309974061e-13
outer loop
vertex 130.88581929876696 -58.824025148547655 5.1
vertex 130.96459397946333 -58.56433982822799 0
vertex 130.8956418154802 -58.79164465046565 0
endloop
endfacet
facet normal -0.9569403357335434 0.2902846772500628 3.776788309974061e-13
outer loop
vertex 130.88581929876696 -58.824025148547655 5.1
vertex 130.8956418154802 -58.79164465046565 0
vertex 130.88581929876702 -58.8240251485739 0
endloop
endfacet
facet normal -0.9951847266721984 0.09801714032954582 0
outer loop
vertex 129.97117792060422 -110.79263548302416 5.1
vertex 129.99999999999937 -110.49999999999994 5.1
vertex 129.9999999999996 -110.49999999999761 0
endloop
endfacet
facet normal -0.9951847266721984 0.09801714032954582 0
outer loop
vertex 129.97117792060422 -110.79263548302416 5.1
vertex 129.9999999999996 -110.49999999999761 0
vertex 129.9711779206042 -110.79263548302436 0
endloop
endfacet
facet normal -0.9951847266721984 -0.09801714032954582 0
outer loop
vertex 129.99999999999937 -110.49999999999994 5.1
vertex 129.9711779206047 -110.2073645169758 5.1
vertex 129.97117792060405 -110.20736451696932 0
endloop
endfacet
facet normal -0.9951847266721984 -0.09801714032954582 0
outer loop
vertex 129.99999999999937 -110.49999999999994 5.1
vertex 129.97117792060405 -110.20736451696932 0
vertex 129.9999999999996 -110.49999999999761 0
endloop
endfacet
facet normal -0.9569403357322044 -0.2902846772544769 0
outer loop
vertex 129.9711779206047 -110.2073645169758 5.1
vertex 129.88581929876798 -109.92597485145205 5.1
vertex 129.88581929877165 -109.92597485146412 0
endloop
endfacet
facet normal -0.9569403357322044 -0.2902846772544769 0
outer loop
vertex 129.9711779206047 -110.2073645169758 5.1
vertex 129.88581929877165 -109.92597485146412 0
vertex 129.97117792060405 -110.20736451696932 0
endloop
endfacet
facet normal -0.8819212643483298 -0.47139673682604494 0
outer loop
vertex 129.88581929876798 -109.92597485145205 5.1
vertex 129.7472044184526 -109.66664465047126 5.100000000000001
vertex 129.74720441844417 -109.66664465045552 0
endloop
endfacet
facet normal -0.8819212643483298 -0.47139673682604494 0
outer loop
vertex 129.88581929876798 -109.92597485145205 5.1
vertex 129.74720441844417 -109.66664465045552 0
vertex 129.88581929877165 -109.92597485146412 0
endloop
endfacet
facet normal -0.7730104533627828 -0.6343932841635896 0
outer loop
vertex 129.7472044184526 -109.66664465047126 5.100000000000001
vertex 129.56066017178148 -109.43933982821883 5.1
vertex 129.56066017177238 -109.43933982820778 0
endloop
endfacet
facet normal -0.7730104533627828 -0.6343932841635896 0
outer loop
vertex 129.7472044184526 -109.66664465047126 5.100000000000001
vertex 129.56066017177238 -109.43933982820778 0
vertex 129.74720441844417 -109.66664465045552 0
endloop
endfacet
facet normal -0.6343932841636347 -0.7730104533627459 0
outer loop
vertex 129.56066017178148 -109.43933982821883 5.1
vertex 129.3333553495325 -109.25279558154243 5.1
vertex 129.33335534955197 -109.2527955815584 0
endloop
endfacet
facet normal -0.6343932841636347 -0.7730104533627459 0
outer loop
vertex 129.56066017178148 -109.43933982821883 5.1
vertex 129.33335534955197 -109.2527955815584 0
vertex 129.56066017177238 -109.43933982820778 0
endloop
endfacet
facet normal -0.4713967368259909 -0.8819212643483587 0
outer loop
vertex 129.3333553495325 -109.25279558154243 5.1
vertex 129.07402514854758 -109.11418070123321 5.100000000000001
vertex 129.07402514854863 -109.11418070123375 0
endloop
endfacet
facet normal -0.4713967368259909 -0.8819212643483587 0
outer loop
vertex 129.3333553495325 -109.25279558154243 5.1
vertex 129.07402514854863 -109.11418070123375 0
vertex 129.33335534955197 -109.2527955815584 0
endloop
endfacet
facet normal -0.2902846772544479 -0.9569403357322133 0
outer loop
vertex 129.07402514854758 -109.11418070123321 5.100000000000001
vertex 128.79263548302404 -109.02882207939552 5.1
vertex 128.7926354830262 -109.02882207939615 0
endloop
endfacet
facet normal -0.2902846772544479 -0.9569403357322133 0
outer loop
vertex 129.07402514854758 -109.11418070123321 5.100000000000001
vertex 128.7926354830262 -109.02882207939615 0
vertex 129.07402514854863 -109.11418070123375 0
endloop
endfacet
facet normal -0.09801714032954582 -0.9951847266721984 0
outer loop
vertex 128.79263548302404 -109.02882207939552 5.1
vertex 128.49999999999994 -109.0000000000008 5.1
vertex 128.50000000000844 -109.00000000000163 0
endloop
endfacet
facet normal -0.09801714032954582 -0.9951847266721984 0
outer loop
vertex 128.79263548302404 -109.02882207939552 5.1
vertex 128.50000000000844 -109.00000000000163 0
vertex 128.7926354830262 -109.02882207939615 0
endloop
endfacet
facet normal 0.09801714032957415 -0.9951847266721956 0
outer loop
vertex 128.49999999999994 -109.0000000000008 5.1
vertex 128.20736451697607 -109.02882207939763 5.1
vertex 128.20736451699076 -109.02882207939615 0
endloop
endfacet
facet normal 0.09801714032957415 -0.9951847266721956 0
outer loop
vertex 128.49999999999994 -109.0000000000008 5.1
vertex 128.20736451699076 -109.02882207939615 0
vertex 128.50000000000844 -109.00000000000163 0
endloop
endfacet
facet normal 0.2902846772544479 -0.9569403357322133 0
outer loop
vertex 128.20736451697607 -109.02882207939763 5.1
vertex 127.9259748514523 -109.11418070123284 5.1
vertex 127.92597485144131 -109.11418070123375 0
endloop
endfacet
facet normal 0.2902846772544479 -0.9569403357322133 0
outer loop
vertex 128.20736451697607 -109.02882207939763 5.1
vertex 127.92597485144131 -109.11418070123375 0
vertex 128.20736451699076 -109.02882207939615 0
endloop
endfacet
facet normal 0.47139673682601946 -0.8819212643483434 0
outer loop
vertex 127.9259748514523 -109.11418070123284 5.1
vertex 127.66664465047127 -109.25279558154743 5.1
vertex 127.66664465045612 -109.2527955815584 0
endloop
endfacet
facet normal 0.47139673682601946 -0.8819212643483434 0
outer loop
vertex 127.9259748514523 -109.11418070123284 5.1
vertex 127.66664465045612 -109.2527955815584 0
vertex 127.92597485144131 -109.11418070123375 0
endloop
endfacet
facet normal 0.6343932841636518 -0.7730104533627319 0
outer loop
vertex 127.66664465047127 -109.25279558154743 5.1
vertex 127.43933982821997 -109.43933982821991 5.100000000000001
vertex 127.43933982824197 -109.43933982820778 0
endloop
endfacet
facet normal 0.6343932841636518 -0.7730104533627319 0
outer loop
vertex 127.66664465047127 -109.25279558154743 5.1
vertex 127.43933982824197 -109.43933982820778 0
vertex 127.66664465045612 -109.2527955815584 0
endloop
endfacet
facet normal 0.7730104533627319 -0.6343932841636518 0
outer loop
vertex 127.43933982821997 -109.43933982821991 5.100000000000001
vertex 127.2527955815462 -109.6666446504706 5.100000000000001
vertex 127.2527955815505 -109.66664465045552 0
endloop
endfacet
facet normal 0.7730104533627319 -0.6343932841636518 0
outer loop
vertex 127.43933982821997 -109.43933982821991 5.100000000000001
vertex 127.2527955815505 -109.66664465045552 0
vertex 127.43933982824197 -109.43933982820778 0
endloop
endfacet
facet normal 0.8819212643483434 -0.47139673682601946 0
outer loop
vertex 127.2527955815462 -109.6666446504706 5.100000000000001
vertex 127.11418070123207 -109.92597485145185 5.1
vertex 127.11418070121636 -109.92597485146412 0
endloop
endfacet
facet normal 0.8819212643483434 -0.47139673682601946 0
outer loop
vertex 127.2527955815462 -109.6666446504706 5.100000000000001
vertex 127.11418070121636 -109.92597485146412 0
vertex 127.2527955815505 -109.66664465045552 0
endloop
endfacet
facet normal 0.9569403357322048 -0.29028467725447593 0
outer loop
vertex 127.11418070123207 -109.92597485145185 5.1
vertex 127.02882207939437 -110.20736451697556 5.100000000000001
vertex 127.02882207939972 -110.20736451696932 0
endloop
endfacet
facet normal 0.9569403357322048 -0.29028467725447593 0
outer loop
vertex 127.11418070123207 -109.92597485145185 5.1
vertex 127.02882207939972 -110.20736451696932 0
vertex 127.11418070121636 -109.92597485146412 0
endloop
endfacet
facet normal 0.9951847266721927 -0.09801714032960263 0
outer loop
vertex 127.02882207939437 -110.20736451697556 5.100000000000001
vertex 126.99999999999785 -110.4999999999998 5.1
vertex 126.99999999999707 -110.49999999999761 0
endloop
endfacet
facet normal 0.9951847266721927 -0.09801714032960263 0
outer loop
vertex 127.02882207939437 -110.20736451697556 5.100000000000001
vertex 126.99999999999707 -110.49999999999761 0
vertex 127.02882207939972 -110.20736451696932 0
endloop
endfacet
facet normal 0.9951847266721984 0.09801714032954582 0
outer loop
vertex 126.99999999999785 -110.4999999999998 5.1
vertex 127.02882207939307 -110.79263548302441 5.1
vertex 127.02882207939322 -110.79263548302436 0
endloop
endfacet
facet normal 0.9951847266721984 0.09801714032954582 0
outer loop
vertex 126.99999999999785 -110.4999999999998 5.1
vertex 127.02882207939322 -110.79263548302436 0
vertex 126.99999999999707 -110.49999999999761 0
endloop
endfacet
facet normal 0.9569403357322048 0.29028467725447593 0
outer loop
vertex 127.02882207939307 -110.79263548302441 5.1
vertex 127.1141807012311 -111.07402514854823 5.100000000000001
vertex 127.11418070122339 -111.07402514852286 0
endloop
endfacet
facet normal 0.9569403357322048 0.29028467725447593 0
outer loop
vertex 127.02882207939307 -110.79263548302441 5.1
vertex 127.11418070122339 -111.07402514852286 0
vertex 127.02882207939322 -110.79263548302436 0
endloop
endfacet
facet normal 0.8819212643483411 0.4713967368260239 0
outer loop
vertex 127.1141807012311 -111.07402514854823 5.100000000000001
vertex 127.25279558154898 -111.33335534952792 5.1
vertex 127.25279558155493 -111.3333553495391 0
endloop
endfacet
facet normal 0.8819212643483411 0.4713967368260239 0
outer loop
vertex 127.1141807012311 -111.07402514854823 5.100000000000001
vertex 127.25279558155493 -111.3333553495391 0
vertex 127.11418070122339 -111.07402514852286 0
endloop
endfacet
facet normal 0.7730104533627332 0.6343932841636499 0
outer loop
vertex 127.25279558154898 -111.33335534952792 5.1
vertex 127.43933982822068 -111.56066017177947 5.1
vertex 127.43933982821954 -111.5606601717781 0
endloop
endfacet
facet normal 0.7730104533627332 0.6343932841636499 0
outer loop
vertex 127.25279558154898 -111.33335534952792 5.1
vertex 127.43933982821954 -111.5606601717781 0
vertex 127.25279558155493 -111.3333553495391 0
endloop
endfacet
facet normal 0.634393284163652 0.7730104533627318 0
outer loop
vertex 127.43933982822068 -111.56066017177947 5.1
vertex 127.66664465047124 -111.74720441845315 5.100000000000001
vertex 127.66664465046874 -111.74720441845108 0
endloop
endfacet
facet normal 0.634393284163652 0.7730104533627318 0
outer loop
vertex 127.43933982822068 -111.56066017177947 5.1
vertex 127.66664465046874 -111.74720441845108 0
vertex 127.43933982821954 -111.5606601717781 0
endloop
endfacet
facet normal 0.47139673682601535 0.8819212643483455 0
outer loop
vertex 127.66664465047124 -111.74720441845315 5.100000000000001
vertex 127.9259748514531 -111.88581929876558 5.1
vertex 127.92597485146167 -111.88581929877016 0
endloop
endfacet
facet normal 0.47139673682601535 0.8819212643483455 0
outer loop
vertex 127.66664465047124 -111.74720441845315 5.100000000000001
vertex 127.92597485146167 -111.88581929877016 0
vertex 127.66664465046874 -111.74720441845108 0
endloop
endfacet
facet normal 0.2902846772544479 0.9569403357322133 0
outer loop
vertex 127.9259748514531 -111.88581929876558 5.1
vertex 128.20736451697573 -111.97117792060521 5.1
vertex 128.20736451696965 -111.97117792060337 0
endloop
endfacet
facet normal 0.2902846772544479 0.9569403357322133 0
outer loop
vertex 127.9259748514531 -111.88581929876558 5.1
vertex 128.20736451696965 -111.97117792060337 0
vertex 127.92597485146167 -111.88581929877016 0
endloop
endfacet
facet normal 0.0980171403295599 0.9951847266721969 0
outer loop
vertex 128.20736451697573 -111.97117792060521 5.1
vertex 128.50000000000006 -111.99999999999913 5.1
vertex 128.50000000000887 -112 0
endloop
endfacet
facet normal 0.0980171403295599 0.9951847266721969 0
outer loop
vertex 128.20736451697573 -111.97117792060521 5.1
vertex 128.50000000000887 -112 0
vertex 128.20736451696965 -111.97117792060337 0
endloop
endfacet
facet normal -0.09801714032957415 0.9951847266721956 0
outer loop
vertex 128.50000000000006 -111.99999999999913 5.1
vertex 128.79263548302444 -111.97117792060726 5.1
vertex 128.792635483017 -111.97117792060337 0
endloop
endfacet
facet normal -0.09801714032957415 0.9951847266721956 0
outer loop
vertex 128.50000000000006 -111.99999999999913 5.1
vertex 128.792635483017 -111.97117792060337 0
vertex 128.50000000000887 -112 0
endloop
endfacet
facet normal -0.2902846772544479 0.9569403357322133 0
outer loop
vertex 128.79263548302444 -111.97117792060726 5.1
vertex 129.07402514854755 -111.88581929876666 5.1
vertex 129.07402514854374 -111.88581929877016 0
endloop
endfacet
facet normal -0.2902846772544479 0.9569403357322133 0
outer loop
vertex 128.79263548302444 -111.97117792060726 5.1
vertex 129.07402514854374 -111.88581929877016 0
vertex 128.792635483017 -111.97117792060337 0
endloop
endfacet
facet normal -0.47139673682601946 0.8819212643483434 0
outer loop
vertex 129.07402514854755 -111.88581929876666 5.1
vertex 129.33335534952892 -111.7472044184529 5.1
vertex 129.3333553495267 -111.74720441845108 0
endloop
endfacet
facet normal -0.47139673682601946 0.8819212643483434 0
outer loop
vertex 129.07402514854755 -111.88581929876666 5.1
vertex 129.3333553495267 -111.74720441845108 0
vertex 129.07402514854374 -111.88581929877016 0
endloop
endfacet
facet normal -0.6343932841636518 0.7730104533627319 0
outer loop
vertex 129.33335534952892 -111.7472044184529 5.1
vertex 129.56066017177886 -111.56066017177865 5.100000000000001
vertex 129.56066017178483 -111.5606601717781 0
endloop
endfacet
facet normal -0.6343932841636518 0.7730104533627319 0
outer loop
vertex 129.33335534952892 -111.7472044184529 5.1
vertex 129.56066017178483 -111.5606601717781 0
vertex 129.3333553495267 -111.74720441845108 0
endloop
endfacet
facet normal -0.7730104533627825 0.63439328416359 0
outer loop
vertex 129.56066017177886 -111.56066017177865 5.100000000000001
vertex 129.7472044184538 -111.33335534952938 5.1
vertex 129.7472044184585 -111.3333553495391 0
endloop
endfacet
facet normal -0.7730104533627825 0.63439328416359 0
outer loop
vertex 129.56066017177886 -111.56066017177865 5.100000000000001
vertex 129.7472044184585 -111.3333553495391 0
vertex 129.56066017178483 -111.5606601717781 0
endloop
endfacet
facet normal -0.8819212643483403 0.4713967368260254 0
outer loop
vertex 129.7472044184538 -111.33335534952938 5.1
vertex 129.88581929876818 -111.07402514854832 5.100000000000001
vertex 129.88581929876293 -111.07402514852286 0
endloop
endfacet
facet normal -0.8819212643483403 0.4713967368260254 0
outer loop
vertex 129.7472044184538 -111.33335534952938 5.1
vertex 129.88581929876293 -111.07402514852286 0
vertex 129.7472044184585 -111.3333553495391 0
endloop
endfacet
facet normal -0.9569403357322048 0.29028467725447593 0
outer loop
vertex 129.88581929876818 -111.07402514854832 5.100000000000001
vertex 129.97117792060422 -110.79263548302416 5.1
vertex 129.9711779206042 -110.79263548302436 0
endloop
endfacet
facet normal -0.9569403357322048 0.29028467725447593 0
outer loop
vertex 129.88581929876818 -111.07402514854832 5.100000000000001
vertex 129.9711779206042 -110.79263548302436 0
vertex 129.88581929876293 -111.07402514852286 0
endloop
endfacet
facet normal -0.9951847266721956 0.09801714032957415 0
outer loop
vertex 186.5911779206048 -59.9176354830242 5.1
vertex 186.61999999999995 -59.625 5.1
vertex 186.620000000001 -59.62499999998896 0
endloop
endfacet
facet normal -0.9951847266721956 0.09801714032957415 0
outer loop
vertex 186.5911779206048 -59.9176354830242 5.1
vertex 186.620000000001 -59.62499999998896 0
vertex 186.59117792060465 -59.917635483025315 0
endloop
endfacet
facet normal -0.9951847266721985 -0.09801714032954566 0
outer loop
vertex 186.61999999999995 -59.625 5.1
vertex 186.59117792060698 -59.332364516975616 5.100000000000001
vertex 186.5911779206085 -59.332364516991476 0
endloop
endfacet
facet normal -0.9951847266721985 -0.09801714032954566 0
outer loop
vertex 186.61999999999995 -59.625 5.1
vertex 186.5911779206085 -59.332364516991476 0
vertex 186.620000000001 -59.62499999998896 0
endloop
endfacet
facet normal -0.9569403357322048 -0.29028467725447593 0
outer loop
vertex 186.59117792060698 -59.332364516975616 5.100000000000001
vertex 186.5058192987659 -59.05097485145268 5.100000000000001
vertex 186.50581929876134 -59.05097485143765 0
endloop
endfacet
facet normal -0.9569403357322048 -0.29028467725447593 0
outer loop
vertex 186.59117792060698 -59.332364516975616 5.100000000000001
vertex 186.50581929876134 -59.05097485143765 0
vertex 186.5911779206085 -59.332364516991476 0
endloop
endfacet
facet normal -0.881921264348342 -0.47139673682602246 0
outer loop
vertex 186.5058192987659 -59.05097485145268 5.100000000000001
vertex 186.36720441845563 -58.79164465046968 5.100000000000001
vertex 186.36720441845344 -58.79164465046565 0
endloop
endfacet
facet normal -0.881921264348342 -0.47139673682602246 0
outer loop
vertex 186.5058192987659 -59.05097485145268 5.100000000000001
vertex 186.36720441845344 -58.79164465046565 0
vertex 186.50581929876134 -59.05097485143765 0
endloop
endfacet
facet normal -0.7730104533627769 -0.634393284163597 0
outer loop
vertex 186.36720441845563 -58.79164465046968 5.100000000000001
vertex 186.18066017178205 -58.564339828218365 5.1
vertex 186.18066017178995 -58.56433982822799 0
endloop
endfacet
facet normal -0.7730104533627769 -0.634393284163597 0
outer loop
vertex 186.36720441845563 -58.79164465046968 5.100000000000001
vertex 186.18066017178995 -58.56433982822799 0
vertex 186.36720441845344 -58.79164465046565 0
endloop
endfacet
facet normal -0.6343932841636208 -0.7730104533627572 0
outer loop
vertex 186.18066017178205 -58.564339828218365 5.1
vertex 185.95335534952963 -58.37779558154589 5.1
vertex 185.95335534954938 -58.37779558156209 0
endloop
endfacet
facet normal -0.6343932841636208 -0.7730104533627572 0
outer loop
vertex 186.18066017178205 -58.564339828218365 5.1
vertex 185.95335534954938 -58.37779558156209 0
vertex 186.18066017178995 -58.56433982822799 0
endloop
endfacet
facet normal -0.4713967368260267 -0.8819212643483395 0
outer loop
vertex 185.95335534952963 -58.37779558154589 5.1
vertex 185.69402514854545 -58.23918070123713 5.1
vertex 185.69402514852717 -58.23918070122735 0
endloop
endfacet
facet normal -0.4713967368260267 -0.8819212643483395 0
outer loop
vertex 185.95335534952963 -58.37779558154589 5.1
vertex 185.69402514852717 -58.23918070122735 0
vertex 185.95335534954938 -58.37779558156209 0
endloop
endfacet
facet normal -0.29028467725444784 -0.9569403357322133 0
outer loop
vertex 185.69402514854545 -58.23918070123713 5.1
vertex 185.41263548302408 -58.1538220793956 5.1
vertex 185.41263548302058 -58.15382207939455 0
endloop
endfacet
facet normal -0.29028467725444784 -0.9569403357322133 0
outer loop
vertex 185.69402514854545 -58.23918070123713 5.1
vertex 185.41263548302058 -58.15382207939455 0
vertex 185.69402514852717 -58.23918070122735 0
endloop
endfacet
facet normal -0.09801714032957423 -0.9951847266721956 0
outer loop
vertex 185.41263548302408 -58.1538220793956 5.1
vertex 185.12000000000006 -58.12499999999976 5.1
vertex 185.120000000007 -58.12500000000043 0
endloop
endfacet
facet normal -0.09801714032957423 -0.9951847266721956 0
outer loop
vertex 185.41263548302408 -58.1538220793956 5.1
vertex 185.120000000007 -58.12500000000043 0
vertex 185.41263548302058 -58.15382207939455 0
endloop
endfacet
facet normal 0.09801714032956006 -0.9951847266721969 0
outer loop
vertex 185.12000000000006 -58.12499999999976 5.1
vertex 184.8273645169759 -58.153822079396264 5.1
vertex 184.82736451699333 -58.15382207939455 0
endloop
endfacet
facet normal 0.09801714032956006 -0.9951847266721969 0
outer loop
vertex 185.12000000000006 -58.12499999999976 5.1
vertex 184.82736451699333 -58.15382207939455 0
vertex 185.120000000007 -58.12500000000043 0
endloop
endfacet
facet normal 0.2902846772544479 -0.9569403357322133 0
outer loop
vertex 184.8273645169759 -58.153822079396264 5.1
vertex 184.54597485145234 -58.239180701232975 5.1
vertex 184.54597485146334 -58.23918070122735 0
endloop
endfacet
facet normal 0.2902846772544479 -0.9569403357322133 0
outer loop
vertex 184.8273645169759 -58.153822079396264 5.1
vertex 184.54597485146334 -58.23918070122735 0
vertex 184.82736451699333 -58.15382207939455 0
endloop
endfacet
facet normal 0.47139673682381134 -0.8819212643495237 -1.163970108400917e-12
outer loop
vertex 184.54597485145234 -58.239180701232975 5.1
vertex 184.2866446504702 -58.377795581545456 5.1
vertex 184.2866446504265 -58.37779558156209 0
endloop
endfacet
facet normal 0.47139673682381134 -0.8819212643495237 -1.163970108400917e-12
outer loop
vertex 184.54597485145234 -58.239180701232975 5.1
vertex 184.2866446504265 -58.37779558156209 0
vertex 184.52573336715318 -58.24999999999147 0
endloop
endfacet
facet normal 0.47139673682381134 -0.8819212643495237 -1.163970108400917e-12
outer loop
vertex 184.54597485145234 -58.239180701232975 5.1
vertex 184.52573336715318 -58.24999999999147 0
vertex 184.54597485146334 -58.23918070122735 0
endloop
endfacet
facet normal 0.6343932841662703 -0.7730104533605828 2.900092957375301e-12
outer loop
vertex 184.2866446504702 -58.377795581545456 5.1
vertex 184.05933982822032 -58.56433982822031 5.1
vertex 184.05933982823427 -58.56433982822799 0
endloop
endfacet
facet normal 0.6343932841662703 -0.7730104533605828 2.900092957375301e-12
outer loop
vertex 184.2866446504702 -58.377795581545456 5.1
vertex 184.05933982823427 -58.56433982822799 0
vertex 184.0857866493977 -58.54263548301434 0
endloop
endfacet
facet normal 0.6343932841662703 -0.7730104533605828 2.900092957375301e-12
outer loop
vertex 184.2866446504702 -58.377795581545456 5.1
vertex 184.0857866493977 -58.54263548301434 0
vertex 184.2866446504265 -58.37779558156209 0
endloop
endfacet
facet normal 0.7730104533627825 -0.63439328416359 0
outer loop
vertex 184.05933982822032 -58.56433982822031 5.1
vertex 183.87279558154523 -58.79164465046981 5.1
vertex 183.872795581551 -58.79164465046565 0
endloop
endfacet
facet normal 0.7730104533627825 -0.63439328416359 0
outer loop
vertex 184.05933982822032 -58.56433982822031 5.1
vertex 183.872795581551 -58.79164465046565 0
vertex 184.05933982823427 -58.56433982822799 0
endloop
endfacet
facet normal 0.8819212643499308 -0.47139673682304983 -3.311985926303481e-14
outer loop
vertex 183.87279558154523 -58.79164465046981 5.1
vertex 183.73418070123287 -59.05097485145226 5.100000000000001
vertex 183.7341807012405 -59.05097485143765 0
endloop
endfacet
facet normal 0.8819212643499308 -0.47139673682304983 -3.311985926303481e-14
outer loop
vertex 183.87279558154523 -58.79164465046981 5.1
vertex 183.7341807012405 -59.05097485143765 0
vertex 183.8554878447219 -58.8240251485739 0
endloop
endfacet
facet normal 0.8819212643499308 -0.47139673682304983 -3.311985926303481e-14
outer loop
vertex 183.87279558154523 -58.79164465046981 5.1
vertex 183.8554878447219 -58.8240251485739 0
vertex 183.872795581551 -58.79164465046565 0
endloop
endfacet
facet normal 0.9569403357329316 -0.2902846772520796 -6.530090608625893e-13
outer loop
vertex 183.73418070123287 -59.05097485145226 5.100000000000001
vertex 183.64882207939564 -59.332364516975964 5.100000000000001
vertex 183.64882207938746 -59.332364516991476 0
endloop
endfacet
facet normal 0.9569403357329316 -0.2902846772520796 -6.530090608625893e-13
outer loop
vertex 183.73418070123287 -59.05097485145226 5.100000000000001
vertex 183.64882207938746 -59.332364516991476 0
vertex 183.6554060205288 -59.31066017177483 0
endloop
endfacet
facet normal 0.9569403357329316 -0.2902846772520796 -6.530090608625893e-13
outer loop
vertex 183.73418070123287 -59.05097485145226 5.100000000000001
vertex 183.6554060205288 -59.31066017177483 0
vertex 183.72435818452718 -59.08335534952191 0
endloop
endfacet
facet normal 0.9569403357329316 -0.2902846772520796 -6.530090608625893e-13
outer loop
vertex 183.73418070123287 -59.05097485145226 5.100000000000001
vertex 183.72435818452718 -59.08335534952191 0
vertex 183.7341807012405 -59.05097485143765 0
endloop
endfacet
facet normal 0.9951847266716127 -0.09801714033549276 1.1718845424988495e-13
outer loop
vertex 183.64882207939564 -59.332364516975964 5.100000000000001
vertex 183.61999999999875 -59.624999999999886 5.100000000000001
vertex 183.62000000000043 -59.62499999998896 0
endloop
endfacet
facet normal 0.9951847266716127 -0.09801714033549276 1.1718845424988495e-13
outer loop
vertex 183.64882207939564 -59.332364516975964 5.100000000000001
vertex 183.62000000000043 -59.62499999998896 0
vertex 183.63258676616857 -59.49720441845458 0
endloop
endfacet
facet normal 0.9951847266716127 -0.09801714033549276 1.1718845424988495e-13
outer loop
vertex 183.64882207939564 -59.332364516975964 5.100000000000001
vertex 183.63258676616857 -59.49720441845458 0
vertex 183.64882207938746 -59.332364516991476 0
endloop
endfacet
facet normal 0.9951847266719096 0.09801714033247715 1.180305629932323e-13
outer loop
vertex 183.61999999999875 -59.624999999999886 5.100000000000001
vertex 183.6488220793948 -59.91763548302424 5.1
vertex 183.6488220793955 -59.917635483025315 0
endloop
endfacet
facet normal 0.9951847266719096 0.09801714033247715 1.180305629932323e-13
outer loop
vertex 183.61999999999875 -59.624999999999886 5.100000000000001
vertex 183.6488220793955 -59.917635483025315 0
vertex 183.63231142541989 -59.75000000000003 0
endloop
endfacet
facet normal 0.9951847266719096 0.09801714033247715 1.180305629932323e-13
outer loop
vertex 183.61999999999875 -59.624999999999886 5.100000000000001
vertex 183.63231142541989 -59.75000000000003 0
vertex 183.62947269837247 -59.721177920603616 0
endloop
endfacet
facet normal 0.9951847266719096 0.09801714033247715 1.180305629932323e-13
outer loop
vertex 183.61999999999875 -59.624999999999886 5.100000000000001
vertex 183.62947269837247 -59.721177920603616 0
vertex 183.6210656079192 -59.63581929876772 0
endloop
endfacet
facet normal 0.9951847266719096 0.09801714033247715 1.180305629932323e-13
outer loop
vertex 183.61999999999875 -59.624999999999886 5.100000000000001
vertex 183.6210656079192 -59.63581929876772 0
vertex 183.62000000000043 -59.62499999998896 0
endloop
endfacet
facet normal 0.9569403357322133 0.2902846772544479 0
outer loop
vertex 183.6488220793948 -59.91763548302424 5.1
vertex 183.73418070123256 -60.19902514854779 5.1
vertex 183.7341807012334 -60.19902514855076 0
endloop
endfacet
facet normal 0.9569403357322133 0.2902846772544479 0
outer loop
vertex 183.6488220793948 -59.91763548302424 5.1
vertex 183.7341807012334 -60.19902514855076 0
vertex 183.6488220793955 -59.917635483025315 0
endloop
endfacet
facet normal 0.881921264348327 0.4713967368260505 0
outer loop
vertex 183.73418070123256 -60.19902514854779 5.1
vertex 183.87279558154523 -60.45835534952998 5.100000000000001
vertex 183.8727955815333 -60.45835534950772 0
endloop
endfacet
facet normal 0.881921264348327 0.4713967368260505 0
outer loop
vertex 183.73418070123256 -60.19902514854779 5.1
vertex 183.8727955815333 -60.45835534950772 0
vertex 183.7341807012334 -60.19902514855076 0
endloop
endfacet
facet normal 0.7730104533627572 0.6343932841636208 0
outer loop
vertex 183.87279558154523 -60.45835534952998 5.100000000000001
vertex 184.05933982822313 -60.68566017177743 5.1
vertex 184.05933982825442 -60.685660171815584 0
endloop
endfacet
facet normal 0.7730104533627572 0.6343932841636208 0
outer loop
vertex 183.87279558154523 -60.45835534952998 5.100000000000001
vertex 184.05933982825442 -60.685660171815584 0
vertex 183.8727955815333 -60.45835534950772 0
endloop
endfacet
facet normal 0.6343932841636286 0.773010453362751 0
outer loop
vertex 184.05933982822313 -60.68566017177743 5.1
vertex 184.2866446504669 -60.8722044184584 5.100000000000001
vertex 184.28664465043963 -60.87220441843605 0
endloop
endfacet
facet normal 0.6343932841636286 0.773010453362751 0
outer loop
vertex 184.05933982822313 -60.68566017177743 5.1
vertex 184.28664465043963 -60.87220441843605 0
vertex 184.05933982825442 -60.685660171815584 0
endloop
endfacet
facet normal 0.47139673682600136 0.8819212643483529 0
outer loop
vertex 184.2866446504669 -60.8722044184584 5.100000000000001
vertex 184.54597485145288 -61.010819298765995 5.1
vertex 184.5459748514596 -61.01081929876958 0
endloop
endfacet
facet normal 0.47139673682600136 0.8819212643483529 0
outer loop
vertex 184.2866446504669 -60.8722044184584 5.100000000000001
vertex 184.5459748514596 -61.01081929876958 0
vertex 184.28664465043963 -60.87220441843605 0
endloop
endfacet
facet normal 0.2902846772544478 0.9569403357322133 0
outer loop
vertex 184.54597485145288 -61.010819298765995 5.1
vertex 184.82736451697573 -61.096177920605285 5.1
vertex 184.8273645169688 -61.096177920603175 0
endloop
endfacet
facet normal 0.2902846772544478 0.9569403357322133 0
outer loop
vertex 184.54597485145288 -61.010819298765995 5.1
vertex 184.8273645169688 -61.096177920603175 0
vertex 184.5459748514596 -61.01081929876958 0
endloop
endfacet
facet normal 0.09801714032957423 0.9951847266721956 0
outer loop
vertex 184.82736451697573 -61.096177920605285 5.1
vertex 185.12000000000012 -61.12499999999905 5.1
vertex 185.12000000001385 -61.12500000000039 0
endloop
endfacet
facet normal 0.09801714032957423 0.9951847266721956 0
outer loop
vertex 184.82736451697573 -61.096177920605285 5.1
vertex 185.12000000001385 -61.12500000000039 0
vertex 184.8273645169688 -61.096177920603175 0
endloop
endfacet
facet normal -0.09801714032955997 0.9951847266721969 0
outer loop
vertex 185.12000000000012 -61.12499999999905 5.1
vertex 185.41263548302436 -61.09617792060658 5.1
vertex 185.41263548301356 -61.096177920603175 0
endloop
endfacet
facet normal -0.09801714032955997 0.9951847266721969 0
outer loop
vertex 185.12000000000012 -61.12499999999905 5.1
vertex 185.41263548301356 -61.096177920603175 0
vertex 185.12000000001385 -61.12500000000039 0
endloop
endfacet
facet normal -0.2902846772544479 0.9569403357322133 0
outer loop
vertex 185.41263548302436 -61.09617792060658 5.1
vertex 185.69402514854755 -61.01081929876654 5.1
vertex 185.69402514854826 -61.01081929876958 0
endloop
endfacet
facet normal -0.2902846772544479 0.9569403357322133 0
outer loop
vertex 185.41263548302436 -61.09617792060658 5.1
vertex 185.69402514854826 -61.01081929876958 0
vertex 185.41263548301356 -61.096177920603175 0
endloop
endfacet
facet normal -0.47139673682600847 0.8819212643483494 0
outer loop
vertex 185.69402514854755 -61.01081929876654 5.1
vertex 185.95335534952932 -60.87220441845361 5.100000000000001
vertex 185.95335534952804 -60.87220441843605 0
endloop
endfacet
facet normal -0.47139673682600847 0.8819212643483494 0
outer loop
vertex 185.69402514854755 -61.01081929876654 5.1
vertex 185.95335534952804 -60.87220441843605 0
vertex 185.69402514854826 -61.01081929876958 0
endloop
endfacet
facet normal -0.6343932841636208 0.7730104533627572 0
outer loop
vertex 185.95335534952932 -60.87220441845361 5.100000000000001
vertex 186.1806601717795 -60.68566017177942 5.1
vertex 186.18066017177642 -60.685660171815584 0
endloop
endfacet
facet normal -0.6343932841636208 0.7730104533627572 0
outer loop
vertex 185.95335534952932 -60.87220441845361 5.100000000000001
vertex 186.18066017177642 -60.685660171815584 0
vertex 185.95335534952804 -60.87220441843605 0
endloop
endfacet
facet normal -0.7730104533627825 0.63439328416359 0
outer loop
vertex 186.1806601717795 -60.68566017177942 5.1
vertex 186.3672044184528 -60.45835534952858 5.1
vertex 186.36720441845583 -60.45835534950772 0
endloop
endfacet
facet normal -0.7730104533627825 0.63439328416359 0
outer loop
vertex 186.1806601717795 -60.68566017177942 5.1
vertex 186.36720441845583 -60.45835534950772 0
vertex 186.18066017177642 -60.685660171815584 0
endloop
endfacet
facet normal -0.8819212643483402 0.47139673682602534 0
outer loop
vertex 186.3672044184528 -60.45835534952858 5.1
vertex 186.50581929876662 -60.19902514854746 5.1
vertex 186.50581929876753 -60.19902514855076 0
endloop
endfacet
facet normal -0.8819212643483402 0.47139673682602534 0
outer loop
vertex 186.3672044184528 -60.45835534952858 5.1
vertex 186.50581929876753 -60.19902514855076 0
vertex 186.36720441845583 -60.45835534950772 0
endloop
endfacet
facet normal -0.9569403357322133 0.2902846772544479 0
outer loop
vertex 186.50581929876662 -60.19902514854746 5.1
vertex 186.5911779206048 -59.9176354830242 5.1
vertex 186.59117792060465 -59.917635483025315 0
endloop
endfacet
facet normal -0.9569403357322133 0.2902846772544479 0
outer loop
vertex 186.50581929876662 -60.19902514854746 5.1
vertex 186.59117792060465 -59.917635483025315 0
vertex 186.50581929876753 -60.19902514855076 0
endloop
endfacet
facet normal -0.9951847266721956 0.09801714032957415 0
outer loop
vertex 183.17117792060358 -117.44263548302408 5.1
vertex 183.19999999999874 -117.14999999999989 5.1
vertex 183.20000000000033 -117.14999999998382 0
endloop
endfacet
facet normal -0.9951847266721956 0.09801714032957415 0
outer loop
vertex 183.17117792060358 -117.44263548302408 5.1
vertex 183.20000000000033 -117.14999999998382 0
vertex 183.17117792060128 -117.44263548304744 0
endloop
endfacet
facet normal -0.9951847266721956 -0.09801714032957415 0
outer loop
vertex 183.19999999999874 -117.14999999999989 5.1
vertex 183.17117792060677 -116.85736451697562 5.1
vertex 183.1711779206087 -116.8573645169952 0
endloop
endfacet
facet normal -0.9951847266721956 -0.09801714032957415 0
outer loop
vertex 183.19999999999874 -117.14999999999989 5.1
vertex 183.1711779206087 -116.8573645169952 0
vertex 183.20000000000033 -117.14999999998382 0
endloop
endfacet
facet normal -0.9569403357322133 -0.2902846772544479 0
outer loop
vertex 183.17117792060677 -116.85736451697562 5.1
vertex 183.08581929876505 -116.57597485145293 5.1
vertex 183.08581929876365 -116.5759748514483 0
endloop
endfacet
facet normal -0.9569403357322133 -0.2902846772544479 0
outer loop
vertex 183.17117792060677 -116.85736451697562 5.1
vertex 183.08581929876365 -116.5759748514483 0
vertex 183.1711779206087 -116.8573645169952 0
endloop
endfacet
facet normal -0.881921264348342 -0.47139673682602246 0
outer loop
vertex 183.08581929876505 -116.57597485145293 5.1
vertex 182.947204418453 -116.31664465047109 5.100000000000001
vertex 182.94720441845178 -116.31664465046883 0
endloop
endfacet
facet normal -0.881921264348342 -0.47139673682602246 0
outer loop
vertex 183.08581929876505 -116.57597485145293 5.1
vertex 182.94720441845178 -116.31664465046883 0
vertex 183.08581929876365 -116.5759748514483 0
endloop
endfacet
facet normal -0.7730104533627733 -0.6343932841636012 0
outer loop
vertex 182.947204418453 -116.31664465047109 5.100000000000001
vertex 182.76066017177948 -116.08933982822046 5.1
vertex 182.7606601717705 -116.08933982821459 0
endloop
endfacet
facet normal -0.7730104533627733 -0.6343932841636012 0
outer loop
vertex 182.947204418453 -116.31664465047109 5.100000000000001
vertex 182.7606601717705 -116.08933982821459 0
vertex 182.94720441845178 -116.31664465046883 0
endloop
endfacet
facet normal -0.6343932841636385 -0.7730104533627428 0
outer loop
vertex 182.76066017177948 -116.08933982822046 5.1
vertex 182.53335534953086 -115.90279558154438 5.1
vertex 182.53335534955178 -115.90279558154796 0
endloop
endfacet
facet normal -0.6343932841636385 -0.7730104533627428 0
outer loop
vertex 182.76066017177948 -116.08933982822046 5.1
vertex 182.53335534955178 -115.90279558154796 0
vertex 182.7606601717705 -116.08933982821459 0
endloop
endfacet
facet normal -0.4713967368259909 -0.8819212643483587 0
outer loop
vertex 182.53335534953086 -115.90279558154438 5.1
vertex 182.27402514854623 -115.76418070123574 5.100000000000001
vertex 182.27402514853972 -115.76418070123223 0
endloop
endfacet
facet normal -0.4713967368259909 -0.8819212643483587 0
outer loop
vertex 182.53335534953086 -115.90279558154438 5.1
vertex 182.27402514853972 -115.76418070123223 0
vertex 182.53335534955178 -115.90279558154796 0
endloop
endfacet
facet normal -0.2902846772544194 -0.9569403357322219 0
outer loop
vertex 182.27402514854623 -115.76418070123574 5.100000000000001
vertex 181.99263548302375 -115.67882207939661 5.1
vertex 181.99263548301062 -115.67882207939262 0
endloop
endfacet
facet normal -0.2902846772544194 -0.9569403357322219 0
outer loop
vertex 182.27402514854623 -115.76418070123574 5.100000000000001
vertex 181.99263548301062 -115.67882207939262 0
vertex 182.27402514853972 -115.76418070123223 0
endloop
endfacet
facet normal -0.09801714032956006 -0.9951847266721969 0
outer loop
vertex 181.99263548302375 -115.67882207939661 5.1
vertex 181.7000000000001 -115.6499999999988 5.1
vertex 181.69999999999965 -115.64999999999876 0
endloop
endfacet
facet normal -0.09801714032956006 -0.9951847266721969 0
outer loop
vertex 181.99263548302375 -115.67882207939661 5.1
vertex 181.69999999999965 -115.64999999999876 0
vertex 181.99263548301062 -115.67882207939262 0
endloop
endfacet
facet normal 0.09801714032957415 -0.9951847266721956 0
outer loop
vertex 181.7000000000001 -115.6499999999988 5.1
vertex 181.40736451697572 -115.67882207939391 5.1
vertex 181.40736451698857 -115.67882207939262 0
endloop
endfacet
facet normal 0.09801714032957415 -0.9951847266721956 0
outer loop
vertex 181.7000000000001 -115.6499999999988 5.1
vertex 181.40736451698857 -115.67882207939262 0
vertex 181.69999999999965 -115.64999999999876 0
endloop
endfacet
facet normal 0.2902846772544479 -0.9569403357322133 0
outer loop
vertex 181.40736451697572 -115.67882207939391 5.1
vertex 181.12597485145224 -115.7641807012327 5.1
vertex 181.12597485145352 -115.76418070123223 0
endloop
endfacet
facet normal 0.2902846772544479 -0.9569403357322133 0
outer loop
vertex 181.40736451697572 -115.67882207939391 5.1
vertex 181.12597485145352 -115.76418070123223 0
vertex 181.40736451698857 -115.67882207939262 0
endloop
endfacet
facet normal 0.4713967368259914 -0.8819212643483584 0
outer loop
vertex 181.12597485145224 -115.7641807012327 5.1
vertex 180.86664465047045 -115.90279558154592 5.1
vertex 180.86664465046664 -115.90279558154796 0
endloop
endfacet
facet normal 0.4713967368259914 -0.8819212643483584 0
outer loop
vertex 181.12597485145224 -115.7641807012327 5.1
vertex 180.86664465046664 -115.90279558154796 0
vertex 181.12597485145352 -115.76418070123223 0
endloop
endfacet
facet normal 0.6343932841636518 -0.7730104533627319 0
outer loop
vertex 180.86664465047045 -115.90279558154592 5.1
vertex 180.63933982821945 -116.08933982821932 5.100000000000001
vertex 180.6393398282252 -116.08933982821459 0
endloop
endfacet
facet normal 0.6343932841636518 -0.7730104533627319 0
outer loop
vertex 180.86664465047045 -115.90279558154592 5.1
vertex 180.6393398282252 -116.08933982821459 0
vertex 180.86664465046664 -115.90279558154796 0
endloop
endfacet
facet normal 0.7730104533627825 -0.63439328416359 0
outer loop
vertex 180.63933982821945 -116.08933982821932 5.100000000000001
vertex 180.45279558154644 -116.3166446504708 5.1
vertex 180.45279558154806 -116.31664465046883 0
endloop
endfacet
facet normal 0.7730104533627825 -0.63439328416359 0
outer loop
vertex 180.63933982821945 -116.08933982821932 5.100000000000001
vertex 180.45279558154806 -116.31664465046883 0
vertex 180.6393398282252 -116.08933982821459 0
endloop
endfacet
facet normal 0.8819212643483103 -0.4713967368260814 0
outer loop
vertex 180.45279558154644 -116.3166446504708 5.1
vertex 180.3141807012315 -116.57597485145155 5.1
vertex 180.31418070123104 -116.5759748514483 0
endloop
endfacet
facet normal 0.8819212643483103 -0.4713967368260814 0
outer loop
vertex 180.45279558154644 -116.3166446504708 5.1
vertex 180.31418070123104 -116.5759748514483 0
vertex 180.45279558154806 -116.31664465046883 0
endloop
endfacet
facet normal 0.9569403357346552 -0.2902846772463981 -6.618882184375292e-15
outer loop
vertex 180.3141807012315 -116.57597485145155 5.1
vertex 180.22882207939585 -116.85736451697602 5.1
vertex 180.22882207939 -116.8573645169952 0
endloop
endfacet
facet normal 0.9569403357346552 -0.2902846772463981 -6.618882184375292e-15
outer loop
vertex 180.3141807012315 -116.57597485145155 5.1
vertex 180.22882207939 -116.8573645169952 0
vertex 180.26139074955762 -116.75 0
endloop
endfacet
facet normal 0.9569403357346552 -0.2902846772463981 -6.618882184375292e-15
outer loop
vertex 180.3141807012315 -116.57597485145155 5.1
vertex 180.26139074955762 -116.75 0
vertex 180.31418070123104 -116.5759748514483 0
endloop
endfacet
facet normal 0.9951847266721927 -0.09801714032960263 0
outer loop
vertex 180.22882207939585 -116.85736451697602 5.1
vertex 180.19999999999797 -117.14999999999982 5.1
vertex 180.2000000000001 -117.14999999998382 0
endloop
endfacet
facet normal 0.9951847266721927 -0.09801714032960263 0
outer loop
vertex 180.22882207939585 -116.85736451697602 5.1
vertex 180.2000000000001 -117.14999999998382 0
vertex 180.22882207939 -116.8573645169952 0
endloop
endfacet
facet normal 0.9951847266721927 0.09801714032960263 0
outer loop
vertex 180.19999999999797 -117.14999999999982 5.1
vertex 180.2288220793975 -117.44263548302399 5.1
vertex 180.2288220793993 -117.44263548304744 0
endloop
endfacet
facet normal 0.9951847266721927 0.09801714032960263 0
outer loop
vertex 180.19999999999797 -117.14999999999982 5.1
vertex 180.2288220793993 -117.44263548304744 0
vertex 180.2000000000001 -117.14999999998382 0
endloop
endfacet
facet normal 0.9569403357322217 0.2902846772544199 0
outer loop
vertex 180.2288220793975 -117.44263548302399 5.1
vertex 180.3141807012309 -117.72402514854828 5.1
vertex 180.31418070123448 -117.72402514856003 0
endloop
endfacet
facet normal 0.9569403357322217 0.2902846772544199 0
outer loop
vertex 180.2288220793975 -117.44263548302399 5.1
vertex 180.31418070123448 -117.72402514856003 0
vertex 180.2288220793993 -117.44263548304744 0
endloop
endfacet
facet normal 0.8819212643483418 0.4713967368260224 0
outer loop
vertex 180.3141807012309 -117.72402514854828 5.1
vertex 180.45279558154215 -117.98335534953159 5.1
vertex 180.45279558153257 -117.98335534951367 0
endloop
endfacet
facet normal 0.8819212643483418 0.4713967368260224 0
outer loop
vertex 180.3141807012309 -117.72402514854828 5.1
vertex 180.45279558153257 -117.98335534951367 0
vertex 180.31418070123448 -117.72402514856003 0
endloop
endfacet
facet normal 0.7730104533627734 0.6343932841636012 0
outer loop
vertex 180.45279558154215 -117.98335534953159 5.1
vertex 180.63933982821976 -118.21066017178018 5.100000000000001
vertex 180.63933982821678 -118.21066017177655 0
endloop
endfacet
facet normal 0.7730104533627734 0.6343932841636012 0
outer loop
vertex 180.45279558154215 -117.98335534953159 5.1
vertex 180.63933982821678 -118.21066017177655 0
vertex 180.45279558153257 -117.98335534951367 0
endloop
endfacet
facet normal 0.47139673682601263 0.881921264348347 0
outer loop
vertex 180.86664465047133 -118.39720441845253 5.1
vertex 181.1259748514531 -118.53581929876565 5.1
vertex 181.12597485146202 -118.53581929877042 0
endloop
endfacet
facet normal 0.47139673682601263 0.881921264348347 0
outer loop
vertex 180.86664465047133 -118.39720441845253 5.1
vertex 181.12597485146202 -118.53581929877042 0
vertex 180.86664465045862 -118.39720441844574 0
endloop
endfacet
facet normal 0.2902846772544479 0.9569403357322133 0
outer loop
vertex 181.1259748514531 -118.53581929876565 5.1
vertex 181.4073645169757 -118.62117792060536 5.1
vertex 181.40736451697495 -118.62117792060513 0
endloop
endfacet
facet normal 0.2902846772544479 0.9569403357322133 0
outer loop
vertex 181.1259748514531 -118.53581929876565 5.1
vertex 181.40736451697495 -118.62117792060513 0
vertex 181.12597485146202 -118.53581929877042 0
endloop
endfacet
facet normal 0.09801714032954582 0.9951847266721984 0
outer loop
vertex 181.4073645169757 -118.62117792060536 5.1
vertex 181.7 -118.65000000000039 5.1
vertex 181.69999999999484 -118.64999999999986 0
endloop
endfacet
facet normal 0.09801714032954582 0.9951847266721984 0
outer loop
vertex 181.4073645169757 -118.62117792060536 5.1
vertex 181.69999999999484 -118.64999999999986 0
vertex 181.40736451697495 -118.62117792060513 0
endloop
endfacet
facet normal -0.09801714032957415 0.9951847266721956 0
outer loop
vertex 181.7 -118.65000000000039 5.1
vertex 181.99263548302412 -118.6211779206042 5.1
vertex 181.99263548302545 -118.62117792060513 0
endloop
endfacet
facet normal -0.09801714032957415 0.9951847266721956 0
outer loop
vertex 181.7 -118.65000000000039 5.1
vertex 181.99263548302545 -118.62117792060513 0
vertex 181.69999999999484 -118.64999999999986 0
endloop
endfacet
facet normal -0.2902846772544479 0.9569403357322133 0
outer loop
vertex 181.99263548302412 -118.6211779206042 5.1
vertex 182.2740251485475 -118.5358192987666 5.1
vertex 182.27402514855794 -118.53581929877042 0
endloop
endfacet
facet normal -0.2902846772544479 0.9569403357322133 0
outer loop
vertex 181.99263548302412 -118.6211779206042 5.1
vertex 182.27402514855794 -118.53581929877042 0
vertex 181.99263548302545 -118.62117792060513 0
endloop
endfacet
facet normal -0.4713967368259914 0.8819212643483584 0
outer loop
vertex 182.2740251485475 -118.5358192987666 5.1
vertex 182.53335534953024 -118.3972044184554 5.1
vertex 182.53335534951705 -118.39720441844574 0
endloop
endfacet
facet normal -0.4713967368259914 0.8819212643483584 0
outer loop
vertex 182.2740251485475 -118.5358192987666 5.1
vertex 182.53335534951705 -118.39720441844574 0
vertex 182.27402514855794 -118.53581929877042 0
endloop
endfacet
facet normal -0.6343932841636518 0.7730104533627319 0
outer loop
vertex 182.53335534953024 -118.3972044184554 5.1
vertex 182.7606601717791 -118.21066017177893 5.100000000000001
vertex 182.76066017178195 -118.21066017177655 0
endloop
endfacet
facet normal -0.6343932841636518 0.7730104533627319 0
outer loop
vertex 182.53335534953024 -118.3972044184554 5.1
vertex 182.76066017178195 -118.21066017177655 0
vertex 182.53335534951705 -118.39720441844574 0
endloop
endfacet
facet normal -0.7730104533627572 0.6343932841636208 0
outer loop
vertex 182.7606601717791 -118.21066017177893 5.100000000000001
vertex 182.94720441845345 -117.98335534952913 5.1
vertex 182.94720441845794 -117.98335534951367 0
endloop
endfacet
facet normal -0.7730104533627572 0.6343932841636208 0
outer loop
vertex 182.7606601717791 -118.21066017177893 5.100000000000001
vertex 182.94720441845794 -117.98335534951367 0
vertex 182.76066017178195 -118.21066017177655 0
endloop
endfacet
facet normal -0.8819212643483403 0.4713967368260254 0
outer loop
vertex 182.94720441845345 -117.98335534952913 5.1
vertex 183.0858192987678 -117.72402514854812 5.100000000000001
vertex 183.0858192987671 -117.72402514856003 0
endloop
endfacet
facet normal -0.8819212643483403 0.4713967368260254 0
outer loop
vertex 182.94720441845345 -117.98335534952913 5.1
vertex 183.0858192987671 -117.72402514856003 0
vertex 182.94720441845794 -117.98335534951367 0
endloop
endfacet
facet normal -0.9569403357322133 0.2902846772544479 0
outer loop
vertex 183.0858192987678 -117.72402514854812 5.100000000000001
vertex 183.17117792060358 -117.44263548302408 5.1
vertex 183.17117792060128 -117.44263548304744 0
endloop
endfacet
facet normal -0.9569403357322133 0.2902846772544479 0
outer loop
vertex 183.0858192987678 -117.72402514854812 5.100000000000001
vertex 183.17117792060128 -117.44263548304744 0
vertex 183.0858192987671 -117.72402514856003 0
endloop
endfacet
facet normal -0.9951847266721956 0.09801714032957415 0
outer loop
vertex 217.20869122060412 -135.82689468302414 5.1
vertex 217.23751329999928 -135.53425919999995 5.1
vertex 217.23751330000027 -135.53425919999003 0
endloop
endfacet
facet normal -0.9951847266721956 0.09801714032957415 0
outer loop
vertex 217.20869122060412 -135.82689468302414 5.1
vertex 217.23751330000027 -135.53425919999003 0
vertex 217.20869122060392 -135.82689468302627 0
endloop
endfacet
facet normal -0.9951847266721956 -0.09801714032957415 0
outer loop
vertex 217.23751329999928 -135.53425919999995 5.1
vertex 217.20869122060608 -135.2416237169757 5.1
vertex 217.20869122060648 -135.24162371697986 0
endloop
endfacet
facet normal -0.9951847266721956 -0.09801714032957415 0
outer loop
vertex 217.23751329999928 -135.53425919999995 5.1
vertex 217.20869122060648 -135.24162371697986 0
vertex 217.23751330000027 -135.53425919999003 0
endloop
endfacet
facet normal -0.9569403357322133 -0.2902846772544479 0
outer loop
vertex 217.20869122060608 -135.2416237169757 5.1
vertex 217.12333259876732 -134.96023405145226 5.1
vertex 217.12333259877548 -134.9602340514792 0
endloop
endfacet
facet normal -0.9569403357322133 -0.2902846772544479 0
outer loop
vertex 217.20869122060608 -135.2416237169757 5.1
vertex 217.12333259877548 -134.9602340514792 0
vertex 217.20869122060648 -135.24162371697986 0
endloop
endfacet
facet normal -0.8819212643483418 -0.4713967368260224 0
outer loop
vertex 217.12333259876732 -134.96023405145226 5.1
vertex 216.98471771844933 -134.70090385047303 5.1
vertex 216.98471771843157 -134.70090385043983 0
endloop
endfacet
facet normal -0.8819212643483418 -0.4713967368260224 0
outer loop
vertex 217.12333259876732 -134.96023405145226 5.1
vertex 216.98471771843157 -134.70090385043983 0
vertex 217.12333259877548 -134.9602340514792 0
endloop
endfacet
facet normal -0.7730104533627797 -0.6343932841635934 0
outer loop
vertex 216.98471771844933 -134.70090385047303 5.1
vertex 216.79817347178167 -134.4735990282187 5.1
vertex 216.7981734718002 -134.4735990282413 0
endloop
endfacet
facet normal -0.7730104533627797 -0.6343932841635934 0
outer loop
vertex 216.98471771844933 -134.70090385047303 5.1
vertex 216.7981734718002 -134.4735990282413 0
vertex 216.98471771843157 -134.70090385043983 0
endloop
endfacet
facet normal -0.6343932841635896 -0.7730104533627828 0
outer loop
vertex 216.79817347178167 -134.4735990282187 5.1
vertex 216.57086864952726 -134.28705478154882 5.1
vertex 216.5708686495065 -134.2870547815318 0
endloop
endfacet
facet normal -0.6343932841635896 -0.7730104533627828 0
outer loop
vertex 216.79817347178167 -134.4735990282187 5.1
vertex 216.5708686495065 -134.2870547815318 0
vertex 216.7981734718002 -134.4735990282413 0
endloop
endfacet
facet normal -0.4713967368260137 -0.8819212643483466 0
outer loop
vertex 216.57086864952726 -134.28705478154882 5.1
vertex 216.3115384485486 -134.14843990123146 5.100000000000001
vertex 216.31153844855967 -134.14843990123734 0
endloop
endfacet
facet normal -0.4713967368260137 -0.8819212643483466 0
outer loop
vertex 216.57086864952726 -134.28705478154882 5.1
vertex 216.31153844855967 -134.14843990123734 0
vertex 216.5708686495065 -134.2870547815318 0
endloop
endfacet
facet normal -0.2902846772544479 -0.9569403357322133 0
outer loop
vertex 216.3115384485486 -134.14843990123146 5.100000000000001
vertex 216.030148783024 -134.06308127939573 5.1
vertex 216.03014878301653 -134.06308127939346 0
endloop
endfacet
facet normal -0.2902846772544479 -0.9569403357322133 0
outer loop
vertex 216.3115384485486 -134.14843990123146 5.100000000000001
vertex 216.03014878301653 -134.06308127939346 0
vertex 216.31153844855967 -134.14843990123734 0
endloop
endfacet
facet normal -0.09801714032957415 -0.9951847266721956 0
outer loop
vertex 216.030148783024 -134.06308127939573 5.1
vertex 215.7375133000001 -134.03425919999907 5.1
vertex 215.7375132999929 -134.03425919999836 0
endloop
endfacet
facet normal -0.09801714032957415 -0.9951847266721956 0
outer loop
vertex 216.030148783024 -134.06308127939573 5.1
vertex 215.7375132999929 -134.03425919999836 0
vertex 216.03014878301653 -134.06308127939346 0
endloop
endfacet
facet normal 0.09801714032954566 -0.9951847266721985 0
outer loop
vertex 215.7375133000001 -134.03425919999907 5.1
vertex 215.4448778169756 -134.06308127939286 5.100000000000001
vertex 215.44487781696924 -134.06308127939346 0
endloop
endfacet
facet normal 0.09801714032954566 -0.9951847266721985 0
outer loop
vertex 215.7375133000001 -134.03425919999907 5.1
vertex 215.44487781696924 -134.06308127939346 0
vertex 215.7375132999929 -134.03425919999836 0
endloop
endfacet
facet normal 0.2902846772544479 -0.9569403357322133 0
outer loop
vertex 215.4448778169756 -134.06308127939286 5.100000000000001
vertex 215.1634881514522 -134.14843990123262 5.1
vertex 215.16348815144178 -134.14843990123734 0
endloop
endfacet
facet normal 0.2902846772544479 -0.9569403357322133 0
outer loop
vertex 215.4448778169756 -134.06308127939286 5.100000000000001
vertex 215.16348815144178 -134.14843990123734 0
vertex 215.44487781696924 -134.06308127939346 0
endloop
endfacet
facet normal 0.47139673682604744 -0.8819212643483284 0
outer loop
vertex 215.1634881514522 -134.14843990123262 5.1
vertex 214.90415795047033 -134.28705478154578 5.1
vertex 214.904157950505 -134.2870547815318 0
endloop
endfacet
facet normal 0.47139673682604744 -0.8819212643483284 0
outer loop
vertex 215.1634881514522 -134.14843990123262 5.1
vertex 214.904157950505 -134.2870547815318 0
vertex 215.16348815144178 -134.14843990123734 0
endloop
endfacet
facet normal 0.63439328416359 -0.7730104533627825 0
outer loop
vertex 214.90415795047033 -134.28705478154578 5.1
vertex 214.67685312822005 -134.47359902822 5.1
vertex 214.6768531281783 -134.4735990282413 0
endloop
endfacet
facet normal 0.63439328416359 -0.7730104533627825 0
outer loop
vertex 214.90415795047033 -134.28705478154578 5.1
vertex 214.6768531281783 -134.4735990282413 0
vertex 214.904157950505 -134.2870547815318 0
endloop
endfacet
facet normal 0.7730104533627825 -0.63439328416359 0
outer loop
vertex 214.67685312822005 -134.47359902822 5.1
vertex 214.4903088815465 -134.7009038504709 5.1
vertex 214.49030888159055 -134.70090385043983 0
endloop
endfacet
facet normal 0.7730104533627825 -0.63439328416359 0
outer loop
vertex 214.67685312822005 -134.47359902822 5.1
vertex 214.49030888159055 -134.70090385043983 0
vertex 214.6768531281783 -134.4735990282413 0
endloop
endfacet
facet normal 0.8819212643483252 -0.4713967368260534 0
outer loop
vertex 214.4903088815465 -134.7009038504709 5.1
vertex 214.35169400123274 -134.9602340514522 5.1
vertex 214.35169400120085 -134.9602340514792 0
endloop
endfacet
facet normal 0.8819212643483252 -0.4713967368260534 0
outer loop
vertex 214.4903088815465 -134.7009038504709 5.1
vertex 214.35169400120085 -134.9602340514792 0
vertex 214.49030888159055 -134.70090385043983 0
endloop
endfacet
facet normal 0.9569403357322133 -0.2902846772544479 0
outer loop
vertex 214.35169400123274 -134.9602340514522 5.1
vertex 214.26633537939497 -135.2416237169758 5.1
vertex 214.2663353794018 -135.24162371697986 0
endloop
endfacet
facet normal 0.9569403357322133 -0.2902846772544479 0
outer loop
vertex 214.35169400123274 -134.9602340514522 5.1
vertex 214.2663353794018 -135.24162371697986 0
vertex 214.35169400120085 -134.9602340514792 0
endloop
endfacet
facet normal 0.9951847266721985 -0.09801714032954566 0
outer loop
vertex 214.26633537939497 -135.2416237169758 5.1
vertex 214.23751330000047 -135.5342592000001 5.100000000000001
vertex 214.23751330000206 -135.53425919999003 0
endloop
endfacet
facet normal 0.9951847266721985 -0.09801714032954566 0
outer loop
vertex 214.26633537939497 -135.2416237169758 5.1
vertex 214.23751330000206 -135.53425919999003 0
vertex 214.2663353794018 -135.24162371697986 0
endloop
endfacet
facet normal 0.9951847266721956 0.09801714032957415 0
outer loop
vertex 214.23751330000047 -135.5342592000001 5.100000000000001
vertex 214.26633537939603 -135.8268946830241 5.1
vertex 214.26633537939696 -135.82689468302627 0
endloop
endfacet
facet normal 0.9951847266721956 0.09801714032957415 0
outer loop
vertex 214.23751330000047 -135.5342592000001 5.100000000000001
vertex 214.26633537939696 -135.82689468302627 0
vertex 214.23751330000206 -135.53425919999003 0
endloop
endfacet
facet normal 0.9569403357322133 0.2902846772544479 0
outer loop
vertex 214.26633537939603 -135.8268946830241 5.1
vertex 214.35169400123345 -136.10828434854753 5.1
vertex 214.35169400124417 -136.10828434858283 0
endloop
endfacet
facet normal 0.9569403357322133 0.2902846772544479 0
outer loop
vertex 214.26633537939603 -135.8268946830241 5.1
vertex 214.35169400124417 -136.10828434858283 0
vertex 214.26633537939696 -135.82689468302627 0
endloop
endfacet
facet normal 0.881921264348342 0.47139673682602246 0
outer loop
vertex 214.35169400123345 -136.10828434854753 5.1
vertex 214.49030888154027 -136.36761454953262 5.100000000000001
vertex 214.49030888152325 -136.3676145495009 0
endloop
endfacet
facet normal 0.881921264348342 0.47139673682602246 0
outer loop
vertex 214.35169400123345 -136.10828434854753 5.1
vertex 214.49030888152325 -136.3676145495009 0
vertex 214.35169400124417 -136.10828434858283 0
endloop
endfacet
facet normal 0.7730104533627958 0.6343932841635738 0
outer loop
vertex 214.49030888154027 -136.36761454953262 5.100000000000001
vertex 214.67685312822044 -136.5949193717796 5.1
vertex 214.6768531282172 -136.5949193717757 0
endloop
endfacet
facet normal 0.7730104533627958 0.6343932841635738 0
outer loop
vertex 214.49030888154027 -136.36761454953262 5.100000000000001
vertex 214.6768531282172 -136.5949193717757 0
vertex 214.49030888152325 -136.3676145495009 0
endloop
endfacet
facet normal 0.6343932841635582 0.7730104533628086 0
outer loop
vertex 214.67685312822044 -136.5949193717796 5.1
vertex 214.90415795047144 -136.7814636184528 5.1
vertex 214.90415795046795 -136.78146361844992 0
endloop
endfacet
facet normal 0.6343932841635582 0.7730104533628086 0
outer loop
vertex 214.67685312822044 -136.5949193717796 5.1
vertex 214.90415795046795 -136.78146361844992 0
vertex 214.6768531282172 -136.5949193717757 0
endloop
endfacet
facet normal 0.47139673682604766 0.8819212643483283 0
outer loop
vertex 214.90415795047144 -136.7814636184528 5.1
vertex 215.16348815145338 -136.920078498765 5.1
vertex 215.16348815146588 -136.9200784987717 0
endloop
endfacet
facet normal 0.47139673682604766 0.8819212643483283 0
outer loop
vertex 214.90415795047144 -136.7814636184528 5.1
vertex 215.16348815146588 -136.9200784987717 0
vertex 214.90415795046795 -136.78146361844992 0
endloop
endfacet
facet normal 0.2902846772544479 0.9569403357322133 0
outer loop
vertex 215.16348815145338 -136.920078498765 5.1
vertex 215.44487781697563 -137.00543712060545 5.1
vertex 215.44487781696787 -137.0054371206031 0
endloop
endfacet
facet normal 0.2902846772544479 0.9569403357322133 0
outer loop
vertex 215.16348815145338 -136.920078498765 5.1
vertex 215.44487781696787 -137.0054371206031 0
vertex 215.16348815146588 -136.9200784987717 0
endloop
endfacet
facet normal 0.09801714032957415 0.9951847266721956 0
outer loop
vertex 215.44487781697563 -137.00543712060545 5.1
vertex 215.7375133000001 -137.03425919999904 5.1
vertex 215.73751330000124 -137.03425919999916 0
endloop
endfacet
facet normal 0.09801714032957415 0.9951847266721956 0
outer loop
vertex 215.44487781697563 -137.00543712060545 5.1
vertex 215.73751330000124 -137.03425919999916 0
vertex 215.44487781696787 -137.0054371206031 0
endloop
endfacet
facet normal -0.09801714032960263 0.9951847266721927 0
outer loop
vertex 215.7375133000001 -137.03425919999904 5.1
vertex 216.03014878302415 -137.0054371206041 5.1
vertex 216.03014878302577 -137.0054371206031 0
endloop
endfacet
facet normal -0.09801714032960263 0.9951847266721927 0
outer loop
vertex 215.7375133000001 -137.03425919999904 5.1
vertex 216.03014878302577 -137.0054371206031 0
vertex 215.73751330000124 -137.03425919999916 0
endloop
endfacet
facet normal -0.2902846772544479 0.9569403357322133 0
outer loop
vertex 216.03014878302415 -137.0054371206041 5.1
vertex 216.31153844854748 -136.92007849876657 5.1
vertex 216.31153844855402 -136.9200784987717 0
endloop
endfacet
facet normal -0.2902846772544479 0.9569403357322133 0
outer loop
vertex 216.03014878302415 -137.0054371206041 5.1
vertex 216.31153844855402 -136.9200784987717 0
vertex 216.03014878302577 -137.0054371206031 0
endloop
endfacet
facet normal -0.4713967368260534 0.8819212643483252 0
outer loop
vertex 216.31153844854748 -136.92007849876657 5.1
vertex 216.5708686495298 -136.7814636184546 5.1
vertex 216.57086864952066 -136.78146361844992 0
endloop
endfacet
facet normal -0.4713967368260534 0.8819212643483252 0
outer loop
vertex 216.31153844854748 -136.92007849876657 5.1
vertex 216.57086864952066 -136.78146361844992 0
vertex 216.31153844855402 -136.9200784987717 0
endloop
endfacet
facet normal -0.63439328416359 0.7730104533627825 0
outer loop
vertex 216.5708686495298 -136.7814636184546 5.1
vertex 216.7981734717791 -136.59491937177896 5.1
vertex 216.79817347178817 -136.5949193717757 0
endloop
endfacet
facet normal -0.63439328416359 0.7730104533627825 0
outer loop
vertex 216.5708686495298 -136.7814636184546 5.1
vertex 216.79817347178817 -136.5949193717757 0
vertex 216.57086864952066 -136.78146361844992 0
endloop
endfacet
facet normal -0.7730104533627825 0.63439328416359 0
outer loop
vertex 216.7981734717791 -136.59491937177896 5.1
vertex 216.9847177184547 -136.36761454953017 5.1
vertex 216.98471771845408 -136.3676145495009 0
endloop
endfacet
facet normal -0.7730104533627825 0.63439328416359 0
outer loop
vertex 216.7981734717791 -136.59491937177896 5.1
vertex 216.98471771845408 -136.3676145495009 0
vertex 216.79817347178817 -136.5949193717757 0
endloop
endfacet
facet normal -0.8819212643483403 0.4713967368260254 0
outer loop
vertex 216.9847177184547 -136.36761454953017 5.1
vertex 217.12333259876783 -136.10828434854812 5.100000000000001
vertex 217.12333259876502 -136.10828434858283 0
endloop
endfacet
facet normal -0.8819212643483403 0.4713967368260254 0
outer loop
vertex 216.9847177184547 -136.36761454953017 5.1
vertex 217.12333259876502 -136.10828434858283 0
vertex 216.98471771845408 -136.3676145495009 0
endloop
endfacet
facet normal -0.9569403357322133 0.2902846772544479 0
outer loop
vertex 217.12333259876783 -136.10828434854812 5.100000000000001
vertex 217.20869122060412 -135.82689468302414 5.1
vertex 217.20869122060392 -135.82689468302627 0
endloop
endfacet
facet normal -0.9569403357322133 0.2902846772544479 0
outer loop
vertex 217.12333259876783 -136.10828434854812 5.100000000000001
vertex 217.20869122060392 -135.82689468302627 0
vertex 217.12333259876502 -136.10828434858283 0
endloop
endfacet
facet normal -0.9951847266721956 0.09801714032957415 0
outer loop
vertex 232.42117792060424 -93.49263548302415 5.1
vertex 232.4499999999994 -93.19999999999996 5.1
vertex 232.45000000000047 -93.19999999998878 0
endloop
endfacet
facet normal -0.9951847266721956 0.09801714032957415 0
outer loop
vertex 232.42117792060424 -93.49263548302415 5.1
vertex 232.45000000000047 -93.19999999998878 0
vertex 232.42117792060264 -93.49263548303986 0
endloop
endfacet
facet normal -0.9951847266721956 -0.09801714032957415 0
outer loop
vertex 232.4499999999994 -93.19999999999996 5.1
vertex 232.4211779206064 -92.90736451697566 5.1
vertex 232.4211779206081 -92.9073645169928 0
endloop
endfacet
facet normal -0.9951847266721956 -0.09801714032957415 0
outer loop
vertex 232.4499999999994 -93.19999999999996 5.1
vertex 232.4211779206081 -92.9073645169928 0
vertex 232.45000000000047 -93.19999999998878 0
endloop
endfacet
facet normal -0.9569403357322133 -0.2902846772544479 0
outer loop
vertex 232.4211779206064 -92.90736451697566 5.1
vertex 232.3358192987652 -92.6259748514529 5.1
vertex 232.33581929876328 -92.62597485144659 0
endloop
endfacet
facet normal -0.9569403357322133 -0.2902846772544479 0
outer loop
vertex 232.4211779206064 -92.90736451697566 5.1
vertex 232.33581929876328 -92.62597485144659 0
vertex 232.4211779206081 -92.9073645169928 0
endloop
endfacet
facet normal -0.8819212643483284 -0.47139673682604744 0
outer loop
vertex 232.3358192987652 -92.6259748514529 5.1
vertex 232.19720441845334 -92.36664465047085 5.1
vertex 232.1972044184472 -92.3666446504593 0
endloop
endfacet
facet normal -0.8819212643483284 -0.47139673682604744 0
outer loop
vertex 232.3358192987652 -92.6259748514529 5.1
vertex 232.1972044184472 -92.3666446504593 0
vertex 232.33581929876328 -92.62597485144659 0
endloop
endfacet
facet normal -0.7730104533627572 -0.6343932841636208 0
outer loop
vertex 232.19720441845334 -92.36664465047085 5.1
vertex 232.0106601717814 -92.13933982821887 5.1
vertex 232.0106601718162 -92.13933982826126 0
endloop
endfacet
facet normal -0.7730104533627572 -0.6343932841636208 0
outer loop
vertex 232.19720441845334 -92.36664465047085 5.1
vertex 232.0106601718162 -92.13933982826126 0
vertex 232.1972044184472 -92.3666446504593 0
endloop
endfacet
facet normal -0.6343932841636596 -0.7730104533627256 0
outer loop
vertex 232.0106601717814 -92.13933982821887 5.1
vertex 231.78335534952393 -91.9527955815529 5.100000000000001
vertex 231.7833553494991 -91.95279558153251 0
endloop
endfacet
facet normal -0.6343932841636596 -0.7730104533627256 0
outer loop
vertex 232.0106601717814 -92.13933982821887 5.1
vertex 231.7833553494991 -91.95279558153251 0
vertex 232.0106601718162 -92.13933982826126 0
endloop
endfacet
facet normal -0.47139673682602595 -0.88192126434834 0
outer loop
vertex 231.78335534952393 -91.9527955815529 5.100000000000001
vertex 231.5240251485466 -91.81418070123505 5.100000000000001
vertex 231.52402514853955 -91.81418070123127 0
endloop
endfacet
facet normal -0.47139673682602595 -0.88192126434834 0
outer loop
vertex 231.78335534952393 -91.9527955815529 5.100000000000001
vertex 231.52402514853955 -91.81418070123127 0
vertex 231.7833553494991 -91.95279558153251 0
endloop
endfacet
facet normal -0.2902846772544479 -0.9569403357322133 0
outer loop
vertex 231.5240251485466 -91.81418070123505 5.100000000000001
vertex 231.24263548302397 -91.72882207939577 5.1
vertex 231.24263548301363 -91.7288220793926 0
endloop
endfacet
facet normal -0.2902846772544479 -0.9569403357322133 0
outer loop
vertex 231.5240251485466 -91.81418070123505 5.100000000000001
vertex 231.24263548301363 -91.7288220793926 0
vertex 231.52402514853955 -91.81418070123127 0
endloop
endfacet
facet normal -0.09801714032955997 -0.9951847266721969 0
outer loop
vertex 231.24263548302397 -91.72882207939577 5.1
vertex 230.9500000000001 -91.69999999999851 5.1
vertex 230.95000000001457 -91.69999999999992 0
endloop
endfacet
facet normal -0.09801714032955997 -0.9951847266721969 0
outer loop
vertex 231.24263548302397 -91.72882207939577 5.1
vertex 230.95000000001457 -91.69999999999992 0
vertex 231.24263548301363 -91.7288220793926 0
endloop
endfacet
facet normal 0.09801714032956006 -0.9951847266721969 0
outer loop
vertex 230.9500000000001 -91.69999999999851 5.1
vertex 230.65736451697592 -91.72882207939648 5.1
vertex 230.65736451701548 -91.7288220793926 0
endloop
endfacet
facet normal 0.09801714032956006 -0.9951847266721969 0
outer loop
vertex 230.9500000000001 -91.69999999999851 5.1
vertex 230.65736451701548 -91.7288220793926 0
vertex 230.95000000001457 -91.69999999999992 0
endloop
endfacet
facet normal 0.2902846772544479 -0.9569403357322133 0
outer loop
vertex 230.65736451697592 -91.72882207939648 5.1
vertex 230.3759748514522 -91.8141807012326 5.1
vertex 230.37597485144124 -91.81418070123127 0
endloop
endfacet
facet normal 0.2902846772544479 -0.9569403357322133 0
outer loop
vertex 230.65736451697592 -91.72882207939648 5.1
vertex 230.37597485144124 -91.81418070123127 0
vertex 230.65736451701548 -91.7288220793926 0
endloop
endfacet
facet normal 0.4713967368259914 -0.8819212643483584 0
outer loop
vertex 230.3759748514522 -91.8141807012326 5.1
vertex 230.1166446504708 -91.9527955815466 5.1
vertex 230.11664465049736 -91.95279558153251 0
endloop
endfacet
facet normal 0.4713967368259914 -0.8819212643483584 0
outer loop
vertex 230.3759748514522 -91.8141807012326 5.1
vertex 230.11664465049736 -91.95279558153251 0
vertex 230.37597485144124 -91.81418070123127 0
endloop
endfacet
facet normal 0.6343932841636518 -0.7730104533627319 0
outer loop
vertex 230.1166446504708 -91.9527955815466 5.1
vertex 229.88933982821874 -92.13933982821844 5.100000000000001
vertex 229.88933982814183 -92.13933982826126 0
endloop
endfacet
facet normal 0.6343932841636518 -0.7730104533627319 0
outer loop
vertex 230.1166446504708 -91.9527955815466 5.1
vertex 229.88933982814183 -92.13933982826126 0
vertex 230.11664465049736 -91.95279558153251 0
endloop
endfacet
facet normal 0.7730104533627825 -0.63439328416359 0
outer loop
vertex 229.88933982821874 -92.13933982821844 5.100000000000001
vertex 229.70279558154573 -92.36664465047022 5.1
vertex 229.70279558159345 -92.3666446504593 0
endloop
endfacet
facet normal 0.7730104533627825 -0.63439328416359 0
outer loop
vertex 229.88933982821874 -92.13933982821844 5.100000000000001
vertex 229.70279558159345 -92.3666446504593 0
vertex 229.88933982814183 -92.13933982826126 0
endloop
endfacet
facet normal 0.8819212643483284 -0.47139673682604744 0
outer loop
vertex 229.70279558154573 -92.36664465047022 5.1
vertex 229.56418070123325 -92.62597485145247 5.1
vertex 229.5641807012324 -92.62597485144659 0
endloop
endfacet
facet normal 0.8819212643483284 -0.47139673682604744 0
outer loop
vertex 229.70279558154573 -92.36664465047022 5.1
vertex 229.5641807012324 -92.62597485144659 0
vertex 229.70279558159345 -92.3666446504593 0
endloop
endfacet
facet normal 0.9569403357322133 -0.2902846772544479 0
outer loop
vertex 229.56418070123325 -92.62597485145247 5.1
vertex 229.4788220793955 -92.90736451697592 5.1
vertex 229.47882207938878 -92.9073645169928 0
endloop
endfacet
facet normal 0.9569403357322133 -0.2902846772544479 0
outer loop
vertex 229.56418070123325 -92.62597485145247 5.1
vertex 229.47882207938878 -92.9073645169928 0
vertex 229.5641807012324 -92.62597485144659 0
endloop
endfacet
facet normal 0.9951847266721956 -0.09801714032957415 0
outer loop
vertex 229.4788220793955 -92.90736451697592 5.1
vertex 229.44999999999936 -93.19999999999995 5.1
vertex 229.45000000000158 -93.19999999998878 0
endloop
endfacet
facet normal 0.9951847266721956 -0.09801714032957415 0
outer loop
vertex 229.4788220793955 -92.90736451697592 5.1
vertex 229.45000000000158 -93.19999999998878 0
vertex 229.47882207938878 -92.9073645169928 0
endloop
endfacet
facet normal 0.9951847266721956 0.09801714032957415 0
outer loop
vertex 229.44999999999936 -93.19999999999995 5.1
vertex 229.47882207939648 -93.49263548302406 5.1
vertex 229.47882207939813 -93.49263548303986 0
endloop
endfacet
facet normal 0.9951847266721956 0.09801714032957415 0
outer loop
vertex 229.44999999999936 -93.19999999999995 5.1
vertex 229.47882207939813 -93.49263548303986 0
vertex 229.45000000000158 -93.19999999998878 0
endloop
endfacet
facet normal 0.9569403357322133 0.2902846772544479 0
outer loop
vertex 229.47882207939648 -93.49263548302406 5.1
vertex 229.56418070123135 -93.77402514854815 5.1
vertex 229.5641807012202 -93.77402514851144 0
endloop
endfacet
facet normal 0.9569403357322133 0.2902846772544479 0
outer loop
vertex 229.47882207939648 -93.49263548302406 5.1
vertex 229.5641807012202 -93.77402514851144 0
vertex 229.47882207939813 -93.49263548303986 0
endloop
endfacet
facet normal 0.8819212643483103 0.4713967368260814 0
outer loop
vertex 229.56418070123135 -93.77402514854815 5.1
vertex 229.7027955815513 -94.03335534952672 5.1
vertex 229.70279558155545 -94.03335534953456 0
endloop
endfacet
facet normal 0.8819212643483103 0.4713967368260814 0
outer loop
vertex 229.56418070123135 -93.77402514854815 5.1
vertex 229.70279558155545 -94.03335534953456 0
vertex 229.5641807012202 -93.77402514851144 0
endloop
endfacet
facet normal 0.7730104533627572 0.6343932841636208 0
outer loop
vertex 229.7027955815513 -94.03335534952672 5.1
vertex 229.88933982822317 -94.26066017177735 5.1
vertex 229.8893398282281 -94.26066017178333 0
endloop
endfacet
facet normal 0.7730104533627572 0.6343932841636208 0
outer loop
vertex 229.7027955815513 -94.03335534952672 5.1
vertex 229.8893398282281 -94.26066017178333 0
vertex 229.70279558155545 -94.03335534953456 0
endloop
endfacet
facet normal 0.6343932841636442 0.7730104533627382 0
outer loop
vertex 229.88933982822317 -94.26066017177735 5.1
vertex 230.1166446504721 -94.44720441845207 5.100000000000001
vertex 230.1166446504787 -94.44720441845749 0
endloop
endfacet
facet normal 0.6343932841636442 0.7730104533627382 0
outer loop
vertex 229.88933982822317 -94.26066017177735 5.1
vertex 230.1166446504787 -94.44720441845749 0
vertex 229.8893398282281 -94.26066017178333 0
endloop
endfacet
facet normal 0.4713967368260049 0.8819212643483512 0
outer loop
vertex 230.1166446504721 -94.44720441845207 5.100000000000001
vertex 230.37597485145267 -94.58581929876641 5.1
vertex 230.37597485145815 -94.58581929876937 0
endloop
endfacet
facet normal 0.4713967368260049 0.8819212643483512 0
outer loop
vertex 230.1166446504721 -94.44720441845207 5.100000000000001
vertex 230.37597485145815 -94.58581929876937 0
vertex 230.1166446504787 -94.44720441845749 0
endloop
endfacet
facet normal 0.2902846772544479 0.9569403357322133 0
outer loop
vertex 230.37597485145267 -94.58581929876641 5.1
vertex 230.6573645169756 -94.67117792060546 5.1
vertex 230.65736451696515 -94.67117792060229 0
endloop
endfacet
facet normal 0.2902846772544479 0.9569403357322133 0
outer loop
vertex 230.37597485145267 -94.58581929876641 5.1
vertex 230.65736451696515 -94.67117792060229 0
vertex 230.37597485145815 -94.58581929876937 0
endloop
endfacet
facet normal 0.09801714032955997 0.9951847266721969 0
outer loop
vertex 230.6573645169756 -94.67117792060546 5.1
vertex 230.95000000000013 -94.69999999999851 5.1
vertex 230.95000000001792 -94.70000000000026 0
endloop
endfacet
facet normal 0.09801714032955997 0.9951847266721969 0
outer loop
vertex 230.6573645169756 -94.67117792060546 5.1
vertex 230.95000000001792 -94.70000000000026 0
vertex 230.65736451696515 -94.67117792060229 0
endloop
endfacet
facet normal -0.09801714032956006 0.9951847266721969 0
outer loop
vertex 230.95000000000013 -94.69999999999851 5.1
vertex 231.24263548302437 -94.67117792060685 5.1
vertex 231.2426354830117 -94.67117792060229 0
endloop
endfacet
facet normal -0.09801714032956006 0.9951847266721969 0
outer loop
vertex 230.95000000000013 -94.69999999999851 5.1
vertex 231.2426354830117 -94.67117792060229 0
vertex 230.95000000001792 -94.70000000000026 0
endloop
endfacet
facet normal -0.2902846772544479 0.9569403357322133 0
outer loop
vertex 231.24263548302437 -94.67117792060685 5.1
vertex 231.52402514854748 -94.58581929876642 5.1
vertex 231.52402514856317 -94.58581929876937 0
endloop
endfacet
facet normal -0.2902846772544479 0.9569403357322133 0
outer loop
vertex 231.24263548302437 -94.67117792060685 5.1
vertex 231.52402514856317 -94.58581929876937 0
vertex 231.2426354830117 -94.67117792060229 0
endloop
endfacet
facet normal -0.4713967368259914 0.8819212643483584 0
outer loop
vertex 231.52402514854748 -94.58581929876642 5.1
vertex 231.78335534953067 -94.44720441845621 5.1
vertex 231.7833553495087 -94.44720441845749 0
endloop
endfacet
facet normal -0.4713967368259914 0.8819212643483584 0
outer loop
vertex 231.52402514854748 -94.58581929876642 5.1
vertex 231.7833553495087 -94.44720441845749 0
vertex 231.52402514856317 -94.58581929876937 0
endloop
endfacet
facet normal -0.6343932841636518 0.7730104533627319 0
outer loop
vertex 231.78335534953067 -94.44720441845621 5.1
vertex 232.01066017177845 -94.26066017177813 5.100000000000001
vertex 232.01066017178516 -94.26066017178333 0
endloop
endfacet
facet normal -0.6343932841636518 0.7730104533627319 0
outer loop
vertex 231.78335534953067 -94.44720441845621 5.1
vertex 232.01066017178516 -94.26066017178333 0
vertex 231.7833553495087 -94.44720441845749 0
endloop
endfacet
facet normal -0.7730104533627825 0.63439328416359 0
outer loop
vertex 232.01066017177845 -94.26066017177813 5.100000000000001
vertex 232.19720441845345 -94.0333553495291 5.1
vertex 232.19720441845556 -94.03335534953456 0
endloop
endfacet
facet normal -0.7730104533627825 0.63439328416359 0
outer loop
vertex 232.01066017177845 -94.26066017177813 5.100000000000001
vertex 232.19720441845556 -94.03335534953456 0
vertex 232.01066017178516 -94.26066017178333 0
endloop
endfacet
facet normal -0.8819212643483252 0.4713967368260534 0
outer loop
vertex 232.19720441845345 -94.0333553495291 5.1
vertex 232.33581929876706 -93.77402514854772 5.1
vertex 232.3358192987674 -93.77402514851144 0
endloop
endfacet
facet normal -0.8819212643483252 0.4713967368260534 0
outer loop
vertex 232.19720441845345 -94.0333553495291 5.1
vertex 232.3358192987674 -93.77402514851144 0
vertex 232.19720441845556 -94.03335534953456 0
endloop
endfacet
facet normal -0.9569403357322133 0.2902846772544479 0
outer loop
vertex 232.33581929876706 -93.77402514854772 5.1
vertex 232.42117792060424 -93.49263548302415 5.1
vertex 232.42117792060264 -93.49263548303986 0
endloop
endfacet
facet normal -0.9569403357322133 0.2902846772544479 0
outer loop
vertex 232.33581929876706 -93.77402514854772 5.1
vertex 232.42117792060264 -93.49263548303986 0
vertex 232.3358192987674 -93.77402514851144 0
endloop
endfacet
facet normal 0.6343932841636218 0.7730104533627565 0
outer loop
vertex 180.63933982821976 -118.21066017178018 5.100000000000001
vertex 180.86664465047133 -118.39720441845253 5.1
vertex 180.86664465045862 -118.39720441844574 0
endloop
endfacet
facet normal 0.6343932841636218 0.7730104533627565 0
outer loop
vertex 180.63933982821976 -118.21066017178018 5.100000000000001
vertex 180.86664465045862 -118.39720441844574 0
vertex 180.63933982821678 -118.21066017177655 0
endloop
endfacet
facet normal -1.4151282904969181e-14 3.416421911428655e-14 1
outer loop
vertex 216.22523910504034 -137.98622240100775 5.1
vertex 216.69422188091335 -137.84395803127995 5.100000000000001
vertex 217.12643888254937 -137.61293323075733 5.1
endloop
endfacet
facet normal -1.4151282904969181e-14 3.416421911428655e-14 1
outer loop
vertex 216.22523910504034 -137.98622240100775 5.1
vertex 217.12643888254937 -137.61293323075733 5.1
vertex 217.5052802529649 -137.30202615296443 5.100000000000001
endloop
endfacet
facet normal -1.4151282904969181e-14 3.416421911428655e-14 1
outer loop
vertex 216.22523910504034 -137.98622240100775 5.1
vertex 217.5052802529649 -137.30202615296443 5.100000000000001
vertex 217.7250309121515 -137.03425919999916 5.1
endloop
endfacet
facet normal -1.4151282904969181e-14 3.416421911428655e-14 1
outer loop
vertex 216.22523910504034 -137.98622240100775 5.1
vertex 217.7250309121515 -137.03425919999916 5.1
vertex 215.7375133000001 -137.03425919999904 5.1
endloop
endfacet
facet normal -1.4151282904969181e-14 3.416421911428655e-14 1
outer loop
vertex 216.22523910504034 -137.98622240100775 5.1
vertex 215.7375133000001 -137.03425919999904 5.1
vertex 213.74999568784625 -137.03425919999916 5.1
endloop
endfacet
facet normal -1.4151282904969181e-14 3.416421911428655e-14 1
outer loop
vertex 216.22523910504034 -137.98622240100775 5.1
vertex 213.74999568784625 -137.03425919999916 5.1
vertex 213.9697463470347 -137.30202615296525 5.100000000000001
endloop
endfacet
facet normal -1.4151282904969181e-14 3.416421911428655e-14 1
outer loop
vertex 216.22523910504034 -137.98622240100775 5.1
vertex 213.9697463470347 -137.30202615296525 5.100000000000001
vertex 214.34858771745405 -137.61293323075276 5.1
endloop
endfacet
facet normal -1.4151282904969181e-14 3.416421911428655e-14 1
outer loop
vertex 216.22523910504034 -137.98622240100775 5.1
vertex 214.34858771745405 -137.61293323075276 5.1
vertex 214.7808047190868 -137.84395803127904 5.1
endloop
endfacet
facet normal -1.4151282904969181e-14 3.416421911428655e-14 1
outer loop
vertex 216.22523910504034 -137.98622240100775 5.1
vertex 214.7808047190868 -137.84395803127904 5.1
vertex 215.24978749495915 -137.9862224010101 5.100000000000001
endloop
endfacet
facet normal -1.4151282904969181e-14 3.416421911428655e-14 1
outer loop
vertex 216.22523910504034 -137.98622240100775 5.1
vertex 215.24978749495915 -137.9862224010101 5.100000000000001
vertex 215.7375133000001 -138.03425920000024 5.1
endloop
endfacet
facet normal 0 0 1
outer loop
vertex 215.7375133000001 -137.03425919999904 5.1
vertex 215.44487781697563 -137.00543712060545 5.1
vertex 213.72634201857784 -137.0054371206031 5.1
endloop
endfacet
facet normal 0 0 1
outer loop
vertex 215.7375133000001 -137.03425919999904 5.1
vertex 213.72634201857784 -137.0054371206031 5.1
vertex 213.74999568784625 -137.03425919999916 5.1
endloop
endfacet
facet normal 0 0 1
outer loop
vertex 217.7250309121515 -137.03425919999916 5.1
vertex 217.74868458141978 -137.0054371206031 5.1
vertex 216.03014878302415 -137.0054371206041 5.1
endloop
endfacet
facet normal 0 0 1
outer loop
vertex 217.7250309121515 -137.03425919999916 5.1
vertex 216.03014878302415 -137.0054371206041 5.1
vertex 215.7375133000001 -137.03425919999904 5.1
endloop
endfacet
facet normal 0 0 1
outer loop
vertex 215.44487781697563 -137.00543712060545 5.1
vertex 215.16348815145338 -136.920078498765 5.1
vertex 213.65717892596984 -136.92007849877166 5.1
endloop
endfacet
facet normal 0 0 1
outer loop
vertex 215.44487781697563 -137.00543712060545 5.1
vertex 213.65717892596984 -136.92007849877166 5.1
vertex 213.65883926924062 -136.92318478255052 5.1
endloop
endfacet
facet normal 0 0 1
outer loop
vertex 215.44487781697563 -137.00543712060545 5.1
vertex 213.65883926924062 -136.92318478255052 5.1
vertex 213.72634201857784 -137.0054371206031 5.1
endloop
endfacet
facet normal 0 0 1
outer loop
vertex 217.74868458141978 -137.0054371206031 5.1
vertex 217.8161873307573 -136.92318478254964 5.100000000000001
vertex 217.81784767402803 -136.92007849877166 5.1
endloop
endfacet
facet normal 0 0 1
outer loop
vertex 217.74868458141978 -137.0054371206031 5.1
vertex 217.81784767402803 -136.92007849877166 5.1
vertex 216.31153844854748 -136.92007849876657 5.1
endloop
endfacet
facet normal 0 0 1
outer loop
vertex 217.74868458141978 -137.0054371206031 5.1
vertex 216.31153844854748 -136.92007849876657 5.1
vertex 216.03014878302415 -137.0054371206041 5.1
endloop
endfacet
facet normal 0 0 1
outer loop
vertex 215.16348815145338 -136.920078498765 5.1
vertex 214.90415795047144 -136.7814636184528 5.1
vertex 213.58308772882887 -136.78146361844995 5.1
endloop
endfacet
facet normal 0 0 1
outer loop
vertex 215.16348815145338 -136.920078498765 5.1
vertex 213.58308772882887 -136.78146361844995 5.1
vertex 213.65717892596984 -136.92007849877166 5.1
endloop
endfacet
facet normal 0 0 1
outer loop
vertex 217.81784767402803 -136.92007849877166 5.1
vertex 217.89193887116818 -136.78146361844995 5.1
vertex 216.5708686495298 -136.7814636184546 5.1
endloop
endfacet
facet normal 0 0 1
outer loop
vertex 217.81784767402803 -136.92007849877166 5.1
vertex 216.5708686495298 -136.7814636184546 5.1
vertex 216.31153844854748 -136.92007849876657 5.1
endloop
endfacet
facet normal 0 0 1
outer loop
vertex 214.90415795047144 -136.7814636184528 5.1
vertex 214.67685312822044 -136.5949193717796 5.1
vertex 213.48337775163324 -136.59491937177575 5.1
endloop
endfacet
facet normal 0 0 1
outer loop
vertex 214.90415795047144 -136.7814636184528 5.1
vertex 213.48337775163324 -136.59491937177575 5.1
vertex 213.58308772882887 -136.78146361844995 5.1
endloop
endfacet
facet normal 0 0 1
outer loop
vertex 217.89193887116818 -136.78146361844995 5.1
vertex 217.99164884836273 -136.59491937177575 5.1
vertex 216.7981734717791 -136.59491937177896 5.1
endloop
endfacet
facet normal 0 0 1
outer loop
vertex 217.89193887116818 -136.78146361844995 5.1
vertex 216.7981734717791 -136.59491937177896 5.1
vertex 216.5708686495298 -136.7814636184546 5.1
endloop
endfacet
facet normal 0 0 1
outer loop
vertex 214.67685312822044 -136.5949193717796 5.1
vertex 214.49030888154027 -136.36761454953262 5.100000000000001
vertex 213.3903956750578 -136.36761454950087 5.1
endloop
endfacet
facet normal 0 0 1
outer loop
vertex 214.67685312822044 -136.5949193717796 5.1
vertex 213.3903956750578 -136.36761454950087 5.1
vertex 213.42781446871766 -136.4909677809141 5.1
endloop
endfacet
facet normal 0 0 1
outer loop
vertex 214.67685312822044 -136.5949193717796 5.1
vertex 213.42781446871766 -136.4909677809141 5.1
vertex 213.48337775163324 -136.59491937177575 5.1
endloop
endfacet
facet normal 0 0 1
outer loop
vertex 217.99164884836273 -136.59491937177575 5.1
vertex 218.04721213127846 -136.49096778091297 5.1
vertex 218.08463092493946 -136.36761454950087 5.1
endloop
endfacet
facet normal 0 0 1
outer loop
vertex 217.99164884836273 -136.59491937177575 5.1
vertex 218.08463092493946 -136.36761454950087 5.1
vertex 216.9847177184547 -136.36761454953017 5.1
endloop
endfacet
facet normal 0 0 1
outer loop
vertex 217.99164884836273 -136.59491937177575 5.1
vertex 216.9847177184547 -136.36761454953017 5.1
vertex 216.7981734717791 -136.59491937177896 5.1
endloop
endfacet
facet normal 0 0 1
outer loop
vertex 214.49030888154027 -136.36761454953262 5.100000000000001
vertex 214.35169400123345 -136.10828434854753 5.1
vertex 213.31172871865272 -136.10828434858297 5.1
endloop
endfacet
facet normal 0 0 1
outer loop
vertex 214.49030888154027 -136.36761454953262 5.100000000000001
vertex 213.31172871865272 -136.10828434858297 5.1
vertex 213.3903956750578 -136.36761454950087 5.1
endloop
endfacet
facet normal 0 0 1
outer loop
vertex 218.08463092493946 -136.36761454950087 5.1
vertex 218.16329788134686 -136.10828434858297 5.1
vertex 217.12333259876783 -136.10828434854812 5.100000000000001
endloop
endfacet
facet normal 0 0 1
outer loop
vertex 218.08463092493946 -136.36761454950087 5.1
vertex 217.12333259876783 -136.10828434854812 5.100000000000001
vertex 216.9847177184547 -136.36761454953017 5.1
endloop
endfacet
facet normal 0 0 1
outer loop
vertex 214.35169400123345 -136.10828434854753 5.1
vertex 214.26633537939603 -135.8268946830241 5.1
vertex 213.26633537939574 -135.82689468302615 5.1
endloop
endfacet
facet normal 0 0 1
outer loop
vertex 214.35169400123345 -136.10828434854753 5.1
vertex 213.26633537939574 -135.82689468302615 5.1
vertex 213.28555009899253 -136.02198500504045 5.100000000000001
endloop
endfacet
facet normal 0 0 1
outer loop
vertex 214.35169400123345 -136.10828434854753 5.1
vertex 213.28555009899253 -136.02198500504045 5.100000000000001
vertex 213.31172871865272 -136.10828434858297 5.1
endloop
endfacet
facet normal 0 0 1
outer loop
vertex 218.16329788134686 -136.10828434858297 5.1
vertex 218.1894765010079 -136.02198500504045 5.100000000000001
vertex 218.2086912206045 -135.82689468302615 5.1
endloop
endfacet
facet normal 0 0 1
outer loop
vertex 218.16329788134686 -136.10828434858297 5.1
vertex 218.2086912206045 -135.82689468302615 5.1
vertex 217.20869122060412 -135.82689468302414 5.1
endloop
endfacet
facet normal 0 0 1
outer loop
vertex 218.16329788134686 -136.10828434858297 5.1
vertex 217.20869122060412 -135.82689468302414 5.1
vertex 217.12333259876783 -136.10828434854812 5.100000000000001
endloop
endfacet
facet normal 0 0 1
outer loop
vertex 214.26633537939603 -135.8268946830241 5.1
vertex 214.23751330000047 -135.5342592000001 5.100000000000001
vertex 213.23751330000007 -135.53425919999995 5.100000000000001
endloop
endfacet
facet normal 0 0 1
outer loop
vertex 214.26633537939603 -135.8268946830241 5.1
vertex 213.23751330000007 -135.53425919999995 5.100000000000001
vertex 213.26633537939574 -135.82689468302615 5.1
endloop
endfacet
facet normal 0 0 1
outer loop
vertex 218.2086912206045 -135.82689468302615 5.1
vertex 218.23751329999982 -135.53425919999995 5.100000000000001
vertex 217.23751329999928 -135.53425919999995 5.1
endloop
endfacet
facet normal 0 0 1
outer loop
vertex 218.2086912206045 -135.82689468302615 5.1
vertex 217.23751329999928 -135.53425919999995 5.1
vertex 217.20869122060412 -135.82689468302414 5.1
endloop
endfacet
facet normal 0 0 1
outer loop
vertex 214.23751330000047 -135.5342592000001 5.100000000000001
vertex 214.26633537939497 -135.2416237169758 5.1
vertex 213.2663353793951 -135.24162371697963 5.1
endloop
endfacet
facet normal 0 0 1
outer loop
vertex 214.23751330000047 -135.5342592000001 5.100000000000001
vertex 213.2663353793951 -135.24162371697963 5.1
vertex 213.23751330000007 -135.53425919999995 5.100000000000001
endloop
endfacet
facet normal 0 0 1
outer loop
vertex 218.23751329999982 -135.53425919999995 5.100000000000001
vertex 218.20869122060552 -135.24162371697963 5.1
vertex 217.20869122060608 -135.2416237169757 5.1
endloop
endfacet
facet normal 0 0 1
outer loop
vertex 218.23751329999982 -135.53425919999995 5.100000000000001
vertex 217.20869122060608 -135.2416237169757 5.1
vertex 217.23751329999928 -135.53425919999995 5.1
endloop
endfacet
facet normal 0 0 1
outer loop
vertex 214.26633537939497 -135.2416237169758 5.1
vertex 214.35169400123274 -134.9602340514522 5.1
vertex 213.31172871863455 -134.9602340514792 5.1
endloop
endfacet
facet normal 0 0 1
outer loop
vertex 214.26633537939497 -135.2416237169758 5.1
vertex 213.31172871863455 -134.9602340514792 5.1
vertex 213.2855500989924 -135.0465333949598 5.1
endloop
endfacet
facet normal 0 0 1
outer loop
vertex 214.26633537939497 -135.2416237169758 5.1
vertex 213.2855500989924 -135.0465333949598 5.1
vertex 213.2663353793951 -135.24162371697963 5.1
endloop
endfacet
facet normal 0 0 1
outer loop
vertex 218.20869122060552 -135.24162371697963 5.1
vertex 218.18947650100867 -135.04653339495965 5.100000000000001
vertex 218.16329788136588 -134.9602340514792 5.1
endloop
endfacet
facet normal 0 0 1
outer loop
vertex 218.20869122060552 -135.24162371697963 5.1
vertex 218.16329788136588 -134.9602340514792 5.1
vertex 217.12333259876732 -134.96023405145226 5.1
endloop
endfacet
facet normal 0 0 1
outer loop
vertex 218.20869122060552 -135.24162371697963 5.1
vertex 217.12333259876732 -134.96023405145226 5.1
vertex 217.20869122060608 -135.2416237169757 5.1
endloop
endfacet
facet normal 0 0 1
outer loop
vertex 214.35169400123274 -134.9602340514522 5.1
vertex 214.4903088815465 -134.7009038504709 5.1
vertex 213.39039567507868 -134.70090385043994 5.1
endloop
endfacet
facet normal 0 0 1
outer loop
vertex 214.35169400123274 -134.9602340514522 5.1
vertex 213.39039567507868 -134.70090385043994 5.1
vertex 213.31172871863455 -134.9602340514792 5.1
endloop
endfacet
facet normal 0 0 1
outer loop
vertex 218.16329788136588 -134.9602340514792 5.1
vertex 218.0846309249199 -134.70090385043994 5.1
vertex 216.98471771844933 -134.70090385047303 5.1
endloop
endfacet
facet normal 0 0 1
outer loop
vertex 218.16329788136588 -134.9602340514792 5.1
vertex 216.98471771844933 -134.70090385047303 5.1
vertex 217.12333259876732 -134.96023405145226 5.1
endloop
endfacet
facet normal 0 0 1
outer loop
vertex 214.4903088815465 -134.7009038504709 5.1
vertex 214.67685312822005 -134.47359902822 5.1
vertex 213.48337775162892 -134.4735990282413 5.1
endloop
endfacet
facet normal 0 0 1
outer loop
vertex 214.4903088815465 -134.7009038504709 5.1
vertex 213.48337775162892 -134.4735990282413 5.1
vertex 213.4278144687216 -134.57755061908716 5.1
endloop
endfacet
facet normal 0 0 1
outer loop
vertex 214.4903088815465 -134.7009038504709 5.1
vertex 213.4278144687216 -134.57755061908716 5.1
vertex 213.39039567507868 -134.70090385043994 5.1
endloop
endfacet
facet normal 0 0 1
outer loop
vertex 218.0846309249199 -134.70090385043994 5.1
vertex 218.04721213127627 -134.57755061908784 5.100000000000001
vertex 217.99164884836955 -134.4735990282413 5.1
endloop
endfacet
facet normal 0 0 1
outer loop
vertex 218.0846309249199 -134.70090385043994 5.1
vertex 217.99164884836955 -134.4735990282413 5.1
vertex 216.79817347178167 -134.4735990282187 5.1
endloop
endfacet
facet normal 0 0 1
outer loop
vertex 218.0846309249199 -134.70090385043994 5.1
vertex 216.79817347178167 -134.4735990282187 5.1
vertex 216.98471771844933 -134.70090385047303 5.1
endloop
endfacet
facet normal 0 0 1
outer loop
vertex 214.67685312822005 -134.47359902822 5.1
vertex 214.90415795047033 -134.28705478154578 5.1
vertex 213.5830877288427 -134.28705478153182 5.1
endloop
endfacet
facet normal 0 0 1
outer loop
vertex 214.67685312822005 -134.47359902822 5.1
vertex 213.5830877288427 -134.28705478153182 5.1
vertex 213.48337775162892 -134.4735990282413 5.1
endloop
endfacet
facet normal 0 0 1
outer loop
vertex 217.99164884836955 -134.4735990282413 5.1
vertex 217.89193887115675 -134.28705478153182 5.1
vertex 216.57086864952726 -134.28705478154882 5.1
endloop
endfacet
facet normal 0 0 1
outer loop
vertex 217.99164884836955 -134.4735990282413 5.1
vertex 216.57086864952726 -134.28705478154882 5.1
vertex 216.79817347178167 -134.4735990282187 5.1
endloop
endfacet
facet normal 0 0 1
outer loop
vertex 214.90415795047033 -134.28705478154578 5.1
vertex 215.1634881514522 -134.14843990123262 5.1
vertex 213.65717892596865 -134.1484399012373 5.1
endloop
endfacet
facet normal 0 0 1
outer loop
vertex 214.90415795047033 -134.28705478154578 5.1
vertex 213.65717892596865 -134.1484399012373 5.1
vertex 213.5830877288427 -134.28705478153182 5.1
endloop
endfacet
facet normal 0 0 1
outer loop
vertex 217.89193887115675 -134.28705478153182 5.1
vertex 217.81784767403158 -134.1484399012373 5.1
vertex 216.3115384485486 -134.14843990123146 5.100000000000001
endloop
endfacet
facet normal 0 0 1
outer loop
vertex 217.89193887115675 -134.28705478153182 5.1
vertex 216.3115384485486 -134.14843990123146 5.100000000000001
vertex 216.57086864952726 -134.28705478154882 5.1
endloop
endfacet
facet normal 0 0 1
outer loop
vertex 215.1634881514522 -134.14843990123262 5.1
vertex 215.4448778169756 -134.06308127939286 5.100000000000001
vertex 213.72634201858344 -134.06308127939343 5.1
endloop
endfacet
facet normal 0 0 1
outer loop
vertex 215.1634881514522 -134.14843990123262 5.1
vertex 213.72634201858344 -134.06308127939343 5.1
vertex 213.65883926924386 -134.14533361745123 5.100000000000001
endloop
endfacet
facet normal 0 0 1
outer loop
vertex 215.1634881514522 -134.14843990123262 5.1
vertex 213.65883926924386 -134.14533361745123 5.100000000000001
vertex 213.65717892596865 -134.1484399012373 5.1
endloop
endfacet
facet normal 0 0 1
outer loop
vertex 217.81784767403158 -134.1484399012373 5.1
vertex 217.8161873307564 -134.145333617451 5.100000000000001
vertex 217.74868458141538 -134.06308127939343 5.1
endloop
endfacet
facet normal 0 0 1
outer loop
vertex 217.81784767403158 -134.1484399012373 5.1
vertex 217.74868458141538 -134.06308127939343 5.1
vertex 216.030148783024 -134.06308127939573 5.1
endloop
endfacet
facet normal 0 0 1
outer loop
vertex 217.81784767403158 -134.1484399012373 5.1
vertex 216.030148783024 -134.06308127939573 5.1
vertex 216.3115384485486 -134.14843990123146 5.100000000000001
endloop
endfacet
facet normal 0 0 1
outer loop
vertex 215.4448778169756 -134.06308127939286 5.100000000000001
vertex 215.7375133000001 -134.03425919999907 5.1
vertex 213.74999568785046 -134.03425919999833 5.1
endloop
endfacet
facet normal 0 0 1
outer loop
vertex 215.4448778169756 -134.06308127939286 5.100000000000001
vertex 213.74999568785046 -134.03425919999833 5.1
vertex 213.72634201858344 -134.06308127939343 5.1
endloop
endfacet
facet normal 0 0 1
outer loop
vertex 217.74868458141538 -134.06308127939343 5.1
vertex 217.72503091214784 -134.03425919999833 5.1
vertex 215.7375133000001 -134.03425919999907 5.1
endloop
endfacet
facet normal 0 0 1
outer loop
vertex 217.74868458141538 -134.06308127939343 5.1
vertex 215.7375133000001 -134.03425919999907 5.1
vertex 216.030148783024 -134.06308127939573 5.1
endloop
endfacet
facet normal 0 0 1
outer loop
vertex 215.7375133000001 -134.03425919999907 5.1
vertex 217.72503091214784 -134.03425919999833 5.1
vertex 217.50528025296336 -133.76649224703613 5.1
endloop
endfacet
facet normal 0 0 1
outer loop
vertex 215.7375133000001 -134.03425919999907 5.1
vertex 217.50528025296336 -133.76649224703613 5.1
vertex 217.1264388825507 -133.45558516924154 5.1
endloop
endfacet
facet normal 0 0 1
outer loop
vertex 215.7375133000001 -134.03425919999907 5.1
vertex 217.1264388825507 -133.45558516924154 5.1
vertex 216.69422188091386 -133.2245603687198 5.100000000000001
endloop
endfacet
facet normal 0 0 1
outer loop
vertex 215.7375133000001 -134.03425919999907 5.1
vertex 216.69422188091386 -133.2245603687198 5.100000000000001
vertex 216.22523910503975 -133.08229599899363 5.1
endloop
endfacet
facet normal 0 0 1
outer loop
vertex 215.7375133000001 -134.03425919999907 5.1
vertex 216.22523910503975 -133.08229599899363 5.1
vertex 215.73751329999988 -133.03425920000018 5.1
endloop
endfacet
facet normal 0 0 1
outer loop
vertex 215.7375133000001 -134.03425919999907 5.1
vertex 215.73751329999988 -133.03425920000018 5.1
vertex 215.24978749495966 -133.08229599899164 5.100000000000001
endloop
endfacet
facet normal 0 0 1
outer loop
vertex 215.7375133000001 -134.03425919999907 5.1
vertex 215.24978749495966 -133.08229599899164 5.100000000000001
vertex 214.78080471908737 -133.2245603687225 5.100000000000001
endloop
endfacet
facet normal 0 0 1
outer loop
vertex 215.7375133000001 -134.03425919999907 5.1
vertex 214.78080471908737 -133.2245603687225 5.100000000000001
vertex 214.3485877174516 -133.4555851692445 5.1
endloop
endfacet
facet normal 0 0 1
outer loop
vertex 215.7375133000001 -134.03425919999907 5.1
vertex 214.3485877174516 -133.4555851692445 5.1
vertex 213.96974634703298 -133.76649224703277 5.100000000000001
endloop
endfacet
facet normal 0 0 1
outer loop
vertex 215.7375133000001 -134.03425919999907 5.1
vertex 213.96974634703298 -133.76649224703277 5.100000000000001
vertex 213.74999568785046 -134.03425919999833 5.1
endloop
endfacet
facet normal 0 0 1
outer loop
vertex 182.18772580504097 -119.60196320100968 5.1
vertex 182.65670858091335 -119.45969883127984 5.1
vertex 183.08892558254928 -119.22867403075716 5.1
endloop
endfacet
facet normal 0 0 1
outer loop
vertex 182.18772580504097 -119.60196320100968 5.1
vertex 183.08892558254928 -119.22867403075716 5.1
vertex 183.4677669529674 -118.91776695296743 5.100000000000001
endloop
endfacet
facet normal 0 0 1
outer loop
vertex 182.18772580504097 -119.60196320100968 5.1
vertex 183.4677669529674 -118.91776695296743 5.100000000000001
vertex 183.68751761215125 -118.64999999999986 5.1
endloop
endfacet
facet normal 0 0 1
outer loop
vertex 182.18772580504097 -119.60196320100968 5.1
vertex 183.68751761215125 -118.64999999999986 5.1
vertex 181.7 -118.65000000000039 5.1
endloop
endfacet
facet normal 0 0 1
outer loop
vertex 182.18772580504097 -119.60196320100968 5.1
vertex 181.7 -118.65000000000039 5.1
vertex 179.71248238784915 -118.64999999999986 5.1
endloop
endfacet
facet normal 0 0 1
outer loop
vertex 182.18772580504097 -119.60196320100968 5.1
vertex 179.71248238784915 -118.64999999999986 5.1
vertex 179.93223304703253 -118.91776695296717 5.1
endloop
endfacet
facet normal 0 0 1
outer loop
vertex 182.18772580504097 -119.60196320100968 5.1
vertex 179.93223304703253 -118.91776695296717 5.1
vertex 180.31107441744987 -119.22867403075767 5.1
endloop
endfacet
facet normal 0 0 1
outer loop
vertex 182.18772580504097 -119.60196320100968 5.1
vertex 180.31107441744987 -119.22867403075767 5.1
vertex 180.7432914190882 -119.45969883127651 5.100000000000001
endloop
endfacet
facet normal 0 0 1
outer loop
vertex 182.18772580504097 -119.60196320100968 5.1
vertex 180.7432914190882 -119.45969883127651 5.100000000000001
vertex 181.21227419495943 -119.6019632010086 5.100000000000001
endloop
endfacet
facet normal 0 0 1
outer loop
vertex 182.18772580504097 -119.60196320100968 5.1
vertex 181.21227419495943 -119.6019632010086 5.100000000000001
vertex 181.69999999999987 -119.650000000001 5.1
endloop
endfacet
facet normal 0 0 1
outer loop
vertex 181.7 -118.65000000000039 5.1
vertex 181.4073645169757 -118.62117792060536 5.1
vertex 179.68882871858162 -118.62117792060405 5.1
endloop
endfacet
facet normal 0 0 1
outer loop
vertex 181.7 -118.65000000000039 5.1
vertex 179.68882871858162 -118.62117792060405 5.1
vertex 179.71248238784915 -118.64999999999986 5.1
endloop
endfacet
facet normal 0 0 1
outer loop
vertex 183.68751761215125 -118.64999999999986 5.1
vertex 183.7111712814188 -118.62117792060405 5.1
vertex 181.99263548302412 -118.6211779206042 5.1
endloop
endfacet
facet normal 0 0 1
outer loop
vertex 183.68751761215125 -118.64999999999986 5.1
vertex 181.99263548302412 -118.6211779206042 5.1
vertex 181.7 -118.65000000000039 5.1
endloop
endfacet
facet normal 0 0 1
outer loop
vertex 181.4073645169757 -118.62117792060536 5.1
vertex 181.1259748514531 -118.53581929876565 5.1
vertex 179.6196656259731 -118.53581929877039 5.1
endloop
endfacet
facet normal 0 0 1
outer loop
vertex 181.4073645169757 -118.62117792060536 5.1
vertex 179.6196656259731 -118.53581929877039 5.1
vertex 179.62132596924425 -118.53892558254896 5.100000000000001
endloop
endfacet
facet normal 0 0 1
outer loop
vertex 181.4073645169757 -118.62117792060536 5.1
vertex 179.62132596924425 -118.53892558254896 5.100000000000001
vertex 179.68882871858162 -118.62117792060405 5.1
endloop
endfacet
facet normal 0 0 1
outer loop
vertex 183.7111712814188 -118.62117792060405 5.1
vertex 183.77867403075612 -118.53892558254914 5.100000000000001
vertex 183.7803343740273 -118.53581929877039 5.1
endloop
endfacet
facet normal 0 0 1
outer loop
vertex 183.7111712814188 -118.62117792060405 5.1
vertex 183.7803343740273 -118.53581929877039 5.1
vertex 182.2740251485475 -118.5358192987666 5.1
endloop
endfacet
facet normal 0 0 1
outer loop
vertex 183.7111712814188 -118.62117792060405 5.1
vertex 182.2740251485475 -118.5358192987666 5.1
vertex 181.99263548302412 -118.6211779206042 5.1
endloop
endfacet
facet normal 0 0 1
outer loop
vertex 181.1259748514531 -118.53581929876565 5.1
vertex 180.86664465047133 -118.39720441845253 5.1
vertex 179.54557442883154 -118.39720441844577 5.1
endloop
endfacet
facet normal 0 0 1
outer loop
vertex 181.1259748514531 -118.53581929876565 5.1
vertex 179.54557442883154 -118.39720441844577 5.1
vertex 179.6196656259731 -118.53581929877039 5.1
endloop
endfacet
facet normal 0 0 1
outer loop
vertex 183.7803343740273 -118.53581929877039 5.1
vertex 183.85442557116934 -118.39720441844577 5.1
vertex 182.53335534953024 -118.3972044184554 5.1
endloop
endfacet
facet normal 0 0 1
outer loop
vertex 183.7803343740273 -118.53581929877039 5.1
vertex 182.53335534953024 -118.3972044184554 5.1
vertex 182.2740251485475 -118.5358192987666 5.1
endloop
endfacet
facet normal 0 0 1
outer loop
vertex 180.86664465047133 -118.39720441845253 5.1
vertex 180.63933982821976 -118.21066017178018 5.100000000000001
vertex 179.4458644516435 -118.21066017178327 5.1
endloop
endfacet
facet normal 0 0 1
outer loop
vertex 180.86664465047133 -118.39720441845253 5.1
vertex 179.4458644516435 -118.21066017178327 5.1
vertex 179.54557442883154 -118.39720441844577 5.1
endloop
endfacet
facet normal 0 0 1
outer loop
vertex 183.85442557116934 -118.39720441844577 5.1
vertex 183.9541355483581 -118.21066017178327 5.1
vertex 182.7606601717791 -118.21066017177893 5.100000000000001
endloop
endfacet
facet normal 0 0 1
outer loop
vertex 183.85442557116934 -118.39720441844577 5.1
vertex 182.7606601717791 -118.21066017177893 5.100000000000001
vertex 182.53335534953024 -118.3972044184554 5.1
endloop
endfacet
facet normal 0 0 1
outer loop
vertex 180.63933982821976 -118.21066017178018 5.100000000000001
vertex 180.45279558154215 -117.98335534953159 5.1
vertex 179.35288237506597 -117.98335534951383 5.1
endloop
endfacet
facet normal 0 0 1
outer loop
vertex 180.63933982821976 -118.21066017178018 5.100000000000001
vertex 179.35288237506597 -117.98335534951383 5.1
vertex 179.39030116872337 -118.10670858091214 5.1
endloop
endfacet
facet normal 0 0 1
outer loop
vertex 180.63933982821976 -118.21066017178018 5.100000000000001
vertex 179.39030116872337 -118.10670858091214 5.1
vertex 179.4458644516435 -118.21066017178327 5.1
endloop
endfacet
facet normal 0 0 1
outer loop
vertex 183.9541355483581 -118.21066017178327 5.1
vertex 184.00969883127829 -118.10670858091265 5.1
vertex 184.0471176249353 -117.98335534951383 5.1
endloop
endfacet
facet normal 0 0 1
outer loop
vertex 183.9541355483581 -118.21066017178327 5.1
vertex 184.0471176249353 -117.98335534951383 5.1
vertex 182.94720441845345 -117.98335534952913 5.1
endloop
endfacet
facet normal 0 0 1
outer loop
vertex 183.9541355483581 -118.21066017178327 5.1
vertex 182.94720441845345 -117.98335534952913 5.1
vertex 182.7606601717791 -118.21066017177893 5.100000000000001
endloop
endfacet
facet normal 0 0 1
outer loop
vertex 180.45279558154215 -117.98335534953159 5.1
vertex 180.3141807012309 -117.72402514854828 5.1
vertex 179.27421541864672 -117.72402514855993 5.1
endloop
endfacet
facet normal 0 0 1
outer loop
vertex 180.45279558154215 -117.98335534953159 5.1
vertex 179.27421541864672 -117.72402514855993 5.1
vertex 179.35288237506597 -117.98335534951383 5.1
endloop
endfacet
facet normal 0 0 1
outer loop
vertex 184.0471176249353 -117.98335534951383 5.1
vertex 184.12578458135383 -117.72402514855993 5.1
vertex 183.0858192987678 -117.72402514854812 5.100000000000001
endloop
endfacet
facet normal 0 0 1
outer loop
vertex 184.0471176249353 -117.98335534951383 5.1
vertex 183.0858192987678 -117.72402514854812 5.100000000000001
vertex 182.94720441845345 -117.98335534952913 5.1
endloop
endfacet
facet normal 0 0 1
outer loop
vertex 180.3141807012309 -117.72402514854828 5.1
vertex 180.2288220793975 -117.44263548302399 5.1
vertex 179.22882207939767 -117.44263548304733 5.1
endloop
endfacet
facet normal 0 0 1
outer loop
vertex 180.3141807012309 -117.72402514854828 5.1
vertex 179.22882207939767 -117.44263548304733 5.1
vertex 179.24803679899233 -117.63772580504033 5.100000000000001
endloop
endfacet
facet normal 0 0 1
outer loop
vertex 180.3141807012309 -117.72402514854828 5.1
vertex 179.24803679899233 -117.63772580504033 5.100000000000001
vertex 179.27421541864672 -117.72402514855993 5.1
endloop
endfacet
facet normal 0 0 1
outer loop
vertex 184.12578458135383 -117.72402514855993 5.1
vertex 184.15196320100793 -117.63772580504039 5.100000000000001
vertex 184.17117792060242 -117.44263548304733 5.1
endloop
endfacet
facet normal 0 0 1
outer loop
vertex 184.12578458135383 -117.72402514855993 5.1
vertex 184.17117792060242 -117.44263548304733 5.1
vertex 183.17117792060358 -117.44263548302408 5.1
endloop
endfacet
facet normal 0 0 1
outer loop
vertex 184.12578458135383 -117.72402514855993 5.1
vertex 183.17117792060358 -117.44263548302408 5.1
vertex 183.0858192987678 -117.72402514854812 5.100000000000001
endloop
endfacet
facet normal 0 0 1
outer loop
vertex 180.2288220793975 -117.44263548302399 5.1
vertex 180.19999999999797 -117.14999999999982 5.1
vertex 179.2 -117.14999999999989 5.100000000000001
endloop
endfacet
facet normal 0 0 1
outer loop
vertex 180.2288220793975 -117.44263548302399 5.1
vertex 179.2 -117.14999999999989 5.100000000000001
vertex 179.22882207939767 -117.44263548304733 5.1
endloop
endfacet
facet normal 0 0 1
outer loop
vertex 184.17117792060242 -117.44263548304733 5.1
vertex 184.19999999999987 -117.14999999999989 5.100000000000001
vertex 183.19999999999874 -117.14999999999989 5.1
endloop
endfacet
facet normal 0 0 1
outer loop
vertex 184.17117792060242 -117.44263548304733 5.1
vertex 183.19999999999874 -117.14999999999989 5.1
vertex 183.17117792060358 -117.44263548302408 5.1
endloop
endfacet
facet normal 0 0 1
outer loop
vertex 180.19999999999797 -117.14999999999982 5.1
vertex 180.22882207939585 -116.85736451697602 5.1
vertex 179.22882207939287 -116.85736451699512 5.1
endloop
endfacet
facet normal 0 0 1
outer loop
vertex 180.19999999999797 -117.14999999999982 5.1
vertex 179.22882207939287 -116.85736451699512 5.1
vertex 179.2 -117.14999999999989 5.100000000000001
endloop
endfacet
facet normal 0 0 1
outer loop
vertex 184.19999999999987 -117.14999999999989 5.100000000000001
vertex 184.17117792060694 -116.85736451699512 5.1
vertex 183.17117792060677 -116.85736451697562 5.1
endloop
endfacet
facet normal 0 0 1
outer loop
vertex 184.19999999999987 -117.14999999999989 5.100000000000001
vertex 183.17117792060677 -116.85736451697562 5.1
vertex 183.19999999999874 -117.14999999999989 5.1
endloop
endfacet
facet normal 0 0 1
outer loop
vertex 180.22882207939585 -116.85736451697602 5.1
vertex 180.3141807012315 -116.57597485145155 5.1
vertex 179.27421541864302 -116.57597485144856 5.1
endloop
endfacet
facet normal 0 0 1
outer loop
vertex 180.22882207939585 -116.85736451697602 5.1
vertex 179.27421541864302 -116.57597485144856 5.1
vertex 179.24803679899134 -116.66227419495951 5.1
endloop
endfacet
facet normal 0 0 1
outer loop
vertex 180.22882207939585 -116.85736451697602 5.1
vertex 179.24803679899134 -116.66227419495951 5.1
vertex 179.22882207939287 -116.85736451699512 5.1
endloop
endfacet
facet normal 0 0 1
outer loop
vertex 184.17117792060694 -116.85736451699512 5.1
vertex 184.15196320100847 -116.66227419495965 5.1
vertex 184.12578458135764 -116.57597485144856 5.1
endloop
endfacet
facet normal 0 0 1
outer loop
vertex 184.17117792060694 -116.85736451699512 5.1
vertex 184.12578458135764 -116.57597485144856 5.1
vertex 183.08581929876505 -116.57597485145293 5.1
endloop
endfacet
facet normal 0 0 1
outer loop
vertex 184.17117792060694 -116.85736451699512 5.1
vertex 183.08581929876505 -116.57597485145293 5.1
vertex 183.17117792060677 -116.85736451697562 5.1
endloop
endfacet
facet normal 0 0 1
outer loop
vertex 180.3141807012315 -116.57597485145155 5.1
vertex 180.45279558154644 -116.3166446504708 5.1
vertex 179.3528823750698 -116.31664465046866 5.1
endloop
endfacet
facet normal 0 0 1
outer loop
vertex 180.3141807012315 -116.57597485145155 5.1
vertex 179.3528823750698 -116.31664465046866 5.1
vertex 179.27421541864302 -116.57597485144856 5.1
endloop
endfacet
facet normal 0 0 1
outer loop
vertex 184.12578458135764 -116.57597485144856 5.1
vertex 184.0471176249334 -116.31664465046866 5.1
vertex 182.947204418453 -116.31664465047109 5.100000000000001
endloop
endfacet
facet normal 0 0 1
outer loop
vertex 184.12578458135764 -116.57597485144856 5.1
vertex 182.947204418453 -116.31664465047109 5.100000000000001
vertex 183.08581929876505 -116.57597485145293 5.1
endloop
endfacet
facet normal 0 0 1
outer loop
vertex 180.45279558154644 -116.3166446504708 5.1
vertex 180.63933982821945 -116.08933982821932 5.100000000000001
vertex 179.44586445164276 -116.08933982821468 5.1
endloop
endfacet
facet normal 0 0 1
outer loop
vertex 180.45279558154644 -116.3166446504708 5.1
vertex 179.44586445164276 -116.08933982821468 5.1
vertex 179.39030116872215 -116.19329141908742 5.1
endloop
endfacet
facet normal 0 0 1
outer loop
vertex 180.45279558154644 -116.3166446504708 5.1
vertex 179.39030116872215 -116.19329141908742 5.1
vertex 179.3528823750698 -116.31664465046866 5.1
endloop
endfacet
facet normal 0 0 1
outer loop
vertex 184.0471176249334 -116.31664465046866 5.1
vertex 184.0096988312823 -116.19329141908602 5.1
vertex 183.9541355483605 -116.08933982821468 5.1
endloop
endfacet
facet normal 0 0 1
outer loop
vertex 184.0471176249334 -116.31664465046866 5.1
vertex 183.9541355483605 -116.08933982821468 5.1
vertex 182.76066017177948 -116.08933982822046 5.1
endloop
endfacet
facet normal 0 0 1
outer loop
vertex 184.0471176249334 -116.31664465046866 5.1
vertex 182.76066017177948 -116.08933982822046 5.1
vertex 182.947204418453 -116.31664465047109 5.100000000000001
endloop
endfacet
facet normal 0 0 1
outer loop
vertex 180.63933982821945 -116.08933982821932 5.100000000000001
vertex 180.86664465047045 -115.90279558154592 5.1
vertex 179.54557442883382 -115.90279558154793 5.1
endloop
endfacet
facet normal 0 0 1
outer loop
vertex 180.63933982821945 -116.08933982821932 5.100000000000001
vertex 179.54557442883382 -115.90279558154793 5.1
vertex 179.44586445164276 -116.08933982821468 5.1
endloop
endfacet
facet normal 0 0 1
outer loop
vertex 183.9541355483605 -116.08933982821468 5.1
vertex 183.85442557116733 -115.90279558154793 5.1
vertex 182.53335534953086 -115.90279558154438 5.1
endloop
endfacet
facet normal 0 0 1
outer loop
vertex 183.9541355483605 -116.08933982821468 5.1
vertex 182.53335534953086 -115.90279558154438 5.1
vertex 182.76066017177948 -116.08933982822046 5.1
endloop
endfacet
facet normal 0 0 1
outer loop
vertex 180.86664465047045 -115.90279558154592 5.1
vertex 181.12597485145224 -115.7641807012327 5.1
vertex 179.61966562597115 -115.76418070123222 5.1
endloop
endfacet
facet normal 0 0 1
outer loop
vertex 180.86664465047045 -115.90279558154592 5.1
vertex 179.61966562597115 -115.76418070123222 5.1
vertex 179.54557442883382 -115.90279558154793 5.1
endloop
endfacet
facet normal 0 0 1
outer loop
vertex 183.85442557116733 -115.90279558154793 5.1
vertex 183.78033437402843 -115.76418070123222 5.1
vertex 182.27402514854623 -115.76418070123574 5.100000000000001
endloop
endfacet
facet normal 0 0 1
outer loop
vertex 183.85442557116733 -115.90279558154793 5.1
vertex 182.27402514854623 -115.76418070123574 5.100000000000001
vertex 182.53335534953086 -115.90279558154438 5.1
endloop
endfacet
facet normal 0 0 1
outer loop
vertex 181.12597485145224 -115.7641807012327 5.1
vertex 181.40736451697572 -115.67882207939391 5.1
vertex 179.68882871858435 -115.67882207939259 5.1
endloop
endfacet
facet normal 0 0 1
outer loop
vertex 181.12597485145224 -115.7641807012327 5.1
vertex 179.68882871858435 -115.67882207939259 5.1
vertex 179.62132596924351 -115.76107441745096 5.100000000000001
endloop
endfacet
facet normal 0 0 1
outer loop
vertex 181.12597485145224 -115.7641807012327 5.1
vertex 179.62132596924351 -115.76107441745096 5.100000000000001
vertex 179.61966562597115 -115.76418070123222 5.1
endloop
endfacet
facet normal 0 0 1
outer loop
vertex 183.78033437402843 -115.76418070123222 5.1
vertex 183.77867403075604 -115.76107441745125 5.1
vertex 183.71117128141555 -115.67882207939259 5.1
endloop
endfacet
facet normal 0 0 1
outer loop
vertex 183.78033437402843 -115.76418070123222 5.1
vertex 183.71117128141555 -115.67882207939259 5.1
vertex 181.99263548302375 -115.67882207939661 5.1
endloop
endfacet
facet normal 0 0 1
outer loop
vertex 183.78033437402843 -115.76418070123222 5.1
vertex 181.99263548302375 -115.67882207939661 5.1
vertex 182.27402514854623 -115.76418070123574 5.100000000000001
endloop
endfacet
facet normal 0 0 1
outer loop
vertex 181.40736451697572 -115.67882207939391 5.1
vertex 181.7000000000001 -115.6499999999988 5.1
vertex 179.71248238785043 -115.64999999999876 5.1
endloop
endfacet
facet normal 0 0 1
outer loop
vertex 181.40736451697572 -115.67882207939391 5.1
vertex 179.71248238785043 -115.64999999999876 5.1
vertex 179.68882871858435 -115.67882207939259 5.1
endloop
endfacet
facet normal 0 0 1
outer loop
vertex 183.71117128141555 -115.67882207939259 5.1
vertex 183.68751761214955 -115.64999999999876 5.1
vertex 181.7000000000001 -115.6499999999988 5.1
endloop
endfacet
facet normal 0 0 1
outer loop
vertex 183.71117128141555 -115.67882207939259 5.1
vertex 181.7000000000001 -115.6499999999988 5.1
vertex 181.99263548302375 -115.67882207939661 5.1
endloop
endfacet
facet normal 0 0 1
outer loop
vertex 181.7000000000001 -115.6499999999988 5.1
vertex 183.68751761214955 -115.64999999999876 5.1
vertex 183.46776695296697 -115.38223304703324 5.1
endloop
endfacet
facet normal 0 0 1
outer loop
vertex 181.7000000000001 -115.6499999999988 5.1
vertex 183.46776695296697 -115.38223304703324 5.1
vertex 183.08892558254902 -115.07132596924359 5.1
endloop
endfacet
facet normal 0 0 1
outer loop
vertex 181.7000000000001 -115.6499999999988 5.1
vertex 183.08892558254902 -115.07132596924359 5.1
vertex 182.65670858091084 -114.84030116872518 5.1
endloop
endfacet
facet normal 0 0 1
outer loop
vertex 181.7000000000001 -115.6499999999988 5.1
vertex 182.65670858091084 -114.84030116872518 5.1
vertex 182.1877258050403 -114.6980367989924 5.100000000000001
endloop
endfacet
facet normal 0 0 1
outer loop
vertex 181.7000000000001 -115.6499999999988 5.1
vertex 182.1877258050403 -114.6980367989924 5.100000000000001
vertex 181.70000000000005 -114.65000000000052 5.1
endloop
endfacet
facet normal 0 0 1
outer loop
vertex 181.7000000000001 -115.6499999999988 5.1
vertex 181.70000000000005 -114.65000000000052 5.1
vertex 181.21227419495955 -114.69803679899172 5.1
endloop
endfacet
facet normal 0 0 1
outer loop
vertex 181.7000000000001 -115.6499999999988 5.1
vertex 181.21227419495955 -114.69803679899172 5.1
vertex 180.74329141908777 -114.84030116872344 5.1
endloop
endfacet
facet normal 0 0 1
outer loop
vertex 181.7000000000001 -115.6499999999988 5.1
vertex 180.74329141908777 -114.84030116872344 5.1
vertex 180.31107441745112 -115.07132596924382 5.1
endloop
endfacet
facet normal 0 0 1
outer loop
vertex 181.7000000000001 -115.6499999999988 5.1
vertex 180.31107441745112 -115.07132596924382 5.1
vertex 179.93223304703406 -115.38223304703415 5.100000000000001
endloop
endfacet
facet normal 0 0 1
outer loop
vertex 181.7000000000001 -115.6499999999988 5.1
vertex 179.93223304703406 -115.38223304703415 5.100000000000001
vertex 179.71248238785043 -115.64999999999876 5.1
endloop
endfacet
facet normal 0 0 1
outer loop
vertex 128.98772580504033 -112.95196320100743 5.1
vertex 129.45670858091304 -112.80969883127929 5.1
vertex 129.88892558254818 -112.57867403075497 5.1
endloop
endfacet
facet normal 0 0 1
outer loop
vertex 128.98772580504033 -112.95196320100743 5.1
vertex 129.88892558254818 -112.57867403075497 5.1
vertex 130.26776695296653 -112.26776695296661 5.100000000000001
endloop
endfacet
facet normal 0 0 1
outer loop
vertex 128.98772580504033 -112.95196320100743 5.1
vertex 130.26776695296653 -112.26776695296661 5.100000000000001
vertex 130.48751761214956 -112.00000000000077 5.1
endloop
endfacet
facet normal 0 0 1
outer loop
vertex 128.98772580504033 -112.95196320100743 5.1
vertex 130.48751761214956 -112.00000000000077 5.1
vertex 128.50000000000006 -111.99999999999913 5.1
endloop
endfacet
facet normal 0 0 1
outer loop
vertex 128.98772580504033 -112.95196320100743 5.1
vertex 128.50000000000006 -111.99999999999913 5.1
vertex 126.51248238785274 -112.00000000000077 5.1
endloop
endfacet
facet normal 0 0 1
outer loop
vertex 128.98772580504033 -112.95196320100743 5.1
vertex 126.51248238785274 -112.00000000000077 5.1
vertex 126.73223304703481 -112.26776695296552 5.099999999999998
endloop
endfacet
facet normal 0 0 1
outer loop
vertex 128.98772580504033 -112.95196320100743 5.1
vertex 126.73223304703481 -112.26776695296552 5.099999999999998
vertex 127.11107441744981 -112.57867403075777 5.100000000000001
endloop
endfacet
facet normal 0 0 1
outer loop
vertex 128.98772580504033 -112.95196320100743 5.1
vertex 127.11107441744981 -112.57867403075777 5.100000000000001
vertex 127.54329141908511 -112.80969883128216 5.100000000000001
endloop
endfacet
facet normal 0 0 1
outer loop
vertex 128.98772580504033 -112.95196320100743 5.1
vertex 127.54329141908511 -112.80969883128216 5.100000000000001
vertex 128.01227419495947 -112.95196320100891 5.1
endloop
endfacet
facet normal 0 0 1
outer loop
vertex 128.98772580504033 -112.95196320100743 5.1
vertex 128.01227419495947 -112.95196320100891 5.1
vertex 128.4999999999999 -113.00000000000091 5.1
endloop
endfacet
facet normal 0 0 1
outer loop
vertex 128.50000000000006 -111.99999999999913 5.1
vertex 128.20736451697573 -111.97117792060521 5.1
vertex 126.48882871858382 -111.97117792060337 5.1
endloop
endfacet
facet normal 0 0 1
outer loop
vertex 128.50000000000006 -111.99999999999913 5.1
vertex 126.48882871858382 -111.97117792060337 5.1
vertex 126.51248238785274 -112.00000000000077 5.1
endloop
endfacet
facet normal 0 0 1
outer loop
vertex 130.48751761214956 -112.00000000000077 5.1
vertex 130.5111712814185 -111.97117792060337 5.1
vertex 128.79263548302444 -111.97117792060726 5.1
endloop
endfacet
facet normal 0 0 1
outer loop
vertex 130.48751761214956 -112.00000000000077 5.1
vertex 128.79263548302444 -111.97117792060726 5.1
vertex 128.50000000000006 -111.99999999999913 5.1
endloop
endfacet
facet normal 0 0 1
outer loop
vertex 128.20736451697573 -111.97117792060521 5.1
vertex 127.9259748514531 -111.88581929876558 5.1
vertex 126.4196656259752 -111.8858192987701 5.1
endloop
endfacet
facet normal 0 0 1
outer loop
vertex 128.20736451697573 -111.97117792060521 5.1
vertex 126.4196656259752 -111.8858192987701 5.1
vertex 126.42132596924581 -111.88892558254778 5.100000000000001
endloop
endfacet
facet normal 0 0 1
outer loop
vertex 128.20736451697573 -111.97117792060521 5.1
vertex 126.42132596924581 -111.88892558254778 5.100000000000001
vertex 126.48882871858382 -111.97117792060337 5.1
endloop
endfacet
facet normal 0 0 1
outer loop
vertex 130.5111712814185 -111.97117792060337 5.1
vertex 130.57867403075653 -111.88892558254902 5.100000000000001
vertex 130.58033437402713 -111.8858192987701 5.1
endloop
endfacet
facet normal 0 0 1
outer loop
vertex 130.5111712814185 -111.97117792060337 5.1
vertex 130.58033437402713 -111.8858192987701 5.1
vertex 129.07402514854755 -111.88581929876666 5.1
endloop
endfacet
facet normal 0 0 1
outer loop
vertex 130.5111712814185 -111.97117792060337 5.1
vertex 129.07402514854755 -111.88581929876666 5.1
vertex 128.79263548302444 -111.97117792060726 5.1
endloop
endfacet
facet normal 0 0 1
outer loop
vertex 127.9259748514531 -111.88581929876558 5.1
vertex 127.66664465047124 -111.74720441845315 5.100000000000001
vertex 126.34557442883514 -111.74720441845108 5.1
endloop
endfacet
facet normal 0 0 1
outer loop
vertex 127.9259748514531 -111.88581929876558 5.1
vertex 126.34557442883514 -111.74720441845108 5.1
vertex 126.4196656259752 -111.8858192987701 5.1
endloop
endfacet
facet normal 0 0 1
outer loop
vertex 130.58033437402713 -111.8858192987701 5.1
vertex 130.6544255711661 -111.74720441845108 5.1
vertex 129.33335534952892 -111.7472044184529 5.1
endloop
endfacet
facet normal 0 0 1
outer loop
vertex 130.58033437402713 -111.8858192987701 5.1
vertex 129.33335534952892 -111.7472044184529 5.1
vertex 129.07402514854755 -111.88581929876666 5.1
endloop
endfacet
facet normal 0 0 1
outer loop
vertex 127.66664465047124 -111.74720441845315 5.100000000000001
vertex 127.43933982822068 -111.56066017177947 5.1
vertex 126.24586445163942 -111.56066017177807 5.1
endloop
endfacet
facet normal 0 0 1
outer loop
vertex 127.66664465047124 -111.74720441845315 5.100000000000001
vertex 126.24586445163942 -111.56066017177807 5.1
vertex 126.34557442883514 -111.74720441845108 5.1
endloop
endfacet
facet normal 0 0 1
outer loop
vertex 130.6544255711661 -111.74720441845108 5.1
vertex 130.7541355483603 -111.56066017177807 5.1
vertex 129.56066017177886 -111.56066017177865 5.100000000000001
endloop
endfacet
facet normal 0 0 1
outer loop
vertex 130.6544255711661 -111.74720441845108 5.1
vertex 129.56066017177886 -111.56066017177865 5.100000000000001
vertex 129.33335534952892 -111.7472044184529 5.1
endloop
endfacet
facet normal 0 0 1
outer loop
vertex 127.43933982822068 -111.56066017177947 5.1
vertex 127.25279558154898 -111.33335534952792 5.1
vertex 126.15288237507217 -111.33335534953925 5.1
endloop
endfacet
facet normal 0 0 1
outer loop
vertex 127.43933982822068 -111.56066017177947 5.1
vertex 126.15288237507217 -111.33335534953925 5.1
vertex 126.19030116872136 -111.45670858091283 5.1
endloop
endfacet
facet normal 0 0 1
outer loop
vertex 127.43933982822068 -111.56066017177947 5.1
vertex 126.19030116872136 -111.45670858091283 5.1
vertex 126.24586445163942 -111.56066017177807 5.1
endloop
endfacet
facet normal 0 0 1
outer loop
vertex 130.7541355483603 -111.56066017177807 5.1
vertex 130.80969883127753 -111.45670858091233 5.1
vertex 130.84711762492697 -111.33335534953925 5.1
endloop
endfacet
facet normal 0 0 1
outer loop
vertex 130.7541355483603 -111.56066017177807 5.1
vertex 130.84711762492697 -111.33335534953925 5.1
vertex 129.7472044184538 -111.33335534952938 5.1
endloop
endfacet
facet normal 0 0 1
outer loop
vertex 130.7541355483603 -111.56066017177807 5.1
vertex 129.7472044184538 -111.33335534952938 5.1
vertex 129.56066017177886 -111.56066017177865 5.100000000000001
endloop
endfacet
facet normal 0 0 1
outer loop
vertex 127.25279558154898 -111.33335534952792 5.1
vertex 127.1141807012311 -111.07402514854823 5.100000000000001
vertex 126.07421541863508 -111.0740251485228 5.1
endloop
endfacet
facet normal 0 0 1
outer loop
vertex 127.25279558154898 -111.33335534952792 5.1
vertex 126.07421541863508 -111.0740251485228 5.1
vertex 126.15288237507217 -111.33335534953925 5.1
endloop
endfacet
facet normal 0 0 1
outer loop
vertex 130.84711762492697 -111.33335534953925 5.1
vertex 130.92578458136458 -111.0740251485228 5.1
vertex 129.88581929876818 -111.07402514854832 5.100000000000001
endloop
endfacet
facet normal 0 0 1
outer loop
vertex 130.84711762492697 -111.33335534953925 5.1
vertex 129.88581929876818 -111.07402514854832 5.100000000000001
vertex 129.7472044184538 -111.33335534952938 5.1
endloop
endfacet
facet normal 0 0 1
outer loop
vertex 127.1141807012311 -111.07402514854823 5.100000000000001
vertex 127.02882207939307 -110.79263548302441 5.1
vertex 126.02882207939535 -110.79263548302441 5.1
endloop
endfacet
facet normal 0 0 1
outer loop
vertex 127.1141807012311 -111.07402514854823 5.100000000000001
vertex 126.02882207939535 -110.79263548302441 5.1
vertex 126.04803679899236 -110.98772580504038 5.100000000000001
endloop
endfacet
facet normal 0 0 1
outer loop
vertex 127.1141807012311 -111.07402514854823 5.100000000000001
vertex 126.04803679899236 -110.98772580504038 5.100000000000001
vertex 126.07421541863508 -111.0740251485228 5.1
endloop
endfacet
facet normal 0 0 1
outer loop
vertex 130.92578458136458 -111.0740251485228 5.1
vertex 130.95196320100746 -110.98772580504034 5.1
vertex 130.97117792060422 -110.79263548302441 5.1
endloop
endfacet
facet normal 0 0 1
outer loop
vertex 130.92578458136458 -111.0740251485228 5.1
vertex 130.97117792060422 -110.79263548302441 5.1
vertex 129.97117792060422 -110.79263548302416 5.1
endloop
endfacet
facet normal 0 0 1
outer loop
vertex 130.92578458136458 -111.0740251485228 5.1
vertex 129.97117792060422 -110.79263548302416 5.1
vertex 129.88581929876818 -111.07402514854832 5.100000000000001
endloop
endfacet
facet normal 0 0 1
outer loop
vertex 127.02882207939307 -110.79263548302441 5.1
vertex 126.99999999999785 -110.4999999999998 5.1
vertex 125.9999999999998 -110.4999999999998 5.100000000000001
endloop
endfacet
facet normal 0 0 1
outer loop
vertex 127.02882207939307 -110.79263548302441 5.1
vertex 125.9999999999998 -110.4999999999998 5.100000000000001
vertex 126.02882207939535 -110.79263548302441 5.1
endloop
endfacet
facet normal 0 0 1
outer loop
vertex 130.97117792060422 -110.79263548302441 5.1
vertex 130.9999999999994 -110.49999999999976 5.1
vertex 129.99999999999937 -110.49999999999994 5.1
endloop
endfacet
facet normal 0 0 1
outer loop
vertex 130.97117792060422 -110.79263548302441 5.1
vertex 129.99999999999937 -110.49999999999994 5.1
vertex 129.97117792060422 -110.79263548302416 5.1
endloop
endfacet
facet normal 0 0 1
outer loop
vertex 126.99999999999785 -110.4999999999998 5.1
vertex 127.02882207939437 -110.20736451697556 5.100000000000001
vertex 126.0288220793954 -110.20736451696935 5.1
endloop
endfacet
facet normal 0 0 1
outer loop
vertex 126.99999999999785 -110.4999999999998 5.1
vertex 126.0288220793954 -110.20736451696935 5.1
vertex 125.9999999999998 -110.4999999999998 5.100000000000001
endloop
endfacet
facet normal 0 0 1
outer loop
vertex 130.9999999999994 -110.49999999999976 5.1
vertex 130.97117792060408 -110.20736451696935 5.1
vertex 129.9711779206047 -110.2073645169758 5.1
endloop
endfacet
facet normal 0 0 1
outer loop
vertex 130.9999999999994 -110.49999999999976 5.1
vertex 129.9711779206047 -110.2073645169758 5.1
vertex 129.99999999999937 -110.49999999999994 5.1
endloop
endfacet
facet normal 0 0 1
outer loop
vertex 127.02882207939437 -110.20736451697556 5.100000000000001
vertex 127.11418070123207 -109.92597485145185 5.1
vertex 126.07421541863813 -109.92597485146408 5.1
endloop
endfacet
facet normal 0 0 1
outer loop
vertex 127.02882207939437 -110.20736451697556 5.100000000000001
vertex 126.07421541863813 -109.92597485146408 5.1
vertex 126.04803679899142 -110.01227419495964 5.100000000000001
endloop
endfacet
facet normal 0 0 1
outer loop
vertex 127.02882207939437 -110.20736451697556 5.100000000000001
vertex 126.04803679899142 -110.01227419495964 5.100000000000001
vertex 126.0288220793954 -110.20736451696935 5.1
endloop
endfacet
facet normal 0 0 1
outer loop
vertex 130.97117792060408 -110.20736451696935 5.1
vertex 130.95196320100825 -110.01227419495976 5.1
vertex 130.92578458136143 -109.92597485146408 5.1
endloop
endfacet
facet normal 0 0 1
outer loop
vertex 130.97117792060408 -110.20736451696935 5.1
vertex 130.92578458136143 -109.92597485146408 5.1
vertex 129.88581929876798 -109.92597485145205 5.1
endloop
endfacet
facet normal 0 0 1
outer loop
vertex 130.97117792060408 -110.20736451696935 5.1
vertex 129.88581929876798 -109.92597485145205 5.1
vertex 129.9711779206047 -110.2073645169758 5.1
endloop
endfacet
facet normal 0 0 1
outer loop
vertex 127.11418070123207 -109.92597485145185 5.1
vertex 127.2527955815462 -109.6666446504706 5.100000000000001
vertex 126.15288237507282 -109.66664465045552 5.1
endloop
endfacet
facet normal 0 0 1
outer loop
vertex 127.11418070123207 -109.92597485145185 5.1
vertex 126.15288237507282 -109.66664465045552 5.1
vertex 126.07421541863813 -109.92597485146408 5.1
endloop
endfacet
facet normal 0 0 1
outer loop
vertex 130.92578458136143 -109.92597485146408 5.1
vertex 130.84711762492637 -109.66664465045552 5.1
vertex 129.7472044184526 -109.66664465047126 5.100000000000001
endloop
endfacet
facet normal 0 0 1
outer loop
vertex 130.92578458136143 -109.92597485146408 5.1
vertex 129.7472044184526 -109.66664465047126 5.100000000000001
vertex 129.88581929876798 -109.92597485145205 5.1
endloop
endfacet
facet normal 0 0 1
outer loop
vertex 127.2527955815462 -109.6666446504706 5.100000000000001
vertex 127.43933982821997 -109.43933982821991 5.100000000000001
vertex 126.24586445164564 -109.43933982820789 5.1
endloop
endfacet
facet normal 0 0 1
outer loop
vertex 127.2527955815462 -109.6666446504706 5.100000000000001
vertex 126.24586445164564 -109.43933982820789 5.1
vertex 126.1903011687206 -109.54329141908664 5.1
endloop
endfacet
facet normal 0 0 1
outer loop
vertex 127.2527955815462 -109.6666446504706 5.100000000000001
vertex 126.1903011687206 -109.54329141908664 5.1
vertex 126.15288237507282 -109.66664465045552 5.1
endloop
endfacet
facet normal 0 0 1
outer loop
vertex 130.84711762492637 -109.66664465045552 5.1
vertex 130.8096988312784 -109.54329141908723 5.100000000000001
vertex 130.75413554835382 -109.43933982820789 5.1
endloop
endfacet
facet normal 0 0 1
outer loop
vertex 130.84711762492637 -109.66664465045552 5.1
vertex 130.75413554835382 -109.43933982820789 5.1
vertex 129.56066017178148 -109.43933982821883 5.1
endloop
endfacet
facet normal 0 0 1
outer loop
vertex 130.84711762492637 -109.66664465045552 5.1
vertex 129.56066017178148 -109.43933982821883 5.1
vertex 129.7472044184526 -109.66664465047126 5.100000000000001
endloop
endfacet
facet normal 0 0 1
outer loop
vertex 127.43933982821997 -109.43933982821991 5.100000000000001
vertex 127.66664465047127 -109.25279558154743 5.1
vertex 126.34557442882836 -109.2527955815584 5.1
endloop
endfacet
facet normal 0 0 1
outer loop
vertex 127.43933982821997 -109.43933982821991 5.100000000000001
vertex 126.34557442882836 -109.2527955815584 5.1
vertex 126.24586445164564 -109.43933982820789 5.1
endloop
endfacet
facet normal 0 0 1
outer loop
vertex 130.75413554835382 -109.43933982820789 5.1
vertex 130.65442557117194 -109.2527955815584 5.1
vertex 129.3333553495325 -109.25279558154243 5.1
endloop
endfacet
facet normal 0 0 1
outer loop
vertex 130.75413554835382 -109.43933982820789 5.1
vertex 129.3333553495325 -109.25279558154243 5.1
vertex 129.56066017178148 -109.43933982821883 5.1
endloop
endfacet
facet normal 0 0 1
outer loop
vertex 127.66664465047127 -109.25279558154743 5.1
vertex 127.9259748514523 -109.11418070123284 5.1
vertex 126.41966562597112 -109.11418070123375 5.1
endloop
endfacet
facet normal 0 0 1
outer loop
vertex 127.66664465047127 -109.25279558154743 5.1
vertex 126.41966562597112 -109.11418070123375 5.1
vertex 126.34557442882836 -109.2527955815584 5.1
endloop
endfacet
facet normal 0 0 1
outer loop
vertex 130.65442557117194 -109.2527955815584 5.1
vertex 130.5803343740298 -109.11418070123375 5.1
vertex 129.07402514854758 -109.11418070123321 5.100000000000001
endloop
endfacet
facet normal 0 0 1
outer loop
vertex 130.65442557117194 -109.2527955815584 5.1
vertex 129.07402514854758 -109.11418070123321 5.100000000000001
vertex 129.3333553495325 -109.25279558154243 5.1
endloop
endfacet
facet normal 0 0 1
outer loop
vertex 127.9259748514523 -109.11418070123284 5.1
vertex 128.20736451697607 -109.02882207939763 5.1
vertex 126.48882871858224 -109.02882207939615 5.1
endloop
endfacet
facet normal 0 0 1
outer loop
vertex 127.9259748514523 -109.11418070123284 5.1
vertex 126.48882871858224 -109.02882207939615 5.1
vertex 126.42132596924424 -109.11107441745139 5.1
endloop
endfacet
facet normal 0 0 1
outer loop
vertex 127.9259748514523 -109.11418070123284 5.1
vertex 126.42132596924424 -109.11107441745139 5.1
vertex 126.41966562597112 -109.11418070123375 5.1
endloop
endfacet
facet normal 0 0 1
outer loop
vertex 130.5803343740298 -109.11418070123375 5.1
vertex 130.5786740307567 -109.1110744174508 5.100000000000001
vertex 130.51117128141857 -109.02882207939615 5.1
endloop
endfacet
facet normal 0 0 1
outer loop
vertex 130.5803343740298 -109.11418070123375 5.1
vertex 130.51117128141857 -109.02882207939615 5.1
vertex 128.79263548302404 -109.02882207939552 5.1
endloop
endfacet
facet normal 0 0 1
outer loop
vertex 130.5803343740298 -109.11418070123375 5.1
vertex 128.79263548302404 -109.02882207939552 5.1
vertex 129.07402514854758 -109.11418070123321 5.100000000000001
endloop
endfacet
facet normal 0 0 1
outer loop
vertex 128.20736451697607 -109.02882207939763 5.1
vertex 128.49999999999994 -109.0000000000008 5.1
vertex 126.51248238784888 -109.00000000000165 5.1
endloop
endfacet
facet normal 0 0 1
outer loop
vertex 128.20736451697607 -109.02882207939763 5.1
vertex 126.51248238784888 -109.00000000000165 5.1
vertex 126.48882871858224 -109.02882207939615 5.1
endloop
endfacet
facet normal 0 0 1
outer loop
vertex 130.51117128141857 -109.02882207939615 5.1
vertex 130.48751761215186 -109.00000000000165 5.1
vertex 128.49999999999994 -109.0000000000008 5.1
endloop
endfacet
facet normal 0 0 1
outer loop
vertex 130.51117128141857 -109.02882207939615 5.1
vertex 128.49999999999994 -109.0000000000008 5.1
vertex 128.79263548302404 -109.02882207939552 5.1
endloop
endfacet
facet normal -2.8459921635058876e-27 -6.633965915931527e-15 1
outer loop
vertex 128.49999999999994 -109.0000000000008 5.1
vertex 130.48751761215186 -109.00000000000165 5.1
vertex 130.2677669529662 -108.7322330470339 5.100000000000001
endloop
endfacet
facet normal -2.8459921635058876e-27 -6.633965915931527e-15 1
outer loop
vertex 128.49999999999994 -109.0000000000008 5.1
vertex 130.2677669529662 -108.7322330470339 5.100000000000001
vertex 129.8889255825487 -108.42132596924398 5.1
endloop
endfacet
facet normal -2.8459921635058876e-27 -6.633965915931527e-15 1
outer loop
vertex 128.49999999999994 -109.0000000000008 5.1
vertex 129.8889255825487 -108.42132596924398 5.1
vertex 129.45670858091242 -108.19030116872223 5.1
endloop
endfacet
facet normal -2.8459921635058876e-27 -6.633965915931527e-15 1
outer loop
vertex 128.49999999999994 -109.0000000000008 5.1
vertex 129.45670858091242 -108.19030116872223 5.1
vertex 128.9877258050404 -108.04803679899186 5.100000000000001
endloop
endfacet
facet normal -2.8459921635058876e-27 -6.633965915931527e-15 1
outer loop
vertex 128.49999999999994 -109.0000000000008 5.1
vertex 128.9877258050404 -108.04803679899186 5.100000000000001
vertex 128.50000000000003 -108.00000000000037 5.1
endloop
endfacet
facet normal -2.8459921635058876e-27 -6.633965915931527e-15 1
outer loop
vertex 128.49999999999994 -109.0000000000008 5.1
vertex 128.50000000000003 -108.00000000000037 5.1
vertex 128.01227419495956 -108.04803679899126 5.1
endloop
endfacet
facet normal -2.8459921635058876e-27 -6.633965915931527e-15 1
outer loop
vertex 128.49999999999994 -109.0000000000008 5.1
vertex 128.01227419495956 -108.04803679899126 5.1
vertex 127.54329141908786 -108.1903011687235 5.100000000000001
endloop
endfacet
facet normal -2.8459921635058876e-27 -6.633965915931527e-15 1
outer loop
vertex 128.49999999999994 -109.0000000000008 5.1
vertex 127.54329141908786 -108.1903011687235 5.100000000000001
vertex 127.1110744174509 -108.42132596924344 5.1
endloop
endfacet
facet normal -2.8459921635058876e-27 -6.633965915931527e-15 1
outer loop
vertex 128.49999999999994 -109.0000000000008 5.1
vertex 127.1110744174509 -108.42132596924344 5.1
vertex 126.73223304703411 -108.73223304703414 5.1
endloop
endfacet
facet normal -2.8459921635058876e-27 -6.633965915931527e-15 1
outer loop
vertex 128.49999999999994 -109.0000000000008 5.1
vertex 126.73223304703411 -108.73223304703414 5.1
vertex 126.51248238784888 -109.00000000000165 5.1
endloop
endfacet
facet normal 5.393200509676504e-15 -1.7778999413044706e-14 1
outer loop
vertex 231.43772580504037 -95.65196320100722 5.1
vertex 231.90670858091346 -95.50969883128052 5.1
vertex 232.33892558254914 -95.27867403075665 5.100000000000001
endloop
endfacet
facet normal 5.393200509676504e-15 -1.7778999413044706e-14 1
outer loop
vertex 231.43772580504037 -95.65196320100722 5.1
vertex 232.33892558254914 -95.27867403075665 5.100000000000001
vertex 232.717766952966 -94.96776695296616 5.100000000000001
endloop
endfacet
facet normal 5.393200509676504e-15 -1.7778999413044706e-14 1
outer loop
vertex 231.43772580504037 -95.65196320100722 5.1
vertex 232.717766952966 -94.96776695296616 5.100000000000001
vertex 232.93751761214958 -94.70000000000026 5.1
endloop
endfacet
facet normal 5.393200509676504e-15 -1.7778999413044706e-14 1
outer loop
vertex 231.43772580504037 -95.65196320100722 5.1
vertex 232.93751761214958 -94.70000000000026 5.1
vertex 230.95000000000013 -94.69999999999851 5.1
endloop
endfacet
facet normal 5.393200509676504e-15 -1.7778999413044706e-14 1
outer loop
vertex 231.43772580504037 -95.65196320100722 5.1
vertex 230.95000000000013 -94.69999999999851 5.1
vertex 228.96248238785108 -94.70000000000026 5.1
endloop
endfacet
facet normal 5.393200509676504e-15 -1.7778999413044706e-14 1
outer loop
vertex 231.43772580504037 -95.65196320100722 5.1
vertex 228.96248238785108 -94.70000000000026 5.1
vertex 229.1822330470327 -94.9677669529672 5.100000000000001
endloop
endfacet
facet normal 5.393200509676504e-15 -1.7778999413044706e-14 1
outer loop
vertex 231.43772580504037 -95.65196320100722 5.1
vertex 229.1822330470327 -94.9677669529672 5.100000000000001
vertex 229.56107441745112 -95.27867403075604 5.1
endloop
endfacet
facet normal 5.393200509676504e-15 -1.7778999413044706e-14 1
outer loop
vertex 231.43772580504037 -95.65196320100722 5.1
vertex 229.56107441745112 -95.27867403075604 5.1
vertex 229.99329141908711 -95.50969883127873 5.100000000000001
endloop
endfacet
facet normal 5.393200509676504e-15 -1.7778999413044706e-14 1
outer loop
vertex 231.43772580504037 -95.65196320100722 5.1
vertex 229.99329141908711 -95.50969883127873 5.100000000000001
vertex 230.46227419495946 -95.65196320100864 5.1
endloop
endfacet
facet normal 5.393200509676504e-15 -1.7778999413044706e-14 1
outer loop
vertex 231.43772580504037 -95.65196320100722 5.1
vertex 230.46227419495946 -95.65196320100864 5.1
vertex 230.95000000000013 -95.69999999999926 5.1
endloop
endfacet
facet normal 0 0 1
outer loop
vertex 230.95000000000013 -94.69999999999851 5.1
vertex 230.6573645169756 -94.67117792060546 5.1
vertex 228.93882871858182 -94.67117792060228 5.1
endloop
endfacet
facet normal 0 0 1
outer loop
vertex 230.95000000000013 -94.69999999999851 5.1
vertex 228.93882871858182 -94.67117792060228 5.1
vertex 228.96248238785108 -94.70000000000026 5.1
endloop
endfacet
facet normal 0 0 1
outer loop
vertex 232.93751761214958 -94.70000000000026 5.1
vertex 232.96117128141904 -94.67117792060228 5.1
vertex 231.24263548302437 -94.67117792060685 5.1
endloop
endfacet
facet normal 0 0 1
outer loop
vertex 232.93751761214958 -94.70000000000026 5.1
vertex 231.24263548302437 -94.67117792060685 5.1
vertex 230.95000000000013 -94.69999999999851 5.1
endloop
endfacet
facet normal 0 0 1
outer loop
vertex 230.6573645169756 -94.67117792060546 5.1
vertex 230.37597485145267 -94.58581929876641 5.1
vertex 228.86966562597425 -94.58581929876937 5.1
endloop
endfacet
facet normal 0 0 1
outer loop
vertex 230.6573645169756 -94.67117792060546 5.1
vertex 228.86966562597425 -94.58581929876937 5.1
vertex 228.87132596924562 -94.58892558254803 5.1
endloop
endfacet
facet normal 0 0 1
outer loop
vertex 230.6573645169756 -94.67117792060546 5.1
vertex 228.87132596924562 -94.58892558254803 5.1
vertex 228.93882871858182 -94.67117792060228 5.1
endloop
endfacet
facet normal 0 0 1
outer loop
vertex 232.96117128141904 -94.67117792060228 5.1
vertex 233.02867403075575 -94.58892558254848 5.100000000000001
vertex 233.03033437402712 -94.58581929876937 5.1
endloop
endfacet
facet normal 0 0 1
outer loop
vertex 232.96117128141904 -94.67117792060228 5.1
vertex 233.03033437402712 -94.58581929876937 5.1
vertex 231.52402514854748 -94.58581929876642 5.1
endloop
endfacet
facet normal 0 0 1
outer loop
vertex 232.96117128141904 -94.67117792060228 5.1
vertex 231.52402514854748 -94.58581929876642 5.1
vertex 231.24263548302437 -94.67117792060685 5.1
endloop
endfacet
facet normal 0 0 1
outer loop
vertex 230.37597485145267 -94.58581929876641 5.1
vertex 230.1166446504721 -94.44720441845207 5.100000000000001
vertex 228.79557442883896 -94.4472044184575 5.1
endloop
endfacet
facet normal 0 0 1
outer loop
vertex 230.37597485145267 -94.58581929876641 5.1
vertex 228.79557442883896 -94.4472044184575 5.1
vertex 228.86966562597425 -94.58581929876937 5.1
endloop
endfacet
facet normal 0 0 1
outer loop
vertex 233.03033437402712 -94.58581929876937 5.1
vertex 233.1044255711623 -94.4472044184575 5.1
vertex 231.78335534953067 -94.44720441845621 5.1
endloop
endfacet
facet normal 0 0 1
outer loop
vertex 233.03033437402712 -94.58581929876937 5.1
vertex 231.78335534953067 -94.44720441845621 5.1
vertex 231.52402514854748 -94.58581929876642 5.1
endloop
endfacet
facet normal 0 0 1
outer loop
vertex 230.1166446504721 -94.44720441845207 5.100000000000001
vertex 229.88933982822317 -94.26066017177735 5.1
vertex 228.69586445164393 -94.26066017178336 5.1
endloop
endfacet
facet normal 0 0 1
outer loop
vertex 230.1166446504721 -94.44720441845207 5.100000000000001
vertex 228.69586445164393 -94.26066017178336 5.1
vertex 228.79557442883896 -94.4472044184575 5.1
endloop
endfacet
facet normal 0 0 1
outer loop
vertex 233.1044255711623 -94.4472044184575 5.1
vertex 233.20413554835716 -94.26066017178336 5.1
vertex 232.01066017177845 -94.26066017177813 5.100000000000001
endloop
endfacet
facet normal 0 0 1
outer loop
vertex 233.1044255711623 -94.4472044184575 5.1
vertex 232.01066017177845 -94.26066017177813 5.100000000000001
vertex 231.78335534953067 -94.44720441845621 5.1
endloop
endfacet
facet normal 0 0 1
outer loop
vertex 229.88933982822317 -94.26066017177735 5.1
vertex 229.7027955815513 -94.03335534952672 5.1
vertex 228.60288237507228 -94.03335534953466 5.1
endloop
endfacet
facet normal 0 0 1
outer loop
vertex 229.88933982822317 -94.26066017177735 5.1
vertex 228.60288237507228 -94.03335534953466 5.1
vertex 228.64030116872328 -94.15670858091214 5.1
endloop
endfacet
facet normal 0 0 1
outer loop
vertex 229.88933982822317 -94.26066017177735 5.1
vertex 228.64030116872328 -94.15670858091214 5.1
vertex 228.69586445164393 -94.26066017178336 5.1
endloop
endfacet
facet normal 0 0 1
outer loop
vertex 233.20413554835716 -94.26066017178336 5.1
vertex 233.25969883127757 -94.15670858091225 5.1
vertex 233.29711762492838 -94.03335534953466 5.1
endloop
endfacet
facet normal 0 0 1
outer loop
vertex 233.20413554835716 -94.26066017178336 5.1
vertex 233.29711762492838 -94.03335534953466 5.1
vertex 232.19720441845345 -94.0333553495291 5.1
endloop
endfacet
facet normal 0 0 1
outer loop
vertex 233.20413554835716 -94.26066017178336 5.1
vertex 232.19720441845345 -94.0333553495291 5.1
vertex 232.01066017177845 -94.26066017177813 5.100000000000001
endloop
endfacet
facet normal 0 0 1
outer loop
vertex 229.7027955815513 -94.03335534952672 5.1
vertex 229.56418070123135 -93.77402514854815 5.1
vertex 228.52421541863188 -93.77402514851133 5.1
endloop
endfacet
facet normal 0 0 1
outer loop
vertex 229.7027955815513 -94.03335534952672 5.1
vertex 228.52421541863188 -93.77402514851133 5.1
vertex 228.60288237507228 -94.03335534953466 5.1
endloop
endfacet
facet normal 0 0 1
outer loop
vertex 233.29711762492838 -94.03335534953466 5.1
vertex 233.37578458136838 -93.77402514851133 5.1
vertex 232.33581929876706 -93.77402514854772 5.1
endloop
endfacet
facet normal 0 0 1
outer loop
vertex 233.29711762492838 -94.03335534953466 5.1
vertex 232.33581929876706 -93.77402514854772 5.1
vertex 232.19720441845345 -94.0333553495291 5.1
endloop
endfacet
facet normal 0 0 1
outer loop
vertex 229.56418070123135 -93.77402514854815 5.1
vertex 229.47882207939648 -93.49263548302406 5.1
vertex 228.47882207939705 -93.49263548303986 5.1
endloop
endfacet
facet normal 0 0 1
outer loop
vertex 229.56418070123135 -93.77402514854815 5.1
vertex 228.47882207939705 -93.49263548303986 5.1
vertex 228.49803679899227 -93.68772580504057 5.100000000000001
endloop
endfacet
facet normal 0 0 1
outer loop
vertex 229.56418070123135 -93.77402514854815 5.1
vertex 228.49803679899227 -93.68772580504057 5.100000000000001
vertex 228.52421541863188 -93.77402514851133 5.1
endloop
endfacet
facet normal 0 0 1
outer loop
vertex 233.37578458136838 -93.77402514851133 5.1
vertex 233.40196320100785 -93.68772580504057 5.100000000000001
vertex 233.4211779206031 -93.49263548303986 5.1
endloop
endfacet
facet normal 0 0 1
outer loop
vertex 233.37578458136838 -93.77402514851133 5.1
vertex 233.4211779206031 -93.49263548303986 5.1
vertex 232.42117792060424 -93.49263548302415 5.1
endloop
endfacet
facet normal 0 0 1
outer loop
vertex 233.37578458136838 -93.77402514851133 5.1
vertex 232.42117792060424 -93.49263548302415 5.1
vertex 232.33581929876706 -93.77402514854772 5.1
endloop
endfacet
facet normal 0 0 1
outer loop
vertex 229.47882207939648 -93.49263548302406 5.1
vertex 229.44999999999936 -93.19999999999995 5.1
vertex 228.45000000000033 -93.19999999999968 5.100000000000001
endloop
endfacet
facet normal 0 0 1
outer loop
vertex 229.47882207939648 -93.49263548302406 5.1
vertex 228.45000000000033 -93.19999999999968 5.100000000000001
vertex 228.47882207939705 -93.49263548303986 5.1
endloop
endfacet
facet normal 0 0 1
outer loop
vertex 233.4211779206031 -93.49263548303986 5.1
vertex 233.44999999999982 -93.19999999999963 5.100000000000001
vertex 232.4499999999994 -93.19999999999996 5.1
endloop
endfacet
facet normal 0 0 1
outer loop
vertex 233.4211779206031 -93.49263548303986 5.1
vertex 232.4499999999994 -93.19999999999996 5.1
vertex 232.42117792060424 -93.49263548302415 5.1
endloop
endfacet
facet normal 0 0 1
outer loop
vertex 229.44999999999936 -93.19999999999995 5.1
vertex 229.4788220793955 -92.90736451697592 5.1
vertex 228.47882207939352 -92.90736451699266 5.1
endloop
endfacet
facet normal 0 0 1
outer loop
vertex 229.44999999999936 -93.19999999999995 5.1
vertex 228.47882207939352 -92.90736451699266 5.1
vertex 228.45000000000033 -93.19999999999968 5.100000000000001
endloop
endfacet
facet normal 0 0 1
outer loop
vertex 233.44999999999982 -93.19999999999963 5.100000000000001
vertex 233.42117792060674 -92.90736451699266 5.1
vertex 232.4211779206064 -92.90736451697566 5.1
endloop
endfacet
facet normal 0 0 1
outer loop
vertex 233.44999999999982 -93.19999999999963 5.100000000000001
vertex 232.4211779206064 -92.90736451697566 5.1
vertex 232.4499999999994 -93.19999999999996 5.1
endloop
endfacet
facet normal 0 0 1
outer loop
vertex 229.4788220793955 -92.90736451697592 5.1
vertex 229.56418070123325 -92.62597485145247 5.1
vertex 228.52421541864422 -92.62597485144661 5.1
endloop
endfacet
facet normal 0 0 1
outer loop
vertex 229.4788220793955 -92.90736451697592 5.1
vertex 228.52421541864422 -92.62597485144661 5.1
vertex 228.49803679899176 -92.71227419495986 5.1
endloop
endfacet
facet normal 0 0 1
outer loop
vertex 229.4788220793955 -92.90736451697592 5.1
vertex 228.49803679899176 -92.71227419495986 5.1
vertex 228.47882207939352 -92.90736451699266 5.1
endloop
endfacet
facet normal 0 0 1
outer loop
vertex 233.42117792060674 -92.90736451699266 5.1
vertex 233.40196320100856 -92.71227419495986 5.100000000000001
vertex 233.37578458135644 -92.62597485144661 5.1
endloop
endfacet
facet normal 0 0 1
outer loop
vertex 233.42117792060674 -92.90736451699266 5.1
vertex 233.37578458135644 -92.62597485144661 5.1
vertex 232.3358192987652 -92.6259748514529 5.1
endloop
endfacet
facet normal 0 0 1
outer loop
vertex 233.42117792060674 -92.90736451699266 5.1
vertex 232.3358192987652 -92.6259748514529 5.1
vertex 232.4211779206064 -92.90736451697566 5.1
endloop
endfacet
facet normal 0 0 1
outer loop
vertex 229.56418070123325 -92.62597485145247 5.1
vertex 229.70279558154573 -92.36664465047022 5.1
vertex 228.60288237507362 -92.36664465045928 5.1
endloop
endfacet
facet normal 0 0 1
outer loop
vertex 229.56418070123325 -92.62597485145247 5.1
vertex 228.60288237507362 -92.36664465045928 5.1
vertex 228.52421541864422 -92.62597485144661 5.1
endloop
endfacet
facet normal 0 0 1
outer loop
vertex 233.37578458135644 -92.62597485144661 5.1
vertex 233.2971176249281 -92.36664465045928 5.1
vertex 232.19720441845334 -92.36664465047085 5.1
endloop
endfacet
facet normal 0 0 1
outer loop
vertex 233.37578458135644 -92.62597485144661 5.1
vertex 232.19720441845334 -92.36664465047085 5.1
vertex 232.3358192987652 -92.6259748514529 5.1
endloop
endfacet
facet normal 0 0 1
outer loop
vertex 229.70279558154573 -92.36664465047022 5.1
vertex 229.88933982821874 -92.13933982821844 5.100000000000001
vertex 228.69586445161852 -92.13933982826126 5.1
endloop
endfacet
facet normal 0 0 1
outer loop
vertex 229.70279558154573 -92.36664465047022 5.1
vertex 228.69586445161852 -92.13933982826126 5.1
vertex 228.64030116872274 -92.24329141908773 5.1
endloop
endfacet
facet normal 0 0 1
outer loop
vertex 229.70279558154573 -92.36664465047022 5.1
vertex 228.64030116872274 -92.24329141908773 5.1
vertex 228.60288237507362 -92.36664465045928 5.1
endloop
endfacet
facet normal 0 0 1
outer loop
vertex 233.2971176249281 -92.36664465045928 5.1
vertex 233.25969883127925 -92.24329141908697 5.100000000000001
vertex 233.20413554838285 -92.13933982826126 5.1
endloop
endfacet
facet normal 0 0 1
outer loop
vertex 233.2971176249281 -92.36664465045928 5.1
vertex 233.20413554838285 -92.13933982826126 5.1
vertex 232.0106601717814 -92.13933982821887 5.1
endloop
endfacet
facet normal 0 0 1
outer loop
vertex 233.2971176249281 -92.36664465045928 5.1
vertex 232.0106601717814 -92.13933982821887 5.1
vertex 232.19720441845334 -92.36664465047085 5.1
endloop
endfacet
facet normal 0 0 1
outer loop
vertex 229.88933982821874 -92.13933982821844 5.100000000000001
vertex 230.1166446504708 -91.9527955815466 5.1
vertex 228.79557442884195 -91.95279558153247 5.1
endloop
endfacet
facet normal 0 0 1
outer loop
vertex 229.88933982821874 -92.13933982821844 5.100000000000001
vertex 228.79557442884195 -91.95279558153247 5.1
vertex 228.69586445161852 -92.13933982826126 5.1
endloop
endfacet
facet normal 0 0 1
outer loop
vertex 233.20413554838285 -92.13933982826126 5.1
vertex 233.1044255711583 -91.95279558153247 5.1
vertex 231.78335534952393 -91.9527955815529 5.100000000000001
endloop
endfacet
facet normal 0 0 1
outer loop
vertex 233.20413554838285 -92.13933982826126 5.1
vertex 231.78335534952393 -91.9527955815529 5.100000000000001
vertex 232.0106601717814 -92.13933982821887 5.1
endloop
endfacet
facet normal 0 0 1
outer loop
vertex 230.1166446504708 -91.9527955815466 5.1
vertex 230.3759748514522 -91.8141807012326 5.1
vertex 228.86966562597104 -91.8141807012313 5.1
endloop
endfacet
facet normal 0 0 1
outer loop
vertex 230.1166446504708 -91.9527955815466 5.1
vertex 228.86966562597104 -91.8141807012313 5.1
vertex 228.79557442884195 -91.95279558153247 5.1
endloop
endfacet
facet normal 0 0 1
outer loop
vertex 233.1044255711583 -91.95279558153247 5.1
vertex 233.03033437402848 -91.8141807012313 5.1
vertex 231.5240251485466 -91.81418070123505 5.100000000000001
endloop
endfacet
facet normal 0 0 1
outer loop
vertex 233.1044255711583 -91.95279558153247 5.1
vertex 231.5240251485466 -91.81418070123505 5.100000000000001
vertex 231.78335534952393 -91.9527955815529 5.100000000000001
endloop
endfacet
facet normal 0 0 1
outer loop
vertex 230.3759748514522 -91.8141807012326 5.1
vertex 230.65736451697592 -91.72882207939648 5.1
vertex 228.9388287185836 -91.7288220793926 5.1
endloop
endfacet
facet normal 0 0 1
outer loop
vertex 230.3759748514522 -91.8141807012326 5.1
vertex 228.9388287185836 -91.7288220793926 5.1
vertex 228.871325969243 -91.81107441745051 5.100000000000001
endloop
endfacet
facet normal 0 0 1
outer loop
vertex 230.3759748514522 -91.8141807012326 5.1
vertex 228.871325969243 -91.81107441745051 5.100000000000001
vertex 228.86966562597104 -91.8141807012313 5.1
endloop
endfacet
facet normal 0 0 1
outer loop
vertex 233.03033437402848 -91.8141807012313 5.1
vertex 233.0286740307565 -91.81107441745101 5.100000000000001
vertex 232.96117128141546 -91.7288220793926 5.1
endloop
endfacet
facet normal 0 0 1
outer loop
vertex 233.03033437402848 -91.8141807012313 5.1
vertex 232.96117128141546 -91.7288220793926 5.1
vertex 231.24263548302397 -91.72882207939577 5.1
endloop
endfacet
facet normal 0 0 1
outer loop
vertex 233.03033437402848 -91.8141807012313 5.1
vertex 231.24263548302397 -91.72882207939577 5.1
vertex 231.5240251485466 -91.81418070123505 5.100000000000001
endloop
endfacet
facet normal 0 0 1
outer loop
vertex 230.65736451697592 -91.72882207939648 5.1
vertex 230.9500000000001 -91.69999999999851 5.1
vertex 228.96248238784875 -91.69999999999993 5.1
endloop
endfacet
facet normal 0 0 1
outer loop
vertex 230.65736451697592 -91.72882207939648 5.1
vertex 228.96248238784875 -91.69999999999993 5.1
vertex 228.9388287185836 -91.7288220793926 5.1
endloop
endfacet
facet normal 0 0 1
outer loop
vertex 232.96117128141546 -91.7288220793926 5.1
vertex 232.93751761215017 -91.69999999999993 5.1
vertex 230.9500000000001 -91.69999999999851 5.1
endloop
endfacet
facet normal 0 0 1
outer loop
vertex 232.96117128141546 -91.7288220793926 5.1
vertex 230.9500000000001 -91.69999999999851 5.1
vertex 231.24263548302397 -91.72882207939577 5.1
endloop
endfacet
facet normal 0 0 1
outer loop
vertex 230.9500000000001 -91.69999999999851 5.1
vertex 232.93751761215017 -91.69999999999993 5.1
vertex 232.71776695296535 -91.43223304703466 5.1
endloop
endfacet
facet normal 0 0 1
outer loop
vertex 230.9500000000001 -91.69999999999851 5.1
vertex 232.71776695296535 -91.43223304703466 5.1
vertex 232.33892558254965 -91.12132596924269 5.1
endloop
endfacet
facet normal 0 0 1
outer loop
vertex 230.9500000000001 -91.69999999999851 5.1
vertex 232.33892558254965 -91.12132596924269 5.1
vertex 231.90670858091056 -90.89030116872587 5.1
endloop
endfacet
facet normal 0 0 1
outer loop
vertex 230.9500000000001 -91.69999999999851 5.1
vertex 231.90670858091056 -90.89030116872587 5.1
vertex 231.4377258050402 -90.74803679899267 5.1
endloop
endfacet
facet normal 0 0 1
outer loop
vertex 230.9500000000001 -91.69999999999851 5.1
vertex 231.4377258050402 -90.74803679899267 5.1
vertex 230.94999999999987 -90.7000000000006 5.1
endloop
endfacet
facet normal 0 0 1
outer loop
vertex 230.9500000000001 -91.69999999999851 5.1
vertex 230.94999999999987 -90.7000000000006 5.1
vertex 230.46227419495955 -90.74803679899155 5.1
endloop
endfacet
facet normal 0 0 1
outer loop
vertex 230.9500000000001 -91.69999999999851 5.1
vertex 230.46227419495955 -90.74803679899155 5.1
vertex 229.99329141908817 -90.89030116872402 5.1
endloop
endfacet
facet normal 0 0 1
outer loop
vertex 230.9500000000001 -91.69999999999851 5.1
vertex 229.99329141908817 -90.89030116872402 5.1
vertex 229.5610744174512 -91.12132596924423 5.1
endloop
endfacet
facet normal 0 0 1
outer loop
vertex 230.9500000000001 -91.69999999999851 5.1
vertex 229.5610744174512 -91.12132596924423 5.1
vertex 229.18223304703338 -91.43223304703332 5.100000000000001
endloop
endfacet
facet normal 0 0 1
outer loop
vertex 230.9500000000001 -91.69999999999851 5.1
vertex 229.18223304703338 -91.43223304703332 5.100000000000001
vertex 228.96248238784875 -91.69999999999993 5.1
endloop
endfacet
facet normal 0 0 1
outer loop
vertex 185.60772580504027 -62.07696320100767 5.1
vertex 186.07670858091257 -61.934698831277956 5.1
vertex 186.50892558254907 -61.70367403075655 5.1
endloop
endfacet
facet normal 0 0 1
outer loop
vertex 185.60772580504027 -62.07696320100767 5.1
vertex 186.50892558254907 -61.70367403075655 5.1
vertex 186.88776695296696 -61.392766952967094 5.100000000000001
endloop
endfacet
facet normal 0 0 1
outer loop
vertex 185.60772580504027 -62.07696320100767 5.1
vertex 186.88776695296696 -61.392766952967094 5.100000000000001
vertex 187.10751761215002 -61.12500000000039 5.1
endloop
endfacet
facet normal 0 0 1
outer loop
vertex 185.60772580504027 -62.07696320100767 5.1
vertex 187.10751761215002 -61.12500000000039 5.1
vertex 185.12000000000012 -61.12499999999905 5.1
endloop
endfacet
facet normal 0 0 1
outer loop
vertex 185.60772580504027 -62.07696320100767 5.1
vertex 185.12000000000012 -61.12499999999905 5.1
vertex 183.13248238784942 -61.12500000000039 5.1
endloop
endfacet
facet normal 0 0 1
outer loop
vertex 185.60772580504027 -62.07696320100767 5.1
vertex 183.13248238784942 -61.12500000000039 5.1
vertex 183.35223304703274 -61.39276695296701 5.1
endloop
endfacet
facet normal 0 0 1
outer loop
vertex 185.60772580504027 -62.07696320100767 5.1
vertex 183.35223304703274 -61.39276695296701 5.1
vertex 183.7310744174489 -61.70367403075908 5.100000000000001
endloop
endfacet
facet normal 0 0 1
outer loop
vertex 185.60772580504027 -62.07696320100767 5.1
vertex 183.7310744174489 -61.70367403075908 5.100000000000001
vertex 184.163291419088 -61.93469883127699 5.100000000000001
endloop
endfacet
facet normal 0 0 1
outer loop
vertex 185.60772580504027 -62.07696320100767 5.1
vertex 184.163291419088 -61.93469883127699 5.100000000000001
vertex 184.63227419495877 -62.076963201011004 5.1
endloop
endfacet
facet normal 0 0 1
outer loop
vertex 185.60772580504027 -62.07696320100767 5.1
vertex 184.63227419495877 -62.076963201011004 5.1
vertex 185.11999999999992 -62.12500000000046 5.1
endloop
endfacet
facet normal 0 0 1
outer loop
vertex 185.12000000000012 -61.12499999999905 5.1
vertex 184.82736451697573 -61.096177920605285 5.1
vertex 183.1088287185807 -61.09617792060318 5.1
endloop
endfacet
facet normal 0 0 1
outer loop
vertex 185.12000000000012 -61.12499999999905 5.1
vertex 183.1088287185807 -61.09617792060318 5.1
vertex 183.13248238784942 -61.12500000000039 5.1
endloop
endfacet
facet normal 0 0 1
outer loop
vertex 187.10751761215002 -61.12500000000039 5.1
vertex 187.13117128141874 -61.09617792060318 5.1
vertex 185.41263548302436 -61.09617792060658 5.1
endloop
endfacet
facet normal 0 0 1
outer loop
vertex 187.10751761215002 -61.12500000000039 5.1
vertex 185.41263548302436 -61.09617792060658 5.1
vertex 185.12000000000012 -61.12499999999905 5.1
endloop
endfacet
facet normal 0 0 1
outer loop
vertex 184.82736451697573 -61.096177920605285 5.1
vertex 184.54597485145288 -61.010819298765995 5.1
vertex 183.03966562597262 -61.01081929876963 5.1
endloop
endfacet
facet normal 0 0 1
outer loop
vertex 184.82736451697573 -61.096177920605285 5.1
vertex 183.03966562597262 -61.01081929876963 5.1
vertex 183.04132596924384 -61.01392558254888 5.100000000000001
endloop
endfacet
facet normal 0 0 1
outer loop
vertex 184.82736451697573 -61.096177920605285 5.1
vertex 183.04132596924384 -61.01392558254888 5.100000000000001
vertex 183.1088287185807 -61.09617792060318 5.1
endloop
endfacet
facet normal 0 0 1
outer loop
vertex 187.13117128141874 -61.09617792060318 5.1
vertex 187.19867403075583 -61.01392558254849 5.100000000000001
vertex 187.20033437402705 -61.01081929876963 5.1
endloop
endfacet
facet normal 0 0 1
outer loop
vertex 187.13117128141874 -61.09617792060318 5.1
vertex 187.20033437402705 -61.01081929876963 5.1
vertex 185.69402514854755 -61.01081929876654 5.1
endloop
endfacet
facet normal 0 0 1
outer loop
vertex 187.13117128141874 -61.09617792060318 5.1
vertex 185.69402514854755 -61.01081929876654 5.1
vertex 185.41263548302436 -61.09617792060658 5.1
endloop
endfacet
facet normal 0 0 1
outer loop
vertex 184.54597485145288 -61.010819298765995 5.1
vertex 184.2866446504669 -60.8722044184584 5.100000000000001
vertex 182.96557442882562 -60.872204418436 5.1
endloop
endfacet
facet normal 0 0 1
outer loop
vertex 184.54597485145288 -61.010819298765995 5.1
vertex 182.96557442882562 -60.872204418436 5.1
vertex 183.03966562597262 -61.01081929876963 5.1
endloop
endfacet
facet normal 0 0 1
outer loop
vertex 187.20033437402705 -61.01081929876963 5.1
vertex 187.27442557117422 -60.872204418436 5.1
vertex 185.95335534952932 -60.87220441845361 5.100000000000001
endloop
endfacet
facet normal 0 0 1
outer loop
vertex 187.20033437402705 -61.01081929876963 5.1
vertex 185.95335534952932 -60.87220441845361 5.100000000000001
vertex 185.69402514854755 -61.01081929876654 5.1
endloop
endfacet
facet normal 0 0 1
outer loop
vertex 184.2866446504669 -60.8722044184584 5.100000000000001
vertex 184.05933982822313 -60.68566017177743 5.1
vertex 182.86586445165926 -60.68566017181568 5.1
endloop
endfacet
facet normal 0 0 1
outer loop
vertex 184.2866446504669 -60.8722044184584 5.100000000000001
vertex 182.86586445165926 -60.68566017181568 5.1
vertex 182.96557442882562 -60.872204418436 5.1
endloop
endfacet
facet normal 0 0 1
outer loop
vertex 187.27442557117422 -60.872204418436 5.1
vertex 187.37413554834077 -60.68566017181568 5.1
vertex 186.1806601717795 -60.68566017177942 5.1
endloop
endfacet
facet normal 0 0 1
outer loop
vertex 187.27442557117422 -60.872204418436 5.1
vertex 186.1806601717795 -60.68566017177942 5.1
vertex 185.95335534952932 -60.87220441845361 5.100000000000001
endloop
endfacet
facet normal 0 0 1
outer loop
vertex 184.05933982822313 -60.68566017177743 5.1
vertex 183.87279558154523 -60.45835534952998 5.100000000000001
vertex 182.77288237506284 -60.45835534950768 5.1
endloop
endfacet
facet normal 0 0 1
outer loop
vertex 184.05933982822313 -60.68566017177743 5.1
vertex 182.77288237506284 -60.45835534950768 5.1
vertex 182.81030116872176 -60.58170858091271 5.1
endloop
endfacet
facet normal 0 0 1
outer loop
vertex 184.05933982822313 -60.68566017177743 5.1
vertex 182.81030116872176 -60.58170858091271 5.1
vertex 182.86586445165926 -60.68566017181568 5.1
endloop
endfacet
facet normal 0 0 1
outer loop
vertex 187.37413554834077 -60.68566017181568 5.1
vertex 187.42969883127842 -60.5817085809128 5.1
vertex 187.46711762493743 -60.45835534950768 5.1
endloop
endfacet
facet normal 0 0 1
outer loop
vertex 187.37413554834077 -60.68566017181568 5.1
vertex 187.46711762493743 -60.45835534950768 5.1
vertex 186.3672044184528 -60.45835534952858 5.1
endloop
endfacet
facet normal 0 0 1
outer loop
vertex 187.37413554834077 -60.68566017181568 5.1
vertex 186.3672044184528 -60.45835534952858 5.1
vertex 186.1806601717795 -60.68566017177942 5.1
endloop
endfacet
facet normal 0 0 1
outer loop
vertex 183.87279558154523 -60.45835534952998 5.100000000000001
vertex 183.73418070123256 -60.19902514854779 5.1
vertex 182.69421541864358 -60.19902514855099 5.1
endloop
endfacet
facet normal 0 0 1
outer loop
vertex 183.87279558154523 -60.45835534952998 5.100000000000001
vertex 182.69421541864358 -60.19902514855099 5.1
vertex 182.77288237506284 -60.45835534950768 5.1
endloop
endfacet
facet normal 0 0 1
outer loop
vertex 187.46711762493743 -60.45835534950768 5.1
vertex 187.54578458135688 -60.19902514855099 5.1
vertex 186.50581929876662 -60.19902514854746 5.1
endloop
endfacet
facet normal 0 0 1
outer loop
vertex 187.46711762493743 -60.45835534950768 5.1
vertex 186.50581929876662 -60.19902514854746 5.1
vertex 186.3672044184528 -60.45835534952858 5.1
endloop
endfacet
facet normal 0 0 1
outer loop
vertex 183.73418070123256 -60.19902514854779 5.1
vertex 183.6488220793948 -59.91763548302424 5.1
vertex 182.64882207939544 -59.91763548302503 5.1
endloop
endfacet
facet normal 0 0 1
outer loop
vertex 183.73418070123256 -60.19902514854779 5.1
vertex 182.64882207939544 -59.91763548302503 5.1
vertex 182.66803679899223 -60.11272580504055 5.100000000000001
endloop
endfacet
facet normal 0 0 1
outer loop
vertex 183.73418070123256 -60.19902514854779 5.1
vertex 182.66803679899223 -60.11272580504055 5.100000000000001
vertex 182.69421541864358 -60.19902514855099 5.1
endloop
endfacet
facet normal 0 0 1
outer loop
vertex 187.54578458135688 -60.19902514855099 5.1
vertex 187.57196320100826 -60.11272580504059 5.100000000000001
vertex 187.59117792060496 -59.91763548302503 5.1
endloop
endfacet
facet normal 0 0 1
outer loop
vertex 187.54578458135688 -60.19902514855099 5.1
vertex 187.59117792060496 -59.91763548302503 5.1
vertex 186.5911779206048 -59.9176354830242 5.1
endloop
endfacet
facet normal 0 0 1
outer loop
vertex 187.54578458135688 -60.19902514855099 5.1
vertex 186.5911779206048 -59.9176354830242 5.1
vertex 186.50581929876662 -60.19902514854746 5.1
endloop
endfacet
facet normal -1.4151282905048129e-14 3.416421911427857e-14 1
outer loop
vertex 129.98772580504024 -60.7019632010073 5.1
vertex 130.45670858091285 -60.55969883127855 5.100000000000001
vertex 130.88892558254838 -60.32867403075508 5.1
endloop
endfacet
facet normal -1.4151282905048129e-14 3.416421911427857e-14 1
outer loop
vertex 129.98772580504024 -60.7019632010073 5.1
vertex 130.88892558254838 -60.32867403075508 5.1
vertex 131.26776695296638 -60.01776695296642 5.100000000000001
endloop
endfacet
facet normal -1.4151282905048129e-14 3.416421911427857e-14 1
outer loop
vertex 129.98772580504024 -60.7019632010073 5.1
vertex 131.26776695296638 -60.01776695296642 5.100000000000001
vertex 131.48751761215053 -59.75000000000003 5.1
endloop
endfacet
facet normal -1.4151282905048129e-14 3.416421911427857e-14 1
outer loop
vertex 129.98772580504024 -60.7019632010073 5.1
vertex 131.48751761215053 -59.75000000000003 5.1
vertex 129.50000000000009 -59.749999999999304 5.1
endloop
endfacet
facet normal -1.4151282905048129e-14 3.416421911427857e-14 1
outer loop
vertex 129.98772580504024 -60.7019632010073 5.1
vertex 129.50000000000009 -59.749999999999304 5.1
vertex 127.51248238785139 -59.75000000000003 5.1
endloop
endfacet
facet normal -1.4151282905048129e-14 3.416421911427857e-14 1
outer loop
vertex 129.98772580504024 -60.7019632010073 5.1
vertex 127.51248238785139 -59.75000000000003 5.1
vertex 127.7322330470347 -60.01776695296548 5.100000000000001
endloop
endfacet
facet normal -1.4151282905048129e-14 3.416421911427857e-14 1
outer loop
vertex 129.98772580504024 -60.7019632010073 5.1
vertex 127.7322330470347 -60.01776695296548 5.100000000000001
vertex 128.11107441745054 -60.32867403075696 5.100000000000001
endloop
endfacet
facet normal -1.4151282905048129e-14 3.416421911427857e-14 1
outer loop
vertex 129.98772580504024 -60.7019632010073 5.1
vertex 128.11107441745054 -60.32867403075696 5.100000000000001
vertex 128.54329141908647 -60.55969883127965 5.1
endloop
endfacet
facet normal -1.4151282905048129e-14 3.416421911427857e-14 1
outer loop
vertex 129.98772580504024 -60.7019632010073 5.1
vertex 128.54329141908647 -60.55969883127965 5.1
vertex 129.01227419495973 -60.70196320100801 5.1
endloop
endfacet
facet normal -1.4151282905048129e-14 3.416421911427857e-14 1
outer loop
vertex 129.98772580504024 -60.7019632010073 5.1
vertex 129.01227419495973 -60.70196320100801 5.1
vertex 129.49999999999997 -60.750000000000156 5.1
endloop
endfacet
facet normal 0 0 1
outer loop
vertex 129.50000000000009 -59.749999999999304 5.1
vertex 129.2073645169757 -59.72117792060517 5.1
vertex 127.48882871858326 -59.72117792060362 5.1
endloop
endfacet
facet normal 0 0 1
outer loop
vertex 129.50000000000009 -59.749999999999304 5.1
vertex 127.48882871858326 -59.72117792060362 5.1
vertex 127.51248238785139 -59.75000000000003 5.1
endloop
endfacet
facet normal 0 0 1
outer loop
vertex 131.48751761215053 -59.75000000000003 5.1
vertex 131.5111712814187 -59.72117792060362 5.1
vertex 129.79263548302424 -59.721177920605605 5.1
endloop
endfacet
facet normal 0 0 1
outer loop
vertex 131.48751761215053 -59.75000000000003 5.1
vertex 129.79263548302424 -59.721177920605605 5.1
vertex 129.50000000000009 -59.749999999999304 5.1
endloop
endfacet
facet normal 0 0 1
outer loop
vertex 129.2073645169757 -59.72117792060517 5.1
vertex 128.92597485145237 -59.63581929876698 5.100000000000001
vertex 127.41966562597274 -59.63581929876771 5.1
endloop
endfacet
facet normal 0 0 1
outer loop
vertex 129.2073645169757 -59.72117792060517 5.1
vertex 127.41966562597274 -59.63581929876771 5.1
vertex 127.42132596924523 -59.63892558254819 5.100000000000001
endloop
endfacet
facet normal 0 0 1
outer loop
vertex 129.2073645169757 -59.72117792060517 5.1
vertex 127.42132596924523 -59.63892558254819 5.100000000000001
vertex 127.48882871858326 -59.72117792060362 5.1
endloop
endfacet
facet normal 0 0 1
outer loop
vertex 131.5111712814187 -59.72117792060362 5.1
vertex 131.57867403075622 -59.63892558254891 5.100000000000001
vertex 131.5803343740287 -59.63581929876771 5.1
endloop
endfacet
facet normal 0 0 1
outer loop
vertex 131.5111712814187 -59.72117792060362 5.1
vertex 131.5803343740287 -59.63581929876771 5.1
vertex 130.07402514854758 -59.63581929876669 5.1
endloop
endfacet
facet normal 0 0 1
outer loop
vertex 131.5111712814187 -59.72117792060362 5.1
vertex 130.07402514854758 -59.63581929876669 5.1
vertex 129.79263548302424 -59.721177920605605 5.1
endloop
endfacet
facet normal 0 0 1
outer loop
vertex 183.6488220793948 -59.91763548302424 5.1
vertex 183.61999999999875 -59.624999999999886 5.100000000000001
vertex 182.62000000000006 -59.624999999999844 5.100000000000001
endloop
endfacet
facet normal 0 0 1
outer loop
vertex 183.6488220793948 -59.91763548302424 5.1
vertex 182.62000000000006 -59.624999999999844 5.100000000000001
vertex 182.64882207939544 -59.91763548302503 5.1
endloop
endfacet
facet normal 0 0 1
outer loop
vertex 187.59117792060496 -59.91763548302503 5.1
vertex 187.62000000000023 -59.62499999999986 5.100000000000001
vertex 186.61999999999995 -59.625 5.1
endloop
endfacet
facet normal 0 0 1
outer loop
vertex 187.59117792060496 -59.91763548302503 5.1
vertex 186.61999999999995 -59.625 5.1
vertex 186.5911779206048 -59.9176354830242 5.1
endloop
endfacet
facet normal 0 0 1
outer loop
vertex 128.92597485145237 -59.63581929876698 5.100000000000001
vertex 128.66664465047077 -59.497204418453606 5.1
vertex 127.34557442883627 -59.497204418454594 5.1
endloop
endfacet
facet normal 0 0 1
outer loop
vertex 128.92597485145237 -59.63581929876698 5.100000000000001
vertex 127.34557442883627 -59.497204418454594 5.1
vertex 127.41966562597274 -59.63581929876771 5.1
endloop
endfacet
facet normal 0 0 1
outer loop
vertex 131.5803343740287 -59.63581929876771 5.1
vertex 131.65442557116458 -59.497204418454594 5.1
vertex 130.33335534952815 -59.49720441845152 5.1
endloop
endfacet
facet normal 0 0 1
outer loop
vertex 131.5803343740287 -59.63581929876771 5.1
vertex 130.33335534952815 -59.49720441845152 5.1
vertex 130.07402514854758 -59.63581929876669 5.1
endloop
endfacet
facet normal 0 0 1
outer loop
vertex 183.61999999999875 -59.624999999999886 5.100000000000001
vertex 183.64882207939564 -59.332364516975964 5.100000000000001
vertex 182.64882207939374 -59.3323645169914 5.1
endloop
endfacet
facet normal 0 0 1
outer loop
vertex 183.61999999999875 -59.624999999999886 5.100000000000001
vertex 182.64882207939374 -59.3323645169914 5.1
vertex 182.62000000000006 -59.624999999999844 5.100000000000001
endloop
endfacet
facet normal 0 0 1
outer loop
vertex 187.62000000000023 -59.62499999999986 5.100000000000001
vertex 187.59117792060644 -59.3323645169914 5.1
vertex 186.59117792060698 -59.332364516975616 5.100000000000001
endloop
endfacet
facet normal 0 0 1
outer loop
vertex 187.62000000000023 -59.62499999999986 5.100000000000001
vertex 186.59117792060698 -59.332364516975616 5.100000000000001
vertex 186.61999999999995 -59.625 5.1
endloop
endfacet
facet normal 0 0 1
outer loop
vertex 128.66664465047077 -59.497204418453606 5.1
vertex 128.43933982821923 -59.310660171780576 5.1
vertex 127.24586445163753 -59.31066017177484 5.1
endloop
endfacet
facet normal 0 0 1
outer loop
vertex 128.66664465047077 -59.497204418453606 5.1
vertex 127.24586445163753 -59.31066017177484 5.1
vertex 127.34557442883627 -59.497204418454594 5.1
endloop
endfacet
facet normal 0 0 1
outer loop
vertex 131.65442557116458 -59.497204418454594 5.1
vertex 131.7541355483625 -59.31066017177484 5.1
vertex 130.5606601717799 -59.31066017177991 5.1
endloop
endfacet
facet normal 0 0 1
outer loop
vertex 131.65442557116458 -59.497204418454594 5.1
vertex 130.5606601717799 -59.31066017177991 5.1
vertex 130.33335534952815 -59.49720441845152 5.1
endloop
endfacet
facet normal 0 0 1
outer loop
vertex 128.43933982821923 -59.310660171780576 5.1
vertex 128.25279558154335 -59.08335534953096 5.100000000000001
vertex 127.15288237506687 -59.083355349521874 5.1
endloop
endfacet
facet normal 0 0 1
outer loop
vertex 128.43933982821923 -59.310660171780576 5.1
vertex 127.15288237506687 -59.083355349521874 5.1
vertex 127.19030116872142 -59.206708580912846 5.100000000000001
endloop
endfacet
facet normal 0 0 1
outer loop
vertex 128.43933982821923 -59.310660171780576 5.1
vertex 127.19030116872142 -59.206708580912846 5.100000000000001
vertex 127.24586445163753 -59.31066017177484 5.1
endloop
endfacet
facet normal 0 0 1
outer loop
vertex 131.7541355483625 -59.31066017177484 5.1
vertex 131.80969883127815 -59.20670858091272 5.1
vertex 131.84711762493282 -59.083355349521874 5.1
endloop
endfacet
facet normal 0 0 1
outer loop
vertex 131.7541355483625 -59.31066017177484 5.1
vertex 131.84711762493282 -59.083355349521874 5.1
vertex 130.74720441845537 -59.083355349530684 5.1
endloop
endfacet
facet normal 0 0 1
outer loop
vertex 131.7541355483625 -59.31066017177484 5.1
vertex 130.74720441845537 -59.083355349530684 5.1
vertex 130.5606601717799 -59.31066017177991 5.1
endloop
endfacet
facet normal 0 0 1
outer loop
vertex 183.64882207939564 -59.332364516975964 5.100000000000001
vertex 183.73418070123287 -59.05097485145226 5.100000000000001
vertex 182.69421541864696 -59.05097485143773 5.1
endloop
endfacet
facet normal 0 0 1
outer loop
vertex 183.64882207939564 -59.332364516975964 5.100000000000001
vertex 182.69421541864696 -59.05097485143773 5.1
vertex 182.6680367989921 -59.13727419495975 5.100000000000001
endloop
endfacet
facet normal 0 0 1
outer loop
vertex 183.64882207939564 -59.332364516975964 5.100000000000001
vertex 182.6680367989921 -59.13727419495975 5.100000000000001
vertex 182.64882207939374 -59.3323645169914 5.1
endloop
endfacet
facet normal 0 0 1
outer loop
vertex 187.59117792060644 -59.3323645169914 5.1
vertex 187.571963201008 -59.13727419495972 5.100000000000001
vertex 187.54578458135302 -59.05097485143773 5.1
endloop
endfacet
facet normal 0 0 1
outer loop
vertex 187.59117792060644 -59.3323645169914 5.1
vertex 187.54578458135302 -59.05097485143773 5.1
vertex 186.5058192987659 -59.05097485145268 5.100000000000001
endloop
endfacet
facet normal 0 0 1
outer loop
vertex 187.59117792060644 -59.3323645169914 5.1
vertex 186.5058192987659 -59.05097485145268 5.100000000000001
vertex 186.59117792060698 -59.332364516975616 5.100000000000001
endloop
endfacet
facet normal 0 0 1
outer loop
vertex 128.25279558154335 -59.08335534953096 5.100000000000001
vertex 128.11418070123526 -58.82402514854698 5.1
vertex 127.07421541865033 -58.82402514857395 5.1
endloop
endfacet
facet normal 0 0 1
outer loop
vertex 128.25279558154335 -59.08335534953096 5.100000000000001
vertex 127.07421541865033 -58.82402514857395 5.1
vertex 127.15288237506687 -59.083355349521874 5.1
endloop
endfacet
facet normal 0 0 1
outer loop
vertex 131.84711762493282 -59.083355349521874 5.1
vertex 131.92578458134957 -58.82402514857395 5.1
vertex 130.88581929876696 -58.824025148547655 5.1
endloop
endfacet
facet normal 0 0 1
outer loop
vertex 131.84711762493282 -59.083355349521874 5.1
vertex 130.88581929876696 -58.824025148547655 5.1
vertex 130.74720441845537 -59.083355349530684 5.1
endloop
endfacet
facet normal 0 0 1
outer loop
vertex 183.73418070123287 -59.05097485145226 5.100000000000001
vertex 183.87279558154523 -58.79164465046981 5.1
vertex 182.77288237507096 -58.79164465046563 5.1
endloop
endfacet
facet normal 0 0 1
outer loop
vertex 183.73418070123287 -59.05097485145226 5.100000000000001
vertex 182.77288237507096 -58.79164465046563 5.1
vertex 182.69421541864696 -59.05097485143773 5.1
endloop
endfacet
facet normal 0 0 1
outer loop
vertex 187.54578458135302 -59.05097485143773 5.1
vertex 187.46711762492862 -58.79164465046563 5.1
vertex 186.36720441845563 -58.79164465046968 5.100000000000001
endloop
endfacet
facet normal 0 0 1
outer loop
vertex 187.54578458135302 -59.05097485143773 5.1
vertex 186.36720441845563 -58.79164465046968 5.100000000000001
vertex 186.5058192987659 -59.05097485145268 5.100000000000001
endloop
endfacet
facet normal 0 0 1
outer loop
vertex 183.87279558154523 -58.79164465046981 5.1
vertex 184.05933982822032 -58.56433982822031 5.1
vertex 182.86586445163564 -58.564339828228 5.1
endloop
endfacet
facet normal 0 0 1
outer loop
vertex 183.87279558154523 -58.79164465046981 5.1
vertex 182.86586445163564 -58.564339828228 5.1
vertex 182.8103011687218 -58.668291419087275 5.1
endloop
endfacet
facet normal 0 0 1
outer loop
vertex 183.87279558154523 -58.79164465046981 5.1
vertex 182.8103011687218 -58.668291419087275 5.1
vertex 182.77288237507096 -58.79164465046563 5.1
endloop
endfacet
facet normal 0 0 1
outer loop
vertex 187.46711762492862 -58.79164465046563 5.1
vertex 187.42969883127768 -58.668291419087495 5.100000000000001
vertex 187.37413554836405 -58.564339828228 5.1
endloop
endfacet
facet normal 0 0 1
outer loop
vertex 187.46711762492862 -58.79164465046563 5.1
vertex 187.37413554836405 -58.564339828228 5.1
vertex 186.18066017178205 -58.564339828218365 5.1
endloop
endfacet
facet normal 0 0 1
outer loop
vertex 187.46711762492862 -58.79164465046563 5.1
vertex 186.18066017178205 -58.564339828218365 5.1
vertex 186.36720441845563 -58.79164465046968 5.100000000000001
endloop
endfacet
facet normal 0 0 1
outer loop
vertex 128.11418070123526 -58.82402514854698 5.1
vertex 128.0288220793955 -58.54263548302416 5.1
vertex 127.02882207939423 -58.54263548301428 5.1
endloop
endfacet
facet normal 0 0 1
outer loop
vertex 128.11418070123526 -58.82402514854698 5.1
vertex 127.02882207939423 -58.54263548301428 5.1
vertex 127.048036798992 -58.73772580504037 5.1
endloop
endfacet
facet normal 0 0 1
outer loop
vertex 128.11418070123526 -58.82402514854698 5.1
vertex 127.048036798992 -58.73772580504037 5.1
vertex 127.07421541865033 -58.82402514857395 5.1
endloop
endfacet
facet normal 0 0 1
outer loop
vertex 131.92578458134957 -58.82402514857395 5.1
vertex 131.95196320100797 -58.73772580504036 5.1
vertex 131.97117792060573 -58.54263548301428 5.1
endloop
endfacet
facet normal 0 0 1
outer loop
vertex 131.92578458134957 -58.82402514857395 5.1
vertex 131.97117792060573 -58.54263548301428 5.1
vertex 130.9711779206035 -58.542635483024064 5.1
endloop
endfacet
facet normal 0 0 1
outer loop
vertex 131.92578458134957 -58.82402514857395 5.1
vertex 130.9711779206035 -58.542635483024064 5.1
vertex 130.88581929876696 -58.824025148547655 5.1
endloop
endfacet
facet normal 0 0 1
outer loop
vertex 184.05933982822032 -58.56433982822031 5.1
vertex 184.2866446504702 -58.377795581545456 5.1
vertex 182.96557442882553 -58.37779558156205 5.1
endloop
endfacet
facet normal 0 0 1
outer loop
vertex 184.05933982822032 -58.56433982822031 5.1
vertex 182.96557442882553 -58.37779558156205 5.1
vertex 182.86586445163564 -58.564339828228 5.1
endloop
endfacet
facet normal 0 0 1
outer loop
vertex 187.37413554836405 -58.564339828228 5.1
vertex 187.27442557117456 -58.37779558156205 5.1
vertex 185.95335534952963 -58.37779558154589 5.1
endloop
endfacet
facet normal 0 0 1
outer loop
vertex 187.37413554836405 -58.564339828228 5.1
vertex 185.95335534952963 -58.37779558154589 5.1
vertex 186.18066017178205 -58.564339828218365 5.1
endloop
endfacet
facet normal 0 0 1
outer loop
vertex 128.0288220793955 -58.54263548302416 5.1
vertex 127.99999999999967 -58.24999999999997 5.1
vertex 127 -58.249999999999964 5.1
endloop
endfacet
facet normal 0 0 1
outer loop
vertex 128.0288220793955 -58.54263548302416 5.1
vertex 127 -58.249999999999964 5.1
vertex 127.02882207939423 -58.54263548301428 5.1
endloop
endfacet
facet normal 0 0 1
outer loop
vertex 131.97117792060573 -58.54263548301428 5.1
vertex 131.9999999999999 -58.24999999999995 5.1
vertex 130.99999999999864 -58.249999999999865 5.1
endloop
endfacet
facet normal 0 0 1
outer loop
vertex 131.97117792060573 -58.54263548301428 5.1
vertex 130.99999999999864 -58.249999999999865 5.1
vertex 130.9711779206035 -58.542635483024064 5.1
endloop
endfacet
facet normal 0 0 1
outer loop
vertex 184.2866446504702 -58.377795581545456 5.1
vertex 184.54597485145234 -58.239180701232975 5.1
vertex 183.0396656259725 -58.23918070122733 5.1
endloop
endfacet
facet normal 0 0 1
outer loop
vertex 184.2866446504702 -58.377795581545456 5.1
vertex 183.0396656259725 -58.23918070122733 5.1
vertex 182.96557442882553 -58.37779558156205 5.1
endloop
endfacet
facet normal 0 0 1
outer loop
vertex 187.27442557117456 -58.37779558156205 5.1
vertex 187.20033437402793 -58.23918070122733 5.1
vertex 185.69402514854545 -58.23918070123713 5.1
endloop
endfacet
facet normal 0 0 1
outer loop
vertex 187.27442557117456 -58.37779558156205 5.1
vertex 185.69402514854545 -58.23918070123713 5.1
vertex 185.95335534952963 -58.37779558154589 5.1
endloop
endfacet
facet normal 0 0 1
outer loop
vertex 184.54597485145234 -58.239180701232975 5.1
vertex 184.8273645169759 -58.153822079396264 5.1
vertex 183.1088287185815 -58.15382207939456 5.1
endloop
endfacet
facet normal 0 0 1
outer loop
vertex 184.54597485145234 -58.239180701232975 5.1
vertex 183.1088287185815 -58.15382207939456 5.1
vertex 183.0413259692427 -58.236074417450396 5.1
endloop
endfacet
facet normal 0 0 1
outer loop
vertex 184.54597485145234 -58.239180701232975 5.1
vertex 183.0413259692427 -58.236074417450396 5.1
vertex 183.0396656259725 -58.23918070122733 5.1
endloop
endfacet
facet normal 0 0 1
outer loop
vertex 187.20033437402793 -58.23918070122733 5.1
vertex 187.19867403075773 -58.236074417450354 5.1
vertex 187.13117128141855 -58.15382207939456 5.1
endloop
endfacet
facet normal 0 0 1
outer loop
vertex 187.20033437402793 -58.23918070122733 5.1
vertex 187.13117128141855 -58.15382207939456 5.1
vertex 185.41263548302408 -58.1538220793956 5.1
endloop
endfacet
facet normal 0 0 1
outer loop
vertex 187.20033437402793 -58.23918070122733 5.1
vertex 185.41263548302408 -58.1538220793956 5.1
vertex 185.69402514854545 -58.23918070123713 5.1
endloop
endfacet
facet normal 0 0 1
outer loop
vertex 184.8273645169759 -58.153822079396264 5.1
vertex 185.12000000000006 -58.12499999999976 5.1
vertex 183.13248238784794 -58.12500000000044 5.1
endloop
endfacet
facet normal 0 0 1
outer loop
vertex 184.8273645169759 -58.153822079396264 5.1
vertex 183.13248238784794 -58.12500000000044 5.1
vertex 183.1088287185815 -58.15382207939456 5.1
endloop
endfacet
facet normal 0 0 1
outer loop
vertex 187.13117128141855 -58.15382207939456 5.1
vertex 187.10751761215198 -58.12500000000044 5.1
vertex 185.12000000000006 -58.12499999999976 5.1
endloop
endfacet
facet normal 0 0 1
outer loop
vertex 187.13117128141855 -58.15382207939456 5.1
vertex 185.12000000000006 -58.12499999999976 5.1
vertex 185.41263548302408 -58.1538220793956 5.1
endloop
endfacet
facet normal 0 0 1
outer loop
vertex 127.99999999999967 -58.24999999999997 5.1
vertex 128.02882207939518 -57.95736451697583 5.1
vertex 127.02882207939554 -57.95736451697324 5.1
endloop
endfacet
facet normal 0 0 1
outer loop
vertex 127.99999999999967 -58.24999999999997 5.1
vertex 127.02882207939554 -57.95736451697324 5.1
vertex 127 -58.249999999999964 5.1
endloop
endfacet
facet normal 0 0 1
outer loop
vertex 131.9999999999999 -58.24999999999995 5.1
vertex 131.97117792060462 -57.95736451697324 5.1
vertex 130.97117792060516 -57.95736451697577 5.1
endloop
endfacet
facet normal 0 0 1
outer loop
vertex 131.9999999999999 -58.24999999999995 5.1
vertex 130.97117792060516 -57.95736451697577 5.1
vertex 130.99999999999864 -58.249999999999865 5.1
endloop
endfacet
facet normal 0 0 1
outer loop
vertex 128.02882207939518 -57.95736451697583 5.1
vertex 128.11418070123273 -57.67597485145218 5.1
vertex 127.07421541864639 -57.67597485143967 5.1
endloop
endfacet
facet normal 0 0 1
outer loop
vertex 128.02882207939518 -57.95736451697583 5.1
vertex 127.07421541864639 -57.67597485143967 5.1
vertex 127.04803679899213 -57.76227419495977 5.1
endloop
endfacet
facet normal 0 0 1
outer loop
vertex 128.02882207939518 -57.95736451697583 5.1
vertex 127.04803679899213 -57.76227419495977 5.1
vertex 127.02882207939554 -57.95736451697324 5.1
endloop
endfacet
facet normal 0 0 1
outer loop
vertex 131.97117792060462 -57.95736451697324 5.1
vertex 131.9519632010082 -57.7622741949597 5.1
vertex 131.92578458135407 -57.67597485143967 5.1
endloop
endfacet
facet normal 0 0 1
outer loop
vertex 131.97117792060462 -57.95736451697324 5.1
vertex 131.92578458135407 -57.67597485143967 5.1
vertex 130.88581929876773 -57.675974851452125 5.100000000000001
endloop
endfacet
facet normal 0 0 1
outer loop
vertex 131.97117792060462 -57.95736451697324 5.1
vertex 130.88581929876773 -57.675974851452125 5.100000000000001
vertex 130.97117792060516 -57.95736451697577 5.1
endloop
endfacet
facet normal 0 0 1
outer loop
vertex 128.11418070123273 -57.67597485145218 5.1
vertex 128.25279558154625 -57.41664465047065 5.1
vertex 127.15288237506206 -57.41664465049512 5.1
endloop
endfacet
facet normal 0 0 1
outer loop
vertex 128.11418070123273 -57.67597485145218 5.1
vertex 127.15288237506206 -57.41664465049512 5.1
vertex 127.07421541864639 -57.67597485143967 5.1
endloop
endfacet
facet normal 0 0 1
outer loop
vertex 131.92578458135407 -57.67597485143967 5.1
vertex 131.8471176249388 -57.41664465049512 5.1
vertex 130.74720441845676 -57.41664465046901 5.1
endloop
endfacet
facet normal 0 0 1
outer loop
vertex 131.92578458135407 -57.67597485143967 5.1
vertex 130.74720441845676 -57.41664465046901 5.1
vertex 130.88581929876773 -57.675974851452125 5.100000000000001
endloop
endfacet
facet normal 0 0 1
outer loop
vertex 128.25279558154625 -57.41664465047065 5.1
vertex 128.43933982822023 -57.189339828220234 5.1
vertex 127.24586445164498 -57.18933982821094 5.1
endloop
endfacet
facet normal 0 0 1
outer loop
vertex 128.25279558154625 -57.41664465047065 5.1
vertex 127.24586445164498 -57.18933982821094 5.1
vertex 127.19030116872186 -57.29329141908717 5.1
endloop
endfacet
facet normal 0 0 1
outer loop
vertex 128.25279558154625 -57.41664465047065 5.1
vertex 127.19030116872186 -57.29329141908717 5.1
vertex 127.15288237506206 -57.41664465049512 5.1
endloop
endfacet
facet normal 0 0 1
outer loop
vertex 131.8471176249388 -57.41664465049512 5.1
vertex 131.8096988312791 -57.29329141908691 5.100000000000001
vertex 131.75413554835555 -57.18933982821094 5.1
endloop
endfacet
facet normal 0 0 1
outer loop
vertex 131.8471176249388 -57.41664465049512 5.1
vertex 131.75413554835555 -57.18933982821094 5.1
vertex 130.5606601717779 -57.189339828221755 5.1
endloop
endfacet
facet normal 0 0 1
outer loop
vertex 131.8471176249388 -57.41664465049512 5.1
vertex 130.5606601717779 -57.189339828221755 5.1
vertex 130.74720441845676 -57.41664465046901 5.1
endloop
endfacet
facet normal 0 0 1
outer loop
vertex 185.12000000000006 -58.12499999999976 5.1
vertex 187.10751761215198 -58.12500000000044 5.1
vertex 186.88776695296548 -57.85723304703423 5.1
endloop
endfacet
facet normal 0 0 1
outer loop
vertex 185.12000000000006 -58.12499999999976 5.1
vertex 186.88776695296548 -57.85723304703423 5.1
vertex 186.50892558254796 -57.54632596924493 5.100000000000001
endloop
endfacet
facet normal 0 0 1
outer loop
vertex 185.12000000000006 -58.12499999999976 5.1
vertex 186.50892558254796 -57.54632596924493 5.100000000000001
vertex 186.07670858091308 -57.31530116872121 5.100000000000001
endloop
endfacet
facet normal 0 0 1
outer loop
vertex 185.12000000000006 -58.12499999999976 5.1
vertex 186.07670858091308 -57.31530116872121 5.100000000000001
vertex 185.6077258050402 -57.17303679899242 5.1
endloop
endfacet
facet normal 0 0 1
outer loop
vertex 185.12000000000006 -58.12499999999976 5.1
vertex 185.6077258050402 -57.17303679899242 5.1
vertex 185.11999999999986 -57.12500000000045 5.1
endloop
endfacet
facet normal 0 0 1
outer loop
vertex 185.12000000000006 -58.12499999999976 5.1
vertex 185.11999999999986 -57.12500000000045 5.1
vertex 184.63227419495965 -57.173036798991525 5.1
endloop
endfacet
facet normal 0 0 1
outer loop
vertex 185.12000000000006 -58.12499999999976 5.1
vertex 184.63227419495965 -57.173036798991525 5.1
vertex 184.1632914190872 -57.31530116872147 5.1
endloop
endfacet
facet normal 0 0 1
outer loop
vertex 185.12000000000006 -58.12499999999976 5.1
vertex 184.1632914190872 -57.31530116872147 5.1
vertex 183.73107441745114 -57.54632596924389 5.100000000000001
endloop
endfacet
facet normal 0 0 1
outer loop
vertex 185.12000000000006 -58.12499999999976 5.1
vertex 183.73107441745114 -57.54632596924389 5.100000000000001
vertex 183.3522330470338 -57.85723304703352 5.100000000000001
endloop
endfacet
facet normal 0 0 1
outer loop
vertex 185.12000000000006 -58.12499999999976 5.1
vertex 183.3522330470338 -57.85723304703352 5.100000000000001
vertex 183.13248238784794 -58.12500000000044 5.1
endloop
endfacet
facet normal 0 0 1
outer loop
vertex 128.43933982822023 -57.189339828220234 5.1
vertex 128.6666446504716 -57.00279558154803 5.1
vertex 127.34557442883514 -57.00279558154599 5.1
endloop
endfacet
facet normal 0 0 1
outer loop
vertex 128.43933982822023 -57.189339828220234 5.1
vertex 127.34557442883514 -57.00279558154599 5.1
vertex 127.24586445164498 -57.18933982821094 5.1
endloop
endfacet
facet normal 0 0 1
outer loop
vertex 131.75413554835555 -57.18933982821094 5.1
vertex 131.65442557116467 -57.00279558154599 5.1
vertex 130.3333553495296 -57.00279558154597 5.1
endloop
endfacet
facet normal 0 0 1
outer loop
vertex 131.75413554835555 -57.18933982821094 5.1
vertex 130.3333553495296 -57.00279558154597 5.1
vertex 130.5606601717779 -57.189339828221755 5.1
endloop
endfacet
facet normal 0 0 1
outer loop
vertex 128.6666446504716 -57.00279558154803 5.1
vertex 128.92597485145228 -56.86418070123281 5.1
vertex 127.41966562597014 -56.86418070123494 5.1
endloop
endfacet
facet normal 0 0 1
outer loop
vertex 128.6666446504716 -57.00279558154803 5.1
vertex 127.41966562597014 -56.86418070123494 5.1
vertex 127.34557442883514 -57.00279558154599 5.1
endloop
endfacet
facet normal 0 0 1
outer loop
vertex 131.65442557116467 -57.00279558154599 5.1
vertex 131.58033437402923 -56.86418070123494 5.1
vertex 130.07402514854775 -56.86418070123282 5.1
endloop
endfacet
facet normal 0 0 1
outer loop
vertex 131.65442557116467 -57.00279558154599 5.1
vertex 130.07402514854775 -56.86418070123282 5.1
vertex 130.3333553495296 -57.00279558154597 5.1
endloop
endfacet
facet normal 0 0 1
outer loop
vertex 128.92597485145228 -56.86418070123281 5.1
vertex 129.20736451697584 -56.77882207939586 5.1
vertex 127.48882871858248 -56.77882207939515 5.1
endloop
endfacet
facet normal 0 0 1
outer loop
vertex 128.92597485145228 -56.86418070123281 5.1
vertex 127.48882871858248 -56.77882207939515 5.1
vertex 127.42132596924378 -56.86107441745126 5.100000000000001
endloop
endfacet
facet normal 0 0 1
outer loop
vertex 128.92597485145228 -56.86418070123281 5.1
vertex 127.42132596924378 -56.86107441745126 5.100000000000001
vertex 127.41966562597014 -56.86418070123494 5.1
endloop
endfacet
facet normal 0 0 1
outer loop
vertex 131.58033437402923 -56.86418070123494 5.1
vertex 131.57867403075556 -56.86107441745156 5.100000000000001
vertex 131.51117128141723 -56.77882207939515 5.1
endloop
endfacet
facet normal 0 0 1
outer loop
vertex 131.58033437402923 -56.86418070123494 5.1
vertex 131.51117128141723 -56.77882207939515 5.1
vertex 129.79263548302404 -56.77882207939574 5.100000000000001
endloop
endfacet
facet normal 0 0 1
outer loop
vertex 131.58033437402923 -56.86418070123494 5.1
vertex 129.79263548302404 -56.77882207939574 5.100000000000001
vertex 130.07402514854775 -56.86418070123282 5.1
endloop
endfacet
facet normal 0 0 1
outer loop
vertex 129.20736451697584 -56.77882207939586 5.1
vertex 129.5 -56.7500000000002 5.1
vertex 127.51248238784919 -56.75000000000046 5.1
endloop
endfacet
facet normal 0 0 1
outer loop
vertex 129.20736451697584 -56.77882207939586 5.1
vertex 127.51248238784919 -56.75000000000046 5.1
vertex 127.48882871858248 -56.77882207939515 5.1
endloop
endfacet
facet normal 0 0 1
outer loop
vertex 131.51117128141723 -56.77882207939515 5.1
vertex 131.48751761215064 -56.75000000000046 5.1
vertex 129.5 -56.7500000000002 5.1
endloop
endfacet
facet normal 0 0 1
outer loop
vertex 131.51117128141723 -56.77882207939515 5.1
vertex 129.5 -56.7500000000002 5.1
vertex 129.79263548302404 -56.77882207939574 5.100000000000001
endloop
endfacet
facet normal -8.775142504151088e-28 -6.633965915933256e-15 1
outer loop
vertex 129.5 -56.7500000000002 5.1
vertex 131.48751761215064 -56.75000000000046 5.1
vertex 131.26776695296735 -56.48223304703285 5.100000000000001
endloop
endfacet
facet normal -8.775142504151088e-28 -6.633965915933256e-15 1
outer loop
vertex 129.5 -56.7500000000002 5.1
vertex 131.26776695296735 -56.48223304703285 5.100000000000001
vertex 130.88892558254855 -56.17132596924422 5.1
endloop
endfacet
facet normal -8.775142504151088e-28 -6.633965915933256e-15 1
outer loop
vertex 129.5 -56.7500000000002 5.1
vertex 130.88892558254855 -56.17132596924422 5.1
vertex 130.45670858091196 -55.940301168723295 5.1
endloop
endfacet
facet normal -8.775142504151088e-28 -6.633965915933256e-15 1
outer loop
vertex 129.5 -56.7500000000002 5.1
vertex 130.45670858091196 -55.940301168723295 5.1
vertex 129.98772580503984 -55.798036798993394 5.1
endloop
endfacet
facet normal -8.775142504151088e-28 -6.633965915933256e-15 1
outer loop
vertex 129.5 -56.7500000000002 5.1
vertex 129.98772580503984 -55.798036798993394 5.1
vertex 129.5 -55.74999999999977 5.1
endloop
endfacet
facet normal -8.775142504151088e-28 -6.633965915933256e-15 1
outer loop
vertex 129.5 -56.7500000000002 5.1
vertex 129.5 -55.74999999999977 5.1
vertex 129.01227419495956 -55.79803679899167 5.1
endloop
endfacet
facet normal -8.775142504151088e-28 -6.633965915933256e-15 1
outer loop
vertex 129.5 -56.7500000000002 5.1
vertex 129.01227419495956 -55.79803679899167 5.1
vertex 128.54329141908727 -55.94030116872127 5.1
endloop
endfacet
facet normal -8.775142504151088e-28 -6.633965915933256e-15 1
outer loop
vertex 129.5 -56.7500000000002 5.1
vertex 128.54329141908727 -55.94030116872127 5.1
vertex 128.11107441745023 -56.171325969242446 5.1
endloop
endfacet
facet normal -8.775142504151088e-28 -6.633965915933256e-15 1
outer loop
vertex 129.5 -56.7500000000002 5.1
vertex 128.11107441745023 -56.171325969242446 5.1
vertex 127.7322330470334 -56.48223304703324 5.100000000000001
endloop
endfacet
facet normal -8.775142504151088e-28 -6.633965915933256e-15 1
outer loop
vertex 129.5 -56.7500000000002 5.1
vertex 127.7322330470334 -56.48223304703324 5.100000000000001
vertex 127.51248238784919 -56.75000000000046 5.1
endloop
endfacet
endsolid csg.js
