solid csg.js
facet normal 0 0 -1
outer loop
vertex 165.49999999999991 -33 8.1
vertex 165.8472963553339 -33.030384493975596 8.1
vertex 166.18404028665137 -33.12061475842819 8.1
endloop
endfacet
facet normal 0 0 -1
outer loop
vertex 165.49999999999991 -33 8.1
vertex 166.18404028665137 -33.12061475842819 8.1
vertex 166.5 -33.26794919243112 8.1
endloop
endfacet
facet normal 0 0 -1
outer loop
vertex 165.49999999999991 -33 8.1
vertex 166.5 -33.26794919243112 8.1
vertex 166.78557521937307 -33.467911113762035 8.1
endloop
endfacet
facet normal 0 0 -1
outer loop
vertex 165.49999999999991 -33 8.1
vertex 166.78557521937307 -33.467911113762035 8.1
vertex 167.03208888623786 -33.714424780626814 8.1
endloop
endfacet
facet normal 0 0 -1
outer loop
vertex 165.49999999999991 -33 8.1
vertex 167.03208888623786 -33.714424780626814 8.1
vertex 167.2320508075688 -33.99999999999992 8.1
endloop
endfacet
facet normal 0 0 -1
outer loop
vertex 165.49999999999991 -33 8.1
vertex 167.2320508075688 -33.99999999999992 8.1
vertex 167.3793852415718 -34.31595971334859 8.1
endloop
endfacet
facet normal 0 0 -1
outer loop
vertex 165.49999999999991 -33 8.1
vertex 167.3793852415718 -34.31595971334859 8.1
vertex 167.4696155060244 -34.65270364466608 8.1
endloop
endfacet
facet normal 0 0 -1
outer loop
vertex 165.49999999999991 -33 8.1
vertex 167.4696155060244 -34.65270364466608 8.1
vertex 167.5 -34.99999999999995 8.1
endloop
endfacet
facet normal 0 0 -1
outer loop
vertex 165.49999999999991 -33 8.1
vertex 167.5 -34.99999999999995 8.1
vertex 167.5 -35.74999999999977 8.1
endloop
endfacet
facet normal 0 0 -1
outer loop
vertex 165.49999999999991 -33 8.1
vertex 167.5 -35.74999999999977 8.1
vertex 146.5 -35.74999999999977 8.1
endloop
endfacet
facet normal 0 0 -1
outer loop
vertex 165.49999999999991 -33 8.1
vertex 146.5 -35.74999999999977 8.1
vertex 146.5 -34.99999999999995 8.1
endloop
endfacet
facet normal 0 0 -1
outer loop
vertex 165.49999999999991 -33 8.1
vertex 146.5 -34.99999999999995 8.1
vertex 146.5303844939756 -34.65270364466608 8.1
endloop
endfacet
facet normal 0 0 -1
outer loop
vertex 165.49999999999991 -33 8.1
vertex 146.5303844939756 -34.65270364466608 8.1
vertex 146.6206147584282 -34.31595971334859 8.1
endloop
endfacet
facet normal 0 0 -1
outer loop
vertex 165.49999999999991 -33 8.1
vertex 146.6206147584282 -34.31595971334859 8.1
vertex 146.76794919243113 -33.99999999999992 8.1
endloop
endfacet
facet normal 0 0 -1
outer loop
vertex 165.49999999999991 -33 8.1
vertex 146.76794919243113 -33.99999999999992 8.1
vertex 146.96791111376194 -33.714424780626814 8.1
endloop
endfacet
facet normal 0 0 -1
outer loop
vertex 165.49999999999991 -33 8.1
vertex 146.96791111376194 -33.714424780626814 8.1
vertex 147.21442478062696 -33.467911113762035 8.1
endloop
endfacet
facet normal 0 0 -1
outer loop
vertex 165.49999999999991 -33 8.1
vertex 147.21442478062696 -33.467911113762035 8.1
vertex 147.49999999999994 -33.26794919243112 8.1
endloop
endfacet
facet normal 0 0 -1
outer loop
vertex 165.49999999999991 -33 8.1
vertex 147.49999999999994 -33.26794919243112 8.1
vertex 147.8159597133487 -33.12061475842819 8.1
endloop
endfacet
facet normal 0 0 -1
outer loop
vertex 165.49999999999991 -33 8.1
vertex 147.8159597133487 -33.12061475842819 8.1
vertex 148.15270364466613 -33.030384493975596 8.1
endloop
endfacet
facet normal 0 0 -1
outer loop
vertex 165.49999999999991 -33 8.1
vertex 148.15270364466613 -33.030384493975596 8.1
vertex 148.50000000000003 -33 8.1
endloop
endfacet
facet normal 0 0 -1
outer loop
vertex 167.5 -35.74999999999977 8.1
vertex 167.53038449397556 -36.09729635533366 8.1
vertex 146.4696155060244 -36.09729635533366 8.1
endloop
endfacet
facet normal 0 0 -1
outer loop
vertex 167.5 -35.74999999999977 8.1
vertex 146.4696155060244 -36.09729635533366 8.1
vertex 146.5 -35.74999999999977 8.1
endloop
endfacet
facet normal 0 0 -1
outer loop
vertex 167.53038449397556 -36.09729635533366 8.1
vertex 167.62061475842822 -36.43404028665138 8.1
vertex 146.37938524157178 -36.43404028665138 8.1
endloop
endfacet
facet normal 0 0 -1
outer loop
vertex 167.53038449397556 -36.09729635533366 8.1
vertex 146.37938524157178 -36.43404028665138 8.1
vertex 146.4696155060244 -36.09729635533366 8.1
endloop
endfacet
facet normal 0 0 -1
outer loop
vertex 167.62061475842822 -36.43404028665138 8.1
vertex 167.7679491924312 -36.7500000000001 8.1
vertex 146.23205080756884 -36.7500000000001 8.1
endloop
endfacet
facet normal 0 0 -1
outer loop
vertex 167.62061475842822 -36.43404028665138 8.1
vertex 146.23205080756884 -36.7500000000001 8.1
vertex 146.37938524157178 -36.43404028665138 8.1
endloop
endfacet
facet normal 0 0 -1
outer loop
vertex 167.7679491924312 -36.7500000000001 8.1
vertex 167.94300107698353 -37 8.1
vertex 164 -37 8.1
endloop
endfacet
facet normal 0 0 -1
outer loop
vertex 167.7679491924312 -36.7500000000001 8.1
vertex 164 -37 8.1
vertex 150 -37 8.1
endloop
endfacet
facet normal 0 0 -1
outer loop
vertex 167.7679491924312 -36.7500000000001 8.1
vertex 150 -37 8.1
vertex 146.05699892301647 -37 8.1
endloop
endfacet
facet normal 0 0 -1
outer loop
vertex 167.7679491924312 -36.7500000000001 8.1
vertex 146.05699892301647 -37 8.1
vertex 146.23205080756884 -36.7500000000001 8.1
endloop
endfacet
facet normal 0 0 -1
outer loop
vertex 150 -37 8.1
vertex 150 -37.03557521937304 8.1
vertex 146.032088886238 -37.03557521937304 8.1
endloop
endfacet
facet normal 0 0 -1
outer loop
vertex 150 -37 8.1
vertex 146.032088886238 -37.03557521937304 8.1
vertex 146.05699892301647 -37 8.1
endloop
endfacet
facet normal 0 0 -1
outer loop
vertex 167.94300107698353 -37 8.1
vertex 167.967911113762 -37.03557521937304 8.1
vertex 164 -37.03557521937304 8.1
endloop
endfacet
facet normal 0 0 -1
outer loop
vertex 167.94300107698353 -37 8.1
vertex 164 -37.03557521937304 8.1
vertex 164 -37 8.1
endloop
endfacet
facet normal 0 0 -1
outer loop
vertex 150 -37.03557521937304 8.1
vertex 150 -37.28208888623794 8.1
vertex 145.78557521937307 -37.28208888623794 8.1
endloop
endfacet
facet normal 0 0 -1
outer loop
vertex 150 -37.03557521937304 8.1
vertex 145.78557521937307 -37.28208888623794 8.1
vertex 146.032088886238 -37.03557521937304 8.1
endloop
endfacet
facet normal 0 0 -1
outer loop
vertex 167.967911113762 -37.03557521937304 8.1
vertex 168.2144247806269 -37.28208888623794 8.1
vertex 164 -37.28208888623794 8.1
endloop
endfacet
facet normal 0 0 -1
outer loop
vertex 167.967911113762 -37.03557521937304 8.1
vertex 164 -37.28208888623794 8.1
vertex 164 -37.03557521937304 8.1
endloop
endfacet
facet normal 0 0 -1
outer loop
vertex 150 -37.28208888623794 8.1
vertex 150 -37.482050807568875 8.1
vertex 145.5 -37.482050807568875 8.1
endloop
endfacet
facet normal 0 0 -1
outer loop
vertex 150 -37.28208888623794 8.1
vertex 145.5 -37.482050807568875 8.1
vertex 145.78557521937307 -37.28208888623794 8.1
endloop
endfacet
facet normal 0 0 -1
outer loop
vertex 168.2144247806269 -37.28208888623794 8.1
vertex 168.5 -37.482050807568875 8.1
vertex 164 -37.482050807568875 8.1
endloop
endfacet
facet normal 0 0 -1
outer loop
vertex 168.2144247806269 -37.28208888623794 8.1
vertex 164 -37.482050807568875 8.1
vertex 164 -37.28208888623794 8.1
endloop
endfacet
facet normal 0 0 -1
outer loop
vertex 150 -37.482050807568875 8.1
vertex 150 -37.62938524157183 8.1
vertex 145.1840402866513 -37.62938524157183 8.1
endloop
endfacet
facet normal 0 0 -1
outer loop
vertex 150 -37.482050807568875 8.1
vertex 145.1840402866513 -37.62938524157183 8.1
vertex 145.5 -37.482050807568875 8.1
endloop
endfacet
facet normal 0 0 -1
outer loop
vertex 168.5 -37.482050807568875 8.1
vertex 168.8159597133487 -37.62938524157183 8.1
vertex 164 -37.62938524157183 8.1
endloop
endfacet
facet normal 0 0 -1
outer loop
vertex 168.5 -37.482050807568875 8.1
vertex 164 -37.62938524157183 8.1
vertex 164 -37.482050807568875 8.1
endloop
endfacet
facet normal 0 0 -1
outer loop
vertex 150 -37.62938524157183 8.1
vertex 150 -37.719615506024425 8.1
vertex 144.84729635533387 -37.719615506024425 8.1
endloop
endfacet
facet normal 0 0 -1
outer loop
vertex 150 -37.62938524157183 8.1
vertex 144.84729635533387 -37.719615506024425 8.1
vertex 145.1840402866513 -37.62938524157183 8.1
endloop
endfacet
facet normal 0 0 -1
outer loop
vertex 168.8159597133487 -37.62938524157183 8.1
vertex 169.15270364466613 -37.719615506024425 8.1
vertex 164 -37.719615506024425 8.1
endloop
endfacet
facet normal 0 0 -1
outer loop
vertex 168.8159597133487 -37.62938524157183 8.1
vertex 164 -37.719615506024425 8.1
vertex 164 -37.62938524157183 8.1
endloop
endfacet
facet normal 0 0 -1
outer loop
vertex 150 -37.719615506024425 8.1
vertex 150 -37.75 8.1
vertex 144.49999999999994 -37.75 8.1
endloop
endfacet
facet normal 0 0 -1
outer loop
vertex 150 -37.719615506024425 8.1
vertex 144.49999999999994 -37.75 8.1
vertex 144.84729635533387 -37.719615506024425 8.1
endloop
endfacet
facet normal 0 0 -1
outer loop
vertex 169.15270364466613 -37.719615506024425 8.1
vertex 169.49999999999997 -37.75 8.1
vertex 164 -37.75 8.1
endloop
endfacet
facet normal 0 0 -1
outer loop
vertex 169.15270364466613 -37.719615506024425 8.1
vertex 164 -37.75 8.1
vertex 164 -37.719615506024425 8.1
endloop
endfacet
facet normal 0 0 -1
outer loop
vertex 169.49999999999997 -37.75 8.1
vertex 184.5 -37.75 8.1
vertex 184.84729635533387 -37.78038449397558 8.1
endloop
endfacet
facet normal 0 0 -1
outer loop
vertex 169.49999999999997 -37.75 8.1
vertex 184.84729635533387 -37.78038449397558 8.1
vertex 185.18404028665134 -37.87061475842818 8.1
endloop
endfacet
facet normal 0 0 -1
outer loop
vertex 169.49999999999997 -37.75 8.1
vertex 185.18404028665134 -37.87061475842818 8.1
vertex 185.50000000000003 -38.01794919243113 8.1
endloop
endfacet
facet normal 0 0 -1
outer loop
vertex 169.49999999999997 -37.75 8.1
vertex 185.50000000000003 -38.01794919243113 8.1
vertex 185.78557521937313 -38.21791111376208 8.1
endloop
endfacet
facet normal 0 0 -1
outer loop
vertex 169.49999999999997 -37.75 8.1
vertex 185.78557521937313 -38.21791111376208 8.1
vertex 186.03208888623786 -38.464424780626814 8.1
endloop
endfacet
facet normal 0 0 -1
outer loop
vertex 169.49999999999997 -37.75 8.1
vertex 186.03208888623786 -38.464424780626814 8.1
vertex 186.23205080756892 -38.75000000000011 8.1
endloop
endfacet
facet normal 0 0 -1
outer loop
vertex 169.49999999999997 -37.75 8.1
vertex 186.23205080756892 -38.75000000000011 8.1
vertex 186.37938524157187 -39.06595971334876 8.1
endloop
endfacet
facet normal 0 0 -1
outer loop
vertex 169.49999999999997 -37.75 8.1
vertex 186.37938524157187 -39.06595971334876 8.1
vertex 186.4696155060244 -39.40270364466605 8.1
endloop
endfacet
facet normal 0 0 -1
outer loop
vertex 169.49999999999997 -37.75 8.1
vertex 186.4696155060244 -39.40270364466605 8.1
vertex 186.5 -39.75000000000008 8.1
endloop
endfacet
facet normal 0 0 -1
outer loop
vertex 169.49999999999997 -37.75 8.1
vertex 186.5 -39.75000000000008 8.1
vertex 186.5 -40.125 8.1
endloop
endfacet
facet normal 0 0 -1
outer loop
vertex 169.49999999999997 -37.75 8.1
vertex 186.5 -40.125 8.1
vertex 164 -40.125 8.1
endloop
endfacet
facet normal 0 0 -1
outer loop
vertex 169.49999999999997 -37.75 8.1
vertex 164 -40.125 8.1
vertex 164 -37.75 8.1
endloop
endfacet
facet normal 0 0 -1
outer loop
vertex 144.49999999999994 -37.75 8.1
vertex 150 -37.75 8.1
vertex 150 -41.75 8.1
endloop
endfacet
facet normal 0 0 -1
outer loop
vertex 144.49999999999994 -37.75 8.1
vertex 150 -41.75 8.1
vertex 145 -41.75 8.1
endloop
endfacet
facet normal 0 0 -1
outer loop
vertex 144.49999999999994 -37.75 8.1
vertex 145 -41.75 8.1
vertex 131 -41.75 8.1
endloop
endfacet
facet normal 0 0 -1
outer loop
vertex 144.49999999999994 -37.75 8.1
vertex 131 -41.75 8.1
vertex 127.5 -41.75 8.1
endloop
endfacet
facet normal 0 0 -1
outer loop
vertex 144.49999999999994 -37.75 8.1
vertex 127.5 -41.75 8.1
vertex 127.5 -39.75000000000008 8.1
endloop
endfacet
facet normal 0 0 -1
outer loop
vertex 144.49999999999994 -37.75 8.1
vertex 127.5 -39.75000000000008 8.1
vertex 127.5303844939756 -39.40270364466605 8.1
endloop
endfacet
facet normal 0 0 -1
outer loop
vertex 144.49999999999994 -37.75 8.1
vertex 127.5303844939756 -39.40270364466605 8.1
vertex 127.62061475842816 -39.06595971334876 8.1
endloop
endfacet
facet normal 0 0 -1
outer loop
vertex 144.49999999999994 -37.75 8.1
vertex 127.62061475842816 -39.06595971334876 8.1
vertex 127.76794919243117 -38.75000000000011 8.1
endloop
endfacet
facet normal 0 0 -1
outer loop
vertex 144.49999999999994 -37.75 8.1
vertex 127.76794919243117 -38.75000000000011 8.1
vertex 127.96791111376196 -38.464424780626814 8.1
endloop
endfacet
facet normal 0 0 -1
outer loop
vertex 144.49999999999994 -37.75 8.1
vertex 127.96791111376196 -38.464424780626814 8.1
vertex 128.21442478062693 -38.21791111376208 8.1
endloop
endfacet
facet normal 0 0 -1
outer loop
vertex 144.49999999999994 -37.75 8.1
vertex 128.21442478062693 -38.21791111376208 8.1
vertex 128.49999999999994 -38.01794919243113 8.1
endloop
endfacet
facet normal 0 0 -1
outer loop
vertex 144.49999999999994 -37.75 8.1
vertex 128.49999999999994 -38.01794919243113 8.1
vertex 128.81595971334875 -37.87061475842818 8.1
endloop
endfacet
facet normal 0 0 -1
outer loop
vertex 144.49999999999994 -37.75 8.1
vertex 128.81595971334875 -37.87061475842818 8.1
vertex 129.1527036446662 -37.78038449397558 8.1
endloop
endfacet
facet normal 0 0 -1
outer loop
vertex 144.49999999999994 -37.75 8.1
vertex 129.1527036446662 -37.78038449397558 8.1
vertex 129.5 -37.75 8.1
endloop
endfacet
facet normal 0 0 -1
outer loop
vertex 186.5 -40.125 8.1
vertex 203.5 -40.125 8.1
vertex 203.84729635533378 -40.155384493975575 8.1
endloop
endfacet
facet normal 0 0 -1
outer loop
vertex 186.5 -40.125 8.1
vertex 203.84729635533378 -40.155384493975575 8.1
vertex 204.1840402866514 -40.24561475842821 8.1
endloop
endfacet
facet normal 0 0 -1
outer loop
vertex 186.5 -40.125 8.1
vertex 204.1840402866514 -40.24561475842821 8.1
vertex 204.5000000000001 -40.392949192431175 8.1
endloop
endfacet
facet normal 0 0 -1
outer loop
vertex 186.5 -40.125 8.1
vertex 204.5000000000001 -40.392949192431175 8.1
vertex 204.78557521937296 -40.592911113761936 8.1
endloop
endfacet
facet normal 0 0 -1
outer loop
vertex 186.5 -40.125 8.1
vertex 204.78557521937296 -40.592911113761936 8.1
vertex 205.03208888623803 -40.83942478062702 8.1
endloop
endfacet
facet normal 0 0 -1
outer loop
vertex 186.5 -40.125 8.1
vertex 205.03208888623803 -40.83942478062702 8.1
vertex 205.23205080756887 -41.124999999999986 8.1
endloop
endfacet
facet normal 0 0 -1
outer loop
vertex 186.5 -40.125 8.1
vertex 205.23205080756887 -41.124999999999986 8.1
vertex 205.3793852415718 -41.44095971334865 8.1
endloop
endfacet
facet normal 0 0 -1
outer loop
vertex 186.5 -40.125 8.1
vertex 205.3793852415718 -41.44095971334865 8.1
vertex 205.46219233680873 -41.75 8.1
endloop
endfacet
facet normal 0 0 -1
outer loop
vertex 186.5 -40.125 8.1
vertex 205.46219233680873 -41.75 8.1
vertex 183 -41.75 8.1
endloop
endfacet
facet normal 0 0 -1
outer loop
vertex 186.5 -40.125 8.1
vertex 183 -41.75 8.1
vertex 169 -41.75 8.1
endloop
endfacet
facet normal 0 0 -1
outer loop
vertex 186.5 -40.125 8.1
vertex 169 -41.75 8.1
vertex 164 -41.75 8.1
endloop
endfacet
facet normal 0 0 -1
outer loop
vertex 186.5 -40.125 8.1
vertex 164 -41.75 8.1
vertex 164 -40.125 8.1
endloop
endfacet
facet normal 0 0 -1
outer loop
vertex 205.46219233680873 -41.75 8.1
vertex 205.46961550602444 -41.777703644666246 8.1
vertex 205.5 -42.12499999999979 8.1
endloop
endfacet
facet normal 0 0 -1
outer loop
vertex 205.46219233680873 -41.75 8.1
vertex 205.5 -42.12499999999979 8.1
vertex 205.5 -44.125 8.1
endloop
endfacet
facet normal 0 0 -1
outer loop
vertex 205.46219233680873 -41.75 8.1
vertex 205.5 -44.125 8.1
vertex 202 -44.125 8.1
endloop
endfacet
facet normal 0 0 -1
outer loop
vertex 205.46219233680873 -41.75 8.1
vertex 202 -44.125 8.1
vertex 188 -44.125 8.1
endloop
endfacet
facet normal 0 0 -1
outer loop
vertex 205.46219233680873 -41.75 8.1
vertex 188 -44.125 8.1
vertex 183 -44.125 8.1
endloop
endfacet
facet normal 0 0 -1
outer loop
vertex 205.46219233680873 -41.75 8.1
vertex 183 -44.125 8.1
vertex 183 -41.75 8.1
endloop
endfacet
facet normal 0 0 -1
outer loop
vertex 131 -41.75 8.1
vertex 131 -44.75000000000003 8.1
vertex 127.5 -44.75000000000003 8.1
endloop
endfacet
facet normal 0 0 -1
outer loop
vertex 131 -41.75 8.1
vertex 127.5 -44.75000000000003 8.1
vertex 127.5 -41.75 8.1
endloop
endfacet
facet normal 0 0 -1
outer loop
vertex 131 -44.75000000000003 8.1
vertex 131 -45.097296355333896 8.1
vertex 127.46961550602441 -45.097296355333896 8.1
endloop
endfacet
facet normal 0 0 -1
outer loop
vertex 131 -44.75000000000003 8.1
vertex 127.46961550602441 -45.097296355333896 8.1
vertex 127.5 -44.75000000000003 8.1
endloop
endfacet
facet normal 0 0 -1
outer loop
vertex 131 -45.097296355333896 8.1
vertex 131 -45.434040286651225 8.1
vertex 127.37938524157185 -45.434040286651225 8.1
endloop
endfacet
facet normal 0 0 -1
outer loop
vertex 131 -45.097296355333896 8.1
vertex 127.37938524157185 -45.434040286651225 8.1
vertex 127.46961550602441 -45.097296355333896 8.1
endloop
endfacet
facet normal 0 0 -1
outer loop
vertex 131 -45.434040286651225 8.1
vertex 131 -45.750000000000135 8.1
vertex 127.23205080756881 -45.750000000000135 8.1
endloop
endfacet
facet normal 0 0 -1
outer loop
vertex 131 -45.434040286651225 8.1
vertex 127.23205080756881 -45.750000000000135 8.1
vertex 127.37938524157185 -45.434040286651225 8.1
endloop
endfacet
facet normal 0 0 -1
outer loop
vertex 131 -45.750000000000135 8.1
vertex 131 -46.03557521937301 8.1
vertex 127.03208888623803 -46.03557521937301 8.1
endloop
endfacet
facet normal 0 0 -1
outer loop
vertex 131 -45.750000000000135 8.1
vertex 127.03208888623803 -46.03557521937301 8.1
vertex 127.23205080756881 -45.750000000000135 8.1
endloop
endfacet
facet normal 0 0 -1
outer loop
vertex 131 -46.03557521937301 8.1
vertex 131 -46.28208888623793 8.1
vertex 126.7855752193731 -46.28208888623793 8.1
endloop
endfacet
facet normal 0 0 -1
outer loop
vertex 131 -46.03557521937301 8.1
vertex 126.7855752193731 -46.28208888623793 8.1
vertex 127.03208888623803 -46.03557521937301 8.1
endloop
endfacet
facet normal 0 0 -1
outer loop
vertex 131 -46.28208888623793 8.1
vertex 131 -46.48205080756886 8.1
vertex 126.50000000000001 -46.48205080756886 8.1
endloop
endfacet
facet normal 0 0 -1
outer loop
vertex 131 -46.28208888623793 8.1
vertex 126.50000000000001 -46.48205080756886 8.1
vertex 126.7855752193731 -46.28208888623793 8.1
endloop
endfacet
facet normal 0 0 -1
outer loop
vertex 131 -46.48205080756886 8.1
vertex 131 -46.62938524157183 8.1
vertex 126.1840402866513 -46.62938524157183 8.1
endloop
endfacet
facet normal 0 0 -1
outer loop
vertex 131 -46.48205080756886 8.1
vertex 126.1840402866513 -46.62938524157183 8.1
vertex 126.50000000000001 -46.48205080756886 8.1
endloop
endfacet
facet normal 0 0 -1
outer loop
vertex 131 -46.62938524157183 8.1
vertex 131 -46.719615506024425 8.1
vertex 125.84729635533385 -46.719615506024425 8.1
endloop
endfacet
facet normal 0 0 -1
outer loop
vertex 131 -46.62938524157183 8.1
vertex 125.84729635533385 -46.719615506024425 8.1
vertex 126.1840402866513 -46.62938524157183 8.1
endloop
endfacet
facet normal 0 0 -1
outer loop
vertex 131 -46.719615506024425 8.1
vertex 131 -46.75 8.1
vertex 125.49999999999999 -46.75 8.1
endloop
endfacet
facet normal 0 0 -1
outer loop
vertex 131 -46.719615506024425 8.1
vertex 125.49999999999999 -46.75 8.1
vertex 125.84729635533385 -46.719615506024425 8.1
endloop
endfacet
facet normal 0 0 -1
outer loop
vertex 125.49999999999999 -46.75 8.1
vertex 131 -46.75 8.1
vertex 131 -50.000000000000014 8.1
endloop
endfacet
facet normal 0 0 -1
outer loop
vertex 125.49999999999999 -46.75 8.1
vertex 131 -50.000000000000014 8.1
vertex 117.5 -50.000000000000014 8.1
endloop
endfacet
facet normal 0 0 -1
outer loop
vertex 125.49999999999999 -46.75 8.1
vertex 117.5 -50.000000000000014 8.1
vertex 117.5 -48.749999999999964 8.1
endloop
endfacet
facet normal 0 0 -1
outer loop
vertex 125.49999999999999 -46.75 8.1
vertex 117.5 -48.749999999999964 8.1
vertex 117.53038449397557 -48.40270364466626 8.1
endloop
endfacet
facet normal 0 0 -1
outer loop
vertex 125.49999999999999 -46.75 8.1
vertex 117.53038449397557 -48.40270364466626 8.1
vertex 117.62061475842822 -48.0659597133486 8.1
endloop
endfacet
facet normal 0 0 -1
outer loop
vertex 125.49999999999999 -46.75 8.1
vertex 117.62061475842822 -48.0659597133486 8.1
vertex 117.76794919243109 -47.75000000000005 8.1
endloop
endfacet
facet normal 0 0 -1
outer loop
vertex 125.49999999999999 -46.75 8.1
vertex 117.76794919243109 -47.75000000000005 8.1
vertex 117.96791111376206 -47.464424780626906 8.1
endloop
endfacet
facet normal 0 0 -1
outer loop
vertex 125.49999999999999 -46.75 8.1
vertex 117.96791111376206 -47.464424780626906 8.1
vertex 118.21442478062697 -47.217911113762 8.1
endloop
endfacet
facet normal 0 0 -1
outer loop
vertex 125.49999999999999 -46.75 8.1
vertex 118.21442478062697 -47.217911113762 8.1
vertex 118.5 -47.01794919243112 8.1
endloop
endfacet
facet normal 0 0 -1
outer loop
vertex 125.49999999999999 -46.75 8.1
vertex 118.5 -47.01794919243112 8.1
vertex 118.81595971334859 -46.87061475842821 8.1
endloop
endfacet
facet normal 0 0 -1
outer loop
vertex 125.49999999999999 -46.75 8.1
vertex 118.81595971334859 -46.87061475842821 8.1
vertex 119.1527036446662 -46.780384493975575 8.1
endloop
endfacet
facet normal 0 0 -1
outer loop
vertex 125.49999999999999 -46.75 8.1
vertex 119.1527036446662 -46.780384493975575 8.1
vertex 119.50000000000001 -46.75 8.1
endloop
endfacet
facet normal 0 0 -1
outer loop
vertex 131 -50.000000000000014 8.1
vertex 131 -50.34729635533387 8.1
vertex 117.46961550602441 -50.34729635533387 8.1
endloop
endfacet
facet normal 0 0 -1
outer loop
vertex 131 -50.000000000000014 8.1
vertex 117.46961550602441 -50.34729635533387 8.1
vertex 117.5 -50.000000000000014 8.1
endloop
endfacet
facet normal 0 0 -1
outer loop
vertex 131 -50.34729635533387 8.1
vertex 131 -50.68404028665138 8.1
vertex 117.3793852415718 -50.68404028665138 8.1
endloop
endfacet
facet normal 0 0 -1
outer loop
vertex 131 -50.34729635533387 8.1
vertex 117.3793852415718 -50.68404028665138 8.1
vertex 117.46961550602441 -50.34729635533387 8.1
endloop
endfacet
facet normal 0 0 -1
outer loop
vertex 131 -50.68404028665138 8.1
vertex 131 -51 8.1
vertex 117.23205080756888 -51 8.1
endloop
endfacet
facet normal 0 0 -1
outer loop
vertex 131 -50.68404028665138 8.1
vertex 117.23205080756888 -51 8.1
vertex 117.3793852415718 -50.68404028665138 8.1
endloop
endfacet
facet normal 0 0 -1
outer loop
vertex 150 -41.75 8.1
vertex 150 -51 8.1
vertex 145 -51 8.1
endloop
endfacet
facet normal 0 0 -1
outer loop
vertex 150 -41.75 8.1
vertex 145 -51 8.1
vertex 145 -41.75 8.1
endloop
endfacet
facet normal 0 0 -1
outer loop
vertex 169 -41.75 8.1
vertex 169 -51 8.1
vertex 164 -51 8.1
endloop
endfacet
facet normal 0 0 -1
outer loop
vertex 169 -41.75 8.1
vertex 164 -51 8.1
vertex 164 -41.75 8.1
endloop
endfacet
facet normal 0 0 -1
outer loop
vertex 131 -51 8.1
vertex 131 -51.28557521937301 8.1
vertex 117.03208888623799 -51.28557521937301 8.1
endloop
endfacet
facet normal 0 0 -1
outer loop
vertex 131 -51 8.1
vertex 117.03208888623799 -51.28557521937301 8.1
vertex 117.23205080756888 -51 8.1
endloop
endfacet
facet normal 0 0 -1
outer loop
vertex 131 -51.28557521937301 8.1
vertex 131 -51.532088886237936 8.1
vertex 116.7855752193731 -51.532088886237936 8.1
endloop
endfacet
facet normal 0 0 -1
outer loop
vertex 131 -51.28557521937301 8.1
vertex 116.7855752193731 -51.532088886237936 8.1
vertex 117.03208888623799 -51.28557521937301 8.1
endloop
endfacet
facet normal 0 0 -1
outer loop
vertex 131 -51.532088886237936 8.1
vertex 131 -51.73205080756892 8.1
vertex 116.49999999999994 -51.73205080756892 8.1
endloop
endfacet
facet normal 0 0 -1
outer loop
vertex 131 -51.532088886237936 8.1
vertex 116.49999999999994 -51.73205080756892 8.1
vertex 116.7855752193731 -51.532088886237936 8.1
endloop
endfacet
facet normal 0 0 -1
outer loop
vertex 131 -51.73205080756892 8.1
vertex 131 -51.879385241571775 8.1
vertex 116.18404028665147 -51.879385241571775 8.1
endloop
endfacet
facet normal 0 0 -1
outer loop
vertex 131 -51.73205080756892 8.1
vertex 116.18404028665147 -51.879385241571775 8.1
vertex 116.49999999999994 -51.73205080756892 8.1
endloop
endfacet
facet normal 0 0 -1
outer loop
vertex 131 -51.879385241571775 8.1
vertex 131 -51.969615506024425 8.1
vertex 115.84729635533381 -51.969615506024425 8.1
endloop
endfacet
facet normal 0 0 -1
outer loop
vertex 131 -51.879385241571775 8.1
vertex 115.84729635533381 -51.969615506024425 8.1
vertex 116.18404028665147 -51.879385241571775 8.1
endloop
endfacet
facet normal 0 0 -1
outer loop
vertex 131 -51.969615506024425 8.1
vertex 131 -52 8.1
vertex 115.50000000000004 -52 8.1
endloop
endfacet
facet normal 0 0 -1
outer loop
vertex 131 -51.969615506024425 8.1
vertex 115.50000000000004 -52 8.1
vertex 115.84729635533381 -51.969615506024425 8.1
endloop
endfacet
facet normal 0 0 -1
outer loop
vertex 115.50000000000004 -52 8.1
vertex 131 -52 8.1
vertex 131 -55.75 8.1
endloop
endfacet
facet normal 0 0 -1
outer loop
vertex 115.50000000000004 -52 8.1
vertex 131 -55.75 8.1
vertex 89.5 -55.75 8.1
endloop
endfacet
facet normal 0 0 -1
outer loop
vertex 115.50000000000004 -52 8.1
vertex 89.5 -55.75 8.1
vertex 89.5 -53.99999999999994 8.1
endloop
endfacet
facet normal 0 0 -1
outer loop
vertex 115.50000000000004 -52 8.1
vertex 89.5 -53.99999999999994 8.1
vertex 89.53038449397557 -53.65270364466623 8.1
endloop
endfacet
facet normal 0 0 -1
outer loop
vertex 115.50000000000004 -52 8.1
vertex 89.53038449397557 -53.65270364466623 8.1
vertex 89.62061475842822 -53.31595971334859 8.1
endloop
endfacet
facet normal 0 0 -1
outer loop
vertex 115.50000000000004 -52 8.1
vertex 89.62061475842822 -53.31595971334859 8.1
vertex 89.7679491924311 -53.000000000000036 8.1
endloop
endfacet
facet normal 0 0 -1
outer loop
vertex 115.50000000000004 -52 8.1
vertex 89.7679491924311 -53.000000000000036 8.1
vertex 89.96791111376207 -52.71442478062689 8.1
endloop
endfacet
facet normal 0 0 -1
outer loop
vertex 115.50000000000004 -52 8.1
vertex 89.96791111376207 -52.71442478062689 8.1
vertex 90.21442478062698 -52.46791111376198 8.1
endloop
endfacet
facet normal 0 0 -1
outer loop
vertex 115.50000000000004 -52 8.1
vertex 90.21442478062698 -52.46791111376198 8.1
vertex 90.49999999999989 -52.26794919243118 8.1
endloop
endfacet
facet normal 0 0 -1
outer loop
vertex 115.50000000000004 -52 8.1
vertex 90.49999999999989 -52.26794919243118 8.1
vertex 90.81595971334869 -52.120614758428175 8.1
endloop
endfacet
facet normal 0 0 -1
outer loop
vertex 115.50000000000004 -52 8.1
vertex 90.81595971334869 -52.120614758428175 8.1
vertex 91.15270364466615 -52.030384493975575 8.1
endloop
endfacet
facet normal 0 0 -1
outer loop
vertex 115.50000000000004 -52 8.1
vertex 91.15270364466615 -52.030384493975575 8.1
vertex 91.49999999999997 -52 8.1
endloop
endfacet
facet normal 0 0 -1
outer loop
vertex 150 -51 8.1
vertex 164 -51 8.1
vertex 169 -51 8.1
endloop
endfacet
facet normal 0 0 -1
outer loop
vertex 150 -51 8.1
vertex 169 -51 8.1
vertex 169 -55.75 8.1
endloop
endfacet
facet normal 0 0 -1
outer loop
vertex 150 -51 8.1
vertex 169 -55.75 8.1
vertex 145 -55.75 8.1
endloop
endfacet
facet normal 0 0 -1
outer loop
vertex 150 -51 8.1
vertex 145 -55.75 8.1
vertex 145 -51 8.1
endloop
endfacet
facet normal 0 0 -1
outer loop
vertex 188 -44.125 8.1
vertex 188 -55.75 8.1
vertex 183 -55.75 8.1
endloop
endfacet
facet normal 0 0 -1
outer loop
vertex 188 -44.125 8.1
vertex 183 -55.75 8.1
vertex 183 -44.125 8.1
endloop
endfacet
facet normal 0 0 -1
outer loop
vertex 131 -55.75 8.1
vertex 145 -55.75 8.1
vertex 169 -55.75 8.1
endloop
endfacet
facet normal 0 0 -1
outer loop
vertex 131 -55.75 8.1
vertex 169 -55.75 8.1
vertex 183 -55.75 8.1
endloop
endfacet
facet normal 0 0 -1
outer loop
vertex 131 -55.75 8.1
vertex 183 -55.75 8.1
vertex 188 -55.75 8.1
endloop
endfacet
facet normal 0 0 -1
outer loop
vertex 131 -55.75 8.1
vertex 188 -55.75 8.1
vertex 188 -56 8.1
endloop
endfacet
facet normal 0 0 -1
outer loop
vertex 131 -55.75 8.1
vertex 188 -56 8.1
vertex 164 -56 8.1
endloop
endfacet
facet normal 0 0 -1
outer loop
vertex 131 -55.75 8.1
vertex 164 -56 8.1
vertex 150 -56 8.1
endloop
endfacet
facet normal 0 0 -1
outer loop
vertex 131 -55.75 8.1
vertex 150 -56 8.1
vertex 126 -56 8.1
endloop
endfacet
facet normal 0 0 -1
outer loop
vertex 131 -55.75 8.1
vertex 126 -56 8.1
vertex 112 -56 8.1
endloop
endfacet
facet normal 0 0 -1
outer loop
vertex 131 -55.75 8.1
vertex 112 -56 8.1
vertex 107 -56 8.1
endloop
endfacet
facet normal 0 0 -1
outer loop
vertex 131 -55.75 8.1
vertex 107 -56 8.1
vertex 93 -56 8.1
endloop
endfacet
facet normal 0 0 -1
outer loop
vertex 131 -55.75 8.1
vertex 93 -56 8.1
vertex 89.5 -56 8.1
endloop
endfacet
facet normal 0 0 -1
outer loop
vertex 131 -55.75 8.1
vertex 89.5 -56 8.1
vertex 89.5 -55.75 8.1
endloop
endfacet
facet normal 0 0 -1
outer loop
vertex 150 -56 8.1
vertex 150 -56.749999999999986 8.1
vertex 129.5 -56.749999999999986 8.1
endloop
endfacet
facet normal 0 0 -1
outer loop
vertex 150 -56 8.1
vertex 129.5 -56.749999999999986 8.1
vertex 126 -56.749999999999986 8.1
endloop
endfacet
facet normal 0 0 -1
outer loop
vertex 150 -56 8.1
vertex 126 -56.749999999999986 8.1
vertex 126 -56 8.1
endloop
endfacet
facet normal 0 0 -1
outer loop
vertex 129.5 -56.749999999999986 8.1
vertex 129.20736451697593 -56.778822079395134 8.1
vertex 126 -56.778822079395134 8.1
endloop
endfacet
facet normal 0 0 -1
outer loop
vertex 129.5 -56.749999999999986 8.1
vertex 126 -56.778822079395134 8.1
vertex 126 -56.749999999999986 8.1
endloop
endfacet
facet normal 0 0 -1
outer loop
vertex 150 -56.749999999999986 8.1
vertex 150 -56.778822079395134 8.1
vertex 129.79263548302418 -56.778822079395134 8.1
endloop
endfacet
facet normal 0 0 -1
outer loop
vertex 150 -56.749999999999986 8.1
vertex 129.79263548302418 -56.778822079395134 8.1
vertex 129.5 -56.749999999999986 8.1
endloop
endfacet
facet normal 0 0 -1
outer loop
vertex 129.20736451697593 -56.778822079395134 8.1
vertex 128.9259748514524 -56.86418070123306 8.1
vertex 126 -56.86418070123306 8.1
endloop
endfacet
facet normal 0 0 -1
outer loop
vertex 129.20736451697593 -56.778822079395134 8.1
vertex 126 -56.86418070123306 8.1
vertex 126 -56.778822079395134 8.1
endloop
endfacet
facet normal 0 0 -1
outer loop
vertex 150 -56.778822079395134 8.1
vertex 150 -56.86418070123306 8.1
vertex 130.0740251485476 -56.86418070123306 8.1
endloop
endfacet
facet normal 0 0 -1
outer loop
vertex 150 -56.778822079395134 8.1
vertex 130.0740251485476 -56.86418070123306 8.1
vertex 129.79263548302418 -56.778822079395134 8.1
endloop
endfacet
facet normal 0 0 -1
outer loop
vertex 128.9259748514524 -56.86418070123306 8.1
vertex 128.6666446504706 -57.00279558154617 8.1
vertex 126 -57.00279558154617 8.1
endloop
endfacet
facet normal 0 0 -1
outer loop
vertex 128.9259748514524 -56.86418070123306 8.1
vertex 126 -57.00279558154617 8.1
vertex 126 -56.86418070123306 8.1
endloop
endfacet
facet normal 0 0 -1
outer loop
vertex 150 -56.86418070123306 8.1
vertex 150 -57.00279558154617 8.1
vertex 130.33335534952937 -57.00279558154617 8.1
endloop
endfacet
facet normal 0 0 -1
outer loop
vertex 150 -56.86418070123306 8.1
vertex 130.33335534952937 -57.00279558154617 8.1
vertex 130.0740251485476 -56.86418070123306 8.1
endloop
endfacet
facet normal 0 0 -1
outer loop
vertex 128.6666446504706 -57.00279558154617 8.1
vertex 128.43933982822014 -57.18933982822017 8.1
vertex 126 -57.18933982822017 8.1
endloop
endfacet
facet normal 0 0 -1
outer loop
vertex 128.6666446504706 -57.00279558154617 8.1
vertex 126 -57.18933982822017 8.1
vertex 126 -57.00279558154617 8.1
endloop
endfacet
facet normal 0 0 -1
outer loop
vertex 150 -57.00279558154617 8.1
vertex 150 -57.18933982822017 8.1
vertex 130.5606601717798 -57.18933982822017 8.1
endloop
endfacet
facet normal 0 0 -1
outer loop
vertex 150 -57.00279558154617 8.1
vertex 130.5606601717798 -57.18933982822017 8.1
vertex 130.33335534952937 -57.00279558154617 8.1
endloop
endfacet
facet normal 0 0 -1
outer loop
vertex 128.43933982822014 -57.18933982822017 8.1
vertex 128.25279558154617 -57.41664465047068 8.1
vertex 126 -57.41664465047068 8.1
endloop
endfacet
facet normal 0 0 -1
outer loop
vertex 128.43933982822014 -57.18933982822017 8.1
vertex 126 -57.41664465047068 8.1
vertex 126 -57.18933982822017 8.1
endloop
endfacet
facet normal 0 0 -1
outer loop
vertex 150 -57.18933982822017 8.1
vertex 150 -57.41664465047068 8.1
vertex 130.74720441845386 -57.41664465047068 8.1
endloop
endfacet
facet normal 0 0 -1
outer loop
vertex 150 -57.18933982822017 8.1
vertex 130.74720441845386 -57.41664465047068 8.1
vertex 130.5606601717798 -57.18933982822017 8.1
endloop
endfacet
facet normal 0 0 -1
outer loop
vertex 128.25279558154617 -57.41664465047068 8.1
vertex 128.11418070123304 -57.67597485145239 8.1
vertex 126 -57.67597485145239 8.1
endloop
endfacet
facet normal 0 0 -1
outer loop
vertex 128.25279558154617 -57.41664465047068 8.1
vertex 126 -57.67597485145239 8.1
vertex 126 -57.41664465047068 8.1
endloop
endfacet
facet normal 0 0 -1
outer loop
vertex 150 -57.41664465047068 8.1
vertex 150 -57.67597485145239 8.1
vertex 130.88581929876696 -57.67597485145239 8.1
endloop
endfacet
facet normal 0 0 -1
outer loop
vertex 150 -57.41664465047068 8.1
vertex 130.88581929876696 -57.67597485145239 8.1
vertex 130.74720441845386 -57.41664465047068 8.1
endloop
endfacet
facet normal 0 0 -1
outer loop
vertex 128.11418070123304 -57.67597485145239 8.1
vertex 128.0288220793952 -57.957364516975765 8.1
vertex 126 -57.957364516975765 8.1
endloop
endfacet
facet normal 0 0 -1
outer loop
vertex 128.11418070123304 -57.67597485145239 8.1
vertex 126 -57.957364516975765 8.1
vertex 126 -57.67597485145239 8.1
endloop
endfacet
facet normal 0 0 -1
outer loop
vertex 150 -57.67597485145239 8.1
vertex 150 -57.957364516975765 8.1
vertex 130.97117792060484 -57.957364516975765 8.1
endloop
endfacet
facet normal 0 0 -1
outer loop
vertex 150 -57.67597485145239 8.1
vertex 130.97117792060484 -57.957364516975765 8.1
vertex 130.88581929876696 -57.67597485145239 8.1
endloop
endfacet
facet normal 0 0 -1
outer loop
vertex 188 -56 8.1
vertex 188 -58.125 8.1
vertex 185.12000000000003 -58.125 8.1
endloop
endfacet
facet normal 0 0 -1
outer loop
vertex 188 -56 8.1
vertex 185.12000000000003 -58.125 8.1
vertex 164 -58.125 8.1
endloop
endfacet
facet normal 0 0 -1
outer loop
vertex 188 -56 8.1
vertex 164 -58.125 8.1
vertex 164 -56 8.1
endloop
endfacet
facet normal 0 0 -1
outer loop
vertex 205.5 -44.125 8.1
vertex 205.5 -58.125 8.1
vertex 202 -58.125 8.1
endloop
endfacet
facet normal 0 0 -1
outer loop
vertex 205.5 -44.125 8.1
vertex 202 -58.125 8.1
vertex 202 -44.125 8.1
endloop
endfacet
facet normal 0 0 -1
outer loop
vertex 185.12000000000003 -58.125 8.1
vertex 184.82736451697585 -58.153822079395155 8.1
vertex 164 -58.153822079395155 8.1
endloop
endfacet
facet normal 0 0 -1
outer loop
vertex 185.12000000000003 -58.125 8.1
vertex 164 -58.153822079395155 8.1
vertex 164 -58.125 8.1
endloop
endfacet
facet normal 0 0 -1
outer loop
vertex 188 -58.125 8.1
vertex 202 -58.125 8.1
vertex 205.5 -58.125 8.1
endloop
endfacet
facet normal 0 0 -1
outer loop
vertex 188 -58.125 8.1
vertex 205.5 -58.125 8.1
vertex 205.5 -58.153822079395155 8.1
endloop
endfacet
facet normal 0 0 -1
outer loop
vertex 188 -58.125 8.1
vertex 205.5 -58.153822079395155 8.1
vertex 185.41263548302422 -58.153822079395155 8.1
endloop
endfacet
facet normal 0 0 -1
outer loop
vertex 188 -58.125 8.1
vertex 185.41263548302422 -58.153822079395155 8.1
vertex 185.12000000000003 -58.125 8.1
endloop
endfacet
facet normal 0 0 -1
outer loop
vertex 184.82736451697585 -58.153822079395155 8.1
vertex 184.54597485145237 -58.23918070123306 8.1
vertex 164 -58.23918070123306 8.1
endloop
endfacet
facet normal 0 0 -1
outer loop
vertex 184.82736451697585 -58.153822079395155 8.1
vertex 164 -58.23918070123306 8.1
vertex 164 -58.153822079395155 8.1
endloop
endfacet
facet normal 0 0 -1
outer loop
vertex 205.5 -58.153822079395155 8.1
vertex 205.5 -58.23918070123306 8.1
vertex 185.69402514854764 -58.23918070123306 8.1
endloop
endfacet
facet normal 0 0 -1
outer loop
vertex 205.5 -58.153822079395155 8.1
vertex 185.69402514854764 -58.23918070123306 8.1
vertex 185.41263548302422 -58.153822079395155 8.1
endloop
endfacet
facet normal 0 0 -1
outer loop
vertex 128.0288220793952 -57.957364516975765 8.1
vertex 127.99999999999997 -58.249999999999915 8.1
vertex 126 -58.249999999999915 8.1
endloop
endfacet
facet normal 0 0 -1
outer loop
vertex 128.0288220793952 -57.957364516975765 8.1
vertex 126 -58.249999999999915 8.1
vertex 126 -57.957364516975765 8.1
endloop
endfacet
facet normal 0 0 -1
outer loop
vertex 150 -57.957364516975765 8.1
vertex 150 -58.249999999999915 8.1
vertex 131 -58.249999999999915 8.1
endloop
endfacet
facet normal 0 0 -1
outer loop
vertex 150 -57.957364516975765 8.1
vertex 131 -58.249999999999915 8.1
vertex 130.97117792060484 -57.957364516975765 8.1
endloop
endfacet
facet normal 0 0 -1
outer loop
vertex 184.54597485145237 -58.23918070123306 8.1
vertex 184.28664465047066 -58.377795581546145 8.1
vertex 164 -58.377795581546145 8.1
endloop
endfacet
facet normal 0 0 -1
outer loop
vertex 184.54597485145237 -58.23918070123306 8.1
vertex 164 -58.377795581546145 8.1
vertex 164 -58.23918070123306 8.1
endloop
endfacet
facet normal 0 0 -1
outer loop
vertex 205.5 -58.23918070123306 8.1
vertex 205.5 -58.377795581546145 8.1
vertex 185.95335534952935 -58.377795581546145 8.1
endloop
endfacet
facet normal 0 0 -1
outer loop
vertex 205.5 -58.23918070123306 8.1
vertex 185.95335534952935 -58.377795581546145 8.1
vertex 185.69402514854764 -58.23918070123306 8.1
endloop
endfacet
facet normal 0 0 -1
outer loop
vertex 127.99999999999997 -58.249999999999915 8.1
vertex 128.02882207939513 -58.5426354830241 8.1
vertex 126 -58.5426354830241 8.1
endloop
endfacet
facet normal 0 0 -1
outer loop
vertex 127.99999999999997 -58.249999999999915 8.1
vertex 126 -58.5426354830241 8.1
vertex 126 -58.249999999999915 8.1
endloop
endfacet
facet normal 0 0 -1
outer loop
vertex 150 -58.249999999999915 8.1
vertex 150 -58.5426354830241 8.1
vertex 130.97117792060484 -58.5426354830241 8.1
endloop
endfacet
facet normal 0 0 -1
outer loop
vertex 150 -58.249999999999915 8.1
vertex 130.97117792060484 -58.5426354830241 8.1
vertex 131 -58.249999999999915 8.1
endloop
endfacet
facet normal 0 0 -1
outer loop
vertex 184.28664465047066 -58.377795581546145 8.1
vertex 184.0593398282201 -58.56433982822027 8.1
vertex 164 -58.56433982822027 8.1
endloop
endfacet
facet normal 0 0 -1
outer loop
vertex 184.28664465047066 -58.377795581546145 8.1
vertex 164 -58.56433982822027 8.1
vertex 164 -58.377795581546145 8.1
endloop
endfacet
facet normal 0 0 -1
outer loop
vertex 205.5 -58.377795581546145 8.1
vertex 205.5 -58.56433982822027 8.1
vertex 186.18066017177992 -58.56433982822027 8.1
endloop
endfacet
facet normal 0 0 -1
outer loop
vertex 205.5 -58.377795581546145 8.1
vertex 186.18066017177992 -58.56433982822027 8.1
vertex 185.95335534952935 -58.377795581546145 8.1
endloop
endfacet
facet normal 0 0 -1
outer loop
vertex 184.0593398282201 -58.56433982822027 8.1
vertex 183.87279558154628 -58.79164465047061 8.1
vertex 164 -58.79164465047061 8.1
endloop
endfacet
facet normal 0 0 -1
outer loop
vertex 184.0593398282201 -58.56433982822027 8.1
vertex 164 -58.79164465047061 8.1
vertex 164 -58.56433982822027 8.1
endloop
endfacet
facet normal 0 0 -1
outer loop
vertex 205.5 -58.56433982822027 8.1
vertex 205.5 -58.79164465047061 8.1
vertex 186.36720441845384 -58.79164465047061 8.1
endloop
endfacet
facet normal 0 0 -1
outer loop
vertex 205.5 -58.56433982822027 8.1
vertex 186.36720441845384 -58.79164465047061 8.1
vertex 186.18066017177992 -58.56433982822027 8.1
endloop
endfacet
facet normal 0 0 -1
outer loop
vertex 128.02882207939513 -58.5426354830241 8.1
vertex 128.11418070123312 -58.82402514854786 8.1
vertex 126 -58.82402514854786 8.1
endloop
endfacet
facet normal 0 0 -1
outer loop
vertex 128.02882207939513 -58.5426354830241 8.1
vertex 126 -58.82402514854786 8.1
vertex 126 -58.5426354830241 8.1
endloop
endfacet
facet normal 0 0 -1
outer loop
vertex 150 -58.5426354830241 8.1
vertex 150 -58.82402514854786 8.1
vertex 130.88581929876685 -58.82402514854786 8.1
endloop
endfacet
facet normal 0 0 -1
outer loop
vertex 150 -58.5426354830241 8.1
vertex 130.88581929876685 -58.82402514854786 8.1
vertex 130.97117792060484 -58.5426354830241 8.1
endloop
endfacet
facet normal 0 0 -1
outer loop
vertex 183.87279558154628 -58.79164465047061 8.1
vertex 183.7341807012332 -59.050974851452125 8.1
vertex 164 -59.050974851452125 8.1
endloop
endfacet
facet normal 0 0 -1
outer loop
vertex 183.87279558154628 -58.79164465047061 8.1
vertex 164 -59.050974851452125 8.1
vertex 164 -58.79164465047061 8.1
endloop
endfacet
facet normal 0 0 -1
outer loop
vertex 205.5 -58.79164465047061 8.1
vertex 205.5 -59.050974851452125 8.1
vertex 186.50581929876682 -59.050974851452125 8.1
endloop
endfacet
facet normal 0 0 -1
outer loop
vertex 205.5 -58.79164465047061 8.1
vertex 186.50581929876682 -59.050974851452125 8.1
vertex 186.36720441845384 -58.79164465047061 8.1
endloop
endfacet
facet normal 0 0 -1
outer loop
vertex 128.11418070123312 -58.82402514854786 8.1
vertex 128.25279558154605 -59.083355349529285 8.1
vertex 126 -59.083355349529285 8.1
endloop
endfacet
facet normal 0 0 -1
outer loop
vertex 128.11418070123312 -58.82402514854786 8.1
vertex 126 -59.083355349529285 8.1
vertex 126 -58.82402514854786 8.1
endloop
endfacet
facet normal 0 0 -1
outer loop
vertex 150 -58.82402514854786 8.1
vertex 150 -59.083355349529285 8.1
vertex 130.7472044184539 -59.083355349529285 8.1
endloop
endfacet
facet normal 0 0 -1
outer loop
vertex 150 -58.82402514854786 8.1
vertex 130.7472044184539 -59.083355349529285 8.1
vertex 130.88581929876685 -58.82402514854786 8.1
endloop
endfacet
facet normal 0 0 -1
outer loop
vertex 128.25279558154605 -59.083355349529285 8.1
vertex 128.43933982822023 -59.3106601717798 8.1
vertex 126 -59.3106601717798 8.1
endloop
endfacet
facet normal 0 0 -1
outer loop
vertex 128.25279558154605 -59.083355349529285 8.1
vertex 126 -59.3106601717798 8.1
vertex 126 -59.083355349529285 8.1
endloop
endfacet
facet normal 0 0 -1
outer loop
vertex 150 -59.083355349529285 8.1
vertex 150 -59.3106601717798 8.1
vertex 130.56066017177986 -59.3106601717798 8.1
endloop
endfacet
facet normal 0 0 -1
outer loop
vertex 150 -59.083355349529285 8.1
vertex 130.56066017177986 -59.3106601717798 8.1
vertex 130.7472044184539 -59.083355349529285 8.1
endloop
endfacet
facet normal 0 0 -1
outer loop
vertex 183.7341807012332 -59.050974851452125 8.1
vertex 183.648822079395 -59.332364516976064 8.1
vertex 164 -59.332364516976064 8.1
endloop
endfacet
facet normal 0 0 -1
outer loop
vertex 183.7341807012332 -59.050974851452125 8.1
vertex 164 -59.332364516976064 8.1
vertex 164 -59.050974851452125 8.1
endloop
endfacet
facet normal 0 0 -1
outer loop
vertex 205.5 -59.050974851452125 8.1
vertex 205.5 -59.332364516976064 8.1
vertex 186.59117792060488 -59.332364516976064 8.1
endloop
endfacet
facet normal 0 0 -1
outer loop
vertex 205.5 -59.050974851452125 8.1
vertex 186.59117792060488 -59.332364516976064 8.1
vertex 186.50581929876682 -59.050974851452125 8.1
endloop
endfacet
facet normal 0 0 -1
outer loop
vertex 128.43933982822023 -59.3106601717798 8.1
vertex 128.6666446504706 -59.49720441845382 8.1
vertex 126 -59.49720441845382 8.1
endloop
endfacet
facet normal 0 0 -1
outer loop
vertex 128.43933982822023 -59.3106601717798 8.1
vertex 126 -59.49720441845382 8.1
vertex 126 -59.3106601717798 8.1
endloop
endfacet
facet normal 0 0 -1
outer loop
vertex 150 -59.3106601717798 8.1
vertex 150 -59.49720441845382 8.1
vertex 130.3333553495294 -59.49720441845382 8.1
endloop
endfacet
facet normal 0 0 -1
outer loop
vertex 150 -59.3106601717798 8.1
vertex 130.3333553495294 -59.49720441845382 8.1
vertex 130.56066017177986 -59.3106601717798 8.1
endloop
endfacet
facet normal 0 0 -1
outer loop
vertex 183.648822079395 -59.332364516976064 8.1
vertex 183.62000000000003 -59.62499999999985 8.1
vertex 164 -59.62499999999985 8.1
endloop
endfacet
facet normal 0 0 -1
outer loop
vertex 183.648822079395 -59.332364516976064 8.1
vertex 164 -59.62499999999985 8.1
vertex 164 -59.332364516976064 8.1
endloop
endfacet
facet normal 0 0 -1
outer loop
vertex 205.5 -59.332364516976064 8.1
vertex 205.5 -59.62499999999985 8.1
vertex 186.62 -59.62499999999985 8.1
endloop
endfacet
facet normal 0 0 -1
outer loop
vertex 205.5 -59.332364516976064 8.1
vertex 186.62 -59.62499999999985 8.1
vertex 186.59117792060488 -59.332364516976064 8.1
endloop
endfacet
facet normal 0 0 -1
outer loop
vertex 128.6666446504706 -59.49720441845382 8.1
vertex 128.92597485145234 -59.63581929876692 8.1
vertex 126 -59.63581929876692 8.1
endloop
endfacet
facet normal 0 0 -1
outer loop
vertex 128.6666446504706 -59.49720441845382 8.1
vertex 126 -59.63581929876692 8.1
vertex 126 -59.49720441845382 8.1
endloop
endfacet
facet normal 0 0 -1
outer loop
vertex 150 -59.49720441845382 8.1
vertex 150 -59.63581929876692 8.1
vertex 130.07402514854766 -59.63581929876692 8.1
endloop
endfacet
facet normal 0 0 -1
outer loop
vertex 150 -59.49720441845382 8.1
vertex 130.07402514854766 -59.63581929876692 8.1
vertex 130.3333553495294 -59.49720441845382 8.1
endloop
endfacet
facet normal 0 0 -1
outer loop
vertex 128.92597485145234 -59.63581929876692 8.1
vertex 129.20736451697584 -59.721177920604845 8.1
vertex 126 -59.721177920604845 8.1
endloop
endfacet
facet normal 0 0 -1
outer loop
vertex 128.92597485145234 -59.63581929876692 8.1
vertex 126 -59.721177920604845 8.1
vertex 126 -59.63581929876692 8.1
endloop
endfacet
facet normal 0 0 -1
outer loop
vertex 150 -59.63581929876692 8.1
vertex 150 -59.721177920604845 8.1
vertex 129.79263548302416 -59.721177920604845 8.1
endloop
endfacet
facet normal 0 0 -1
outer loop
vertex 150 -59.63581929876692 8.1
vertex 129.79263548302416 -59.721177920604845 8.1
vertex 130.07402514854766 -59.63581929876692 8.1
endloop
endfacet
facet normal 0 0 -1
outer loop
vertex 129.20736451697584 -59.721177920604845 8.1
vertex 129.5 -59.75 8.1
vertex 126 -59.75 8.1
endloop
endfacet
facet normal 0 0 -1
outer loop
vertex 129.20736451697584 -59.721177920604845 8.1
vertex 126 -59.75 8.1
vertex 126 -59.721177920604845 8.1
endloop
endfacet
facet normal 0 0 -1
outer loop
vertex 150 -59.721177920604845 8.1
vertex 150 -59.75 8.1
vertex 129.5 -59.75 8.1
endloop
endfacet
facet normal 0 0 -1
outer loop
vertex 150 -59.721177920604845 8.1
vertex 129.5 -59.75 8.1
vertex 129.79263548302416 -59.721177920604845 8.1
endloop
endfacet
facet normal 0 0 -1
outer loop
vertex 183.62000000000003 -59.62499999999985 8.1
vertex 183.6488220793952 -59.917635483024306 8.1
vertex 164 -59.917635483024306 8.1
endloop
endfacet
facet normal 0 0 -1
outer loop
vertex 183.62000000000003 -59.62499999999985 8.1
vertex 164 -59.917635483024306 8.1
vertex 164 -59.62499999999985 8.1
endloop
endfacet
facet normal 0 0 -1
outer loop
vertex 205.5 -59.62499999999985 8.1
vertex 205.5 -59.917635483024306 8.1
vertex 186.59117792060482 -59.917635483024306 8.1
endloop
endfacet
facet normal 0 0 -1
outer loop
vertex 205.5 -59.62499999999985 8.1
vertex 186.59117792060482 -59.917635483024306 8.1
vertex 186.62 -59.62499999999985 8.1
endloop
endfacet
facet normal 0 0 -1
outer loop
vertex 183.6488220793952 -59.917635483024306 8.1
vertex 183.73418070123302 -60.19902514854748 8.1
vertex 164 -60.19902514854748 8.1
endloop
endfacet
facet normal 0 0 -1
outer loop
vertex 183.6488220793952 -59.917635483024306 8.1
vertex 164 -60.19902514854748 8.1
vertex 164 -59.917635483024306 8.1
endloop
endfacet
facet normal 0 0 -1
outer loop
vertex 205.5 -59.917635483024306 8.1
vertex 205.5 -60.19902514854748 8.1
vertex 186.50581929876694 -60.19902514854748 8.1
endloop
endfacet
facet normal 0 0 -1
outer loop
vertex 205.5 -59.917635483024306 8.1
vertex 186.50581929876694 -60.19902514854748 8.1
vertex 186.59117792060482 -59.917635483024306 8.1
endloop
endfacet
facet normal 0 0 -1
outer loop
vertex 183.73418070123302 -60.19902514854748 8.1
vertex 183.8727955815464 -60.45835534952968 8.1
vertex 164 -60.45835534952968 8.1
endloop
endfacet
facet normal 0 0 -1
outer loop
vertex 183.73418070123302 -60.19902514854748 8.1
vertex 164 -60.45835534952968 8.1
vertex 164 -60.19902514854748 8.1
endloop
endfacet
facet normal 0 0 -1
outer loop
vertex 205.5 -60.19902514854748 8.1
vertex 205.5 -60.45835534952968 8.1
vertex 186.3672044184539 -60.45835534952968 8.1
endloop
endfacet
facet normal 0 0 -1
outer loop
vertex 205.5 -60.19902514854748 8.1
vertex 186.3672044184539 -60.45835534952968 8.1
vertex 186.50581929876694 -60.19902514854748 8.1
endloop
endfacet
facet normal 0 0 -1
outer loop
vertex 183.8727955815464 -60.45835534952968 8.1
vertex 184.05933982822017 -60.68566017177983 8.1
vertex 164 -60.68566017177983 8.1
endloop
endfacet
facet normal 0 0 -1
outer loop
vertex 183.8727955815464 -60.45835534952968 8.1
vertex 164 -60.68566017177983 8.1
vertex 164 -60.45835534952968 8.1
endloop
endfacet
facet normal 0 0 -1
outer loop
vertex 205.5 -60.45835534952968 8.1
vertex 205.5 -60.68566017177983 8.1
vertex 186.18066017177958 -60.68566017177983 8.1
endloop
endfacet
facet normal 0 0 -1
outer loop
vertex 205.5 -60.45835534952968 8.1
vertex 186.18066017177958 -60.68566017177983 8.1
vertex 186.3672044184539 -60.45835534952968 8.1
endloop
endfacet
facet normal 0 0 -1
outer loop
vertex 129.5 -59.75 8.1
vertex 150 -59.75 8.1
vertex 150 -60.75 8.1
endloop
endfacet
facet normal 0 0 -1
outer loop
vertex 129.5 -59.75 8.1
vertex 150 -60.75 8.1
vertex 145 -60.75 8.1
endloop
endfacet
facet normal 0 0 -1
outer loop
vertex 129.5 -59.75 8.1
vertex 145 -60.75 8.1
vertex 131 -60.75 8.1
endloop
endfacet
facet normal 0 0 -1
outer loop
vertex 129.5 -59.75 8.1
vertex 131 -60.75 8.1
vertex 126 -60.75 8.1
endloop
endfacet
facet normal 0 0 -1
outer loop
vertex 129.5 -59.75 8.1
vertex 126 -60.75 8.1
vertex 126 -59.75 8.1
endloop
endfacet
facet normal 0 0 -1
outer loop
vertex 184.05933982822017 -60.68566017177983 8.1
vertex 184.13773813574218 -60.75 8.1
vertex 183 -60.75 8.1
endloop
endfacet
facet normal 0 0 -1
outer loop
vertex 184.05933982822017 -60.68566017177983 8.1
vertex 183 -60.75 8.1
vertex 169 -60.75 8.1
endloop
endfacet
facet normal 0 0 -1
outer loop
vertex 184.05933982822017 -60.68566017177983 8.1
vertex 169 -60.75 8.1
vertex 164 -60.75 8.1
endloop
endfacet
facet normal 0 0 -1
outer loop
vertex 184.05933982822017 -60.68566017177983 8.1
vertex 164 -60.75 8.1
vertex 164 -60.68566017177983 8.1
endloop
endfacet
facet normal 0 0 -1
outer loop
vertex 184.13773813574218 -60.75 8.1
vertex 184.2866446504706 -60.872204418453826 8.1
vertex 183 -60.872204418453826 8.1
endloop
endfacet
facet normal 0 0 -1
outer loop
vertex 184.13773813574218 -60.75 8.1
vertex 183 -60.872204418453826 8.1
vertex 183 -60.75 8.1
endloop
endfacet
facet normal 0 0 -1
outer loop
vertex 205.5 -60.68566017177983 8.1
vertex 205.5 -60.872204418453826 8.1
vertex 185.9533553495295 -60.872204418453826 8.1
endloop
endfacet
facet normal 0 0 -1
outer loop
vertex 205.5 -60.68566017177983 8.1
vertex 185.9533553495295 -60.872204418453826 8.1
vertex 186.18066017177958 -60.68566017177983 8.1
endloop
endfacet
facet normal 0 0 -1
outer loop
vertex 184.2866446504706 -60.872204418453826 8.1
vertex 184.5459748514523 -61.01081929876691 8.1
vertex 183 -61.01081929876691 8.1
endloop
endfacet
facet normal 0 0 -1
outer loop
vertex 184.2866446504706 -60.872204418453826 8.1
vertex 183 -61.01081929876691 8.1
vertex 183 -60.872204418453826 8.1
endloop
endfacet
facet normal 0 0 -1
outer loop
vertex 205.5 -60.872204418453826 8.1
vertex 205.5 -61.01081929876691 8.1
vertex 185.69402514854764 -61.01081929876691 8.1
endloop
endfacet
facet normal 0 0 -1
outer loop
vertex 205.5 -60.872204418453826 8.1
vertex 185.69402514854764 -61.01081929876691 8.1
vertex 185.9533553495295 -60.872204418453826 8.1
endloop
endfacet
facet normal 0 0 -1
outer loop
vertex 184.5459748514523 -61.01081929876691 8.1
vertex 184.82736451697585 -61.09617792060485 8.1
vertex 183 -61.09617792060485 8.1
endloop
endfacet
facet normal 0 0 -1
outer loop
vertex 184.5459748514523 -61.01081929876691 8.1
vertex 183 -61.09617792060485 8.1
vertex 183 -61.01081929876691 8.1
endloop
endfacet
facet normal 0 0 -1
outer loop
vertex 205.5 -61.01081929876691 8.1
vertex 205.5 -61.09617792060485 8.1
vertex 185.41263548302422 -61.09617792060485 8.1
endloop
endfacet
facet normal 0 0 -1
outer loop
vertex 205.5 -61.01081929876691 8.1
vertex 185.41263548302422 -61.09617792060485 8.1
vertex 185.69402514854764 -61.01081929876691 8.1
endloop
endfacet
facet normal 0 0 -1
outer loop
vertex 184.82736451697585 -61.09617792060485 8.1
vertex 185.12 -61.125 8.1
vertex 183 -61.125 8.1
endloop
endfacet
facet normal 0 0 -1
outer loop
vertex 184.82736451697585 -61.09617792060485 8.1
vertex 183 -61.125 8.1
vertex 183 -61.09617792060485 8.1
endloop
endfacet
facet normal 0 0 -1
outer loop
vertex 205.5 -61.09617792060485 8.1
vertex 205.5 -61.125 8.1
vertex 185.12 -61.125 8.1
endloop
endfacet
facet normal 0 0 -1
outer loop
vertex 205.5 -61.09617792060485 8.1
vertex 185.12 -61.125 8.1
vertex 185.41263548302422 -61.09617792060485 8.1
endloop
endfacet
facet normal 0 0 -1
outer loop
vertex 185.12 -61.125 8.1
vertex 205.5 -61.125 8.1
vertex 205.5 -63.125 8.1
endloop
endfacet
facet normal 0 0 -1
outer loop
vertex 185.12 -61.125 8.1
vertex 205.5 -63.125 8.1
vertex 202 -63.125 8.1
endloop
endfacet
facet normal 0 0 -1
outer loop
vertex 185.12 -61.125 8.1
vertex 202 -63.125 8.1
vertex 188 -63.125 8.1
endloop
endfacet
facet normal 0 0 -1
outer loop
vertex 185.12 -61.125 8.1
vertex 188 -63.125 8.1
vertex 183 -63.125 8.1
endloop
endfacet
facet normal 0 0 -1
outer loop
vertex 185.12 -61.125 8.1
vertex 183 -63.125 8.1
vertex 183 -61.125 8.1
endloop
endfacet
facet normal 0 0 -1
outer loop
vertex 93 -56 8.1
vertex 93 -70 8.1
vertex 89.5 -70 8.1
endloop
endfacet
facet normal 0 0 -1
outer loop
vertex 93 -56 8.1
vertex 89.5 -70 8.1
vertex 89.5 -56 8.1
endloop
endfacet
facet normal 0 0 -1
outer loop
vertex 112 -56 8.1
vertex 112 -70 8.1
vertex 107 -70 8.1
endloop
endfacet
facet normal 0 0 -1
outer loop
vertex 112 -56 8.1
vertex 107 -70 8.1
vertex 107 -56 8.1
endloop
endfacet
facet normal 0 0 -1
outer loop
vertex 131 -60.75 8.1
vertex 131 -70 8.1
vertex 126 -70 8.1
endloop
endfacet
facet normal 0 0 -1
outer loop
vertex 131 -60.75 8.1
vertex 126 -70 8.1
vertex 126 -60.75 8.1
endloop
endfacet
facet normal 0 0 -1
outer loop
vertex 150 -60.75 8.1
vertex 150 -70 8.1
vertex 145 -70 8.1
endloop
endfacet
facet normal 0 0 -1
outer loop
vertex 150 -60.75 8.1
vertex 145 -70 8.1
vertex 145 -60.75 8.1
endloop
endfacet
facet normal 0 0 -1
outer loop
vertex 169 -60.75 8.1
vertex 169 -70 8.1
vertex 164 -70 8.1
endloop
endfacet
facet normal 0 0 -1
outer loop
vertex 169 -60.75 8.1
vertex 164 -70 8.1
vertex 164 -60.75 8.1
endloop
endfacet
facet normal 0 0 -1
outer loop
vertex 93 -70 8.1
vertex 107 -70 8.1
vertex 112 -70 8.1
endloop
endfacet
facet normal 0 0 -1
outer loop
vertex 93 -70 8.1
vertex 112 -70 8.1
vertex 126 -70 8.1
endloop
endfacet
facet normal 0 0 -1
outer loop
vertex 93 -70 8.1
vertex 126 -70 8.1
vertex 131 -70 8.1
endloop
endfacet
facet normal 0 0 -1
outer loop
vertex 93 -70 8.1
vertex 131 -70 8.1
vertex 131 -74.75 8.1
endloop
endfacet
facet normal 0 0 -1
outer loop
vertex 93 -70 8.1
vertex 131 -74.75 8.1
vertex 89.5 -74.75 8.1
endloop
endfacet
facet normal 0 0 -1
outer loop
vertex 93 -70 8.1
vertex 89.5 -74.75 8.1
vertex 89.5 -70 8.1
endloop
endfacet
facet normal 0 0 -1
outer loop
vertex 150 -70 8.1
vertex 164 -70 8.1
vertex 169 -70 8.1
endloop
endfacet
facet normal 0 0 -1
outer loop
vertex 150 -70 8.1
vertex 169 -70 8.1
vertex 169 -74.75 8.1
endloop
endfacet
facet normal 0 0 -1
outer loop
vertex 150 -70 8.1
vertex 169 -74.75 8.1
vertex 145 -74.75 8.1
endloop
endfacet
facet normal 0 0 -1
outer loop
vertex 150 -70 8.1
vertex 145 -74.75 8.1
vertex 145 -70 8.1
endloop
endfacet
facet normal 0 0 -1
outer loop
vertex 188 -63.125 8.1
vertex 188 -74.75 8.1
vertex 183 -74.75 8.1
endloop
endfacet
facet normal 0 0 -1
outer loop
vertex 188 -63.125 8.1
vertex 183 -74.75 8.1
vertex 183 -63.125 8.1
endloop
endfacet
facet normal 0 0 -1
outer loop
vertex 131 -74.75 8.1
vertex 145 -74.75 8.1
vertex 169 -74.75 8.1
endloop
endfacet
facet normal 0 0 -1
outer loop
vertex 131 -74.75 8.1
vertex 169 -74.75 8.1
vertex 183 -74.75 8.1
endloop
endfacet
facet normal 0 0 -1
outer loop
vertex 131 -74.75 8.1
vertex 183 -74.75 8.1
vertex 188 -74.75 8.1
endloop
endfacet
facet normal 0 0 -1
outer loop
vertex 131 -74.75 8.1
vertex 188 -74.75 8.1
vertex 188 -75 8.1
endloop
endfacet
facet normal 0 0 -1
outer loop
vertex 131 -74.75 8.1
vertex 188 -75 8.1
vertex 164 -75 8.1
endloop
endfacet
facet normal 0 0 -1
outer loop
vertex 131 -74.75 8.1
vertex 164 -75 8.1
vertex 150 -75 8.1
endloop
endfacet
facet normal 0 0 -1
outer loop
vertex 131 -74.75 8.1
vertex 150 -75 8.1
vertex 126 -75 8.1
endloop
endfacet
facet normal 0 0 -1
outer loop
vertex 131 -74.75 8.1
vertex 126 -75 8.1
vertex 112 -75 8.1
endloop
endfacet
facet normal 0 0 -1
outer loop
vertex 131 -74.75 8.1
vertex 112 -75 8.1
vertex 107 -75 8.1
endloop
endfacet
facet normal 0 0 -1
outer loop
vertex 131 -74.75 8.1
vertex 107 -75 8.1
vertex 93 -75 8.1
endloop
endfacet
facet normal 0 0 -1
outer loop
vertex 131 -74.75 8.1
vertex 93 -75 8.1
vertex 89.5 -75 8.1
endloop
endfacet
facet normal 0 0 -1
outer loop
vertex 131 -74.75 8.1
vertex 89.5 -75 8.1
vertex 89.5 -74.75 8.1
endloop
endfacet
facet normal 0 0 -1
outer loop
vertex 188 -75 8.1
vertex 188 -77.125 8.1
vertex 164 -77.125 8.1
endloop
endfacet
facet normal 0 0 -1
outer loop
vertex 188 -75 8.1
vertex 164 -77.125 8.1
vertex 164 -75 8.1
endloop
endfacet
facet normal 0 0 -1
outer loop
vertex 205.5 -63.125 8.1
vertex 205.5 -77.125 8.1
vertex 202 -77.125 8.1
endloop
endfacet
facet normal 0 0 -1
outer loop
vertex 205.5 -63.125 8.1
vertex 202 -77.125 8.1
vertex 202 -63.125 8.1
endloop
endfacet
facet normal 0 0 -1
outer loop
vertex 188 -77.125 8.1
vertex 202 -77.125 8.1
vertex 205.5 -77.125 8.1
endloop
endfacet
facet normal 0 0 -1
outer loop
vertex 188 -77.125 8.1
vertex 205.5 -77.125 8.1
vertex 205.5 -78.675 8.1
endloop
endfacet
facet normal 0 0 -1
outer loop
vertex 188 -77.125 8.1
vertex 205.5 -78.675 8.1
vertex 164 -78.675 8.1
endloop
endfacet
facet normal 0 0 -1
outer loop
vertex 188 -77.125 8.1
vertex 164 -78.675 8.1
vertex 164 -77.125 8.1
endloop
endfacet
facet normal 0 0 -1
outer loop
vertex 150 -75 8.1
vertex 150 -79.75 8.1
vertex 145 -79.75 8.1
endloop
endfacet
facet normal 0 0 -1
outer loop
vertex 150 -75 8.1
vertex 145 -79.75 8.1
vertex 131 -79.75 8.1
endloop
endfacet
facet normal 0 0 -1
outer loop
vertex 150 -75 8.1
vertex 131 -79.75 8.1
vertex 126 -79.75 8.1
endloop
endfacet
facet normal 0 0 -1
outer loop
vertex 150 -75 8.1
vertex 126 -79.75 8.1
vertex 126 -75 8.1
endloop
endfacet
facet normal 0 0 -1
outer loop
vertex 205.5 -78.675 8.1
vertex 233.0250000000001 -78.675 8.1
vertex 233.3722963553338 -78.70538449397557 8.1
endloop
endfacet
facet normal 0 0 -1
outer loop
vertex 205.5 -78.675 8.1
vertex 233.3722963553338 -78.70538449397557 8.1
vertex 233.7090402866514 -78.79561475842821 8.1
endloop
endfacet
facet normal 0 0 -1
outer loop
vertex 205.5 -78.675 8.1
vertex 233.7090402866514 -78.79561475842821 8.1
vertex 234.02499999999992 -78.94294919243107 8.1
endloop
endfacet
facet normal 0 0 -1
outer loop
vertex 205.5 -78.675 8.1
vertex 234.02499999999992 -78.94294919243107 8.1
vertex 234.31057521937316 -79.14291111376212 8.1
endloop
endfacet
facet normal 0 0 -1
outer loop
vertex 205.5 -78.675 8.1
vertex 234.31057521937316 -79.14291111376212 8.1
vertex 234.55708888623795 -79.38942478062692 8.1
endloop
endfacet
facet normal 0 0 -1
outer loop
vertex 205.5 -78.675 8.1
vertex 234.55708888623795 -79.38942478062692 8.1
vertex 234.75705080756887 -79.675 8.1
endloop
endfacet
facet normal 0 0 -1
outer loop
vertex 205.5 -78.675 8.1
vertex 234.75705080756887 -79.675 8.1
vertex 234.7920238819305 -79.75 8.1
endloop
endfacet
facet normal 0 0 -1
outer loop
vertex 205.5 -78.675 8.1
vertex 234.7920238819305 -79.75 8.1
vertex 183 -79.75 8.1
endloop
endfacet
facet normal 0 0 -1
outer loop
vertex 205.5 -78.675 8.1
vertex 183 -79.75 8.1
vertex 169 -79.75 8.1
endloop
endfacet
facet normal 0 0 -1
outer loop
vertex 205.5 -78.675 8.1
vertex 169 -79.75 8.1
vertex 164 -79.75 8.1
endloop
endfacet
facet normal 0 0 -1
outer loop
vertex 205.5 -78.675 8.1
vertex 164 -79.75 8.1
vertex 164 -78.675 8.1
endloop
endfacet
facet normal 0 0 -1
outer loop
vertex 234.7920238819305 -79.75 8.1
vertex 234.90438524157187 -79.99095971334877 8.1
vertex 234.99461550602442 -80.32770364466607 8.1
endloop
endfacet
facet normal 0 0 -1
outer loop
vertex 234.7920238819305 -79.75 8.1
vertex 234.99461550602442 -80.32770364466607 8.1
vertex 235.025 -80.6750000000001 8.1
endloop
endfacet
facet normal 0 0 -1
outer loop
vertex 234.7920238819305 -79.75 8.1
vertex 235.025 -80.6750000000001 8.1
vertex 235.025 -82.125 8.1
endloop
endfacet
facet normal 0 0 -1
outer loop
vertex 234.7920238819305 -79.75 8.1
vertex 235.025 -82.125 8.1
vertex 202 -82.125 8.1
endloop
endfacet
facet normal 0 0 -1
outer loop
vertex 234.7920238819305 -79.75 8.1
vertex 202 -82.125 8.1
vertex 188 -82.125 8.1
endloop
endfacet
facet normal 0 0 -1
outer loop
vertex 234.7920238819305 -79.75 8.1
vertex 188 -82.125 8.1
vertex 183 -82.125 8.1
endloop
endfacet
facet normal 0 0 -1
outer loop
vertex 234.7920238819305 -79.75 8.1
vertex 183 -82.125 8.1
vertex 183 -79.75 8.1
endloop
endfacet
facet normal 0 0 -1
outer loop
vertex 93 -75 8.1
vertex 93 -89 8.1
vertex 89.5 -89 8.1
endloop
endfacet
facet normal 0 0 -1
outer loop
vertex 93 -75 8.1
vertex 89.5 -89 8.1
vertex 89.5 -75 8.1
endloop
endfacet
facet normal 0 0 -1
outer loop
vertex 112 -75 8.1
vertex 112 -89 8.1
vertex 107 -89 8.1
endloop
endfacet
facet normal 0 0 -1
outer loop
vertex 112 -75 8.1
vertex 107 -89 8.1
vertex 107 -75 8.1
endloop
endfacet
facet normal 0 0 -1
outer loop
vertex 131 -79.75 8.1
vertex 131 -89 8.1
vertex 126 -89 8.1
endloop
endfacet
facet normal 0 0 -1
outer loop
vertex 131 -79.75 8.1
vertex 126 -89 8.1
vertex 126 -79.75 8.1
endloop
endfacet
facet normal 0 0 -1
outer loop
vertex 150 -79.75 8.1
vertex 150 -89 8.1
vertex 145 -89 8.1
endloop
endfacet
facet normal 0 0 -1
outer loop
vertex 150 -79.75 8.1
vertex 145 -89 8.1
vertex 145 -79.75 8.1
endloop
endfacet
facet normal 0 0 -1
outer loop
vertex 169 -79.75 8.1
vertex 169 -89 8.1
vertex 164 -89 8.1
endloop
endfacet
facet normal 0 0 -1
outer loop
vertex 169 -79.75 8.1
vertex 164 -89 8.1
vertex 164 -79.75 8.1
endloop
endfacet
facet normal 0 0 -1
outer loop
vertex 235.025 -82.125 8.1
vertex 235.025 -91.69999999999992 8.1
vertex 230.9500000000145 -91.69999999999992 8.1
endloop
endfacet
facet normal 0 0 -1
outer loop
vertex 235.025 -82.125 8.1
vertex 230.9500000000145 -91.69999999999992 8.1
vertex 202 -91.69999999999992 8.1
endloop
endfacet
facet normal 0 0 -1
outer loop
vertex 235.025 -82.125 8.1
vertex 202 -91.69999999999992 8.1
vertex 202 -82.125 8.1
endloop
endfacet
facet normal 0 0 -1
outer loop
vertex 230.9500000000145 -91.69999999999992 8.1
vertex 230.65736451701542 -91.7288220793926 8.1
vertex 202 -91.7288220793926 8.1
endloop
endfacet
facet normal 0 0 -1
outer loop
vertex 230.9500000000145 -91.69999999999992 8.1
vertex 202 -91.7288220793926 8.1
vertex 202 -91.69999999999992 8.1
endloop
endfacet
facet normal 0 0 -1
outer loop
vertex 235.025 -91.69999999999992 8.1
vertex 235.025 -91.7288220793926 8.1
vertex 231.24263548301357 -91.7288220793926 8.1
endloop
endfacet
facet normal 0 0 -1
outer loop
vertex 235.025 -91.69999999999992 8.1
vertex 231.24263548301357 -91.7288220793926 8.1
vertex 230.9500000000145 -91.69999999999992 8.1
endloop
endfacet
facet normal 0 0 -1
outer loop
vertex 230.65736451701542 -91.7288220793926 8.1
vertex 230.3759748514413 -91.81418070123128 8.1
vertex 202 -91.81418070123128 8.1
endloop
endfacet
facet normal 0 0 -1
outer loop
vertex 230.65736451701542 -91.7288220793926 8.1
vertex 202 -91.81418070123128 8.1
vertex 202 -91.7288220793926 8.1
endloop
endfacet
facet normal 0 0 -1
outer loop
vertex 235.025 -91.7288220793926 8.1
vertex 235.025 -91.81418070123128 8.1
vertex 231.52402514853955 -91.81418070123128 8.1
endloop
endfacet
facet normal 0 0 -1
outer loop
vertex 235.025 -91.7288220793926 8.1
vertex 231.52402514853955 -91.81418070123128 8.1
vertex 231.24263548301357 -91.7288220793926 8.1
endloop
endfacet
facet normal 0 0 -1
outer loop
vertex 230.3759748514413 -91.81418070123128 8.1
vertex 230.11664465049736 -91.95279558153248 8.1
vertex 202 -91.95279558153248 8.1
endloop
endfacet
facet normal 0 0 -1
outer loop
vertex 230.3759748514413 -91.81418070123128 8.1
vertex 202 -91.95279558153248 8.1
vertex 202 -91.81418070123128 8.1
endloop
endfacet
facet normal 0 0 -1
outer loop
vertex 235.025 -91.81418070123128 8.1
vertex 235.025 -91.95279558153248 8.1
vertex 231.78335534949903 -91.95279558153248 8.1
endloop
endfacet
facet normal 0 0 -1
outer loop
vertex 235.025 -91.81418070123128 8.1
vertex 231.78335534949903 -91.95279558153248 8.1
vertex 231.52402514853955 -91.81418070123128 8.1
endloop
endfacet
facet normal 0 0 -1
outer loop
vertex 230.11664465049736 -91.95279558153248 8.1
vertex 229.88933982814237 -92.13933982826137 8.1
vertex 202 -92.13933982826137 8.1
endloop
endfacet
facet normal 0 0 -1
outer loop
vertex 230.11664465049736 -91.95279558153248 8.1
vertex 202 -92.13933982826137 8.1
vertex 202 -91.95279558153248 8.1
endloop
endfacet
facet normal 0 0 -1
outer loop
vertex 235.025 -91.95279558153248 8.1
vertex 235.025 -92.13933982826137 8.1
vertex 232.0106601718163 -92.13933982826137 8.1
endloop
endfacet
facet normal 0 0 -1
outer loop
vertex 235.025 -91.95279558153248 8.1
vertex 232.0106601718163 -92.13933982826137 8.1
vertex 231.78335534949903 -91.95279558153248 8.1
endloop
endfacet
facet normal 0 0 -1
outer loop
vertex 229.88933982814237 -92.13933982826137 8.1
vertex 229.70279558159217 -92.36664465045914 8.1
vertex 202 -92.36664465045914 8.1
endloop
endfacet
facet normal 0 0 -1
outer loop
vertex 229.88933982814237 -92.13933982826137 8.1
vertex 202 -92.36664465045914 8.1
vertex 202 -92.13933982826137 8.1
endloop
endfacet
facet normal 0 0 -1
outer loop
vertex 235.025 -92.13933982826137 8.1
vertex 235.025 -92.36664465045914 8.1
vertex 232.1972044184471 -92.36664465045914 8.1
endloop
endfacet
facet normal 0 0 -1
outer loop
vertex 235.025 -92.13933982826137 8.1
vertex 232.1972044184471 -92.36664465045914 8.1
vertex 232.0106601718163 -92.13933982826137 8.1
endloop
endfacet
facet normal 0 0 -1
outer loop
vertex 229.70279558159217 -92.36664465045914 8.1
vertex 229.5641807012325 -92.62597485144667 8.1
vertex 202 -92.62597485144667 8.1
endloop
endfacet
facet normal 0 0 -1
outer loop
vertex 229.70279558159217 -92.36664465045914 8.1
vertex 202 -92.62597485144667 8.1
vertex 202 -92.36664465045914 8.1
endloop
endfacet
facet normal 0 0 -1
outer loop
vertex 235.025 -92.36664465045914 8.1
vertex 235.025 -92.62597485144667 8.1
vertex 232.33581929876328 -92.62597485144667 8.1
endloop
endfacet
facet normal 0 0 -1
outer loop
vertex 235.025 -92.36664465045914 8.1
vertex 232.33581929876328 -92.62597485144667 8.1
vertex 232.1972044184471 -92.36664465045914 8.1
endloop
endfacet
facet normal 0 0 -1
outer loop
vertex 229.5641807012325 -92.62597485144667 8.1
vertex 229.47882207938895 -92.90736451699274 8.1
vertex 202 -92.90736451699274 8.1
endloop
endfacet
facet normal 0 0 -1
outer loop
vertex 229.5641807012325 -92.62597485144667 8.1
vertex 202 -92.90736451699274 8.1
vertex 202 -92.62597485144667 8.1
endloop
endfacet
facet normal 0 0 -1
outer loop
vertex 235.025 -92.62597485144667 8.1
vertex 235.025 -92.90736451699274 8.1
vertex 232.42117792060807 -92.90736451699274 8.1
endloop
endfacet
facet normal 0 0 -1
outer loop
vertex 235.025 -92.62597485144667 8.1
vertex 232.42117792060807 -92.90736451699274 8.1
vertex 232.33581929876328 -92.62597485144667 8.1
endloop
endfacet
facet normal 0 0 -1
outer loop
vertex 229.47882207938895 -92.90736451699274 8.1
vertex 229.45000000000152 -93.19999999998872 8.1
vertex 202 -93.19999999998872 8.1
endloop
endfacet
facet normal 0 0 -1
outer loop
vertex 229.47882207938895 -92.90736451699274 8.1
vertex 202 -93.19999999998872 8.1
vertex 202 -92.90736451699274 8.1
endloop
endfacet
facet normal 0 0 -1
outer loop
vertex 235.025 -92.90736451699274 8.1
vertex 235.025 -93.19999999998872 8.1
vertex 232.45000000000044 -93.19999999998872 8.1
endloop
endfacet
facet normal 0 0 -1
outer loop
vertex 235.025 -92.90736451699274 8.1
vertex 232.45000000000044 -93.19999999998872 8.1
vertex 232.42117792060807 -92.90736451699274 8.1
endloop
endfacet
facet normal 0 0 -1
outer loop
vertex 229.45000000000152 -93.19999999998872 8.1
vertex 229.47882207939813 -93.49263548303978 8.1
vertex 202 -93.49263548303978 8.1
endloop
endfacet
facet normal 0 0 -1
outer loop
vertex 229.45000000000152 -93.19999999998872 8.1
vertex 202 -93.49263548303978 8.1
vertex 202 -93.19999999998872 8.1
endloop
endfacet
facet normal 0 0 -1
outer loop
vertex 235.025 -93.19999999998872 8.1
vertex 235.025 -93.49263548303978 8.1
vertex 232.42117792060264 -93.49263548303978 8.1
endloop
endfacet
facet normal 0 0 -1
outer loop
vertex 235.025 -93.19999999998872 8.1
vertex 232.42117792060264 -93.49263548303978 8.1
vertex 232.45000000000044 -93.19999999998872 8.1
endloop
endfacet
facet normal 0 0 -1
outer loop
vertex 93 -89 8.1
vertex 107 -89 8.1
vertex 112 -89 8.1
endloop
endfacet
facet normal 0 0 -1
outer loop
vertex 93 -89 8.1
vertex 112 -89 8.1
vertex 126 -89 8.1
endloop
endfacet
facet normal 0 0 -1
outer loop
vertex 93 -89 8.1
vertex 126 -89 8.1
vertex 131 -89 8.1
endloop
endfacet
facet normal 0 0 -1
outer loop
vertex 93 -89 8.1
vertex 131 -89 8.1
vertex 131 -93.75 8.1
endloop
endfacet
facet normal 0 0 -1
outer loop
vertex 93 -89 8.1
vertex 131 -93.75 8.1
vertex 89.5 -93.75 8.1
endloop
endfacet
facet normal 0 0 -1
outer loop
vertex 93 -89 8.1
vertex 89.5 -93.75 8.1
vertex 89.5 -89 8.1
endloop
endfacet
facet normal 0 0 -1
outer loop
vertex 150 -89 8.1
vertex 164 -89 8.1
vertex 169 -89 8.1
endloop
endfacet
facet normal 0 0 -1
outer loop
vertex 150 -89 8.1
vertex 169 -89 8.1
vertex 169 -93.75 8.1
endloop
endfacet
facet normal 0 0 -1
outer loop
vertex 150 -89 8.1
vertex 169 -93.75 8.1
vertex 145 -93.75 8.1
endloop
endfacet
facet normal 0 0 -1
outer loop
vertex 150 -89 8.1
vertex 145 -93.75 8.1
vertex 145 -89 8.1
endloop
endfacet
facet normal 0 0 -1
outer loop
vertex 188 -82.125 8.1
vertex 188 -93.75 8.1
vertex 183 -93.75 8.1
endloop
endfacet
facet normal 0 0 -1
outer loop
vertex 188 -82.125 8.1
vertex 183 -93.75 8.1
vertex 183 -82.125 8.1
endloop
endfacet
facet normal 0 0 -1
outer loop
vertex 229.47882207939813 -93.49263548303978 8.1
vertex 229.5641807012202 -93.77402514851137 8.1
vertex 202 -93.77402514851137 8.1
endloop
endfacet
facet normal 0 0 -1
outer loop
vertex 229.47882207939813 -93.49263548303978 8.1
vertex 202 -93.77402514851137 8.1
vertex 202 -93.49263548303978 8.1
endloop
endfacet
facet normal 0 0 -1
outer loop
vertex 235.025 -93.49263548303978 8.1
vertex 235.025 -93.77402514851137 8.1
vertex 232.33581929876746 -93.77402514851137 8.1
endloop
endfacet
facet normal 0 0 -1
outer loop
vertex 235.025 -93.49263548303978 8.1
vertex 232.33581929876746 -93.77402514851137 8.1
vertex 232.42117792060264 -93.49263548303978 8.1
endloop
endfacet
facet normal 0 0 -1
outer loop
vertex 131 -93.75 8.1
vertex 145 -93.75 8.1
vertex 169 -93.75 8.1
endloop
endfacet
facet normal 0 0 -1
outer loop
vertex 131 -93.75 8.1
vertex 169 -93.75 8.1
vertex 183 -93.75 8.1
endloop
endfacet
facet normal 0 0 -1
outer loop
vertex 131 -93.75 8.1
vertex 183 -93.75 8.1
vertex 188 -93.75 8.1
endloop
endfacet
facet normal 0 0 -1
outer loop
vertex 131 -93.75 8.1
vertex 188 -93.75 8.1
vertex 188 -94 8.1
endloop
endfacet
facet normal 0 0 -1
outer loop
vertex 131 -93.75 8.1
vertex 188 -94 8.1
vertex 164 -94 8.1
endloop
endfacet
facet normal 0 0 -1
outer loop
vertex 131 -93.75 8.1
vertex 164 -94 8.1
vertex 150 -94 8.1
endloop
endfacet
facet normal 0 0 -1
outer loop
vertex 131 -93.75 8.1
vertex 150 -94 8.1
vertex 126 -94 8.1
endloop
endfacet
facet normal 0 0 -1
outer loop
vertex 131 -93.75 8.1
vertex 126 -94 8.1
vertex 112 -94 8.1
endloop
endfacet
facet normal 0 0 -1
outer loop
vertex 131 -93.75 8.1
vertex 112 -94 8.1
vertex 107 -94 8.1
endloop
endfacet
facet normal 0 0 -1
outer loop
vertex 131 -93.75 8.1
vertex 107 -94 8.1
vertex 93 -94 8.1
endloop
endfacet
facet normal 0 0 -1
outer loop
vertex 131 -93.75 8.1
vertex 93 -94 8.1
vertex 89.5 -94 8.1
endloop
endfacet
facet normal 0 0 -1
outer loop
vertex 131 -93.75 8.1
vertex 89.5 -94 8.1
vertex 89.5 -93.75 8.1
endloop
endfacet
facet normal 0 0 -1
outer loop
vertex 229.5641807012202 -93.77402514851137 8.1
vertex 229.70279558155553 -94.03335534953466 8.1
vertex 202 -94.03335534953466 8.1
endloop
endfacet
facet normal 0 0 -1
outer loop
vertex 229.5641807012202 -93.77402514851137 8.1
vertex 202 -94.03335534953466 8.1
vertex 202 -93.77402514851137 8.1
endloop
endfacet
facet normal 0 0 -1
outer loop
vertex 235.025 -93.77402514851137 8.1
vertex 235.025 -94.03335534953466 8.1
vertex 232.1972044184556 -94.03335534953466 8.1
endloop
endfacet
facet normal 0 0 -1
outer loop
vertex 235.025 -93.77402514851137 8.1
vertex 232.1972044184556 -94.03335534953466 8.1
vertex 232.33581929876746 -93.77402514851137 8.1
endloop
endfacet
facet normal 0 0 -1
outer loop
vertex 229.70279558155553 -94.03335534953466 8.1
vertex 229.88933982822806 -94.26066017178331 8.1
vertex 202 -94.26066017178331 8.1
endloop
endfacet
facet normal 0 0 -1
outer loop
vertex 229.70279558155553 -94.03335534953466 8.1
vertex 202 -94.26066017178331 8.1
vertex 202 -94.03335534953466 8.1
endloop
endfacet
facet normal 0 0 -1
outer loop
vertex 235.025 -94.03335534953466 8.1
vertex 235.025 -94.26066017178331 8.1
vertex 232.0106601717852 -94.26066017178331 8.1
endloop
endfacet
facet normal 0 0 -1
outer loop
vertex 235.025 -94.03335534953466 8.1
vertex 232.0106601717852 -94.26066017178331 8.1
vertex 232.1972044184556 -94.03335534953466 8.1
endloop
endfacet
facet normal 0 0 -1
outer loop
vertex 229.88933982822806 -94.26066017178331 8.1
vertex 230.1166446504787 -94.44720441845747 8.1
vertex 202 -94.44720441845747 8.1
endloop
endfacet
facet normal 0 0 -1
outer loop
vertex 229.88933982822806 -94.26066017178331 8.1
vertex 202 -94.44720441845747 8.1
vertex 202 -94.26066017178331 8.1
endloop
endfacet
facet normal 0 0 -1
outer loop
vertex 235.025 -94.26066017178331 8.1
vertex 235.025 -94.44720441845747 8.1
vertex 231.78335534950864 -94.44720441845747 8.1
endloop
endfacet
facet normal 0 0 -1
outer loop
vertex 235.025 -94.26066017178331 8.1
vertex 231.78335534950864 -94.44720441845747 8.1
vertex 232.0106601717852 -94.26066017178331 8.1
endloop
endfacet
facet normal 0 0 -1
outer loop
vertex 230.1166446504787 -94.44720441845747 8.1
vertex 230.37597485145818 -94.58581929876938 8.1
vertex 202 -94.58581929876938 8.1
endloop
endfacet
facet normal 0 0 -1
outer loop
vertex 230.1166446504787 -94.44720441845747 8.1
vertex 202 -94.58581929876938 8.1
vertex 202 -94.44720441845747 8.1
endloop
endfacet
facet normal 0 0 -1
outer loop
vertex 235.025 -94.44720441845747 8.1
vertex 235.025 -94.58581929876938 8.1
vertex 231.52402514856325 -94.58581929876938 8.1
endloop
endfacet
facet normal 0 0 -1
outer loop
vertex 235.025 -94.44720441845747 8.1
vertex 231.52402514856325 -94.58581929876938 8.1
vertex 231.78335534950864 -94.44720441845747 8.1
endloop
endfacet
facet normal 0 0 -1
outer loop
vertex 230.37597485145818 -94.58581929876938 8.1
vertex 230.65736451696517 -94.6711779206023 8.1
vertex 202 -94.6711779206023 8.1
endloop
endfacet
facet normal 0 0 -1
outer loop
vertex 230.37597485145818 -94.58581929876938 8.1
vertex 202 -94.6711779206023 8.1
vertex 202 -94.58581929876938 8.1
endloop
endfacet
facet normal 0 0 -1
outer loop
vertex 235.025 -94.58581929876938 8.1
vertex 235.025 -94.6711779206023 8.1
vertex 231.24263548301164 -94.6711779206023 8.1
endloop
endfacet
facet normal 0 0 -1
outer loop
vertex 235.025 -94.58581929876938 8.1
vertex 231.24263548301164 -94.6711779206023 8.1
vertex 231.52402514856325 -94.58581929876938 8.1
endloop
endfacet
facet normal 0 0 -1
outer loop
vertex 230.65736451696517 -94.6711779206023 8.1
vertex 230.95000000001787 -94.70000000000026 8.1
vertex 202 -94.70000000000026 8.1
endloop
endfacet
facet normal 0 0 -1
outer loop
vertex 230.65736451696517 -94.6711779206023 8.1
vertex 202 -94.70000000000026 8.1
vertex 202 -94.6711779206023 8.1
endloop
endfacet
facet normal 0 0 -1
outer loop
vertex 235.025 -94.6711779206023 8.1
vertex 235.025 -94.70000000000026 8.1
vertex 230.95000000001787 -94.70000000000026 8.1
endloop
endfacet
facet normal 0 0 -1
outer loop
vertex 235.025 -94.6711779206023 8.1
vertex 230.95000000001787 -94.70000000000026 8.1
vertex 231.24263548301164 -94.6711779206023 8.1
endloop
endfacet
facet normal 0 0 -1
outer loop
vertex 188 -94 8.1
vertex 188 -96.125 8.1
vertex 164 -96.125 8.1
endloop
endfacet
facet normal 0 0 -1
outer loop
vertex 188 -94 8.1
vertex 164 -96.125 8.1
vertex 164 -94 8.1
endloop
endfacet
facet normal 0 0 -1
outer loop
vertex 230.95000000001787 -94.70000000000026 8.1
vertex 235.025 -94.70000000000026 8.1
vertex 235.025 -96.125 8.1
endloop
endfacet
facet normal 0 0 -1
outer loop
vertex 230.95000000001787 -94.70000000000026 8.1
vertex 235.025 -96.125 8.1
vertex 202 -96.125 8.1
endloop
endfacet
facet normal 0 0 -1
outer loop
vertex 230.95000000001787 -94.70000000000026 8.1
vertex 202 -96.125 8.1
vertex 202 -94.70000000000026 8.1
endloop
endfacet
facet normal 0 0 -1
outer loop
vertex 150 -94 8.1
vertex 150 -98.75 8.1
vertex 145 -98.75 8.1
endloop
endfacet
facet normal 0 0 -1
outer loop
vertex 150 -94 8.1
vertex 145 -98.75 8.1
vertex 131 -98.75 8.1
endloop
endfacet
facet normal 0 0 -1
outer loop
vertex 150 -94 8.1
vertex 131 -98.75 8.1
vertex 126 -98.75 8.1
endloop
endfacet
facet normal 0 0 -1
outer loop
vertex 150 -94 8.1
vertex 126 -98.75 8.1
vertex 126 -94 8.1
endloop
endfacet
facet normal 0 0 -1
outer loop
vertex 188 -96.125 8.1
vertex 202 -96.125 8.1
vertex 235.025 -96.125 8.1
endloop
endfacet
facet normal 0 0 -1
outer loop
vertex 188 -96.125 8.1
vertex 235.025 -96.125 8.1
vertex 235.025 -98.75 8.1
endloop
endfacet
facet normal 0 0 -1
outer loop
vertex 188 -96.125 8.1
vertex 235.025 -98.75 8.1
vertex 183 -98.75 8.1
endloop
endfacet
facet normal 0 0 -1
outer loop
vertex 188 -96.125 8.1
vertex 183 -98.75 8.1
vertex 169 -98.75 8.1
endloop
endfacet
facet normal 0 0 -1
outer loop
vertex 188 -96.125 8.1
vertex 169 -98.75 8.1
vertex 164 -98.75 8.1
endloop
endfacet
facet normal 0 0 -1
outer loop
vertex 188 -96.125 8.1
vertex 164 -98.75 8.1
vertex 164 -96.125 8.1
endloop
endfacet
facet normal 0 0 -1
outer loop
vertex 235.025 -98.75 8.1
vertex 235.025 -101.125 8.1
vertex 202 -101.125 8.1
endloop
endfacet
facet normal 0 0 -1
outer loop
vertex 235.025 -98.75 8.1
vertex 202 -101.125 8.1
vertex 188 -101.125 8.1
endloop
endfacet
facet normal 0 0 -1
outer loop
vertex 235.025 -98.75 8.1
vertex 188 -101.125 8.1
vertex 183 -101.125 8.1
endloop
endfacet
facet normal 0 0 -1
outer loop
vertex 235.025 -98.75 8.1
vertex 183 -101.125 8.1
vertex 183 -98.75 8.1
endloop
endfacet
facet normal 0 0 -1
outer loop
vertex 93 -94 8.1
vertex 93 -108 8.1
vertex 89.5 -108 8.1
endloop
endfacet
facet normal 0 0 -1
outer loop
vertex 93 -94 8.1
vertex 89.5 -108 8.1
vertex 89.5 -94 8.1
endloop
endfacet
facet normal 0 0 -1
outer loop
vertex 112 -94 8.1
vertex 112 -108 8.1
vertex 107 -108 8.1
endloop
endfacet
facet normal 0 0 -1
outer loop
vertex 112 -94 8.1
vertex 107 -108 8.1
vertex 107 -94 8.1
endloop
endfacet
facet normal 0 0 -1
outer loop
vertex 131 -98.75 8.1
vertex 131 -108 8.1
vertex 126 -108 8.1
endloop
endfacet
facet normal 0 0 -1
outer loop
vertex 131 -98.75 8.1
vertex 126 -108 8.1
vertex 126 -98.75 8.1
endloop
endfacet
facet normal 0 0 -1
outer loop
vertex 150 -98.75 8.1
vertex 150 -108 8.1
vertex 145 -108 8.1
endloop
endfacet
facet normal 0 0 -1
outer loop
vertex 150 -98.75 8.1
vertex 145 -108 8.1
vertex 145 -98.75 8.1
endloop
endfacet
facet normal 0 0 -1
outer loop
vertex 169 -98.75 8.1
vertex 169 -108 8.1
vertex 164 -108 8.1
endloop
endfacet
facet normal 0 0 -1
outer loop
vertex 169 -98.75 8.1
vertex 164 -108 8.1
vertex 164 -98.75 8.1
endloop
endfacet
facet normal 0 0 -1
outer loop
vertex 93 -108 8.1
vertex 107 -108 8.1
vertex 112 -108 8.1
endloop
endfacet
facet normal 0 0 -1
outer loop
vertex 93 -108 8.1
vertex 112 -108 8.1
vertex 126 -108 8.1
endloop
endfacet
facet normal 0 0 -1
outer loop
vertex 93 -108 8.1
vertex 126 -108 8.1
vertex 131 -108 8.1
endloop
endfacet
facet normal 0 0 -1
outer loop
vertex 93 -108 8.1
vertex 131 -108 8.1
vertex 131 -109 8.1
endloop
endfacet
facet normal 0 0 -1
outer loop
vertex 93 -108 8.1
vertex 131 -109 8.1
vertex 128.50000000000009 -109 8.1
endloop
endfacet
facet normal 0 0 -1
outer loop
vertex 93 -108 8.1
vertex 128.50000000000009 -109 8.1
vertex 89.5 -109 8.1
endloop
endfacet
facet normal 0 0 -1
outer loop
vertex 93 -108 8.1
vertex 89.5 -109 8.1
vertex 89.5 -108 8.1
endloop
endfacet
facet normal 0 0 -1
outer loop
vertex 128.50000000000009 -109 8.1
vertex 128.20736451697607 -109.02882207939514 8.1
vertex 89.5 -109.02882207939514 8.1
endloop
endfacet
facet normal 0 0 -1
outer loop
vertex 128.50000000000009 -109 8.1
vertex 89.5 -109.02882207939514 8.1
vertex 89.5 -109 8.1
endloop
endfacet
facet normal 0 0 -1
outer loop
vertex 131 -109 8.1
vertex 131 -109.02882207939514 8.1
vertex 128.79263548302413 -109.02882207939514 8.1
endloop
endfacet
facet normal 0 0 -1
outer loop
vertex 131 -109 8.1
vertex 128.79263548302413 -109.02882207939514 8.1
vertex 128.50000000000009 -109 8.1
endloop
endfacet
facet normal 0 0 -1
outer loop
vertex 128.20736451697607 -109.02882207939514 8.1
vertex 127.92597485145235 -109.11418070123304 8.1
vertex 89.5 -109.11418070123304 8.1
endloop
endfacet
facet normal 0 0 -1
outer loop
vertex 128.20736451697607 -109.02882207939514 8.1
vertex 89.5 -109.11418070123304 8.1
vertex 89.5 -109.02882207939514 8.1
endloop
endfacet
facet normal 0 0 -1
outer loop
vertex 131 -109.02882207939514 8.1
vertex 131 -109.11418070123304 8.1
vertex 129.07402514854755 -109.11418070123304 8.1
endloop
endfacet
facet normal 0 0 -1
outer loop
vertex 131 -109.02882207939514 8.1
vertex 129.07402514854755 -109.11418070123304 8.1
vertex 128.79263548302413 -109.02882207939514 8.1
endloop
endfacet
facet normal 0 0 -1
outer loop
vertex 127.92597485145235 -109.11418070123304 8.1
vertex 127.6666446504705 -109.25279558154624 8.1
vertex 89.5 -109.25279558154624 8.1
endloop
endfacet
facet normal 0 0 -1
outer loop
vertex 127.92597485145235 -109.11418070123304 8.1
vertex 89.5 -109.25279558154624 8.1
vertex 89.5 -109.11418070123304 8.1
endloop
endfacet
facet normal 0 0 -1
outer loop
vertex 131 -109.11418070123304 8.1
vertex 131 -109.25279558154624 8.1
vertex 129.33335534952946 -109.25279558154624 8.1
endloop
endfacet
facet normal 0 0 -1
outer loop
vertex 131 -109.11418070123304 8.1
vertex 129.33335534952946 -109.25279558154624 8.1
vertex 129.07402514854755 -109.11418070123304 8.1
endloop
endfacet
facet normal 0 0 -1
outer loop
vertex 127.6666446504705 -109.25279558154624 8.1
vertex 127.4393398282202 -109.43933982822018 8.1
vertex 89.5 -109.43933982822018 8.1
endloop
endfacet
facet normal 0 0 -1
outer loop
vertex 127.6666446504705 -109.25279558154624 8.1
vertex 89.5 -109.43933982822018 8.1
vertex 89.5 -109.25279558154624 8.1
endloop
endfacet
facet normal 0 0 -1
outer loop
vertex 131 -109.25279558154624 8.1
vertex 131 -109.43933982822018 8.1
vertex 129.56066017177983 -109.43933982822018 8.1
endloop
endfacet
facet normal 0 0 -1
outer loop
vertex 131 -109.25279558154624 8.1
vertex 129.56066017177983 -109.43933982822018 8.1
vertex 129.33335534952946 -109.25279558154624 8.1
endloop
endfacet
facet normal 0 0 -1
outer loop
vertex 127.4393398282202 -109.43933982822018 8.1
vertex 127.25279558154625 -109.66664465047064 8.1
vertex 89.5 -109.66664465047064 8.1
endloop
endfacet
facet normal 0 0 -1
outer loop
vertex 127.4393398282202 -109.43933982822018 8.1
vertex 89.5 -109.66664465047064 8.1
vertex 89.5 -109.43933982822018 8.1
endloop
endfacet
facet normal 0 0 -1
outer loop
vertex 131 -109.43933982822018 8.1
vertex 131 -109.66664465047064 8.1
vertex 129.74720441845383 -109.66664465047064 8.1
endloop
endfacet
facet normal 0 0 -1
outer loop
vertex 131 -109.43933982822018 8.1
vertex 129.74720441845383 -109.66664465047064 8.1
vertex 129.56066017177983 -109.43933982822018 8.1
endloop
endfacet
facet normal 0 0 -1
outer loop
vertex 127.25279558154625 -109.66664465047064 8.1
vertex 127.11418070123308 -109.92597485145242 8.1
vertex 89.5 -109.92597485145242 8.1
endloop
endfacet
facet normal 0 0 -1
outer loop
vertex 127.25279558154625 -109.66664465047064 8.1
vertex 89.5 -109.92597485145242 8.1
vertex 89.5 -109.66664465047064 8.1
endloop
endfacet
facet normal 0 0 -1
outer loop
vertex 131 -109.66664465047064 8.1
vertex 131 -109.92597485145242 8.1
vertex 129.88581929876696 -109.92597485145242 8.1
endloop
endfacet
facet normal 0 0 -1
outer loop
vertex 131 -109.66664465047064 8.1
vertex 129.88581929876696 -109.92597485145242 8.1
vertex 129.74720441845383 -109.66664465047064 8.1
endloop
endfacet
facet normal 0 0 -1
outer loop
vertex 127.11418070123308 -109.92597485145242 8.1
vertex 127.02882207939521 -110.20736451697577 8.1
vertex 89.5 -110.20736451697577 8.1
endloop
endfacet
facet normal 0 0 -1
outer loop
vertex 127.11418070123308 -109.92597485145242 8.1
vertex 89.5 -110.20736451697577 8.1
vertex 89.5 -109.92597485145242 8.1
endloop
endfacet
facet normal 0 0 -1
outer loop
vertex 131 -109.92597485145242 8.1
vertex 131 -110.20736451697577 8.1
vertex 129.97117792060484 -110.20736451697577 8.1
endloop
endfacet
facet normal 0 0 -1
outer loop
vertex 131 -109.92597485145242 8.1
vertex 129.97117792060484 -110.20736451697577 8.1
vertex 129.88581929876696 -109.92597485145242 8.1
endloop
endfacet
facet normal 0 0 -1
outer loop
vertex 127.02882207939521 -110.20736451697577 8.1
vertex 127 -110.50000000000006 8.1
vertex 89.5 -110.50000000000006 8.1
endloop
endfacet
facet normal 0 0 -1
outer loop
vertex 127.02882207939521 -110.20736451697577 8.1
vertex 89.5 -110.50000000000006 8.1
vertex 89.5 -110.20736451697577 8.1
endloop
endfacet
facet normal 0 0 -1
outer loop
vertex 131 -110.20736451697577 8.1
vertex 131 -110.50000000000006 8.1
vertex 130 -110.50000000000006 8.1
endloop
endfacet
facet normal 0 0 -1
outer loop
vertex 131 -110.20736451697577 8.1
vertex 130 -110.50000000000006 8.1
vertex 129.97117792060484 -110.20736451697577 8.1
endloop
endfacet
facet normal 0 0 -1
outer loop
vertex 127 -110.50000000000006 8.1
vertex 127.02882207939517 -110.79263548302418 8.1
vertex 89.5 -110.79263548302418 8.1
endloop
endfacet
facet normal 0 0 -1
outer loop
vertex 127 -110.50000000000006 8.1
vertex 89.5 -110.79263548302418 8.1
vertex 89.5 -110.50000000000006 8.1
endloop
endfacet
facet normal 0 0 -1
outer loop
vertex 131 -110.50000000000006 8.1
vertex 131 -110.79263548302418 8.1
vertex 129.97117792060484 -110.79263548302418 8.1
endloop
endfacet
facet normal 0 0 -1
outer loop
vertex 131 -110.50000000000006 8.1
vertex 129.97117792060484 -110.79263548302418 8.1
vertex 130 -110.50000000000006 8.1
endloop
endfacet
facet normal 0 0 -1
outer loop
vertex 127.02882207939517 -110.79263548302418 8.1
vertex 127.1141807012331 -111.07402514854765 8.1
vertex 89.5 -111.07402514854765 8.1
endloop
endfacet
facet normal 0 0 -1
outer loop
vertex 127.02882207939517 -110.79263548302418 8.1
vertex 89.5 -111.07402514854765 8.1
vertex 89.5 -110.79263548302418 8.1
endloop
endfacet
facet normal 0 0 -1
outer loop
vertex 131 -110.79263548302418 8.1
vertex 131 -111.07402514854765 8.1
vertex 129.8858192987669 -111.07402514854765 8.1
endloop
endfacet
facet normal 0 0 -1
outer loop
vertex 131 -110.79263548302418 8.1
vertex 129.8858192987669 -111.07402514854765 8.1
vertex 129.97117792060484 -110.79263548302418 8.1
endloop
endfacet
facet normal 0 0 -1
outer loop
vertex 127.1141807012331 -111.07402514854765 8.1
vertex 127.25279558154625 -111.3333553495295 8.1
vertex 89.5 -111.3333553495295 8.1
endloop
endfacet
facet normal 0 0 -1
outer loop
vertex 127.1141807012331 -111.07402514854765 8.1
vertex 89.5 -111.3333553495295 8.1
vertex 89.5 -111.07402514854765 8.1
endloop
endfacet
facet normal 0 0 -1
outer loop
vertex 131 -111.07402514854765 8.1
vertex 131 -111.3333553495295 8.1
vertex 129.74720441845372 -111.3333553495295 8.1
endloop
endfacet
facet normal 0 0 -1
outer loop
vertex 131 -111.07402514854765 8.1
vertex 129.74720441845372 -111.3333553495295 8.1
vertex 129.8858192987669 -111.07402514854765 8.1
endloop
endfacet
facet normal 0 0 -1
outer loop
vertex 127.25279558154625 -111.3333553495295 8.1
vertex 127.4393398282202 -111.56066017177986 8.1
vertex 89.5 -111.56066017177986 8.1
endloop
endfacet
facet normal 0 0 -1
outer loop
vertex 127.25279558154625 -111.3333553495295 8.1
vertex 89.5 -111.56066017177986 8.1
vertex 89.5 -111.3333553495295 8.1
endloop
endfacet
facet normal 0 0 -1
outer loop
vertex 131 -111.3333553495295 8.1
vertex 131 -111.56066017177986 8.1
vertex 129.5606601717798 -111.56066017177986 8.1
endloop
endfacet
facet normal 0 0 -1
outer loop
vertex 131 -111.3333553495295 8.1
vertex 129.5606601717798 -111.56066017177986 8.1
vertex 129.74720441845372 -111.3333553495295 8.1
endloop
endfacet
facet normal 0 0 -1
outer loop
vertex 127.4393398282202 -111.56066017177986 8.1
vertex 127.66664465047053 -111.74720441845378 8.1
vertex 89.5 -111.74720441845378 8.1
endloop
endfacet
facet normal 0 0 -1
outer loop
vertex 127.4393398282202 -111.56066017177986 8.1
vertex 89.5 -111.74720441845378 8.1
vertex 89.5 -111.56066017177986 8.1
endloop
endfacet
facet normal 0 0 -1
outer loop
vertex 131 -111.56066017177986 8.1
vertex 131 -111.74720441845378 8.1
vertex 129.3333553495293 -111.74720441845378 8.1
endloop
endfacet
facet normal 0 0 -1
outer loop
vertex 131 -111.56066017177986 8.1
vertex 129.3333553495293 -111.74720441845378 8.1
vertex 129.5606601717798 -111.56066017177986 8.1
endloop
endfacet
facet normal 0 0 -1
outer loop
vertex 127.66664465047053 -111.74720441845378 8.1
vertex 127.9259748514524 -111.88581929876695 8.1
vertex 89.5 -111.88581929876695 8.1
endloop
endfacet
facet normal 0 0 -1
outer loop
vertex 127.66664465047053 -111.74720441845378 8.1
vertex 89.5 -111.88581929876695 8.1
vertex 89.5 -111.74720441845378 8.1
endloop
endfacet
facet normal 0 0 -1
outer loop
vertex 131 -111.74720441845378 8.1
vertex 131 -111.88581929876695 8.1
vertex 129.0740251485477 -111.88581929876695 8.1
endloop
endfacet
facet normal 0 0 -1
outer loop
vertex 131 -111.74720441845378 8.1
vertex 129.0740251485477 -111.88581929876695 8.1
vertex 129.3333553495293 -111.74720441845378 8.1
endloop
endfacet
facet normal 0 0 -1
outer loop
vertex 127.9259748514524 -111.88581929876695 8.1
vertex 128.20736451697576 -111.97117792060483 8.1
vertex 89.5 -111.97117792060483 8.1
endloop
endfacet
facet normal 0 0 -1
outer loop
vertex 127.9259748514524 -111.88581929876695 8.1
vertex 89.5 -111.97117792060483 8.1
vertex 89.5 -111.88581929876695 8.1
endloop
endfacet
facet normal 0 0 -1
outer loop
vertex 131 -111.88581929876695 8.1
vertex 131 -111.97117792060483 8.1
vertex 128.79263548302404 -111.97117792060483 8.1
endloop
endfacet
facet normal 0 0 -1
outer loop
vertex 131 -111.88581929876695 8.1
vertex 128.79263548302404 -111.97117792060483 8.1
vertex 129.0740251485477 -111.88581929876695 8.1
endloop
endfacet
facet normal 0 0 -1
outer loop
vertex 128.20736451697576 -111.97117792060483 8.1
vertex 128.50000000000009 -112 8.1
vertex 89.5 -112 8.1
endloop
endfacet
facet normal 0 0 -1
outer loop
vertex 128.20736451697576 -111.97117792060483 8.1
vertex 89.5 -112 8.1
vertex 89.5 -111.97117792060483 8.1
endloop
endfacet
facet normal 0 0 -1
outer loop
vertex 131 -111.97117792060483 8.1
vertex 131 -112 8.1
vertex 128.50000000000009 -112 8.1
endloop
endfacet
facet normal 0 0 -1
outer loop
vertex 131 -111.97117792060483 8.1
vertex 128.50000000000009 -112 8.1
vertex 128.79263548302404 -111.97117792060483 8.1
endloop
endfacet
facet normal 0 0 -1
outer loop
vertex 150 -108 8.1
vertex 164 -108 8.1
vertex 169 -108 8.1
endloop
endfacet
facet normal 0 0 -1
outer loop
vertex 150 -108 8.1
vertex 169 -108 8.1
vertex 169 -112 8.1
endloop
endfacet
facet normal 0 0 -1
outer loop
vertex 150 -108 8.1
vertex 169 -112 8.1
vertex 163.4999999999999 -112 8.1
endloop
endfacet
facet normal 0 0 -1
outer loop
vertex 150 -108 8.1
vertex 163.4999999999999 -112 8.1
vertex 150.50000000000026 -112 8.1
endloop
endfacet
facet normal 0 0 -1
outer loop
vertex 150 -108 8.1
vertex 150.50000000000026 -112 8.1
vertex 145 -112 8.1
endloop
endfacet
facet normal 0 0 -1
outer loop
vertex 150 -108 8.1
vertex 145 -112 8.1
vertex 145 -108 8.1
endloop
endfacet
facet normal 0 0 -1
outer loop
vertex 150.50000000000026 -112 8.1
vertex 150.15270364466625 -112.0303844939756 8.1
vertex 145 -112.0303844939756 8.1
endloop
endfacet
facet normal 0 0 -1
outer loop
vertex 150.50000000000026 -112 8.1
vertex 145 -112.0303844939756 8.1
vertex 145 -112 8.1
endloop
endfacet
facet normal 0 0 -1
outer loop
vertex 169 -112 8.1
vertex 169 -112.0303844939756 8.1
vertex 163.84729635533392 -112.0303844939756 8.1
endloop
endfacet
facet normal 0 0 -1
outer loop
vertex 169 -112 8.1
vertex 163.84729635533392 -112.0303844939756 8.1
vertex 163.4999999999999 -112 8.1
endloop
endfacet
facet normal 0 0 -1
outer loop
vertex 150.15270364466625 -112.0303844939756 8.1
vertex 149.81595971334855 -112.12061475842819 8.1
vertex 145 -112.12061475842819 8.1
endloop
endfacet
facet normal 0 0 -1
outer loop
vertex 150.15270364466625 -112.0303844939756 8.1
vertex 145 -112.12061475842819 8.1
vertex 145 -112.0303844939756 8.1
endloop
endfacet
facet normal 0 0 -1
outer loop
vertex 169 -112.0303844939756 8.1
vertex 169 -112.12061475842819 8.1
vertex 164.18404028665137 -112.12061475842819 8.1
endloop
endfacet
facet normal 0 0 -1
outer loop
vertex 169 -112.0303844939756 8.1
vertex 164.18404028665137 -112.12061475842819 8.1
vertex 163.84729635533392 -112.0303844939756 8.1
endloop
endfacet
facet normal 0 0 -1
outer loop
vertex 149.81595971334855 -112.12061475842819 8.1
vertex 149.49999999999997 -112.26794919243102 8.1
vertex 145 -112.26794919243102 8.1
endloop
endfacet
facet normal 0 0 -1
outer loop
vertex 149.81595971334855 -112.12061475842819 8.1
vertex 145 -112.26794919243102 8.1
vertex 145 -112.12061475842819 8.1
endloop
endfacet
facet normal 0 0 -1
outer loop
vertex 169 -112.12061475842819 8.1
vertex 169 -112.26794919243102 8.1
vertex 164.49999999999986 -112.26794919243102 8.1
endloop
endfacet
facet normal 0 0 -1
outer loop
vertex 169 -112.12061475842819 8.1
vertex 164.49999999999986 -112.26794919243102 8.1
vertex 164.18404028665137 -112.12061475842819 8.1
endloop
endfacet
facet normal 0 0 -1
outer loop
vertex 149.49999999999997 -112.26794919243102 8.1
vertex 149.2144247806268 -112.46791111376209 8.1
vertex 145 -112.46791111376209 8.1
endloop
endfacet
facet normal 0 0 -1
outer loop
vertex 149.49999999999997 -112.26794919243102 8.1
vertex 145 -112.46791111376209 8.1
vertex 145 -112.26794919243102 8.1
endloop
endfacet
facet normal 0 0 -1
outer loop
vertex 169 -112.26794919243102 8.1
vertex 169 -112.46791111376209 8.1
vertex 164.78557521937313 -112.46791111376209 8.1
endloop
endfacet
facet normal 0 0 -1
outer loop
vertex 169 -112.26794919243102 8.1
vertex 164.78557521937313 -112.46791111376209 8.1
vertex 164.49999999999986 -112.26794919243102 8.1
endloop
endfacet
facet normal 0 0 -1
outer loop
vertex 149.2144247806268 -112.46791111376209 8.1
vertex 148.96791111376226 -112.7144247806269 8.1
vertex 145 -112.7144247806269 8.1
endloop
endfacet
facet normal 0 0 -1
outer loop
vertex 149.2144247806268 -112.46791111376209 8.1
vertex 145 -112.7144247806269 8.1
vertex 145 -112.46791111376209 8.1
endloop
endfacet
facet normal 0 0 -1
outer loop
vertex 169 -112.46791111376209 8.1
vertex 169 -112.7144247806269 8.1
vertex 165.03208888623794 -112.7144247806269 8.1
endloop
endfacet
facet normal 0 0 -1
outer loop
vertex 169 -112.46791111376209 8.1
vertex 165.03208888623794 -112.7144247806269 8.1
vertex 164.78557521937313 -112.46791111376209 8.1
endloop
endfacet
facet normal 0 0 -1
outer loop
vertex 128.50000000000009 -112 8.1
vertex 131 -112 8.1
vertex 131 -112.75 8.1
endloop
endfacet
facet normal 0 0 -1
outer loop
vertex 128.50000000000009 -112 8.1
vertex 131 -112.75 8.1
vertex 89.5 -112.75 8.1
endloop
endfacet
facet normal 0 0 -1
outer loop
vertex 128.50000000000009 -112 8.1
vertex 89.5 -112.75 8.1
vertex 89.5 -112 8.1
endloop
endfacet
facet normal 0 0 -1
outer loop
vertex 148.96791111376226 -112.7144247806269 8.1
vertex 148.9430010769835 -112.75 8.1
vertex 145 -112.75 8.1
endloop
endfacet
facet normal 0 0 -1
outer loop
vertex 148.96791111376226 -112.7144247806269 8.1
vertex 145 -112.75 8.1
vertex 145 -112.7144247806269 8.1
endloop
endfacet
facet normal 0 0 -1
outer loop
vertex 169 -112.7144247806269 8.1
vertex 169 -112.75 8.1
vertex 165.05699892301644 -112.75 8.1
endloop
endfacet
facet normal 0 0 -1
outer loop
vertex 169 -112.7144247806269 8.1
vertex 165.05699892301644 -112.75 8.1
vertex 165.03208888623794 -112.7144247806269 8.1
endloop
endfacet
facet normal 0 0 -1
outer loop
vertex 188 -101.125 8.1
vertex 188 -112.75 8.1
vertex 183 -112.75 8.1
endloop
endfacet
facet normal 0 0 -1
outer loop
vertex 188 -101.125 8.1
vertex 183 -112.75 8.1
vertex 183 -101.125 8.1
endloop
endfacet
facet normal 0 0 -1
outer loop
vertex 131 -112.75 8.1
vertex 145 -112.75 8.1
vertex 148.9430010769835 -112.75 8.1
endloop
endfacet
facet normal 0 0 -1
outer loop
vertex 131 -112.75 8.1
vertex 148.9430010769835 -112.75 8.1
vertex 148.76794919243113 -112.99999999999991 8.1
endloop
endfacet
facet normal 0 0 -1
outer loop
vertex 131 -112.75 8.1
vertex 148.76794919243113 -112.99999999999991 8.1
vertex 126 -112.99999999999991 8.1
endloop
endfacet
facet normal 0 0 -1
outer loop
vertex 131 -112.75 8.1
vertex 126 -112.99999999999991 8.1
vertex 112 -112.99999999999991 8.1
endloop
endfacet
facet normal 0 0 -1
outer loop
vertex 131 -112.75 8.1
vertex 112 -112.99999999999991 8.1
vertex 107 -112.99999999999991 8.1
endloop
endfacet
facet normal 0 0 -1
outer loop
vertex 131 -112.75 8.1
vertex 107 -112.99999999999991 8.1
vertex 93 -112.99999999999991 8.1
endloop
endfacet
facet normal 0 0 -1
outer loop
vertex 131 -112.75 8.1
vertex 93 -112.99999999999991 8.1
vertex 89.5 -112.99999999999991 8.1
endloop
endfacet
facet normal 0 0 -1
outer loop
vertex 131 -112.75 8.1
vertex 89.5 -112.99999999999991 8.1
vertex 89.5 -112.75 8.1
endloop
endfacet
facet normal 0 0 -1
outer loop
vertex 169 -112.75 8.1
vertex 183 -112.75 8.1
vertex 188 -112.75 8.1
endloop
endfacet
facet normal 0 0 -1
outer loop
vertex 169 -112.75 8.1
vertex 188 -112.75 8.1
vertex 188 -112.99999999999991 8.1
endloop
endfacet
facet normal 0 0 -1
outer loop
vertex 169 -112.75 8.1
vertex 188 -112.99999999999991 8.1
vertex 165.2320508075688 -112.99999999999991 8.1
endloop
endfacet
facet normal 0 0 -1
outer loop
vertex 169 -112.75 8.1
vertex 165.2320508075688 -112.99999999999991 8.1
vertex 165.05699892301644 -112.75 8.1
endloop
endfacet
facet normal 0 0 -1
outer loop
vertex 148.76794919243113 -112.99999999999991 8.1
vertex 148.6206147584282 -113.31595971334882 8.1
vertex 126 -113.31595971334882 8.1
endloop
endfacet
facet normal 0 0 -1
outer loop
vertex 148.76794919243113 -112.99999999999991 8.1
vertex 126 -113.31595971334882 8.1
vertex 126 -112.99999999999991 8.1
endloop
endfacet
facet normal 0 0 -1
outer loop
vertex 188 -112.99999999999991 8.1
vertex 188 -113.31595971334882 8.1
vertex 165.37938524157187 -113.31595971334882 8.1
endloop
endfacet
facet normal 0 0 -1
outer loop
vertex 188 -112.99999999999991 8.1
vertex 165.37938524157187 -113.31595971334882 8.1
vertex 165.2320508075688 -112.99999999999991 8.1
endloop
endfacet
facet normal 0 0 -1
outer loop
vertex 148.6206147584282 -113.31595971334882 8.1
vertex 148.5303844939756 -113.6527036446661 8.1
vertex 126 -113.6527036446661 8.1
endloop
endfacet
facet normal 0 0 -1
outer loop
vertex 148.6206147584282 -113.31595971334882 8.1
vertex 126 -113.6527036446661 8.1
vertex 126 -113.31595971334882 8.1
endloop
endfacet
facet normal 0 0 -1
outer loop
vertex 188 -113.31595971334882 8.1
vertex 188 -113.6527036446661 8.1
vertex 165.4696155060244 -113.6527036446661 8.1
endloop
endfacet
facet normal 0 0 -1
outer loop
vertex 188 -113.31595971334882 8.1
vertex 165.4696155060244 -113.6527036446661 8.1
vertex 165.37938524157187 -113.31595971334882 8.1
endloop
endfacet
facet normal 0 0 -1
outer loop
vertex 148.5303844939756 -113.6527036446661 8.1
vertex 148.5 -113.99999999999967 8.1
vertex 126 -113.99999999999967 8.1
endloop
endfacet
facet normal 0 0 -1
outer loop
vertex 148.5303844939756 -113.6527036446661 8.1
vertex 126 -113.99999999999967 8.1
vertex 126 -113.6527036446661 8.1
endloop
endfacet
facet normal 0 0 -1
outer loop
vertex 188 -113.6527036446661 8.1
vertex 188 -113.99999999999967 8.1
vertex 165.5 -113.99999999999967 8.1
endloop
endfacet
facet normal 0 0 -1
outer loop
vertex 188 -113.6527036446661 8.1
vertex 165.5 -113.99999999999967 8.1
vertex 165.4696155060244 -113.6527036446661 8.1
endloop
endfacet
facet normal 0 0 -1
outer loop
vertex 188 -113.99999999999967 8.1
vertex 188 -115.125 8.1
vertex 165.5378076631913 -115.125 8.1
endloop
endfacet
facet normal 0 0 -1
outer loop
vertex 188 -113.99999999999967 8.1
vertex 165.5378076631913 -115.125 8.1
vertex 165.53038449397556 -115.09729635533371 8.1
endloop
endfacet
facet normal 0 0 -1
outer loop
vertex 188 -113.99999999999967 8.1
vertex 165.53038449397556 -115.09729635533371 8.1
vertex 165.5 -114.75000000000016 8.1
endloop
endfacet
facet normal 0 0 -1
outer loop
vertex 188 -113.99999999999967 8.1
vertex 165.5 -114.75000000000016 8.1
vertex 165.5 -113.99999999999967 8.1
endloop
endfacet
facet normal 0 0 -1
outer loop
vertex 235.025 -101.125 8.1
vertex 235.025 -115.125 8.1
vertex 202 -115.125 8.1
endloop
endfacet
facet normal 0 0 -1
outer loop
vertex 235.025 -101.125 8.1
vertex 202 -115.125 8.1
vertex 202 -101.125 8.1
endloop
endfacet
facet normal 0 0 -1
outer loop
vertex 188 -115.125 8.1
vertex 202 -115.125 8.1
vertex 235.025 -115.125 8.1
endloop
endfacet
facet normal 0 0 -1
outer loop
vertex 188 -115.125 8.1
vertex 235.025 -115.125 8.1
vertex 235.025 -115.64999999999999 8.1
endloop
endfacet
facet normal 0 0 -1
outer loop
vertex 188 -115.125 8.1
vertex 235.025 -115.64999999999999 8.1
vertex 181.69999999999996 -115.64999999999999 8.1
endloop
endfacet
facet normal 0 0 -1
outer loop
vertex 188 -115.125 8.1
vertex 181.69999999999996 -115.64999999999999 8.1
vertex 165.72131842661562 -115.64999999999999 8.1
endloop
endfacet
facet normal 0 0 -1
outer loop
vertex 188 -115.125 8.1
vertex 165.72131842661562 -115.64999999999999 8.1
vertex 165.6206147584283 -115.43404028665157 8.1
endloop
endfacet
facet normal 0 0 -1
outer loop
vertex 188 -115.125 8.1
vertex 165.6206147584283 -115.43404028665157 8.1
vertex 165.5378076631913 -115.125 8.1
endloop
endfacet
facet normal 0 0 -1
outer loop
vertex 181.69999999999996 -115.64999999999999 8.1
vertex 181.40736451697578 -115.67882207939515 8.1
vertex 165.73475838296153 -115.67882207939515 8.1
endloop
endfacet
facet normal 0 0 -1
outer loop
vertex 181.69999999999996 -115.64999999999999 8.1
vertex 165.73475838296153 -115.67882207939515 8.1
vertex 165.72131842661562 -115.64999999999999 8.1
endloop
endfacet
facet normal 0 0 -1
outer loop
vertex 235.025 -115.64999999999999 8.1
vertex 235.025 -115.67882207939515 8.1
vertex 181.99263548302415 -115.67882207939515 8.1
endloop
endfacet
facet normal 0 0 -1
outer loop
vertex 235.025 -115.64999999999999 8.1
vertex 181.99263548302415 -115.67882207939515 8.1
vertex 181.69999999999996 -115.64999999999999 8.1
endloop
endfacet
facet normal 0 0 -1
outer loop
vertex 181.40736451697578 -115.67882207939515 8.1
vertex 181.12597485145236 -115.76418070123307 8.1
vertex 165.77787862633164 -115.76418070123307 8.1
endloop
endfacet
facet normal 0 0 -1
outer loop
vertex 181.40736451697578 -115.67882207939515 8.1
vertex 165.77787862633164 -115.76418070123307 8.1
vertex 165.7679491924311 -115.74999999999994 8.1
endloop
endfacet
facet normal 0 0 -1
outer loop
vertex 181.40736451697578 -115.67882207939515 8.1
vertex 165.7679491924311 -115.74999999999994 8.1
vertex 165.73475838296153 -115.67882207939515 8.1
endloop
endfacet
facet normal 0 0 -1
outer loop
vertex 235.025 -115.67882207939515 8.1
vertex 235.025 -115.76418070123307 8.1
vertex 182.27402514854762 -115.76418070123307 8.1
endloop
endfacet
facet normal 0 0 -1
outer loop
vertex 235.025 -115.67882207939515 8.1
vertex 182.27402514854762 -115.76418070123307 8.1
vertex 181.99263548302415 -115.67882207939515 8.1
endloop
endfacet
facet normal 0 0 -1
outer loop
vertex 181.12597485145236 -115.76418070123307 8.1
vertex 180.86664465047056 -115.90279558154617 8.1
vertex 165.87493781043491 -115.90279558154617 8.1
endloop
endfacet
facet normal 0 0 -1
outer loop
vertex 181.12597485145236 -115.76418070123307 8.1
vertex 165.87493781043491 -115.90279558154617 8.1
vertex 165.77787862633164 -115.76418070123307 8.1
endloop
endfacet
facet normal 0 0 -1
outer loop
vertex 235.025 -115.76418070123307 8.1
vertex 235.025 -115.90279558154617 8.1
vertex 182.53335534952936 -115.90279558154617 8.1
endloop
endfacet
facet normal 0 0 -1
outer loop
vertex 235.025 -115.76418070123307 8.1
vertex 182.53335534952936 -115.90279558154617 8.1
vertex 182.27402514854762 -115.76418070123307 8.1
endloop
endfacet
facet normal 0 0 -1
outer loop
vertex 180.86664465047056 -115.90279558154617 8.1
vertex 180.63933982822016 -116.08933982822019 8.1
vertex 166.0216757226092 -116.08933982822019 8.1
endloop
endfacet
facet normal 0 0 -1
outer loop
vertex 180.86664465047056 -115.90279558154617 8.1
vertex 166.0216757226092 -116.08933982822019 8.1
vertex 165.96791111376209 -116.0355752193731 8.1
endloop
endfacet
facet normal 0 0 -1
outer loop
vertex 180.86664465047056 -115.90279558154617 8.1
vertex 165.96791111376209 -116.0355752193731 8.1
vertex 165.87493781043491 -115.90279558154617 8.1
endloop
endfacet
facet normal 0 0 -1
outer loop
vertex 235.025 -115.90279558154617 8.1
vertex 235.025 -116.08933982822019 8.1
vertex 182.76066017177982 -116.08933982822019 8.1
endloop
endfacet
facet normal 0 0 -1
outer loop
vertex 235.025 -115.90279558154617 8.1
vertex 182.76066017177982 -116.08933982822019 8.1
vertex 182.53335534952936 -115.90279558154617 8.1
endloop
endfacet
facet normal 0 0 -1
outer loop
vertex 180.63933982822016 -116.08933982822019 8.1
vertex 180.4527955815462 -116.31664465047055 8.1
vertex 166.26377552643714 -116.31664465047055 8.1
endloop
endfacet
facet normal 0 0 -1
outer loop
vertex 180.63933982822016 -116.08933982822019 8.1
vertex 166.26377552643714 -116.31664465047055 8.1
vertex 166.21442478062704 -116.28208888623804 8.1
endloop
endfacet
facet normal 0 0 -1
outer loop
vertex 180.63933982822016 -116.08933982822019 8.1
vertex 166.21442478062704 -116.28208888623804 8.1
vertex 166.0216757226092 -116.08933982822019 8.1
endloop
endfacet
facet normal 0 0 -1
outer loop
vertex 235.025 -116.08933982822019 8.1
vertex 235.025 -116.31664465047055 8.1
vertex 182.94720441845377 -116.31664465047055 8.1
endloop
endfacet
facet normal 0 0 -1
outer loop
vertex 235.025 -116.08933982822019 8.1
vertex 182.94720441845377 -116.31664465047055 8.1
vertex 182.76066017177982 -116.08933982822019 8.1
endloop
endfacet
facet normal 0 0 -1
outer loop
vertex 180.4527955815462 -116.31664465047055 8.1
vertex 180.31418070123308 -116.57597485145226 8.1
vertex 166.70142076211016 -116.57597485145226 8.1
endloop
endfacet
facet normal 0 0 -1
outer loop
vertex 180.4527955815462 -116.31664465047055 8.1
vertex 166.70142076211016 -116.57597485145226 8.1
vertex 166.5 -116.48205080756887 8.1
endloop
endfacet
facet normal 0 0 -1
outer loop
vertex 180.4527955815462 -116.31664465047055 8.1
vertex 166.5 -116.48205080756887 8.1
vertex 166.26377552643714 -116.31664465047055 8.1
endloop
endfacet
facet normal 0 0 -1
outer loop
vertex 235.025 -116.31664465047055 8.1
vertex 235.025 -116.57597485145226 8.1
vertex 183.08581929876686 -116.57597485145226 8.1
endloop
endfacet
facet normal 0 0 -1
outer loop
vertex 235.025 -116.31664465047055 8.1
vertex 183.08581929876686 -116.57597485145226 8.1
vertex 182.94720441845377 -116.31664465047055 8.1
endloop
endfacet
facet normal 0 0 -1
outer loop
vertex 148.5 -113.99999999999967 8.1
vertex 148.5 -114.75000000000016 8.1
vertex 148.46961550602438 -115.09729635533371 8.1
endloop
endfacet
facet normal 0 0 -1
outer loop
vertex 148.5 -113.99999999999967 8.1
vertex 148.46961550602438 -115.09729635533371 8.1
vertex 148.37938524157187 -115.43404028665157 8.1
endloop
endfacet
facet normal 0 0 -1
outer loop
vertex 148.5 -113.99999999999967 8.1
vertex 148.37938524157187 -115.43404028665157 8.1
vertex 148.23205080756892 -115.74999999999994 8.1
endloop
endfacet
facet normal 0 0 -1
outer loop
vertex 148.5 -113.99999999999967 8.1
vertex 148.23205080756892 -115.74999999999994 8.1
vertex 148.03208888623791 -116.0355752193731 8.1
endloop
endfacet
facet normal 0 0 -1
outer loop
vertex 148.5 -113.99999999999967 8.1
vertex 148.03208888623791 -116.0355752193731 8.1
vertex 147.7855752193731 -116.28208888623804 8.1
endloop
endfacet
facet normal 0 0 -1
outer loop
vertex 148.5 -113.99999999999967 8.1
vertex 147.7855752193731 -116.28208888623804 8.1
vertex 147.5000000000002 -116.48205080756887 8.1
endloop
endfacet
facet normal 0 0 -1
outer loop
vertex 148.5 -113.99999999999967 8.1
vertex 147.5000000000002 -116.48205080756887 8.1
vertex 147.1840402866512 -116.62938524157181 8.1
endloop
endfacet
facet normal 0 0 -1
outer loop
vertex 148.5 -113.99999999999967 8.1
vertex 147.1840402866512 -116.62938524157181 8.1
vertex 146.84729635533384 -116.71961550602441 8.1
endloop
endfacet
facet normal 0 0 -1
outer loop
vertex 148.5 -113.99999999999967 8.1
vertex 146.84729635533384 -116.71961550602441 8.1
vertex 146.50000000000014 -116.75 8.1
endloop
endfacet
facet normal 0 0 -1
outer loop
vertex 148.5 -113.99999999999967 8.1
vertex 146.50000000000014 -116.75 8.1
vertex 141.5000000000001 -116.75 8.1
endloop
endfacet
facet normal 0 0 -1
outer loop
vertex 148.5 -113.99999999999967 8.1
vertex 141.5000000000001 -116.75 8.1
vertex 126 -116.75 8.1
endloop
endfacet
facet normal 0 0 -1
outer loop
vertex 148.5 -113.99999999999967 8.1
vertex 126 -116.75 8.1
vertex 126 -113.99999999999967 8.1
endloop
endfacet
facet normal 0 0 -1
outer loop
vertex 180.31418070123308 -116.57597485145226 8.1
vertex 180.26139074955688 -116.75 8.1
vertex 175.1974806 -116.75 8.1
endloop
endfacet
facet normal 0 0 -1
outer loop
vertex 180.31418070123308 -116.57597485145226 8.1
vertex 175.1974806 -116.75 8.1
vertex 167.5 -116.75 8.1
endloop
endfacet
facet normal 0 0 -1
outer loop
vertex 180.31418070123308 -116.57597485145226 8.1
vertex 167.5 -116.75 8.1
vertex 167.15270364466616 -116.71961550602441 8.1
endloop
endfacet
facet normal 0 0 -1
outer loop
vertex 180.31418070123308 -116.57597485145226 8.1
vertex 167.15270364466616 -116.71961550602441 8.1
vertex 166.81595971334866 -116.62938524157181 8.1
endloop
endfacet
facet normal 0 0 -1
outer loop
vertex 180.31418070123308 -116.57597485145226 8.1
vertex 166.81595971334866 -116.62938524157181 8.1
vertex 166.70142076211016 -116.57597485145226 8.1
endloop
endfacet
facet normal 0 0 -1
outer loop
vertex 141.5000000000001 -116.75 8.1
vertex 141.15270364466602 -116.7803844939756 8.1
vertex 126 -116.7803844939756 8.1
endloop
endfacet
facet normal 0 0 -1
outer loop
vertex 141.5000000000001 -116.75 8.1
vertex 126 -116.7803844939756 8.1
vertex 126 -116.75 8.1
endloop
endfacet
facet normal 0 0 -1
outer loop
vertex 180.26139074955688 -116.75 8.1
vertex 180.2288220793951 -116.85736451697603 8.1
vertex 175.17854933823511 -116.85736451697603 8.1
endloop
endfacet
facet normal 0 0 -1
outer loop
vertex 180.26139074955688 -116.75 8.1
vertex 175.17854933823511 -116.85736451697603 8.1
vertex 175.1974806 -116.75 8.1
endloop
endfacet
facet normal 0 0 -1
outer loop
vertex 235.025 -116.57597485145226 8.1
vertex 235.025 -116.85736451697603 8.1
vertex 183.17117792060486 -116.85736451697603 8.1
endloop
endfacet
facet normal 0 0 -1
outer loop
vertex 235.025 -116.57597485145226 8.1
vertex 183.17117792060486 -116.85736451697603 8.1
vertex 183.08581929876686 -116.57597485145226 8.1
endloop
endfacet
facet normal 0 0 -1
outer loop
vertex 141.15270364466602 -116.7803844939756 8.1
vertex 140.81595971334883 -116.87061475842813 8.1
vertex 126 -116.87061475842813 8.1
endloop
endfacet
facet normal 0 0 -1
outer loop
vertex 141.15270364466602 -116.7803844939756 8.1
vertex 126 -116.87061475842813 8.1
vertex 126 -116.7803844939756 8.1
endloop
endfacet
facet normal 0 0 -1
outer loop
vertex 140.81595971334883 -116.87061475842813 8.1
vertex 140.49999999999977 -117.01794919243125 8.1
vertex 126 -117.01794919243125 8.1
endloop
endfacet
facet normal 0 0 -1
outer loop
vertex 140.81595971334883 -116.87061475842813 8.1
vertex 126 -117.01794919243125 8.1
vertex 126 -116.87061475842813 8.1
endloop
endfacet
facet normal 0 0 -1
outer loop
vertex 180.2288220793951 -116.85736451697603 8.1
vertex 180.19999999999996 -117.14999999999982 8.1
vertex 175.1269498052902 -117.14999999999982 8.1
endloop
endfacet
facet normal 0 0 -1
outer loop
vertex 180.2288220793951 -116.85736451697603 8.1
vertex 175.1269498052902 -117.14999999999982 8.1
vertex 175.17854933823511 -116.85736451697603 8.1
endloop
endfacet
facet normal 0 0 -1
outer loop
vertex 235.025 -116.85736451697603 8.1
vertex 235.025 -117.14999999999982 8.1
vertex 183.2 -117.14999999999982 8.1
endloop
endfacet
facet normal 0 0 -1
outer loop
vertex 235.025 -116.85736451697603 8.1
vertex 183.2 -117.14999999999982 8.1
vertex 183.17117792060486 -116.85736451697603 8.1
endloop
endfacet
facet normal 0 0 -1
outer loop
vertex 140.49999999999977 -117.01794919243125 8.1
vertex 140.21442478062696 -117.21791111376199 8.1
vertex 126 -117.21791111376199 8.1
endloop
endfacet
facet normal 0 0 -1
outer loop
vertex 140.49999999999977 -117.01794919243125 8.1
vertex 126 -117.21791111376199 8.1
vertex 126 -117.01794919243125 8.1
endloop
endfacet
facet normal 0 0 -1
outer loop
vertex 180.19999999999996 -117.14999999999982 8.1
vertex 180.2288220793952 -117.44263548302459 8.1
vertex 175.07535027234513 -117.44263548302459 8.1
endloop
endfacet
facet normal 0 0 -1
outer loop
vertex 180.19999999999996 -117.14999999999982 8.1
vertex 175.07535027234513 -117.44263548302459 8.1
vertex 175.1269498052902 -117.14999999999982 8.1
endloop
endfacet
facet normal 0 0 -1
outer loop
vertex 235.025 -117.14999999999982 8.1
vertex 235.025 -117.44263548302459 8.1
vertex 183.17117792060478 -117.44263548302459 8.1
endloop
endfacet
facet normal 0 0 -1
outer loop
vertex 235.025 -117.14999999999982 8.1
vertex 183.17117792060478 -117.44263548302459 8.1
vertex 183.2 -117.14999999999982 8.1
endloop
endfacet
facet normal 0 0 -1
outer loop
vertex 140.21442478062696 -117.21791111376199 8.1
vertex 139.9679111137621 -117.46442478062684 8.1
vertex 126 -117.46442478062684 8.1
endloop
endfacet
facet normal 0 0 -1
outer loop
vertex 140.21442478062696 -117.21791111376199 8.1
vertex 126 -117.46442478062684 8.1
vertex 126 -117.21791111376199 8.1
endloop
endfacet
facet normal 0 0 -1
outer loop
vertex 180.2288220793952 -117.44263548302459 8.1
vertex 180.31418070123294 -117.72402514854741 8.1
vertex 175.02573368051398 -117.72402514854741 8.1
endloop
endfacet
facet normal 0 0 -1
outer loop
vertex 180.2288220793952 -117.44263548302459 8.1
vertex 175.02573368051398 -117.72402514854741 8.1
vertex 175.07535027234513 -117.44263548302459 8.1
endloop
endfacet
facet normal 0 0 -1
outer loop
vertex 235.025 -117.44263548302459 8.1
vertex 235.025 -117.72402514854741 8.1
vertex 183.0858192987669 -117.72402514854741 8.1
endloop
endfacet
facet normal 0 0 -1
outer loop
vertex 235.025 -117.44263548302459 8.1
vertex 183.0858192987669 -117.72402514854741 8.1
vertex 183.17117792060478 -117.44263548302459 8.1
endloop
endfacet
facet normal 0 0 -1
outer loop
vertex 139.9679111137621 -117.46442478062684 8.1
vertex 139.7679491924311 -117.75000000000004 8.1
vertex 126 -117.75000000000004 8.1
endloop
endfacet
facet normal 0 0 -1
outer loop
vertex 139.9679111137621 -117.46442478062684 8.1
vertex 126 -117.75000000000004 8.1
vertex 126 -117.46442478062684 8.1
endloop
endfacet
facet normal 0 0 -1
outer loop
vertex 180.31418070123294 -117.72402514854741 8.1
vertex 180.4527955815462 -117.98335534952945 8.1
vertex 174.98000676759517 -117.98335534952945 8.1
endloop
endfacet
facet normal 0 0 -1
outer loop
vertex 180.31418070123294 -117.72402514854741 8.1
vertex 174.98000676759517 -117.98335534952945 8.1
vertex 175.02573368051398 -117.72402514854741 8.1
endloop
endfacet
facet normal 0 0 -1
outer loop
vertex 235.025 -117.72402514854741 8.1
vertex 235.025 -117.98335534952945 8.1
vertex 182.94720441845394 -117.98335534952945 8.1
endloop
endfacet
facet normal 0 0 -1
outer loop
vertex 235.025 -117.72402514854741 8.1
vertex 182.94720441845394 -117.98335534952945 8.1
vertex 183.0858192987669 -117.72402514854741 8.1
endloop
endfacet
facet normal 0 0 -1
outer loop
vertex 139.7679491924311 -117.75000000000004 8.1
vertex 139.6206147584282 -118.06595971334865 8.1
vertex 126 -118.06595971334865 8.1
endloop
endfacet
facet normal 0 0 -1
outer loop
vertex 139.7679491924311 -117.75000000000004 8.1
vertex 126 -118.06595971334865 8.1
vertex 126 -117.75000000000004 8.1
endloop
endfacet
facet normal 0 0 -1
outer loop
vertex 180.4527955815462 -117.98335534952945 8.1
vertex 180.63933982822013 -118.21066017177981 8.1
vertex 174.93992679320843 -118.21066017177981 8.1
endloop
endfacet
facet normal 0 0 -1
outer loop
vertex 180.4527955815462 -117.98335534952945 8.1
vertex 174.93992679320843 -118.21066017177981 8.1
vertex 174.98000676759517 -117.98335534952945 8.1
endloop
endfacet
facet normal 0 0 -1
outer loop
vertex 235.025 -117.98335534952945 8.1
vertex 235.025 -118.21066017177981 8.1
vertex 182.7606601717797 -118.21066017177981 8.1
endloop
endfacet
facet normal 0 0 -1
outer loop
vertex 235.025 -117.98335534952945 8.1
vertex 182.7606601717797 -118.21066017177981 8.1
vertex 182.94720441845394 -117.98335534952945 8.1
endloop
endfacet
facet normal 0 0 -1
outer loop
vertex 180.63933982822013 -118.21066017177981 8.1
vertex 180.86664465047065 -118.39720441845387 8.1
vertex 174.90703400829227 -118.39720441845387 8.1
endloop
endfacet
facet normal 0 0 -1
outer loop
vertex 180.63933982822013 -118.21066017177981 8.1
vertex 174.90703400829227 -118.39720441845387 8.1
vertex 174.93992679320843 -118.21066017177981 8.1
endloop
endfacet
facet normal 0 0 -1
outer loop
vertex 235.025 -118.21066017177981 8.1
vertex 235.025 -118.39720441845387 8.1
vertex 182.53335534952936 -118.39720441845387 8.1
endloop
endfacet
facet normal 0 0 -1
outer loop
vertex 235.025 -118.21066017177981 8.1
vertex 182.53335534952936 -118.39720441845387 8.1
vertex 182.7606601717797 -118.21066017177981 8.1
endloop
endfacet
facet normal 0 0 -1
outer loop
vertex 139.6206147584282 -118.06595971334865 8.1
vertex 139.53038449397562 -118.40270364466598 8.1
vertex 126 -118.40270364466598 8.1
endloop
endfacet
facet normal 0 0 -1
outer loop
vertex 139.6206147584282 -118.06595971334865 8.1
vertex 126 -118.40270364466598 8.1
vertex 126 -118.06595971334865 8.1
endloop
endfacet
facet normal 0 0 -1
outer loop
vertex 180.86664465047065 -118.39720441845387 8.1
vertex 181.12597485145227 -118.53581929876691 8.1
vertex 174.88259246412454 -118.53581929876691 8.1
endloop
endfacet
facet normal 0 0 -1
outer loop
vertex 180.86664465047065 -118.39720441845387 8.1
vertex 174.88259246412454 -118.53581929876691 8.1
vertex 174.90703400829227 -118.39720441845387 8.1
endloop
endfacet
facet normal 0 0 -1
outer loop
vertex 235.025 -118.39720441845387 8.1
vertex 235.025 -118.53581929876691 8.1
vertex 182.27402514854768 -118.53581929876691 8.1
endloop
endfacet
facet normal 0 0 -1
outer loop
vertex 235.025 -118.39720441845387 8.1
vertex 182.27402514854768 -118.53581929876691 8.1
vertex 182.53335534952936 -118.39720441845387 8.1
endloop
endfacet
facet normal 0 0 -1
outer loop
vertex 181.12597485145227 -118.53581929876691 8.1
vertex 181.40736451697583 -118.62117792060485 8.1
vertex 174.86754143554063 -118.62117792060485 8.1
endloop
endfacet
facet normal 0 0 -1
outer loop
vertex 181.12597485145227 -118.53581929876691 8.1
vertex 174.86754143554063 -118.62117792060485 8.1
vertex 174.88259246412454 -118.53581929876691 8.1
endloop
endfacet
facet normal 0 0 -1
outer loop
vertex 235.025 -118.53581929876691 8.1
vertex 235.025 -118.62117792060485 8.1
vertex 181.99263548302412 -118.62117792060485 8.1
endloop
endfacet
facet normal 0 0 -1
outer loop
vertex 235.025 -118.53581929876691 8.1
vertex 181.99263548302412 -118.62117792060485 8.1
vertex 182.27402514854768 -118.53581929876691 8.1
endloop
endfacet
facet normal 0 0 -1
outer loop
vertex 181.40736451697583 -118.62117792060485 8.1
vertex 181.70000000000002 -118.65 8.1
vertex 174.8624593251283 -118.65 8.1
endloop
endfacet
facet normal 0 0 -1
outer loop
vertex 181.40736451697583 -118.62117792060485 8.1
vertex 174.8624593251283 -118.65 8.1
vertex 174.86754143554063 -118.62117792060485 8.1
endloop
endfacet
facet normal 0 0 -1
outer loop
vertex 235.025 -118.62117792060485 8.1
vertex 235.025 -118.65 8.1
vertex 181.70000000000002 -118.65 8.1
endloop
endfacet
facet normal 0 0 -1
outer loop
vertex 235.025 -118.62117792060485 8.1
vertex 181.70000000000002 -118.65 8.1
vertex 181.99263548302412 -118.62117792060485 8.1
endloop
endfacet
facet normal 0 0 -1
outer loop
vertex 139.53038449397562 -118.40270364466598 8.1
vertex 139.5 -118.75000000000003 8.1
vertex 126 -118.75000000000003 8.1
endloop
endfacet
facet normal 0 0 -1
outer loop
vertex 139.53038449397562 -118.40270364466598 8.1
vertex 126 -118.75000000000003 8.1
vertex 126 -118.40270364466598 8.1
endloop
endfacet
facet normal 0 0 -1
outer loop
vertex 181.70000000000002 -118.65 8.1
vertex 235.025 -118.65 8.1
vertex 235.025 -118.67499999999998 8.1
endloop
endfacet
facet normal 0 0 -1
outer loop
vertex 181.70000000000002 -118.65 8.1
vertex 235.025 -118.67499999999998 8.1
vertex 234.99461550602445 -119.02229635533352 8.1
endloop
endfacet
facet normal 0 0 -1
outer loop
vertex 181.70000000000002 -118.65 8.1
vertex 234.99461550602445 -119.02229635533352 8.1
vertex 234.90438524157173 -119.35904028665148 8.1
endloop
endfacet
facet normal 0 0 -1
outer loop
vertex 181.70000000000002 -118.65 8.1
vertex 234.90438524157173 -119.35904028665148 8.1
vertex 234.75705080756873 -119.67500000000025 8.1
endloop
endfacet
facet normal 0 0 -1
outer loop
vertex 181.70000000000002 -118.65 8.1
vertex 234.75705080756873 -119.67500000000025 8.1
vertex 234.5570888862379 -119.9605752193732 8.1
endloop
endfacet
facet normal 0 0 -1
outer loop
vertex 181.70000000000002 -118.65 8.1
vertex 234.5570888862379 -119.9605752193732 8.1
vertex 234.3105752193733 -120.2070888862378 8.1
endloop
endfacet
facet normal 0 0 -1
outer loop
vertex 181.70000000000002 -118.65 8.1
vertex 234.3105752193733 -120.2070888862378 8.1
vertex 234.02499999999986 -120.40705080756898 8.1
endloop
endfacet
facet normal 0 0 -1
outer loop
vertex 181.70000000000002 -118.65 8.1
vertex 234.02499999999986 -120.40705080756898 8.1
vertex 233.70904028665143 -120.5543852415718 8.1
endloop
endfacet
facet normal 0 0 -1
outer loop
vertex 181.70000000000002 -118.65 8.1
vertex 233.70904028665143 -120.5543852415718 8.1
vertex 233.3722963553339 -120.64461550602441 8.1
endloop
endfacet
facet normal 0 0 -1
outer loop
vertex 181.70000000000002 -118.65 8.1
vertex 233.3722963553339 -120.64461550602441 8.1
vertex 233.02500000000003 -120.675 8.1
endloop
endfacet
facet normal 0 0 -1
outer loop
vertex 181.70000000000002 -118.65 8.1
vertex 233.02500000000003 -120.675 8.1
vertex 209.0547337898121 -120.675 8.1
endloop
endfacet
facet normal 0 0 -1
outer loop
vertex 181.70000000000002 -118.65 8.1
vertex 209.0547337898121 -120.675 8.1
vertex 174.5053971769098 -120.675 8.1
endloop
endfacet
facet normal 0 0 -1
outer loop
vertex 181.70000000000002 -118.65 8.1
vertex 174.5053971769098 -120.675 8.1
vertex 174.8624593251283 -118.65 8.1
endloop
endfacet
facet normal 0 0 -1
outer loop
vertex 209.0547337898121 -120.675 8.1
vertex 209.05054525 -120.96547975000011 8.1
vertex 174.45417775787325 -120.96547975000011 8.1
endloop
endfacet
facet normal 0 0 -1
outer loop
vertex 209.0547337898121 -120.675 8.1
vertex 174.45417775787325 -120.96547975000011 8.1
vertex 174.5053971769098 -120.675 8.1
endloop
endfacet
facet normal 0 0 -1
outer loop
vertex 209.05054525 -120.96547975000011 8.1
vertex 209.06410723961162 -121.1810029 8.1
vertex 177.97016839999998 -121.1810029 8.1
endloop
endfacet
facet normal 0 0 -1
outer loop
vertex 209.05054525 -120.96547975000011 8.1
vertex 177.97016839999998 -121.1810029 8.1
vertex 174.4161752102536 -121.1810029 8.1
endloop
endfacet
facet normal 0 0 -1
outer loop
vertex 209.05054525 -120.96547975000011 8.1
vertex 174.4161752102536 -121.1810029 8.1
vertex 174.45417775787325 -120.96547975000011 8.1
endloop
endfacet
facet normal 0 0 -1
outer loop
vertex 209.06410723961162 -121.1810029 8.1
vertex 209.06993404468975 -121.27360077249772 8.1
vertex 178.49531702648991 -121.27360077249772 8.1
endloop
endfacet
facet normal 0 0 -1
outer loop
vertex 209.06410723961162 -121.1810029 8.1
vertex 178.49531702648991 -121.27360077249772 8.1
vertex 177.97016839999998 -121.1810029 8.1
endloop
endfacet
facet normal 0 0 -1
outer loop
vertex 209.06993404468975 -121.27360077249772 8.1
vertex 209.13651312376348 -121.57506671766323 8.1
vertex 180.20501534640607 -121.57506671766323 8.1
endloop
endfacet
facet normal 0 0 -1
outer loop
vertex 209.06993404468975 -121.27360077249772 8.1
vertex 180.20501534640607 -121.57506671766323 8.1
vertex 178.49531702648991 -121.27360077249772 8.1
endloop
endfacet
facet normal 0 0 -1
outer loop
vertex 209.13651312376348 -121.57506671766323 8.1
vertex 209.24869599948164 -121.86269406730186 8.1
vertex 181.8362310917504 -121.86269406730186 8.1
endloop
endfacet
facet normal 0 0 -1
outer loop
vertex 209.13651312376348 -121.57506671766323 8.1
vertex 181.8362310917504 -121.86269406730186 8.1
vertex 180.20501534640607 -121.57506671766323 8.1
endloop
endfacet
facet normal 0 0 -1
outer loop
vertex 139.5 -118.75000000000003 8.1
vertex 139.5 -119.99999999999997 8.1
vertex 139.4696155060244 -120.34729635533397 8.1
endloop
endfacet
facet normal 0 0 -1
outer loop
vertex 139.5 -118.75000000000003 8.1
vertex 139.4696155060244 -120.34729635533397 8.1
vertex 139.37938524157184 -120.68404028665128 8.1
endloop
endfacet
facet normal 0 0 -1
outer loop
vertex 139.5 -118.75000000000003 8.1
vertex 139.37938524157184 -120.68404028665128 8.1
vertex 139.2320508075689 -120.99999999999994 8.1
endloop
endfacet
facet normal 0 0 -1
outer loop
vertex 139.5 -118.75000000000003 8.1
vertex 139.2320508075689 -120.99999999999994 8.1
vertex 139.032088886238 -121.28557521937299 8.1
endloop
endfacet
facet normal 0 0 -1
outer loop
vertex 139.5 -118.75000000000003 8.1
vertex 139.032088886238 -121.28557521937299 8.1
vertex 138.78557521937296 -121.53208888623804 8.1
endloop
endfacet
facet normal 0 0 -1
outer loop
vertex 139.5 -118.75000000000003 8.1
vertex 138.78557521937296 -121.53208888623804 8.1
vertex 138.50000000000006 -121.73205080756885 8.1
endloop
endfacet
facet normal 0 0 -1
outer loop
vertex 139.5 -118.75000000000003 8.1
vertex 138.50000000000006 -121.73205080756885 8.1
vertex 138.18404028665134 -121.87938524157181 8.1
endloop
endfacet
facet normal 0 0 -1
outer loop
vertex 139.5 -118.75000000000003 8.1
vertex 138.18404028665134 -121.87938524157181 8.1
vertex 137.8472963553338 -121.96961550602443 8.1
endloop
endfacet
facet normal 0 0 -1
outer loop
vertex 139.5 -118.75000000000003 8.1
vertex 137.8472963553338 -121.96961550602443 8.1
vertex 137.5000000000001 -122 8.1
endloop
endfacet
facet normal 0 0 -1
outer loop
vertex 139.5 -118.75000000000003 8.1
vertex 137.5000000000001 -122 8.1
vertex 131.50000000000003 -122 8.1
endloop
endfacet
facet normal 0 0 -1
outer loop
vertex 139.5 -118.75000000000003 8.1
vertex 131.50000000000003 -122 8.1
vertex 126 -122 8.1
endloop
endfacet
facet normal 0 0 -1
outer loop
vertex 139.5 -118.75000000000003 8.1
vertex 126 -122 8.1
vertex 126 -118.75000000000003 8.1
endloop
endfacet
facet normal 0 0 -1
outer loop
vertex 131.50000000000003 -122 8.1
vertex 131.1527036446661 -122.03038449397559 8.1
vertex 126 -122.03038449397559 8.1
endloop
endfacet
facet normal 0 0 -1
outer loop
vertex 131.50000000000003 -122 8.1
vertex 126 -122.03038449397559 8.1
vertex 126 -122 8.1
endloop
endfacet
facet normal 0 0 -1
outer loop
vertex 131.1527036446661 -122.03038449397559 8.1
vertex 130.8159597133488 -122.12061475842813 8.1
vertex 126 -122.12061475842813 8.1
endloop
endfacet
facet normal 0 0 -1
outer loop
vertex 131.1527036446661 -122.03038449397559 8.1
vertex 126 -122.12061475842813 8.1
vertex 126 -122.03038449397559 8.1
endloop
endfacet
facet normal 0 0 -1
outer loop
vertex 209.24869599948164 -121.86269406730186 8.1
vertex 209.40380950845173 -122.12962905788878 8.1
vertex 183.35009463836997 -122.12962905788878 8.1
endloop
endfacet
facet normal 0 0 -1
outer loop
vertex 209.24869599948164 -121.86269406730186 8.1
vertex 183.35009463836997 -122.12962905788878 8.1
vertex 181.8362310917504 -121.86269406730186 8.1
endloop
endfacet
facet normal 0 0 -1
outer loop
vertex 130.8159597133488 -122.12061475842813 8.1
vertex 130.49999999999991 -122.26794919243117 8.1
vertex 126 -122.26794919243117 8.1
endloop
endfacet
facet normal 0 0 -1
outer loop
vertex 130.8159597133488 -122.12061475842813 8.1
vertex 126 -122.26794919243117 8.1
vertex 126 -122.12061475842813 8.1
endloop
endfacet
facet normal 0 0 -1
outer loop
vertex 209.40380950845173 -122.12962905788878 8.1
vertex 209.598157509429 -122.36951099631001 8.1
vertex 184.7105327033456 -122.36951099631001 8.1
endloop
endfacet
facet normal 0 0 -1
outer loop
vertex 209.40380950845173 -122.12962905788878 8.1
vertex 184.7105327033456 -122.36951099631001 8.1
vertex 183.35009463836997 -122.12962905788878 8.1
endloop
endfacet
facet normal 0 0 -1
outer loop
vertex 130.49999999999991 -122.26794919243117 8.1
vertex 130.214424780627 -122.46791111376197 8.1
vertex 126 -122.46791111376197 8.1
endloop
endfacet
facet normal 0 0 -1
outer loop
vertex 130.49999999999991 -122.26794919243117 8.1
vertex 126 -122.46791111376197 8.1
vertex 126 -122.26794919243117 8.1
endloop
endfacet
facet normal 0 0 -1
outer loop
vertex 209.598157509429 -122.36951099631001 8.1
vertex 209.8271089572713 -122.57662382641871 8.1
vertex 185.88512792163968 -122.57662382641871 8.1
endloop
endfacet
facet normal 0 0 -1
outer loop
vertex 209.598157509429 -122.36951099631001 8.1
vertex 185.88512792163968 -122.57662382641871 8.1
vertex 184.7105327033456 -122.36951099631001 8.1
endloop
endfacet
facet normal 0 0 -1
outer loop
vertex 130.214424780627 -122.46791111376197 8.1
vertex 129.96791111376191 -122.71442478062708 8.1
vertex 126 -122.71442478062708 8.1
endloop
endfacet
facet normal 0 0 -1
outer loop
vertex 130.214424780627 -122.46791111376197 8.1
vertex 126 -122.71442478062708 8.1
vertex 126 -122.46791111376197 8.1
endloop
endfacet
facet normal 0 0 -1
outer loop
vertex 209.8271089572713 -122.57662382641871 8.1
vertex 210.08520825436483 -122.74603233477818 8.1
vertex 186.84589130724422 -122.74603233477818 8.1
endloop
endfacet
facet normal 0 0 -1
outer loop
vertex 209.8271089572713 -122.57662382641871 8.1
vertex 186.84589130724422 -122.74603233477818 8.1
vertex 185.88512792163968 -122.57662382641871 8.1
endloop
endfacet
facet normal 0 0 -1
outer loop
vertex 210.08520825436483 -122.74603233477818 8.1
vertex 210.3663004999999 -122.87369949999997 8.1
vertex 187.56992777434274 -122.87369949999997 8.1
endloop
endfacet
facet normal 0 0 -1
outer loop
vertex 210.08520825436483 -122.74603233477818 8.1
vertex 187.56992777434274 -122.87369949999997 8.1
vertex 186.84589130724422 -122.74603233477818 8.1
endloop
endfacet
facet normal 0 0 -1
outer loop
vertex 129.96791111376191 -122.71442478062708 8.1
vertex 129.76794919243116 -122.9999999999999 8.1
vertex 126 -122.9999999999999 8.1
endloop
endfacet
facet normal 0 0 -1
outer loop
vertex 129.96791111376191 -122.71442478062708 8.1
vertex 126 -122.9999999999999 8.1
vertex 126 -122.71442478062708 8.1
endloop
endfacet
facet normal 0 0 -1
outer loop
vertex 129.76794919243116 -122.9999999999999 8.1
vertex 129.62061475842825 -123.31595971334852 8.1
vertex 126 -123.31595971334852 8.1
endloop
endfacet
facet normal 0 0 -1
outer loop
vertex 129.76794919243116 -122.9999999999999 8.1
vertex 126 -123.31595971334852 8.1
vertex 126 -122.9999999999999 8.1
endloop
endfacet
facet normal 0 0 -1
outer loop
vertex 210.3663004999999 -122.87369949999997 8.1
vertex 212.39497724569821 -123.6120774 8.1
vertex 191.75747689999997 -123.6120774 8.1
endloop
endfacet
facet normal 0 0 -1
outer loop
vertex 210.3663004999999 -122.87369949999997 8.1
vertex 191.75747689999997 -123.6120774 8.1
vertex 187.56992777434274 -122.87369949999997 8.1
endloop
endfacet
facet normal 0 0 -1
outer loop
vertex 129.62061475842825 -123.31595971334852 8.1
vertex 129.5303844939756 -123.65270364466623 8.1
vertex 126 -123.65270364466623 8.1
endloop
endfacet
facet normal 0 0 -1
outer loop
vertex 129.62061475842825 -123.31595971334852 8.1
vertex 126 -123.65270364466623 8.1
vertex 126 -123.31595971334852 8.1
endloop
endfacet
facet normal 0 0 -1
outer loop
vertex 129.5303844939756 -123.65270364466623 8.1
vertex 129.5 -123.99999999999997 8.1
vertex 126 -123.99999999999997 8.1
endloop
endfacet
facet normal 0 0 -1
outer loop
vertex 129.5303844939756 -123.65270364466623 8.1
vertex 126 -123.99999999999997 8.1
vertex 126 -123.65270364466623 8.1
endloop
endfacet
facet normal 0 0 -1
outer loop
vertex 212.39497724569821 -123.6120774 8.1
vertex 218.17095175000003 -125.71436005000001 8.1
vertex 218.40418610646108 -125.8192961 8.1
endloop
endfacet
facet normal 0 0 -1
outer loop
vertex 212.39497724569821 -123.6120774 8.1
vertex 218.40418610646108 -125.8192961 8.1
vertex 200.33167309999996 -125.8192961 8.1
endloop
endfacet
facet normal 0 0 -1
outer loop
vertex 212.39497724569821 -123.6120774 8.1
vertex 200.33167309999996 -125.8192961 8.1
vertex 191.36828468764807 -125.8192961 8.1
endloop
endfacet
facet normal 0 0 -1
outer loop
vertex 212.39497724569821 -123.6120774 8.1
vertex 191.36828468764807 -125.8192961 8.1
vertex 191.75747689999997 -123.6120774 8.1
endloop
endfacet
facet normal 0 0 -1
outer loop
vertex 93 -112.99999999999991 8.1
vertex 93 -127 8.1
vertex 89.5 -127 8.1
endloop
endfacet
facet normal 0 0 -1
outer loop
vertex 93 -112.99999999999991 8.1
vertex 89.5 -127 8.1
vertex 89.5 -112.99999999999991 8.1
endloop
endfacet
facet normal 0 0 -1
outer loop
vertex 112 -112.99999999999991 8.1
vertex 112 -127 8.1
vertex 107 -127 8.1
endloop
endfacet
facet normal 0 0 -1
outer loop
vertex 112 -112.99999999999991 8.1
vertex 107 -127 8.1
vertex 107 -112.99999999999991 8.1
endloop
endfacet
facet normal 0 0 -1
outer loop
vertex 129.5 -123.99999999999997 8.1
vertex 129.5 -127 8.1
vertex 126 -127 8.1
endloop
endfacet
facet normal 0 0 -1
outer loop
vertex 129.5 -123.99999999999997 8.1
vertex 126 -127 8.1
vertex 126 -123.99999999999997 8.1
endloop
endfacet
facet normal 0 0 -1
outer loop
vertex 218.40418610646108 -125.8192961 8.1
vertex 218.4396069141168 -125.83523251562761 8.1
vertex 218.6875918353387 -125.99425839088128 8.1
endloop
endfacet
facet normal 0 0 -1
outer loop
vertex 218.40418610646108 -125.8192961 8.1
vertex 218.6875918353387 -125.99425839088128 8.1
vertex 218.90952612431167 -126.18798738079143 8.1
endloop
endfacet
facet normal 0 0 -1
outer loop
vertex 218.40418610646108 -125.8192961 8.1
vertex 218.90952612431167 -126.18798738079143 8.1
vertex 219.1005945975974 -126.41221625642905 8.1
endloop
endfacet
facet normal 0 0 -1
outer loop
vertex 218.40418610646108 -125.8192961 8.1
vertex 219.1005945975974 -126.41221625642905 8.1
vertex 219.25665350000034 -126.66208010000057 8.1
endloop
endfacet
facet normal 0 0 -1
outer loop
vertex 218.40418610646108 -125.8192961 8.1
vertex 219.25665350000034 -126.66208010000057 8.1
vertex 220.40174764999944 -128.83724954999883 8.1
endloop
endfacet
facet normal 0 0 -1
outer loop
vertex 218.40418610646108 -125.8192961 8.1
vertex 220.40174764999944 -128.83724954999883 8.1
vertex 220.4721196549343 -128.98535293615654 8.1
endloop
endfacet
facet normal 0 0 -1
outer loop
vertex 218.40418610646108 -125.8192961 8.1
vertex 220.4721196549343 -128.98535293615654 8.1
vertex 220.53012294866897 -129.13872323962232 8.1
endloop
endfacet
facet normal 0 0 -1
outer loop
vertex 218.40418610646108 -125.8192961 8.1
vertex 220.53012294866897 -129.13872323962232 8.1
vertex 220.57536530000021 -129.29632910000092 8.1
endloop
endfacet
facet normal 0 0 -1
outer loop
vertex 218.40418610646108 -125.8192961 8.1
vertex 220.57536530000021 -129.29632910000092 8.1
vertex 220.7127635 -129.86133300000003 8.1
endloop
endfacet
facet normal 0 0 -1
outer loop
vertex 218.40418610646108 -125.8192961 8.1
vertex 220.7127635 -129.86133300000003 8.1
vertex 211.43707814974533 -129.86133300000003 8.1
endloop
endfacet
facet normal 0 0 -1
outer loop
vertex 218.40418610646108 -125.8192961 8.1
vertex 211.43707814974533 -129.86133300000003 8.1
vertex 200.33167309999996 -125.8192961 8.1
endloop
endfacet
facet normal 0 0 -1
outer loop
vertex 221.50048341598978 -129.8039829284016 8.1
vertex 221.76041633080854 -129.85460225510153 8.1
vertex 221.78040269051414 -129.86133300000003 8.1
endloop
endfacet
facet normal 0 0 -1
outer loop
vertex 221.50048341598978 -129.8039829284016 8.1
vertex 221.78040269051414 -129.86133300000003 8.1
vertex 220.7127635 -129.86133300000003 8.1
endloop
endfacet
facet normal 0 0 -1
outer loop
vertex 221.50048341598978 -129.8039829284016 8.1
vertex 220.7127635 -129.86133300000003 8.1
vertex 220.97202456754718 -129.80737806235592 8.1
endloop
endfacet
facet normal 0 0 -1
outer loop
vertex 221.50048341598978 -129.8039829284016 8.1
vertex 220.97202456754718 -129.80737806235592 8.1
vertex 221.2361413590024 -129.78814899807452 8.1
endloop
endfacet
facet normal 0 0 -1
outer loop
vertex 220.7127635 -129.86133300000003 8.1
vertex 221.78040269051414 -129.86133300000003 8.1
vertex 222.01138299621854 -129.93911952727038 8.1
endloop
endfacet
facet normal 0 0 -1
outer loop
vertex 220.7127635 -129.86133300000003 8.1
vertex 222.01138299621854 -129.93911952727038 8.1
vertex 222.24898700000003 -130.056056 8.1
endloop
endfacet
facet normal 0 0 -1
outer loop
vertex 220.7127635 -129.86133300000003 8.1
vertex 222.24898700000003 -130.056056 8.1
vertex 223.20425085219094 -130.6075781 8.1
endloop
endfacet
facet normal 0 0 -1
outer loop
vertex 220.7127635 -129.86133300000003 8.1
vertex 223.20425085219094 -130.6075781 8.1
vertex 213.4873697 -130.6075781 8.1
endloop
endfacet
facet normal 0 0 -1
outer loop
vertex 220.7127635 -129.86133300000003 8.1
vertex 213.4873697 -130.6075781 8.1
vertex 211.43707814974533 -129.86133300000003 8.1
endloop
endfacet
facet normal 0 0 -1
outer loop
vertex 93 -127 8.1
vertex 107 -127 8.1
vertex 112 -127 8.1
endloop
endfacet
facet normal 0 0 -1
outer loop
vertex 93 -127 8.1
vertex 112 -127 8.1
vertex 126 -127 8.1
endloop
endfacet
facet normal 0 0 -1
outer loop
vertex 93 -127 8.1
vertex 126 -127 8.1
vertex 129.5 -127 8.1
endloop
endfacet
facet normal 0 0 -1
outer loop
vertex 93 -127 8.1
vertex 129.5 -127 8.1
vertex 129.5 -129 8.1
endloop
endfacet
facet normal 0 0 -1
outer loop
vertex 93 -127 8.1
vertex 129.5 -129 8.1
vertex 129.4696155060244 -129.34729635533384 8.1
endloop
endfacet
facet normal 0 0 -1
outer loop
vertex 93 -127 8.1
vertex 129.4696155060244 -129.34729635533384 8.1
vertex 129.3793852415718 -129.68404028665137 8.1
endloop
endfacet
facet normal 0 0 -1
outer loop
vertex 93 -127 8.1
vertex 129.3793852415718 -129.68404028665137 8.1
vertex 129.23205080756887 -130 8.1
endloop
endfacet
facet normal 0 0 -1
outer loop
vertex 93 -127 8.1
vertex 129.23205080756887 -130 8.1
vertex 129.03208888623786 -130.2855752193731 8.1
endloop
endfacet
facet normal 0 0 -1
outer loop
vertex 93 -127 8.1
vertex 129.03208888623786 -130.2855752193731 8.1
vertex 128.78557521937307 -130.5320888862379 8.1
endloop
endfacet
facet normal 0 0 -1
outer loop
vertex 93 -127 8.1
vertex 128.78557521937307 -130.5320888862379 8.1
vertex 128.5000000000001 -130.73205080756887 8.1
endloop
endfacet
facet normal 0 0 -1
outer loop
vertex 93 -127 8.1
vertex 128.5000000000001 -130.73205080756887 8.1
vertex 128.18404028665134 -130.8793852415718 8.1
endloop
endfacet
facet normal 0 0 -1
outer loop
vertex 93 -127 8.1
vertex 128.18404028665134 -130.8793852415718 8.1
vertex 127.84729635533373 -130.96961550602447 8.1
endloop
endfacet
facet normal 0 0 -1
outer loop
vertex 93 -127 8.1
vertex 127.84729635533373 -130.96961550602447 8.1
vertex 127.5 -131 8.1
endloop
endfacet
facet normal 0 0 -1
outer loop
vertex 93 -127 8.1
vertex 127.5 -131 8.1
vertex 91.49999999999967 -131 8.1
endloop
endfacet
facet normal 0 0 -1
outer loop
vertex 93 -127 8.1
vertex 91.49999999999967 -131 8.1
vertex 91.1527036446663 -130.96961550602447 8.1
endloop
endfacet
facet normal 0 0 -1
outer loop
vertex 93 -127 8.1
vertex 91.1527036446663 -130.96961550602447 8.1
vertex 90.81595971334865 -130.8793852415718 8.1
endloop
endfacet
facet normal 0 0 -1
outer loop
vertex 93 -127 8.1
vertex 90.81595971334865 -130.8793852415718 8.1
vertex 90.5 -130.73205080756887 8.1
endloop
endfacet
facet normal 0 0 -1
outer loop
vertex 93 -127 8.1
vertex 90.5 -130.73205080756887 8.1
vertex 90.21442478062689 -130.5320888862379 8.1
endloop
endfacet
facet normal 0 0 -1
outer loop
vertex 93 -127 8.1
vertex 90.21442478062689 -130.5320888862379 8.1
vertex 89.96791111376207 -130.2855752193731 8.1
endloop
endfacet
facet normal 0 0 -1
outer loop
vertex 93 -127 8.1
vertex 89.96791111376207 -130.2855752193731 8.1
vertex 89.76794919243112 -130 8.1
endloop
endfacet
facet normal 0 0 -1
outer loop
vertex 93 -127 8.1
vertex 89.76794919243112 -130 8.1
vertex 89.6206147584282 -129.68404028665137 8.1
endloop
endfacet
facet normal 0 0 -1
outer loop
vertex 93 -127 8.1
vertex 89.6206147584282 -129.68404028665137 8.1
vertex 89.53038449397559 -129.34729635533384 8.1
endloop
endfacet
facet normal 0 0 -1
outer loop
vertex 93 -127 8.1
vertex 89.53038449397559 -129.34729635533384 8.1
vertex 89.5 -129 8.1
endloop
endfacet
facet normal 0 0 -1
outer loop
vertex 93 -127 8.1
vertex 89.5 -129 8.1
vertex 89.5 -127 8.1
endloop
endfacet
facet normal 0 0 -1
outer loop
vertex 223.20425085219094 -130.6075781 8.1
vertex 229.13943384452404 -134.0342592 8.1
vertex 215.73751329999993 -134.0342592 8.1
endloop
endfacet
facet normal 0 0 -1
outer loop
vertex 223.20425085219094 -130.6075781 8.1
vertex 215.73751329999993 -134.0342592 8.1
vertex 212.2401597703586 -134.0342592 8.1
endloop
endfacet
facet normal 0 0 -1
outer loop
vertex 223.20425085219094 -130.6075781 8.1
vertex 212.2401597703586 -134.0342592 8.1
vertex 213.4873697 -130.6075781 8.1
endloop
endfacet
facet normal 0 0 -1
outer loop
vertex 215.73751329999993 -134.0342592 8.1
vertex 215.44487781697578 -134.06308127939516 8.1
vertex 212.2296693913109 -134.06308127939516 8.1
endloop
endfacet
facet normal 0 0 -1
outer loop
vertex 215.73751329999993 -134.0342592 8.1
vertex 212.2296693913109 -134.06308127939516 8.1
vertex 212.2401597703586 -134.0342592 8.1
endloop
endfacet
facet normal 0 0 -1
outer loop
vertex 229.13943384452404 -134.0342592 8.1
vertex 229.1893551270822 -134.06308127939516 8.1
vertex 216.03014878302412 -134.06308127939516 8.1
endloop
endfacet
facet normal 0 0 -1
outer loop
vertex 229.13943384452404 -134.0342592 8.1
vertex 216.03014878302412 -134.06308127939516 8.1
vertex 215.73751329999993 -134.0342592 8.1
endloop
endfacet
facet normal 0 0 -1
outer loop
vertex 215.44487781697578 -134.06308127939516 8.1
vertex 215.16348815145238 -134.14843990123308 8.1
vertex 212.19860139355154 -134.14843990123308 8.1
endloop
endfacet
facet normal 0 0 -1
outer loop
vertex 215.44487781697578 -134.06308127939516 8.1
vertex 212.19860139355154 -134.14843990123308 8.1
vertex 212.2296693913109 -134.06308127939516 8.1
endloop
endfacet
facet normal 0 0 -1
outer loop
vertex 229.1893551270822 -134.06308127939516 8.1
vertex 229.33720052786413 -134.14843990123308 8.1
vertex 216.3115384485476 -134.14843990123308 8.1
endloop
endfacet
facet normal 0 0 -1
outer loop
vertex 229.1893551270822 -134.06308127939516 8.1
vertex 216.3115384485476 -134.14843990123308 8.1
vertex 216.03014878302412 -134.06308127939516 8.1
endloop
endfacet
facet normal 0 0 -1
outer loop
vertex 229.33720052786413 -134.14843990123308 8.1
vertex 229.54802166776756 -134.27015760000003 8.1
vertex 221.5480251 -134.27015760000003 8.1
endloop
endfacet
facet normal 0 0 -1
outer loop
vertex 229.33720052786413 -134.14843990123308 8.1
vertex 221.5480251 -134.27015760000003 8.1
vertex 216.53925624632637 -134.27015760000003 8.1
endloop
endfacet
facet normal 0 0 -1
outer loop
vertex 229.33720052786413 -134.14843990123308 8.1
vertex 216.53925624632637 -134.27015760000003 8.1
vertex 216.3115384485476 -134.14843990123308 8.1
endloop
endfacet
facet normal 0 0 -1
outer loop
vertex 215.16348815145238 -134.14843990123308 8.1
vertex 214.90415795047053 -134.28705478154615 8.1
vertex 212.14814970281134 -134.28705478154615 8.1
endloop
endfacet
facet normal 0 0 -1
outer loop
vertex 215.16348815145238 -134.14843990123308 8.1
vertex 212.14814970281134 -134.28705478154615 8.1
vertex 212.19860139355154 -134.14843990123308 8.1
endloop
endfacet
facet normal 0 0 -1
outer loop
vertex 221.5480251 -134.27015760000003 8.1
vertex 221.53826950764315 -134.28705478154615 8.1
vertex 216.57086864952927 -134.28705478154615 8.1
endloop
endfacet
facet normal 0 0 -1
outer loop
vertex 221.5480251 -134.27015760000003 8.1
vertex 216.57086864952927 -134.28705478154615 8.1
vertex 216.53925624632637 -134.27015760000003 8.1
endloop
endfacet
facet normal 0 0 -1
outer loop
vertex 214.90415795047053 -134.28705478154615 8.1
vertex 214.67685312822022 -134.4735990282202 8.1
vertex 212.08025314927173 -134.4735990282202 8.1
endloop
endfacet
facet normal 0 0 -1
outer loop
vertex 214.90415795047053 -134.28705478154615 8.1
vertex 212.08025314927173 -134.4735990282202 8.1
vertex 212.14814970281134 -134.28705478154615 8.1
endloop
endfacet
facet normal 0 0 -1
outer loop
vertex 221.53826950764315 -134.28705478154615 8.1
vertex 221.43056813613947 -134.4735990282202 8.1
vertex 216.79817347177982 -134.4735990282202 8.1
endloop
endfacet
facet normal 0 0 -1
outer loop
vertex 221.53826950764315 -134.28705478154615 8.1
vertex 216.79817347177982 -134.4735990282202 8.1
vertex 216.57086864952927 -134.28705478154615 8.1
endloop
endfacet
facet normal 0 0 -1
outer loop
vertex 214.67685312822022 -134.4735990282202 8.1
vertex 214.49030888154624 -134.7009038504706 8.1
vertex 211.99752095940846 -134.7009038504706 8.1
endloop
endfacet
facet normal 0 0 -1
outer loop
vertex 214.67685312822022 -134.4735990282202 8.1
vertex 211.99752095940846 -134.7009038504706 8.1
vertex 212.08025314927173 -134.4735990282202 8.1
endloop
endfacet
facet normal 0 0 -1
outer loop
vertex 221.43056813613947 -134.4735990282202 8.1
vertex 221.29933363525163 -134.7009038504706 8.1
vertex 216.9847177184538 -134.7009038504706 8.1
endloop
endfacet
facet normal 0 0 -1
outer loop
vertex 221.43056813613947 -134.4735990282202 8.1
vertex 216.9847177184538 -134.7009038504706 8.1
vertex 216.79817347177982 -134.4735990282202 8.1
endloop
endfacet
facet normal 0 0 -1
outer loop
vertex 214.49030888154624 -134.7009038504706 8.1
vertex 214.35169400123308 -134.9602340514523 8.1
vertex 211.90313248488124 -134.9602340514523 8.1
endloop
endfacet
facet normal 0 0 -1
outer loop
vertex 214.49030888154624 -134.7009038504706 8.1
vertex 211.90313248488124 -134.9602340514523 8.1
vertex 211.99752095940846 -134.7009038504706 8.1
endloop
endfacet
facet normal 0 0 -1
outer loop
vertex 221.29933363525163 -134.7009038504706 8.1
vertex 221.14960927325157 -134.9602340514523 8.1
vertex 217.1233325987669 -134.9602340514523 8.1
endloop
endfacet
facet normal 0 0 -1
outer loop
vertex 221.29933363525163 -134.7009038504706 8.1
vertex 217.1233325987669 -134.9602340514523 8.1
vertex 216.9847177184538 -134.7009038504706 8.1
endloop
endfacet
facet normal 0 0 -1
outer loop
vertex 177.97016839999998 -121.1810029 8.1
vertex 175.53909389999998 -134.9683114 8.1
vertex 171.9851006467172 -134.9683114 8.1
endloop
endfacet
facet normal 0 0 -1
outer loop
vertex 177.97016839999998 -121.1810029 8.1
vertex 171.9851006467172 -134.9683114 8.1
vertex 174.4161752102536 -121.1810029 8.1
endloop
endfacet
facet normal 0 0 -1
outer loop
vertex 214.35169400123308 -134.9602340514523 8.1
vertex 214.2663353793951 -135.2416237169758 8.1
vertex 211.8007150218324 -135.2416237169758 8.1
endloop
endfacet
facet normal 0 0 -1
outer loop
vertex 214.35169400123308 -134.9602340514523 8.1
vertex 211.8007150218324 -135.2416237169758 8.1
vertex 211.90313248488124 -134.9602340514523 8.1
endloop
endfacet
facet normal 0 0 -1
outer loop
vertex 221.14960927325157 -134.9602340514523 8.1
vertex 220.98714887340446 -135.2416237169758 8.1
vertex 217.20869122060483 -135.2416237169758 8.1
endloop
endfacet
facet normal 0 0 -1
outer loop
vertex 221.14960927325157 -134.9602340514523 8.1
vertex 217.20869122060483 -135.2416237169758 8.1
vertex 217.1233325987669 -134.9602340514523 8.1
endloop
endfacet
facet normal 0 0 -1
outer loop
vertex 214.2663353793951 -135.2416237169758 8.1
vertex 214.23751329999996 -135.53425920000004 8.1
vertex 211.69420441593059 -135.53425920000004 8.1
endloop
endfacet
facet normal 0 0 -1
outer loop
vertex 214.2663353793951 -135.2416237169758 8.1
vertex 211.69420441593059 -135.53425920000004 8.1
vertex 211.8007150218324 -135.2416237169758 8.1
endloop
endfacet
facet normal 0 0 -1
outer loop
vertex 220.98714887340446 -135.2416237169758 8.1
vertex 220.81819569776766 -135.53425920000004 8.1
vertex 217.2375133 -135.53425920000004 8.1
endloop
endfacet
facet normal 0 0 -1
outer loop
vertex 220.98714887340446 -135.2416237169758 8.1
vertex 217.2375133 -135.53425920000004 8.1
vertex 217.20869122060483 -135.2416237169758 8.1
endloop
endfacet
facet normal 0 0 -1
outer loop
vertex 214.23751329999996 -135.53425920000004 8.1
vertex 214.26633537939517 -135.82689468302442 8.1
vertex 211.58769381002872 -135.82689468302442 8.1
endloop
endfacet
facet normal 0 0 -1
outer loop
vertex 214.23751329999996 -135.53425920000004 8.1
vertex 211.58769381002872 -135.82689468302442 8.1
vertex 211.69420441593059 -135.53425920000004 8.1
endloop
endfacet
facet normal 0 0 -1
outer loop
vertex 220.81819569776766 -135.53425920000004 8.1
vertex 220.6492425221308 -135.82689468302442 8.1
vertex 217.2086912206048 -135.82689468302442 8.1
endloop
endfacet
facet normal 0 0 -1
outer loop
vertex 220.81819569776766 -135.53425920000004 8.1
vertex 217.2086912206048 -135.82689468302442 8.1
vertex 217.2375133 -135.53425920000004 8.1
endloop
endfacet
facet normal 0 0 -1
outer loop
vertex 214.26633537939517 -135.82689468302442 8.1
vertex 214.35169400123294 -136.10828434854744 8.1
vertex 211.48527634698007 -136.10828434854744 8.1
endloop
endfacet
facet normal 0 0 -1
outer loop
vertex 214.26633537939517 -135.82689468302442 8.1
vertex 211.48527634698007 -136.10828434854744 8.1
vertex 211.58769381002872 -135.82689468302442 8.1
endloop
endfacet
facet normal 0 0 -1
outer loop
vertex 220.6492425221308 -135.82689468302442 8.1
vertex 220.48678212228396 -136.10828434854744 8.1
vertex 217.12333259876695 -136.10828434854744 8.1
endloop
endfacet
facet normal 0 0 -1
outer loop
vertex 220.6492425221308 -135.82689468302442 8.1
vertex 217.12333259876695 -136.10828434854744 8.1
vertex 217.2086912206048 -135.82689468302442 8.1
endloop
endfacet
facet normal 0 0 -1
outer loop
vertex 214.35169400123294 -136.10828434854744 8.1
vertex 214.49030888154618 -136.36761454952938 8.1
vertex 211.39088787245274 -136.36761454952938 8.1
endloop
endfacet
facet normal 0 0 -1
outer loop
vertex 214.35169400123294 -136.10828434854744 8.1
vertex 211.39088787245274 -136.36761454952938 8.1
vertex 211.48527634698007 -136.10828434854744 8.1
endloop
endfacet
facet normal 0 0 -1
outer loop
vertex 220.48678212228396 -136.10828434854744 8.1
vertex 220.33705776028376 -136.36761454952938 8.1
vertex 216.98471771845382 -136.36761454952938 8.1
endloop
endfacet
facet normal 0 0 -1
outer loop
vertex 220.48678212228396 -136.10828434854744 8.1
vertex 216.98471771845382 -136.36761454952938 8.1
vertex 217.12333259876695 -136.10828434854744 8.1
endloop
endfacet
facet normal 0 0 -1
outer loop
vertex 214.49030888154618 -136.36761454952938 8.1
vertex 214.67685312822022 -136.59491937177987 8.1
vertex 211.30815568258944 -136.59491937177987 8.1
endloop
endfacet
facet normal 0 0 -1
outer loop
vertex 214.49030888154618 -136.36761454952938 8.1
vertex 211.30815568258944 -136.59491937177987 8.1
vertex 211.39088787245274 -136.36761454952938 8.1
endloop
endfacet
facet normal 0 0 -1
outer loop
vertex 220.33705776028376 -136.36761454952938 8.1
vertex 220.20582325939586 -136.59491937177987 8.1
vertex 216.7981734717798 -136.59491937177987 8.1
endloop
endfacet
facet normal 0 0 -1
outer loop
vertex 220.33705776028376 -136.36761454952938 8.1
vertex 216.7981734717798 -136.59491937177987 8.1
vertex 216.98471771845382 -136.36761454952938 8.1
endloop
endfacet
facet normal 0 0 -1
outer loop
vertex 214.67685312822022 -136.59491937177987 8.1
vertex 214.90415795047068 -136.78146361845387 8.1
vertex 211.24025912904983 -136.78146361845387 8.1
endloop
endfacet
facet normal 0 0 -1
outer loop
vertex 214.67685312822022 -136.59491937177987 8.1
vertex 211.24025912904983 -136.78146361845387 8.1
vertex 211.30815568258944 -136.59491937177987 8.1
endloop
endfacet
facet normal 0 0 -1
outer loop
vertex 220.20582325939586 -136.59491937177987 8.1
vertex 220.0981218878922 -136.78146361845387 8.1
vertex 216.57086864952953 -136.78146361845387 8.1
endloop
endfacet
facet normal 0 0 -1
outer loop
vertex 220.20582325939586 -136.59491937177987 8.1
vertex 216.57086864952953 -136.78146361845387 8.1
vertex 216.7981734717798 -136.59491937177987 8.1
endloop
endfacet
facet normal 0 0 -1
outer loop
vertex 214.90415795047068 -136.78146361845387 8.1
vertex 215.16348815145219 -136.92007849876686 8.1
vertex 211.18980743830966 -136.92007849876686 8.1
endloop
endfacet
facet normal 0 0 -1
outer loop
vertex 214.90415795047068 -136.78146361845387 8.1
vertex 211.18980743830966 -136.92007849876686 8.1
vertex 211.24025912904983 -136.78146361845387 8.1
endloop
endfacet
facet normal 0 0 -1
outer loop
vertex 220.0981218878922 -136.78146361845387 8.1
vertex 220.01809254908008 -136.92007849876686 8.1
vertex 216.31153844854757 -136.92007849876686 8.1
endloop
endfacet
facet normal 0 0 -1
outer loop
vertex 220.0981218878922 -136.78146361845387 8.1
vertex 216.31153844854757 -136.92007849876686 8.1
vertex 216.57086864952953 -136.78146361845387 8.1
endloop
endfacet
facet normal 0 0 -1
outer loop
vertex 215.16348815145219 -136.92007849876686 8.1
vertex 215.4448778169759 -137.00543712060485 8.1
vertex 211.15873944055028 -137.00543712060485 8.1
endloop
endfacet
facet normal 0 0 -1
outer loop
vertex 215.16348815145219 -136.92007849876686 8.1
vertex 211.15873944055028 -137.00543712060485 8.1
vertex 211.18980743830966 -136.92007849876686 8.1
endloop
endfacet
facet normal 0 0 -1
outer loop
vertex 220.01809254908008 -136.92007849876686 8.1
vertex 219.96881072556891 -137.00543712060485 8.1
vertex 216.0301487830242 -137.00543712060485 8.1
endloop
endfacet
facet normal 0 0 -1
outer loop
vertex 220.01809254908008 -136.92007849876686 8.1
vertex 216.0301487830242 -137.00543712060485 8.1
vertex 216.31153844854757 -136.92007849876686 8.1
endloop
endfacet
facet normal 0 0 -1
outer loop
vertex 215.4448778169759 -137.00543712060485 8.1
vertex 215.73751330000007 -137.0342592 8.1
vertex 211.1482490615026 -137.0342592 8.1
endloop
endfacet
facet normal 0 0 -1
outer loop
vertex 215.4448778169759 -137.00543712060485 8.1
vertex 211.1482490615026 -137.0342592 8.1
vertex 211.15873944055028 -137.00543712060485 8.1
endloop
endfacet
facet normal 0 0 -1
outer loop
vertex 219.96881072556891 -137.00543712060485 8.1
vertex 219.9521702901988 -137.0342592 8.1
vertex 215.73751330000007 -137.0342592 8.1
endloop
endfacet
facet normal 0 0 -1
outer loop
vertex 219.96881072556891 -137.00543712060485 8.1
vertex 215.73751330000007 -137.0342592 8.1
vertex 216.0301487830242 -137.00543712060485 8.1
endloop
endfacet
facet normal 0 0 -1
outer loop
vertex 175.53909389999998 -134.9683114 8.1
vertex 189.32640239999995 -137.3993859 8.1
vertex 171.85601320071845 -137.3993859 8.1
endloop
endfacet
facet normal 0 0 -1
outer loop
vertex 175.53909389999998 -134.9683114 8.1
vertex 171.85601320071845 -137.3993859 8.1
vertex 171.80197341506397 -137.26219704156085 8.1
endloop
endfacet
facet normal 0 0 -1
outer loop
vertex 175.53909389999998 -134.9683114 8.1
vertex 171.80197341506397 -137.26219704156085 8.1
vertex 171.73404738901596 -136.95579866803894 8.1
endloop
endfacet
facet normal 0 0 -1
outer loop
vertex 175.53909389999998 -134.9683114 8.1
vertex 171.73404738901596 -136.95579866803894 8.1
vertex 171.71488906917818 -136.64254658569558 8.1
endloop
endfacet
facet normal 0 0 -1
outer loop
vertex 175.53909389999998 -134.9683114 8.1
vertex 171.71488906917818 -136.64254658569558 8.1
vertex 171.744970536693 -136.33015688047198 8.1
endloop
endfacet
facet normal 0 0 -1
outer loop
vertex 175.53909389999998 -134.9683114 8.1
vertex 171.744970536693 -136.33015688047198 8.1
vertex 171.74844089836574 -136.3104754820791 8.1
endloop
endfacet
facet normal 0 0 -1
outer loop
vertex 175.53909389999998 -134.9683114 8.1
vertex 171.74844089836574 -136.3104754820791 8.1
vertex 171.9851006467172 -134.9683114 8.1
endloop
endfacet
facet normal 0 0 -1
outer loop
vertex 200.33167309999996 -125.8192961 8.1
vertex 196.11686507928874 -137.3993859 8.1
vertex 189.32640239999995 -137.3993859 8.1
endloop
endfacet
facet normal 0 0 -1
outer loop
vertex 200.33167309999996 -125.8192961 8.1
vertex 189.32640239999995 -137.3993859 8.1
vertex 191.36828468764807 -125.8192961 8.1
endloop
endfacet
facet normal 0 0 -1
outer loop
vertex 189.32640239999995 -137.3993859 8.1
vertex 196.11686507928874 -137.3993859 8.1
vertex 195.54339110000004 -138.9749927 8.1
endloop
endfacet
facet normal 0 0 -1
outer loop
vertex 189.32640239999995 -137.3993859 8.1
vertex 195.54339110000004 -138.9749927 8.1
vertex 175.22701113428255 -138.9749927 8.1
endloop
endfacet
facet normal 0 0 -1
outer loop
vertex 189.32640239999995 -137.3993859 8.1
vertex 175.22701113428255 -138.9749927 8.1
vertex 173.36729019999999 -138.64707414999998 8.1
endloop
endfacet
facet normal 0 0 -1
outer loop
vertex 189.32640239999995 -137.3993859 8.1
vertex 173.36729019999999 -138.64707414999998 8.1
vertex 173.06344920143104 -138.5684958075629 8.1
endloop
endfacet
facet normal 0 0 -1
outer loop
vertex 189.32640239999995 -137.3993859 8.1
vertex 173.06344920143104 -138.5684958075629 8.1
vertex 172.7756414140174 -138.44335354525577 8.1
endloop
endfacet
facet normal 0 0 -1
outer loop
vertex 189.32640239999995 -137.3993859 8.1
vertex 172.7756414140174 -138.44335354525577 8.1
vertex 172.51095366621453 -138.27472880070567 8.1
endloop
endfacet
facet normal 0 0 -1
outer loop
vertex 189.32640239999995 -137.3993859 8.1
vertex 172.51095366621453 -138.27472880070567 8.1
vertex 172.27590349071397 -138.06677370144527 8.1
endloop
endfacet
facet normal 0 0 -1
outer loop
vertex 189.32640239999995 -137.3993859 8.1
vertex 172.27590349071397 -138.06677370144527 8.1
vertex 172.07627864012375 -137.82460882509392 8.1
endloop
endfacet
facet normal 0 0 -1
outer loop
vertex 189.32640239999995 -137.3993859 8.1
vertex 172.07627864012375 -137.82460882509392 8.1
vertex 171.91699457237667 -137.55419711293368 8.1
endloop
endfacet
facet normal 0 0 -1
outer loop
vertex 189.32640239999995 -137.3993859 8.1
vertex 171.91699457237667 -137.55419711293368 8.1
vertex 171.85601320071845 -137.3993859 8.1
endloop
endfacet
facet normal 0 0 -1
outer loop
vertex 229.54802166776756 -134.27015760000003 8.1
vertex 236.9714248 -138.55606340000003 8.1
vertex 237.25699695001035 -138.7560260924055 8.1
endloop
endfacet
facet normal 0 0 -1
outer loop
vertex 229.54802166776756 -134.27015760000003 8.1
vertex 237.25699695001035 -138.7560260924055 8.1
vertex 237.50350771661047 -139.00253972928107 8.1
endloop
endfacet
facet normal 0 0 -1
outer loop
vertex 229.54802166776756 -134.27015760000003 8.1
vertex 237.50350771661047 -139.00253972928107 8.1
vertex 237.70346708393075 -139.28811420754622 8.1
endloop
endfacet
facet normal 0 0 -1
outer loop
vertex 229.54802166776756 -134.27015760000003 8.1
vertex 237.70346708393075 -139.28811420754622 8.1
vertex 237.850799459999 -139.6040725943277 8.1
endloop
endfacet
facet normal 0 0 -1
outer loop
vertex 229.54802166776756 -134.27015760000003 8.1
vertex 237.850799459999 -139.6040725943277 8.1
vertex 237.94102827833444 -139.94081476804118 8.1
endloop
endfacet
facet normal 0 0 -1
outer loop
vertex 229.54802166776756 -134.27015760000003 8.1
vertex 237.94102827833444 -139.94081476804118 8.1
vertex 237.9714120145381 -140.28810910975997 8.1
endloop
endfacet
facet normal 0 0 -1
outer loop
vertex 229.54802166776756 -134.27015760000003 8.1
vertex 237.9714120145381 -140.28810910975997 8.1
vertex 237.94102748513404 -140.63540338208279 8.1
endloop
endfacet
facet normal 0 0 -1
outer loop
vertex 229.54802166776756 -134.27015760000003 8.1
vertex 237.94102748513404 -140.63540338208279 8.1
vertex 237.85079789769873 -140.9721453497184 8.1
endloop
endfacet
facet normal 0 0 -1
outer loop
vertex 229.54802166776756 -134.27015760000003 8.1
vertex 237.85079789769873 -140.9721453497184 8.1
vertex 237.7118390548139 -141.2701576 8.1
endloop
endfacet
facet normal 0 0 -1
outer loop
vertex 229.54802166776756 -134.27015760000003 8.1
vertex 237.7118390548139 -141.2701576 8.1
vertex 233.6723807 -141.2701576 8.1
endloop
endfacet
facet normal 0 0 -1
outer loop
vertex 229.54802166776756 -134.27015760000003 8.1
vertex 233.6723807 -141.2701576 8.1
vertex 221.5480251 -134.27015760000003 8.1
endloop
endfacet
facet normal 0 0 -1
outer loop
vertex 195.54339110000004 -138.9749927 8.1
vertex 202.659555120537 -141.56506459999997 8.1
vertex 190.95982064999998 -141.56506459999997 8.1
endloop
endfacet
facet normal 0 0 -1
outer loop
vertex 195.54339110000004 -138.9749927 8.1
vertex 190.95982064999998 -141.56506459999997 8.1
vertex 189.9160579531547 -141.56506459999997 8.1
endloop
endfacet
facet normal 0 0 -1
outer loop
vertex 195.54339110000004 -138.9749927 8.1
vertex 189.9160579531547 -141.56506459999997 8.1
vertex 175.22701113428255 -138.9749927 8.1
endloop
endfacet
facet normal 0 0 -1
outer loop
vertex 202.659555120537 -141.56506459999997 8.1
vertex 202.69902624640687 -141.57943091500928 8.1
vertex 191.0057899857134 -141.57943091500928 8.1
endloop
endfacet
facet normal 0 0 -1
outer loop
vertex 202.659555120537 -141.56506459999997 8.1
vertex 191.0057899857134 -141.57943091500928 8.1
vertex 190.95982064999998 -141.56506459999997 8.1
endloop
endfacet
facet normal 0 0 -1
outer loop
vertex 202.69902624640687 -141.57943091500928 8.1
vertex 202.74153352707864 -141.59490229999923 8.1
vertex 191.0514003249978 -141.59490229999923 8.1
endloop
endfacet
facet normal 0 0 -1
outer loop
vertex 202.69902624640687 -141.57943091500928 8.1
vertex 191.0514003249978 -141.59490229999923 8.1
vertex 191.0057899857134 -141.57943091500928 8.1
endloop
endfacet
facet normal 0 0 -1
outer loop
vertex 190.95982064999998 -141.56506459999997 8.1
vertex 190.74972223429842 -141.60783919420172 8.1
vertex 190.53625209700417 -141.62787692542818 8.1
endloop
endfacet
facet normal 0 0 -1
outer loop
vertex 190.95982064999998 -141.56506459999997 8.1
vertex 190.53625209700417 -141.62787692542818 8.1
vertex 190.32186359758018 -141.62494750499292 8.1
endloop
endfacet
facet normal 0 0 -1
outer loop
vertex 190.95982064999998 -141.56506459999997 8.1
vertex 190.32186359758018 -141.62494750499292 8.1
vertex 190.10902130000017 -141.59908920000004 8.1
endloop
endfacet
facet normal 0 0 -1
outer loop
vertex 190.95982064999998 -141.56506459999997 8.1
vertex 190.10902130000017 -141.59908920000004 8.1
vertex 189.9160579531547 -141.56506459999997 8.1
endloop
endfacet
facet normal 0 0 -1
outer loop
vertex 202.74153352707864 -141.59490229999923 8.1
vertex 204.16986790218203 -142.11477350000004 8.1
vertex 192.52517070000002 -142.11477350000004 8.1
endloop
endfacet
facet normal 0 0 -1
outer loop
vertex 202.74153352707864 -141.59490229999923 8.1
vertex 192.52517070000002 -142.11477350000004 8.1
vertex 191.0514003249978 -141.59490229999923 8.1
endloop
endfacet
facet normal 0 0 -1
outer loop
vertex 204.16986790218203 -142.11477350000004 8.1
vertex 208.6990877 -143.76327470000004 8.1
vertex 197.0038717066327 -143.76327470000004 8.1
endloop
endfacet
facet normal 0 0 -1
outer loop
vertex 204.16986790218203 -142.11477350000004 8.1
vertex 197.0038717066327 -143.76327470000004 8.1
vertex 192.7657703499993 -142.22073174999977 8.1
endloop
endfacet
facet normal 0 0 -1
outer loop
vertex 204.16986790218203 -142.11477350000004 8.1
vertex 192.7657703499993 -142.22073174999977 8.1
vertex 192.64372741711247 -142.171709372241 8.1
endloop
endfacet
facet normal 0 0 -1
outer loop
vertex 204.16986790218203 -142.11477350000004 8.1
vertex 192.64372741711247 -142.171709372241 8.1
vertex 192.52517070000002 -142.11477350000004 8.1
endloop
endfacet
facet normal 0 0 -1
outer loop
vertex 215.73751330000007 -137.0342592 8.1
vertex 219.9521702901988 -137.0342592 8.1
vertex 216.0671713629156 -143.76327470000004 8.1
endloop
endfacet
facet normal 0 0 -1
outer loop
vertex 215.73751330000007 -137.0342592 8.1
vertex 216.0671713629156 -143.76327470000004 8.1
vertex 208.6990877 -143.76327470000004 8.1
endloop
endfacet
facet normal 0 0 -1
outer loop
vertex 215.73751330000007 -137.0342592 8.1
vertex 208.6990877 -143.76327470000004 8.1
vertex 211.1482490615026 -137.0342592 8.1
endloop
endfacet
facet normal 0 0 -1
outer loop
vertex 208.6990877 -143.76327470000004 8.1
vertex 216.0671713629156 -143.76327470000004 8.1
vertex 214.5480251 -146.3945132 8.1
endloop
endfacet
facet normal 0 0 -1
outer loop
vertex 208.6990877 -143.76327470000004 8.1
vertex 214.5480251 -146.3945132 8.1
vertex 204.23313910335187 -146.3945132 8.1
endloop
endfacet
facet normal 0 0 -1
outer loop
vertex 208.6990877 -143.76327470000004 8.1
vertex 204.23313910335187 -146.3945132 8.1
vertex 197.0038717066327 -143.76327470000004 8.1
endloop
endfacet
facet normal 0 0 -1
outer loop
vertex 214.5480251 -146.3945132 8.1
vertex 217.22339320092453 -147.9391377 8.1
vertex 210.32974305000005 -147.9391377 8.1
endloop
endfacet
facet normal 0 0 -1
outer loop
vertex 214.5480251 -146.3945132 8.1
vertex 210.32974305000005 -147.9391377 8.1
vertex 208.47695947084182 -147.9391377 8.1
endloop
endfacet
facet normal 0 0 -1
outer loop
vertex 214.5480251 -146.3945132 8.1
vertex 208.47695947084182 -147.9391377 8.1
vertex 204.23313910335187 -146.3945132 8.1
endloop
endfacet
facet normal 0 0 -1
outer loop
vertex 210.32974305000005 -147.9391377 8.1
vertex 210.07872586490345 -148.04568976346954 8.1
vertex 209.81554763099035 -148.11710535446687 8.1
endloop
endfacet
facet normal 0 0 -1
outer loop
vertex 210.32974305000005 -147.9391377 8.1
vertex 209.81554763099035 -148.11710535446687 8.1
vertex 209.54510102700195 -148.1520568041395 8.1
endloop
endfacet
facet normal 0 0 -1
outer loop
vertex 210.32974305000005 -147.9391377 8.1
vertex 209.54510102700195 -148.1520568041395 8.1
vertex 209.2724138560747 -148.14989433909142 8.1
endloop
endfacet
facet normal 0 0 -1
outer loop
vertex 210.32974305000005 -147.9391377 8.1
vertex 209.2724138560747 -148.14989433909142 8.1
vertex 209.00255557514913 -148.11065816115314 8.1
endloop
endfacet
facet normal 0 0 -1
outer loop
vertex 210.32974305000005 -147.9391377 8.1
vertex 209.00255557514913 -148.11065816115314 8.1
vertex 208.74054610000027 -148.0350754000001 8.1
endloop
endfacet
facet normal 0 0 -1
outer loop
vertex 210.32974305000005 -147.9391377 8.1
vertex 208.74054610000027 -148.0350754000001 8.1
vertex 208.47695947084182 -147.9391377 8.1
endloop
endfacet
facet normal 0 0 -1
outer loop
vertex 217.22339320092453 -147.9391377 8.1
vertex 226.6723807 -153.3945132 8.1
vertex 218.6723813327196 -153.3945132 8.1
endloop
endfacet
facet normal 0 0 -1
outer loop
vertex 217.22339320092453 -147.9391377 8.1
vertex 218.6723813327196 -153.3945132 8.1
vertex 211.24898652499974 -149.10861384999987 8.1
endloop
endfacet
facet normal 0 0 -1
outer loop
vertex 217.22339320092453 -147.9391377 8.1
vertex 211.24898652499974 -149.10861384999987 8.1
vertex 210.99761483160535 -148.93671107007648 8.1
endloop
endfacet
facet normal 0 0 -1
outer loop
vertex 217.22339320092453 -147.9391377 8.1
vertex 210.99761483160535 -148.93671107007648 8.1
vertex 210.77525588919866 -148.72863705748176 8.1
endloop
endfacet
facet normal 0 0 -1
outer loop
vertex 217.22339320092453 -147.9391377 8.1
vertex 210.77525588919866 -148.72863705748176 8.1
vertex 210.5870649950226 -148.4892159194536 8.1
endloop
endfacet
facet normal 0 0 -1
outer loop
vertex 217.22339320092453 -147.9391377 8.1
vertex 210.5870649950226 -148.4892159194536 8.1
vertex 210.43740527469475 -148.2239985329635 8.1
endloop
endfacet
facet normal 0 0 -1
outer loop
vertex 217.22339320092453 -147.9391377 8.1
vertex 210.43740527469475 -148.2239985329635 8.1
vertex 210.32974305000005 -147.9391377 8.1
endloop
endfacet
facet normal 0 0 -1
outer loop
vertex 237.7118390548139 -141.2701576 8.1
vertex 237.70346960000015 -141.2881067999998 8.1
vertex 230.71383334395995 -153.3945132 8.1
endloop
endfacet
facet normal 0 0 -1
outer loop
vertex 237.7118390548139 -141.2701576 8.1
vertex 230.71383334395995 -153.3945132 8.1
vertex 226.6723807 -153.3945132 8.1
endloop
endfacet
facet normal 0 0 -1
outer loop
vertex 237.7118390548139 -141.2701576 8.1
vertex 226.6723807 -153.3945132 8.1
vertex 233.6723807 -141.2701576 8.1
endloop
endfacet
facet normal 0 0 -1
outer loop
vertex 226.6723807 -153.3945132 8.1
vertex 230.71383334395995 -153.3945132 8.1
vertex 228.70347440000006 -156.87655739999997 8.1
endloop
endfacet
facet normal 0 0 -1
outer loop
vertex 226.6723807 -153.3945132 8.1
vertex 228.70347440000006 -156.87655739999997 8.1
vertex 228.5257161372533 -157.13520053552446 8.1
endloop
endfacet
facet normal 0 0 -1
outer loop
vertex 226.6723807 -153.3945132 8.1
vertex 228.5257161372533 -157.13520053552446 8.1
vertex 228.30968549192093 -157.36285165413798 8.1
endloop
endfacet
facet normal 0 0 -1
outer loop
vertex 226.6723807 -153.3945132 8.1
vertex 228.30968549192093 -157.36285165413798 8.1
vertex 228.0607019092627 -157.553905173068 8.1
endloop
endfacet
facet normal 0 0 -1
outer loop
vertex 226.6723807 -153.3945132 8.1
vertex 228.0607019092627 -157.553905173068 8.1
vertex 227.78489625342812 -157.7036566730217 8.1
endloop
endfacet
facet normal 0 0 -1
outer loop
vertex 226.6723807 -153.3945132 8.1
vertex 227.78489625342812 -157.7036566730217 8.1
vertex 227.489059843706 -157.8084187377746 8.1
endloop
endfacet
facet normal 0 0 -1
outer loop
vertex 226.6723807 -153.3945132 8.1
vertex 227.489059843706 -157.8084187377746 8.1
vertex 227.18047722801265 -157.86561175151394 8.1
endloop
endfacet
facet normal 0 0 -1
outer loop
vertex 226.6723807 -153.3945132 8.1
vertex 227.18047722801265 -157.86561175151394 8.1
vertex 226.866746811333 -157.87382741818345 8.1
endloop
endfacet
facet normal 0 0 -1
outer loop
vertex 226.6723807 -153.3945132 8.1
vertex 226.866746811333 -157.87382741818345 8.1
vertex 226.55559375587922 -157.8328634387572 8.1
endloop
endfacet
facet normal 0 0 -1
outer loop
vertex 226.6723807 -153.3945132 8.1
vertex 226.55559375587922 -157.8328634387572 8.1
vertex 226.25467976003404 -157.74372849256335 8.1
endloop
endfacet
facet normal 0 0 -1
outer loop
vertex 226.6723807 -153.3945132 8.1
vertex 226.25467976003404 -157.74372849256335 8.1
vertex 225.9714188 -157.60861479999997 8.1
endloop
endfacet
facet normal 0 0 -1
outer loop
vertex 226.6723807 -153.3945132 8.1
vertex 225.9714188 -157.60861479999997 8.1
vertex 218.6723813327196 -153.3945132 8.1
endloop
endfacet
facet normal 0 0 1
outer loop
vertex 227.18047722801265 -157.8656117515139 9.7
vertex 227.4890598437061 -157.80841873777453 9.7
vertex 227.78489625342834 -157.70365667302158 9.7
endloop
endfacet
facet normal 0 0 1
outer loop
vertex 227.18047722801265 -157.8656117515139 9.7
vertex 227.78489625342834 -157.70365667302158 9.7
vertex 228.06070190926255 -157.55390517306805 9.7
endloop
endfacet
facet normal 0 0 1
outer loop
vertex 227.18047722801265 -157.8656117515139 9.7
vertex 228.06070190926255 -157.55390517306805 9.7
vertex 228.30968549192104 -157.36285165413784 9.7
endloop
endfacet
facet normal 0 0 1
outer loop
vertex 227.18047722801265 -157.8656117515139 9.7
vertex 228.30968549192104 -157.36285165413784 9.7
vertex 228.5257161372533 -157.13520053552443 9.7
endloop
endfacet
facet normal 0 0 1
outer loop
vertex 227.18047722801265 -157.8656117515139 9.7
vertex 228.5257161372533 -157.13520053552443 9.7
vertex 228.70347440000006 -156.8765573999999 9.7
endloop
endfacet
facet normal 0 0 1
outer loop
vertex 227.18047722801265 -157.8656117515139 9.7
vertex 228.70347440000006 -156.8765573999999 9.7
vertex 230.71383334395992 -153.3945132 9.7
endloop
endfacet
facet normal 0 0 1
outer loop
vertex 227.18047722801265 -157.8656117515139 9.7
vertex 230.71383334395992 -153.3945132 9.7
vertex 226.67238069999996 -153.3945132 9.7
endloop
endfacet
facet normal 0 0 1
outer loop
vertex 227.18047722801265 -157.8656117515139 9.7
vertex 226.67238069999996 -153.3945132 9.7
vertex 218.67238133271962 -153.3945132 9.7
endloop
endfacet
facet normal 0 0 1
outer loop
vertex 227.18047722801265 -157.8656117515139 9.7
vertex 218.67238133271962 -153.3945132 9.7
vertex 225.97141880000007 -157.6086148 9.7
endloop
endfacet
facet normal 0 0 1
outer loop
vertex 227.18047722801265 -157.8656117515139 9.7
vertex 225.97141880000007 -157.6086148 9.7
vertex 226.25467976003398 -157.74372849256332 9.7
endloop
endfacet
facet normal 0 0 1
outer loop
vertex 227.18047722801265 -157.8656117515139 9.7
vertex 226.25467976003398 -157.74372849256332 9.7
vertex 226.55559375587924 -157.83286343875716 9.7
endloop
endfacet
facet normal 0 0 1
outer loop
vertex 227.18047722801265 -157.8656117515139 9.7
vertex 226.55559375587924 -157.83286343875716 9.7
vertex 226.86674681133317 -157.87382741818342 9.7
endloop
endfacet
facet normal 0 0 1
outer loop
vertex 209.81554763099072 -148.1171053544668 9.7
vertex 210.0787258649038 -148.0456897634694 9.7
vertex 210.32974305 -147.93913770000003 9.7
endloop
endfacet
facet normal 0 0 1
outer loop
vertex 209.81554763099072 -148.1171053544668 9.7
vertex 210.32974305 -147.93913770000003 9.7
vertex 208.47695947084185 -147.93913770000003 9.7
endloop
endfacet
facet normal 0 0 1
outer loop
vertex 209.81554763099072 -148.1171053544668 9.7
vertex 208.47695947084185 -147.93913770000003 9.7
vertex 208.7405461 -148.0350754 9.7
endloop
endfacet
facet normal 0 0 1
outer loop
vertex 209.81554763099072 -148.1171053544668 9.7
vertex 208.7405461 -148.0350754 9.7
vertex 209.0025555751492 -148.11065816115317 9.7
endloop
endfacet
facet normal 0 0 1
outer loop
vertex 209.81554763099072 -148.1171053544668 9.7
vertex 209.0025555751492 -148.11065816115317 9.7
vertex 209.27241385607465 -148.14989433909142 9.7
endloop
endfacet
facet normal 0 0 1
outer loop
vertex 209.81554763099072 -148.1171053544668 9.7
vertex 209.27241385607465 -148.14989433909142 9.7
vertex 209.54510102700178 -148.1520568041395 9.7
endloop
endfacet
facet normal 0 0 1
outer loop
vertex 226.67238069999996 -153.3945132 9.7
vertex 217.22339320092465 -147.93913770000003 9.7
vertex 210.32974305 -147.93913770000003 9.7
endloop
endfacet
facet normal 0 0 1
outer loop
vertex 226.67238069999996 -153.3945132 9.7
vertex 210.32974305 -147.93913770000003 9.7
vertex 210.43740527469467 -148.22399853296332 9.7
endloop
endfacet
facet normal 0 0 1
outer loop
vertex 226.67238069999996 -153.3945132 9.7
vertex 210.43740527469467 -148.22399853296332 9.7
vertex 210.58706499502256 -148.48921591945356 9.7
endloop
endfacet
facet normal 0 0 1
outer loop
vertex 226.67238069999996 -153.3945132 9.7
vertex 210.58706499502256 -148.48921591945356 9.7
vertex 210.77525588919863 -148.72863705748173 9.7
endloop
endfacet
facet normal 0 0 1
outer loop
vertex 226.67238069999996 -153.3945132 9.7
vertex 210.77525588919863 -148.72863705748173 9.7
vertex 210.99761483160535 -148.93671107007646 9.7
endloop
endfacet
facet normal 0 0 1
outer loop
vertex 226.67238069999996 -153.3945132 9.7
vertex 210.99761483160535 -148.93671107007646 9.7
vertex 211.248986525 -149.10861385 9.7
endloop
endfacet
facet normal 0 0 1
outer loop
vertex 226.67238069999996 -153.3945132 9.7
vertex 211.248986525 -149.10861385 9.7
vertex 218.67238133271962 -153.3945132 9.7
endloop
endfacet
facet normal 0 0 1
outer loop
vertex 210.32974305 -147.93913770000003 9.7
vertex 217.22339320092465 -147.93913770000003 9.7
vertex 214.5480251 -146.3945132 9.7
endloop
endfacet
facet normal 0 0 1
outer loop
vertex 210.32974305 -147.93913770000003 9.7
vertex 214.5480251 -146.3945132 9.7
vertex 204.2331391033519 -146.3945132 9.7
endloop
endfacet
facet normal 0 0 1
outer loop
vertex 210.32974305 -147.93913770000003 9.7
vertex 204.2331391033519 -146.3945132 9.7
vertex 208.47695947084185 -147.93913770000003 9.7
endloop
endfacet
facet normal 0 0 1
outer loop
vertex 214.5480251 -146.3945132 9.7
vertex 216.06717136291562 -143.7632747 9.7
vertex 208.6990877 -143.7632747 9.7
endloop
endfacet
facet normal 0 0 1
outer loop
vertex 214.5480251 -146.3945132 9.7
vertex 208.6990877 -143.7632747 9.7
vertex 197.00387170663268 -143.7632747 9.7
endloop
endfacet
facet normal 0 0 1
outer loop
vertex 214.5480251 -146.3945132 9.7
vertex 197.00387170663268 -143.7632747 9.7
vertex 204.2331391033519 -146.3945132 9.7
endloop
endfacet
facet normal 0 0 1
outer loop
vertex 208.6990877 -143.7632747 9.7
vertex 204.1698679021818 -142.11477349999996 9.7
vertex 192.52517069999988 -142.11477349999996 9.7
endloop
endfacet
facet normal 0 0 1
outer loop
vertex 208.6990877 -143.7632747 9.7
vertex 192.52517069999988 -142.11477349999996 9.7
vertex 192.6437274171126 -142.171709372241 9.7
endloop
endfacet
facet normal 0 0 1
outer loop
vertex 208.6990877 -143.7632747 9.7
vertex 192.6437274171126 -142.171709372241 9.7
vertex 192.7657703500006 -142.22073175000023 9.7
endloop
endfacet
facet normal 0 0 1
outer loop
vertex 208.6990877 -143.7632747 9.7
vertex 192.7657703500006 -142.22073175000023 9.7
vertex 197.00387170663268 -143.7632747 9.7
endloop
endfacet
facet normal 0 0 1
outer loop
vertex 204.1698679021818 -142.11477349999996 9.7
vertex 202.74153352707984 -141.59490229999966 9.7
vertex 191.05140032499907 -141.59490229999966 9.7
endloop
endfacet
facet normal 0 0 1
outer loop
vertex 204.1698679021818 -142.11477349999996 9.7
vertex 191.05140032499907 -141.59490229999966 9.7
vertex 192.52517069999988 -142.11477349999996 9.7
endloop
endfacet
facet normal 0 0 1
outer loop
vertex 202.74153352707984 -141.59490229999966 9.7
vertex 202.6990262464065 -141.57943091500914 9.7
vertex 191.005789985713 -141.57943091500914 9.7
endloop
endfacet
facet normal 0 0 1
outer loop
vertex 202.74153352707984 -141.59490229999966 9.7
vertex 191.005789985713 -141.57943091500914 9.7
vertex 191.05140032499907 -141.59490229999966 9.7
endloop
endfacet
facet normal 0 0 1
outer loop
vertex 190.74972223429856 -141.60783919420172 9.7
vertex 190.95982064999998 -141.5650646 9.7
vertex 189.91605795315493 -141.5650646 9.7
endloop
endfacet
facet normal 0 0 1
outer loop
vertex 190.74972223429856 -141.60783919420172 9.7
vertex 189.91605795315493 -141.5650646 9.7
vertex 190.1090213000007 -141.59908920000012 9.7
endloop
endfacet
facet normal 0 0 1
outer loop
vertex 190.74972223429856 -141.60783919420172 9.7
vertex 190.1090213000007 -141.59908920000012 9.7
vertex 190.32186359757992 -141.62494750499292 9.7
endloop
endfacet
facet normal 0 0 1
outer loop
vertex 190.74972223429856 -141.60783919420172 9.7
vertex 190.32186359757992 -141.62494750499292 9.7
vertex 190.5362520970042 -141.62787692542818 9.7
endloop
endfacet
facet normal 0 0 1
outer loop
vertex 202.6990262464065 -141.57943091500914 9.7
vertex 202.65955512053708 -141.5650646 9.7
vertex 190.95982064999998 -141.5650646 9.7
endloop
endfacet
facet normal 0 0 1
outer loop
vertex 202.6990262464065 -141.57943091500914 9.7
vertex 190.95982064999998 -141.5650646 9.7
vertex 191.005789985713 -141.57943091500914 9.7
endloop
endfacet
facet normal 0 0 1
outer loop
vertex 230.71383334395992 -153.3945132 9.7
vertex 237.70346959999992 -141.28810680000024 9.7
vertex 237.71183905481388 -141.27015760000003 9.7
endloop
endfacet
facet normal 0 0 1
outer loop
vertex 230.71383334395992 -153.3945132 9.7
vertex 237.71183905481388 -141.27015760000003 9.7
vertex 233.6723807 -141.27015760000003 9.7
endloop
endfacet
facet normal 0 0 1
outer loop
vertex 230.71383334395992 -153.3945132 9.7
vertex 233.6723807 -141.27015760000003 9.7
vertex 226.67238069999996 -153.3945132 9.7
endloop
endfacet
facet normal 0 0 1
outer loop
vertex 190.95982064999998 -141.5650646 9.7
vertex 202.65955512053708 -141.5650646 9.7
vertex 195.5433911 -138.9749927 9.7
endloop
endfacet
facet normal 0 0 1
outer loop
vertex 190.95982064999998 -141.5650646 9.7
vertex 195.5433911 -138.9749927 9.7
vertex 175.22701113428266 -138.9749927 9.7
endloop
endfacet
facet normal 0 0 1
outer loop
vertex 190.95982064999998 -141.5650646 9.7
vertex 175.22701113428266 -138.9749927 9.7
vertex 189.91605795315493 -141.5650646 9.7
endloop
endfacet
facet normal 0 0 1
outer loop
vertex 195.5433911 -138.9749927 9.7
vertex 196.11686507928874 -137.39938590000003 9.7
vertex 189.32640240000003 -137.39938590000003 9.7
endloop
endfacet
facet normal 0 0 1
outer loop
vertex 195.5433911 -138.9749927 9.7
vertex 189.32640240000003 -137.39938590000003 9.7
vertex 171.85601320071845 -137.39938590000003 9.7
endloop
endfacet
facet normal 0 0 1
outer loop
vertex 195.5433911 -138.9749927 9.7
vertex 171.85601320071845 -137.39938590000003 9.7
vertex 171.91699457237667 -137.5541971129337 9.7
endloop
endfacet
facet normal 0 0 1
outer loop
vertex 195.5433911 -138.9749927 9.7
vertex 171.91699457237667 -137.5541971129337 9.7
vertex 172.0762786401237 -137.82460882509386 9.7
endloop
endfacet
facet normal 0 0 1
outer loop
vertex 195.5433911 -138.9749927 9.7
vertex 172.0762786401237 -137.82460882509386 9.7
vertex 172.27590349071392 -138.0667737014452 9.7
endloop
endfacet
facet normal 0 0 1
outer loop
vertex 195.5433911 -138.9749927 9.7
vertex 172.27590349071392 -138.0667737014452 9.7
vertex 172.51095366621465 -138.27472880070576 9.7
endloop
endfacet
facet normal 0 0 1
outer loop
vertex 195.5433911 -138.9749927 9.7
vertex 172.51095366621465 -138.27472880070576 9.7
vertex 172.77564141401726 -138.4433535452557 9.7
endloop
endfacet
facet normal 0 0 1
outer loop
vertex 195.5433911 -138.9749927 9.7
vertex 172.77564141401726 -138.4433535452557 9.7
vertex 173.0634492014312 -138.56849580756295 9.7
endloop
endfacet
facet normal 0 0 1
outer loop
vertex 195.5433911 -138.9749927 9.7
vertex 173.0634492014312 -138.56849580756295 9.7
vertex 173.3672901999998 -138.64707414999992 9.7
endloop
endfacet
facet normal 0 0 1
outer loop
vertex 195.5433911 -138.9749927 9.7
vertex 173.3672901999998 -138.64707414999992 9.7
vertex 175.22701113428266 -138.9749927 9.7
endloop
endfacet
facet normal 0 0 1
outer loop
vertex 216.06717136291562 -143.7632747 9.7
vertex 219.9521702901988 -137.0342592 9.7
vertex 215.73751329999982 -137.0342592 9.7
endloop
endfacet
facet normal 0 0 1
outer loop
vertex 216.06717136291562 -143.7632747 9.7
vertex 215.73751329999982 -137.0342592 9.7
vertex 211.14824906150258 -137.0342592 9.7
endloop
endfacet
facet normal 0 0 1
outer loop
vertex 216.06717136291562 -143.7632747 9.7
vertex 211.14824906150258 -137.0342592 9.7
vertex 208.6990877 -143.7632747 9.7
endloop
endfacet
facet normal 0 0 1
outer loop
vertex 215.73751329999982 -137.0342592 9.7
vertex 215.44487781697592 -137.00543712060488 9.7
vertex 211.15873944055025 -137.00543712060488 9.7
endloop
endfacet
facet normal 0 0 1
outer loop
vertex 215.73751329999982 -137.0342592 9.7
vertex 211.15873944055025 -137.00543712060488 9.7
vertex 211.14824906150258 -137.0342592 9.7
endloop
endfacet
facet normal 0 0 1
outer loop
vertex 219.9521702901988 -137.0342592 9.7
vertex 219.9688107255689 -137.00543712060488 9.7
vertex 216.03014878302383 -137.00543712060488 9.7
endloop
endfacet
facet normal 0 0 1
outer loop
vertex 219.9521702901988 -137.0342592 9.7
vertex 216.03014878302383 -137.00543712060488 9.7
vertex 215.73751329999982 -137.0342592 9.7
endloop
endfacet
facet normal 0 0 1
outer loop
vertex 215.44487781697592 -137.00543712060488 9.7
vertex 215.16348815145227 -136.9200784987669 9.7
vertex 211.18980743830963 -136.9200784987669 9.7
endloop
endfacet
facet normal 0 0 1
outer loop
vertex 215.44487781697592 -137.00543712060488 9.7
vertex 211.18980743830963 -136.9200784987669 9.7
vertex 211.15873944055025 -137.00543712060488 9.7
endloop
endfacet
facet normal 0 0 1
outer loop
vertex 219.9688107255689 -137.00543712060488 9.7
vertex 220.01809254908005 -136.9200784987669 9.7
vertex 216.31153844854788 -136.9200784987669 9.7
endloop
endfacet
facet normal 0 0 1
outer loop
vertex 219.9688107255689 -137.00543712060488 9.7
vertex 216.31153844854788 -136.9200784987669 9.7
vertex 216.03014878302383 -137.00543712060488 9.7
endloop
endfacet
facet normal 0 0 1
outer loop
vertex 215.16348815145227 -136.9200784987669 9.7
vertex 214.90415795047068 -136.78146361845387 9.7
vertex 211.24025912904983 -136.78146361845387 9.7
endloop
endfacet
facet normal 0 0 1
outer loop
vertex 215.16348815145227 -136.9200784987669 9.7
vertex 211.24025912904983 -136.78146361845387 9.7
vertex 211.18980743830963 -136.9200784987669 9.7
endloop
endfacet
facet normal 0 0 1
outer loop
vertex 220.01809254908005 -136.9200784987669 9.7
vertex 220.0981218878922 -136.78146361845387 9.7
vertex 216.57086864952907 -136.78146361845387 9.7
endloop
endfacet
facet normal 0 0 1
outer loop
vertex 220.01809254908005 -136.9200784987669 9.7
vertex 216.57086864952907 -136.78146361845387 9.7
vertex 216.31153844854788 -136.9200784987669 9.7
endloop
endfacet
facet normal 0 0 1
outer loop
vertex 214.90415795047068 -136.78146361845387 9.7
vertex 214.6768531282202 -136.59491937177995 9.7
vertex 211.3081556825894 -136.59491937177995 9.7
endloop
endfacet
facet normal 0 0 1
outer loop
vertex 214.90415795047068 -136.78146361845387 9.7
vertex 211.3081556825894 -136.59491937177995 9.7
vertex 211.24025912904983 -136.78146361845387 9.7
endloop
endfacet
facet normal 0 0 1
outer loop
vertex 220.0981218878922 -136.78146361845387 9.7
vertex 220.2058232593958 -136.59491937177995 9.7
vertex 216.79817347177976 -136.59491937177995 9.7
endloop
endfacet
facet normal 0 0 1
outer loop
vertex 220.0981218878922 -136.78146361845387 9.7
vertex 216.79817347177976 -136.59491937177995 9.7
vertex 216.57086864952907 -136.78146361845387 9.7
endloop
endfacet
facet normal 0 0 1
outer loop
vertex 214.6768531282202 -136.59491937177995 9.7
vertex 214.49030888154618 -136.36761454952938 9.7
vertex 211.39088787245274 -136.36761454952938 9.7
endloop
endfacet
facet normal 0 0 1
outer loop
vertex 214.6768531282202 -136.59491937177995 9.7
vertex 211.39088787245274 -136.36761454952938 9.7
vertex 211.3081556825894 -136.59491937177995 9.7
endloop
endfacet
facet normal 0 0 1
outer loop
vertex 220.2058232593958 -136.59491937177995 9.7
vertex 220.33705776028376 -136.36761454952938 9.7
vertex 216.9847177184538 -136.36761454952938 9.7
endloop
endfacet
facet normal 0 0 1
outer loop
vertex 220.2058232593958 -136.59491937177995 9.7
vertex 216.9847177184538 -136.36761454952938 9.7
vertex 216.79817347177976 -136.59491937177995 9.7
endloop
endfacet
facet normal 0 0 1
outer loop
vertex 214.49030888154618 -136.36761454952938 9.7
vertex 214.35169400123303 -136.10828434854753 9.7
vertex 211.48527634698002 -136.10828434854753 9.7
endloop
endfacet
facet normal 0 0 1
outer loop
vertex 214.49030888154618 -136.36761454952938 9.7
vertex 211.48527634698002 -136.10828434854753 9.7
vertex 211.39088787245274 -136.36761454952938 9.7
endloop
endfacet
facet normal 0 0 1
outer loop
vertex 220.33705776028376 -136.36761454952938 9.7
vertex 220.4867821222839 -136.10828434854753 9.7
vertex 217.12333259876695 -136.10828434854753 9.7
endloop
endfacet
facet normal 0 0 1
outer loop
vertex 220.33705776028376 -136.36761454952938 9.7
vertex 217.12333259876695 -136.10828434854753 9.7
vertex 216.9847177184538 -136.36761454952938 9.7
endloop
endfacet
facet normal 0 0 1
outer loop
vertex 214.35169400123303 -136.10828434854753 9.7
vertex 214.2663353793952 -135.8268946830244 9.7
vertex 211.58769381002872 -135.8268946830244 9.7
endloop
endfacet
facet normal 0 0 1
outer loop
vertex 214.35169400123303 -136.10828434854753 9.7
vertex 211.58769381002872 -135.8268946830244 9.7
vertex 211.48527634698002 -136.10828434854753 9.7
endloop
endfacet
facet normal 0 0 1
outer loop
vertex 220.4867821222839 -136.10828434854753 9.7
vertex 220.6492425221308 -135.8268946830244 9.7
vertex 217.20869122060486 -135.8268946830244 9.7
endloop
endfacet
facet normal 0 0 1
outer loop
vertex 220.4867821222839 -136.10828434854753 9.7
vertex 217.20869122060486 -135.8268946830244 9.7
vertex 217.12333259876695 -136.10828434854753 9.7
endloop
endfacet
facet normal 0 0 1
outer loop
vertex 214.2663353793952 -135.8268946830244 9.7
vertex 214.2375133 -135.5342592000001 9.7
vertex 211.69420441593053 -135.5342592000001 9.7
endloop
endfacet
facet normal 0 0 1
outer loop
vertex 214.2663353793952 -135.8268946830244 9.7
vertex 211.69420441593053 -135.5342592000001 9.7
vertex 211.58769381002872 -135.8268946830244 9.7
endloop
endfacet
facet normal 0 0 1
outer loop
vertex 220.6492425221308 -135.8268946830244 9.7
vertex 220.81819569776764 -135.5342592000001 9.7
vertex 217.2375133 -135.5342592000001 9.7
endloop
endfacet
facet normal 0 0 1
outer loop
vertex 220.6492425221308 -135.8268946830244 9.7
vertex 217.2375133 -135.5342592000001 9.7
vertex 217.20869122060486 -135.8268946830244 9.7
endloop
endfacet
facet normal 0 0 1
outer loop
vertex 214.2375133 -135.5342592000001 9.7
vertex 214.2663353793951 -135.24162371697574 9.7
vertex 211.8007150218324 -135.24162371697574 9.7
endloop
endfacet
facet normal 0 0 1
outer loop
vertex 214.2375133 -135.5342592000001 9.7
vertex 211.8007150218324 -135.24162371697574 9.7
vertex 211.69420441593053 -135.5342592000001 9.7
endloop
endfacet
facet normal 0 0 1
outer loop
vertex 220.81819569776764 -135.5342592000001 9.7
vertex 220.9871488734045 -135.24162371697574 9.7
vertex 217.2086912206048 -135.24162371697574 9.7
endloop
endfacet
facet normal 0 0 1
outer loop
vertex 220.81819569776764 -135.5342592000001 9.7
vertex 217.2086912206048 -135.24162371697574 9.7
vertex 217.2375133 -135.5342592000001 9.7
endloop
endfacet
facet normal 0 0 1
outer loop
vertex 189.32640240000003 -137.39938590000003 9.7
vertex 175.53909389999995 -134.96831140000003 9.7
vertex 171.98510064671717 -134.96831140000003 9.7
endloop
endfacet
facet normal 0 0 1
outer loop
vertex 189.32640240000003 -137.39938590000003 9.7
vertex 171.98510064671717 -134.96831140000003 9.7
vertex 171.74844089836574 -136.3104754820791 9.7
endloop
endfacet
facet normal 0 0 1
outer loop
vertex 189.32640240000003 -137.39938590000003 9.7
vertex 171.74844089836574 -136.3104754820791 9.7
vertex 171.74497053669296 -136.3301568804721 9.7
endloop
endfacet
facet normal 0 0 1
outer loop
vertex 189.32640240000003 -137.39938590000003 9.7
vertex 171.74497053669296 -136.3301568804721 9.7
vertex 171.71488906917818 -136.64254658569544 9.7
endloop
endfacet
facet normal 0 0 1
outer loop
vertex 189.32640240000003 -137.39938590000003 9.7
vertex 171.71488906917818 -136.64254658569544 9.7
vertex 171.73404738901596 -136.95579866803885 9.7
endloop
endfacet
facet normal 0 0 1
outer loop
vertex 189.32640240000003 -137.39938590000003 9.7
vertex 171.73404738901596 -136.95579866803885 9.7
vertex 171.80197341506397 -137.26219704156082 9.7
endloop
endfacet
facet normal 0 0 1
outer loop
vertex 189.32640240000003 -137.39938590000003 9.7
vertex 171.80197341506397 -137.26219704156082 9.7
vertex 171.85601320071845 -137.39938590000003 9.7
endloop
endfacet
facet normal 0 0 1
outer loop
vertex 214.2663353793951 -135.24162371697574 9.7
vertex 214.35169400123308 -134.96023405145223 9.7
vertex 211.9031324848812 -134.96023405145223 9.7
endloop
endfacet
facet normal 0 0 1
outer loop
vertex 214.2663353793951 -135.24162371697574 9.7
vertex 211.9031324848812 -134.96023405145223 9.7
vertex 211.8007150218324 -135.24162371697574 9.7
endloop
endfacet
facet normal 0 0 1
outer loop
vertex 220.9871488734045 -135.24162371697574 9.7
vertex 221.14960927325163 -134.96023405145223 9.7
vertex 217.12333259876686 -134.96023405145223 9.7
endloop
endfacet
facet normal 0 0 1
outer loop
vertex 220.9871488734045 -135.24162371697574 9.7
vertex 217.12333259876686 -134.96023405145223 9.7
vertex 217.2086912206048 -135.24162371697574 9.7
endloop
endfacet
facet normal 0 0 1
outer loop
vertex 214.35169400123308 -134.96023405145223 9.7
vertex 214.49030888154618 -134.7009038504706 9.7
vertex 211.99752095940843 -134.7009038504706 9.7
endloop
endfacet
facet normal 0 0 1
outer loop
vertex 214.35169400123308 -134.96023405145223 9.7
vertex 211.99752095940843 -134.7009038504706 9.7
vertex 211.9031324848812 -134.96023405145223 9.7
endloop
endfacet
facet normal 0 0 1
outer loop
vertex 221.14960927325163 -134.96023405145223 9.7
vertex 221.29933363525166 -134.7009038504706 9.7
vertex 216.98471771845382 -134.7009038504706 9.7
endloop
endfacet
facet normal 0 0 1
outer loop
vertex 221.14960927325163 -134.96023405145223 9.7
vertex 216.98471771845382 -134.7009038504706 9.7
vertex 217.12333259876686 -134.96023405145223 9.7
endloop
endfacet
facet normal 0 0 1
outer loop
vertex 214.49030888154618 -134.7009038504706 9.7
vertex 214.67685312822024 -134.47359902822026 9.7
vertex 212.08025314927167 -134.47359902822026 9.7
endloop
endfacet
facet normal 0 0 1
outer loop
vertex 214.49030888154618 -134.7009038504706 9.7
vertex 212.08025314927167 -134.47359902822026 9.7
vertex 211.99752095940843 -134.7009038504706 9.7
endloop
endfacet
facet normal 0 0 1
outer loop
vertex 221.29933363525166 -134.7009038504706 9.7
vertex 221.43056813613947 -134.47359902822026 9.7
vertex 216.7981734717799 -134.47359902822026 9.7
endloop
endfacet
facet normal 0 0 1
outer loop
vertex 221.29933363525166 -134.7009038504706 9.7
vertex 216.7981734717799 -134.47359902822026 9.7
vertex 216.98471771845382 -134.7009038504706 9.7
endloop
endfacet
facet normal 0 0 1
outer loop
vertex 214.67685312822024 -134.47359902822026 9.7
vertex 214.90415795047056 -134.28705478154617 9.7
vertex 212.1481497028113 -134.28705478154617 9.7
endloop
endfacet
facet normal 0 0 1
outer loop
vertex 214.67685312822024 -134.47359902822026 9.7
vertex 212.1481497028113 -134.28705478154617 9.7
vertex 212.08025314927167 -134.47359902822026 9.7
endloop
endfacet
facet normal 0 0 1
outer loop
vertex 221.43056813613947 -134.47359902822026 9.7
vertex 221.53826950764318 -134.28705478154617 9.7
vertex 216.57086864952936 -134.28705478154617 9.7
endloop
endfacet
facet normal 0 0 1
outer loop
vertex 221.43056813613947 -134.47359902822026 9.7
vertex 216.57086864952936 -134.28705478154617 9.7
vertex 216.7981734717799 -134.47359902822026 9.7
endloop
endfacet
facet normal 0 0 1
outer loop
vertex 221.53826950764318 -134.28705478154617 9.7
vertex 221.54802510000002 -134.27015760000003 9.7
vertex 216.5392562463264 -134.27015760000003 9.7
endloop
endfacet
facet normal 0 0 1
outer loop
vertex 221.53826950764318 -134.28705478154617 9.7
vertex 216.5392562463264 -134.27015760000003 9.7
vertex 216.57086864952936 -134.28705478154617 9.7
endloop
endfacet
facet normal 0 0 1
outer loop
vertex 237.71183905481388 -141.27015760000003 9.7
vertex 237.85079789769867 -140.97214534971846 9.7
vertex 237.94102748513407 -140.63540338208253 9.7
endloop
endfacet
facet normal 0 0 1
outer loop
vertex 237.71183905481388 -141.27015760000003 9.7
vertex 237.94102748513407 -140.63540338208253 9.7
vertex 237.9714120145381 -140.28810910975994 9.7
endloop
endfacet
facet normal 0 0 1
outer loop
vertex 237.71183905481388 -141.27015760000003 9.7
vertex 237.9714120145381 -140.28810910975994 9.7
vertex 237.94102827833444 -139.94081476804118 9.7
endloop
endfacet
facet normal 0 0 1
outer loop
vertex 237.71183905481388 -141.27015760000003 9.7
vertex 237.94102827833444 -139.94081476804118 9.7
vertex 237.85079945999902 -139.6040725943278 9.7
endloop
endfacet
facet normal 0 0 1
outer loop
vertex 237.71183905481388 -141.27015760000003 9.7
vertex 237.85079945999902 -139.6040725943278 9.7
vertex 237.70346708393072 -139.28811420754613 9.7
endloop
endfacet
facet normal 0 0 1
outer loop
vertex 237.71183905481388 -141.27015760000003 9.7
vertex 237.70346708393072 -139.28811420754613 9.7
vertex 237.50350771661064 -139.00253972928127 9.7
endloop
endfacet
facet normal 0 0 1
outer loop
vertex 237.71183905481388 -141.27015760000003 9.7
vertex 237.50350771661064 -139.00253972928127 9.7
vertex 237.25699695001032 -138.7560260924055 9.7
endloop
endfacet
facet normal 0 0 1
outer loop
vertex 237.71183905481388 -141.27015760000003 9.7
vertex 237.25699695001032 -138.7560260924055 9.7
vertex 236.97142479999985 -138.5560633999999 9.7
endloop
endfacet
facet normal 0 0 1
outer loop
vertex 237.71183905481388 -141.27015760000003 9.7
vertex 236.97142479999985 -138.5560633999999 9.7
vertex 229.54802166776756 -134.27015760000003 9.7
endloop
endfacet
facet normal 0 0 1
outer loop
vertex 237.71183905481388 -141.27015760000003 9.7
vertex 229.54802166776756 -134.27015760000003 9.7
vertex 221.54802510000002 -134.27015760000003 9.7
endloop
endfacet
facet normal 0 0 1
outer loop
vertex 237.71183905481388 -141.27015760000003 9.7
vertex 221.54802510000002 -134.27015760000003 9.7
vertex 233.6723807 -141.27015760000003 9.7
endloop
endfacet
facet normal 0 0 1
outer loop
vertex 214.90415795047056 -134.28705478154617 9.7
vertex 215.1634881514523 -134.14843990123313 9.7
vertex 212.1986013935515 -134.14843990123313 9.7
endloop
endfacet
facet normal 0 0 1
outer loop
vertex 214.90415795047056 -134.28705478154617 9.7
vertex 212.1986013935515 -134.14843990123313 9.7
vertex 212.1481497028113 -134.28705478154617 9.7
endloop
endfacet
facet normal 0 0 1
outer loop
vertex 221.54802510000002 -134.27015760000003 9.7
vertex 229.54802166776756 -134.27015760000003 9.7
vertex 229.3372005278642 -134.14843990123313 9.7
endloop
endfacet
facet normal 0 0 1
outer loop
vertex 221.54802510000002 -134.27015760000003 9.7
vertex 229.3372005278642 -134.14843990123313 9.7
vertex 216.31153844854776 -134.14843990123313 9.7
endloop
endfacet
facet normal 0 0 1
outer loop
vertex 221.54802510000002 -134.27015760000003 9.7
vertex 216.31153844854776 -134.14843990123313 9.7
vertex 216.5392562463264 -134.27015760000003 9.7
endloop
endfacet
facet normal 0 0 1
outer loop
vertex 215.1634881514523 -134.14843990123313 9.7
vertex 215.44487781697572 -134.06308127939513 9.7
vertex 212.22966939131086 -134.06308127939513 9.7
endloop
endfacet
facet normal 0 0 1
outer loop
vertex 215.1634881514523 -134.14843990123313 9.7
vertex 212.22966939131086 -134.06308127939513 9.7
vertex 212.1986013935515 -134.14843990123313 9.7
endloop
endfacet
facet normal 0 0 1
outer loop
vertex 229.3372005278642 -134.14843990123313 9.7
vertex 229.18935512708214 -134.06308127939513 9.7
vertex 216.030148783024 -134.06308127939513 9.7
endloop
endfacet
facet normal 0 0 1
outer loop
vertex 229.3372005278642 -134.14843990123313 9.7
vertex 216.030148783024 -134.06308127939513 9.7
vertex 216.31153844854776 -134.14843990123313 9.7
endloop
endfacet
facet normal 0 0 1
outer loop
vertex 215.44487781697572 -134.06308127939513 9.7
vertex 215.7375133000001 -134.0342592 9.7
vertex 212.24015977035856 -134.0342592 9.7
endloop
endfacet
facet normal 0 0 1
outer loop
vertex 215.44487781697572 -134.06308127939513 9.7
vertex 212.24015977035856 -134.0342592 9.7
vertex 212.22966939131086 -134.06308127939513 9.7
endloop
endfacet
facet normal 0 0 1
outer loop
vertex 229.18935512708214 -134.06308127939513 9.7
vertex 229.139433844524 -134.0342592 9.7
vertex 215.7375133000001 -134.0342592 9.7
endloop
endfacet
facet normal 0 0 1
outer loop
vertex 229.18935512708214 -134.06308127939513 9.7
vertex 215.7375133000001 -134.0342592 9.7
vertex 216.030148783024 -134.06308127939513 9.7
endloop
endfacet
facet normal 0 0 1
outer loop
vertex 215.7375133000001 -134.0342592 9.7
vertex 229.139433844524 -134.0342592 9.7
vertex 223.20425085219094 -130.6075781 9.7
endloop
endfacet
facet normal 0 0 1
outer loop
vertex 215.7375133000001 -134.0342592 9.7
vertex 223.20425085219094 -130.6075781 9.7
vertex 213.4873697 -130.6075781 9.7
endloop
endfacet
facet normal 0 0 1
outer loop
vertex 215.7375133000001 -134.0342592 9.7
vertex 213.4873697 -130.6075781 9.7
vertex 212.24015977035856 -134.0342592 9.7
endloop
endfacet
facet normal 0 0 1
outer loop
vertex 223.20425085219094 -130.6075781 9.7
vertex 222.24898700000014 -130.0560560000001 9.7
vertex 222.0113829962184 -129.93911952727035 9.7
endloop
endfacet
facet normal 0 0 1
outer loop
vertex 223.20425085219094 -130.6075781 9.7
vertex 222.0113829962184 -129.93911952727035 9.7
vertex 221.78040269051402 -129.861333 9.7
endloop
endfacet
facet normal 0 0 1
outer loop
vertex 223.20425085219094 -130.6075781 9.7
vertex 221.78040269051402 -129.861333 9.7
vertex 220.71276350000008 -129.861333 9.7
endloop
endfacet
facet normal 0 0 1
outer loop
vertex 223.20425085219094 -130.6075781 9.7
vertex 220.71276350000008 -129.861333 9.7
vertex 211.43707814974522 -129.861333 9.7
endloop
endfacet
facet normal 0 0 1
outer loop
vertex 223.20425085219094 -130.6075781 9.7
vertex 211.43707814974522 -129.861333 9.7
vertex 213.4873697 -130.6075781 9.7
endloop
endfacet
facet normal 0 0 1
outer loop
vertex 221.78040269051402 -129.861333 9.7
vertex 221.76041633080843 -129.8546022551015 9.7
vertex 221.5004834159899 -129.80398292840164 9.7
endloop
endfacet
facet normal 0 0 1
outer loop
vertex 221.78040269051402 -129.861333 9.7
vertex 221.5004834159899 -129.80398292840164 9.7
vertex 221.23614135900235 -129.78814899807452 9.7
endloop
endfacet
facet normal 0 0 1
outer loop
vertex 221.78040269051402 -129.861333 9.7
vertex 221.23614135900235 -129.78814899807452 9.7
vertex 220.97202456754715 -129.80737806235592 9.7
endloop
endfacet
facet normal 0 0 1
outer loop
vertex 221.78040269051402 -129.861333 9.7
vertex 220.97202456754715 -129.80737806235592 9.7
vertex 220.71276350000008 -129.861333 9.7
endloop
endfacet
facet normal 0 0 1
outer loop
vertex 127.50000000000001 -131 9.7
vertex 127.84729635533384 -130.96961550602447 9.7
vertex 128.18404028665122 -130.87938524157184 9.7
endloop
endfacet
facet normal 0 0 1
outer loop
vertex 127.50000000000001 -131 9.7
vertex 128.18404028665122 -130.87938524157184 9.7
vertex 128.50000000000017 -130.73205080756884 9.7
endloop
endfacet
facet normal 0 0 1
outer loop
vertex 127.50000000000001 -131 9.7
vertex 128.50000000000017 -130.73205080756884 9.7
vertex 128.78557521937307 -130.53208888623794 9.7
endloop
endfacet
facet normal 0 0 1
outer loop
vertex 127.50000000000001 -131 9.7
vertex 128.78557521937307 -130.53208888623794 9.7
vertex 129.03208888623772 -130.2855752193731 9.7
endloop
endfacet
facet normal 0 0 1
outer loop
vertex 127.50000000000001 -131 9.7
vertex 129.03208888623772 -130.2855752193731 9.7
vertex 129.23205080756898 -130.00000000000003 9.7
endloop
endfacet
facet normal 0 0 1
outer loop
vertex 127.50000000000001 -131 9.7
vertex 129.23205080756898 -130.00000000000003 9.7
vertex 129.37938524157178 -129.6840402866514 9.7
endloop
endfacet
facet normal 0 0 1
outer loop
vertex 127.50000000000001 -131 9.7
vertex 129.37938524157178 -129.6840402866514 9.7
vertex 129.46961550602438 -129.34729635533384 9.7
endloop
endfacet
facet normal 0 0 1
outer loop
vertex 127.50000000000001 -131 9.7
vertex 129.46961550602438 -129.34729635533384 9.7
vertex 129.5 -129.00000000000006 9.7
endloop
endfacet
facet normal 0 0 1
outer loop
vertex 127.50000000000001 -131 9.7
vertex 129.5 -129.00000000000006 9.7
vertex 129.5 -127 9.7
endloop
endfacet
facet normal 0 0 1
outer loop
vertex 127.50000000000001 -131 9.7
vertex 129.5 -127 9.7
vertex 126 -127 9.7
endloop
endfacet
facet normal 0 0 1
outer loop
vertex 127.50000000000001 -131 9.7
vertex 126 -127 9.7
vertex 112 -127 9.7
endloop
endfacet
facet normal 0 0 1
outer loop
vertex 127.50000000000001 -131 9.7
vertex 112 -127 9.7
vertex 107 -127 9.7
endloop
endfacet
facet normal 0 0 1
outer loop
vertex 127.50000000000001 -131 9.7
vertex 107 -127 9.7
vertex 93 -127 9.7
endloop
endfacet
facet normal 0 0 1
outer loop
vertex 127.50000000000001 -131 9.7
vertex 93 -127 9.7
vertex 89.5 -127 9.7
endloop
endfacet
facet normal 0 0 1
outer loop
vertex 127.50000000000001 -131 9.7
vertex 89.5 -127 9.7
vertex 89.5 -129.00000000000006 9.7
endloop
endfacet
facet normal 0 0 1
outer loop
vertex 127.50000000000001 -131 9.7
vertex 89.5 -129.00000000000006 9.7
vertex 89.53038449397559 -129.34729635533384 9.7
endloop
endfacet
facet normal 0 0 1
outer loop
vertex 127.50000000000001 -131 9.7
vertex 89.53038449397559 -129.34729635533384 9.7
vertex 89.62061475842822 -129.6840402866514 9.7
endloop
endfacet
facet normal 0 0 1
outer loop
vertex 127.50000000000001 -131 9.7
vertex 89.62061475842822 -129.6840402866514 9.7
vertex 89.76794919243113 -130.00000000000003 9.7
endloop
endfacet
facet normal 0 0 1
outer loop
vertex 127.50000000000001 -131 9.7
vertex 89.76794919243113 -130.00000000000003 9.7
vertex 89.96791111376206 -130.2855752193731 9.7
endloop
endfacet
facet normal 0 0 1
outer loop
vertex 127.50000000000001 -131 9.7
vertex 89.96791111376206 -130.2855752193731 9.7
vertex 90.21442478062691 -130.53208888623794 9.7
endloop
endfacet
facet normal 0 0 1
outer loop
vertex 127.50000000000001 -131 9.7
vertex 90.21442478062691 -130.53208888623794 9.7
vertex 90.49999999999996 -130.73205080756884 9.7
endloop
endfacet
facet normal 0 0 1
outer loop
vertex 127.50000000000001 -131 9.7
vertex 90.49999999999996 -130.73205080756884 9.7
vertex 90.81595971334876 -130.87938524157184 9.7
endloop
endfacet
facet normal 0 0 1
outer loop
vertex 127.50000000000001 -131 9.7
vertex 90.81595971334876 -130.87938524157184 9.7
vertex 91.15270364466629 -130.96961550602447 9.7
endloop
endfacet
facet normal 0 0 1
outer loop
vertex 127.50000000000001 -131 9.7
vertex 91.15270364466629 -130.96961550602447 9.7
vertex 91.49999999999967 -131 9.7
endloop
endfacet
facet normal 0 0 1
outer loop
vertex 196.11686507928874 -137.39938590000003 9.7
vertex 200.33167309999996 -125.81929610000002 9.7
vertex 191.3682846876481 -125.81929610000002 9.7
endloop
endfacet
facet normal 0 0 1
outer loop
vertex 196.11686507928874 -137.39938590000003 9.7
vertex 191.3682846876481 -125.81929610000002 9.7
vertex 189.32640240000003 -137.39938590000003 9.7
endloop
endfacet
facet normal 0 0 1
outer loop
vertex 220.71276350000008 -129.861333 9.7
vertex 220.5753653000002 -129.29632910000083 9.7
vertex 220.5301229486691 -129.13872323962266 9.7
endloop
endfacet
facet normal 0 0 1
outer loop
vertex 220.71276350000008 -129.861333 9.7
vertex 220.5301229486691 -129.13872323962266 9.7
vertex 220.47211965493412 -128.98535293615615 9.7
endloop
endfacet
facet normal 0 0 1
outer loop
vertex 220.71276350000008 -129.861333 9.7
vertex 220.47211965493412 -128.98535293615615 9.7
vertex 220.40174764999983 -128.83724954999968 9.7
endloop
endfacet
facet normal 0 0 1
outer loop
vertex 220.71276350000008 -129.861333 9.7
vertex 220.40174764999983 -128.83724954999968 9.7
vertex 219.25665350000003 -126.66208010000005 9.7
endloop
endfacet
facet normal 0 0 1
outer loop
vertex 220.71276350000008 -129.861333 9.7
vertex 219.25665350000003 -126.66208010000005 9.7
vertex 219.10059459759748 -126.41221625642916 9.7
endloop
endfacet
facet normal 0 0 1
outer loop
vertex 220.71276350000008 -129.861333 9.7
vertex 219.10059459759748 -126.41221625642916 9.7
vertex 218.90952612431172 -126.18798738079151 9.7
endloop
endfacet
facet normal 0 0 1
outer loop
vertex 220.71276350000008 -129.861333 9.7
vertex 218.90952612431172 -126.18798738079151 9.7
vertex 218.68759183533857 -125.99425839088119 9.7
endloop
endfacet
facet normal 0 0 1
outer loop
vertex 220.71276350000008 -129.861333 9.7
vertex 218.68759183533857 -125.99425839088119 9.7
vertex 218.43960691411687 -125.83523251562764 9.7
endloop
endfacet
facet normal 0 0 1
outer loop
vertex 220.71276350000008 -129.861333 9.7
vertex 218.43960691411687 -125.83523251562764 9.7
vertex 218.4041861064611 -125.81929610000002 9.7
endloop
endfacet
facet normal 0 0 1
outer loop
vertex 220.71276350000008 -129.861333 9.7
vertex 218.4041861064611 -125.81929610000002 9.7
vertex 200.33167309999996 -125.81929610000002 9.7
endloop
endfacet
facet normal 0 0 1
outer loop
vertex 220.71276350000008 -129.861333 9.7
vertex 200.33167309999996 -125.81929610000002 9.7
vertex 211.43707814974522 -129.861333 9.7
endloop
endfacet
facet normal 0 0 1
outer loop
vertex 129.5 -127 9.7
vertex 129.5 -124.00000000000003 9.7
vertex 126 -124.00000000000003 9.7
endloop
endfacet
facet normal 0 0 1
outer loop
vertex 129.5 -127 9.7
vertex 126 -124.00000000000003 9.7
vertex 126 -127 9.7
endloop
endfacet
facet normal 0 0 1
outer loop
vertex 129.5 -124.00000000000003 9.7
vertex 129.5303844939756 -123.65270364466618 9.7
vertex 126 -123.65270364466618 9.7
endloop
endfacet
facet normal 0 0 1
outer loop
vertex 129.5 -124.00000000000003 9.7
vertex 126 -123.65270364466618 9.7
vertex 126 -124.00000000000003 9.7
endloop
endfacet
facet normal 0 0 1
outer loop
vertex 200.33167309999996 -125.81929610000002 9.7
vertex 218.4041861064611 -125.81929610000002 9.7
vertex 218.17095175000006 -125.71436005000001 9.7
endloop
endfacet
facet normal 0 0 1
outer loop
vertex 200.33167309999996 -125.81929610000002 9.7
vertex 218.17095175000006 -125.71436005000001 9.7
vertex 212.39497724569824 -123.6120774 9.7
endloop
endfacet
facet normal 0 0 1
outer loop
vertex 200.33167309999996 -125.81929610000002 9.7
vertex 212.39497724569824 -123.6120774 9.7
vertex 191.7574769 -123.6120774 9.7
endloop
endfacet
facet normal 0 0 1
outer loop
vertex 200.33167309999996 -125.81929610000002 9.7
vertex 191.7574769 -123.6120774 9.7
vertex 191.3682846876481 -125.81929610000002 9.7
endloop
endfacet
facet normal 0 0 1
outer loop
vertex 129.5303844939756 -123.65270364466618 9.7
vertex 129.62061475842825 -123.31595971334855 9.7
vertex 126 -123.31595971334855 9.7
endloop
endfacet
facet normal 0 0 1
outer loop
vertex 129.5303844939756 -123.65270364466618 9.7
vertex 126 -123.31595971334855 9.7
vertex 126 -123.65270364466618 9.7
endloop
endfacet
facet normal 0 0 1
outer loop
vertex 129.62061475842825 -123.31595971334855 9.7
vertex 129.76794919243108 -123.00000000000011 9.7
vertex 126 -123.00000000000011 9.7
endloop
endfacet
facet normal 0 0 1
outer loop
vertex 129.62061475842825 -123.31595971334855 9.7
vertex 126 -123.00000000000011 9.7
vertex 126 -123.31595971334855 9.7
endloop
endfacet
facet normal 0 0 1
outer loop
vertex 212.39497724569824 -123.6120774 9.7
vertex 210.36630049999988 -122.87369949999996 9.7
vertex 187.56992777434272 -122.87369949999996 9.7
endloop
endfacet
facet normal 0 0 1
outer loop
vertex 212.39497724569824 -123.6120774 9.7
vertex 187.56992777434272 -122.87369949999996 9.7
vertex 191.7574769 -123.6120774 9.7
endloop
endfacet
facet normal 0 0 1
outer loop
vertex 210.36630049999988 -122.87369949999996 9.7
vertex 210.08520825436483 -122.74603233477818 9.7
vertex 186.84589130724427 -122.74603233477818 9.7
endloop
endfacet
facet normal 0 0 1
outer loop
vertex 210.36630049999988 -122.87369949999996 9.7
vertex 186.84589130724427 -122.74603233477818 9.7
vertex 187.56992777434272 -122.87369949999996 9.7
endloop
endfacet
facet normal 0 0 1
outer loop
vertex 129.76794919243108 -123.00000000000011 9.7
vertex 129.967911113762 -122.71442478062698 9.7
vertex 126 -122.71442478062698 9.7
endloop
endfacet
facet normal 0 0 1
outer loop
vertex 129.76794919243108 -123.00000000000011 9.7
vertex 126 -122.71442478062698 9.7
vertex 126 -123.00000000000011 9.7
endloop
endfacet
facet normal 0 0 1
outer loop
vertex 210.08520825436483 -122.74603233477818 9.7
vertex 209.82710895727126 -122.57662382641868 9.7
vertex 185.8851279216396 -122.57662382641868 9.7
endloop
endfacet
facet normal 0 0 1
outer loop
vertex 210.08520825436483 -122.74603233477818 9.7
vertex 185.8851279216396 -122.57662382641868 9.7
vertex 186.84589130724427 -122.74603233477818 9.7
endloop
endfacet
facet normal 0 0 1
outer loop
vertex 129.967911113762 -122.71442478062698 9.7
vertex 130.21442478062693 -122.46791111376203 9.7
vertex 126 -122.46791111376203 9.7
endloop
endfacet
facet normal 0 0 1
outer loop
vertex 129.967911113762 -122.71442478062698 9.7
vertex 126 -122.46791111376203 9.7
vertex 126 -122.71442478062698 9.7
endloop
endfacet
facet normal 0 0 1
outer loop
vertex 209.82710895727126 -122.57662382641868 9.7
vertex 209.59815750942897 -122.36951099630997 9.7
vertex 184.71053270334542 -122.36951099630997 9.7
endloop
endfacet
facet normal 0 0 1
outer loop
vertex 209.82710895727126 -122.57662382641868 9.7
vertex 184.71053270334542 -122.36951099630997 9.7
vertex 185.8851279216396 -122.57662382641868 9.7
endloop
endfacet
facet normal 0 0 1
outer loop
vertex 130.21442478062693 -122.46791111376203 9.7
vertex 130.49999999999991 -122.26794919243116 9.7
vertex 126 -122.26794919243116 9.7
endloop
endfacet
facet normal 0 0 1
outer loop
vertex 130.21442478062693 -122.46791111376203 9.7
vertex 126 -122.26794919243116 9.7
vertex 126 -122.46791111376203 9.7
endloop
endfacet
facet normal 0 0 1
outer loop
vertex 209.59815750942897 -122.36951099630997 9.7
vertex 209.40380950845184 -122.12962905788888 9.7
vertex 183.35009463837062 -122.12962905788888 9.7
endloop
endfacet
facet normal 0 0 1
outer loop
vertex 209.59815750942897 -122.36951099630997 9.7
vertex 183.35009463837062 -122.12962905788888 9.7
vertex 184.71053270334542 -122.36951099630997 9.7
endloop
endfacet
facet normal 0 0 1
outer loop
vertex 130.49999999999991 -122.26794919243116 9.7
vertex 130.81595971334872 -122.12061475842816 9.7
vertex 126 -122.12061475842816 9.7
endloop
endfacet
facet normal 0 0 1
outer loop
vertex 130.49999999999991 -122.26794919243116 9.7
vertex 126 -122.12061475842816 9.7
vertex 126 -122.26794919243116 9.7
endloop
endfacet
facet normal 0 0 1
outer loop
vertex 130.81595971334872 -122.12061475842816 9.7
vertex 131.1527036446662 -122.03038449397556 9.7
vertex 126 -122.03038449397556 9.7
endloop
endfacet
facet normal 0 0 1
outer loop
vertex 130.81595971334872 -122.12061475842816 9.7
vertex 126 -122.03038449397556 9.7
vertex 126 -122.12061475842816 9.7
endloop
endfacet
facet normal 0 0 1
outer loop
vertex 131.1527036446662 -122.03038449397556 9.7
vertex 131.49999999999957 -122 9.7
vertex 126 -122 9.7
endloop
endfacet
facet normal 0 0 1
outer loop
vertex 131.1527036446662 -122.03038449397556 9.7
vertex 126 -122 9.7
vertex 126 -122.03038449397556 9.7
endloop
endfacet
facet normal 0 0 1
outer loop
vertex 209.40380950845184 -122.12962905788888 9.7
vertex 209.2486959994816 -121.86269406730177 9.7
vertex 181.83623109175 -121.86269406730177 9.7
endloop
endfacet
facet normal 0 0 1
outer loop
vertex 209.40380950845184 -122.12962905788888 9.7
vertex 181.83623109175 -121.86269406730177 9.7
vertex 183.35009463837062 -122.12962905788888 9.7
endloop
endfacet
facet normal 0 0 1
outer loop
vertex 209.2486959994816 -121.86269406730177 9.7
vertex 209.13651312376348 -121.57506671766318 9.7
vertex 180.20501534640584 -121.57506671766318 9.7
endloop
endfacet
facet normal 0 0 1
outer loop
vertex 209.2486959994816 -121.86269406730177 9.7
vertex 180.20501534640584 -121.57506671766318 9.7
vertex 181.83623109175 -121.86269406730177 9.7
endloop
endfacet
facet normal 0 0 1
outer loop
vertex 209.13651312376348 -121.57506671766318 9.7
vertex 209.06993404468977 -121.2736007724978 9.7
vertex 178.49531702649048 -121.2736007724978 9.7
endloop
endfacet
facet normal 0 0 1
outer loop
vertex 209.13651312376348 -121.57506671766318 9.7
vertex 178.49531702649048 -121.2736007724978 9.7
vertex 180.20501534640584 -121.57506671766318 9.7
endloop
endfacet
facet normal 0 0 1
outer loop
vertex 175.53909389999995 -134.96831140000003 9.7
vertex 177.97016839999998 -121.18100289999998 9.7
vertex 174.4161752102536 -121.18100289999998 9.7
endloop
endfacet
facet normal 0 0 1
outer loop
vertex 175.53909389999995 -134.96831140000003 9.7
vertex 174.4161752102536 -121.18100289999998 9.7
vertex 171.98510064671717 -134.96831140000003 9.7
endloop
endfacet
facet normal 0 0 1
outer loop
vertex 209.06993404468977 -121.2736007724978 9.7
vertex 209.06410723961164 -121.18100289999998 9.7
vertex 177.97016839999998 -121.18100289999998 9.7
endloop
endfacet
facet normal 0 0 1
outer loop
vertex 209.06993404468977 -121.2736007724978 9.7
vertex 177.97016839999998 -121.18100289999998 9.7
vertex 178.49531702649048 -121.2736007724978 9.7
endloop
endfacet
facet normal 0 0 1
outer loop
vertex 177.97016839999998 -121.18100289999998 9.7
vertex 209.06410723961164 -121.18100289999998 9.7
vertex 209.05054525 -120.96547974999993 9.7
endloop
endfacet
facet normal 0 0 1
outer loop
vertex 177.97016839999998 -121.18100289999998 9.7
vertex 209.05054525 -120.96547974999993 9.7
vertex 174.45417775787328 -120.96547974999993 9.7
endloop
endfacet
facet normal 0 0 1
outer loop
vertex 177.97016839999998 -121.18100289999998 9.7
vertex 174.45417775787328 -120.96547974999993 9.7
vertex 174.4161752102536 -121.18100289999998 9.7
endloop
endfacet
facet normal 0 0 1
outer loop
vertex 209.05054525 -120.96547974999993 9.7
vertex 209.0547337898121 -120.675 9.7
vertex 174.5053971769098 -120.675 9.7
endloop
endfacet
facet normal 0 0 1
outer loop
vertex 209.05054525 -120.96547974999993 9.7
vertex 174.5053971769098 -120.675 9.7
vertex 174.45417775787328 -120.96547974999993 9.7
endloop
endfacet
facet normal 0 0 1
outer loop
vertex 131.49999999999957 -122 9.7
vertex 137.5000000000002 -122 9.7
vertex 137.84729635533375 -121.96961550602444 9.7
endloop
endfacet
facet normal 0 0 1
outer loop
vertex 131.49999999999957 -122 9.7
vertex 137.84729635533375 -121.96961550602444 9.7
vertex 138.18404028665145 -121.87938524157178 9.7
endloop
endfacet
facet normal 0 0 1
outer loop
vertex 131.49999999999957 -122 9.7
vertex 138.18404028665145 -121.87938524157178 9.7
vertex 138.49999999999994 -121.73205080756894 9.7
endloop
endfacet
facet normal 0 0 1
outer loop
vertex 131.49999999999957 -122 9.7
vertex 138.49999999999994 -121.73205080756894 9.7
vertex 138.78557521937307 -121.53208888623797 9.7
endloop
endfacet
facet normal 0 0 1
outer loop
vertex 131.49999999999957 -122 9.7
vertex 138.78557521937307 -121.53208888623797 9.7
vertex 139.0320888862379 -121.28557521937314 9.7
endloop
endfacet
facet normal 0 0 1
outer loop
vertex 131.49999999999957 -122 9.7
vertex 139.0320888862379 -121.28557521937314 9.7
vertex 139.23205080756887 -121 9.7
endloop
endfacet
facet normal 0 0 1
outer loop
vertex 131.49999999999957 -122 9.7
vertex 139.23205080756887 -121 9.7
vertex 139.3793852415718 -120.68404028665132 9.7
endloop
endfacet
facet normal 0 0 1
outer loop
vertex 131.49999999999957 -122 9.7
vertex 139.3793852415718 -120.68404028665132 9.7
vertex 139.46961550602438 -120.34729635533395 9.7
endloop
endfacet
facet normal 0 0 1
outer loop
vertex 131.49999999999957 -122 9.7
vertex 139.46961550602438 -120.34729635533395 9.7
vertex 139.5 -119.99999999999987 9.7
endloop
endfacet
facet normal 0 0 1
outer loop
vertex 131.49999999999957 -122 9.7
vertex 139.5 -119.99999999999987 9.7
vertex 139.5 -118.75000000000006 9.7
endloop
endfacet
facet normal 0 0 1
outer loop
vertex 131.49999999999957 -122 9.7
vertex 139.5 -118.75000000000006 9.7
vertex 126 -118.75000000000006 9.7
endloop
endfacet
facet normal 0 0 1
outer loop
vertex 131.49999999999957 -122 9.7
vertex 126 -118.75000000000006 9.7
vertex 126 -122 9.7
endloop
endfacet
facet normal 0 0 1
outer loop
vertex 209.0547337898121 -120.675 9.7
vertex 233.02499999999992 -120.675 9.7
vertex 233.37229635533393 -120.6446155060244 9.7
endloop
endfacet
facet normal 0 0 1
outer loop
vertex 209.0547337898121 -120.675 9.7
vertex 233.37229635533393 -120.6446155060244 9.7
vertex 233.70904028665154 -120.55438524157175 9.7
endloop
endfacet
facet normal 0 0 1
outer loop
vertex 209.0547337898121 -120.675 9.7
vertex 233.70904028665154 -120.55438524157175 9.7
vertex 234.0249999999999 -120.40705080756896 9.7
endloop
endfacet
facet normal 0 0 1
outer loop
vertex 209.0547337898121 -120.675 9.7
vertex 234.0249999999999 -120.40705080756896 9.7
vertex 234.3105752193732 -120.20708888623788 9.7
endloop
endfacet
facet normal 0 0 1
outer loop
vertex 209.0547337898121 -120.675 9.7
vertex 234.3105752193732 -120.20708888623788 9.7
vertex 234.55708888623778 -119.96057521937328 9.7
endloop
endfacet
facet normal 0 0 1
outer loop
vertex 209.0547337898121 -120.675 9.7
vertex 234.55708888623778 -119.96057521937328 9.7
vertex 234.75705080756873 -119.67500000000018 9.7
endloop
endfacet
facet normal 0 0 1
outer loop
vertex 209.0547337898121 -120.675 9.7
vertex 234.75705080756873 -119.67500000000018 9.7
vertex 234.90438524157184 -119.35904028665115 9.7
endloop
endfacet
facet normal 0 0 1
outer loop
vertex 209.0547337898121 -120.675 9.7
vertex 234.90438524157184 -119.35904028665115 9.7
vertex 234.99461550602442 -119.02229635533374 9.7
endloop
endfacet
facet normal 0 0 1
outer loop
vertex 209.0547337898121 -120.675 9.7
vertex 234.99461550602442 -119.02229635533374 9.7
vertex 235.025 -118.67499999999988 9.7
endloop
endfacet
facet normal 0 0 1
outer loop
vertex 209.0547337898121 -120.675 9.7
vertex 235.025 -118.67499999999988 9.7
vertex 235.025 -118.65 9.7
endloop
endfacet
facet normal 0 0 1
outer loop
vertex 209.0547337898121 -120.675 9.7
vertex 235.025 -118.65 9.7
vertex 181.70000000000002 -118.65 9.7
endloop
endfacet
facet normal 0 0 1
outer loop
vertex 209.0547337898121 -120.675 9.7
vertex 181.70000000000002 -118.65 9.7
vertex 174.8624593251283 -118.65 9.7
endloop
endfacet
facet normal 0 0 1
outer loop
vertex 209.0547337898121 -120.675 9.7
vertex 174.8624593251283 -118.65 9.7
vertex 174.5053971769098 -120.675 9.7
endloop
endfacet
facet normal 0 0 1
outer loop
vertex 181.70000000000002 -118.65 9.7
vertex 181.4073645169758 -118.62117792060485 9.7
vertex 174.86754143554063 -118.62117792060485 9.7
endloop
endfacet
facet normal 0 0 1
outer loop
vertex 181.70000000000002 -118.65 9.7
vertex 174.86754143554063 -118.62117792060485 9.7
vertex 174.8624593251283 -118.65 9.7
endloop
endfacet
facet normal 0 0 1
outer loop
vertex 235.025 -118.65 9.7
vertex 235.025 -118.62117792060485 9.7
vertex 181.99263548302423 -118.62117792060485 9.7
endloop
endfacet
facet normal 0 0 1
outer loop
vertex 235.025 -118.65 9.7
vertex 181.99263548302423 -118.62117792060485 9.7
vertex 181.70000000000002 -118.65 9.7
endloop
endfacet
facet normal 0 0 1
outer loop
vertex 181.4073645169758 -118.62117792060485 9.7
vertex 181.12597485145227 -118.53581929876691 9.7
vertex 174.88259246412454 -118.53581929876691 9.7
endloop
endfacet
facet normal 0 0 1
outer loop
vertex 181.4073645169758 -118.62117792060485 9.7
vertex 174.88259246412454 -118.53581929876691 9.7
vertex 174.86754143554063 -118.62117792060485 9.7
endloop
endfacet
facet normal 0 0 1
outer loop
vertex 235.025 -118.62117792060485 9.7
vertex 235.025 -118.53581929876691 9.7
vertex 182.27402514854768 -118.53581929876691 9.7
endloop
endfacet
facet normal 0 0 1
outer loop
vertex 235.025 -118.62117792060485 9.7
vertex 182.27402514854768 -118.53581929876691 9.7
vertex 181.99263548302423 -118.62117792060485 9.7
endloop
endfacet
facet normal 0 0 1
outer loop
vertex 139.5 -118.75000000000006 9.7
vertex 139.5303844939756 -118.40270364466605 9.7
vertex 126 -118.40270364466605 9.7
endloop
endfacet
facet normal 0 0 1
outer loop
vertex 139.5 -118.75000000000006 9.7
vertex 126 -118.40270364466605 9.7
vertex 126 -118.75000000000006 9.7
endloop
endfacet
facet normal 0 0 1
outer loop
vertex 181.12597485145227 -118.53581929876691 9.7
vertex 180.8666446504707 -118.39720441845391 9.7
vertex 174.90703400829227 -118.39720441845391 9.7
endloop
endfacet
facet normal 0 0 1
outer loop
vertex 181.12597485145227 -118.53581929876691 9.7
vertex 174.90703400829227 -118.39720441845391 9.7
vertex 174.88259246412454 -118.53581929876691 9.7
endloop
endfacet
facet normal 0 0 1
outer loop
vertex 235.025 -118.53581929876691 9.7
vertex 235.025 -118.39720441845391 9.7
vertex 182.53335534952924 -118.39720441845391 9.7
endloop
endfacet
facet normal 0 0 1
outer loop
vertex 235.025 -118.53581929876691 9.7
vertex 182.53335534952924 -118.39720441845391 9.7
vertex 182.27402514854768 -118.53581929876691 9.7
endloop
endfacet
facet normal 0 0 1
outer loop
vertex 180.8666446504707 -118.39720441845391 9.7
vertex 180.63933982822016 -118.21066017177981 9.7
vertex 174.93992679320846 -118.21066017177981 9.7
endloop
endfacet
facet normal 0 0 1
outer loop
vertex 180.8666446504707 -118.39720441845391 9.7
vertex 174.93992679320846 -118.21066017177981 9.7
vertex 174.90703400829227 -118.39720441845391 9.7
endloop
endfacet
facet normal 0 0 1
outer loop
vertex 235.025 -118.39720441845391 9.7
vertex 235.025 -118.21066017177981 9.7
vertex 182.76066017177988 -118.21066017177981 9.7
endloop
endfacet
facet normal 0 0 1
outer loop
vertex 235.025 -118.39720441845391 9.7
vertex 182.76066017177988 -118.21066017177981 9.7
vertex 182.53335534952924 -118.39720441845391 9.7
endloop
endfacet
facet normal 0 0 1
outer loop
vertex 139.5303844939756 -118.40270364466605 9.7
vertex 139.62061475842813 -118.06595971334875 9.7
vertex 126 -118.06595971334875 9.7
endloop
endfacet
facet normal 0 0 1
outer loop
vertex 139.5303844939756 -118.40270364466605 9.7
vertex 126 -118.06595971334875 9.7
vertex 126 -118.40270364466605 9.7
endloop
endfacet
facet normal 0 0 1
outer loop
vertex 180.63933982822016 -118.21066017177981 9.7
vertex 180.45279558154618 -117.9833553495294 9.7
vertex 174.9800067675952 -117.9833553495294 9.7
endloop
endfacet
facet normal 0 0 1
outer loop
vertex 180.63933982822016 -118.21066017177981 9.7
vertex 174.9800067675952 -117.9833553495294 9.7
vertex 174.93992679320846 -118.21066017177981 9.7
endloop
endfacet
facet normal 0 0 1
outer loop
vertex 235.025 -118.21066017177981 9.7
vertex 235.025 -117.9833553495294 9.7
vertex 182.9472044184538 -117.9833553495294 9.7
endloop
endfacet
facet normal 0 0 1
outer loop
vertex 235.025 -118.21066017177981 9.7
vertex 182.9472044184538 -117.9833553495294 9.7
vertex 182.76066017177988 -118.21066017177981 9.7
endloop
endfacet
facet normal 0 0 1
outer loop
vertex 139.62061475842813 -118.06595971334875 9.7
vertex 139.76794919243108 -117.75000000000011 9.7
vertex 126 -117.75000000000011 9.7
endloop
endfacet
facet normal 0 0 1
outer loop
vertex 139.62061475842813 -118.06595971334875 9.7
vertex 126 -117.75000000000011 9.7
vertex 126 -118.06595971334875 9.7
endloop
endfacet
facet normal 0 0 1
outer loop
vertex 180.45279558154618 -117.9833553495294 9.7
vertex 180.31418070123294 -117.72402514854744 9.7
vertex 175.02573368051398 -117.72402514854744 9.7
endloop
endfacet
facet normal 0 0 1
outer loop
vertex 180.45279558154618 -117.9833553495294 9.7
vertex 175.02573368051398 -117.72402514854744 9.7
vertex 174.9800067675952 -117.9833553495294 9.7
endloop
endfacet
facet normal 0 0 1
outer loop
vertex 235.025 -117.9833553495294 9.7
vertex 235.025 -117.72402514854744 9.7
vertex 183.08581929876703 -117.72402514854744 9.7
endloop
endfacet
facet normal 0 0 1
outer loop
vertex 235.025 -117.9833553495294 9.7
vertex 183.08581929876703 -117.72402514854744 9.7
vertex 182.9472044184538 -117.9833553495294 9.7
endloop
endfacet
facet normal 0 0 1
outer loop
vertex 139.76794919243108 -117.75000000000011 9.7
vertex 139.96791111376214 -117.46442478062684 9.7
vertex 126 -117.46442478062684 9.7
endloop
endfacet
facet normal 0 0 1
outer loop
vertex 139.76794919243108 -117.75000000000011 9.7
vertex 126 -117.46442478062684 9.7
vertex 126 -117.75000000000011 9.7
endloop
endfacet
facet normal 0 0 1
outer loop
vertex 180.31418070123294 -117.72402514854744 9.7
vertex 180.2288220793952 -117.44263548302453 9.7
vertex 175.07535027234516 -117.44263548302453 9.7
endloop
endfacet
facet normal 0 0 1
outer loop
vertex 180.31418070123294 -117.72402514854744 9.7
vertex 175.07535027234516 -117.44263548302453 9.7
vertex 175.02573368051398 -117.72402514854744 9.7
endloop
endfacet
facet normal 0 0 1
outer loop
vertex 235.025 -117.72402514854744 9.7
vertex 235.025 -117.44263548302453 9.7
vertex 183.17117792060483 -117.44263548302453 9.7
endloop
endfacet
facet normal 0 0 1
outer loop
vertex 235.025 -117.72402514854744 9.7
vertex 183.17117792060483 -117.44263548302453 9.7
vertex 183.08581929876703 -117.72402514854744 9.7
endloop
endfacet
facet normal 0 0 1
outer loop
vertex 139.96791111376214 -117.46442478062684 9.7
vertex 140.21442478062698 -117.21791111376199 9.7
vertex 126 -117.21791111376199 9.7
endloop
endfacet
facet normal 0 0 1
outer loop
vertex 139.96791111376214 -117.46442478062684 9.7
vertex 126 -117.21791111376199 9.7
vertex 126 -117.46442478062684 9.7
endloop
endfacet
facet normal 0 0 1
outer loop
vertex 180.2288220793952 -117.44263548302453 9.7
vertex 180.2 -117.14999999999995 9.7
vertex 175.1269498052902 -117.14999999999995 9.7
endloop
endfacet
facet normal 0 0 1
outer loop
vertex 180.2288220793952 -117.44263548302453 9.7
vertex 175.1269498052902 -117.14999999999995 9.7
vertex 175.07535027234516 -117.44263548302453 9.7
endloop
endfacet
facet normal 0 0 1
outer loop
vertex 235.025 -117.44263548302453 9.7
vertex 235.025 -117.14999999999995 9.7
vertex 183.2 -117.14999999999995 9.7
endloop
endfacet
facet normal 0 0 1
outer loop
vertex 235.025 -117.44263548302453 9.7
vertex 183.2 -117.14999999999995 9.7
vertex 183.17117792060483 -117.44263548302453 9.7
endloop
endfacet
facet normal 0 0 1
outer loop
vertex 140.21442478062698 -117.21791111376199 9.7
vertex 140.49999999999997 -117.01794919243112 9.7
vertex 126 -117.01794919243112 9.7
endloop
endfacet
facet normal 0 0 1
outer loop
vertex 140.21442478062698 -117.21791111376199 9.7
vertex 126 -117.01794919243112 9.7
vertex 126 -117.21791111376199 9.7
endloop
endfacet
facet normal 0 0 1
outer loop
vertex 140.49999999999997 -117.01794919243112 9.7
vertex 140.8159597133487 -116.87061475842816 9.7
vertex 126 -116.87061475842816 9.7
endloop
endfacet
facet normal 0 0 1
outer loop
vertex 140.49999999999997 -117.01794919243112 9.7
vertex 126 -116.87061475842816 9.7
vertex 126 -117.01794919243112 9.7
endloop
endfacet
facet normal 0 0 1
outer loop
vertex 180.2 -117.14999999999995 9.7
vertex 180.22882207939512 -116.85736451697595 9.7
vertex 175.17854933823514 -116.85736451697595 9.7
endloop
endfacet
facet normal 0 0 1
outer loop
vertex 180.2 -117.14999999999995 9.7
vertex 175.17854933823514 -116.85736451697595 9.7
vertex 175.1269498052902 -117.14999999999995 9.7
endloop
endfacet
facet normal 0 0 1
outer loop
vertex 235.025 -117.14999999999995 9.7
vertex 235.025 -116.85736451697595 9.7
vertex 183.17117792060483 -116.85736451697595 9.7
endloop
endfacet
facet normal 0 0 1
outer loop
vertex 235.025 -117.14999999999995 9.7
vertex 183.17117792060483 -116.85736451697595 9.7
vertex 183.2 -117.14999999999995 9.7
endloop
endfacet
facet normal 0 0 1
outer loop
vertex 140.8159597133487 -116.87061475842816 9.7
vertex 141.15270364466602 -116.7803844939756 9.7
vertex 126 -116.7803844939756 9.7
endloop
endfacet
facet normal 0 0 1
outer loop
vertex 140.8159597133487 -116.87061475842816 9.7
vertex 126 -116.7803844939756 9.7
vertex 126 -116.87061475842816 9.7
endloop
endfacet
facet normal 0 0 1
outer loop
vertex 141.15270364466602 -116.7803844939756 9.7
vertex 141.50000000000009 -116.75 9.7
vertex 126 -116.75 9.7
endloop
endfacet
facet normal 0 0 1
outer loop
vertex 141.15270364466602 -116.7803844939756 9.7
vertex 126 -116.75 9.7
vertex 126 -116.7803844939756 9.7
endloop
endfacet
facet normal 0 0 1
outer loop
vertex 180.22882207939512 -116.85736451697595 9.7
vertex 180.26139074955688 -116.75 9.7
vertex 175.1974806 -116.75 9.7
endloop
endfacet
facet normal 0 0 1
outer loop
vertex 180.22882207939512 -116.85736451697595 9.7
vertex 175.1974806 -116.75 9.7
vertex 175.17854933823514 -116.85736451697595 9.7
endloop
endfacet
facet normal 0 0 1
outer loop
vertex 175.1974806 -116.75 9.7
vertex 180.26139074955688 -116.75 9.7
vertex 180.3141807012331 -116.57597485145243 9.7
endloop
endfacet
facet normal 0 0 1
outer loop
vertex 175.1974806 -116.75 9.7
vertex 180.3141807012331 -116.57597485145243 9.7
vertex 166.70142076211053 -116.57597485145243 9.7
endloop
endfacet
facet normal 0 0 1
outer loop
vertex 175.1974806 -116.75 9.7
vertex 166.70142076211053 -116.57597485145243 9.7
vertex 166.81595971334863 -116.6293852415718 9.7
endloop
endfacet
facet normal 0 0 1
outer loop
vertex 175.1974806 -116.75 9.7
vertex 166.81595971334863 -116.6293852415718 9.7
vertex 167.15270364466616 -116.71961550602441 9.7
endloop
endfacet
facet normal 0 0 1
outer loop
vertex 175.1974806 -116.75 9.7
vertex 167.15270364466616 -116.71961550602441 9.7
vertex 167.49999999999997 -116.75 9.7
endloop
endfacet
facet normal 0 0 1
outer loop
vertex 235.025 -116.85736451697595 9.7
vertex 235.025 -116.57597485145243 9.7
vertex 183.08581929876692 -116.57597485145243 9.7
endloop
endfacet
facet normal 0 0 1
outer loop
vertex 235.025 -116.85736451697595 9.7
vertex 183.08581929876692 -116.57597485145243 9.7
vertex 183.17117792060483 -116.85736451697595 9.7
endloop
endfacet
facet normal 0 0 1
outer loop
vertex 180.3141807012331 -116.57597485145243 9.7
vertex 180.45279558154604 -116.31664465047054 9.7
vertex 166.26377552643714 -116.31664465047054 9.7
endloop
endfacet
facet normal 0 0 1
outer loop
vertex 180.3141807012331 -116.57597485145243 9.7
vertex 166.26377552643714 -116.31664465047054 9.7
vertex 166.50000000000006 -116.48205080756891 9.7
endloop
endfacet
facet normal 0 0 1
outer loop
vertex 180.3141807012331 -116.57597485145243 9.7
vertex 166.50000000000006 -116.48205080756891 9.7
vertex 166.70142076211053 -116.57597485145243 9.7
endloop
endfacet
facet normal 0 0 1
outer loop
vertex 235.025 -116.57597485145243 9.7
vertex 235.025 -116.31664465047054 9.7
vertex 182.94720441845377 -116.31664465047054 9.7
endloop
endfacet
facet normal 0 0 1
outer loop
vertex 235.025 -116.57597485145243 9.7
vertex 182.94720441845377 -116.31664465047054 9.7
vertex 183.08581929876692 -116.57597485145243 9.7
endloop
endfacet
facet normal 0 0 1
outer loop
vertex 180.45279558154604 -116.31664465047054 9.7
vertex 180.63933982822022 -116.08933982822025 9.7
vertex 166.02167572260925 -116.08933982822025 9.7
endloop
endfacet
facet normal 0 0 1
outer loop
vertex 180.45279558154604 -116.31664465047054 9.7
vertex 166.02167572260925 -116.08933982822025 9.7
vertex 166.2144247806269 -116.28208888623793 9.7
endloop
endfacet
facet normal 0 0 1
outer loop
vertex 180.45279558154604 -116.31664465047054 9.7
vertex 166.2144247806269 -116.28208888623793 9.7
vertex 166.26377552643714 -116.31664465047054 9.7
endloop
endfacet
facet normal 0 0 1
outer loop
vertex 235.025 -116.31664465047054 9.7
vertex 235.025 -116.08933982822025 9.7
vertex 182.7606601717799 -116.08933982822025 9.7
endloop
endfacet
facet normal 0 0 1
outer loop
vertex 235.025 -116.31664465047054 9.7
vertex 182.7606601717799 -116.08933982822025 9.7
vertex 182.94720441845377 -116.31664465047054 9.7
endloop
endfacet
facet normal 0 0 1
outer loop
vertex 180.63933982822022 -116.08933982822025 9.7
vertex 180.86664465047073 -115.90279558154617 9.7
vertex 165.87493781043491 -115.90279558154617 9.7
endloop
endfacet
facet normal 0 0 1
outer loop
vertex 180.63933982822022 -116.08933982822025 9.7
vertex 165.87493781043491 -115.90279558154617 9.7
vertex 165.96791111376206 -116.03557521937306 9.7
endloop
endfacet
facet normal 0 0 1
outer loop
vertex 180.63933982822022 -116.08933982822025 9.7
vertex 165.96791111376206 -116.03557521937306 9.7
vertex 166.02167572260925 -116.08933982822025 9.7
endloop
endfacet
facet normal 0 0 1
outer loop
vertex 235.025 -116.08933982822025 9.7
vertex 235.025 -115.90279558154617 9.7
vertex 182.5333553495294 -115.90279558154617 9.7
endloop
endfacet
facet normal 0 0 1
outer loop
vertex 235.025 -116.08933982822025 9.7
vertex 182.5333553495294 -115.90279558154617 9.7
vertex 182.7606601717799 -116.08933982822025 9.7
endloop
endfacet
facet normal 0 0 1
outer loop
vertex 180.86664465047073 -115.90279558154617 9.7
vertex 181.12597485145218 -115.76418070123309 9.7
vertex 165.77787862633164 -115.76418070123309 9.7
endloop
endfacet
facet normal 0 0 1
outer loop
vertex 180.86664465047073 -115.90279558154617 9.7
vertex 165.77787862633164 -115.76418070123309 9.7
vertex 165.87493781043491 -115.90279558154617 9.7
endloop
endfacet
facet normal 0 0 1
outer loop
vertex 235.025 -115.90279558154617 9.7
vertex 235.025 -115.76418070123309 9.7
vertex 182.27402514854768 -115.76418070123309 9.7
endloop
endfacet
facet normal 0 0 1
outer loop
vertex 235.025 -115.90279558154617 9.7
vertex 182.27402514854768 -115.76418070123309 9.7
vertex 182.5333553495294 -115.90279558154617 9.7
endloop
endfacet
facet normal 0 0 1
outer loop
vertex 181.12597485145218 -115.76418070123309 9.7
vertex 181.40736451697586 -115.67882207939515 9.7
vertex 165.7347583829615 -115.67882207939515 9.7
endloop
endfacet
facet normal 0 0 1
outer loop
vertex 181.12597485145218 -115.76418070123309 9.7
vertex 165.7347583829615 -115.67882207939515 9.7
vertex 165.76794919243108 -115.74999999999993 9.7
endloop
endfacet
facet normal 0 0 1
outer loop
vertex 181.12597485145218 -115.76418070123309 9.7
vertex 165.76794919243108 -115.74999999999993 9.7
vertex 165.77787862633164 -115.76418070123309 9.7
endloop
endfacet
facet normal 0 0 1
outer loop
vertex 235.025 -115.76418070123309 9.7
vertex 235.025 -115.67882207939515 9.7
vertex 181.99263548302415 -115.67882207939515 9.7
endloop
endfacet
facet normal 0 0 1
outer loop
vertex 235.025 -115.76418070123309 9.7
vertex 181.99263548302415 -115.67882207939515 9.7
vertex 182.27402514854768 -115.76418070123309 9.7
endloop
endfacet
facet normal 0 0 1
outer loop
vertex 181.40736451697586 -115.67882207939515 9.7
vertex 181.70000000000005 -115.65 9.7
vertex 165.7213184266156 -115.65 9.7
endloop
endfacet
facet normal 0 0 1
outer loop
vertex 181.40736451697586 -115.67882207939515 9.7
vertex 165.7213184266156 -115.65 9.7
vertex 165.7347583829615 -115.67882207939515 9.7
endloop
endfacet
facet normal 0 0 1
outer loop
vertex 235.025 -115.67882207939515 9.7
vertex 235.025 -115.65 9.7
vertex 181.70000000000005 -115.65 9.7
endloop
endfacet
facet normal 0 0 1
outer loop
vertex 235.025 -115.67882207939515 9.7
vertex 181.70000000000005 -115.65 9.7
vertex 181.99263548302415 -115.67882207939515 9.7
endloop
endfacet
facet normal 0 0 1
outer loop
vertex 181.70000000000005 -115.65 9.7
vertex 235.025 -115.65 9.7
vertex 235.025 -115.125 9.7
endloop
endfacet
facet normal 0 0 1
outer loop
vertex 181.70000000000005 -115.65 9.7
vertex 235.025 -115.125 9.7
vertex 202 -115.125 9.7
endloop
endfacet
facet normal 0 0 1
outer loop
vertex 181.70000000000005 -115.65 9.7
vertex 202 -115.125 9.7
vertex 188 -115.125 9.7
endloop
endfacet
facet normal 0 0 1
outer loop
vertex 181.70000000000005 -115.65 9.7
vertex 188 -115.125 9.7
vertex 165.53780766319133 -115.125 9.7
endloop
endfacet
facet normal 0 0 1
outer loop
vertex 181.70000000000005 -115.65 9.7
vertex 165.53780766319133 -115.125 9.7
vertex 165.62061475842822 -115.43404028665138 9.7
endloop
endfacet
facet normal 0 0 1
outer loop
vertex 181.70000000000005 -115.65 9.7
vertex 165.62061475842822 -115.43404028665138 9.7
vertex 165.7213184266156 -115.65 9.7
endloop
endfacet
facet normal 0 0 1
outer loop
vertex 141.50000000000009 -116.75 9.7
vertex 146.5000000000001 -116.75 9.7
vertex 146.84729635533378 -116.71961550602441 9.7
endloop
endfacet
facet normal 0 0 1
outer loop
vertex 141.50000000000009 -116.75 9.7
vertex 146.84729635533378 -116.71961550602441 9.7
vertex 147.18404028665128 -116.6293852415718 9.7
endloop
endfacet
facet normal 0 0 1
outer loop
vertex 141.50000000000009 -116.75 9.7
vertex 147.18404028665128 -116.6293852415718 9.7
vertex 147.50000000000009 -116.48205080756891 9.7
endloop
endfacet
facet normal 0 0 1
outer loop
vertex 141.50000000000009 -116.75 9.7
vertex 147.50000000000009 -116.48205080756891 9.7
vertex 147.78557521937296 -116.28208888623793 9.7
endloop
endfacet
facet normal 0 0 1
outer loop
vertex 141.50000000000009 -116.75 9.7
vertex 147.78557521937296 -116.28208888623793 9.7
vertex 148.03208888623797 -116.03557521937306 9.7
endloop
endfacet
facet normal 0 0 1
outer loop
vertex 141.50000000000009 -116.75 9.7
vertex 148.03208888623797 -116.03557521937306 9.7
vertex 148.2320508075689 -115.74999999999993 9.7
endloop
endfacet
facet normal 0 0 1
outer loop
vertex 141.50000000000009 -116.75 9.7
vertex 148.2320508075689 -115.74999999999993 9.7
vertex 148.37938524157178 -115.43404028665138 9.7
endloop
endfacet
facet normal 0 0 1
outer loop
vertex 141.50000000000009 -116.75 9.7
vertex 148.37938524157178 -115.43404028665138 9.7
vertex 148.4696155060244 -115.0972963553336 9.7
endloop
endfacet
facet normal 0 0 1
outer loop
vertex 141.50000000000009 -116.75 9.7
vertex 148.4696155060244 -115.0972963553336 9.7
vertex 148.5 -114.75000000000014 9.7
endloop
endfacet
facet normal 0 0 1
outer loop
vertex 141.50000000000009 -116.75 9.7
vertex 148.5 -114.75000000000014 9.7
vertex 148.5 -113.9999999999999 9.7
endloop
endfacet
facet normal 0 0 1
outer loop
vertex 141.50000000000009 -116.75 9.7
vertex 148.5 -113.9999999999999 9.7
vertex 126 -113.9999999999999 9.7
endloop
endfacet
facet normal 0 0 1
outer loop
vertex 141.50000000000009 -116.75 9.7
vertex 126 -113.9999999999999 9.7
vertex 126 -116.75 9.7
endloop
endfacet
facet normal 0 0 1
outer loop
vertex 188 -115.125 9.7
vertex 188 -113.9999999999999 9.7
vertex 165.5 -113.9999999999999 9.7
endloop
endfacet
facet normal 0 0 1
outer loop
vertex 188 -115.125 9.7
vertex 165.5 -113.9999999999999 9.7
vertex 165.5 -114.75000000000014 9.7
endloop
endfacet
facet normal 0 0 1
outer loop
vertex 188 -115.125 9.7
vertex 165.5 -114.75000000000014 9.7
vertex 165.53038449397556 -115.0972963553336 9.7
endloop
endfacet
facet normal 0 0 1
outer loop
vertex 188 -115.125 9.7
vertex 165.53038449397556 -115.0972963553336 9.7
vertex 165.53780766319133 -115.125 9.7
endloop
endfacet
facet normal 0 0 1
outer loop
vertex 148.5 -113.9999999999999 9.7
vertex 148.5303844939756 -113.65270364466603 9.7
vertex 126 -113.65270364466603 9.7
endloop
endfacet
facet normal 0 0 1
outer loop
vertex 148.5 -113.9999999999999 9.7
vertex 126 -113.65270364466603 9.7
vertex 126 -113.9999999999999 9.7
endloop
endfacet
facet normal 0 0 1
outer loop
vertex 188 -113.9999999999999 9.7
vertex 188 -113.65270364466603 9.7
vertex 165.4696155060244 -113.65270364466603 9.7
endloop
endfacet
facet normal 0 0 1
outer loop
vertex 188 -113.9999999999999 9.7
vertex 165.4696155060244 -113.65270364466603 9.7
vertex 165.5 -113.9999999999999 9.7
endloop
endfacet
facet normal 0 0 1
outer loop
vertex 148.5303844939756 -113.65270364466603 9.7
vertex 148.62061475842816 -113.31595971334872 9.7
vertex 126 -113.31595971334872 9.7
endloop
endfacet
facet normal 0 0 1
outer loop
vertex 148.5303844939756 -113.65270364466603 9.7
vertex 126 -113.31595971334872 9.7
vertex 126 -113.65270364466603 9.7
endloop
endfacet
facet normal 0 0 1
outer loop
vertex 188 -113.65270364466603 9.7
vertex 188 -113.31595971334872 9.7
vertex 165.37938524157184 -113.31595971334872 9.7
endloop
endfacet
facet normal 0 0 1
outer loop
vertex 188 -113.65270364466603 9.7
vertex 165.37938524157184 -113.31595971334872 9.7
vertex 165.4696155060244 -113.65270364466603 9.7
endloop
endfacet
facet normal 0 0 1
outer loop
vertex 93 -127 9.7
vertex 93 -113.00000000000009 9.7
vertex 89.5 -113.00000000000009 9.7
endloop
endfacet
facet normal 0 0 1
outer loop
vertex 93 -127 9.7
vertex 89.5 -113.00000000000009 9.7
vertex 89.5 -127 9.7
endloop
endfacet
facet normal 0 0 1
outer loop
vertex 112 -127 9.7
vertex 112 -113.00000000000009 9.7
vertex 107 -113.00000000000009 9.7
endloop
endfacet
facet normal 0 0 1
outer loop
vertex 112 -127 9.7
vertex 107 -113.00000000000009 9.7
vertex 107 -127 9.7
endloop
endfacet
facet normal 0 0 1
outer loop
vertex 148.62061475842816 -113.31595971334872 9.7
vertex 148.76794919243113 -113.00000000000009 9.7
vertex 126 -113.00000000000009 9.7
endloop
endfacet
facet normal 0 0 1
outer loop
vertex 148.62061475842816 -113.31595971334872 9.7
vertex 126 -113.00000000000009 9.7
vertex 126 -113.31595971334872 9.7
endloop
endfacet
facet normal 0 0 1
outer loop
vertex 188 -113.31595971334872 9.7
vertex 188 -113.00000000000009 9.7
vertex 165.23205080756892 -113.00000000000009 9.7
endloop
endfacet
facet normal 0 0 1
outer loop
vertex 188 -113.31595971334872 9.7
vertex 165.23205080756892 -113.00000000000009 9.7
vertex 165.37938524157184 -113.31595971334872 9.7
endloop
endfacet
facet normal 0 0 1
outer loop
vertex 93 -113.00000000000009 9.7
vertex 107 -113.00000000000009 9.7
vertex 112 -113.00000000000009 9.7
endloop
endfacet
facet normal 0 0 1
outer loop
vertex 93 -113.00000000000009 9.7
vertex 112 -113.00000000000009 9.7
vertex 126 -113.00000000000009 9.7
endloop
endfacet
facet normal 0 0 1
outer loop
vertex 93 -113.00000000000009 9.7
vertex 126 -113.00000000000009 9.7
vertex 148.76794919243113 -113.00000000000009 9.7
endloop
endfacet
facet normal 0 0 1
outer loop
vertex 93 -113.00000000000009 9.7
vertex 148.76794919243113 -113.00000000000009 9.7
vertex 148.94300107698356 -112.75 9.7
endloop
endfacet
facet normal 0 0 1
outer loop
vertex 93 -113.00000000000009 9.7
vertex 148.94300107698356 -112.75 9.7
vertex 145 -112.75 9.7
endloop
endfacet
facet normal 0 0 1
outer loop
vertex 93 -113.00000000000009 9.7
vertex 145 -112.75 9.7
vertex 131 -112.75 9.7
endloop
endfacet
facet normal 0 0 1
outer loop
vertex 93 -113.00000000000009 9.7
vertex 131 -112.75 9.7
vertex 89.5 -112.75 9.7
endloop
endfacet
facet normal 0 0 1
outer loop
vertex 93 -113.00000000000009 9.7
vertex 89.5 -112.75 9.7
vertex 89.5 -113.00000000000009 9.7
endloop
endfacet
facet normal 0 0 1
outer loop
vertex 188 -113.00000000000009 9.7
vertex 188 -112.75 9.7
vertex 183 -112.75 9.7
endloop
endfacet
facet normal 0 0 1
outer loop
vertex 188 -113.00000000000009 9.7
vertex 183 -112.75 9.7
vertex 169 -112.75 9.7
endloop
endfacet
facet normal 0 0 1
outer loop
vertex 188 -113.00000000000009 9.7
vertex 169 -112.75 9.7
vertex 165.0569989230164 -112.75 9.7
endloop
endfacet
facet normal 0 0 1
outer loop
vertex 188 -113.00000000000009 9.7
vertex 165.0569989230164 -112.75 9.7
vertex 165.23205080756892 -113.00000000000009 9.7
endloop
endfacet
facet normal 0 0 1
outer loop
vertex 148.94300107698356 -112.75 9.7
vertex 148.9679111137621 -112.71442478062687 9.7
vertex 145 -112.71442478062687 9.7
endloop
endfacet
facet normal 0 0 1
outer loop
vertex 148.94300107698356 -112.75 9.7
vertex 145 -112.71442478062687 9.7
vertex 145 -112.75 9.7
endloop
endfacet
facet normal 0 0 1
outer loop
vertex 169 -112.75 9.7
vertex 169 -112.71442478062687 9.7
vertex 165.0320888862379 -112.71442478062687 9.7
endloop
endfacet
facet normal 0 0 1
outer loop
vertex 169 -112.75 9.7
vertex 165.0320888862379 -112.71442478062687 9.7
vertex 165.0569989230164 -112.75 9.7
endloop
endfacet
facet normal 0 0 1
outer loop
vertex 148.9679111137621 -112.71442478062687 9.7
vertex 149.214424780627 -112.46791111376207 9.7
vertex 145 -112.46791111376207 9.7
endloop
endfacet
facet normal 0 0 1
outer loop
vertex 148.9679111137621 -112.71442478062687 9.7
vertex 145 -112.46791111376207 9.7
vertex 145 -112.71442478062687 9.7
endloop
endfacet
facet normal 0 0 1
outer loop
vertex 169 -112.71442478062687 9.7
vertex 169 -112.46791111376207 9.7
vertex 164.7855752193731 -112.46791111376207 9.7
endloop
endfacet
facet normal 0 0 1
outer loop
vertex 169 -112.71442478062687 9.7
vertex 164.7855752193731 -112.46791111376207 9.7
vertex 165.0320888862379 -112.71442478062687 9.7
endloop
endfacet
facet normal 0 0 1
outer loop
vertex 149.214424780627 -112.46791111376207 9.7
vertex 149.50000000000014 -112.26794919243106 9.7
vertex 145 -112.26794919243106 9.7
endloop
endfacet
facet normal 0 0 1
outer loop
vertex 149.214424780627 -112.46791111376207 9.7
vertex 145 -112.26794919243106 9.7
vertex 145 -112.46791111376207 9.7
endloop
endfacet
facet normal 0 0 1
outer loop
vertex 169 -112.46791111376207 9.7
vertex 169 -112.26794919243106 9.7
vertex 164.49999999999991 -112.26794919243106 9.7
endloop
endfacet
facet normal 0 0 1
outer loop
vertex 169 -112.46791111376207 9.7
vertex 164.49999999999991 -112.26794919243106 9.7
vertex 164.7855752193731 -112.46791111376207 9.7
endloop
endfacet
facet normal 0 0 1
outer loop
vertex 149.50000000000014 -112.26794919243106 9.7
vertex 149.8159597133483 -112.12061475842822 9.7
vertex 145 -112.12061475842822 9.7
endloop
endfacet
facet normal 0 0 1
outer loop
vertex 149.50000000000014 -112.26794919243106 9.7
vertex 145 -112.12061475842822 9.7
vertex 145 -112.26794919243106 9.7
endloop
endfacet
facet normal 0 0 1
outer loop
vertex 169 -112.26794919243106 9.7
vertex 169 -112.12061475842822 9.7
vertex 164.18404028665142 -112.12061475842822 9.7
endloop
endfacet
facet normal 0 0 1
outer loop
vertex 169 -112.26794919243106 9.7
vertex 164.18404028665142 -112.12061475842822 9.7
vertex 164.49999999999991 -112.26794919243106 9.7
endloop
endfacet
facet normal 0 0 1
outer loop
vertex 149.8159597133483 -112.12061475842822 9.7
vertex 150.1527036446662 -112.0303844939756 9.7
vertex 145 -112.0303844939756 9.7
endloop
endfacet
facet normal 0 0 1
outer loop
vertex 149.8159597133483 -112.12061475842822 9.7
vertex 145 -112.0303844939756 9.7
vertex 145 -112.12061475842822 9.7
endloop
endfacet
facet normal 0 0 1
outer loop
vertex 169 -112.12061475842822 9.7
vertex 169 -112.0303844939756 9.7
vertex 163.8472963553339 -112.0303844939756 9.7
endloop
endfacet
facet normal 0 0 1
outer loop
vertex 169 -112.12061475842822 9.7
vertex 163.8472963553339 -112.0303844939756 9.7
vertex 164.18404028665142 -112.12061475842822 9.7
endloop
endfacet
facet normal 0 0 1
outer loop
vertex 131 -112.75 9.7
vertex 131 -112 9.7
vertex 128.50000000000009 -112 9.7
endloop
endfacet
facet normal 0 0 1
outer loop
vertex 131 -112.75 9.7
vertex 128.50000000000009 -112 9.7
vertex 89.5 -112 9.7
endloop
endfacet
facet normal 0 0 1
outer loop
vertex 131 -112.75 9.7
vertex 89.5 -112 9.7
vertex 89.5 -112.75 9.7
endloop
endfacet
facet normal 0 0 1
outer loop
vertex 150.1527036446662 -112.0303844939756 9.7
vertex 150.50000000000017 -112 9.7
vertex 145 -112 9.7
endloop
endfacet
facet normal 0 0 1
outer loop
vertex 150.1527036446662 -112.0303844939756 9.7
vertex 145 -112 9.7
vertex 145 -112.0303844939756 9.7
endloop
endfacet
facet normal 0 0 1
outer loop
vertex 169 -112.0303844939756 9.7
vertex 169 -112 9.7
vertex 163.4999999999999 -112 9.7
endloop
endfacet
facet normal 0 0 1
outer loop
vertex 169 -112.0303844939756 9.7
vertex 163.4999999999999 -112 9.7
vertex 163.8472963553339 -112.0303844939756 9.7
endloop
endfacet
facet normal 0 0 1
outer loop
vertex 128.50000000000009 -112 9.7
vertex 128.20736451697576 -111.97117792060483 9.7
vertex 89.5 -111.97117792060483 9.7
endloop
endfacet
facet normal 0 0 1
outer loop
vertex 128.50000000000009 -112 9.7
vertex 89.5 -111.97117792060483 9.7
vertex 89.5 -112 9.7
endloop
endfacet
facet normal 0 0 1
outer loop
vertex 131 -112 9.7
vertex 131 -111.97117792060483 9.7
vertex 128.7926354830244 -111.97117792060483 9.7
endloop
endfacet
facet normal 0 0 1
outer loop
vertex 131 -112 9.7
vertex 128.7926354830244 -111.97117792060483 9.7
vertex 128.50000000000009 -112 9.7
endloop
endfacet
facet normal 0 0 1
outer loop
vertex 128.20736451697576 -111.97117792060483 9.7
vertex 127.92597485145228 -111.8858192987669 9.7
vertex 89.5 -111.8858192987669 9.7
endloop
endfacet
facet normal 0 0 1
outer loop
vertex 128.20736451697576 -111.97117792060483 9.7
vertex 89.5 -111.8858192987669 9.7
vertex 89.5 -111.97117792060483 9.7
endloop
endfacet
facet normal 0 0 1
outer loop
vertex 131 -111.97117792060483 9.7
vertex 131 -111.8858192987669 9.7
vertex 129.07402514854766 -111.8858192987669 9.7
endloop
endfacet
facet normal 0 0 1
outer loop
vertex 131 -111.97117792060483 9.7
vertex 129.07402514854766 -111.8858192987669 9.7
vertex 128.7926354830244 -111.97117792060483 9.7
endloop
endfacet
facet normal 0 0 1
outer loop
vertex 127.92597485145228 -111.8858192987669 9.7
vertex 127.66664465047063 -111.74720441845385 9.7
vertex 89.5 -111.74720441845385 9.7
endloop
endfacet
facet normal 0 0 1
outer loop
vertex 127.92597485145228 -111.8858192987669 9.7
vertex 89.5 -111.74720441845385 9.7
vertex 89.5 -111.8858192987669 9.7
endloop
endfacet
facet normal 0 0 1
outer loop
vertex 131 -111.8858192987669 9.7
vertex 131 -111.74720441845385 9.7
vertex 129.33335534952934 -111.74720441845385 9.7
endloop
endfacet
facet normal 0 0 1
outer loop
vertex 131 -111.8858192987669 9.7
vertex 129.33335534952934 -111.74720441845385 9.7
vertex 129.07402514854766 -111.8858192987669 9.7
endloop
endfacet
facet normal 0 0 1
outer loop
vertex 127.66664465047063 -111.74720441845385 9.7
vertex 127.43933982822024 -111.56066017177977 9.7
vertex 89.5 -111.56066017177977 9.7
endloop
endfacet
facet normal 0 0 1
outer loop
vertex 127.66664465047063 -111.74720441845385 9.7
vertex 89.5 -111.56066017177977 9.7
vertex 89.5 -111.74720441845385 9.7
endloop
endfacet
facet normal 0 0 1
outer loop
vertex 131 -111.74720441845385 9.7
vertex 131 -111.56066017177977 9.7
vertex 129.56066017177986 -111.56066017177977 9.7
endloop
endfacet
facet normal 0 0 1
outer loop
vertex 131 -111.74720441845385 9.7
vertex 129.56066017177986 -111.56066017177977 9.7
vertex 129.33335534952934 -111.74720441845385 9.7
endloop
endfacet
facet normal 0 0 1
outer loop
vertex 127.43933982822024 -111.56066017177977 9.7
vertex 127.25279558154617 -111.33335534952933 9.7
vertex 89.5 -111.33335534952933 9.7
endloop
endfacet
facet normal 0 0 1
outer loop
vertex 127.43933982822024 -111.56066017177977 9.7
vertex 89.5 -111.33335534952933 9.7
vertex 89.5 -111.56066017177977 9.7
endloop
endfacet
facet normal 0 0 1
outer loop
vertex 131 -111.56066017177977 9.7
vertex 131 -111.33335534952933 9.7
vertex 129.74720441845386 -111.33335534952933 9.7
endloop
endfacet
facet normal 0 0 1
outer loop
vertex 131 -111.56066017177977 9.7
vertex 129.74720441845386 -111.33335534952933 9.7
vertex 129.56066017177986 -111.56066017177977 9.7
endloop
endfacet
facet normal 0 0 1
outer loop
vertex 127.25279558154617 -111.33335534952933 9.7
vertex 127.11418070123307 -111.07402514854756 9.7
vertex 89.5 -111.07402514854756 9.7
endloop
endfacet
facet normal 0 0 1
outer loop
vertex 127.25279558154617 -111.33335534952933 9.7
vertex 89.5 -111.07402514854756 9.7
vertex 89.5 -111.33335534952933 9.7
endloop
endfacet
facet normal 0 0 1
outer loop
vertex 131 -111.33335534952933 9.7
vertex 131 -111.07402514854756 9.7
vertex 129.88581929876696 -111.07402514854756 9.7
endloop
endfacet
facet normal 0 0 1
outer loop
vertex 131 -111.33335534952933 9.7
vertex 129.88581929876696 -111.07402514854756 9.7
vertex 129.74720441845386 -111.33335534952933 9.7
endloop
endfacet
facet normal 0 0 1
outer loop
vertex 127.11418070123307 -111.07402514854756 9.7
vertex 127.02882207939516 -110.79263548302418 9.7
vertex 89.5 -110.79263548302418 9.7
endloop
endfacet
facet normal 0 0 1
outer loop
vertex 127.11418070123307 -111.07402514854756 9.7
vertex 89.5 -110.79263548302418 9.7
vertex 89.5 -111.07402514854756 9.7
endloop
endfacet
facet normal 0 0 1
outer loop
vertex 131 -111.07402514854756 9.7
vertex 131 -110.79263548302418 9.7
vertex 129.97117792060484 -110.79263548302418 9.7
endloop
endfacet
facet normal 0 0 1
outer loop
vertex 131 -111.07402514854756 9.7
vertex 129.97117792060484 -110.79263548302418 9.7
vertex 129.88581929876696 -111.07402514854756 9.7
endloop
endfacet
facet normal 0 0 1
outer loop
vertex 127.02882207939516 -110.79263548302418 9.7
vertex 127.00000000000001 -110.50000000000006 9.7
vertex 89.5 -110.50000000000006 9.7
endloop
endfacet
facet normal 0 0 1
outer loop
vertex 127.02882207939516 -110.79263548302418 9.7
vertex 89.5 -110.50000000000006 9.7
vertex 89.5 -110.79263548302418 9.7
endloop
endfacet
facet normal 0 0 1
outer loop
vertex 131 -110.79263548302418 9.7
vertex 131 -110.50000000000006 9.7
vertex 130 -110.50000000000006 9.7
endloop
endfacet
facet normal 0 0 1
outer loop
vertex 131 -110.79263548302418 9.7
vertex 130 -110.50000000000006 9.7
vertex 129.97117792060484 -110.79263548302418 9.7
endloop
endfacet
facet normal 0 0 1
outer loop
vertex 127.00000000000001 -110.50000000000006 9.7
vertex 127.0288220793952 -110.20736451697574 9.7
vertex 89.5 -110.20736451697574 9.7
endloop
endfacet
facet normal 0 0 1
outer loop
vertex 127.00000000000001 -110.50000000000006 9.7
vertex 89.5 -110.20736451697574 9.7
vertex 89.5 -110.50000000000006 9.7
endloop
endfacet
facet normal 0 0 1
outer loop
vertex 131 -110.50000000000006 9.7
vertex 131 -110.20736451697574 9.7
vertex 129.97117792060484 -110.20736451697574 9.7
endloop
endfacet
facet normal 0 0 1
outer loop
vertex 131 -110.50000000000006 9.7
vertex 129.97117792060484 -110.20736451697574 9.7
vertex 130 -110.50000000000006 9.7
endloop
endfacet
facet normal 0 0 1
outer loop
vertex 127.0288220793952 -110.20736451697574 9.7
vertex 127.11418070123314 -109.92597485145242 9.7
vertex 89.5 -109.92597485145242 9.7
endloop
endfacet
facet normal 0 0 1
outer loop
vertex 127.0288220793952 -110.20736451697574 9.7
vertex 89.5 -109.92597485145242 9.7
vertex 89.5 -110.20736451697574 9.7
endloop
endfacet
facet normal 0 0 1
outer loop
vertex 131 -110.20736451697574 9.7
vertex 131 -109.92597485145242 9.7
vertex 129.88581929876696 -109.92597485145242 9.7
endloop
endfacet
facet normal 0 0 1
outer loop
vertex 131 -110.20736451697574 9.7
vertex 129.88581929876696 -109.92597485145242 9.7
vertex 129.97117792060484 -110.20736451697574 9.7
endloop
endfacet
facet normal 0 0 1
outer loop
vertex 127.11418070123314 -109.92597485145242 9.7
vertex 127.25279558154618 -109.66664465047057 9.7
vertex 89.5 -109.66664465047057 9.7
endloop
endfacet
facet normal 0 0 1
outer loop
vertex 127.11418070123314 -109.92597485145242 9.7
vertex 89.5 -109.66664465047057 9.7
vertex 89.5 -109.92597485145242 9.7
endloop
endfacet
facet normal 0 0 1
outer loop
vertex 131 -109.92597485145242 9.7
vertex 131 -109.66664465047057 9.7
vertex 129.74720441845378 -109.66664465047057 9.7
endloop
endfacet
facet normal 0 0 1
outer loop
vertex 131 -109.92597485145242 9.7
vertex 129.74720441845378 -109.66664465047057 9.7
vertex 129.88581929876696 -109.92597485145242 9.7
endloop
endfacet
facet normal 0 0 1
outer loop
vertex 127.25279558154618 -109.66664465047057 9.7
vertex 127.43933982822024 -109.43933982822024 9.7
vertex 89.5 -109.43933982822024 9.7
endloop
endfacet
facet normal 0 0 1
outer loop
vertex 127.25279558154618 -109.66664465047057 9.7
vertex 89.5 -109.43933982822024 9.7
vertex 89.5 -109.66664465047057 9.7
endloop
endfacet
facet normal 0 0 1
outer loop
vertex 131 -109.66664465047057 9.7
vertex 131 -109.43933982822024 9.7
vertex 129.5606601717799 -109.43933982822024 9.7
endloop
endfacet
facet normal 0 0 1
outer loop
vertex 131 -109.66664465047057 9.7
vertex 129.5606601717799 -109.43933982822024 9.7
vertex 129.74720441845378 -109.66664465047057 9.7
endloop
endfacet
facet normal 0 0 1
outer loop
vertex 127.43933982822024 -109.43933982822024 9.7
vertex 127.66664465047066 -109.25279558154617 9.7
vertex 89.5 -109.25279558154617 9.7
endloop
endfacet
facet normal 0 0 1
outer loop
vertex 127.43933982822024 -109.43933982822024 9.7
vertex 89.5 -109.25279558154617 9.7
vertex 89.5 -109.43933982822024 9.7
endloop
endfacet
facet normal 0 0 1
outer loop
vertex 131 -109.43933982822024 9.7
vertex 131 -109.25279558154617 9.7
vertex 129.33335534952937 -109.25279558154617 9.7
endloop
endfacet
facet normal 0 0 1
outer loop
vertex 131 -109.43933982822024 9.7
vertex 129.33335534952937 -109.25279558154617 9.7
vertex 129.5606601717799 -109.43933982822024 9.7
endloop
endfacet
facet normal 0 0 1
outer loop
vertex 127.66664465047066 -109.25279558154617 9.7
vertex 127.92597485145232 -109.11418070123307 9.7
vertex 89.5 -109.11418070123307 9.7
endloop
endfacet
facet normal 0 0 1
outer loop
vertex 127.66664465047066 -109.25279558154617 9.7
vertex 89.5 -109.11418070123307 9.7
vertex 89.5 -109.25279558154617 9.7
endloop
endfacet
facet normal 0 0 1
outer loop
vertex 131 -109.25279558154617 9.7
vertex 131 -109.11418070123307 9.7
vertex 129.07402514854763 -109.11418070123307 9.7
endloop
endfacet
facet normal 0 0 1
outer loop
vertex 131 -109.25279558154617 9.7
vertex 129.07402514854763 -109.11418070123307 9.7
vertex 129.33335534952937 -109.25279558154617 9.7
endloop
endfacet
facet normal 0 0 1
outer loop
vertex 127.92597485145232 -109.11418070123307 9.7
vertex 128.20736451697582 -109.02882207939516 9.7
vertex 89.5 -109.02882207939516 9.7
endloop
endfacet
facet normal 0 0 1
outer loop
vertex 127.92597485145232 -109.11418070123307 9.7
vertex 89.5 -109.02882207939516 9.7
vertex 89.5 -109.11418070123307 9.7
endloop
endfacet
facet normal 0 0 1
outer loop
vertex 131 -109.11418070123307 9.7
vertex 131 -109.02882207939516 9.7
vertex 128.79263548302418 -109.02882207939516 9.7
endloop
endfacet
facet normal 0 0 1
outer loop
vertex 131 -109.11418070123307 9.7
vertex 128.79263548302418 -109.02882207939516 9.7
vertex 129.07402514854763 -109.11418070123307 9.7
endloop
endfacet
facet normal 0 0 1
outer loop
vertex 128.20736451697582 -109.02882207939516 9.7
vertex 128.50000000000009 -109 9.7
vertex 89.5 -109 9.7
endloop
endfacet
facet normal 0 0 1
outer loop
vertex 128.20736451697582 -109.02882207939516 9.7
vertex 89.5 -109 9.7
vertex 89.5 -109.02882207939516 9.7
endloop
endfacet
facet normal 0 0 1
outer loop
vertex 131 -109.02882207939516 9.7
vertex 131 -109 9.7
vertex 128.50000000000009 -109 9.7
endloop
endfacet
facet normal 0 0 1
outer loop
vertex 131 -109.02882207939516 9.7
vertex 128.50000000000009 -109 9.7
vertex 128.79263548302418 -109.02882207939516 9.7
endloop
endfacet
facet normal 0 0 1
outer loop
vertex 128.50000000000009 -109 9.7
vertex 131 -109 9.7
vertex 131 -108 9.7
endloop
endfacet
facet normal 0 0 1
outer loop
vertex 128.50000000000009 -109 9.7
vertex 131 -108 9.7
vertex 126 -108 9.7
endloop
endfacet
facet normal 0 0 1
outer loop
vertex 128.50000000000009 -109 9.7
vertex 126 -108 9.7
vertex 112 -108 9.7
endloop
endfacet
facet normal 0 0 1
outer loop
vertex 128.50000000000009 -109 9.7
vertex 112 -108 9.7
vertex 107 -108 9.7
endloop
endfacet
facet normal 0 0 1
outer loop
vertex 128.50000000000009 -109 9.7
vertex 107 -108 9.7
vertex 93 -108 9.7
endloop
endfacet
facet normal 0 0 1
outer loop
vertex 128.50000000000009 -109 9.7
vertex 93 -108 9.7
vertex 89.5 -108 9.7
endloop
endfacet
facet normal 0 0 1
outer loop
vertex 128.50000000000009 -109 9.7
vertex 89.5 -108 9.7
vertex 89.5 -109 9.7
endloop
endfacet
facet normal 0 0 1
outer loop
vertex 150.50000000000017 -112 9.7
vertex 163.4999999999999 -112 9.7
vertex 169 -112 9.7
endloop
endfacet
facet normal 0 0 1
outer loop
vertex 150.50000000000017 -112 9.7
vertex 169 -112 9.7
vertex 169 -108 9.7
endloop
endfacet
facet normal 0 0 1
outer loop
vertex 150.50000000000017 -112 9.7
vertex 169 -108 9.7
vertex 164 -108 9.7
endloop
endfacet
facet normal 0 0 1
outer loop
vertex 150.50000000000017 -112 9.7
vertex 164 -108 9.7
vertex 150 -108 9.7
endloop
endfacet
facet normal 0 0 1
outer loop
vertex 150.50000000000017 -112 9.7
vertex 150 -108 9.7
vertex 145 -108 9.7
endloop
endfacet
facet normal 0 0 1
outer loop
vertex 150.50000000000017 -112 9.7
vertex 145 -108 9.7
vertex 145 -112 9.7
endloop
endfacet
facet normal 0 0 1
outer loop
vertex 188 -112.75 9.7
vertex 188 -101.125 9.7
vertex 183 -101.125 9.7
endloop
endfacet
facet normal 0 0 1
outer loop
vertex 188 -112.75 9.7
vertex 183 -101.125 9.7
vertex 183 -112.75 9.7
endloop
endfacet
facet normal 0 0 1
outer loop
vertex 235.025 -115.125 9.7
vertex 235.025 -101.125 9.7
vertex 202 -101.125 9.7
endloop
endfacet
facet normal 0 0 1
outer loop
vertex 235.025 -115.125 9.7
vertex 202 -101.125 9.7
vertex 202 -115.125 9.7
endloop
endfacet
facet normal 0 0 1
outer loop
vertex 131 -108 9.7
vertex 131 -98.75 9.7
vertex 126 -98.75 9.7
endloop
endfacet
facet normal 0 0 1
outer loop
vertex 131 -108 9.7
vertex 126 -98.75 9.7
vertex 126 -108 9.7
endloop
endfacet
facet normal 0 0 1
outer loop
vertex 150 -108 9.7
vertex 150 -98.75 9.7
vertex 145 -98.75 9.7
endloop
endfacet
facet normal 0 0 1
outer loop
vertex 150 -108 9.7
vertex 145 -98.75 9.7
vertex 145 -108 9.7
endloop
endfacet
facet normal 0 0 1
outer loop
vertex 169 -108 9.7
vertex 169 -98.75 9.7
vertex 164 -98.75 9.7
endloop
endfacet
facet normal 0 0 1
outer loop
vertex 169 -108 9.7
vertex 164 -98.75 9.7
vertex 164 -108 9.7
endloop
endfacet
facet normal 0 0 1
outer loop
vertex 188 -101.125 9.7
vertex 202 -101.125 9.7
vertex 235.025 -101.125 9.7
endloop
endfacet
facet normal 0 0 1
outer loop
vertex 188 -101.125 9.7
vertex 235.025 -101.125 9.7
vertex 235.025 -98.75 9.7
endloop
endfacet
facet normal 0 0 1
outer loop
vertex 188 -101.125 9.7
vertex 235.025 -98.75 9.7
vertex 183 -98.75 9.7
endloop
endfacet
facet normal 0 0 1
outer loop
vertex 188 -101.125 9.7
vertex 183 -98.75 9.7
vertex 183 -101.125 9.7
endloop
endfacet
facet normal 0 0 1
outer loop
vertex 169 -98.75 9.7
vertex 183 -98.75 9.7
vertex 235.025 -98.75 9.7
endloop
endfacet
facet normal 0 0 1
outer loop
vertex 169 -98.75 9.7
vertex 235.025 -98.75 9.7
vertex 235.025 -96.125 9.7
endloop
endfacet
facet normal 0 0 1
outer loop
vertex 169 -98.75 9.7
vertex 235.025 -96.125 9.7
vertex 202 -96.125 9.7
endloop
endfacet
facet normal 0 0 1
outer loop
vertex 169 -98.75 9.7
vertex 202 -96.125 9.7
vertex 188 -96.125 9.7
endloop
endfacet
facet normal 0 0 1
outer loop
vertex 169 -98.75 9.7
vertex 188 -96.125 9.7
vertex 164 -96.125 9.7
endloop
endfacet
facet normal 0 0 1
outer loop
vertex 169 -98.75 9.7
vertex 164 -96.125 9.7
vertex 164 -98.75 9.7
endloop
endfacet
facet normal 0 0 1
outer loop
vertex 235.025 -96.125 9.7
vertex 235.025 -94.70000000000026 9.7
vertex 230.95000000001792 -94.70000000000026 9.7
endloop
endfacet
facet normal 0 0 1
outer loop
vertex 235.025 -96.125 9.7
vertex 230.95000000001792 -94.70000000000026 9.7
vertex 202 -94.70000000000026 9.7
endloop
endfacet
facet normal 0 0 1
outer loop
vertex 235.025 -96.125 9.7
vertex 202 -94.70000000000026 9.7
vertex 202 -96.125 9.7
endloop
endfacet
facet normal 0 0 1
outer loop
vertex 230.95000000001792 -94.70000000000026 9.7
vertex 230.65736451696517 -94.67117792060229 9.7
vertex 202 -94.67117792060229 9.7
endloop
endfacet
facet normal 0 0 1
outer loop
vertex 230.95000000001792 -94.70000000000026 9.7
vertex 202 -94.67117792060229 9.7
vertex 202 -94.70000000000026 9.7
endloop
endfacet
facet normal 0 0 1
outer loop
vertex 235.025 -94.70000000000026 9.7
vertex 235.025 -94.67117792060229 9.7
vertex 231.24263548307073 -94.67117792060229 9.7
endloop
endfacet
facet normal 0 0 1
outer loop
vertex 235.025 -94.70000000000026 9.7
vertex 231.24263548307073 -94.67117792060229 9.7
vertex 230.95000000001792 -94.70000000000026 9.7
endloop
endfacet
facet normal 0 0 1
outer loop
vertex 230.65736451696517 -94.67117792060229 9.7
vertex 230.37597485145818 -94.58581929876937 9.7
vertex 202 -94.58581929876937 9.7
endloop
endfacet
facet normal 0 0 1
outer loop
vertex 230.65736451696517 -94.67117792060229 9.7
vertex 202 -94.58581929876937 9.7
vertex 202 -94.67117792060229 9.7
endloop
endfacet
facet normal 0 0 1
outer loop
vertex 235.025 -94.67117792060229 9.7
vertex 235.025 -94.58581929876937 9.7
vertex 231.52402514852358 -94.58581929876937 9.7
endloop
endfacet
facet normal 0 0 1
outer loop
vertex 235.025 -94.67117792060229 9.7
vertex 231.52402514852358 -94.58581929876937 9.7
vertex 231.24263548307073 -94.67117792060229 9.7
endloop
endfacet
facet normal 0 0 1
outer loop
vertex 230.37597485145818 -94.58581929876937 9.7
vertex 230.11664465047866 -94.44720441845746 9.7
vertex 202 -94.44720441845746 9.7
endloop
endfacet
facet normal 0 0 1
outer loop
vertex 230.37597485145818 -94.58581929876937 9.7
vertex 202 -94.44720441845746 9.7
vertex 202 -94.58581929876937 9.7
endloop
endfacet
facet normal 0 0 1
outer loop
vertex 235.025 -94.58581929876937 9.7
vertex 235.025 -94.44720441845746 9.7
vertex 231.7833553495382 -94.44720441845746 9.7
endloop
endfacet
facet normal 0 0 1
outer loop
vertex 235.025 -94.58581929876937 9.7
vertex 231.7833553495382 -94.44720441845746 9.7
vertex 231.52402514852358 -94.58581929876937 9.7
endloop
endfacet
facet normal 0 0 1
outer loop
vertex 230.11664465047866 -94.44720441845746 9.7
vertex 229.88933982822815 -94.26066017178339 9.7
vertex 202 -94.26066017178339 9.7
endloop
endfacet
facet normal 0 0 1
outer loop
vertex 230.11664465047866 -94.44720441845746 9.7
vertex 202 -94.26066017178339 9.7
vertex 202 -94.44720441845746 9.7
endloop
endfacet
facet normal 0 0 1
outer loop
vertex 235.025 -94.44720441845746 9.7
vertex 235.025 -94.26066017178339 9.7
vertex 232.0106601717642 -94.26066017178339 9.7
endloop
endfacet
facet normal 0 0 1
outer loop
vertex 235.025 -94.44720441845746 9.7
vertex 232.0106601717642 -94.26066017178339 9.7
vertex 231.7833553495382 -94.44720441845746 9.7
endloop
endfacet
facet normal 0 0 1
outer loop
vertex 229.88933982822815 -94.26066017178339 9.7
vertex 229.70279558155553 -94.03335534953466 9.7
vertex 202 -94.03335534953466 9.7
endloop
endfacet
facet normal 0 0 1
outer loop
vertex 229.88933982822815 -94.26066017178339 9.7
vertex 202 -94.03335534953466 9.7
vertex 202 -94.26066017178339 9.7
endloop
endfacet
facet normal 0 0 1
outer loop
vertex 235.025 -94.26066017178339 9.7
vertex 235.025 -94.03335534953466 9.7
vertex 232.19720441845345 -94.03335534953466 9.7
endloop
endfacet
facet normal 0 0 1
outer loop
vertex 235.025 -94.26066017178339 9.7
vertex 232.19720441845345 -94.03335534953466 9.7
vertex 232.0106601717642 -94.26066017178339 9.7
endloop
endfacet
facet normal 0 0 1
outer loop
vertex 93 -108 9.7
vertex 93 -94 9.7
vertex 89.5 -94 9.7
endloop
endfacet
facet normal 0 0 1
outer loop
vertex 93 -108 9.7
vertex 89.5 -94 9.7
vertex 89.5 -108 9.7
endloop
endfacet
facet normal 0 0 1
outer loop
vertex 112 -108 9.7
vertex 112 -94 9.7
vertex 107 -94 9.7
endloop
endfacet
facet normal 0 0 1
outer loop
vertex 112 -108 9.7
vertex 107 -94 9.7
vertex 107 -108 9.7
endloop
endfacet
facet normal 0 0 1
outer loop
vertex 131 -98.75 9.7
vertex 145 -98.75 9.7
vertex 150 -98.75 9.7
endloop
endfacet
facet normal 0 0 1
outer loop
vertex 131 -98.75 9.7
vertex 150 -98.75 9.7
vertex 150 -94 9.7
endloop
endfacet
facet normal 0 0 1
outer loop
vertex 131 -98.75 9.7
vertex 150 -94 9.7
vertex 126 -94 9.7
endloop
endfacet
facet normal 0 0 1
outer loop
vertex 131 -98.75 9.7
vertex 126 -94 9.7
vertex 126 -98.75 9.7
endloop
endfacet
facet normal 0 0 1
outer loop
vertex 188 -96.125 9.7
vertex 188 -94 9.7
vertex 164 -94 9.7
endloop
endfacet
facet normal 0 0 1
outer loop
vertex 188 -96.125 9.7
vertex 164 -94 9.7
vertex 164 -96.125 9.7
endloop
endfacet
facet normal 0 0 1
outer loop
vertex 229.70279558155553 -94.03335534953466 9.7
vertex 229.56418070122024 -93.77402514851146 9.7
vertex 202 -93.77402514851146 9.7
endloop
endfacet
facet normal 0 0 1
outer loop
vertex 229.70279558155553 -94.03335534953466 9.7
vertex 202 -93.77402514851146 9.7
vertex 202 -94.03335534953466 9.7
endloop
endfacet
facet normal 0 0 1
outer loop
vertex 235.025 -94.03335534953466 9.7
vertex 235.025 -93.77402514851146 9.7
vertex 232.33581929878795 -93.77402514851146 9.7
endloop
endfacet
facet normal 0 0 1
outer loop
vertex 235.025 -94.03335534953466 9.7
vertex 232.33581929878795 -93.77402514851146 9.7
vertex 232.19720441845345 -94.03335534953466 9.7
endloop
endfacet
facet normal 0 0 1
outer loop
vertex 93 -94 9.7
vertex 107 -94 9.7
vertex 112 -94 9.7
endloop
endfacet
facet normal 0 0 1
outer loop
vertex 93 -94 9.7
vertex 112 -94 9.7
vertex 126 -94 9.7
endloop
endfacet
facet normal 0 0 1
outer loop
vertex 93 -94 9.7
vertex 126 -94 9.7
vertex 150 -94 9.7
endloop
endfacet
facet normal 0 0 1
outer loop
vertex 93 -94 9.7
vertex 150 -94 9.7
vertex 164 -94 9.7
endloop
endfacet
facet normal 0 0 1
outer loop
vertex 93 -94 9.7
vertex 164 -94 9.7
vertex 188 -94 9.7
endloop
endfacet
facet normal 0 0 1
outer loop
vertex 93 -94 9.7
vertex 188 -94 9.7
vertex 188 -93.75 9.7
endloop
endfacet
facet normal 0 0 1
outer loop
vertex 93 -94 9.7
vertex 188 -93.75 9.7
vertex 183 -93.75 9.7
endloop
endfacet
facet normal 0 0 1
outer loop
vertex 93 -94 9.7
vertex 183 -93.75 9.7
vertex 169 -93.75 9.7
endloop
endfacet
facet normal 0 0 1
outer loop
vertex 93 -94 9.7
vertex 169 -93.75 9.7
vertex 145 -93.75 9.7
endloop
endfacet
facet normal 0 0 1
outer loop
vertex 93 -94 9.7
vertex 145 -93.75 9.7
vertex 131 -93.75 9.7
endloop
endfacet
facet normal 0 0 1
outer loop
vertex 93 -94 9.7
vertex 131 -93.75 9.7
vertex 89.5 -93.75 9.7
endloop
endfacet
facet normal 0 0 1
outer loop
vertex 93 -94 9.7
vertex 89.5 -93.75 9.7
vertex 89.5 -94 9.7
endloop
endfacet
facet normal 0 0 1
outer loop
vertex 229.56418070122024 -93.77402514851146 9.7
vertex 229.47882207939804 -93.49263548303978 9.7
vertex 202 -93.49263548303978 9.7
endloop
endfacet
facet normal 0 0 1
outer loop
vertex 229.56418070122024 -93.77402514851146 9.7
vertex 202 -93.49263548303978 9.7
vertex 202 -93.77402514851146 9.7
endloop
endfacet
facet normal 0 0 1
outer loop
vertex 235.025 -93.77402514851146 9.7
vertex 235.025 -93.49263548303978 9.7
vertex 232.42117792060372 -93.49263548303978 9.7
endloop
endfacet
facet normal 0 0 1
outer loop
vertex 235.025 -93.77402514851146 9.7
vertex 232.42117792060372 -93.49263548303978 9.7
vertex 232.33581929878795 -93.77402514851146 9.7
endloop
endfacet
facet normal 0 0 1
outer loop
vertex 229.47882207939804 -93.49263548303978 9.7
vertex 229.45000000000033 -93.19999999998893 9.7
vertex 202 -93.19999999998893 9.7
endloop
endfacet
facet normal 0 0 1
outer loop
vertex 229.47882207939804 -93.49263548303978 9.7
vertex 202 -93.19999999998893 9.7
vertex 202 -93.49263548303978 9.7
endloop
endfacet
facet normal 0 0 1
outer loop
vertex 235.025 -93.49263548303978 9.7
vertex 235.025 -93.19999999998893 9.7
vertex 232.45000000000047 -93.19999999998893 9.7
endloop
endfacet
facet normal 0 0 1
outer loop
vertex 235.025 -93.49263548303978 9.7
vertex 232.45000000000047 -93.19999999998893 9.7
vertex 232.42117792060372 -93.49263548303978 9.7
endloop
endfacet
facet normal 0 0 1
outer loop
vertex 229.45000000000033 -93.19999999998893 9.7
vertex 229.47882207939398 -92.90736451699254 9.7
vertex 202 -92.90736451699254 9.7
endloop
endfacet
facet normal 0 0 1
outer loop
vertex 229.45000000000033 -93.19999999998893 9.7
vertex 202 -92.90736451699254 9.7
vertex 202 -93.19999999998893 9.7
endloop
endfacet
facet normal 0 0 1
outer loop
vertex 235.025 -93.19999999998893 9.7
vertex 235.025 -92.90736451699254 9.7
vertex 232.42117792060802 -92.90736451699254 9.7
endloop
endfacet
facet normal 0 0 1
outer loop
vertex 235.025 -93.19999999998893 9.7
vertex 232.42117792060802 -92.90736451699254 9.7
vertex 232.45000000000047 -93.19999999998893 9.7
endloop
endfacet
facet normal 0 0 1
outer loop
vertex 229.47882207939398 -92.90736451699254 9.7
vertex 229.56418070123362 -92.62597485144656 9.7
vertex 202 -92.62597485144656 9.7
endloop
endfacet
facet normal 0 0 1
outer loop
vertex 229.47882207939398 -92.90736451699254 9.7
vertex 202 -92.62597485144656 9.7
vertex 202 -92.90736451699254 9.7
endloop
endfacet
facet normal 0 0 1
outer loop
vertex 235.025 -92.90736451699254 9.7
vertex 235.025 -92.62597485144656 9.7
vertex 232.33581929876325 -92.62597485144656 9.7
endloop
endfacet
facet normal 0 0 1
outer loop
vertex 235.025 -92.90736451699254 9.7
vertex 232.33581929876325 -92.62597485144656 9.7
vertex 232.42117792060802 -92.90736451699254 9.7
endloop
endfacet
facet normal 0 0 1
outer loop
vertex 229.56418070123362 -92.62597485144656 9.7
vertex 229.70279558154837 -92.36664465045926 9.7
vertex 202 -92.36664465045926 9.7
endloop
endfacet
facet normal 0 0 1
outer loop
vertex 229.56418070123362 -92.62597485144656 9.7
vertex 202 -92.36664465045926 9.7
vertex 202 -92.62597485144656 9.7
endloop
endfacet
facet normal 0 0 1
outer loop
vertex 235.025 -92.62597485144656 9.7
vertex 235.025 -92.36664465045926 9.7
vertex 232.19720441844717 -92.36664465045926 9.7
endloop
endfacet
facet normal 0 0 1
outer loop
vertex 235.025 -92.62597485144656 9.7
vertex 232.19720441844717 -92.36664465045926 9.7
vertex 232.33581929876325 -92.62597485144656 9.7
endloop
endfacet
facet normal 0 0 1
outer loop
vertex 229.70279558154837 -92.36664465045926 9.7
vertex 229.88933982822513 -92.13933982826124 9.7
vertex 202 -92.13933982826124 9.7
endloop
endfacet
facet normal 0 0 1
outer loop
vertex 229.70279558154837 -92.36664465045926 9.7
vertex 202 -92.13933982826124 9.7
vertex 202 -92.36664465045926 9.7
endloop
endfacet
facet normal 0 0 1
outer loop
vertex 235.025 -92.36664465045926 9.7
vertex 235.025 -92.13933982826124 9.7
vertex 232.0106601718162 -92.13933982826124 9.7
endloop
endfacet
facet normal 0 0 1
outer loop
vertex 235.025 -92.36664465045926 9.7
vertex 232.0106601718162 -92.13933982826124 9.7
vertex 232.19720441844717 -92.36664465045926 9.7
endloop
endfacet
facet normal 0 0 1
outer loop
vertex 229.88933982822513 -92.13933982826124 9.7
vertex 230.1166446504584 -91.95279558153251 9.7
vertex 202 -91.95279558153251 9.7
endloop
endfacet
facet normal 0 0 1
outer loop
vertex 229.88933982822513 -92.13933982826124 9.7
vertex 202 -91.95279558153251 9.7
vertex 202 -92.13933982826124 9.7
endloop
endfacet
facet normal 0 0 1
outer loop
vertex 235.025 -92.13933982826124 9.7
vertex 235.025 -91.95279558153251 9.7
vertex 231.7833553494991 -91.95279558153251 9.7
endloop
endfacet
facet normal 0 0 1
outer loop
vertex 235.025 -92.13933982826124 9.7
vertex 231.7833553494991 -91.95279558153251 9.7
vertex 232.0106601718162 -92.13933982826124 9.7
endloop
endfacet
facet normal 0 0 1
outer loop
vertex 230.1166446504584 -91.95279558153251 9.7
vertex 230.37597485145693 -91.8141807012313 9.7
vertex 202 -91.8141807012313 9.7
endloop
endfacet
facet normal 0 0 1
outer loop
vertex 230.1166446504584 -91.95279558153251 9.7
vertex 202 -91.8141807012313 9.7
vertex 202 -91.95279558153251 9.7
endloop
endfacet
facet normal 0 0 1
outer loop
vertex 235.025 -91.95279558153251 9.7
vertex 235.025 -91.8141807012313 9.7
vertex 231.52402514853958 -91.8141807012313 9.7
endloop
endfacet
facet normal 0 0 1
outer loop
vertex 235.025 -91.95279558153251 9.7
vertex 231.52402514853958 -91.8141807012313 9.7
vertex 231.7833553494991 -91.95279558153251 9.7
endloop
endfacet
facet normal 0 0 1
outer loop
vertex 230.37597485145693 -91.8141807012313 9.7
vertex 230.6573645169667 -91.7288220793926 9.7
vertex 202 -91.7288220793926 9.7
endloop
endfacet
facet normal 0 0 1
outer loop
vertex 230.37597485145693 -91.8141807012313 9.7
vertex 202 -91.7288220793926 9.7
vertex 202 -91.8141807012313 9.7
endloop
endfacet
facet normal 0 0 1
outer loop
vertex 235.025 -91.8141807012313 9.7
vertex 235.025 -91.7288220793926 9.7
vertex 231.24263548301354 -91.7288220793926 9.7
endloop
endfacet
facet normal 0 0 1
outer loop
vertex 235.025 -91.8141807012313 9.7
vertex 231.24263548301354 -91.7288220793926 9.7
vertex 231.52402514853958 -91.8141807012313 9.7
endloop
endfacet
facet normal 0 0 1
outer loop
vertex 230.6573645169667 -91.7288220793926 9.7
vertex 230.95000000001457 -91.69999999999993 9.7
vertex 202 -91.69999999999993 9.7
endloop
endfacet
facet normal 0 0 1
outer loop
vertex 230.6573645169667 -91.7288220793926 9.7
vertex 202 -91.69999999999993 9.7
vertex 202 -91.7288220793926 9.7
endloop
endfacet
facet normal 0 0 1
outer loop
vertex 235.025 -91.7288220793926 9.7
vertex 235.025 -91.69999999999993 9.7
vertex 230.95000000001457 -91.69999999999993 9.7
endloop
endfacet
facet normal 0 0 1
outer loop
vertex 235.025 -91.7288220793926 9.7
vertex 230.95000000001457 -91.69999999999993 9.7
vertex 231.24263548301354 -91.7288220793926 9.7
endloop
endfacet
facet normal 0 0 1
outer loop
vertex 131 -93.75 9.7
vertex 131 -89 9.7
vertex 126 -89 9.7
endloop
endfacet
facet normal 0 0 1
outer loop
vertex 131 -93.75 9.7
vertex 126 -89 9.7
vertex 112 -89 9.7
endloop
endfacet
facet normal 0 0 1
outer loop
vertex 131 -93.75 9.7
vertex 112 -89 9.7
vertex 107 -89 9.7
endloop
endfacet
facet normal 0 0 1
outer loop
vertex 131 -93.75 9.7
vertex 107 -89 9.7
vertex 93 -89 9.7
endloop
endfacet
facet normal 0 0 1
outer loop
vertex 131 -93.75 9.7
vertex 93 -89 9.7
vertex 89.5 -89 9.7
endloop
endfacet
facet normal 0 0 1
outer loop
vertex 131 -93.75 9.7
vertex 89.5 -89 9.7
vertex 89.5 -93.75 9.7
endloop
endfacet
facet normal 0 0 1
outer loop
vertex 169 -93.75 9.7
vertex 169 -89 9.7
vertex 164 -89 9.7
endloop
endfacet
facet normal 0 0 1
outer loop
vertex 169 -93.75 9.7
vertex 164 -89 9.7
vertex 150 -89 9.7
endloop
endfacet
facet normal 0 0 1
outer loop
vertex 169 -93.75 9.7
vertex 150 -89 9.7
vertex 145 -89 9.7
endloop
endfacet
facet normal 0 0 1
outer loop
vertex 169 -93.75 9.7
vertex 145 -89 9.7
vertex 145 -93.75 9.7
endloop
endfacet
facet normal 0 0 1
outer loop
vertex 188 -93.75 9.7
vertex 188 -82.125 9.7
vertex 183 -82.125 9.7
endloop
endfacet
facet normal 0 0 1
outer loop
vertex 188 -93.75 9.7
vertex 183 -82.125 9.7
vertex 183 -93.75 9.7
endloop
endfacet
facet normal 0 0 1
outer loop
vertex 230.95000000001457 -91.69999999999993 9.7
vertex 235.025 -91.69999999999993 9.7
vertex 235.025 -82.125 9.7
endloop
endfacet
facet normal 0 0 1
outer loop
vertex 230.95000000001457 -91.69999999999993 9.7
vertex 235.025 -82.125 9.7
vertex 202 -82.125 9.7
endloop
endfacet
facet normal 0 0 1
outer loop
vertex 230.95000000001457 -91.69999999999993 9.7
vertex 202 -82.125 9.7
vertex 202 -91.69999999999993 9.7
endloop
endfacet
facet normal 0 0 1
outer loop
vertex 131 -89 9.7
vertex 131 -79.75 9.7
vertex 126 -79.75 9.7
endloop
endfacet
facet normal 0 0 1
outer loop
vertex 131 -89 9.7
vertex 126 -79.75 9.7
vertex 126 -89 9.7
endloop
endfacet
facet normal 0 0 1
outer loop
vertex 150 -89 9.7
vertex 150 -79.75 9.7
vertex 145 -79.75 9.7
endloop
endfacet
facet normal 0 0 1
outer loop
vertex 150 -89 9.7
vertex 145 -79.75 9.7
vertex 145 -89 9.7
endloop
endfacet
facet normal 0 0 1
outer loop
vertex 169 -89 9.7
vertex 169 -79.75 9.7
vertex 164 -79.75 9.7
endloop
endfacet
facet normal 0 0 1
outer loop
vertex 169 -89 9.7
vertex 164 -79.75 9.7
vertex 164 -89 9.7
endloop
endfacet
facet normal 0 0 1
outer loop
vertex 188 -82.125 9.7
vertex 202 -82.125 9.7
vertex 235.025 -82.125 9.7
endloop
endfacet
facet normal 0 0 1
outer loop
vertex 188 -82.125 9.7
vertex 235.025 -82.125 9.7
vertex 235.025 -80.67500000000007 9.7
endloop
endfacet
facet normal 0 0 1
outer loop
vertex 188 -82.125 9.7
vertex 235.025 -80.67500000000007 9.7
vertex 234.99461550602442 -80.32770364466613 9.7
endloop
endfacet
facet normal 0 0 1
outer loop
vertex 188 -82.125 9.7
vertex 234.99461550602442 -80.32770364466613 9.7
vertex 234.9043852415718 -79.9909597133486 9.7
endloop
endfacet
facet normal 0 0 1
outer loop
vertex 188 -82.125 9.7
vertex 234.9043852415718 -79.9909597133486 9.7
vertex 234.7920238819305 -79.75 9.7
endloop
endfacet
facet normal 0 0 1
outer loop
vertex 188 -82.125 9.7
vertex 234.7920238819305 -79.75 9.7
vertex 183 -79.75 9.7
endloop
endfacet
facet normal 0 0 1
outer loop
vertex 188 -82.125 9.7
vertex 183 -79.75 9.7
vertex 183 -82.125 9.7
endloop
endfacet
facet normal 0 0 1
outer loop
vertex 169 -79.75 9.7
vertex 183 -79.75 9.7
vertex 234.7920238819305 -79.75 9.7
endloop
endfacet
facet normal 0 0 1
outer loop
vertex 169 -79.75 9.7
vertex 234.7920238819305 -79.75 9.7
vertex 234.7570508075689 -79.67500000000004 9.7
endloop
endfacet
facet normal 0 0 1
outer loop
vertex 169 -79.75 9.7
vertex 234.7570508075689 -79.67500000000004 9.7
vertex 234.55708888623792 -79.3894247806269 9.7
endloop
endfacet
facet normal 0 0 1
outer loop
vertex 169 -79.75 9.7
vertex 234.55708888623792 -79.3894247806269 9.7
vertex 234.31057521937305 -79.14291111376203 9.7
endloop
endfacet
facet normal 0 0 1
outer loop
vertex 169 -79.75 9.7
vertex 234.31057521937305 -79.14291111376203 9.7
vertex 234.02499999999995 -78.94294919243107 9.7
endloop
endfacet
facet normal 0 0 1
outer loop
vertex 169 -79.75 9.7
vertex 234.02499999999995 -78.94294919243107 9.7
vertex 233.7090402866514 -78.7956147584282 9.7
endloop
endfacet
facet normal 0 0 1
outer loop
vertex 169 -79.75 9.7
vertex 233.7090402866514 -78.7956147584282 9.7
vertex 233.37229635533384 -78.70538449397559 9.7
endloop
endfacet
facet normal 0 0 1
outer loop
vertex 169 -79.75 9.7
vertex 233.37229635533384 -78.70538449397559 9.7
vertex 233.02499999999998 -78.675 9.7
endloop
endfacet
facet normal 0 0 1
outer loop
vertex 169 -79.75 9.7
vertex 233.02499999999998 -78.675 9.7
vertex 205.5 -78.675 9.7
endloop
endfacet
facet normal 0 0 1
outer loop
vertex 169 -79.75 9.7
vertex 205.5 -78.675 9.7
vertex 164 -78.675 9.7
endloop
endfacet
facet normal 0 0 1
outer loop
vertex 169 -79.75 9.7
vertex 164 -78.675 9.7
vertex 164 -79.75 9.7
endloop
endfacet
facet normal 0 0 1
outer loop
vertex 205.5 -78.675 9.7
vertex 205.5 -77.125 9.7
vertex 202 -77.125 9.7
endloop
endfacet
facet normal 0 0 1
outer loop
vertex 205.5 -78.675 9.7
vertex 202 -77.125 9.7
vertex 188 -77.125 9.7
endloop
endfacet
facet normal 0 0 1
outer loop
vertex 205.5 -78.675 9.7
vertex 188 -77.125 9.7
vertex 164 -77.125 9.7
endloop
endfacet
facet normal 0 0 1
outer loop
vertex 205.5 -78.675 9.7
vertex 164 -77.125 9.7
vertex 164 -78.675 9.7
endloop
endfacet
facet normal 0 0 1
outer loop
vertex 93 -89 9.7
vertex 93 -75 9.7
vertex 89.5 -75 9.7
endloop
endfacet
facet normal 0 0 1
outer loop
vertex 93 -89 9.7
vertex 89.5 -75 9.7
vertex 89.5 -89 9.7
endloop
endfacet
facet normal 0 0 1
outer loop
vertex 112 -89 9.7
vertex 112 -75 9.7
vertex 107 -75 9.7
endloop
endfacet
facet normal 0 0 1
outer loop
vertex 112 -89 9.7
vertex 107 -75 9.7
vertex 107 -89 9.7
endloop
endfacet
facet normal 0 0 1
outer loop
vertex 131 -79.75 9.7
vertex 145 -79.75 9.7
vertex 150 -79.75 9.7
endloop
endfacet
facet normal 0 0 1
outer loop
vertex 131 -79.75 9.7
vertex 150 -79.75 9.7
vertex 150 -75 9.7
endloop
endfacet
facet normal 0 0 1
outer loop
vertex 131 -79.75 9.7
vertex 150 -75 9.7
vertex 126 -75 9.7
endloop
endfacet
facet normal 0 0 1
outer loop
vertex 131 -79.75 9.7
vertex 126 -75 9.7
vertex 126 -79.75 9.7
endloop
endfacet
facet normal 0 0 1
outer loop
vertex 188 -77.125 9.7
vertex 188 -75 9.7
vertex 164 -75 9.7
endloop
endfacet
facet normal 0 0 1
outer loop
vertex 188 -77.125 9.7
vertex 164 -75 9.7
vertex 164 -77.125 9.7
endloop
endfacet
facet normal 0 0 1
outer loop
vertex 93 -75 9.7
vertex 107 -75 9.7
vertex 112 -75 9.7
endloop
endfacet
facet normal 0 0 1
outer loop
vertex 93 -75 9.7
vertex 112 -75 9.7
vertex 126 -75 9.7
endloop
endfacet
facet normal 0 0 1
outer loop
vertex 93 -75 9.7
vertex 126 -75 9.7
vertex 150 -75 9.7
endloop
endfacet
facet normal 0 0 1
outer loop
vertex 93 -75 9.7
vertex 150 -75 9.7
vertex 164 -75 9.7
endloop
endfacet
facet normal 0 0 1
outer loop
vertex 93 -75 9.7
vertex 164 -75 9.7
vertex 188 -75 9.7
endloop
endfacet
facet normal 0 0 1
outer loop
vertex 93 -75 9.7
vertex 188 -75 9.7
vertex 188 -74.75 9.7
endloop
endfacet
facet normal 0 0 1
outer loop
vertex 93 -75 9.7
vertex 188 -74.75 9.7
vertex 183 -74.75 9.7
endloop
endfacet
facet normal 0 0 1
outer loop
vertex 93 -75 9.7
vertex 183 -74.75 9.7
vertex 169 -74.75 9.7
endloop
endfacet
facet normal 0 0 1
outer loop
vertex 93 -75 9.7
vertex 169 -74.75 9.7
vertex 145 -74.75 9.7
endloop
endfacet
facet normal 0 0 1
outer loop
vertex 93 -75 9.7
vertex 145 -74.75 9.7
vertex 131 -74.75 9.7
endloop
endfacet
facet normal 0 0 1
outer loop
vertex 93 -75 9.7
vertex 131 -74.75 9.7
vertex 89.5 -74.75 9.7
endloop
endfacet
facet normal 0 0 1
outer loop
vertex 93 -75 9.7
vertex 89.5 -74.75 9.7
vertex 89.5 -75 9.7
endloop
endfacet
facet normal 0 0 1
outer loop
vertex 131 -74.75 9.7
vertex 131 -70 9.7
vertex 126 -70 9.7
endloop
endfacet
facet normal 0 0 1
outer loop
vertex 131 -74.75 9.7
vertex 126 -70 9.7
vertex 112 -70 9.7
endloop
endfacet
facet normal 0 0 1
outer loop
vertex 131 -74.75 9.7
vertex 112 -70 9.7
vertex 107 -70 9.7
endloop
endfacet
facet normal 0 0 1
outer loop
vertex 131 -74.75 9.7
vertex 107 -70 9.7
vertex 93 -70 9.7
endloop
endfacet
facet normal 0 0 1
outer loop
vertex 131 -74.75 9.7
vertex 93 -70 9.7
vertex 89.5 -70 9.7
endloop
endfacet
facet normal 0 0 1
outer loop
vertex 131 -74.75 9.7
vertex 89.5 -70 9.7
vertex 89.5 -74.75 9.7
endloop
endfacet
facet normal 0 0 1
outer loop
vertex 169 -74.75 9.7
vertex 169 -70 9.7
vertex 164 -70 9.7
endloop
endfacet
facet normal 0 0 1
outer loop
vertex 169 -74.75 9.7
vertex 164 -70 9.7
vertex 150 -70 9.7
endloop
endfacet
facet normal 0 0 1
outer loop
vertex 169 -74.75 9.7
vertex 150 -70 9.7
vertex 145 -70 9.7
endloop
endfacet
facet normal 0 0 1
outer loop
vertex 169 -74.75 9.7
vertex 145 -70 9.7
vertex 145 -74.75 9.7
endloop
endfacet
facet normal 0 0 1
outer loop
vertex 188 -74.75 9.7
vertex 188 -63.125 9.7
vertex 183 -63.125 9.7
endloop
endfacet
facet normal 0 0 1
outer loop
vertex 188 -74.75 9.7
vertex 183 -63.125 9.7
vertex 183 -74.75 9.7
endloop
endfacet
facet normal 0 0 1
outer loop
vertex 205.5 -77.125 9.7
vertex 205.5 -63.125 9.7
vertex 202 -63.125 9.7
endloop
endfacet
facet normal 0 0 1
outer loop
vertex 205.5 -77.125 9.7
vertex 202 -63.125 9.7
vertex 202 -77.125 9.7
endloop
endfacet
facet normal 0 0 1
outer loop
vertex 188 -63.125 9.7
vertex 202 -63.125 9.7
vertex 205.5 -63.125 9.7
endloop
endfacet
facet normal 0 0 1
outer loop
vertex 188 -63.125 9.7
vertex 205.5 -63.125 9.7
vertex 205.5 -61.125 9.7
endloop
endfacet
facet normal 0 0 1
outer loop
vertex 188 -63.125 9.7
vertex 205.5 -61.125 9.7
vertex 185.12 -61.125 9.7
endloop
endfacet
facet normal 0 0 1
outer loop
vertex 188 -63.125 9.7
vertex 185.12 -61.125 9.7
vertex 183 -61.125 9.7
endloop
endfacet
facet normal 0 0 1
outer loop
vertex 188 -63.125 9.7
vertex 183 -61.125 9.7
vertex 183 -63.125 9.7
endloop
endfacet
facet normal 0 0 1
outer loop
vertex 185.12 -61.125 9.7
vertex 184.82736451697582 -61.096177920604845 9.7
vertex 183 -61.096177920604845 9.7
endloop
endfacet
facet normal 0 0 1
outer loop
vertex 185.12 -61.125 9.7
vertex 183 -61.096177920604845 9.7
vertex 183 -61.125 9.7
endloop
endfacet
facet normal 0 0 1
outer loop
vertex 205.5 -61.125 9.7
vertex 205.5 -61.096177920604845 9.7
vertex 185.41263548302422 -61.096177920604845 9.7
endloop
endfacet
facet normal 0 0 1
outer loop
vertex 205.5 -61.125 9.7
vertex 185.41263548302422 -61.096177920604845 9.7
vertex 185.12 -61.125 9.7
endloop
endfacet
facet normal 0 0 1
outer loop
vertex 184.82736451697582 -61.096177920604845 9.7
vertex 184.5459748514523 -61.01081929876692 9.7
vertex 183 -61.01081929876692 9.7
endloop
endfacet
facet normal 0 0 1
outer loop
vertex 184.82736451697582 -61.096177920604845 9.7
vertex 183 -61.01081929876692 9.7
vertex 183 -61.096177920604845 9.7
endloop
endfacet
facet normal 0 0 1
outer loop
vertex 205.5 -61.096177920604845 9.7
vertex 205.5 -61.01081929876692 9.7
vertex 185.69402514854767 -61.01081929876692 9.7
endloop
endfacet
facet normal 0 0 1
outer loop
vertex 205.5 -61.096177920604845 9.7
vertex 185.69402514854767 -61.01081929876692 9.7
vertex 185.41263548302422 -61.096177920604845 9.7
endloop
endfacet
facet normal 0 0 1
outer loop
vertex 184.5459748514523 -61.01081929876692 9.7
vertex 184.28664465047055 -60.872204418453805 9.7
vertex 183 -60.872204418453805 9.7
endloop
endfacet
facet normal 0 0 1
outer loop
vertex 184.5459748514523 -61.01081929876692 9.7
vertex 183 -60.872204418453805 9.7
vertex 183 -61.01081929876692 9.7
endloop
endfacet
facet normal 0 0 1
outer loop
vertex 205.5 -61.01081929876692 9.7
vertex 205.5 -60.872204418453805 9.7
vertex 185.95335534952943 -60.872204418453805 9.7
endloop
endfacet
facet normal 0 0 1
outer loop
vertex 205.5 -61.01081929876692 9.7
vertex 185.95335534952943 -60.872204418453805 9.7
vertex 185.69402514854767 -61.01081929876692 9.7
endloop
endfacet
facet normal 0 0 1
outer loop
vertex 131 -70 9.7
vertex 131 -60.75 9.7
vertex 126 -60.75 9.7
endloop
endfacet
facet normal 0 0 1
outer loop
vertex 131 -70 9.7
vertex 126 -60.75 9.7
vertex 126 -70 9.7
endloop
endfacet
facet normal 0 0 1
outer loop
vertex 150 -70 9.7
vertex 150 -60.75 9.7
vertex 145 -60.75 9.7
endloop
endfacet
facet normal 0 0 1
outer loop
vertex 150 -70 9.7
vertex 145 -60.75 9.7
vertex 145 -70 9.7
endloop
endfacet
facet normal 0 0 1
outer loop
vertex 169 -70 9.7
vertex 169 -60.75 9.7
vertex 164 -60.75 9.7
endloop
endfacet
facet normal 0 0 1
outer loop
vertex 169 -70 9.7
vertex 164 -60.75 9.7
vertex 164 -70 9.7
endloop
endfacet
facet normal 0 0 1
outer loop
vertex 184.28664465047055 -60.872204418453805 9.7
vertex 184.13773813574215 -60.75 9.7
vertex 183 -60.75 9.7
endloop
endfacet
facet normal 0 0 1
outer loop
vertex 184.28664465047055 -60.872204418453805 9.7
vertex 183 -60.75 9.7
vertex 183 -60.872204418453805 9.7
endloop
endfacet
facet normal 0 0 1
outer loop
vertex 169 -60.75 9.7
vertex 183 -60.75 9.7
vertex 184.13773813574215 -60.75 9.7
endloop
endfacet
facet normal 0 0 1
outer loop
vertex 169 -60.75 9.7
vertex 184.13773813574215 -60.75 9.7
vertex 184.05933982822015 -60.68566017177981 9.7
endloop
endfacet
facet normal 0 0 1
outer loop
vertex 169 -60.75 9.7
vertex 184.05933982822015 -60.68566017177981 9.7
vertex 164 -60.68566017177981 9.7
endloop
endfacet
facet normal 0 0 1
outer loop
vertex 169 -60.75 9.7
vertex 164 -60.68566017177981 9.7
vertex 164 -60.75 9.7
endloop
endfacet
facet normal 0 0 1
outer loop
vertex 205.5 -60.872204418453805 9.7
vertex 205.5 -60.68566017177981 9.7
vertex 186.18066017177986 -60.68566017177981 9.7
endloop
endfacet
facet normal 0 0 1
outer loop
vertex 205.5 -60.872204418453805 9.7
vertex 186.18066017177986 -60.68566017177981 9.7
vertex 185.95335534952943 -60.872204418453805 9.7
endloop
endfacet
facet normal 0 0 1
outer loop
vertex 184.05933982822015 -60.68566017177981 9.7
vertex 183.8727955815463 -60.45835534952956 9.7
vertex 164 -60.45835534952956 9.7
endloop
endfacet
facet normal 0 0 1
outer loop
vertex 184.05933982822015 -60.68566017177981 9.7
vertex 164 -60.45835534952956 9.7
vertex 164 -60.68566017177981 9.7
endloop
endfacet
facet normal 0 0 1
outer loop
vertex 205.5 -60.68566017177981 9.7
vertex 205.5 -60.45835534952956 9.7
vertex 186.36720441845355 -60.45835534952956 9.7
endloop
endfacet
facet normal 0 0 1
outer loop
vertex 205.5 -60.68566017177981 9.7
vertex 186.36720441845355 -60.45835534952956 9.7
vertex 186.18066017177986 -60.68566017177981 9.7
endloop
endfacet
facet normal 0 0 1
outer loop
vertex 183.8727955815463 -60.45835534952956 9.7
vertex 183.73418070123302 -60.199025148547435 9.7
vertex 164 -60.199025148547435 9.7
endloop
endfacet
facet normal 0 0 1
outer loop
vertex 183.8727955815463 -60.45835534952956 9.7
vertex 164 -60.199025148547435 9.7
vertex 164 -60.45835534952956 9.7
endloop
endfacet
facet normal 0 0 1
outer loop
vertex 205.5 -60.45835534952956 9.7
vertex 205.5 -60.199025148547435 9.7
vertex 186.5058192987671 -60.199025148547435 9.7
endloop
endfacet
facet normal 0 0 1
outer loop
vertex 205.5 -60.45835534952956 9.7
vertex 186.5058192987671 -60.199025148547435 9.7
vertex 186.36720441845355 -60.45835534952956 9.7
endloop
endfacet
facet normal 0 0 1
outer loop
vertex 183.73418070123302 -60.199025148547435 9.7
vertex 183.64882207939513 -59.91763548302412 9.7
vertex 164 -59.91763548302412 9.7
endloop
endfacet
facet normal 0 0 1
outer loop
vertex 183.73418070123302 -60.199025148547435 9.7
vertex 164 -59.91763548302412 9.7
vertex 164 -60.199025148547435 9.7
endloop
endfacet
facet normal 0 0 1
outer loop
vertex 205.5 -60.199025148547435 9.7
vertex 205.5 -59.91763548302412 9.7
vertex 186.59117792060488 -59.91763548302412 9.7
endloop
endfacet
facet normal 0 0 1
outer loop
vertex 205.5 -60.199025148547435 9.7
vertex 186.59117792060488 -59.91763548302412 9.7
vertex 186.5058192987671 -60.199025148547435 9.7
endloop
endfacet
facet normal 0 0 1
outer loop
vertex 131 -60.75 9.7
vertex 145 -60.75 9.7
vertex 150 -60.75 9.7
endloop
endfacet
facet normal 0 0 1
outer loop
vertex 131 -60.75 9.7
vertex 150 -60.75 9.7
vertex 150 -59.75 9.7
endloop
endfacet
facet normal 0 0 1
outer loop
vertex 131 -60.75 9.7
vertex 150 -59.75 9.7
vertex 129.5 -59.75 9.7
endloop
endfacet
facet normal 0 0 1
outer loop
vertex 131 -60.75 9.7
vertex 129.5 -59.75 9.7
vertex 126 -59.75 9.7
endloop
endfacet
facet normal 0 0 1
outer loop
vertex 131 -60.75 9.7
vertex 126 -59.75 9.7
vertex 126 -60.75 9.7
endloop
endfacet
facet normal 0 0 1
outer loop
vertex 129.5 -59.75 9.7
vertex 129.2073645169758 -59.72117792060485 9.7
vertex 126 -59.72117792060485 9.7
endloop
endfacet
facet normal 0 0 1
outer loop
vertex 129.5 -59.75 9.7
vertex 126 -59.72117792060485 9.7
vertex 126 -59.75 9.7
endloop
endfacet
facet normal 0 0 1
outer loop
vertex 150 -59.75 9.7
vertex 150 -59.72117792060485 9.7
vertex 129.79263548302413 -59.72117792060485 9.7
endloop
endfacet
facet normal 0 0 1
outer loop
vertex 150 -59.75 9.7
vertex 129.79263548302413 -59.72117792060485 9.7
vertex 129.5 -59.75 9.7
endloop
endfacet
facet normal 0 0 1
outer loop
vertex 129.2073645169758 -59.72117792060485 9.7
vertex 128.9259748514524 -59.63581929876692 9.7
vertex 126 -59.63581929876692 9.7
endloop
endfacet
facet normal 0 0 1
outer loop
vertex 129.2073645169758 -59.72117792060485 9.7
vertex 126 -59.63581929876692 9.7
vertex 126 -59.72117792060485 9.7
endloop
endfacet
facet normal 0 0 1
outer loop
vertex 150 -59.72117792060485 9.7
vertex 150 -59.63581929876692 9.7
vertex 130.07402514854766 -59.63581929876692 9.7
endloop
endfacet
facet normal 0 0 1
outer loop
vertex 150 -59.72117792060485 9.7
vertex 130.07402514854766 -59.63581929876692 9.7
vertex 129.79263548302413 -59.72117792060485 9.7
endloop
endfacet
facet normal 0 0 1
outer loop
vertex 183.64882207939513 -59.91763548302412 9.7
vertex 183.62 -59.62499999999993 9.7
vertex 164 -59.62499999999993 9.7
endloop
endfacet
facet normal 0 0 1
outer loop
vertex 183.64882207939513 -59.91763548302412 9.7
vertex 164 -59.62499999999993 9.7
vertex 164 -59.91763548302412 9.7
endloop
endfacet
facet normal 0 0 1
outer loop
vertex 205.5 -59.91763548302412 9.7
vertex 205.5 -59.62499999999993 9.7
vertex 186.62000000000003 -59.62499999999993 9.7
endloop
endfacet
facet normal 0 0 1
outer loop
vertex 205.5 -59.91763548302412 9.7
vertex 186.62000000000003 -59.62499999999993 9.7
vertex 186.59117792060488 -59.91763548302412 9.7
endloop
endfacet
facet normal 0 0 1
outer loop
vertex 128.9259748514524 -59.63581929876692 9.7
vertex 128.66664465047057 -59.4972044184538 9.7
vertex 126 -59.4972044184538 9.7
endloop
endfacet
facet normal 0 0 1
outer loop
vertex 128.9259748514524 -59.63581929876692 9.7
vertex 126 -59.4972044184538 9.7
vertex 126 -59.63581929876692 9.7
endloop
endfacet
facet normal 0 0 1
outer loop
vertex 150 -59.63581929876692 9.7
vertex 150 -59.4972044184538 9.7
vertex 130.33335534952946 -59.4972044184538 9.7
endloop
endfacet
facet normal 0 0 1
outer loop
vertex 150 -59.63581929876692 9.7
vertex 130.33335534952946 -59.4972044184538 9.7
vertex 130.07402514854766 -59.63581929876692 9.7
endloop
endfacet
facet normal 0 0 1
outer loop
vertex 183.62 -59.62499999999993 9.7
vertex 183.64882207939522 -59.332364516976135 9.7
vertex 164 -59.332364516976135 9.7
endloop
endfacet
facet normal 0 0 1
outer loop
vertex 183.62 -59.62499999999993 9.7
vertex 164 -59.332364516976135 9.7
vertex 164 -59.62499999999993 9.7
endloop
endfacet
facet normal 0 0 1
outer loop
vertex 205.5 -59.62499999999993 9.7
vertex 205.5 -59.332364516976135 9.7
vertex 186.5911779206049 -59.332364516976135 9.7
endloop
endfacet
facet normal 0 0 1
outer loop
vertex 205.5 -59.62499999999993 9.7
vertex 186.5911779206049 -59.332364516976135 9.7
vertex 186.62000000000003 -59.62499999999993 9.7
endloop
endfacet
facet normal 0 0 1
outer loop
vertex 128.66664465047057 -59.4972044184538 9.7
vertex 128.43933982822023 -59.3106601717799 9.7
vertex 126 -59.3106601717799 9.7
endloop
endfacet
facet normal 0 0 1
outer loop
vertex 128.66664465047057 -59.4972044184538 9.7
vertex 126 -59.3106601717799 9.7
vertex 126 -59.4972044184538 9.7
endloop
endfacet
facet normal 0 0 1
outer loop
vertex 150 -59.4972044184538 9.7
vertex 150 -59.3106601717799 9.7
vertex 130.56066017177974 -59.3106601717799 9.7
endloop
endfacet
facet normal 0 0 1
outer loop
vertex 150 -59.4972044184538 9.7
vertex 130.56066017177974 -59.3106601717799 9.7
vertex 130.33335534952946 -59.4972044184538 9.7
endloop
endfacet
facet normal 0 0 1
outer loop
vertex 128.43933982822023 -59.3106601717799 9.7
vertex 128.25279558154614 -59.08335534952929 9.7
vertex 126 -59.08335534952929 9.7
endloop
endfacet
facet normal 0 0 1
outer loop
vertex 128.43933982822023 -59.3106601717799 9.7
vertex 126 -59.08335534952929 9.7
vertex 126 -59.3106601717799 9.7
endloop
endfacet
facet normal 0 0 1
outer loop
vertex 150 -59.3106601717799 9.7
vertex 150 -59.08335534952929 9.7
vertex 130.7472044184539 -59.08335534952929 9.7
endloop
endfacet
facet normal 0 0 1
outer loop
vertex 150 -59.3106601717799 9.7
vertex 130.7472044184539 -59.08335534952929 9.7
vertex 130.56066017177974 -59.3106601717799 9.7
endloop
endfacet
facet normal 0 0 1
outer loop
vertex 183.64882207939522 -59.332364516976135 9.7
vertex 183.734180701233 -59.05097485145216 9.7
vertex 164 -59.05097485145216 9.7
endloop
endfacet
facet normal 0 0 1
outer loop
vertex 183.64882207939522 -59.332364516976135 9.7
vertex 164 -59.05097485145216 9.7
vertex 164 -59.332364516976135 9.7
endloop
endfacet
facet normal 0 0 1
outer loop
vertex 205.5 -59.332364516976135 9.7
vertex 205.5 -59.05097485145216 9.7
vertex 186.50581929876682 -59.05097485145216 9.7
endloop
endfacet
facet normal 0 0 1
outer loop
vertex 205.5 -59.332364516976135 9.7
vertex 186.50581929876682 -59.05097485145216 9.7
vertex 186.5911779206049 -59.332364516976135 9.7
endloop
endfacet
facet normal 0 0 1
outer loop
vertex 128.25279558154614 -59.08335534952929 9.7
vertex 128.11418070123307 -58.82402514854772 9.7
vertex 126 -58.82402514854772 9.7
endloop
endfacet
facet normal 0 0 1
outer loop
vertex 128.25279558154614 -59.08335534952929 9.7
vertex 126 -58.82402514854772 9.7
vertex 126 -59.08335534952929 9.7
endloop
endfacet
facet normal 0 0 1
outer loop
vertex 150 -59.08335534952929 9.7
vertex 150 -58.82402514854772 9.7
vertex 130.8858192987669 -58.82402514854772 9.7
endloop
endfacet
facet normal 0 0 1
outer loop
vertex 150 -59.08335534952929 9.7
vertex 130.8858192987669 -58.82402514854772 9.7
vertex 130.7472044184539 -59.08335534952929 9.7
endloop
endfacet
facet normal 0 0 1
outer loop
vertex 183.734180701233 -59.05097485145216 9.7
vertex 183.87279558154617 -58.79164465047054 9.7
vertex 164 -58.79164465047054 9.7
endloop
endfacet
facet normal 0 0 1
outer loop
vertex 183.734180701233 -59.05097485145216 9.7
vertex 164 -58.79164465047054 9.7
vertex 164 -59.05097485145216 9.7
endloop
endfacet
facet normal 0 0 1
outer loop
vertex 205.5 -59.05097485145216 9.7
vertex 205.5 -58.79164465047054 9.7
vertex 186.36720441845378 -58.79164465047054 9.7
endloop
endfacet
facet normal 0 0 1
outer loop
vertex 205.5 -59.05097485145216 9.7
vertex 186.36720441845378 -58.79164465047054 9.7
vertex 186.50581929876682 -59.05097485145216 9.7
endloop
endfacet
facet normal 0 0 1
outer loop
vertex 183.87279558154617 -58.79164465047054 9.7
vertex 184.05933982822017 -58.56433982822023 9.7
vertex 164 -58.56433982822023 9.7
endloop
endfacet
facet normal 0 0 1
outer loop
vertex 183.87279558154617 -58.79164465047054 9.7
vertex 164 -58.56433982822023 9.7
vertex 164 -58.79164465047054 9.7
endloop
endfacet
facet normal 0 0 1
outer loop
vertex 205.5 -58.79164465047054 9.7
vertex 205.5 -58.56433982822023 9.7
vertex 186.1806601717799 -58.56433982822023 9.7
endloop
endfacet
facet normal 0 0 1
outer loop
vertex 205.5 -58.79164465047054 9.7
vertex 186.1806601717799 -58.56433982822023 9.7
vertex 186.36720441845378 -58.79164465047054 9.7
endloop
endfacet
facet normal 0 0 1
outer loop
vertex 128.11418070123307 -58.82402514854772 9.7
vertex 128.02882207939516 -58.54263548302417 9.7
vertex 126 -58.54263548302417 9.7
endloop
endfacet
facet normal 0 0 1
outer loop
vertex 128.11418070123307 -58.82402514854772 9.7
vertex 126 -58.54263548302417 9.7
vertex 126 -58.82402514854772 9.7
endloop
endfacet
facet normal 0 0 1
outer loop
vertex 150 -58.82402514854772 9.7
vertex 150 -58.54263548302417 9.7
vertex 130.97117792060484 -58.54263548302417 9.7
endloop
endfacet
facet normal 0 0 1
outer loop
vertex 150 -58.82402514854772 9.7
vertex 130.97117792060484 -58.54263548302417 9.7
vertex 130.8858192987669 -58.82402514854772 9.7
endloop
endfacet
facet normal 0 0 1
outer loop
vertex 184.05933982822017 -58.56433982822023 9.7
vertex 184.2866446504707 -58.37779558154617 9.7
vertex 164 -58.37779558154617 9.7
endloop
endfacet
facet normal 0 0 1
outer loop
vertex 184.05933982822017 -58.56433982822023 9.7
vertex 164 -58.37779558154617 9.7
vertex 164 -58.56433982822023 9.7
endloop
endfacet
facet normal 0 0 1
outer loop
vertex 205.5 -58.56433982822023 9.7
vertex 205.5 -58.37779558154617 9.7
vertex 185.95335534952937 -58.37779558154617 9.7
endloop
endfacet
facet normal 0 0 1
outer loop
vertex 205.5 -58.56433982822023 9.7
vertex 185.95335534952937 -58.37779558154617 9.7
vertex 186.1806601717799 -58.56433982822023 9.7
endloop
endfacet
facet normal 0 0 1
outer loop
vertex 128.02882207939516 -58.54263548302417 9.7
vertex 127.99999999999999 -58.25 9.7
vertex 126 -58.25 9.7
endloop
endfacet
facet normal 0 0 1
outer loop
vertex 128.02882207939516 -58.54263548302417 9.7
vertex 126 -58.25 9.7
vertex 126 -58.54263548302417 9.7
endloop
endfacet
facet normal 0 0 1
outer loop
vertex 150 -58.54263548302417 9.7
vertex 150 -58.25 9.7
vertex 131 -58.25 9.7
endloop
endfacet
facet normal 0 0 1
outer loop
vertex 150 -58.54263548302417 9.7
vertex 131 -58.25 9.7
vertex 130.97117792060484 -58.54263548302417 9.7
endloop
endfacet
facet normal 0 0 1
outer loop
vertex 184.2866446504707 -58.37779558154617 9.7
vertex 184.54597485145237 -58.23918070123306 9.7
vertex 164 -58.23918070123306 9.7
endloop
endfacet
facet normal 0 0 1
outer loop
vertex 184.2866446504707 -58.37779558154617 9.7
vertex 164 -58.23918070123306 9.7
vertex 164 -58.37779558154617 9.7
endloop
endfacet
facet normal 0 0 1
outer loop
vertex 205.5 -58.37779558154617 9.7
vertex 205.5 -58.23918070123306 9.7
vertex 185.6940251485476 -58.23918070123306 9.7
endloop
endfacet
facet normal 0 0 1
outer loop
vertex 205.5 -58.37779558154617 9.7
vertex 185.6940251485476 -58.23918070123306 9.7
vertex 185.95335534952937 -58.37779558154617 9.7
endloop
endfacet
facet normal 0 0 1
outer loop
vertex 184.54597485145237 -58.23918070123306 9.7
vertex 184.82736451697582 -58.153822079395155 9.7
vertex 164 -58.153822079395155 9.7
endloop
endfacet
facet normal 0 0 1
outer loop
vertex 184.54597485145237 -58.23918070123306 9.7
vertex 164 -58.153822079395155 9.7
vertex 164 -58.23918070123306 9.7
endloop
endfacet
facet normal 0 0 1
outer loop
vertex 205.5 -58.23918070123306 9.7
vertex 205.5 -58.153822079395155 9.7
vertex 185.41263548302422 -58.153822079395155 9.7
endloop
endfacet
facet normal 0 0 1
outer loop
vertex 205.5 -58.23918070123306 9.7
vertex 185.41263548302422 -58.153822079395155 9.7
vertex 185.6940251485476 -58.23918070123306 9.7
endloop
endfacet
facet normal 0 0 1
outer loop
vertex 184.82736451697582 -58.153822079395155 9.7
vertex 185.12000000000003 -58.125 9.7
vertex 164 -58.125 9.7
endloop
endfacet
facet normal 0 0 1
outer loop
vertex 184.82736451697582 -58.153822079395155 9.7
vertex 164 -58.125 9.7
vertex 164 -58.153822079395155 9.7
endloop
endfacet
facet normal 0 0 1
outer loop
vertex 205.5 -58.153822079395155 9.7
vertex 205.5 -58.125 9.7
vertex 202 -58.125 9.7
endloop
endfacet
facet normal 0 0 1
outer loop
vertex 205.5 -58.153822079395155 9.7
vertex 202 -58.125 9.7
vertex 188 -58.125 9.7
endloop
endfacet
facet normal 0 0 1
outer loop
vertex 205.5 -58.153822079395155 9.7
vertex 188 -58.125 9.7
vertex 185.12000000000003 -58.125 9.7
endloop
endfacet
facet normal 0 0 1
outer loop
vertex 205.5 -58.153822079395155 9.7
vertex 185.12000000000003 -58.125 9.7
vertex 185.41263548302422 -58.153822079395155 9.7
endloop
endfacet
facet normal 0 0 1
outer loop
vertex 127.99999999999999 -58.25 9.7
vertex 128.02882207939513 -57.95736451697584 9.7
vertex 126 -57.95736451697584 9.7
endloop
endfacet
facet normal 0 0 1
outer loop
vertex 127.99999999999999 -58.25 9.7
vertex 126 -57.95736451697584 9.7
vertex 126 -58.25 9.7
endloop
endfacet
facet normal 0 0 1
outer loop
vertex 150 -58.25 9.7
vertex 150 -57.95736451697584 9.7
vertex 130.97117792060484 -57.95736451697584 9.7
endloop
endfacet
facet normal 0 0 1
outer loop
vertex 150 -58.25 9.7
vertex 130.97117792060484 -57.95736451697584 9.7
vertex 131 -58.25 9.7
endloop
endfacet
facet normal 0 0 1
outer loop
vertex 128.02882207939513 -57.95736451697584 9.7
vertex 128.11418070123304 -57.67597485145237 9.7
vertex 126 -57.67597485145237 9.7
endloop
endfacet
facet normal 0 0 1
outer loop
vertex 128.02882207939513 -57.95736451697584 9.7
vertex 126 -57.67597485145237 9.7
vertex 126 -57.95736451697584 9.7
endloop
endfacet
facet normal 0 0 1
outer loop
vertex 150 -57.95736451697584 9.7
vertex 150 -57.67597485145237 9.7
vertex 130.88581929876696 -57.67597485145237 9.7
endloop
endfacet
facet normal 0 0 1
outer loop
vertex 150 -57.95736451697584 9.7
vertex 130.88581929876696 -57.67597485145237 9.7
vertex 130.97117792060484 -57.95736451697584 9.7
endloop
endfacet
facet normal 0 0 1
outer loop
vertex 128.11418070123304 -57.67597485145237 9.7
vertex 128.2527955815462 -57.416644650470694 9.7
vertex 126 -57.416644650470694 9.7
endloop
endfacet
facet normal 0 0 1
outer loop
vertex 128.11418070123304 -57.67597485145237 9.7
vertex 126 -57.416644650470694 9.7
vertex 126 -57.67597485145237 9.7
endloop
endfacet
facet normal 0 0 1
outer loop
vertex 150 -57.67597485145237 9.7
vertex 150 -57.416644650470694 9.7
vertex 130.7472044184539 -57.416644650470694 9.7
endloop
endfacet
facet normal 0 0 1
outer loop
vertex 150 -57.67597485145237 9.7
vertex 130.7472044184539 -57.416644650470694 9.7
vertex 130.88581929876696 -57.67597485145237 9.7
endloop
endfacet
facet normal 0 0 1
outer loop
vertex 128.2527955815462 -57.416644650470694 9.7
vertex 128.4393398282202 -57.189339828220184 9.7
vertex 126 -57.189339828220184 9.7
endloop
endfacet
facet normal 0 0 1
outer loop
vertex 128.2527955815462 -57.416644650470694 9.7
vertex 126 -57.189339828220184 9.7
vertex 126 -57.416644650470694 9.7
endloop
endfacet
facet normal 0 0 1
outer loop
vertex 150 -57.416644650470694 9.7
vertex 150 -57.189339828220184 9.7
vertex 130.56066017177983 -57.189339828220184 9.7
endloop
endfacet
facet normal 0 0 1
outer loop
vertex 150 -57.416644650470694 9.7
vertex 130.56066017177983 -57.189339828220184 9.7
vertex 130.7472044184539 -57.416644650470694 9.7
endloop
endfacet
facet normal 0 0 1
outer loop
vertex 128.4393398282202 -57.189339828220184 9.7
vertex 128.6666446504706 -57.0027955815462 9.7
vertex 126 -57.0027955815462 9.7
endloop
endfacet
facet normal 0 0 1
outer loop
vertex 128.4393398282202 -57.189339828220184 9.7
vertex 126 -57.0027955815462 9.7
vertex 126 -57.189339828220184 9.7
endloop
endfacet
facet normal 0 0 1
outer loop
vertex 150 -57.189339828220184 9.7
vertex 150 -57.0027955815462 9.7
vertex 130.33335534952943 -57.0027955815462 9.7
endloop
endfacet
facet normal 0 0 1
outer loop
vertex 150 -57.189339828220184 9.7
vertex 130.33335534952943 -57.0027955815462 9.7
vertex 130.56066017177983 -57.189339828220184 9.7
endloop
endfacet
facet normal 0 0 1
outer loop
vertex 128.6666446504706 -57.0027955815462 9.7
vertex 128.92597485145225 -56.86418070123307 9.7
vertex 126 -56.86418070123307 9.7
endloop
endfacet
facet normal 0 0 1
outer loop
vertex 128.6666446504706 -57.0027955815462 9.7
vertex 126 -56.86418070123307 9.7
vertex 126 -57.0027955815462 9.7
endloop
endfacet
facet normal 0 0 1
outer loop
vertex 150 -57.0027955815462 9.7
vertex 150 -56.86418070123307 9.7
vertex 130.07402514854763 -56.86418070123307 9.7
endloop
endfacet
facet normal 0 0 1
outer loop
vertex 150 -57.0027955815462 9.7
vertex 130.07402514854763 -56.86418070123307 9.7
vertex 130.33335534952943 -57.0027955815462 9.7
endloop
endfacet
facet normal 0 0 1
outer loop
vertex 128.92597485145225 -56.86418070123307 9.7
vertex 129.20736451697587 -56.77882207939515 9.7
vertex 126 -56.77882207939515 9.7
endloop
endfacet
facet normal 0 0 1
outer loop
vertex 128.92597485145225 -56.86418070123307 9.7
vertex 126 -56.77882207939515 9.7
vertex 126 -56.86418070123307 9.7
endloop
endfacet
facet normal 0 0 1
outer loop
vertex 150 -56.86418070123307 9.7
vertex 150 -56.77882207939515 9.7
vertex 129.79263548302416 -56.77882207939515 9.7
endloop
endfacet
facet normal 0 0 1
outer loop
vertex 150 -56.86418070123307 9.7
vertex 129.79263548302416 -56.77882207939515 9.7
vertex 130.07402514854763 -56.86418070123307 9.7
endloop
endfacet
facet normal 0 0 1
outer loop
vertex 129.20736451697587 -56.77882207939515 9.7
vertex 129.5 -56.75 9.7
vertex 126 -56.75 9.7
endloop
endfacet
facet normal 0 0 1
outer loop
vertex 129.20736451697587 -56.77882207939515 9.7
vertex 126 -56.75 9.7
vertex 126 -56.77882207939515 9.7
endloop
endfacet
facet normal 0 0 1
outer loop
vertex 150 -56.77882207939515 9.7
vertex 150 -56.75 9.7
vertex 129.5 -56.75 9.7
endloop
endfacet
facet normal 0 0 1
outer loop
vertex 150 -56.77882207939515 9.7
vertex 129.5 -56.75 9.7
vertex 129.79263548302416 -56.77882207939515 9.7
endloop
endfacet
facet normal 0 0 1
outer loop
vertex 93 -70 9.7
vertex 93 -56 9.7
vertex 89.5 -56 9.7
endloop
endfacet
facet normal 0 0 1
outer loop
vertex 93 -70 9.7
vertex 89.5 -56 9.7
vertex 89.5 -70 9.7
endloop
endfacet
facet normal 0 0 1
outer loop
vertex 112 -70 9.7
vertex 112 -56 9.7
vertex 107 -56 9.7
endloop
endfacet
facet normal 0 0 1
outer loop
vertex 112 -70 9.7
vertex 107 -56 9.7
vertex 107 -70 9.7
endloop
endfacet
facet normal 0 0 1
outer loop
vertex 129.5 -56.75 9.7
vertex 150 -56.75 9.7
vertex 150 -56 9.7
endloop
endfacet
facet normal 0 0 1
outer loop
vertex 129.5 -56.75 9.7
vertex 150 -56 9.7
vertex 126 -56 9.7
endloop
endfacet
facet normal 0 0 1
outer loop
vertex 129.5 -56.75 9.7
vertex 126 -56 9.7
vertex 126 -56.75 9.7
endloop
endfacet
facet normal 0 0 1
outer loop
vertex 185.12000000000003 -58.125 9.7
vertex 188 -58.125 9.7
vertex 188 -56 9.7
endloop
endfacet
facet normal 0 0 1
outer loop
vertex 185.12000000000003 -58.125 9.7
vertex 188 -56 9.7
vertex 164 -56 9.7
endloop
endfacet
facet normal 0 0 1
outer loop
vertex 185.12000000000003 -58.125 9.7
vertex 164 -56 9.7
vertex 164 -58.125 9.7
endloop
endfacet
facet normal 0 0 1
outer loop
vertex 93 -56 9.7
vertex 107 -56 9.7
vertex 112 -56 9.7
endloop
endfacet
facet normal 0 0 1
outer loop
vertex 93 -56 9.7
vertex 112 -56 9.7
vertex 126 -56 9.7
endloop
endfacet
facet normal 0 0 1
outer loop
vertex 93 -56 9.7
vertex 126 -56 9.7
vertex 150 -56 9.7
endloop
endfacet
facet normal 0 0 1
outer loop
vertex 93 -56 9.7
vertex 150 -56 9.7
vertex 164 -56 9.7
endloop
endfacet
facet normal 0 0 1
outer loop
vertex 93 -56 9.7
vertex 164 -56 9.7
vertex 188 -56 9.7
endloop
endfacet
facet normal 0 0 1
outer loop
vertex 93 -56 9.7
vertex 188 -56 9.7
vertex 188 -55.75 9.7
endloop
endfacet
facet normal 0 0 1
outer loop
vertex 93 -56 9.7
vertex 188 -55.75 9.7
vertex 183 -55.75 9.7
endloop
endfacet
facet normal 0 0 1
outer loop
vertex 93 -56 9.7
vertex 183 -55.75 9.7
vertex 169 -55.75 9.7
endloop
endfacet
facet normal 0 0 1
outer loop
vertex 93 -56 9.7
vertex 169 -55.75 9.7
vertex 145 -55.75 9.7
endloop
endfacet
facet normal 0 0 1
outer loop
vertex 93 -56 9.7
vertex 145 -55.75 9.7
vertex 131 -55.75 9.7
endloop
endfacet
facet normal 0 0 1
outer loop
vertex 93 -56 9.7
vertex 131 -55.75 9.7
vertex 89.5 -55.75 9.7
endloop
endfacet
facet normal 0 0 1
outer loop
vertex 93 -56 9.7
vertex 89.5 -55.75 9.7
vertex 89.5 -56 9.7
endloop
endfacet
facet normal 0 0 1
outer loop
vertex 131 -55.75 9.7
vertex 131 -52 9.7
vertex 115.5 -52 9.7
endloop
endfacet
facet normal 0 0 1
outer loop
vertex 131 -55.75 9.7
vertex 115.5 -52 9.7
vertex 91.50000000000004 -52 9.7
endloop
endfacet
facet normal 0 0 1
outer loop
vertex 131 -55.75 9.7
vertex 91.50000000000004 -52 9.7
vertex 91.15270364466615 -52.03038449397558 9.7
endloop
endfacet
facet normal 0 0 1
outer loop
vertex 131 -55.75 9.7
vertex 91.15270364466615 -52.03038449397558 9.7
vertex 90.81595971334862 -52.1206147584282 9.7
endloop
endfacet
facet normal 0 0 1
outer loop
vertex 131 -55.75 9.7
vertex 90.81595971334862 -52.1206147584282 9.7
vertex 90.49999999999996 -52.26794919243114 9.7
endloop
endfacet
facet normal 0 0 1
outer loop
vertex 131 -55.75 9.7
vertex 90.49999999999996 -52.26794919243114 9.7
vertex 90.21442478062693 -52.46791111376203 9.7
endloop
endfacet
facet normal 0 0 1
outer loop
vertex 131 -55.75 9.7
vertex 90.21442478062693 -52.46791111376203 9.7
vertex 89.96791111376213 -52.714424780626814 9.7
endloop
endfacet
facet normal 0 0 1
outer loop
vertex 131 -55.75 9.7
vertex 89.96791111376213 -52.714424780626814 9.7
vertex 89.76794919243109 -53.00000000000005 9.7
endloop
endfacet
facet normal 0 0 1
outer loop
vertex 131 -55.75 9.7
vertex 89.76794919243109 -53.00000000000005 9.7
vertex 89.62061475842819 -53.31595971334865 9.7
endloop
endfacet
facet normal 0 0 1
outer loop
vertex 131 -55.75 9.7
vertex 89.62061475842819 -53.31595971334865 9.7
vertex 89.5303844939756 -53.65270364466606 9.7
endloop
endfacet
facet normal 0 0 1
outer loop
vertex 131 -55.75 9.7
vertex 89.5303844939756 -53.65270364466606 9.7
vertex 89.5 -54.00000000000008 9.7
endloop
endfacet
facet normal 0 0 1
outer loop
vertex 131 -55.75 9.7
vertex 89.5 -54.00000000000008 9.7
vertex 89.5 -55.75 9.7
endloop
endfacet
facet normal 0 0 1
outer loop
vertex 131 -52 9.7
vertex 131 -51.96961550602442 9.7
vertex 115.84729635533388 -51.96961550602442 9.7
endloop
endfacet
facet normal 0 0 1
outer loop
vertex 131 -52 9.7
vertex 115.84729635533388 -51.96961550602442 9.7
vertex 115.5 -52 9.7
endloop
endfacet
facet normal 0 0 1
outer loop
vertex 131 -51.96961550602442 9.7
vertex 131 -51.87938524157182 9.7
vertex 116.18404028665135 -51.87938524157182 9.7
endloop
endfacet
facet normal 0 0 1
outer loop
vertex 131 -51.96961550602442 9.7
vertex 116.18404028665135 -51.87938524157182 9.7
vertex 115.84729635533388 -51.96961550602442 9.7
endloop
endfacet
facet normal 0 0 1
outer loop
vertex 131 -51.87938524157182 9.7
vertex 131 -51.73205080756888 9.7
vertex 116.49999999999999 -51.73205080756888 9.7
endloop
endfacet
facet normal 0 0 1
outer loop
vertex 131 -51.87938524157182 9.7
vertex 116.49999999999999 -51.73205080756888 9.7
vertex 116.18404028665135 -51.87938524157182 9.7
endloop
endfacet
facet normal 0 0 1
outer loop
vertex 131 -51.73205080756888 9.7
vertex 131 -51.53208888623801 9.7
vertex 116.785575219373 -51.53208888623801 9.7
endloop
endfacet
facet normal 0 0 1
outer loop
vertex 131 -51.73205080756888 9.7
vertex 116.785575219373 -51.53208888623801 9.7
vertex 116.49999999999999 -51.73205080756888 9.7
endloop
endfacet
facet normal 0 0 1
outer loop
vertex 131 -51.53208888623801 9.7
vertex 131 -51.285575219373065 9.7
vertex 117.03208888623796 -51.285575219373065 9.7
endloop
endfacet
facet normal 0 0 1
outer loop
vertex 131 -51.53208888623801 9.7
vertex 117.03208888623796 -51.285575219373065 9.7
vertex 116.785575219373 -51.53208888623801 9.7
endloop
endfacet
facet normal 0 0 1
outer loop
vertex 131 -51.285575219373065 9.7
vertex 131 -51 9.7
vertex 117.23205080756887 -51 9.7
endloop
endfacet
facet normal 0 0 1
outer loop
vertex 131 -51.285575219373065 9.7
vertex 117.23205080756887 -51 9.7
vertex 117.03208888623796 -51.285575219373065 9.7
endloop
endfacet
facet normal 0 0 1
outer loop
vertex 169 -55.75 9.7
vertex 169 -51 9.7
vertex 164 -51 9.7
endloop
endfacet
facet normal 0 0 1
outer loop
vertex 169 -55.75 9.7
vertex 164 -51 9.7
vertex 150 -51 9.7
endloop
endfacet
facet normal 0 0 1
outer loop
vertex 169 -55.75 9.7
vertex 150 -51 9.7
vertex 145 -51 9.7
endloop
endfacet
facet normal 0 0 1
outer loop
vertex 169 -55.75 9.7
vertex 145 -51 9.7
vertex 145 -55.75 9.7
endloop
endfacet
facet normal 0 0 1
outer loop
vertex 131 -51 9.7
vertex 131 -50.68404028665135 9.7
vertex 117.3793852415718 -50.68404028665135 9.7
endloop
endfacet
facet normal 0 0 1
outer loop
vertex 131 -51 9.7
vertex 117.3793852415718 -50.68404028665135 9.7
vertex 117.23205080756887 -51 9.7
endloop
endfacet
facet normal 0 0 1
outer loop
vertex 131 -50.68404028665135 9.7
vertex 131 -50.34729635533384 9.7
vertex 117.46961550602441 -50.34729635533384 9.7
endloop
endfacet
facet normal 0 0 1
outer loop
vertex 131 -50.68404028665135 9.7
vertex 117.46961550602441 -50.34729635533384 9.7
vertex 117.3793852415718 -50.68404028665135 9.7
endloop
endfacet
facet normal 0 0 1
outer loop
vertex 131 -50.34729635533384 9.7
vertex 131 -49.99999999999997 9.7
vertex 117.5 -49.99999999999997 9.7
endloop
endfacet
facet normal 0 0 1
outer loop
vertex 131 -50.34729635533384 9.7
vertex 117.5 -49.99999999999997 9.7
vertex 117.46961550602441 -50.34729635533384 9.7
endloop
endfacet
facet normal 0 0 1
outer loop
vertex 131 -49.99999999999997 9.7
vertex 131 -46.75 9.7
vertex 125.50000000000006 -46.75 9.7
endloop
endfacet
facet normal 0 0 1
outer loop
vertex 131 -49.99999999999997 9.7
vertex 125.50000000000006 -46.75 9.7
vertex 119.50000000000001 -46.75 9.7
endloop
endfacet
facet normal 0 0 1
outer loop
vertex 131 -49.99999999999997 9.7
vertex 119.50000000000001 -46.75 9.7
vertex 119.1527036446662 -46.780384493975575 9.7
endloop
endfacet
facet normal 0 0 1
outer loop
vertex 131 -49.99999999999997 9.7
vertex 119.1527036446662 -46.780384493975575 9.7
vertex 118.81595971334863 -46.8706147584282 9.7
endloop
endfacet
facet normal 0 0 1
outer loop
vertex 131 -49.99999999999997 9.7
vertex 118.81595971334863 -46.8706147584282 9.7
vertex 118.49999999999999 -47.01794919243113 9.7
endloop
endfacet
facet normal 0 0 1
outer loop
vertex 131 -49.99999999999997 9.7
vertex 118.49999999999999 -47.01794919243113 9.7
vertex 118.214424780627 -47.21791111376199 9.7
endloop
endfacet
facet normal 0 0 1
outer loop
vertex 131 -49.99999999999997 9.7
vertex 118.214424780627 -47.21791111376199 9.7
vertex 117.96791111376194 -47.46442478062703 9.7
endloop
endfacet
facet normal 0 0 1
outer loop
vertex 131 -49.99999999999997 9.7
vertex 117.96791111376194 -47.46442478062703 9.7
vertex 117.7679491924311 -47.749999999999986 9.7
endloop
endfacet
facet normal 0 0 1
outer loop
vertex 131 -49.99999999999997 9.7
vertex 117.7679491924311 -47.749999999999986 9.7
vertex 117.62061475842822 -48.065959713348555 9.7
endloop
endfacet
facet normal 0 0 1
outer loop
vertex 131 -49.99999999999997 9.7
vertex 117.62061475842822 -48.065959713348555 9.7
vertex 117.53038449397559 -48.40270364466613 9.7
endloop
endfacet
facet normal 0 0 1
outer loop
vertex 131 -49.99999999999997 9.7
vertex 117.53038449397559 -48.40270364466613 9.7
vertex 117.5 -48.74999999999987 9.7
endloop
endfacet
facet normal 0 0 1
outer loop
vertex 131 -49.99999999999997 9.7
vertex 117.5 -48.74999999999987 9.7
vertex 117.5 -49.99999999999997 9.7
endloop
endfacet
facet normal 0 0 1
outer loop
vertex 131 -46.75 9.7
vertex 131 -46.71961550602441 9.7
vertex 125.8472963553339 -46.71961550602441 9.7
endloop
endfacet
facet normal 0 0 1
outer loop
vertex 131 -46.75 9.7
vertex 125.8472963553339 -46.71961550602441 9.7
vertex 125.50000000000006 -46.75 9.7
endloop
endfacet
facet normal 0 0 1
outer loop
vertex 131 -46.71961550602441 9.7
vertex 131 -46.62938524157183 9.7
vertex 126.18404028665132 -46.62938524157183 9.7
endloop
endfacet
facet normal 0 0 1
outer loop
vertex 131 -46.71961550602441 9.7
vertex 126.18404028665132 -46.62938524157183 9.7
vertex 125.8472963553339 -46.71961550602441 9.7
endloop
endfacet
facet normal 0 0 1
outer loop
vertex 131 -46.62938524157183 9.7
vertex 131 -46.482050807568896 9.7
vertex 126.49999999999996 -46.482050807568896 9.7
endloop
endfacet
facet normal 0 0 1
outer loop
vertex 131 -46.62938524157183 9.7
vertex 126.49999999999996 -46.482050807568896 9.7
vertex 126.18404028665132 -46.62938524157183 9.7
endloop
endfacet
facet normal 0 0 1
outer loop
vertex 131 -46.482050807568896 9.7
vertex 131 -46.28208888623788 9.7
vertex 126.78557521937317 -46.28208888623788 9.7
endloop
endfacet
facet normal 0 0 1
outer loop
vertex 131 -46.482050807568896 9.7
vertex 126.78557521937317 -46.28208888623788 9.7
vertex 126.49999999999996 -46.482050807568896 9.7
endloop
endfacet
facet normal 0 0 1
outer loop
vertex 131 -46.28208888623788 9.7
vertex 131 -46.03557521937306 9.7
vertex 127.03208888623799 -46.03557521937306 9.7
endloop
endfacet
facet normal 0 0 1
outer loop
vertex 131 -46.28208888623788 9.7
vertex 127.03208888623799 -46.03557521937306 9.7
vertex 126.78557521937317 -46.28208888623788 9.7
endloop
endfacet
facet normal 0 0 1
outer loop
vertex 131 -46.03557521937306 9.7
vertex 131 -45.75000000000024 9.7
vertex 127.23205080756874 -45.75000000000024 9.7
endloop
endfacet
facet normal 0 0 1
outer loop
vertex 131 -46.03557521937306 9.7
vertex 127.23205080756874 -45.75000000000024 9.7
vertex 127.03208888623799 -46.03557521937306 9.7
endloop
endfacet
facet normal 0 0 1
outer loop
vertex 131 -45.75000000000024 9.7
vertex 131 -45.43404028665121 9.7
vertex 127.37938524157184 -45.43404028665121 9.7
endloop
endfacet
facet normal 0 0 1
outer loop
vertex 131 -45.75000000000024 9.7
vertex 127.37938524157184 -45.43404028665121 9.7
vertex 127.23205080756874 -45.75000000000024 9.7
endloop
endfacet
facet normal 0 0 1
outer loop
vertex 131 -45.43404028665121 9.7
vertex 131 -45.09729635533385 9.7
vertex 127.46961550602441 -45.09729635533385 9.7
endloop
endfacet
facet normal 0 0 1
outer loop
vertex 131 -45.43404028665121 9.7
vertex 127.46961550602441 -45.09729635533385 9.7
vertex 127.37938524157184 -45.43404028665121 9.7
endloop
endfacet
facet normal 0 0 1
outer loop
vertex 131 -45.09729635533385 9.7
vertex 131 -44.749999999999986 9.7
vertex 127.5 -44.749999999999986 9.7
endloop
endfacet
facet normal 0 0 1
outer loop
vertex 131 -45.09729635533385 9.7
vertex 127.5 -44.749999999999986 9.7
vertex 127.46961550602441 -45.09729635533385 9.7
endloop
endfacet
facet normal 0 0 1
outer loop
vertex 188 -55.75 9.7
vertex 188 -44.125 9.7
vertex 183 -44.125 9.7
endloop
endfacet
facet normal 0 0 1
outer loop
vertex 188 -55.75 9.7
vertex 183 -44.125 9.7
vertex 183 -55.75 9.7
endloop
endfacet
facet normal 0 0 1
outer loop
vertex 205.5 -58.125 9.7
vertex 205.5 -44.125 9.7
vertex 202 -44.125 9.7
endloop
endfacet
facet normal 0 0 1
outer loop
vertex 205.5 -58.125 9.7
vertex 202 -44.125 9.7
vertex 202 -58.125 9.7
endloop
endfacet
facet normal 0 0 1
outer loop
vertex 131 -44.749999999999986 9.7
vertex 131 -41.75 9.7
vertex 127.5 -41.75 9.7
endloop
endfacet
facet normal 0 0 1
outer loop
vertex 131 -44.749999999999986 9.7
vertex 127.5 -41.75 9.7
vertex 127.5 -44.749999999999986 9.7
endloop
endfacet
facet normal 0 0 1
outer loop
vertex 150 -51 9.7
vertex 150 -41.75 9.7
vertex 145 -41.75 9.7
endloop
endfacet
facet normal 0 0 1
outer loop
vertex 150 -51 9.7
vertex 145 -41.75 9.7
vertex 145 -51 9.7
endloop
endfacet
facet normal 0 0 1
outer loop
vertex 169 -51 9.7
vertex 169 -41.75 9.7
vertex 164 -41.75 9.7
endloop
endfacet
facet normal 0 0 1
outer loop
vertex 169 -51 9.7
vertex 164 -41.75 9.7
vertex 164 -51 9.7
endloop
endfacet
facet normal 0 0 1
outer loop
vertex 188 -44.125 9.7
vertex 202 -44.125 9.7
vertex 205.5 -44.125 9.7
endloop
endfacet
facet normal 0 0 1
outer loop
vertex 188 -44.125 9.7
vertex 205.5 -44.125 9.7
vertex 205.5 -42.12499999999981 9.7
endloop
endfacet
facet normal 0 0 1
outer loop
vertex 188 -44.125 9.7
vertex 205.5 -42.12499999999981 9.7
vertex 205.4696155060244 -41.77770364466608 9.7
endloop
endfacet
facet normal 0 0 1
outer loop
vertex 188 -44.125 9.7
vertex 205.4696155060244 -41.77770364466608 9.7
vertex 205.46219233680873 -41.75 9.7
endloop
endfacet
facet normal 0 0 1
outer loop
vertex 188 -44.125 9.7
vertex 205.46219233680873 -41.75 9.7
vertex 183 -41.75 9.7
endloop
endfacet
facet normal 0 0 1
outer loop
vertex 188 -44.125 9.7
vertex 183 -41.75 9.7
vertex 183 -44.125 9.7
endloop
endfacet
facet normal 0 0 1
outer loop
vertex 169 -41.75 9.7
vertex 183 -41.75 9.7
vertex 205.46219233680873 -41.75 9.7
endloop
endfacet
facet normal 0 0 1
outer loop
vertex 169 -41.75 9.7
vertex 205.46219233680873 -41.75 9.7
vertex 205.37938524157187 -41.440959713348825 9.7
endloop
endfacet
facet normal 0 0 1
outer loop
vertex 169 -41.75 9.7
vertex 205.37938524157187 -41.440959713348825 9.7
vertex 205.2320508075688 -41.12499999999993 9.7
endloop
endfacet
facet normal 0 0 1
outer loop
vertex 169 -41.75 9.7
vertex 205.2320508075688 -41.12499999999993 9.7
vertex 205.03208888623797 -40.83942478062697 9.7
endloop
endfacet
facet normal 0 0 1
outer loop
vertex 169 -41.75 9.7
vertex 205.03208888623797 -40.83942478062697 9.7
vertex 204.78557521937293 -40.59291111376192 9.7
endloop
endfacet
facet normal 0 0 1
outer loop
vertex 169 -41.75 9.7
vertex 204.78557521937293 -40.59291111376192 9.7
vertex 204.5000000000001 -40.39294919243119 9.7
endloop
endfacet
facet normal 0 0 1
outer loop
vertex 169 -41.75 9.7
vertex 204.5000000000001 -40.39294919243119 9.7
vertex 204.18404028665128 -40.24561475842816 9.7
endloop
endfacet
facet normal 0 0 1
outer loop
vertex 169 -41.75 9.7
vertex 204.18404028665128 -40.24561475842816 9.7
vertex 203.84729635533392 -40.15538449397559 9.7
endloop
endfacet
facet normal 0 0 1
outer loop
vertex 169 -41.75 9.7
vertex 203.84729635533392 -40.15538449397559 9.7
vertex 203.49999999999997 -40.125 9.7
endloop
endfacet
facet normal 0 0 1
outer loop
vertex 169 -41.75 9.7
vertex 203.49999999999997 -40.125 9.7
vertex 186.5 -40.125 9.7
endloop
endfacet
facet normal 0 0 1
outer loop
vertex 169 -41.75 9.7
vertex 186.5 -40.125 9.7
vertex 164 -40.125 9.7
endloop
endfacet
facet normal 0 0 1
outer loop
vertex 169 -41.75 9.7
vertex 164 -40.125 9.7
vertex 164 -41.75 9.7
endloop
endfacet
facet normal 0 0 1
outer loop
vertex 131 -41.75 9.7
vertex 145 -41.75 9.7
vertex 150 -41.75 9.7
endloop
endfacet
facet normal 0 0 1
outer loop
vertex 131 -41.75 9.7
vertex 150 -41.75 9.7
vertex 150 -37.75 9.7
endloop
endfacet
facet normal 0 0 1
outer loop
vertex 131 -41.75 9.7
vertex 150 -37.75 9.7
vertex 144.5 -37.75 9.7
endloop
endfacet
facet normal 0 0 1
outer loop
vertex 131 -41.75 9.7
vertex 144.5 -37.75 9.7
vertex 129.5 -37.75 9.7
endloop
endfacet
facet normal 0 0 1
outer loop
vertex 131 -41.75 9.7
vertex 129.5 -37.75 9.7
vertex 129.15270364466608 -37.78038449397558 9.7
endloop
endfacet
facet normal 0 0 1
outer loop
vertex 131 -41.75 9.7
vertex 129.15270364466608 -37.78038449397558 9.7
vertex 128.8159597133487 -37.87061475842816 9.7
endloop
endfacet
facet normal 0 0 1
outer loop
vertex 131 -41.75 9.7
vertex 128.8159597133487 -37.87061475842816 9.7
vertex 128.50000000000003 -38.01794919243118 9.7
endloop
endfacet
facet normal 0 0 1
outer loop
vertex 131 -41.75 9.7
vertex 128.50000000000003 -38.01794919243118 9.7
vertex 128.21442478062687 -38.217911113761986 9.7
endloop
endfacet
facet normal 0 0 1
outer loop
vertex 131 -41.75 9.7
vertex 128.21442478062687 -38.217911113761986 9.7
vertex 127.96791111376209 -38.46442478062693 9.7
endloop
endfacet
facet normal 0 0 1
outer loop
vertex 131 -41.75 9.7
vertex 127.96791111376209 -38.46442478062693 9.7
vertex 127.76794919243116 -38.74999999999991 9.7
endloop
endfacet
facet normal 0 0 1
outer loop
vertex 131 -41.75 9.7
vertex 127.76794919243116 -38.74999999999991 9.7
vertex 127.62061475842813 -39.06595971334881 9.7
endloop
endfacet
facet normal 0 0 1
outer loop
vertex 131 -41.75 9.7
vertex 127.62061475842813 -39.06595971334881 9.7
vertex 127.5303844939756 -39.40270364466603 9.7
endloop
endfacet
facet normal 0 0 1
outer loop
vertex 131 -41.75 9.7
vertex 127.5303844939756 -39.40270364466603 9.7
vertex 127.5 -39.749999999999986 9.7
endloop
endfacet
facet normal 0 0 1
outer loop
vertex 131 -41.75 9.7
vertex 127.5 -39.749999999999986 9.7
vertex 127.5 -41.75 9.7
endloop
endfacet
facet normal 0 0 1
outer loop
vertex 186.5 -40.125 9.7
vertex 186.5 -39.749999999999986 9.7
vertex 186.4696155060244 -39.40270364466603 9.7
endloop
endfacet
facet normal 0 0 1
outer loop
vertex 186.5 -40.125 9.7
vertex 186.4696155060244 -39.40270364466603 9.7
vertex 186.37938524157187 -39.06595971334881 9.7
endloop
endfacet
facet normal 0 0 1
outer loop
vertex 186.5 -40.125 9.7
vertex 186.37938524157187 -39.06595971334881 9.7
vertex 186.2320508075688 -38.74999999999991 9.7
endloop
endfacet
facet normal 0 0 1
outer loop
vertex 186.5 -40.125 9.7
vertex 186.2320508075688 -38.74999999999991 9.7
vertex 186.03208888623794 -38.46442478062693 9.7
endloop
endfacet
facet normal 0 0 1
outer loop
vertex 186.5 -40.125 9.7
vertex 186.03208888623794 -38.46442478062693 9.7
vertex 185.78557521937302 -38.217911113761986 9.7
endloop
endfacet
facet normal 0 0 1
outer loop
vertex 186.5 -40.125 9.7
vertex 185.78557521937302 -38.217911113761986 9.7
vertex 185.5000000000001 -38.01794919243118 9.7
endloop
endfacet
facet normal 0 0 1
outer loop
vertex 186.5 -40.125 9.7
vertex 185.5000000000001 -38.01794919243118 9.7
vertex 185.18404028665128 -37.87061475842816 9.7
endloop
endfacet
facet normal 0 0 1
outer loop
vertex 186.5 -40.125 9.7
vertex 185.18404028665128 -37.87061475842816 9.7
vertex 184.8472963553339 -37.78038449397558 9.7
endloop
endfacet
facet normal 0 0 1
outer loop
vertex 186.5 -40.125 9.7
vertex 184.8472963553339 -37.78038449397558 9.7
vertex 184.50000000000003 -37.75 9.7
endloop
endfacet
facet normal 0 0 1
outer loop
vertex 186.5 -40.125 9.7
vertex 184.50000000000003 -37.75 9.7
vertex 169.49999999999997 -37.75 9.7
endloop
endfacet
facet normal 0 0 1
outer loop
vertex 186.5 -40.125 9.7
vertex 169.49999999999997 -37.75 9.7
vertex 164 -37.75 9.7
endloop
endfacet
facet normal 0 0 1
outer loop
vertex 186.5 -40.125 9.7
vertex 164 -37.75 9.7
vertex 164 -40.125 9.7
endloop
endfacet
facet normal 0 0 1
outer loop
vertex 150 -37.75 9.7
vertex 150 -37.719615506024425 9.7
vertex 144.84729635533387 -37.719615506024425 9.7
endloop
endfacet
facet normal 0 0 1
outer loop
vertex 150 -37.75 9.7
vertex 144.84729635533387 -37.719615506024425 9.7
vertex 144.5 -37.75 9.7
endloop
endfacet
facet normal 0 0 1
outer loop
vertex 169.49999999999997 -37.75 9.7
vertex 169.1527036446662 -37.719615506024425 9.7
vertex 164 -37.719615506024425 9.7
endloop
endfacet
facet normal 0 0 1
outer loop
vertex 169.49999999999997 -37.75 9.7
vertex 164 -37.719615506024425 9.7
vertex 164 -37.75 9.7
endloop
endfacet
facet normal 0 0 1
outer loop
vertex 150 -37.719615506024425 9.7
vertex 150 -37.62938524157179 9.7
vertex 145.18404028665134 -37.62938524157179 9.7
endloop
endfacet
facet normal 0 0 1
outer loop
vertex 150 -37.719615506024425 9.7
vertex 145.18404028665134 -37.62938524157179 9.7
vertex 144.84729635533387 -37.719615506024425 9.7
endloop
endfacet
facet normal 0 0 1
outer loop
vertex 169.1527036446662 -37.719615506024425 9.7
vertex 168.81595971334858 -37.62938524157179 9.7
vertex 164 -37.62938524157179 9.7
endloop
endfacet
facet normal 0 0 1
outer loop
vertex 169.1527036446662 -37.719615506024425 9.7
vertex 164 -37.62938524157179 9.7
vertex 164 -37.719615506024425 9.7
endloop
endfacet
facet normal 0 0 1
outer loop
vertex 150 -37.62938524157179 9.7
vertex 150 -37.48205080756892 9.7
vertex 145.49999999999994 -37.48205080756892 9.7
endloop
endfacet
facet normal 0 0 1
outer loop
vertex 150 -37.62938524157179 9.7
vertex 145.49999999999994 -37.48205080756892 9.7
vertex 145.18404028665134 -37.62938524157179 9.7
endloop
endfacet
facet normal 0 0 1
outer loop
vertex 168.81595971334858 -37.62938524157179 9.7
vertex 168.50000000000006 -37.48205080756892 9.7
vertex 164 -37.48205080756892 9.7
endloop
endfacet
facet normal 0 0 1
outer loop
vertex 168.81595971334858 -37.62938524157179 9.7
vertex 164 -37.48205080756892 9.7
vertex 164 -37.62938524157179 9.7
endloop
endfacet
facet normal 0 0 1
outer loop
vertex 150 -37.48205080756892 9.7
vertex 150 -37.28208888623797 9.7
vertex 145.78557521937307 -37.28208888623797 9.7
endloop
endfacet
facet normal 0 0 1
outer loop
vertex 150 -37.48205080756892 9.7
vertex 145.78557521937307 -37.28208888623797 9.7
vertex 145.49999999999994 -37.48205080756892 9.7
endloop
endfacet
facet normal 0 0 1
outer loop
vertex 168.50000000000006 -37.48205080756892 9.7
vertex 168.21442478062696 -37.28208888623797 9.7
vertex 164 -37.28208888623797 9.7
endloop
endfacet
facet normal 0 0 1
outer loop
vertex 168.50000000000006 -37.48205080756892 9.7
vertex 164 -37.28208888623797 9.7
vertex 164 -37.48205080756892 9.7
endloop
endfacet
facet normal 0 0 1
outer loop
vertex 150 -37.28208888623797 9.7
vertex 150 -37.03557521937296 9.7
vertex 146.03208888623794 -37.03557521937296 9.7
endloop
endfacet
facet normal 0 0 1
outer loop
vertex 150 -37.28208888623797 9.7
vertex 146.03208888623794 -37.03557521937296 9.7
vertex 145.78557521937307 -37.28208888623797 9.7
endloop
endfacet
facet normal 0 0 1
outer loop
vertex 168.21442478062696 -37.28208888623797 9.7
vertex 167.96791111376194 -37.03557521937296 9.7
vertex 164 -37.03557521937296 9.7
endloop
endfacet
facet normal 0 0 1
outer loop
vertex 168.21442478062696 -37.28208888623797 9.7
vertex 164 -37.03557521937296 9.7
vertex 164 -37.28208888623797 9.7
endloop
endfacet
facet normal 0 0 1
outer loop
vertex 150 -37.03557521937296 9.7
vertex 150 -37 9.7
vertex 146.05699892301655 -37 9.7
endloop
endfacet
facet normal 0 0 1
outer loop
vertex 150 -37.03557521937296 9.7
vertex 146.05699892301655 -37 9.7
vertex 146.03208888623794 -37.03557521937296 9.7
endloop
endfacet
facet normal 0 0 1
outer loop
vertex 167.96791111376194 -37.03557521937296 9.7
vertex 167.94300107698353 -37 9.7
vertex 164 -37 9.7
endloop
endfacet
facet normal 0 0 1
outer loop
vertex 167.96791111376194 -37.03557521937296 9.7
vertex 164 -37 9.7
vertex 164 -37.03557521937296 9.7
endloop
endfacet
facet normal 0 0 1
outer loop
vertex 150 -37 9.7
vertex 164 -37 9.7
vertex 167.94300107698353 -37 9.7
endloop
endfacet
facet normal 0 0 1
outer loop
vertex 150 -37 9.7
vertex 167.94300107698353 -37 9.7
vertex 167.76794919243122 -36.750000000000156 9.7
endloop
endfacet
facet normal 0 0 1
outer loop
vertex 150 -37 9.7
vertex 167.76794919243122 -36.750000000000156 9.7
vertex 146.23205080756895 -36.750000000000156 9.7
endloop
endfacet
facet normal 0 0 1
outer loop
vertex 150 -37 9.7
vertex 146.23205080756895 -36.750000000000156 9.7
vertex 146.05699892301655 -37 9.7
endloop
endfacet
facet normal 0 0 1
outer loop
vertex 167.76794919243122 -36.750000000000156 9.7
vertex 167.62061475842822 -36.43404028665139 9.7
vertex 146.37938524157178 -36.43404028665139 9.7
endloop
endfacet
facet normal 0 0 1
outer loop
vertex 167.76794919243122 -36.750000000000156 9.7
vertex 146.37938524157178 -36.43404028665139 9.7
vertex 146.23205080756895 -36.750000000000156 9.7
endloop
endfacet
facet normal 0 0 1
outer loop
vertex 167.62061475842822 -36.43404028665139 9.7
vertex 167.53038449397553 -36.09729635533358 9.7
vertex 146.46961550602438 -36.09729635533358 9.7
endloop
endfacet
facet normal 0 0 1
outer loop
vertex 167.62061475842822 -36.43404028665139 9.7
vertex 146.46961550602438 -36.09729635533358 9.7
vertex 146.37938524157178 -36.43404028665139 9.7
endloop
endfacet
facet normal 0 0 1
outer loop
vertex 167.53038449397553 -36.09729635533358 9.7
vertex 167.49999999999994 -35.74999999999987 9.7
vertex 146.5 -35.74999999999987 9.7
endloop
endfacet
facet normal 0 0 1
outer loop
vertex 167.53038449397553 -36.09729635533358 9.7
vertex 146.5 -35.74999999999987 9.7
vertex 146.46961550602438 -36.09729635533358 9.7
endloop
endfacet
facet normal 0 0 1
outer loop
vertex 167.49999999999994 -35.74999999999987 9.7
vertex 167.5 -34.9999999999997 9.7
vertex 167.4696155060244 -34.65270364466617 9.7
endloop
endfacet
facet normal 0 0 1
outer loop
vertex 167.49999999999994 -35.74999999999987 9.7
vertex 167.4696155060244 -34.65270364466617 9.7
vertex 167.37938524157175 -34.31595971334863 9.7
endloop
endfacet
facet normal 0 0 1
outer loop
vertex 167.49999999999994 -35.74999999999987 9.7
vertex 167.37938524157175 -34.31595971334863 9.7
vertex 167.23205080756884 -33.99999999999998 9.7
endloop
endfacet
facet normal 0 0 1
outer loop
vertex 167.49999999999994 -35.74999999999987 9.7
vertex 167.23205080756884 -33.99999999999998 9.7
vertex 167.03208888623783 -33.71442478062679 9.7
endloop
endfacet
facet normal 0 0 1
outer loop
vertex 167.49999999999994 -35.74999999999987 9.7
vertex 167.03208888623783 -33.71442478062679 9.7
vertex 166.78557521937307 -33.46791111376203 9.7
endloop
endfacet
facet normal 0 0 1
outer loop
vertex 167.49999999999994 -35.74999999999987 9.7
vertex 166.78557521937307 -33.46791111376203 9.7
vertex 166.49999999999997 -33.267949192431104 9.7
endloop
endfacet
facet normal 0 0 1
outer loop
vertex 167.49999999999994 -35.74999999999987 9.7
vertex 166.49999999999997 -33.267949192431104 9.7
vertex 166.18404028665137 -33.12061475842819 9.7
endloop
endfacet
facet normal 0 0 1
outer loop
vertex 167.49999999999994 -35.74999999999987 9.7
vertex 166.18404028665137 -33.12061475842819 9.7
vertex 165.8472963553339 -33.03038449397559 9.7
endloop
endfacet
facet normal 0 0 1
outer loop
vertex 167.49999999999994 -35.74999999999987 9.7
vertex 165.8472963553339 -33.03038449397559 9.7
vertex 165.49999999999994 -33 9.7
endloop
endfacet
facet normal 0 0 1
outer loop
vertex 167.49999999999994 -35.74999999999987 9.7
vertex 165.49999999999994 -33 9.7
vertex 148.50000000000003 -33 9.7
endloop
endfacet
facet normal 0 0 1
outer loop
vertex 167.49999999999994 -35.74999999999987 9.7
vertex 148.50000000000003 -33 9.7
vertex 148.1527036446662 -33.03038449397559 9.7
endloop
endfacet
facet normal 0 0 1
outer loop
vertex 167.49999999999994 -35.74999999999987 9.7
vertex 148.1527036446662 -33.03038449397559 9.7
vertex 147.81595971334858 -33.12061475842819 9.7
endloop
endfacet
facet normal 0 0 1
outer loop
vertex 167.49999999999994 -35.74999999999987 9.7
vertex 147.81595971334858 -33.12061475842819 9.7
vertex 147.5 -33.267949192431104 9.7
endloop
endfacet
facet normal 0 0 1
outer loop
vertex 167.49999999999994 -35.74999999999987 9.7
vertex 147.5 -33.267949192431104 9.7
vertex 147.214424780627 -33.46791111376203 9.7
endloop
endfacet
facet normal 0 0 1
outer loop
vertex 167.49999999999994 -35.74999999999987 9.7
vertex 147.214424780627 -33.46791111376203 9.7
vertex 146.96791111376191 -33.71442478062679 9.7
endloop
endfacet
facet normal 0 0 1
outer loop
vertex 167.49999999999994 -35.74999999999987 9.7
vertex 146.96791111376191 -33.71442478062679 9.7
vertex 146.7679491924312 -33.99999999999998 9.7
endloop
endfacet
facet normal 0 0 1
outer loop
vertex 167.49999999999994 -35.74999999999987 9.7
vertex 146.7679491924312 -33.99999999999998 9.7
vertex 146.6206147584282 -34.31595971334863 9.7
endloop
endfacet
facet normal 0 0 1
outer loop
vertex 167.49999999999994 -35.74999999999987 9.7
vertex 146.6206147584282 -34.31595971334863 9.7
vertex 146.53038449397556 -34.65270364466617 9.7
endloop
endfacet
facet normal 0 0 1
outer loop
vertex 167.49999999999994 -35.74999999999987 9.7
vertex 146.53038449397556 -34.65270364466617 9.7
vertex 146.5 -34.9999999999997 9.7
endloop
endfacet
facet normal 0 0 1
outer loop
vertex 167.49999999999994 -35.74999999999987 9.7
vertex 146.5 -34.9999999999997 9.7
vertex 146.5 -35.74999999999987 9.7
endloop
endfacet
facet normal 0 -1 0
outer loop
vertex 127.5 -131 8.1
vertex 127.50000000000001 -131 9.7
vertex 91.49999999999967 -131 9.7
endloop
endfacet
facet normal 0 -1 0
outer loop
vertex 127.5 -131 8.1
vertex 91.49999999999967 -131 9.7
vertex 91.49999999999967 -131 8.1
endloop
endfacet
facet normal 0.08715574274768298 -0.9961946980917433 0
outer loop
vertex 127.84729635533384 -130.96961550602447 9.7
vertex 127.50000000000001 -131 9.7
vertex 127.5 -131 8.1
endloop
endfacet
facet normal 0.08715574274768298 -0.9961946980917433 0
outer loop
vertex 127.84729635533384 -130.96961550602447 9.7
vertex 127.5 -131 8.1
vertex 127.84729635533373 -130.96961550602447 8.1
endloop
endfacet
facet normal 0.2588190451025404 -0.9659258262890631 0
outer loop
vertex 128.18404028665122 -130.87938524157184 9.7
vertex 127.84729635533384 -130.96961550602447 9.7
vertex 127.84729635533373 -130.96961550602447 8.1
endloop
endfacet
facet normal 0.2588190451025404 -0.9659258262890631 0
outer loop
vertex 128.18404028665122 -130.87938524157184 9.7
vertex 127.84729635533373 -130.96961550602447 8.1
vertex 128.18404028665134 -130.8793852415718 8.1
endloop
endfacet
facet normal 0.42261826174069467 -0.9063077870366524 0
outer loop
vertex 128.50000000000017 -130.73205080756884 9.7
vertex 128.18404028665122 -130.87938524157184 9.7
vertex 128.18404028665134 -130.8793852415718 8.1
endloop
endfacet
facet normal 0.42261826174069467 -0.9063077870366524 0
outer loop
vertex 128.50000000000017 -130.73205080756884 9.7
vertex 128.18404028665134 -130.8793852415718 8.1
vertex 128.5000000000001 -130.73205080756887 8.1
endloop
endfacet
facet normal 0.5735764363510599 -0.8191520442889821 0
outer loop
vertex 128.78557521937307 -130.53208888623794 9.7
vertex 128.50000000000017 -130.73205080756884 9.7
vertex 128.5000000000001 -130.73205080756887 8.1
endloop
endfacet
facet normal 0.5735764363510599 -0.8191520442889821 0
outer loop
vertex 128.78557521937307 -130.53208888623794 9.7
vertex 128.5000000000001 -130.73205080756887 8.1
vertex 128.78557521937307 -130.5320888862379 8.1
endloop
endfacet
facet normal 0.7071067811865476 -0.7071067811865476 0
outer loop
vertex 129.03208888623772 -130.2855752193731 9.7
vertex 128.78557521937307 -130.53208888623794 9.7
vertex 128.78557521937307 -130.5320888862379 8.1
endloop
endfacet
facet normal 0.7071067811865476 -0.7071067811865476 0
outer loop
vertex 129.03208888623772 -130.2855752193731 9.7
vertex 128.78557521937307 -130.5320888862379 8.1
vertex 129.03208888623786 -130.2855752193731 8.1
endloop
endfacet
facet normal 0.8191520442889821 -0.5735764363510599 0
outer loop
vertex 129.23205080756898 -130.00000000000003 9.7
vertex 129.03208888623772 -130.2855752193731 9.7
vertex 129.03208888623786 -130.2855752193731 8.1
endloop
endfacet
facet normal 0.8191520442889821 -0.5735764363510599 0
outer loop
vertex 129.23205080756898 -130.00000000000003 9.7
vertex 129.03208888623786 -130.2855752193731 8.1
vertex 129.23205080756887 -130 8.1
endloop
endfacet
facet normal 0.9063077870366524 -0.4226182617406946 0
outer loop
vertex 129.37938524157178 -129.6840402866514 9.7
vertex 129.23205080756898 -130.00000000000003 9.7
vertex 129.23205080756887 -130 8.1
endloop
endfacet
facet normal 0.9063077870366524 -0.4226182617406946 0
outer loop
vertex 129.37938524157178 -129.6840402866514 9.7
vertex 129.23205080756887 -130 8.1
vertex 129.3793852415718 -129.68404028665137 8.1
endloop
endfacet
facet normal 0.9659258262890627 -0.25881904510254217 0
outer loop
vertex 129.46961550602438 -129.34729635533384 9.7
vertex 129.37938524157178 -129.6840402866514 9.7
vertex 129.3793852415718 -129.68404028665137 8.1
endloop
endfacet
facet normal 0.9659258262890627 -0.25881904510254217 0
outer loop
vertex 129.46961550602438 -129.34729635533384 9.7
vertex 129.3793852415718 -129.68404028665137 8.1
vertex 129.4696155060244 -129.34729635533384 8.1
endloop
endfacet
facet normal 0.9961946980917433 -0.08715574274768298 0
outer loop
vertex 129.5 -129.00000000000006 9.7
vertex 129.46961550602438 -129.34729635533384 9.7
vertex 129.4696155060244 -129.34729635533384 8.1
endloop
endfacet
facet normal 0.9961946980917433 -0.08715574274768298 0
outer loop
vertex 129.5 -129.00000000000006 9.7
vertex 129.4696155060244 -129.34729635533384 8.1
vertex 129.5 -129 8.1
endloop
endfacet
facet normal 1 0 0
outer loop
vertex 129.5 -127 8.1
vertex 129.5 -123.99999999999997 8.1
vertex 129.5 -124.00000000000003 9.7
endloop
endfacet
facet normal 1 0 0
outer loop
vertex 129.5 -127 8.1
vertex 129.5 -124.00000000000003 9.7
vertex 129.5 -127 9.7
endloop
endfacet
facet normal 1 0 0
outer loop
vertex 129.5 -127 8.1
vertex 129.5 -127 9.7
vertex 129.5 -129.00000000000006 9.7
endloop
endfacet
facet normal 1 0 0
outer loop
vertex 129.5 -127 8.1
vertex 129.5 -129.00000000000006 9.7
vertex 129.5 -129 8.1
endloop
endfacet
facet normal 0.9961946980917433 -0.08715574274768298 0
outer loop
vertex 129.5303844939756 -123.65270364466618 9.7
vertex 129.5 -124.00000000000003 9.7
vertex 129.5 -123.99999999999997 8.1
endloop
endfacet
facet normal 0.9961946980917433 -0.08715574274768298 0
outer loop
vertex 129.5303844939756 -123.65270364466618 9.7
vertex 129.5 -123.99999999999997 8.1
vertex 129.5303844939756 -123.65270364466623 8.1
endloop
endfacet
facet normal 0.965925826289063 -0.25881904510254033 0
outer loop
vertex 129.62061475842825 -123.31595971334855 9.7
vertex 129.5303844939756 -123.65270364466618 9.7
vertex 129.5303844939756 -123.65270364466623 8.1
endloop
endfacet
facet normal 0.965925826289063 -0.25881904510254033 0
outer loop
vertex 129.62061475842825 -123.31595971334855 9.7
vertex 129.5303844939756 -123.65270364466623 8.1
vertex 129.62061475842825 -123.31595971334852 8.1
endloop
endfacet
facet normal 0.9063077870366524 -0.4226182617406946 0
outer loop
vertex 129.76794919243108 -123.00000000000011 9.7
vertex 129.62061475842825 -123.31595971334855 9.7
vertex 129.62061475842825 -123.31595971334852 8.1
endloop
endfacet
facet normal 0.9063077870366524 -0.4226182617406946 0
outer loop
vertex 129.76794919243108 -123.00000000000011 9.7
vertex 129.62061475842825 -123.31595971334852 8.1
vertex 129.76794919243116 -122.9999999999999 8.1
endloop
endfacet
facet normal 0.8191520442889821 -0.5735764363510599 0
outer loop
vertex 129.967911113762 -122.71442478062698 9.7
vertex 129.76794919243108 -123.00000000000011 9.7
vertex 129.76794919243116 -122.9999999999999 8.1
endloop
endfacet
facet normal 0.8191520442889821 -0.5735764363510599 0
outer loop
vertex 129.967911113762 -122.71442478062698 9.7
vertex 129.76794919243116 -122.9999999999999 8.1
vertex 129.96791111376191 -122.71442478062708 8.1
endloop
endfacet
facet normal 0.707106781186576 -0.7071067811865192 0
outer loop
vertex 130.21442478062693 -122.46791111376203 9.7
vertex 129.967911113762 -122.71442478062698 9.7
vertex 129.96791111376191 -122.71442478062708 8.1
endloop
endfacet
facet normal 0.707106781186576 -0.7071067811865192 0
outer loop
vertex 130.21442478062693 -122.46791111376203 9.7
vertex 129.96791111376191 -122.71442478062708 8.1
vertex 130.214424780627 -122.46791111376197 8.1
endloop
endfacet
facet normal 0.5735764363510666 -0.8191520442889775 0
outer loop
vertex 130.49999999999991 -122.26794919243116 9.7
vertex 130.21442478062693 -122.46791111376203 9.7
vertex 130.214424780627 -122.46791111376197 8.1
endloop
endfacet
facet normal 0.5735764363510666 -0.8191520442889775 0
outer loop
vertex 130.49999999999991 -122.26794919243116 9.7
vertex 130.214424780627 -122.46791111376197 8.1
vertex 130.49999999999991 -122.26794919243117 8.1
endloop
endfacet
facet normal 0.42261826174066586 -0.9063077870366657 0
outer loop
vertex 130.81595971334872 -122.12061475842816 9.7
vertex 130.49999999999991 -122.26794919243116 9.7
vertex 130.49999999999991 -122.26794919243117 8.1
endloop
endfacet
facet normal 0.42261826174066586 -0.9063077870366657 0
outer loop
vertex 130.81595971334872 -122.12061475842816 9.7
vertex 130.49999999999991 -122.26794919243117 8.1
vertex 130.8159597133488 -122.12061475842813 8.1
endloop
endfacet
facet normal 0.25881904510254033 -0.965925826289063 0
outer loop
vertex 131.1527036446662 -122.03038449397556 9.7
vertex 130.81595971334872 -122.12061475842816 9.7
vertex 130.8159597133488 -122.12061475842813 8.1
endloop
endfacet
facet normal 0.25881904510254033 -0.965925826289063 0
outer loop
vertex 131.1527036446662 -122.03038449397556 9.7
vertex 130.8159597133488 -122.12061475842813 8.1
vertex 131.1527036446661 -122.03038449397559 8.1
endloop
endfacet
facet normal 0.087155742747683 -0.9961946980917434 0
outer loop
vertex 131.49999999999957 -122 9.7
vertex 131.1527036446662 -122.03038449397556 9.7
vertex 131.1527036446661 -122.03038449397559 8.1
endloop
endfacet
facet normal 0.087155742747683 -0.9961946980917434 0
outer loop
vertex 131.49999999999957 -122 9.7
vertex 131.1527036446661 -122.03038449397559 8.1
vertex 131.50000000000003 -122 8.1
endloop
endfacet
facet normal 0 -1 0
outer loop
vertex 137.5000000000001 -122 8.1
vertex 137.5000000000002 -122 9.7
vertex 131.49999999999957 -122 9.7
endloop
endfacet
facet normal 0 -1 0
outer loop
vertex 137.5000000000001 -122 8.1
vertex 131.49999999999957 -122 9.7
vertex 131.50000000000003 -122 8.1
endloop
endfacet
facet normal 0.087155742747683 -0.9961946980917434 0
outer loop
vertex 137.84729635533375 -121.96961550602444 9.7
vertex 137.5000000000002 -122 9.7
vertex 137.5000000000001 -122 8.1
endloop
endfacet
facet normal 0.087155742747683 -0.9961946980917434 0
outer loop
vertex 137.84729635533375 -121.96961550602444 9.7
vertex 137.5000000000001 -122 8.1
vertex 137.8472963553338 -121.96961550602443 8.1
endloop
endfacet
facet normal 0.25881904510254033 -0.965925826289063 0
outer loop
vertex 138.18404028665145 -121.87938524157178 9.7
vertex 137.84729635533375 -121.96961550602444 9.7
vertex 137.8472963553338 -121.96961550602443 8.1
endloop
endfacet
facet normal 0.25881904510254033 -0.965925826289063 0
outer loop
vertex 138.18404028665145 -121.87938524157178 9.7
vertex 137.8472963553338 -121.96961550602443 8.1
vertex 138.18404028665134 -121.87938524157181 8.1
endloop
endfacet
facet normal 0.42261826174066586 -0.9063077870366657 0
outer loop
vertex 138.49999999999994 -121.73205080756894 9.7
vertex 138.18404028665145 -121.87938524157178 9.7
vertex 138.18404028665134 -121.87938524157181 8.1
endloop
endfacet
facet normal 0.42261826174066586 -0.9063077870366657 0
outer loop
vertex 138.49999999999994 -121.73205080756894 9.7
vertex 138.18404028665134 -121.87938524157181 8.1
vertex 138.50000000000006 -121.73205080756885 8.1
endloop
endfacet
facet normal 0.5735764363510599 -0.8191520442889821 0
outer loop
vertex 138.78557521937307 -121.53208888623797 9.7
vertex 138.49999999999994 -121.73205080756894 9.7
vertex 138.50000000000006 -121.73205080756885 8.1
endloop
endfacet
facet normal 0.5735764363510599 -0.8191520442889821 0
outer loop
vertex 138.78557521937307 -121.53208888623797 9.7
vertex 138.50000000000006 -121.73205080756885 8.1
vertex 138.78557521937296 -121.53208888623804 8.1
endloop
endfacet
facet normal 0.707106781186576 -0.7071067811865192 0
outer loop
vertex 139.0320888862379 -121.28557521937314 9.7
vertex 138.78557521937307 -121.53208888623797 9.7
vertex 138.78557521937296 -121.53208888623804 8.1
endloop
endfacet
facet normal 0.707106781186576 -0.7071067811865192 0
outer loop
vertex 139.0320888862379 -121.28557521937314 9.7
vertex 138.78557521937296 -121.53208888623804 8.1
vertex 139.032088886238 -121.28557521937299 8.1
endloop
endfacet
facet normal 0.8191520442889821 -0.5735764363510599 0
outer loop
vertex 139.23205080756887 -121 9.7
vertex 139.0320888862379 -121.28557521937314 9.7
vertex 139.032088886238 -121.28557521937299 8.1
endloop
endfacet
facet normal 0.8191520442889821 -0.5735764363510599 0
outer loop
vertex 139.23205080756887 -121 9.7
vertex 139.032088886238 -121.28557521937299 8.1
vertex 139.2320508075689 -120.99999999999994 8.1
endloop
endfacet
facet normal 0.9063077870366523 -0.42261826174069467 0
outer loop
vertex 139.3793852415718 -120.68404028665132 9.7
vertex 139.23205080756887 -121 9.7
vertex 139.2320508075689 -120.99999999999994 8.1
endloop
endfacet
facet normal 0.9063077870366523 -0.42261826174069467 0
outer loop
vertex 139.3793852415718 -120.68404028665132 9.7
vertex 139.2320508075689 -120.99999999999994 8.1
vertex 139.37938524157184 -120.68404028665128 8.1
endloop
endfacet
facet normal 0.965925826289063 -0.25881904510254033 0
outer loop
vertex 139.46961550602438 -120.34729635533395 9.7
vertex 139.3793852415718 -120.68404028665132 9.7
vertex 139.37938524157184 -120.68404028665128 8.1
endloop
endfacet
facet normal 0.965925826289063 -0.25881904510254033 0
outer loop
vertex 139.46961550602438 -120.34729635533395 9.7
vertex 139.37938524157184 -120.68404028665128 8.1
vertex 139.4696155060244 -120.34729635533397 8.1
endloop
endfacet
facet normal 0.9961946980917433 -0.08715574274768298 0
outer loop
vertex 139.5 -119.99999999999987 9.7
vertex 139.46961550602438 -120.34729635533395 9.7
vertex 139.4696155060244 -120.34729635533397 8.1
endloop
endfacet
facet normal 0.9961946980917433 -0.08715574274768298 0
outer loop
vertex 139.5 -119.99999999999987 9.7
vertex 139.4696155060244 -120.34729635533397 8.1
vertex 139.5 -119.99999999999997 8.1
endloop
endfacet
facet normal 1 0 0
outer loop
vertex 139.5 -118.75000000000003 8.1
vertex 139.5 -118.75000000000006 9.7
vertex 139.5 -119.99999999999987 9.7
endloop
endfacet
facet normal 1 0 0
outer loop
vertex 139.5 -118.75000000000003 8.1
vertex 139.5 -119.99999999999987 9.7
vertex 139.5 -119.99999999999997 8.1
endloop
endfacet
facet normal 0.9961946980917433 -0.08715574274768298 0
outer loop
vertex 139.5303844939756 -118.40270364466605 9.7
vertex 139.5 -118.75000000000006 9.7
vertex 139.5 -118.75000000000003 8.1
endloop
endfacet
facet normal 0.9961946980917433 -0.08715574274768298 0
outer loop
vertex 139.5303844939756 -118.40270364466605 9.7
vertex 139.5 -118.75000000000003 8.1
vertex 139.53038449397562 -118.40270364466598 8.1
endloop
endfacet
facet normal 0.965925826289063 -0.25881904510254033 0
outer loop
vertex 139.62061475842813 -118.06595971334875 9.7
vertex 139.5303844939756 -118.40270364466605 9.7
vertex 139.53038449397562 -118.40270364466598 8.1
endloop
endfacet
facet normal 0.965925826289063 -0.25881904510254033 0
outer loop
vertex 139.62061475842813 -118.06595971334875 9.7
vertex 139.53038449397562 -118.40270364466598 8.1
vertex 139.6206147584282 -118.06595971334865 8.1
endloop
endfacet
facet normal 0.9063077870366524 -0.4226182617406946 0
outer loop
vertex 139.76794919243108 -117.75000000000011 9.7
vertex 139.62061475842813 -118.06595971334875 9.7
vertex 139.6206147584282 -118.06595971334865 8.1
endloop
endfacet
facet normal 0.9063077870366524 -0.4226182617406946 0
outer loop
vertex 139.76794919243108 -117.75000000000011 9.7
vertex 139.6206147584282 -118.06595971334865 8.1
vertex 139.7679491924311 -117.75000000000004 8.1
endloop
endfacet
facet normal 0.8191520442889821 -0.5735764363510599 0
outer loop
vertex 139.96791111376214 -117.46442478062684 9.7
vertex 139.76794919243108 -117.75000000000011 9.7
vertex 139.7679491924311 -117.75000000000004 8.1
endloop
endfacet
facet normal 0.8191520442889821 -0.5735764363510599 0
outer loop
vertex 139.96791111376214 -117.46442478062684 9.7
vertex 139.7679491924311 -117.75000000000004 8.1
vertex 139.9679111137621 -117.46442478062684 8.1
endloop
endfacet
facet normal 0.707106781186576 -0.7071067811865192 0
outer loop
vertex 140.21442478062698 -117.21791111376199 9.7
vertex 139.96791111376214 -117.46442478062684 9.7
vertex 139.9679111137621 -117.46442478062684 8.1
endloop
endfacet
facet normal 0.707106781186576 -0.7071067811865192 0
outer loop
vertex 140.21442478062698 -117.21791111376199 9.7
vertex 139.9679111137621 -117.46442478062684 8.1
vertex 140.21442478062696 -117.21791111376199 8.1
endloop
endfacet
facet normal 0.5735764363510599 -0.8191520442889821 0
outer loop
vertex 140.49999999999997 -117.01794919243112 9.7
vertex 140.21442478062698 -117.21791111376199 9.7
vertex 140.21442478062696 -117.21791111376199 8.1
endloop
endfacet
facet normal 0.5735764363510599 -0.8191520442889821 0
outer loop
vertex 140.49999999999997 -117.01794919243112 9.7
vertex 140.21442478062696 -117.21791111376199 8.1
vertex 140.49999999999977 -117.01794919243125 8.1
endloop
endfacet
facet normal 0.42261826174066586 -0.9063077870366657 0
outer loop
vertex 140.8159597133487 -116.87061475842816 9.7
vertex 140.49999999999997 -117.01794919243112 9.7
vertex 140.49999999999977 -117.01794919243125 8.1
endloop
endfacet
facet normal 0.42261826174066586 -0.9063077870366657 0
outer loop
vertex 140.8159597133487 -116.87061475842816 9.7
vertex 140.49999999999977 -117.01794919243125 8.1
vertex 140.81595971334883 -116.87061475842813 8.1
endloop
endfacet
facet normal 0.25881904510254033 -0.965925826289063 0
outer loop
vertex 141.15270364466602 -116.7803844939756 9.7
vertex 140.8159597133487 -116.87061475842816 9.7
vertex 140.81595971334883 -116.87061475842813 8.1
endloop
endfacet
facet normal 0.25881904510254033 -0.965925826289063 0
outer loop
vertex 141.15270364466602 -116.7803844939756 9.7
vertex 140.81595971334883 -116.87061475842813 8.1
vertex 141.15270364466602 -116.7803844939756 8.1
endloop
endfacet
facet normal 0.08715574274768298 -0.9961946980917433 0
outer loop
vertex 141.50000000000009 -116.75 9.7
vertex 141.15270364466602 -116.7803844939756 9.7
vertex 141.15270364466602 -116.7803844939756 8.1
endloop
endfacet
facet normal 0.08715574274768298 -0.9961946980917433 0
outer loop
vertex 141.50000000000009 -116.75 9.7
vertex 141.15270364466602 -116.7803844939756 8.1
vertex 141.5000000000001 -116.75 8.1
endloop
endfacet
facet normal 0 -1 0
outer loop
vertex 146.50000000000014 -116.75 8.1
vertex 146.5000000000001 -116.75 9.7
vertex 141.50000000000009 -116.75 9.7
endloop
endfacet
facet normal 0 -1 0
outer loop
vertex 146.50000000000014 -116.75 8.1
vertex 141.50000000000009 -116.75 9.7
vertex 141.5000000000001 -116.75 8.1
endloop
endfacet
facet normal 0 -1 0
outer loop
vertex 175.1974806 -116.75 8.1
vertex 175.1974806 -116.75 9.7
vertex 167.49999999999997 -116.75 9.7
endloop
endfacet
facet normal 0 -1 0
outer loop
vertex 175.1974806 -116.75 8.1
vertex 167.49999999999997 -116.75 9.7
vertex 167.5 -116.75 8.1
endloop
endfacet
facet normal 0.08715574274768298 -0.9961946980917433 0
outer loop
vertex 146.84729635533378 -116.71961550602441 9.7
vertex 146.5000000000001 -116.75 9.7
vertex 146.50000000000014 -116.75 8.1
endloop
endfacet
facet normal 0.08715574274768298 -0.9961946980917433 0
outer loop
vertex 146.84729635533378 -116.71961550602441 9.7
vertex 146.50000000000014 -116.75 8.1
vertex 146.84729635533384 -116.71961550602441 8.1
endloop
endfacet
facet normal 0.25881904510254033 -0.965925826289063 0
outer loop
vertex 147.18404028665128 -116.6293852415718 9.7
vertex 146.84729635533378 -116.71961550602441 9.7
vertex 146.84729635533384 -116.71961550602441 8.1
endloop
endfacet
facet normal 0.25881904510254033 -0.965925826289063 0
outer loop
vertex 147.18404028665128 -116.6293852415718 9.7
vertex 146.84729635533384 -116.71961550602441 8.1
vertex 147.1840402866512 -116.62938524157181 8.1
endloop
endfacet
facet normal 0.42261826174066586 -0.9063077870366657 0
outer loop
vertex 147.50000000000009 -116.48205080756891 9.7
vertex 147.18404028665128 -116.6293852415718 9.7
vertex 147.1840402866512 -116.62938524157181 8.1
endloop
endfacet
facet normal 0.42261826174066586 -0.9063077870366657 0
outer loop
vertex 147.50000000000009 -116.48205080756891 9.7
vertex 147.1840402866512 -116.62938524157181 8.1
vertex 147.5000000000002 -116.48205080756887 8.1
endloop
endfacet
facet normal 0.5735764363510599 -0.8191520442889821 0
outer loop
vertex 147.78557521937296 -116.28208888623793 9.7
vertex 147.50000000000009 -116.48205080756891 9.7
vertex 147.5000000000002 -116.48205080756887 8.1
endloop
endfacet
facet normal 0.5735764363510599 -0.8191520442889821 0
outer loop
vertex 147.78557521937296 -116.28208888623793 9.7
vertex 147.5000000000002 -116.48205080756887 8.1
vertex 147.7855752193731 -116.28208888623804 8.1
endloop
endfacet
facet normal 0.707106781186576 -0.7071067811865192 0
outer loop
vertex 148.03208888623797 -116.03557521937306 9.7
vertex 147.78557521937296 -116.28208888623793 9.7
vertex 147.7855752193731 -116.28208888623804 8.1
endloop
endfacet
facet normal 0.707106781186576 -0.7071067811865192 0
outer loop
vertex 148.03208888623797 -116.03557521937306 9.7
vertex 147.7855752193731 -116.28208888623804 8.1
vertex 148.03208888623791 -116.0355752193731 8.1
endloop
endfacet
facet normal 0.8191520442889821 -0.5735764363510599 0
outer loop
vertex 148.2320508075689 -115.74999999999993 9.7
vertex 148.03208888623797 -116.03557521937306 9.7
vertex 148.03208888623791 -116.0355752193731 8.1
endloop
endfacet
facet normal 0.8191520442889821 -0.5735764363510599 0
outer loop
vertex 148.2320508075689 -115.74999999999993 9.7
vertex 148.03208888623791 -116.0355752193731 8.1
vertex 148.23205080756892 -115.74999999999994 8.1
endloop
endfacet
facet normal 0.9063077870366523 -0.42261826174069467 0
outer loop
vertex 148.37938524157178 -115.43404028665138 9.7
vertex 148.2320508075689 -115.74999999999993 9.7
vertex 148.23205080756892 -115.74999999999994 8.1
endloop
endfacet
facet normal 0.9063077870366523 -0.42261826174069467 0
outer loop
vertex 148.37938524157178 -115.43404028665138 9.7
vertex 148.23205080756892 -115.74999999999994 8.1
vertex 148.37938524157187 -115.43404028665157 8.1
endloop
endfacet
facet normal 0.965925826289063 -0.25881904510254033 0
outer loop
vertex 148.4696155060244 -115.0972963553336 9.7
vertex 148.37938524157178 -115.43404028665138 9.7
vertex 148.37938524157187 -115.43404028665157 8.1
endloop
endfacet
facet normal 0.965925826289063 -0.25881904510254033 0
outer loop
vertex 148.4696155060244 -115.0972963553336 9.7
vertex 148.37938524157187 -115.43404028665157 8.1
vertex 148.46961550602438 -115.09729635533371 8.1
endloop
endfacet
facet normal 0.9961946980917433 -0.08715574274768298 0
outer loop
vertex 148.5 -114.75000000000014 9.7
vertex 148.4696155060244 -115.0972963553336 9.7
vertex 148.46961550602438 -115.09729635533371 8.1
endloop
endfacet
facet normal 0.9961946980917433 -0.08715574274768298 0
outer loop
vertex 148.5 -114.75000000000014 9.7
vertex 148.46961550602438 -115.09729635533371 8.1
vertex 148.5 -114.75000000000016 8.1
endloop
endfacet
facet normal 1 0 0
outer loop
vertex 148.5 -113.99999999999967 8.1
vertex 148.5 -113.9999999999999 9.7
vertex 148.5 -114.75000000000014 9.7
endloop
endfacet
facet normal 1 0 0
outer loop
vertex 148.5 -113.99999999999967 8.1
vertex 148.5 -114.75000000000014 9.7
vertex 148.5 -114.75000000000016 8.1
endloop
endfacet
facet normal 0.9961946980917433 -0.08715574274768298 0
outer loop
vertex 148.5303844939756 -113.65270364466603 9.7
vertex 148.5 -113.9999999999999 9.7
vertex 148.5 -113.99999999999967 8.1
endloop
endfacet
facet normal 0.9961946980917433 -0.08715574274768298 0
outer loop
vertex 148.5303844939756 -113.65270364466603 9.7
vertex 148.5 -113.99999999999967 8.1
vertex 148.5303844939756 -113.6527036446661 8.1
endloop
endfacet
facet normal 0.9659258262890627 -0.25881904510254217 0
outer loop
vertex 148.62061475842816 -113.31595971334872 9.7
vertex 148.5303844939756 -113.65270364466603 9.7
vertex 148.5303844939756 -113.6527036446661 8.1
endloop
endfacet
facet normal 0.9659258262890627 -0.25881904510254217 0
outer loop
vertex 148.62061475842816 -113.31595971334872 9.7
vertex 148.5303844939756 -113.6527036446661 8.1
vertex 148.6206147584282 -113.31595971334882 8.1
endloop
endfacet
facet normal 0.9063077870366523 -0.42261826174069467 0
outer loop
vertex 148.76794919243113 -113.00000000000009 9.7
vertex 148.62061475842816 -113.31595971334872 9.7
vertex 148.6206147584282 -113.31595971334882 8.1
endloop
endfacet
facet normal 0.9063077870366523 -0.42261826174069467 0
outer loop
vertex 148.76794919243113 -113.00000000000009 9.7
vertex 148.6206147584282 -113.31595971334882 8.1
vertex 148.76794919243113 -112.99999999999991 8.1
endloop
endfacet
facet normal 0 0 1
outer loop
vertex 148.9679111137621 -112.71442478062687 9.7
vertex 148.94300107698356 -112.75 9.7
vertex 148.76794919243113 -113.00000000000009 9.7
endloop
endfacet
facet normal 0 0 1
outer loop
vertex 148.9679111137621 -112.71442478062687 9.7
vertex 148.76794919243113 -113.00000000000009 9.7
vertex 148.76794919243113 -112.99999999999991 8.1
endloop
endfacet
facet normal 0 0 1
outer loop
vertex 148.9679111137621 -112.71442478062687 9.7
vertex 148.76794919243113 -112.99999999999991 8.1
vertex 148.9430010769835 -112.75 8.1
endloop
endfacet
facet normal 0 0 1
outer loop
vertex 148.9679111137621 -112.71442478062687 9.7
vertex 148.9430010769835 -112.75 8.1
vertex 148.96791111376226 -112.7144247806269 8.1
endloop
endfacet
facet normal 0.707106781186576 -0.7071067811865192 0
outer loop
vertex 149.214424780627 -112.46791111376207 9.7
vertex 148.9679111137621 -112.71442478062687 9.7
vertex 148.96791111376226 -112.7144247806269 8.1
endloop
endfacet
facet normal 0.707106781186576 -0.7071067811865192 0
outer loop
vertex 149.214424780627 -112.46791111376207 9.7
vertex 148.96791111376226 -112.7144247806269 8.1
vertex 149.2144247806268 -112.46791111376209 8.1
endloop
endfacet
facet normal 0.5735764363510599 -0.8191520442889821 0
outer loop
vertex 149.50000000000014 -112.26794919243106 9.7
vertex 149.214424780627 -112.46791111376207 9.7
vertex 149.2144247806268 -112.46791111376209 8.1
endloop
endfacet
facet normal 0.5735764363510599 -0.8191520442889821 0
outer loop
vertex 149.50000000000014 -112.26794919243106 9.7
vertex 149.2144247806268 -112.46791111376209 8.1
vertex 149.49999999999997 -112.26794919243102 8.1
endloop
endfacet
facet normal 0.42261826174066586 -0.9063077870366657 0
outer loop
vertex 149.8159597133483 -112.12061475842822 9.7
vertex 149.50000000000014 -112.26794919243106 9.7
vertex 149.49999999999997 -112.26794919243102 8.1
endloop
endfacet
facet normal 0.42261826174066586 -0.9063077870366657 0
outer loop
vertex 149.8159597133483 -112.12061475842822 9.7
vertex 149.49999999999997 -112.26794919243102 8.1
vertex 149.81595971334855 -112.12061475842819 8.1
endloop
endfacet
facet normal 0.25881904510254033 -0.965925826289063 0
outer loop
vertex 150.1527036446662 -112.0303844939756 9.7
vertex 149.8159597133483 -112.12061475842822 9.7
vertex 149.81595971334855 -112.12061475842819 8.1
endloop
endfacet
facet normal 0.25881904510254033 -0.965925826289063 0
outer loop
vertex 150.1527036446662 -112.0303844939756 9.7
vertex 149.81595971334855 -112.12061475842819 8.1
vertex 150.15270364466625 -112.0303844939756 8.1
endloop
endfacet
facet normal 0.08715574274766874 -0.9961946980917448 0
outer loop
vertex 150.50000000000017 -112 9.7
vertex 150.1527036446662 -112.0303844939756 9.7
vertex 150.15270364466625 -112.0303844939756 8.1
endloop
endfacet
facet normal 0.08715574274766874 -0.9961946980917448 0
outer loop
vertex 150.50000000000017 -112 9.7
vertex 150.15270364466625 -112.0303844939756 8.1
vertex 150.50000000000026 -112 8.1
endloop
endfacet
facet normal 0 -1 0
outer loop
vertex 163.4999999999999 -112 8.1
vertex 163.4999999999999 -112 9.7
vertex 150.50000000000017 -112 9.7
endloop
endfacet
facet normal 0 -1 0
outer loop
vertex 163.4999999999999 -112 8.1
vertex 150.50000000000017 -112 9.7
vertex 150.50000000000026 -112 8.1
endloop
endfacet
facet normal -0.08715574274768298 -0.9961946980917433 0
outer loop
vertex 163.8472963553339 -112.0303844939756 9.7
vertex 163.4999999999999 -112 9.7
vertex 163.4999999999999 -112 8.1
endloop
endfacet
facet normal -0.08715574274768298 -0.9961946980917433 0
outer loop
vertex 163.8472963553339 -112.0303844939756 9.7
vertex 163.4999999999999 -112 8.1
vertex 163.84729635533392 -112.0303844939756 8.1
endloop
endfacet
facet normal -0.2588190451025271 -0.9659258262890666 0
outer loop
vertex 164.18404028665142 -112.12061475842822 9.7
vertex 163.8472963553339 -112.0303844939756 9.7
vertex 163.84729635533392 -112.0303844939756 8.1
endloop
endfacet
facet normal -0.2588190451025271 -0.9659258262890666 0
outer loop
vertex 164.18404028665142 -112.12061475842822 9.7
vertex 163.84729635533392 -112.0303844939756 8.1
vertex 164.18404028665137 -112.12061475842819 8.1
endloop
endfacet
facet normal -0.4226182617406665 -0.9063077870366654 0
outer loop
vertex 164.49999999999991 -112.26794919243106 9.7
vertex 164.18404028665142 -112.12061475842822 9.7
vertex 164.18404028665137 -112.12061475842819 8.1
endloop
endfacet
facet normal -0.4226182617406665 -0.9063077870366654 0
outer loop
vertex 164.49999999999991 -112.26794919243106 9.7
vertex 164.18404028665137 -112.12061475842819 8.1
vertex 164.49999999999986 -112.26794919243102 8.1
endloop
endfacet
facet normal -0.5735764363510598 -0.8191520442889821 0
outer loop
vertex 164.7855752193731 -112.46791111376207 9.7
vertex 164.49999999999991 -112.26794919243106 9.7
vertex 164.49999999999986 -112.26794919243102 8.1
endloop
endfacet
facet normal -0.5735764363510598 -0.8191520442889821 0
outer loop
vertex 164.7855752193731 -112.46791111376207 9.7
vertex 164.49999999999986 -112.26794919243102 8.1
vertex 164.78557521937313 -112.46791111376209 8.1
endloop
endfacet
facet normal -0.7071067811865973 -0.7071067811864978 0
outer loop
vertex 165.0320888862379 -112.71442478062687 9.7
vertex 164.7855752193731 -112.46791111376207 9.7
vertex 164.78557521937313 -112.46791111376209 8.1
endloop
endfacet
facet normal -0.7071067811865973 -0.7071067811864978 0
outer loop
vertex 165.0320888862379 -112.71442478062687 9.7
vertex 164.78557521937313 -112.46791111376209 8.1
vertex 165.03208888623794 -112.7144247806269 8.1
endloop
endfacet
facet normal 0 0 -1
outer loop
vertex 165.23205080756892 -113.00000000000009 9.7
vertex 165.0569989230164 -112.75 9.7
vertex 165.0320888862379 -112.71442478062687 9.7
endloop
endfacet
facet normal 0 0 -1
outer loop
vertex 165.23205080756892 -113.00000000000009 9.7
vertex 165.0320888862379 -112.71442478062687 9.7
vertex 165.03208888623794 -112.7144247806269 8.1
endloop
endfacet
facet normal 0 0 -1
outer loop
vertex 165.23205080756892 -113.00000000000009 9.7
vertex 165.03208888623794 -112.7144247806269 8.1
vertex 165.05699892301644 -112.75 8.1
endloop
endfacet
facet normal 0 0 -1
outer loop
vertex 165.23205080756892 -113.00000000000009 9.7
vertex 165.05699892301644 -112.75 8.1
vertex 165.2320508075688 -112.99999999999991 8.1
endloop
endfacet
facet normal -0.9063077870366388 -0.4226182617407234 0
outer loop
vertex 165.37938524157184 -113.31595971334872 9.7
vertex 165.23205080756892 -113.00000000000009 9.7
vertex 165.2320508075688 -112.99999999999991 8.1
endloop
endfacet
facet normal -0.9063077870366388 -0.4226182617407234 0
outer loop
vertex 165.37938524157184 -113.31595971334872 9.7
vertex 165.2320508075688 -112.99999999999991 8.1
vertex 165.37938524157187 -113.31595971334882 8.1
endloop
endfacet
facet normal -0.9659258262890708 -0.25881904510251214 0
outer loop
vertex 165.4696155060244 -113.65270364466603 9.7
vertex 165.37938524157184 -113.31595971334872 9.7
vertex 165.37938524157187 -113.31595971334882 8.1
endloop
endfacet
facet normal -0.9659258262890708 -0.25881904510251214 0
outer loop
vertex 165.4696155060244 -113.65270364466603 9.7
vertex 165.37938524157187 -113.31595971334882 8.1
vertex 165.4696155060244 -113.6527036446661 8.1
endloop
endfacet
facet normal -0.9961946980917433 -0.08715574274768298 0
outer loop
vertex 165.5 -113.9999999999999 9.7
vertex 165.4696155060244 -113.65270364466603 9.7
vertex 165.4696155060244 -113.6527036446661 8.1
endloop
endfacet
facet normal -0.9961946980917433 -0.08715574274768298 0
outer loop
vertex 165.5 -113.9999999999999 9.7
vertex 165.4696155060244 -113.6527036446661 8.1
vertex 165.5 -113.99999999999967 8.1
endloop
endfacet
facet normal -1 0 0
outer loop
vertex 165.5 -113.9999999999999 9.7
vertex 165.5 -113.99999999999967 8.1
vertex 165.5 -114.75000000000016 8.1
endloop
endfacet
facet normal -1 0 0
outer loop
vertex 165.5 -113.9999999999999 9.7
vertex 165.5 -114.75000000000016 8.1
vertex 165.5 -114.75000000000014 9.7
endloop
endfacet
facet normal -0.9961946980917433 -0.08715574274768298 0
outer loop
vertex 165.53038449397556 -115.0972963553336 9.7
vertex 165.5 -114.75000000000014 9.7
vertex 165.5 -114.75000000000016 8.1
endloop
endfacet
facet normal -0.9961946980917433 -0.08715574274768298 0
outer loop
vertex 165.53038449397556 -115.0972963553336 9.7
vertex 165.5 -114.75000000000016 8.1
vertex 165.53038449397556 -115.09729635533371 8.1
endloop
endfacet
facet normal 0 0 1
outer loop
vertex 165.62061475842822 -115.43404028665138 9.7
vertex 165.53780766319133 -115.125 9.7
vertex 165.53038449397556 -115.0972963553336 9.7
endloop
endfacet
facet normal 0 0 1
outer loop
vertex 165.62061475842822 -115.43404028665138 9.7
vertex 165.53038449397556 -115.0972963553336 9.7
vertex 165.53038449397556 -115.09729635533371 8.1
endloop
endfacet
facet normal 0 0 1
outer loop
vertex 165.62061475842822 -115.43404028665138 9.7
vertex 165.53038449397556 -115.09729635533371 8.1
vertex 165.5378076631913 -115.125 8.1
endloop
endfacet
facet normal 0 0 1
outer loop
vertex 165.62061475842822 -115.43404028665138 9.7
vertex 165.5378076631913 -115.125 8.1
vertex 165.6206147584283 -115.43404028665157 8.1
endloop
endfacet
facet normal 0 0 -1
outer loop
vertex 165.76794919243108 -115.74999999999993 9.7
vertex 165.7347583829615 -115.67882207939515 9.7
vertex 165.7213184266156 -115.65 9.7
endloop
endfacet
facet normal 0 0 -1
outer loop
vertex 165.76794919243108 -115.74999999999993 9.7
vertex 165.7213184266156 -115.65 9.7
vertex 165.62061475842822 -115.43404028665138 9.7
endloop
endfacet
facet normal 0 0 -1
outer loop
vertex 165.76794919243108 -115.74999999999993 9.7
vertex 165.62061475842822 -115.43404028665138 9.7
vertex 165.6206147584283 -115.43404028665157 8.1
endloop
endfacet
facet normal 0 0 -1
outer loop
vertex 165.76794919243108 -115.74999999999993 9.7
vertex 165.6206147584283 -115.43404028665157 8.1
vertex 165.72131842661562 -115.64999999999999 8.1
endloop
endfacet
facet normal 0 0 -1
outer loop
vertex 165.76794919243108 -115.74999999999993 9.7
vertex 165.72131842661562 -115.64999999999999 8.1
vertex 165.73475838296153 -115.67882207939515 8.1
endloop
endfacet
facet normal 0 0 -1
outer loop
vertex 165.76794919243108 -115.74999999999993 9.7
vertex 165.73475838296153 -115.67882207939515 8.1
vertex 165.7679491924311 -115.74999999999994 8.1
endloop
endfacet
facet normal 0 0 1
outer loop
vertex 165.96791111376206 -116.03557521937306 9.7
vertex 165.87493781043491 -115.90279558154617 9.7
vertex 165.77787862633164 -115.76418070123309 9.7
endloop
endfacet
facet normal 0 0 1
outer loop
vertex 165.96791111376206 -116.03557521937306 9.7
vertex 165.77787862633164 -115.76418070123309 9.7
vertex 165.76794919243108 -115.74999999999993 9.7
endloop
endfacet
facet normal 0 0 1
outer loop
vertex 165.96791111376206 -116.03557521937306 9.7
vertex 165.76794919243108 -115.74999999999993 9.7
vertex 165.7679491924311 -115.74999999999994 8.1
endloop
endfacet
facet normal 0 0 1
outer loop
vertex 165.96791111376206 -116.03557521937306 9.7
vertex 165.7679491924311 -115.74999999999994 8.1
vertex 165.77787862633164 -115.76418070123307 8.1
endloop
endfacet
facet normal 0 0 1
outer loop
vertex 165.96791111376206 -116.03557521937306 9.7
vertex 165.77787862633164 -115.76418070123307 8.1
vertex 165.87493781043491 -115.90279558154617 8.1
endloop
endfacet
facet normal 0 0 1
outer loop
vertex 165.96791111376206 -116.03557521937306 9.7
vertex 165.87493781043491 -115.90279558154617 8.1
vertex 165.96791111376209 -116.0355752193731 8.1
endloop
endfacet
facet normal 0 0 1
outer loop
vertex 166.2144247806269 -116.28208888623793 9.7
vertex 166.02167572260925 -116.08933982822025 9.7
vertex 165.96791111376206 -116.03557521937306 9.7
endloop
endfacet
facet normal 0 0 1
outer loop
vertex 166.2144247806269 -116.28208888623793 9.7
vertex 165.96791111376206 -116.03557521937306 9.7
vertex 165.96791111376209 -116.0355752193731 8.1
endloop
endfacet
facet normal 0 0 1
outer loop
vertex 166.2144247806269 -116.28208888623793 9.7
vertex 165.96791111376209 -116.0355752193731 8.1
vertex 166.0216757226092 -116.08933982822019 8.1
endloop
endfacet
facet normal 0 0 1
outer loop
vertex 166.2144247806269 -116.28208888623793 9.7
vertex 166.0216757226092 -116.08933982822019 8.1
vertex 166.21442478062704 -116.28208888623804 8.1
endloop
endfacet
facet normal 0 0 -1
outer loop
vertex 166.50000000000006 -116.48205080756891 9.7
vertex 166.26377552643714 -116.31664465047054 9.7
vertex 166.2144247806269 -116.28208888623793 9.7
endloop
endfacet
facet normal 0 0 -1
outer loop
vertex 166.50000000000006 -116.48205080756891 9.7
vertex 166.2144247806269 -116.28208888623793 9.7
vertex 166.21442478062704 -116.28208888623804 8.1
endloop
endfacet
facet normal 0 0 -1
outer loop
vertex 166.50000000000006 -116.48205080756891 9.7
vertex 166.21442478062704 -116.28208888623804 8.1
vertex 166.26377552643714 -116.31664465047055 8.1
endloop
endfacet
facet normal 0 0 -1
outer loop
vertex 166.50000000000006 -116.48205080756891 9.7
vertex 166.26377552643714 -116.31664465047055 8.1
vertex 166.5 -116.48205080756887 8.1
endloop
endfacet
facet normal 0 0 1
outer loop
vertex 166.81595971334863 -116.6293852415718 9.7
vertex 166.70142076211053 -116.57597485145243 9.7
vertex 166.50000000000006 -116.48205080756891 9.7
endloop
endfacet
facet normal 0 0 1
outer loop
vertex 166.81595971334863 -116.6293852415718 9.7
vertex 166.50000000000006 -116.48205080756891 9.7
vertex 166.5 -116.48205080756887 8.1
endloop
endfacet
facet normal 0 0 1
outer loop
vertex 166.81595971334863 -116.6293852415718 9.7
vertex 166.5 -116.48205080756887 8.1
vertex 166.70142076211016 -116.57597485145226 8.1
endloop
endfacet
facet normal 0 0 1
outer loop
vertex 166.81595971334863 -116.6293852415718 9.7
vertex 166.70142076211016 -116.57597485145226 8.1
vertex 166.81595971334866 -116.62938524157181 8.1
endloop
endfacet
facet normal -0.2588190451025271 -0.9659258262890666 0
outer loop
vertex 167.15270364466616 -116.71961550602441 9.7
vertex 166.81595971334863 -116.6293852415718 9.7
vertex 166.81595971334866 -116.62938524157181 8.1
endloop
endfacet
facet normal -0.2588190451025271 -0.9659258262890666 0
outer loop
vertex 167.15270364466616 -116.71961550602441 9.7
vertex 166.81595971334866 -116.62938524157181 8.1
vertex 167.15270364466616 -116.71961550602441 8.1
endloop
endfacet
facet normal -0.08715574274766874 -0.9961946980917448 0
outer loop
vertex 167.49999999999997 -116.75 9.7
vertex 167.15270364466616 -116.71961550602441 9.7
vertex 167.15270364466616 -116.71961550602441 8.1
endloop
endfacet
facet normal -0.08715574274766874 -0.9961946980917448 0
outer loop
vertex 167.49999999999997 -116.75 9.7
vertex 167.15270364466616 -116.71961550602441 8.1
vertex 167.5 -116.75 8.1
endloop
endfacet
facet normal 0 0 1
outer loop
vertex 171.74844089836574 -136.3104754820791 9.7
vertex 171.98510064671717 -134.96831140000003 9.7
vertex 174.4161752102536 -121.18100289999998 9.7
endloop
endfacet
facet normal 0 0 1
outer loop
vertex 171.74844089836574 -136.3104754820791 9.7
vertex 174.4161752102536 -121.18100289999998 9.7
vertex 174.45417775787328 -120.96547974999993 9.7
endloop
endfacet
facet normal 0 0 1
outer loop
vertex 171.74844089836574 -136.3104754820791 9.7
vertex 174.45417775787328 -120.96547974999993 9.7
vertex 174.5053971769098 -120.675 9.7
endloop
endfacet
facet normal 0 0 1
outer loop
vertex 171.74844089836574 -136.3104754820791 9.7
vertex 174.5053971769098 -120.675 9.7
vertex 174.8624593251283 -118.65 9.7
endloop
endfacet
facet normal 0 0 1
outer loop
vertex 171.74844089836574 -136.3104754820791 9.7
vertex 174.8624593251283 -118.65 9.7
vertex 174.86754143554063 -118.62117792060485 9.7
endloop
endfacet
facet normal 0 0 1
outer loop
vertex 171.74844089836574 -136.3104754820791 9.7
vertex 174.86754143554063 -118.62117792060485 9.7
vertex 174.88259246412454 -118.53581929876691 9.7
endloop
endfacet
facet normal 0 0 1
outer loop
vertex 171.74844089836574 -136.3104754820791 9.7
vertex 174.88259246412454 -118.53581929876691 9.7
vertex 174.90703400829227 -118.39720441845391 9.7
endloop
endfacet
facet normal 0 0 1
outer loop
vertex 171.74844089836574 -136.3104754820791 9.7
vertex 174.90703400829227 -118.39720441845391 9.7
vertex 174.93992679320846 -118.21066017177981 9.7
endloop
endfacet
facet normal 0 0 1
outer loop
vertex 171.74844089836574 -136.3104754820791 9.7
vertex 174.93992679320846 -118.21066017177981 9.7
vertex 174.9800067675952 -117.9833553495294 9.7
endloop
endfacet
facet normal 0 0 1
outer loop
vertex 171.74844089836574 -136.3104754820791 9.7
vertex 174.9800067675952 -117.9833553495294 9.7
vertex 175.02573368051398 -117.72402514854744 9.7
endloop
endfacet
facet normal 0 0 1
outer loop
vertex 171.74844089836574 -136.3104754820791 9.7
vertex 175.02573368051398 -117.72402514854744 9.7
vertex 175.07535027234516 -117.44263548302453 9.7
endloop
endfacet
facet normal 0 0 1
outer loop
vertex 171.74844089836574 -136.3104754820791 9.7
vertex 175.07535027234516 -117.44263548302453 9.7
vertex 175.1269498052902 -117.14999999999995 9.7
endloop
endfacet
facet normal 0 0 1
outer loop
vertex 171.74844089836574 -136.3104754820791 9.7
vertex 175.1269498052902 -117.14999999999995 9.7
vertex 175.17854933823514 -116.85736451697595 9.7
endloop
endfacet
facet normal 0 0 1
outer loop
vertex 171.74844089836574 -136.3104754820791 9.7
vertex 175.17854933823514 -116.85736451697595 9.7
vertex 175.1974806 -116.75 9.7
endloop
endfacet
facet normal 0 0 1
outer loop
vertex 171.74844089836574 -136.3104754820791 9.7
vertex 175.1974806 -116.75 9.7
vertex 175.1974806 -116.75 8.1
endloop
endfacet
facet normal 0 0 1
outer loop
vertex 171.74844089836574 -136.3104754820791 9.7
vertex 175.1974806 -116.75 8.1
vertex 175.17854933823511 -116.85736451697603 8.1
endloop
endfacet
facet normal 0 0 1
outer loop
vertex 171.74844089836574 -136.3104754820791 9.7
vertex 175.17854933823511 -116.85736451697603 8.1
vertex 175.1269498052902 -117.14999999999982 8.1
endloop
endfacet
facet normal 0 0 1
outer loop
vertex 171.74844089836574 -136.3104754820791 9.7
vertex 175.1269498052902 -117.14999999999982 8.1
vertex 175.07535027234513 -117.44263548302459 8.1
endloop
endfacet
facet normal 0 0 1
outer loop
vertex 171.74844089836574 -136.3104754820791 9.7
vertex 175.07535027234513 -117.44263548302459 8.1
vertex 175.02573368051398 -117.72402514854741 8.1
endloop
endfacet
facet normal 0 0 1
outer loop
vertex 171.74844089836574 -136.3104754820791 9.7
vertex 175.02573368051398 -117.72402514854741 8.1
vertex 174.98000676759517 -117.98335534952945 8.1
endloop
endfacet
facet normal 0 0 1
outer loop
vertex 171.74844089836574 -136.3104754820791 9.7
vertex 174.98000676759517 -117.98335534952945 8.1
vertex 174.93992679320843 -118.21066017177981 8.1
endloop
endfacet
facet normal 0 0 1
outer loop
vertex 171.74844089836574 -136.3104754820791 9.7
vertex 174.93992679320843 -118.21066017177981 8.1
vertex 174.90703400829227 -118.39720441845387 8.1
endloop
endfacet
facet normal 0 0 1
outer loop
vertex 171.74844089836574 -136.3104754820791 9.7
vertex 174.90703400829227 -118.39720441845387 8.1
vertex 174.88259246412454 -118.53581929876691 8.1
endloop
endfacet
facet normal 0 0 1
outer loop
vertex 171.74844089836574 -136.3104754820791 9.7
vertex 174.88259246412454 -118.53581929876691 8.1
vertex 174.86754143554063 -118.62117792060485 8.1
endloop
endfacet
facet normal 0 0 1
outer loop
vertex 171.74844089836574 -136.3104754820791 9.7
vertex 174.86754143554063 -118.62117792060485 8.1
vertex 174.8624593251283 -118.65 8.1
endloop
endfacet
facet normal 0 0 1
outer loop
vertex 171.74844089836574 -136.3104754820791 9.7
vertex 174.8624593251283 -118.65 8.1
vertex 174.5053971769098 -120.675 8.1
endloop
endfacet
facet normal 0 0 1
outer loop
vertex 171.74844089836574 -136.3104754820791 9.7
vertex 174.5053971769098 -120.675 8.1
vertex 174.45417775787325 -120.96547975000011 8.1
endloop
endfacet
facet normal 0 0 1
outer loop
vertex 171.74844089836574 -136.3104754820791 9.7
vertex 174.45417775787325 -120.96547975000011 8.1
vertex 174.4161752102536 -121.1810029 8.1
endloop
endfacet
facet normal 0 0 1
outer loop
vertex 171.74844089836574 -136.3104754820791 9.7
vertex 174.4161752102536 -121.1810029 8.1
vertex 171.9851006467172 -134.9683114 8.1
endloop
endfacet
facet normal 0 0 1
outer loop
vertex 171.74844089836574 -136.3104754820791 9.7
vertex 171.9851006467172 -134.9683114 8.1
vertex 171.74844089836574 -136.3104754820791 8.1
endloop
endfacet
facet normal -0.9848087240411161 0.17364267059829785 0
outer loop
vertex 171.74497053669296 -136.3301568804721 9.7
vertex 171.74844089836574 -136.3104754820791 9.7
vertex 171.74844089836574 -136.3104754820791 8.1
endloop
endfacet
facet normal -0.9848087240411161 0.17364267059829785 0
outer loop
vertex 171.74497053669296 -136.3301568804721 9.7
vertex 171.74844089836574 -136.3104754820791 8.1
vertex 171.744970536693 -136.33015688047198 8.1
endloop
endfacet
facet normal -0.9953956632785329 0.09585130946570077 0
outer loop
vertex 171.71488906917818 -136.64254658569544 9.7
vertex 171.74497053669296 -136.3301568804721 9.7
vertex 171.744970536693 -136.33015688047198 8.1
endloop
endfacet
facet normal -0.9953956632785329 0.09585130946570077 0
outer loop
vertex 171.71488906917818 -136.64254658569544 9.7
vertex 171.744970536693 -136.33015688047198 8.1
vertex 171.71488906917818 -136.64254658569558 8.1
endloop
endfacet
facet normal -0.9981349922440463 -0.061045370487676165 0
outer loop
vertex 171.73404738901596 -136.95579866803885 9.7
vertex 171.71488906917818 -136.64254658569544 9.7
vertex 171.71488906917818 -136.64254658569558 8.1
endloop
endfacet
facet normal -0.9981349922440463 -0.061045370487676165 0
outer loop
vertex 171.73404738901596 -136.95579866803885 9.7
vertex 171.71488906917818 -136.64254658569558 8.1
vertex 171.73404738901596 -136.95579866803894 8.1
endloop
endfacet
facet normal -0.9762965848173452 -0.21643700809701744 0
outer loop
vertex 171.80197341506397 -137.26219704156082 9.7
vertex 171.73404738901596 -136.95579866803885 9.7
vertex 171.73404738901596 -136.95579866803894 8.1
endloop
endfacet
facet normal -0.9762965848173452 -0.21643700809701744 0
outer loop
vertex 171.80197341506397 -137.26219704156082 9.7
vertex 171.73404738901596 -136.95579866803894 8.1
vertex 171.80197341506397 -137.26219704156085 8.1
endloop
endfacet
facet normal 0 0 -1
outer loop
vertex 171.91699457237667 -137.5541971129337 9.7
vertex 171.85601320071845 -137.39938590000003 9.7
vertex 171.80197341506397 -137.26219704156082 9.7
endloop
endfacet
facet normal 0 0 -1
outer loop
vertex 171.91699457237667 -137.5541971129337 9.7
vertex 171.80197341506397 -137.26219704156082 9.7
vertex 171.80197341506397 -137.26219704156085 8.1
endloop
endfacet
facet normal 0 0 -1
outer loop
vertex 171.91699457237667 -137.5541971129337 9.7
vertex 171.80197341506397 -137.26219704156085 8.1
vertex 171.85601320071845 -137.3993859 8.1
endloop
endfacet
facet normal 0 0 -1
outer loop
vertex 171.91699457237667 -137.5541971129337 9.7
vertex 171.85601320071845 -137.3993859 8.1
vertex 171.91699457237667 -137.55419711293368 8.1
endloop
endfacet
facet normal -0.8616300016287399 -0.5075369349054882 0
outer loop
vertex 172.0762786401237 -137.82460882509386 9.7
vertex 171.91699457237667 -137.5541971129337 9.7
vertex 171.91699457237667 -137.55419711293368 8.1
endloop
endfacet
facet normal -0.8616300016287399 -0.5075369349054882 0
outer loop
vertex 172.0762786401237 -137.82460882509386 9.7
vertex 171.91699457237667 -137.55419711293368 8.1
vertex 172.07627864012375 -137.82460882509392 8.1
endloop
endfacet
facet normal -0.7716253158496464 -0.636077331729353 0
outer loop
vertex 172.27590349071392 -138.0667737014452 9.7
vertex 172.0762786401237 -137.82460882509386 9.7
vertex 172.07627864012375 -137.82460882509392 8.1
endloop
endfacet
facet normal -0.7716253158496464 -0.636077331729353 0
outer loop
vertex 172.27590349071392 -138.0667737014452 9.7
vertex 172.07627864012375 -137.82460882509392 8.1
vertex 172.27590349071397 -138.06677370144527 8.1
endloop
endfacet
facet normal -0.6626205317929547 -0.7489552929557425 0
outer loop
vertex 172.51095366621465 -138.27472880070576 9.7
vertex 172.27590349071392 -138.0667737014452 9.7
vertex 172.27590349071397 -138.06677370144527 8.1
endloop
endfacet
facet normal -0.6626205317929547 -0.7489552929557425 0
outer loop
vertex 172.51095366621465 -138.27472880070576 9.7
vertex 172.27590349071397 -138.06677370144527 8.1
vertex 172.51095366621453 -138.27472880070567 8.1
endloop
endfacet
facet normal -0.5372997262604009 -0.8433913706936408 0
outer loop
vertex 172.77564141401726 -138.4433535452557 9.7
vertex 172.51095366621465 -138.27472880070576 9.7
vertex 172.51095366621453 -138.27472880070567 8.1
endloop
endfacet
facet normal -0.5372997262604009 -0.8433913706936408 0
outer loop
vertex 172.77564141401726 -138.4433535452557 9.7
vertex 172.51095366621453 -138.27472880070567 8.1
vertex 172.7756414140174 -138.44335354525577 8.1
endloop
endfacet
facet normal -0.3987487332343489 -0.9170602203476074 0
outer loop
vertex 173.0634492014312 -138.56849580756295 9.7
vertex 172.77564141401726 -138.4433535452557 9.7
vertex 172.7756414140174 -138.44335354525577 8.1
endloop
endfacet
facet normal -0.3987487332343489 -0.9170602203476074 0
outer loop
vertex 173.0634492014312 -138.56849580756295 9.7
vertex 172.7756414140174 -138.44335354525577 8.1
vertex 173.06344920143104 -138.5684958075629 8.1
endloop
endfacet
facet normal -0.25037915991561066 -0.9681478586868604 0
outer loop
vertex 173.3672901999998 -138.64707414999992 9.7
vertex 173.0634492014312 -138.56849580756295 9.7
vertex 173.06344920143104 -138.5684958075629 8.1
endloop
endfacet
facet normal -0.25037915991561066 -0.9681478586868604 0
outer loop
vertex 173.3672901999998 -138.64707414999992 9.7
vertex 173.06344920143104 -138.5684958075629 8.1
vertex 173.36729019999999 -138.64707414999998 8.1
endloop
endfacet
facet normal 0 0 1
outer loop
vertex 190.1090213000007 -141.59908920000012 9.7
vertex 189.91605795315493 -141.5650646 9.7
vertex 175.22701113428266 -138.9749927 9.7
endloop
endfacet
facet normal 0 0 1
outer loop
vertex 190.1090213000007 -141.59908920000012 9.7
vertex 175.22701113428266 -138.9749927 9.7
vertex 173.3672901999998 -138.64707414999992 9.7
endloop
endfacet
facet normal 0 0 1
outer loop
vertex 190.1090213000007 -141.59908920000012 9.7
vertex 173.3672901999998 -138.64707414999992 9.7
vertex 173.36729019999999 -138.64707414999998 8.1
endloop
endfacet
facet normal 0 0 1
outer loop
vertex 190.1090213000007 -141.59908920000012 9.7
vertex 173.36729019999999 -138.64707414999998 8.1
vertex 175.22701113428255 -138.9749927 8.1
endloop
endfacet
facet normal 0 0 1
outer loop
vertex 190.1090213000007 -141.59908920000012 9.7
vertex 175.22701113428255 -138.9749927 8.1
vertex 189.9160579531547 -141.56506459999997 8.1
endloop
endfacet
facet normal 0 0 1
outer loop
vertex 190.1090213000007 -141.59908920000012 9.7
vertex 189.9160579531547 -141.56506459999997 8.1
vertex 190.10902130000017 -141.59908920000004 8.1
endloop
endfacet
facet normal -0.12060365252048663 -0.9927007399003578 0
outer loop
vertex 190.32186359757992 -141.62494750499292 9.7
vertex 190.1090213000007 -141.59908920000012 9.7
vertex 190.10902130000017 -141.59908920000004 8.1
endloop
endfacet
facet normal -0.12060365252048663 -0.9927007399003578 0
outer loop
vertex 190.32186359757992 -141.62494750499292 9.7
vertex 190.10902130000017 -141.59908920000004 8.1
vertex 190.32186359758018 -141.62494750499292 8.1
endloop
endfacet
facet normal -0.013662799123437708 -0.9999066596038415 0
outer loop
vertex 190.5362520970042 -141.62787692542818 9.7
vertex 190.32186359757992 -141.62494750499292 9.7
vertex 190.32186359758018 -141.62494750499292 8.1
endloop
endfacet
facet normal -0.013662799123437708 -0.9999066596038415 0
outer loop
vertex 190.5362520970042 -141.62787692542818 9.7
vertex 190.32186359758018 -141.62494750499292 8.1
vertex 190.53625209700417 -141.62787692542818 8.1
endloop
endfacet
facet normal 0.09345585677667137 -0.995623424209243 0
outer loop
vertex 190.74972223429856 -141.60783919420172 9.7
vertex 190.5362520970042 -141.62787692542818 9.7
vertex 190.53625209700417 -141.62787692542818 8.1
endloop
endfacet
facet normal 0.09345585677667137 -0.995623424209243 0
outer loop
vertex 190.74972223429856 -141.60783919420172 9.7
vertex 190.53625209700417 -141.62787692542818 8.1
vertex 190.74972223429842 -141.60783919420172 8.1
endloop
endfacet
facet normal 0.1995004476409004 -0.9798977351698903 0
outer loop
vertex 190.95982064999998 -141.5650646 9.7
vertex 190.74972223429856 -141.60783919420172 9.7
vertex 190.74972223429842 -141.60783919420172 8.1
endloop
endfacet
facet normal 0.1995004476409004 -0.9798977351698903 0
outer loop
vertex 190.95982064999998 -141.5650646 9.7
vertex 190.74972223429842 -141.60783919420172 8.1
vertex 190.95982064999998 -141.56506459999997 8.1
endloop
endfacet
facet normal -0.29829197208911706 -0.9544746719463987 0
outer loop
vertex 191.005789985713 -141.57943091500914 9.7
vertex 190.95982064999998 -141.5650646 9.7
vertex 190.95982064999998 -141.56506459999997 8.1
endloop
endfacet
facet normal -0.29829197208911706 -0.9544746719463987 0
outer loop
vertex 191.005789985713 -141.57943091500914 9.7
vertex 190.95982064999998 -141.56506459999997 8.1
vertex 191.0057899857134 -141.57943091500928 8.1
endloop
endfacet
facet normal -0.3212302158864878 -0.9470011343190252 0
outer loop
vertex 191.05140032499907 -141.59490229999966 9.7
vertex 191.005789985713 -141.57943091500914 9.7
vertex 191.0057899857134 -141.57943091500928 8.1
endloop
endfacet
facet normal -0.3212302158864878 -0.9470011343190252 0
outer loop
vertex 191.05140032499907 -141.59490229999966 9.7
vertex 191.0057899857134 -141.57943091500928 8.1
vertex 191.0514003249978 -141.59490229999923 8.1
endloop
endfacet
facet normal -0.33265905527758916 -0.9430471636889758 0
outer loop
vertex 192.52517069999988 -142.11477349999996 9.7
vertex 191.05140032499907 -141.59490229999966 9.7
vertex 191.0514003249978 -141.59490229999923 8.1
endloop
endfacet
facet normal -0.33265905527758916 -0.9430471636889758 0
outer loop
vertex 192.52517069999988 -142.11477349999996 9.7
vertex 191.0514003249978 -141.59490229999923 8.1
vertex 192.52517070000002 -142.11477350000004 8.1
endloop
endfacet
facet normal -0.43290809382796175 -0.9014380634842533 0
outer loop
vertex 192.6437274171126 -142.171709372241 9.7
vertex 192.52517069999988 -142.11477349999996 9.7
vertex 192.52517070000002 -142.11477350000004 8.1
endloop
endfacet
facet normal -0.43290809382796175 -0.9014380634842533 0
outer loop
vertex 192.6437274171126 -142.171709372241 9.7
vertex 192.52517070000002 -142.11477350000004 8.1
vertex 192.64372741711247 -142.171709372241 8.1
endloop
endfacet
facet normal -0.37273532694932493 -0.9279377005187255 0
outer loop
vertex 192.7657703500006 -142.22073175000023 9.7
vertex 192.6437274171126 -142.171709372241 9.7
vertex 192.64372741711247 -142.171709372241 8.1
endloop
endfacet
facet normal -0.37273532694932493 -0.9279377005187255 0
outer loop
vertex 192.7657703500006 -142.22073175000023 9.7
vertex 192.64372741711247 -142.171709372241 8.1
vertex 192.7657703499993 -142.22073174999977 8.1
endloop
endfacet
facet normal 0 0 -1
outer loop
vertex 208.7405461 -148.0350754 9.7
vertex 208.47695947084185 -147.93913770000003 9.7
vertex 204.2331391033519 -146.3945132 9.7
endloop
endfacet
facet normal 0 0 -1
outer loop
vertex 208.7405461 -148.0350754 9.7
vertex 204.2331391033519 -146.3945132 9.7
vertex 197.00387170663268 -143.7632747 9.7
endloop
endfacet
facet normal 0 0 -1
outer loop
vertex 208.7405461 -148.0350754 9.7
vertex 197.00387170663268 -143.7632747 9.7
vertex 192.7657703500006 -142.22073175000023 9.7
endloop
endfacet
facet normal 0 0 -1
outer loop
vertex 208.7405461 -148.0350754 9.7
vertex 192.7657703500006 -142.22073175000023 9.7
vertex 192.7657703499993 -142.22073174999977 8.1
endloop
endfacet
facet normal 0 0 -1
outer loop
vertex 208.7405461 -148.0350754 9.7
vertex 192.7657703499993 -142.22073174999977 8.1
vertex 197.0038717066327 -143.76327470000004 8.1
endloop
endfacet
facet normal 0 0 -1
outer loop
vertex 208.7405461 -148.0350754 9.7
vertex 197.0038717066327 -143.76327470000004 8.1
vertex 204.23313910335187 -146.3945132 8.1
endloop
endfacet
facet normal 0 0 -1
outer loop
vertex 208.7405461 -148.0350754 9.7
vertex 204.23313910335187 -146.3945132 8.1
vertex 208.47695947084182 -147.9391377 8.1
endloop
endfacet
facet normal 0 0 -1
outer loop
vertex 208.7405461 -148.0350754 9.7
vertex 208.47695947084182 -147.9391377 8.1
vertex 208.74054610000027 -148.0350754000001 8.1
endloop
endfacet
facet normal -0.2771711625423445 -0.9608205590301059 0
outer loop
vertex 209.0025555751492 -148.11065816115317 9.7
vertex 208.7405461 -148.0350754 9.7
vertex 208.74054610000027 -148.0350754000001 8.1
endloop
endfacet
facet normal -0.2771711625423445 -0.9608205590301059 0
outer loop
vertex 209.0025555751492 -148.11065816115317 9.7
vertex 208.74054610000027 -148.0350754000001 8.1
vertex 209.00255557514913 -148.11065816115314 8.1
endloop
endfacet
facet normal -0.14388261874532313 -0.9895947615175558 0
outer loop
vertex 209.27241385607465 -148.14989433909142 9.7
vertex 209.0025555751492 -148.11065816115317 9.7
vertex 209.00255557514913 -148.11065816115314 8.1
endloop
endfacet
facet normal -0.14388261874532313 -0.9895947615175558 0
outer loop
vertex 209.27241385607465 -148.14989433909142 9.7
vertex 209.00255557514913 -148.11065816115314 8.1
vertex 209.2724138560747 -148.14989433909142 8.1
endloop
endfacet
facet normal -0.007929955220248532 -0.9999685574107844 0
outer loop
vertex 209.54510102700178 -148.1520568041395 9.7
vertex 209.27241385607465 -148.14989433909142 9.7
vertex 209.2724138560747 -148.14989433909142 8.1
endloop
endfacet
facet normal -0.007929955220248532 -0.9999685574107844 0
outer loop
vertex 209.54510102700178 -148.1520568041395 9.7
vertex 209.2724138560747 -148.14989433909142 8.1
vertex 209.54510102700195 -148.1520568041395 8.1
endloop
endfacet
facet normal 0.12817013205940972 -0.991752195484272 0
outer loop
vertex 209.81554763099072 -148.1171053544668 9.7
vertex 209.54510102700178 -148.1520568041395 9.7
vertex 209.54510102700195 -148.1520568041395 8.1
endloop
endfacet
facet normal 0.12817013205940972 -0.991752195484272 0
outer loop
vertex 209.81554763099072 -148.1171053544668 9.7
vertex 209.54510102700195 -148.1520568041395 8.1
vertex 209.81554763099035 -148.11710535446687 8.1
endloop
endfacet
facet normal 0.2618874414354188 -0.9650984240057643 0
outer loop
vertex 210.0787258649038 -148.0456897634694 9.7
vertex 209.81554763099072 -148.1171053544668 9.7
vertex 209.81554763099035 -148.11710535446687 8.1
endloop
endfacet
facet normal 0.2618874414354188 -0.9650984240057643 0
outer loop
vertex 210.0787258649038 -148.0456897634694 9.7
vertex 209.81554763099035 -148.11710535446687 8.1
vertex 210.07872586490345 -148.04568976346954 8.1
endloop
endfacet
facet normal 0.3907360688602652 -0.9205027563737254 0
outer loop
vertex 210.32974305 -147.93913770000003 9.7
vertex 210.0787258649038 -148.0456897634694 9.7
vertex 210.07872586490345 -148.04568976346954 8.1
endloop
endfacet
facet normal 0.3907360688602652 -0.9205027563737254 0
outer loop
vertex 210.32974305 -147.93913770000003 9.7
vertex 210.07872586490345 -148.04568976346954 8.1
vertex 210.32974305000005 -147.9391377 8.1
endloop
endfacet
facet normal -0.9354198308295234 -0.3535388805928788 0
outer loop
vertex 210.43740527469467 -148.22399853296332 9.7
vertex 210.32974305 -147.93913770000003 9.7
vertex 210.32974305000005 -147.9391377 8.1
endloop
endfacet
facet normal -0.9354198308295234 -0.3535388805928788 0
outer loop
vertex 210.43740527469467 -148.22399853296332 9.7
vertex 210.32974305000005 -147.9391377 8.1
vertex 210.43740527469475 -148.2239985329635 8.1
endloop
endfacet
facet normal -0.8709083208902717 -0.491445517432083 0
outer loop
vertex 210.58706499502256 -148.48921591945356 9.7
vertex 210.43740527469467 -148.22399853296332 9.7
vertex 210.43740527469475 -148.2239985329635 8.1
endloop
endfacet
facet normal -0.8709083208902717 -0.491445517432083 0
outer loop
vertex 210.58706499502256 -148.48921591945356 9.7
vertex 210.43740527469475 -148.2239985329635 8.1
vertex 210.5870649950226 -148.4892159194536 8.1
endloop
endfacet
facet normal -0.7861998191934176 -0.6179723653208432 0
outer loop
vertex 210.77525588919863 -148.72863705748173 9.7
vertex 210.58706499502256 -148.48921591945356 9.7
vertex 210.5870649950226 -148.4892159194536 8.1
endloop
endfacet
facet normal -0.7861998191934176 -0.6179723653208432 0
outer loop
vertex 210.77525588919863 -148.72863705748173 9.7
vertex 210.5870649950226 -148.4892159194536 8.1
vertex 210.77525588919866 -148.72863705748176 8.1
endloop
endfacet
facet normal -0.6832636100056922 -0.7301717874870198 0
outer loop
vertex 210.99761483160535 -148.93671107007646 9.7
vertex 210.77525588919863 -148.72863705748173 9.7
vertex 210.77525588919866 -148.72863705748176 8.1
endloop
endfacet
facet normal -0.6832636100056922 -0.7301717874870198 0
outer loop
vertex 210.99761483160535 -148.93671107007646 9.7
vertex 210.77525588919866 -148.72863705748176 8.1
vertex 210.99761483160535 -148.93671107007648 8.1
endloop
endfacet
facet normal -0.5644862254343503 -0.8254424881812663 0
outer loop
vertex 211.248986525 -149.10861385 9.7
vertex 210.99761483160535 -148.93671107007646 9.7
vertex 210.99761483160535 -148.93671107007648 8.1
endloop
endfacet
facet normal -0.5644862254343503 -0.8254424881812663 0
outer loop
vertex 211.248986525 -149.10861385 9.7
vertex 210.99761483160535 -148.93671107007648 8.1
vertex 211.24898652499974 -149.10861384999987 8.1
endloop
endfacet
facet normal 0 0 1
outer loop
vertex 225.97141880000007 -157.6086148 9.7
vertex 218.67238133271962 -153.3945132 9.7
vertex 211.248986525 -149.10861385 9.7
endloop
endfacet
facet normal 0 0 1
outer loop
vertex 225.97141880000007 -157.6086148 9.7
vertex 211.248986525 -149.10861385 9.7
vertex 211.24898652499974 -149.10861384999987 8.1
endloop
endfacet
facet normal 0 0 1
outer loop
vertex 225.97141880000007 -157.6086148 9.7
vertex 211.24898652499974 -149.10861384999987 8.1
vertex 218.6723813327196 -153.3945132 8.1
endloop
endfacet
facet normal 0 0 1
outer loop
vertex 225.97141880000007 -157.6086148 9.7
vertex 218.6723813327196 -153.3945132 8.1
vertex 225.9714188 -157.60861479999997 8.1
endloop
endfacet
facet normal -0.43052445293800157 -0.9025789136814767 0
outer loop
vertex 226.25467976003398 -157.74372849256332 9.7
vertex 225.97141880000007 -157.6086148 9.7
vertex 225.9714188 -157.60861479999997 8.1
endloop
endfacet
facet normal -0.43052445293800157 -0.9025789136814767 0
outer loop
vertex 226.25467976003398 -157.74372849256332 9.7
vertex 225.9714188 -157.60861479999997 8.1
vertex 226.25467976003404 -157.74372849256335 8.1
endloop
endfacet
facet normal -0.2840158128154257 -0.9588195962071244 0
outer loop
vertex 226.55559375587924 -157.83286343875716 9.7
vertex 226.25467976003398 -157.74372849256332 9.7
vertex 226.25467976003404 -157.74372849256335 8.1
endloop
endfacet
facet normal -0.2840158128154257 -0.9588195962071244 0
outer loop
vertex 226.55559375587924 -157.83286343875716 9.7
vertex 226.25467976003404 -157.74372849256335 8.1
vertex 226.55559375587922 -157.8328634387572 8.1
endloop
endfacet
facet normal -0.13052588698033674 -0.9914449015593335 0
outer loop
vertex 226.86674681133317 -157.87382741818342 9.7
vertex 226.55559375587924 -157.83286343875716 9.7
vertex 226.55559375587922 -157.8328634387572 8.1
endloop
endfacet
facet normal -0.13052588698033674 -0.9914449015593335 0
outer loop
vertex 226.86674681133317 -157.87382741818342 9.7
vertex 226.55559375587922 -157.8328634387572 8.1
vertex 226.866746811333 -157.87382741818345 8.1
endloop
endfacet
facet normal 0.026178051893225533 -0.9996572960765483 0
outer loop
vertex 227.18047722801265 -157.8656117515139 9.7
vertex 226.86674681133317 -157.87382741818342 9.7
vertex 226.866746811333 -157.87382741818345 8.1
endloop
endfacet
facet normal 0.026178051893225533 -0.9996572960765483 0
outer loop
vertex 227.18047722801265 -157.8656117515139 9.7
vertex 226.866746811333 -157.87382741818345 8.1
vertex 227.18047722801265 -157.86561175151394 8.1
endloop
endfacet
facet normal 0.1822373937288823 -0.9832545613049067 0
outer loop
vertex 227.4890598437061 -157.80841873777453 9.7
vertex 227.18047722801265 -157.8656117515139 9.7
vertex 227.18047722801265 -157.86561175151394 8.1
endloop
endfacet
facet normal 0.1822373937288823 -0.9832545613049067 0
outer loop
vertex 227.4890598437061 -157.80841873777453 9.7
vertex 227.18047722801265 -157.86561175151394 8.1
vertex 227.489059843706 -157.8084187377746 8.1
endloop
endfacet
facet normal 0.3338094007293654 -0.9426405910975306 0
outer loop
vertex 227.78489625342834 -157.70365667302158 9.7
vertex 227.4890598437061 -157.80841873777453 9.7
vertex 227.489059843706 -157.8084187377746 8.1
endloop
endfacet
facet normal 0.3338094007293654 -0.9426405910975306 0
outer loop
vertex 227.78489625342834 -157.70365667302158 9.7
vertex 227.489059843706 -157.8084187377746 8.1
vertex 227.78489625342812 -157.7036566730217 8.1
endloop
endfacet
facet normal 0.4771618292913888 -0.8788154463067294 0
outer loop
vertex 228.06070190926255 -157.55390517306805 9.7
vertex 227.78489625342834 -157.70365667302158 9.7
vertex 227.78489625342812 -157.7036566730217 8.1
endloop
endfacet
facet normal 0.4771618292913888 -0.8788154463067294 0
outer loop
vertex 228.06070190926255 -157.55390517306805 9.7
vertex 227.78489625342812 -157.7036566730217 8.1
vertex 228.0607019092627 -157.553905173068 8.1
endloop
endfacet
facet normal 0.6087648311589907 -0.793350729717926 0
outer loop
vertex 228.30968549192104 -157.36285165413784 9.7
vertex 228.06070190926255 -157.55390517306805 9.7
vertex 228.0607019092627 -157.553905173068 8.1
endloop
endfacet
facet normal 0.6087648311589907 -0.793350729717926 0
outer loop
vertex 228.30968549192104 -157.36285165413784 9.7
vertex 228.0607019092627 -157.553905173068 8.1
vertex 228.30968549192093 -157.36285165413798 8.1
endloop
endfacet
facet normal 0.7253778708823176 -0.6883508875814979 0
outer loop
vertex 228.5257161372533 -157.13520053552443 9.7
vertex 228.30968549192104 -157.36285165413784 9.7
vertex 228.30968549192093 -157.36285165413798 8.1
endloop
endfacet
facet normal 0.7253778708823176 -0.6883508875814979 0
outer loop
vertex 228.5257161372533 -157.13520053552443 9.7
vertex 228.30968549192093 -157.36285165413798 8.1
vertex 228.5257161372533 -157.13520053552446 8.1
endloop
endfacet
facet normal 0.8241295193617202 -0.5664013906379645 0
outer loop
vertex 228.70347440000006 -156.8765573999999 9.7
vertex 228.5257161372533 -157.13520053552443 9.7
vertex 228.5257161372533 -157.13520053552446 8.1
endloop
endfacet
facet normal 0.8241295193617202 -0.5664013906379645 0
outer loop
vertex 228.70347440000006 -156.8765573999999 9.7
vertex 228.5257161372533 -157.13520053552446 8.1
vertex 228.70347440000006 -156.87655739999997 8.1
endloop
endfacet
facet normal 0 0 1
outer loop
vertex 237.70346959999992 -141.28810680000024 9.7
vertex 230.71383334395992 -153.3945132 9.7
vertex 228.70347440000006 -156.8765573999999 9.7
endloop
endfacet
facet normal 0 0 1
outer loop
vertex 237.70346959999992 -141.28810680000024 9.7
vertex 228.70347440000006 -156.8765573999999 9.7
vertex 228.70347440000006 -156.87655739999997 8.1
endloop
endfacet
facet normal 0 0 1
outer loop
vertex 237.70346959999992 -141.28810680000024 9.7
vertex 228.70347440000006 -156.87655739999997 8.1
vertex 230.71383334395995 -153.3945132 8.1
endloop
endfacet
facet normal 0 0 1
outer loop
vertex 237.70346959999992 -141.28810680000024 9.7
vertex 230.71383334395995 -153.3945132 8.1
vertex 237.70346960000015 -141.2881067999998 8.1
endloop
endfacet
facet normal 0 0 -1
outer loop
vertex 237.85079789769867 -140.97214534971846 9.7
vertex 237.71183905481388 -141.27015760000003 9.7
vertex 237.70346959999992 -141.28810680000024 9.7
endloop
endfacet
facet normal 0 0 -1
outer loop
vertex 237.85079789769867 -140.97214534971846 9.7
vertex 237.70346959999992 -141.28810680000024 9.7
vertex 237.70346960000015 -141.2881067999998 8.1
endloop
endfacet
facet normal 0 0 -1
outer loop
vertex 237.85079789769867 -140.97214534971846 9.7
vertex 237.70346960000015 -141.2881067999998 8.1
vertex 237.7118390548139 -141.2701576 8.1
endloop
endfacet
facet normal 0 0 -1
outer loop
vertex 237.85079789769867 -140.97214534971846 9.7
vertex 237.7118390548139 -141.2701576 8.1
vertex 237.85079789769873 -140.9721453497184 8.1
endloop
endfacet
facet normal 0.9659259344654607 -0.2588186413823907 0
outer loop
vertex 237.94102748513407 -140.63540338208253 9.7
vertex 237.85079789769867 -140.97214534971846 9.7
vertex 237.85079789769873 -140.9721453497184 8.1
endloop
endfacet
facet normal 0.9659259344654607 -0.2588186413823907 0
outer loop
vertex 237.94102748513407 -140.63540338208253 9.7
vertex 237.85079789769873 -140.9721453497184 8.1
vertex 237.94102748513404 -140.63540338208279 8.1
endloop
endfacet
facet normal 0.9961946438812234 -0.08715636237454293 0
outer loop
vertex 237.9714120145381 -140.28810910975994 9.7
vertex 237.94102748513407 -140.63540338208253 9.7
vertex 237.94102748513404 -140.63540338208279 8.1
endloop
endfacet
facet normal 0.9961946438812234 -0.08715636237454293 0
outer loop
vertex 237.9714120145381 -140.28810910975994 9.7
vertex 237.94102748513404 -140.63540338208279 8.1
vertex 237.9714120145381 -140.28810910975997 8.1
endloop
endfacet
facet normal 0.9961948429387929 0.08715408712248529 0
outer loop
vertex 237.94102827833444 -139.94081476804118 9.7
vertex 237.9714120145381 -140.28810910975994 9.7
vertex 237.9714120145381 -140.28810910975997 8.1
endloop
endfacet
facet normal 0.9961948429387929 0.08715408712248529 0
outer loop
vertex 237.94102827833444 -139.94081476804118 9.7
vertex 237.9714120145381 -140.28810910975997 8.1
vertex 237.94102827833444 -139.94081476804118 8.1
endloop
endfacet
facet normal 0.9659265255899975 0.2588164352618202 0
outer loop
vertex 237.85079945999902 -139.6040725943278 9.7
vertex 237.94102827833444 -139.94081476804118 9.7
vertex 237.94102827833444 -139.94081476804118 8.1
endloop
endfacet
facet normal 0.9659265255899975 0.2588164352618202 0
outer loop
vertex 237.85079945999902 -139.6040725943278 9.7
vertex 237.94102827833444 -139.94081476804118 8.1
vertex 237.850799459999 -139.6040725943277 8.1
endloop
endfacet
facet normal 0.9063093684088378 0.42261487046053337 0
outer loop
vertex 237.70346708393072 -139.28811420754613 9.7
vertex 237.85079945999902 -139.6040725943278 9.7
vertex 237.850799459999 -139.6040725943277 8.1
endloop
endfacet
facet normal 0.9063093684088378 0.42261487046053337 0
outer loop
vertex 237.70346708393072 -139.28811420754613 9.7
vertex 237.850799459999 -139.6040725943277 8.1
vertex 237.70346708393075 -139.28811420754622 8.1
endloop
endfacet
facet normal 0.8191547870165999 0.573572519310147 0
outer loop
vertex 237.50350771661064 -139.00253972928127 9.7
vertex 237.70346708393072 -139.28811420754613 9.7
vertex 237.70346708393075 -139.28811420754622 8.1
endloop
endfacet
facet normal 0.8191547870165999 0.573572519310147 0
outer loop
vertex 237.50350771661064 -139.00253972928127 9.7
vertex 237.70346708393075 -139.28811420754622 8.1
vertex 237.50350771661047 -139.00253972928107 8.1
endloop
endfacet
facet normal 0.7071108977887003 0.7071026645604287 0
outer loop
vertex 237.25699695001032 -138.7560260924055 9.7
vertex 237.50350771661064 -139.00253972928127 9.7
vertex 237.50350771661047 -139.00253972928107 8.1
endloop
endfacet
facet normal 0.7071108977887003 0.7071026645604287 0
outer loop
vertex 237.25699695001032 -138.7560260924055 9.7
vertex 237.50350771661047 -139.00253972928107 8.1
vertex 237.25699695001035 -138.7560260924055 8.1
endloop
endfacet
facet normal 0.5735820571352696 0.8191481085447688 0
outer loop
vertex 236.97142479999985 -138.5560633999999 9.7
vertex 237.25699695001032 -138.7560260924055 9.7
vertex 237.25699695001035 -138.7560260924055 8.1
endloop
endfacet
facet normal 0.5735820571352696 0.8191481085447688 0
outer loop
vertex 236.97142479999985 -138.5560633999999 9.7
vertex 237.25699695001035 -138.7560260924055 8.1
vertex 236.9714248 -138.55606340000003 8.1
endloop
endfacet
facet normal 0 0 -1
outer loop
vertex 222.24898700000014 -130.0560560000001 9.7
vertex 223.20425085219094 -130.6075781 9.7
vertex 229.139433844524 -134.0342592 9.7
endloop
endfacet
facet normal 0 0 -1
outer loop
vertex 222.24898700000014 -130.0560560000001 9.7
vertex 229.139433844524 -134.0342592 9.7
vertex 229.18935512708214 -134.06308127939513 9.7
endloop
endfacet
facet normal 0 0 -1
outer loop
vertex 222.24898700000014 -130.0560560000001 9.7
vertex 229.18935512708214 -134.06308127939513 9.7
vertex 229.3372005278642 -134.14843990123313 9.7
endloop
endfacet
facet normal 0 0 -1
outer loop
vertex 222.24898700000014 -130.0560560000001 9.7
vertex 229.3372005278642 -134.14843990123313 9.7
vertex 229.54802166776756 -134.27015760000003 9.7
endloop
endfacet
facet normal 0 0 -1
outer loop
vertex 222.24898700000014 -130.0560560000001 9.7
vertex 229.54802166776756 -134.27015760000003 9.7
vertex 236.97142479999985 -138.5560633999999 9.7
endloop
endfacet
facet normal 0 0 -1
outer loop
vertex 222.24898700000014 -130.0560560000001 9.7
vertex 236.97142479999985 -138.5560633999999 9.7
vertex 236.9714248 -138.55606340000003 8.1
endloop
endfacet
facet normal 0 0 -1
outer loop
vertex 222.24898700000014 -130.0560560000001 9.7
vertex 236.9714248 -138.55606340000003 8.1
vertex 229.54802166776756 -134.27015760000003 8.1
endloop
endfacet
facet normal 0 0 -1
outer loop
vertex 222.24898700000014 -130.0560560000001 9.7
vertex 229.54802166776756 -134.27015760000003 8.1
vertex 229.33720052786413 -134.14843990123308 8.1
endloop
endfacet
facet normal 0 0 -1
outer loop
vertex 222.24898700000014 -130.0560560000001 9.7
vertex 229.33720052786413 -134.14843990123308 8.1
vertex 229.1893551270822 -134.06308127939516 8.1
endloop
endfacet
facet normal 0 0 -1
outer loop
vertex 222.24898700000014 -130.0560560000001 9.7
vertex 229.1893551270822 -134.06308127939516 8.1
vertex 229.13943384452404 -134.0342592 8.1
endloop
endfacet
facet normal 0 0 -1
outer loop
vertex 222.24898700000014 -130.0560560000001 9.7
vertex 229.13943384452404 -134.0342592 8.1
vertex 223.20425085219094 -130.6075781 8.1
endloop
endfacet
facet normal 0 0 -1
outer loop
vertex 222.24898700000014 -130.0560560000001 9.7
vertex 223.20425085219094 -130.6075781 8.1
vertex 222.24898700000003 -130.056056 8.1
endloop
endfacet
facet normal 0.441569110876447 0.8972272400678571 0
outer loop
vertex 222.0113829962184 -129.93911952727035 9.7
vertex 222.24898700000014 -130.0560560000001 9.7
vertex 222.24898700000003 -130.056056 8.1
endloop
endfacet
facet normal 0.441569110876447 0.8972272400678571 0
outer loop
vertex 222.0113829962184 -129.93911952727035 9.7
vertex 222.24898700000003 -130.056056 8.1
vertex 222.01138299621854 -129.93911952727038 8.1
endloop
endfacet
facet normal 0 0 1
outer loop
vertex 221.76041633080843 -129.8546022551015 9.7
vertex 221.78040269051402 -129.861333 9.7
vertex 222.0113829962184 -129.93911952727035 9.7
endloop
endfacet
facet normal 0 0 1
outer loop
vertex 221.76041633080843 -129.8546022551015 9.7
vertex 222.0113829962184 -129.93911952727035 9.7
vertex 222.01138299621854 -129.93911952727038 8.1
endloop
endfacet
facet normal 0 0 1
outer loop
vertex 221.76041633080843 -129.8546022551015 9.7
vertex 222.01138299621854 -129.93911952727038 8.1
vertex 221.78040269051414 -129.86133300000003 8.1
endloop
endfacet
facet normal 0 0 1
outer loop
vertex 221.76041633080843 -129.8546022551015 9.7
vertex 221.78040269051414 -129.86133300000003 8.1
vertex 221.76041633080854 -129.85460225510153 8.1
endloop
endfacet
facet normal 0.19114915503388377 0.9815610019401914 0
outer loop
vertex 221.5004834159899 -129.80398292840164 9.7
vertex 221.76041633080843 -129.8546022551015 9.7
vertex 221.76041633080854 -129.85460225510153 8.1
endloop
endfacet
facet normal 0.19114915503388377 0.9815610019401914 0
outer loop
vertex 221.5004834159899 -129.80398292840164 9.7
vertex 221.76041633080854 -129.85460225510153 8.1
vertex 221.50048341598978 -129.8039829284016 8.1
endloop
endfacet
facet normal 0.0597922295733042 0.9982108441019129 0
outer loop
vertex 221.23614135900235 -129.78814899807452 9.7
vertex 221.5004834159899 -129.80398292840164 9.7
vertex 221.50048341598978 -129.8039829284016 8.1
endloop
endfacet
facet normal 0.0597922295733042 0.9982108441019129 0
outer loop
vertex 221.23614135900235 -129.78814899807452 9.7
vertex 221.50048341598978 -129.8039829284016 8.1
vertex 221.2361413590024 -129.78814899807452 8.1
endloop
endfacet
facet normal -0.07261296483198976 0.9973601943823045 0
outer loop
vertex 220.97202456754715 -129.80737806235592 9.7
vertex 221.23614135900235 -129.78814899807452 9.7
vertex 221.2361413590024 -129.78814899807452 8.1
endloop
endfacet
facet normal -0.07261296483198976 0.9973601943823045 0
outer loop
vertex 220.97202456754715 -129.80737806235592 9.7
vertex 221.2361413590024 -129.78814899807452 8.1
vertex 220.97202456754718 -129.80737806235592 8.1
endloop
endfacet
facet normal -0.2037451189682139 0.9790239662524246 0
outer loop
vertex 220.71276350000008 -129.861333 9.7
vertex 220.97202456754715 -129.80737806235592 9.7
vertex 220.97202456754718 -129.80737806235592 8.1
endloop
endfacet
facet normal -0.2037451189682139 0.9790239662524246 0
outer loop
vertex 220.71276350000008 -129.861333 9.7
vertex 220.97202456754718 -129.80737806235592 8.1
vertex 220.7127635 -129.86133300000003 8.1
endloop
endfacet
facet normal 0.9716814964619455 0.23629445493594356 0
outer loop
vertex 220.5753653000002 -129.29632910000083 9.7
vertex 220.71276350000008 -129.861333 9.7
vertex 220.7127635 -129.86133300000003 8.1
endloop
endfacet
facet normal 0.9716814964619455 0.23629445493594356 0
outer loop
vertex 220.5753653000002 -129.29632910000083 9.7
vertex 220.7127635 -129.86133300000003 8.1
vertex 220.57536530000021 -129.29632910000092 8.1
endloop
endfacet
facet normal 0.961181510053778 0.27591684386919757 0
outer loop
vertex 220.5301229486691 -129.13872323962266 9.7
vertex 220.5753653000002 -129.29632910000083 9.7
vertex 220.57536530000021 -129.29632910000092 8.1
endloop
endfacet
facet normal 0.961181510053778 0.27591684386919757 0
outer loop
vertex 220.5301229486691 -129.13872323962266 9.7
vertex 220.57536530000021 -129.29632910000092 8.1
vertex 220.53012294866897 -129.13872323962232 8.1
endloop
endfacet
facet normal 0.9353442043152801 0.35373891424865245 0
outer loop
vertex 220.47211965493412 -128.98535293615615 9.7
vertex 220.5301229486691 -129.13872323962266 9.7
vertex 220.53012294866897 -129.13872323962232 8.1
endloop
endfacet
facet normal 0.9353442043152801 0.35373891424865245 0
outer loop
vertex 220.47211965493412 -128.98535293615615 9.7
vertex 220.53012294866897 -129.13872323962232 8.1
vertex 220.4721196549343 -128.98535293615654 8.1
endloop
endfacet
facet normal 0.9032233799502245 0.42917074214267265 0
outer loop
vertex 220.40174764999983 -128.83724954999968 9.7
vertex 220.47211965493412 -128.98535293615615 9.7
vertex 220.4721196549343 -128.98535293615654 8.1
endloop
endfacet
facet normal 0.9032233799502245 0.42917074214267265 0
outer loop
vertex 220.40174764999983 -128.83724954999968 9.7
vertex 220.4721196549343 -128.98535293615654 8.1
vertex 220.40174764999944 -128.83724954999883 8.1
endloop
endfacet
facet normal 0.8848732634844388 0.4658318447362728 0
outer loop
vertex 219.25665350000003 -126.66208010000005 9.7
vertex 220.40174764999983 -128.83724954999968 9.7
vertex 220.40174764999944 -128.83724954999883 8.1
endloop
endfacet
facet normal 0.8848732634844388 0.4658318447362728 0
outer loop
vertex 219.25665350000003 -126.66208010000005 9.7
vertex 220.40174764999944 -128.83724954999883 8.1
vertex 219.25665350000034 -126.66208010000057 8.1
endloop
endfacet
facet normal 0.8481599792348936 0.5297401718052587 0
outer loop
vertex 219.10059459759748 -126.41221625642916 9.7
vertex 219.25665350000003 -126.66208010000005 9.7
vertex 219.25665350000034 -126.66208010000057 8.1
endloop
endfacet
facet normal 0.8481599792348936 0.5297401718052587 0
outer loop
vertex 219.10059459759748 -126.41221625642916 9.7
vertex 219.25665350000034 -126.66208010000057 8.1
vertex 219.1005945975974 -126.41221625642905 8.1
endloop
endfacet
facet normal 0.7611448764938662 0.6485818969005667 0
outer loop
vertex 218.90952612431172 -126.18798738079151 9.7
vertex 219.10059459759748 -126.41221625642916 9.7
vertex 219.1005945975974 -126.41221625642905 8.1
endloop
endfacet
facet normal 0.7611448764938662 0.6485818969005667 0
outer loop
vertex 218.90952612431172 -126.18798738079151 9.7
vertex 219.1005945975974 -126.41221625642905 8.1
vertex 218.90952612431167 -126.18798738079143 8.1
endloop
endfacet
facet normal 0.6576130200852034 0.7533559024886033 0
outer loop
vertex 218.68759183533857 -125.99425839088119 9.7
vertex 218.90952612431172 -126.18798738079151 9.7
vertex 218.90952612431167 -126.18798738079143 8.1
endloop
endfacet
facet normal 0.6576130200852034 0.7533559024886033 0
outer loop
vertex 218.68759183533857 -125.99425839088119 9.7
vertex 218.90952612431167 -126.18798738079143 8.1
vertex 218.6875918353387 -125.99425839088128 8.1
endloop
endfacet
facet normal 0.5398133038617773 0.8417847687941571 0
outer loop
vertex 218.43960691411687 -125.83523251562764 9.7
vertex 218.68759183533857 -125.99425839088119 9.7
vertex 218.6875918353387 -125.99425839088128 8.1
endloop
endfacet
facet normal 0.5398133038617773 0.8417847687941571 0
outer loop
vertex 218.43960691411687 -125.83523251562764 9.7
vertex 218.6875918353387 -125.99425839088128 8.1
vertex 218.4396069141168 -125.83523251562761 8.1
endloop
endfacet
facet normal 0 0 1
outer loop
vertex 218.17095175000006 -125.71436005000001 9.7
vertex 218.4041861064611 -125.81929610000002 9.7
vertex 218.43960691411687 -125.83523251562764 9.7
endloop
endfacet
facet normal 0 0 1
outer loop
vertex 218.17095175000006 -125.71436005000001 9.7
vertex 218.43960691411687 -125.83523251562764 9.7
vertex 218.4396069141168 -125.83523251562761 8.1
endloop
endfacet
facet normal 0 0 1
outer loop
vertex 218.17095175000006 -125.71436005000001 9.7
vertex 218.4396069141168 -125.83523251562761 8.1
vertex 218.40418610646108 -125.8192961 8.1
endloop
endfacet
facet normal 0 0 1
outer loop
vertex 218.17095175000006 -125.71436005000001 9.7
vertex 218.40418610646108 -125.8192961 8.1
vertex 218.17095175000003 -125.71436005000001 8.1
endloop
endfacet
facet normal 0 0 1
outer loop
vertex 210.36630049999988 -122.87369949999996 9.7
vertex 212.39497724569824 -123.6120774 9.7
vertex 218.17095175000006 -125.71436005000001 9.7
endloop
endfacet
facet normal 0 0 1
outer loop
vertex 210.36630049999988 -122.87369949999996 9.7
vertex 218.17095175000006 -125.71436005000001 9.7
vertex 218.17095175000003 -125.71436005000001 8.1
endloop
endfacet
facet normal 0 0 1
outer loop
vertex 210.36630049999988 -122.87369949999996 9.7
vertex 218.17095175000003 -125.71436005000001 8.1
vertex 212.39497724569821 -123.6120774 8.1
endloop
endfacet
facet normal 0 0 1
outer loop
vertex 210.36630049999988 -122.87369949999996 9.7
vertex 212.39497724569821 -123.6120774 8.1
vertex 210.3663004999999 -122.87369949999997 8.1
endloop
endfacet
facet normal 0.4135290089355658 0.910490943814802 0
outer loop
vertex 210.08520825436483 -122.74603233477818 9.7
vertex 210.36630049999988 -122.87369949999996 9.7
vertex 210.3663004999999 -122.87369949999997 8.1
endloop
endfacet
facet normal 0.4135290089355658 0.910490943814802 0
outer loop
vertex 210.08520825436483 -122.74603233477818 9.7
vertex 210.3663004999999 -122.87369949999997 8.1
vertex 210.08520825436483 -122.74603233477818 8.1
endloop
endfacet
facet normal 0.5487262728783955 0.8360020798137914 0
outer loop
vertex 209.82710895727126 -122.57662382641868 9.7
vertex 210.08520825436483 -122.74603233477818 9.7
vertex 210.08520825436483 -122.74603233477818 8.1
endloop
endfacet
facet normal 0.5487262728783955 0.8360020798137914 0
outer loop
vertex 209.82710895727126 -122.57662382641868 9.7
vertex 210.08520825436483 -122.74603233477818 8.1
vertex 209.8271089572713 -122.57662382641871 8.1
endloop
endfacet
facet normal 0.6708532672380074 0.7415901117437386 0
outer loop
vertex 209.59815750942897 -122.36951099630997 9.7
vertex 209.82710895727126 -122.57662382641868 9.7
vertex 209.8271089572713 -122.57662382641871 8.1
endloop
endfacet
facet normal 0.6708532672380074 0.7415901117437386 0
outer loop
vertex 209.59815750942897 -122.36951099630997 9.7
vertex 209.8271089572713 -122.57662382641871 8.1
vertex 209.598157509429 -122.36951099631001 8.1
endloop
endfacet
facet normal 0.7769947523623879 0.6295070728763195 0
outer loop
vertex 209.40380950845184 -122.12962905788888 9.7
vertex 209.59815750942897 -122.36951099630997 9.7
vertex 209.598157509429 -122.36951099631001 8.1
endloop
endfacet
facet normal 0.7769947523623879 0.6295070728763195 0
outer loop
vertex 209.40380950845184 -122.12962905788888 9.7
vertex 209.598157509429 -122.36951099631001 8.1
vertex 209.40380950845173 -122.12962905788878 8.1
endloop
endfacet
facet normal 0.8646215228745427 0.5024237476295351 0
outer loop
vertex 209.2486959994816 -121.86269406730177 9.7
vertex 209.40380950845184 -122.12962905788888 9.7
vertex 209.40380950845173 -122.12962905788878 8.1
endloop
endfacet
facet normal 0.8646215228745427 0.5024237476295351 0
outer loop
vertex 209.2486959994816 -121.86269406730177 9.7
vertex 209.40380950845173 -122.12962905788878 8.1
vertex 209.24869599948164 -121.86269406730186 8.1
endloop
endfacet
facet normal 0.931645553541976 0.363368356582498 0
outer loop
vertex 209.13651312376348 -121.57506671766318 9.7
vertex 209.2486959994816 -121.86269406730177 9.7
vertex 209.24869599948164 -121.86269406730186 8.1
endloop
endfacet
facet normal 0.931645553541976 0.363368356582498 0
outer loop
vertex 209.13651312376348 -121.57506671766318 9.7
vertex 209.24869599948164 -121.86269406730186 8.1
vertex 209.13651312376348 -121.57506671766323 8.1
endloop
endfacet
facet normal 0.9764697540417906 0.21565439815029286 0
outer loop
vertex 209.06993404468977 -121.2736007724978 9.7
vertex 209.13651312376348 -121.57506671766318 9.7
vertex 209.13651312376348 -121.57506671766323 8.1
endloop
endfacet
facet normal 0.9764697540417906 0.21565439815029286 0
outer loop
vertex 209.06993404468977 -121.2736007724978 9.7
vertex 209.13651312376348 -121.57506671766323 8.1
vertex 209.06993404468975 -121.27360077249772 8.1
endloop
endfacet
facet normal 0 0 -1
outer loop
vertex 209.05054525 -120.96547974999993 9.7
vertex 209.06410723961164 -121.18100289999998 9.7
vertex 209.06993404468977 -121.2736007724978 9.7
endloop
endfacet
facet normal 0 0 -1
outer loop
vertex 209.05054525 -120.96547974999993 9.7
vertex 209.06993404468977 -121.2736007724978 9.7
vertex 209.06993404468975 -121.27360077249772 8.1
endloop
endfacet
facet normal 0 0 -1
outer loop
vertex 209.05054525 -120.96547974999993 9.7
vertex 209.06993404468975 -121.27360077249772 8.1
vertex 209.06410723961162 -121.1810029 8.1
endloop
endfacet
facet normal 0 0 -1
outer loop
vertex 209.05054525 -120.96547974999993 9.7
vertex 209.06410723961162 -121.1810029 8.1
vertex 209.05054525 -120.96547975000011 8.1
endloop
endfacet
facet normal 0.9961946980917409 0.08715574274771135 0
outer loop
vertex 205.4696155060244 -41.77770364466608 9.7
vertex 205.5 -42.12499999999981 9.7
vertex 205.5 -42.12499999999979 8.1
endloop
endfacet
facet normal 0.9961946980917409 0.08715574274771135 0
outer loop
vertex 205.4696155060244 -41.77770364466608 9.7
vertex 205.5 -42.12499999999979 8.1
vertex 205.46961550602444 -41.777703644666246 8.1
endloop
endfacet
facet normal 0 0 1
outer loop
vertex 205.37938524157187 -41.440959713348825 9.7
vertex 205.46219233680873 -41.75 9.7
vertex 205.4696155060244 -41.77770364466608 9.7
endloop
endfacet
facet normal 0 0 1
outer loop
vertex 205.37938524157187 -41.440959713348825 9.7
vertex 205.4696155060244 -41.77770364466608 9.7
vertex 205.46961550602444 -41.777703644666246 8.1
endloop
endfacet
facet normal 0 0 1
outer loop
vertex 205.37938524157187 -41.440959713348825 9.7
vertex 205.46961550602444 -41.777703644666246 8.1
vertex 205.46219233680873 -41.75 8.1
endloop
endfacet
facet normal 0 0 1
outer loop
vertex 205.37938524157187 -41.440959713348825 9.7
vertex 205.46219233680873 -41.75 8.1
vertex 205.3793852415718 -41.44095971334865 8.1
endloop
endfacet
facet normal 0.9063077870366657 0.42261826174066586 0
outer loop
vertex 205.2320508075688 -41.12499999999993 9.7
vertex 205.37938524157187 -41.440959713348825 9.7
vertex 205.3793852415718 -41.44095971334865 8.1
endloop
endfacet
facet normal 0.9063077870366657 0.42261826174066586 0
outer loop
vertex 205.2320508075688 -41.12499999999993 9.7
vertex 205.3793852415718 -41.44095971334865 8.1
vertex 205.23205080756887 -41.124999999999986 8.1
endloop
endfacet
facet normal 0.8191520442890001 0.5735764363510342 0
outer loop
vertex 205.03208888623797 -40.83942478062697 9.7
vertex 205.2320508075688 -41.12499999999993 9.7
vertex 205.23205080756887 -41.124999999999986 8.1
endloop
endfacet
facet normal 0.8191520442890001 0.5735764363510342 0
outer loop
vertex 205.03208888623797 -40.83942478062697 9.7
vertex 205.23205080756887 -41.124999999999986 8.1
vertex 205.03208888623803 -40.83942478062702 8.1
endloop
endfacet
facet normal 0.7071067811865689 0.7071067811865263 0
outer loop
vertex 204.78557521937293 -40.59291111376192 9.7
vertex 205.03208888623797 -40.83942478062697 9.7
vertex 205.03208888623803 -40.83942478062702 8.1
endloop
endfacet
facet normal 0.7071067811865689 0.7071067811865263 0
outer loop
vertex 204.78557521937293 -40.59291111376192 9.7
vertex 205.03208888623803 -40.83942478062702 8.1
vertex 204.78557521937296 -40.592911113761936 8.1
endloop
endfacet
facet normal 0.573576436351047 0.8191520442889911 0
outer loop
vertex 204.5000000000001 -40.39294919243119 9.7
vertex 204.78557521937293 -40.59291111376192 9.7
vertex 204.78557521937296 -40.592911113761936 8.1
endloop
endfacet
facet normal 0.573576436351047 0.8191520442889911 0
outer loop
vertex 204.5000000000001 -40.39294919243119 9.7
vertex 204.78557521937296 -40.592911113761936 8.1
vertex 204.5000000000001 -40.392949192431175 8.1
endloop
endfacet
facet normal 0.4226182617407234 0.9063077870366388 0
outer loop
vertex 204.18404028665128 -40.24561475842816 9.7
vertex 204.5000000000001 -40.39294919243119 9.7
vertex 204.5000000000001 -40.392949192431175 8.1
endloop
endfacet
facet normal 0.4226182617407234 0.9063077870366388 0
outer loop
vertex 204.18404028665128 -40.24561475842816 9.7
vertex 204.5000000000001 -40.392949192431175 8.1
vertex 204.1840402866514 -40.24561475842821 8.1
endloop
endfacet
facet normal 0.2588190451025269 0.9659258262890666 0
outer loop
vertex 203.84729635533392 -40.15538449397559 9.7
vertex 204.18404028665128 -40.24561475842816 9.7
vertex 204.1840402866514 -40.24561475842821 8.1
endloop
endfacet
facet normal 0.2588190451025269 0.9659258262890666 0
outer loop
vertex 203.84729635533392 -40.15538449397559 9.7
vertex 204.1840402866514 -40.24561475842821 8.1
vertex 203.84729635533378 -40.155384493975575 8.1
endloop
endfacet
facet normal 0.08715574274765459 0.996194698091746 0
outer loop
vertex 203.49999999999997 -40.125 9.7
vertex 203.84729635533392 -40.15538449397559 9.7
vertex 203.84729635533378 -40.155384493975575 8.1
endloop
endfacet
facet normal 0.08715574274765459 0.996194698091746 0
outer loop
vertex 203.49999999999997 -40.125 9.7
vertex 203.84729635533378 -40.155384493975575 8.1
vertex 203.5 -40.125 8.1
endloop
endfacet
facet normal 0 1 0
outer loop
vertex 203.49999999999997 -40.125 9.7
vertex 203.5 -40.125 8.1
vertex 186.5 -40.125 8.1
endloop
endfacet
facet normal 0 1 0
outer loop
vertex 203.49999999999997 -40.125 9.7
vertex 186.5 -40.125 8.1
vertex 186.5 -40.125 9.7
endloop
endfacet
facet normal 1 0 0
outer loop
vertex 186.5 -39.75000000000008 8.1
vertex 186.5 -39.749999999999986 9.7
vertex 186.5 -40.125 9.7
endloop
endfacet
facet normal 1 0 0
outer loop
vertex 186.5 -39.75000000000008 8.1
vertex 186.5 -40.125 9.7
vertex 186.5 -40.125 8.1
endloop
endfacet
facet normal 0.9961946980917433 0.08715574274768298 0
outer loop
vertex 186.4696155060244 -39.40270364466603 9.7
vertex 186.5 -39.749999999999986 9.7
vertex 186.5 -39.75000000000008 8.1
endloop
endfacet
facet normal 0.9961946980917433 0.08715574274768298 0
outer loop
vertex 186.4696155060244 -39.40270364466603 9.7
vertex 186.5 -39.75000000000008 8.1
vertex 186.4696155060244 -39.40270364466605 8.1
endloop
endfacet
facet normal 0.9659258262890631 0.2588190451025404 0
outer loop
vertex 186.37938524157187 -39.06595971334881 9.7
vertex 186.4696155060244 -39.40270364466603 9.7
vertex 186.4696155060244 -39.40270364466605 8.1
endloop
endfacet
facet normal 0.9659258262890631 0.2588190451025404 0
outer loop
vertex 186.37938524157187 -39.06595971334881 9.7
vertex 186.4696155060244 -39.40270364466605 8.1
vertex 186.37938524157187 -39.06595971334876 8.1
endloop
endfacet
facet normal 0.9063077870366524 0.4226182617406946 0
outer loop
vertex 186.2320508075688 -38.74999999999991 9.7
vertex 186.37938524157187 -39.06595971334881 9.7
vertex 186.37938524157187 -39.06595971334876 8.1
endloop
endfacet
facet normal 0.9063077870366524 0.4226182617406946 0
outer loop
vertex 186.2320508075688 -38.74999999999991 9.7
vertex 186.37938524157187 -39.06595971334876 8.1
vertex 186.23205080756892 -38.75000000000011 8.1
endloop
endfacet
facet normal 0.8191520442889936 0.5735764363510437 0
outer loop
vertex 186.03208888623794 -38.46442478062693 9.7
vertex 186.2320508075688 -38.74999999999991 9.7
vertex 186.23205080756892 -38.75000000000011 8.1
endloop
endfacet
facet normal 0.8191520442889936 0.5735764363510437 0
outer loop
vertex 186.03208888623794 -38.46442478062693 9.7
vertex 186.23205080756892 -38.75000000000011 8.1
vertex 186.03208888623786 -38.464424780626814 8.1
endloop
endfacet
facet normal 0.7071067811865405 0.7071067811865547 0
outer loop
vertex 185.78557521937302 -38.217911113761986 9.7
vertex 186.03208888623794 -38.46442478062693 9.7
vertex 186.03208888623786 -38.464424780626814 8.1
endloop
endfacet
facet normal 0.7071067811865405 0.7071067811865547 0
outer loop
vertex 185.78557521937302 -38.217911113761986 9.7
vertex 186.03208888623786 -38.464424780626814 8.1
vertex 185.78557521937313 -38.21791111376208 8.1
endloop
endfacet
facet normal 0.5735764363510599 0.8191520442889821 0
outer loop
vertex 185.5000000000001 -38.01794919243118 9.7
vertex 185.78557521937302 -38.217911113761986 9.7
vertex 185.78557521937313 -38.21791111376208 8.1
endloop
endfacet
facet normal 0.5735764363510599 0.8191520442889821 0
outer loop
vertex 185.5000000000001 -38.01794919243118 9.7
vertex 185.78557521937313 -38.21791111376208 8.1
vertex 185.50000000000003 -38.01794919243113 8.1
endloop
endfacet
facet normal 0.42261826174066586 0.9063077870366657 0
outer loop
vertex 185.18404028665128 -37.87061475842816 9.7
vertex 185.5000000000001 -38.01794919243118 9.7
vertex 185.50000000000003 -38.01794919243113 8.1
endloop
endfacet
facet normal 0.42261826174066586 0.9063077870366657 0
outer loop
vertex 185.18404028665128 -37.87061475842816 9.7
vertex 185.50000000000003 -38.01794919243113 8.1
vertex 185.18404028665134 -37.87061475842818 8.1
endloop
endfacet
facet normal 0.2588190451025145 0.96592582628907 0
outer loop
vertex 184.8472963553339 -37.78038449397558 9.7
vertex 185.18404028665128 -37.87061475842816 9.7
vertex 185.18404028665134 -37.87061475842818 8.1
endloop
endfacet
facet normal 0.2588190451025145 0.96592582628907 0
outer loop
vertex 184.8472963553339 -37.78038449397558 9.7
vertex 185.18404028665134 -37.87061475842818 8.1
vertex 184.84729635533387 -37.78038449397558 8.1
endloop
endfacet
facet normal 0.08715574274765459 0.996194698091746 0
outer loop
vertex 184.50000000000003 -37.75 9.7
vertex 184.8472963553339 -37.78038449397558 9.7
vertex 184.84729635533387 -37.78038449397558 8.1
endloop
endfacet
facet normal 0.08715574274765459 0.996194698091746 0
outer loop
vertex 184.50000000000003 -37.75 9.7
vertex 184.84729635533387 -37.78038449397558 8.1
vertex 184.5 -37.75 8.1
endloop
endfacet
facet normal 0 1 0
outer loop
vertex 144.5 -37.75 9.7
vertex 144.49999999999994 -37.75 8.1
vertex 129.5 -37.75 8.1
endloop
endfacet
facet normal 0 1 0
outer loop
vertex 144.5 -37.75 9.7
vertex 129.5 -37.75 8.1
vertex 129.5 -37.75 9.7
endloop
endfacet
facet normal 0 1 0
outer loop
vertex 184.50000000000003 -37.75 9.7
vertex 184.5 -37.75 8.1
vertex 169.49999999999997 -37.75 8.1
endloop
endfacet
facet normal 0 1 0
outer loop
vertex 184.50000000000003 -37.75 9.7
vertex 169.49999999999997 -37.75 8.1
vertex 169.49999999999997 -37.75 9.7
endloop
endfacet
facet normal 0.0871557427476546 0.9961946980917459 0
outer loop
vertex 169.1527036446662 -37.719615506024425 9.7
vertex 169.49999999999997 -37.75 9.7
vertex 169.49999999999997 -37.75 8.1
endloop
endfacet
facet normal 0.0871557427476546 0.9961946980917459 0
outer loop
vertex 169.1527036446662 -37.719615506024425 9.7
vertex 169.49999999999997 -37.75 8.1
vertex 169.15270364466613 -37.719615506024425 8.1
endloop
endfacet
facet normal 0.2588190451025269 0.9659258262890666 0
outer loop
vertex 168.81595971334858 -37.62938524157179 9.7
vertex 169.1527036446662 -37.719615506024425 9.7
vertex 169.15270364466613 -37.719615506024425 8.1
endloop
endfacet
facet normal 0.2588190451025269 0.9659258262890666 0
outer loop
vertex 168.81595971334858 -37.62938524157179 9.7
vertex 169.15270364466613 -37.719615506024425 8.1
vertex 168.8159597133487 -37.62938524157183 8.1
endloop
endfacet
facet normal 0.4226182617406809 0.9063077870366586 0
outer loop
vertex 168.50000000000006 -37.48205080756892 9.7
vertex 168.81595971334858 -37.62938524157179 9.7
vertex 168.8159597133487 -37.62938524157183 8.1
endloop
endfacet
facet normal 0.4226182617406809 0.9063077870366586 0
outer loop
vertex 168.50000000000006 -37.48205080756892 9.7
vertex 168.8159597133487 -37.62938524157183 8.1
vertex 168.5 -37.482050807568875 8.1
endloop
endfacet
facet normal 0.5735764363510761 0.8191520442889708 0
outer loop
vertex 168.21442478062696 -37.28208888623797 9.7
vertex 168.50000000000006 -37.48205080756892 9.7
vertex 168.5 -37.482050807568875 8.1
endloop
endfacet
facet normal 0.5735764363510761 0.8191520442889708 0
outer loop
vertex 168.21442478062696 -37.28208888623797 9.7
vertex 168.5 -37.482050807568875 8.1
vertex 168.2144247806269 -37.28208888623794 8.1
endloop
endfacet
facet normal 0.7071067811865405 0.7071067811865547 0
outer loop
vertex 167.96791111376194 -37.03557521937296 9.7
vertex 168.21442478062696 -37.28208888623797 9.7
vertex 168.2144247806269 -37.28208888623794 8.1
endloop
endfacet
facet normal 0.7071067811865405 0.7071067811865547 0
outer loop
vertex 167.96791111376194 -37.03557521937296 9.7
vertex 168.2144247806269 -37.28208888623794 8.1
vertex 167.967911113762 -37.03557521937304 8.1
endloop
endfacet
facet normal 0 0 -1
outer loop
vertex 167.76794919243122 -36.750000000000156 9.7
vertex 167.94300107698353 -37 9.7
vertex 167.96791111376194 -37.03557521937296 9.7
endloop
endfacet
facet normal 0 0 -1
outer loop
vertex 167.76794919243122 -36.750000000000156 9.7
vertex 167.96791111376194 -37.03557521937296 9.7
vertex 167.967911113762 -37.03557521937304 8.1
endloop
endfacet
facet normal 0 0 -1
outer loop
vertex 167.76794919243122 -36.750000000000156 9.7
vertex 167.967911113762 -37.03557521937304 8.1
vertex 167.94300107698353 -37 8.1
endloop
endfacet
facet normal 0 0 -1
outer loop
vertex 167.76794919243122 -36.750000000000156 9.7
vertex 167.94300107698353 -37 8.1
vertex 167.7679491924312 -36.7500000000001 8.1
endloop
endfacet
facet normal 0.9063077870366388 0.4226182617407234 0
outer loop
vertex 167.62061475842822 -36.43404028665139 9.7
vertex 167.76794919243122 -36.750000000000156 9.7
vertex 167.7679491924312 -36.7500000000001 8.1
endloop
endfacet
facet normal 0.9063077870366388 0.4226182617407234 0
outer loop
vertex 167.62061475842822 -36.43404028665139 9.7
vertex 167.7679491924312 -36.7500000000001 8.1
vertex 167.62061475842822 -36.43404028665138 8.1
endloop
endfacet
facet normal 0.9659258262890708 0.25881904510251214 0
outer loop
vertex 167.53038449397553 -36.09729635533358 9.7
vertex 167.62061475842822 -36.43404028665139 9.7
vertex 167.62061475842822 -36.43404028665138 8.1
endloop
endfacet
facet normal 0.9659258262890708 0.25881904510251214 0
outer loop
vertex 167.53038449397553 -36.09729635533358 9.7
vertex 167.62061475842822 -36.43404028665138 8.1
vertex 167.53038449397556 -36.09729635533366 8.1
endloop
endfacet
facet normal 0.9961946980917433 0.08715574274768298 0
outer loop
vertex 167.49999999999994 -35.74999999999987 9.7
vertex 167.53038449397553 -36.09729635533358 9.7
vertex 167.53038449397556 -36.09729635533366 8.1
endloop
endfacet
facet normal 0.9961946980917433 0.08715574274768298 0
outer loop
vertex 167.49999999999994 -35.74999999999987 9.7
vertex 167.53038449397556 -36.09729635533366 8.1
vertex 167.5 -35.74999999999977 8.1
endloop
endfacet
facet normal 1 0 0
outer loop
vertex 167.5 -34.99999999999995 8.1
vertex 167.5 -34.9999999999997 9.7
vertex 167.49999999999994 -35.74999999999987 9.7
endloop
endfacet
facet normal 1 0 0
outer loop
vertex 167.5 -34.99999999999995 8.1
vertex 167.49999999999994 -35.74999999999987 9.7
vertex 167.5 -35.74999999999977 8.1
endloop
endfacet
facet normal 0.9961946980917433 0.08715574274768298 0
outer loop
vertex 167.4696155060244 -34.65270364466617 9.7
vertex 167.5 -34.9999999999997 9.7
vertex 167.5 -34.99999999999995 8.1
endloop
endfacet
facet normal 0.9961946980917433 0.08715574274768298 0
outer loop
vertex 167.4696155060244 -34.65270364466617 9.7
vertex 167.5 -34.99999999999995 8.1
vertex 167.4696155060244 -34.65270364466608 8.1
endloop
endfacet
facet normal 0.965925826289063 0.25881904510254033 0
outer loop
vertex 167.37938524157175 -34.31595971334863 9.7
vertex 167.4696155060244 -34.65270364466617 9.7
vertex 167.4696155060244 -34.65270364466608 8.1
endloop
endfacet
facet normal 0.965925826289063 0.25881904510254033 0
outer loop
vertex 167.37938524157175 -34.31595971334863 9.7
vertex 167.4696155060244 -34.65270364466608 8.1
vertex 167.3793852415718 -34.31595971334859 8.1
endloop
endfacet
facet normal 0.9063077870366524 0.42261826174069467 0
outer loop
vertex 167.23205080756884 -33.99999999999998 9.7
vertex 167.37938524157175 -34.31595971334863 9.7
vertex 167.3793852415718 -34.31595971334859 8.1
endloop
endfacet
facet normal 0.9063077870366524 0.42261826174069467 0
outer loop
vertex 167.23205080756884 -33.99999999999998 9.7
vertex 167.3793852415718 -34.31595971334859 8.1
vertex 167.2320508075688 -33.99999999999992 8.1
endloop
endfacet
facet normal 0.8191520442889936 0.5735764363510437 0
outer loop
vertex 167.03208888623783 -33.71442478062679 9.7
vertex 167.23205080756884 -33.99999999999998 9.7
vertex 167.2320508075688 -33.99999999999992 8.1
endloop
endfacet
facet normal 0.8191520442889936 0.5735764363510437 0
outer loop
vertex 167.03208888623783 -33.71442478062679 9.7
vertex 167.2320508075688 -33.99999999999992 8.1
vertex 167.03208888623786 -33.714424780626814 8.1
endloop
endfacet
facet normal 0.7071067811865619 0.7071067811865335 0
outer loop
vertex 166.78557521937307 -33.46791111376203 9.7
vertex 167.03208888623783 -33.71442478062679 9.7
vertex 167.03208888623786 -33.714424780626814 8.1
endloop
endfacet
facet normal 0.7071067811865619 0.7071067811865335 0
outer loop
vertex 166.78557521937307 -33.46791111376203 9.7
vertex 167.03208888623786 -33.714424780626814 8.1
vertex 166.78557521937307 -33.467911113762035 8.1
endloop
endfacet
facet normal 0.5735764363510389 0.8191520442889969 0
outer loop
vertex 166.49999999999997 -33.267949192431104 9.7
vertex 166.78557521937307 -33.46791111376203 9.7
vertex 166.78557521937307 -33.467911113762035 8.1
endloop
endfacet
facet normal 0.5735764363510389 0.8191520442889969 0
outer loop
vertex 166.49999999999997 -33.267949192431104 9.7
vertex 166.78557521937307 -33.467911113762035 8.1
vertex 166.5 -33.26794919243112 8.1
endloop
endfacet
facet normal 0.42261826174069467 0.9063077870366523 0
outer loop
vertex 166.18404028665137 -33.12061475842819 9.7
vertex 166.49999999999997 -33.267949192431104 9.7
vertex 166.5 -33.26794919243112 8.1
endloop
endfacet
facet normal 0.42261826174069467 0.9063077870366523 0
outer loop
vertex 166.18404028665137 -33.12061475842819 9.7
vertex 166.5 -33.26794919243112 8.1
vertex 166.18404028665137 -33.12061475842819 8.1
endloop
endfacet
facet normal 0.258819045102527 0.9659258262890666 0
outer loop
vertex 165.8472963553339 -33.03038449397559 9.7
vertex 166.18404028665137 -33.12061475842819 9.7
vertex 166.18404028665137 -33.12061475842819 8.1
endloop
endfacet
facet normal 0.258819045102527 0.9659258262890666 0
outer loop
vertex 165.8472963553339 -33.03038449397559 9.7
vertex 166.18404028665137 -33.12061475842819 8.1
vertex 165.8472963553339 -33.030384493975596 8.1
endloop
endfacet
facet normal 0.08715574274764039 0.9961946980917472 0
outer loop
vertex 165.49999999999994 -33 9.7
vertex 165.8472963553339 -33.03038449397559 9.7
vertex 165.8472963553339 -33.030384493975596 8.1
endloop
endfacet
facet normal 0.08715574274764039 0.9961946980917472 0
outer loop
vertex 165.49999999999994 -33 9.7
vertex 165.8472963553339 -33.030384493975596 8.1
vertex 165.49999999999991 -33 8.1
endloop
endfacet
facet normal 0 1 0
outer loop
vertex 165.49999999999994 -33 9.7
vertex 165.49999999999991 -33 8.1
vertex 148.50000000000003 -33 8.1
endloop
endfacet
facet normal 0 1 0
outer loop
vertex 165.49999999999994 -33 9.7
vertex 148.50000000000003 -33 8.1
vertex 148.50000000000003 -33 9.7
endloop
endfacet
facet normal -0.08715574274765459 0.9961946980917459 0
outer loop
vertex 148.1527036446662 -33.03038449397559 9.7
vertex 148.50000000000003 -33 9.7
vertex 148.50000000000003 -33 8.1
endloop
endfacet
facet normal -0.08715574274765459 0.9961946980917459 0
outer loop
vertex 148.1527036446662 -33.03038449397559 9.7
vertex 148.50000000000003 -33 8.1
vertex 148.15270364466613 -33.030384493975596 8.1
endloop
endfacet
facet normal -0.2588190451025271 0.9659258262890666 0
outer loop
vertex 147.81595971334858 -33.12061475842819 9.7
vertex 148.1527036446662 -33.03038449397559 9.7
vertex 148.15270364466613 -33.030384493975596 8.1
endloop
endfacet
facet normal -0.2588190451025271 0.9659258262890666 0
outer loop
vertex 147.81595971334858 -33.12061475842819 9.7
vertex 148.15270364466613 -33.030384493975596 8.1
vertex 147.8159597133487 -33.12061475842819 8.1
endloop
endfacet
facet normal -0.42261826174068023 0.906307787036659 0
outer loop
vertex 147.5 -33.267949192431104 9.7
vertex 147.81595971334858 -33.12061475842819 9.7
vertex 147.8159597133487 -33.12061475842819 8.1
endloop
endfacet
facet normal -0.42261826174068023 0.906307787036659 0
outer loop
vertex 147.5 -33.267949192431104 9.7
vertex 147.8159597133487 -33.12061475842819 8.1
vertex 147.49999999999994 -33.26794919243112 8.1
endloop
endfacet
facet normal -0.5735764363510504 0.8191520442889888 0
outer loop
vertex 147.214424780627 -33.46791111376203 9.7
vertex 147.5 -33.267949192431104 9.7
vertex 147.49999999999994 -33.26794919243112 8.1
endloop
endfacet
facet normal -0.5735764363510504 0.8191520442889888 0
outer loop
vertex 147.214424780627 -33.46791111376203 9.7
vertex 147.49999999999994 -33.26794919243112 8.1
vertex 147.21442478062696 -33.467911113762035 8.1
endloop
endfacet
facet normal -0.7071067811865619 0.7071067811865335 0
outer loop
vertex 146.96791111376191 -33.71442478062679 9.7
vertex 147.214424780627 -33.46791111376203 9.7
vertex 147.21442478062696 -33.467911113762035 8.1
endloop
endfacet
facet normal -0.7071067811865619 0.7071067811865335 0
outer loop
vertex 146.96791111376191 -33.71442478062679 9.7
vertex 147.21442478062696 -33.467911113762035 8.1
vertex 146.96791111376194 -33.714424780626814 8.1
endloop
endfacet
facet normal -0.8191520442889936 0.5735764363510437 0
outer loop
vertex 146.7679491924312 -33.99999999999998 9.7
vertex 146.96791111376191 -33.71442478062679 9.7
vertex 146.96791111376194 -33.714424780626814 8.1
endloop
endfacet
facet normal -0.8191520442889936 0.5735764363510437 0
outer loop
vertex 146.7679491924312 -33.99999999999998 9.7
vertex 146.96791111376194 -33.714424780626814 8.1
vertex 146.76794919243113 -33.99999999999992 8.1
endloop
endfacet
facet normal -0.9063077870366524 0.4226182617406946 0
outer loop
vertex 146.6206147584282 -34.31595971334863 9.7
vertex 146.7679491924312 -33.99999999999998 9.7
vertex 146.76794919243113 -33.99999999999992 8.1
endloop
endfacet
facet normal -0.9063077870366524 0.4226182617406946 0
outer loop
vertex 146.6206147584282 -34.31595971334863 9.7
vertex 146.76794919243113 -33.99999999999992 8.1
vertex 146.6206147584282 -34.31595971334859 8.1
endloop
endfacet
facet normal -0.9659258262890631 0.2588190451025404 0
outer loop
vertex 146.53038449397556 -34.65270364466617 9.7
vertex 146.6206147584282 -34.31595971334863 9.7
vertex 146.6206147584282 -34.31595971334859 8.1
endloop
endfacet
facet normal -0.9659258262890631 0.2588190451025404 0
outer loop
vertex 146.53038449397556 -34.65270364466617 9.7
vertex 146.6206147584282 -34.31595971334859 8.1
vertex 146.5303844939756 -34.65270364466608 8.1
endloop
endfacet
facet normal -0.9961946980917459 0.08715574274765463 0
outer loop
vertex 146.5 -34.9999999999997 9.7
vertex 146.53038449397556 -34.65270364466617 9.7
vertex 146.5303844939756 -34.65270364466608 8.1
endloop
endfacet
facet normal -0.9961946980917459 0.08715574274765463 0
outer loop
vertex 146.5 -34.9999999999997 9.7
vertex 146.5303844939756 -34.65270364466608 8.1
vertex 146.5 -34.99999999999995 8.1
endloop
endfacet
facet normal -1 0 0
outer loop
vertex 146.5 -34.9999999999997 9.7
vertex 146.5 -34.99999999999995 8.1
vertex 146.5 -35.74999999999977 8.1
endloop
endfacet
facet normal -1 0 0
outer loop
vertex 146.5 -34.9999999999997 9.7
vertex 146.5 -35.74999999999977 8.1
vertex 146.5 -35.74999999999987 9.7
endloop
endfacet
facet normal -0.9961946980917433 0.08715574274768298 0
outer loop
vertex 146.46961550602438 -36.09729635533358 9.7
vertex 146.5 -35.74999999999987 9.7
vertex 146.5 -35.74999999999977 8.1
endloop
endfacet
facet normal -0.9961946980917433 0.08715574274768298 0
outer loop
vertex 146.46961550602438 -36.09729635533358 9.7
vertex 146.5 -35.74999999999977 8.1
vertex 146.4696155060244 -36.09729635533366 8.1
endloop
endfacet
facet normal -0.9659258262890708 0.25881904510251214 0
outer loop
vertex 146.37938524157178 -36.43404028665139 9.7
vertex 146.46961550602438 -36.09729635533358 9.7
vertex 146.4696155060244 -36.09729635533366 8.1
endloop
endfacet
facet normal -0.9659258262890708 0.25881904510251214 0
outer loop
vertex 146.37938524157178 -36.43404028665139 9.7
vertex 146.4696155060244 -36.09729635533366 8.1
vertex 146.37938524157178 -36.43404028665138 8.1
endloop
endfacet
facet normal -0.9063077870366524 0.4226182617406946 0
outer loop
vertex 146.23205080756895 -36.750000000000156 9.7
vertex 146.37938524157178 -36.43404028665139 9.7
vertex 146.37938524157178 -36.43404028665138 8.1
endloop
endfacet
facet normal -0.9063077870366524 0.4226182617406946 0
outer loop
vertex 146.23205080756895 -36.750000000000156 9.7
vertex 146.37938524157178 -36.43404028665138 8.1
vertex 146.23205080756884 -36.7500000000001 8.1
endloop
endfacet
facet normal 0 0 1
outer loop
vertex 146.03208888623794 -37.03557521937296 9.7
vertex 146.05699892301655 -37 9.7
vertex 146.23205080756895 -36.750000000000156 9.7
endloop
endfacet
facet normal 0 0 1
outer loop
vertex 146.03208888623794 -37.03557521937296 9.7
vertex 146.23205080756895 -36.750000000000156 9.7
vertex 146.23205080756884 -36.7500000000001 8.1
endloop
endfacet
facet normal 0 0 1
outer loop
vertex 146.03208888623794 -37.03557521937296 9.7
vertex 146.23205080756884 -36.7500000000001 8.1
vertex 146.05699892301647 -37 8.1
endloop
endfacet
facet normal 0 0 1
outer loop
vertex 146.03208888623794 -37.03557521937296 9.7
vertex 146.05699892301647 -37 8.1
vertex 146.032088886238 -37.03557521937304 8.1
endloop
endfacet
facet normal -0.7071067811865547 0.7071067811865405 0
outer loop
vertex 145.78557521937307 -37.28208888623797 9.7
vertex 146.03208888623794 -37.03557521937296 9.7
vertex 146.032088886238 -37.03557521937304 8.1
endloop
endfacet
facet normal -0.7071067811865547 0.7071067811865405 0
outer loop
vertex 145.78557521937307 -37.28208888623797 9.7
vertex 146.032088886238 -37.03557521937304 8.1
vertex 145.78557521937307 -37.28208888623794 8.1
endloop
endfacet
facet normal -0.5735764363510504 0.8191520442889888 0
outer loop
vertex 145.49999999999994 -37.48205080756892 9.7
vertex 145.78557521937307 -37.28208888623797 9.7
vertex 145.78557521937307 -37.28208888623794 8.1
endloop
endfacet
facet normal -0.5735764363510504 0.8191520442889888 0
outer loop
vertex 145.49999999999994 -37.48205080756892 9.7
vertex 145.78557521937307 -37.28208888623794 8.1
vertex 145.5 -37.482050807568875 8.1
endloop
endfacet
facet normal -0.42261826174070904 0.9063077870366456 0
outer loop
vertex 145.18404028665134 -37.62938524157179 9.7
vertex 145.49999999999994 -37.48205080756892 9.7
vertex 145.5 -37.482050807568875 8.1
endloop
endfacet
facet normal -0.42261826174070904 0.9063077870366456 0
outer loop
vertex 145.18404028665134 -37.62938524157179 9.7
vertex 145.5 -37.482050807568875 8.1
vertex 145.1840402866513 -37.62938524157183 8.1
endloop
endfacet
facet normal -0.2588190451025271 0.9659258262890666 0
outer loop
vertex 144.84729635533387 -37.719615506024425 9.7
vertex 145.18404028665134 -37.62938524157179 9.7
vertex 145.1840402866513 -37.62938524157183 8.1
endloop
endfacet
facet normal -0.2588190451025271 0.9659258262890666 0
outer loop
vertex 144.84729635533387 -37.719615506024425 9.7
vertex 145.1840402866513 -37.62938524157183 8.1
vertex 144.84729635533387 -37.719615506024425 8.1
endloop
endfacet
facet normal -0.08715574274765456 0.996194698091746 0
outer loop
vertex 144.5 -37.75 9.7
vertex 144.84729635533387 -37.719615506024425 9.7
vertex 144.84729635533387 -37.719615506024425 8.1
endloop
endfacet
facet normal -0.08715574274765456 0.996194698091746 0
outer loop
vertex 144.5 -37.75 9.7
vertex 144.84729635533387 -37.719615506024425 8.1
vertex 144.49999999999994 -37.75 8.1
endloop
endfacet
facet normal -0.08715574274765456 0.996194698091746 0
outer loop
vertex 129.15270364466608 -37.78038449397558 9.7
vertex 129.5 -37.75 9.7
vertex 129.5 -37.75 8.1
endloop
endfacet
facet normal -0.08715574274765456 0.996194698091746 0
outer loop
vertex 129.15270364466608 -37.78038449397558 9.7
vertex 129.5 -37.75 8.1
vertex 129.1527036446662 -37.78038449397558 8.1
endloop
endfacet
facet normal -0.2588190451025271 0.9659258262890666 0
outer loop
vertex 128.8159597133487 -37.87061475842816 9.7
vertex 129.15270364466608 -37.78038449397558 9.7
vertex 129.1527036446662 -37.78038449397558 8.1
endloop
endfacet
facet normal -0.2588190451025271 0.9659258262890666 0
outer loop
vertex 128.8159597133487 -37.87061475842816 9.7
vertex 129.1527036446662 -37.78038449397558 8.1
vertex 128.81595971334875 -37.87061475842818 8.1
endloop
endfacet
facet normal -0.42261826174070904 0.9063077870366456 0
outer loop
vertex 128.50000000000003 -38.01794919243118 9.7
vertex 128.8159597133487 -37.87061475842816 9.7
vertex 128.81595971334875 -37.87061475842818 8.1
endloop
endfacet
facet normal -0.42261826174070904 0.9063077870366456 0
outer loop
vertex 128.50000000000003 -38.01794919243118 9.7
vertex 128.81595971334875 -37.87061475842818 8.1
vertex 128.49999999999994 -38.01794919243113 8.1
endloop
endfacet
facet normal -0.573576436351047 0.8191520442889912 0
outer loop
vertex 128.21442478062687 -38.217911113761986 9.7
vertex 128.50000000000003 -38.01794919243118 9.7
vertex 128.49999999999994 -38.01794919243113 8.1
endloop
endfacet
facet normal -0.573576436351047 0.8191520442889912 0
outer loop
vertex 128.21442478062687 -38.217911113761986 9.7
vertex 128.49999999999994 -38.01794919243113 8.1
vertex 128.21442478062693 -38.21791111376208 8.1
endloop
endfacet
facet normal -0.7071067811865405 0.7071067811865547 0
outer loop
vertex 127.96791111376209 -38.46442478062693 9.7
vertex 128.21442478062687 -38.217911113761986 9.7
vertex 128.21442478062693 -38.21791111376208 8.1
endloop
endfacet
facet normal -0.7071067811865405 0.7071067811865547 0
outer loop
vertex 127.96791111376209 -38.46442478062693 9.7
vertex 128.21442478062693 -38.21791111376208 8.1
vertex 127.96791111376196 -38.464424780626814 8.1
endloop
endfacet
facet normal -0.8191520442890001 0.5735764363510341 0
outer loop
vertex 127.76794919243116 -38.74999999999991 9.7
vertex 127.96791111376209 -38.46442478062693 9.7
vertex 127.96791111376196 -38.464424780626814 8.1
endloop
endfacet
facet normal -0.8191520442890001 0.5735764363510341 0
outer loop
vertex 127.76794919243116 -38.74999999999991 9.7
vertex 127.96791111376196 -38.464424780626814 8.1
vertex 127.76794919243117 -38.75000000000011 8.1
endloop
endfacet
facet normal -0.9063077870366657 0.42261826174066586 0
outer loop
vertex 127.62061475842813 -39.06595971334881 9.7
vertex 127.76794919243116 -38.74999999999991 9.7
vertex 127.76794919243117 -38.75000000000011 8.1
endloop
endfacet
facet normal -0.9063077870366657 0.42261826174066586 0
outer loop
vertex 127.62061475842813 -39.06595971334881 9.7
vertex 127.76794919243117 -38.75000000000011 8.1
vertex 127.62061475842816 -39.06595971334876 8.1
endloop
endfacet
facet normal -0.9659258262890708 0.25881904510251214 0
outer loop
vertex 127.5303844939756 -39.40270364466603 9.7
vertex 127.62061475842813 -39.06595971334881 9.7
vertex 127.62061475842816 -39.06595971334876 8.1
endloop
endfacet
facet normal -0.9659258262890708 0.25881904510251214 0
outer loop
vertex 127.5303844939756 -39.40270364466603 9.7
vertex 127.62061475842816 -39.06595971334876 8.1
vertex 127.5303844939756 -39.40270364466605 8.1
endloop
endfacet
facet normal -0.9961946980917433 0.08715574274768298 0
outer loop
vertex 127.5 -39.749999999999986 9.7
vertex 127.5303844939756 -39.40270364466603 9.7
vertex 127.5303844939756 -39.40270364466605 8.1
endloop
endfacet
facet normal -0.9961946980917433 0.08715574274768298 0
outer loop
vertex 127.5 -39.749999999999986 9.7
vertex 127.5303844939756 -39.40270364466605 8.1
vertex 127.5 -39.75000000000008 8.1
endloop
endfacet
facet normal -1 0 0
outer loop
vertex 127.5 -41.75 9.7
vertex 127.5 -39.749999999999986 9.7
vertex 127.5 -39.75000000000008 8.1
endloop
endfacet
facet normal -1 0 0
outer loop
vertex 127.5 -41.75 9.7
vertex 127.5 -39.75000000000008 8.1
vertex 127.5 -41.75 8.1
endloop
endfacet
facet normal -1 0 0
outer loop
vertex 127.5 -41.75 9.7
vertex 127.5 -41.75 8.1
vertex 127.5 -44.75000000000003 8.1
endloop
endfacet
facet normal -1 0 0
outer loop
vertex 127.5 -41.75 9.7
vertex 127.5 -44.75000000000003 8.1
vertex 127.5 -44.749999999999986 9.7
endloop
endfacet
facet normal -0.9961946980917433 0.08715574274768298 0
outer loop
vertex 127.46961550602441 -45.09729635533385 9.7
vertex 127.5 -44.749999999999986 9.7
vertex 127.5 -44.75000000000003 8.1
endloop
endfacet
facet normal -0.9961946980917433 0.08715574274768298 0
outer loop
vertex 127.46961550602441 -45.09729635533385 9.7
vertex 127.5 -44.75000000000003 8.1
vertex 127.46961550602441 -45.097296355333896 8.1
endloop
endfacet
facet normal -0.9659258262890708 0.25881904510251214 0
outer loop
vertex 127.37938524157184 -45.43404028665121 9.7
vertex 127.46961550602441 -45.09729635533385 9.7
vertex 127.46961550602441 -45.097296355333896 8.1
endloop
endfacet
facet normal -0.9659258262890708 0.25881904510251214 0
outer loop
vertex 127.37938524157184 -45.43404028665121 9.7
vertex 127.46961550602441 -45.097296355333896 8.1
vertex 127.37938524157185 -45.434040286651225 8.1
endloop
endfacet
facet normal -0.9063077870366524 0.4226182617406946 0
outer loop
vertex 127.23205080756874 -45.75000000000024 9.7
vertex 127.37938524157184 -45.43404028665121 9.7
vertex 127.37938524157185 -45.434040286651225 8.1
endloop
endfacet
facet normal -0.9063077870366524 0.4226182617406946 0
outer loop
vertex 127.23205080756874 -45.75000000000024 9.7
vertex 127.37938524157185 -45.434040286651225 8.1
vertex 127.23205080756881 -45.750000000000135 8.1
endloop
endfacet
facet normal -0.8191520442890001 0.5735764363510342 0
outer loop
vertex 127.03208888623799 -46.03557521937306 9.7
vertex 127.23205080756874 -45.75000000000024 9.7
vertex 127.23205080756881 -45.750000000000135 8.1
endloop
endfacet
facet normal -0.8191520442890001 0.5735764363510342 0
outer loop
vertex 127.03208888623799 -46.03557521937306 9.7
vertex 127.23205080756881 -45.750000000000135 8.1
vertex 127.03208888623803 -46.03557521937301 8.1
endloop
endfacet
facet normal -0.7071067811865405 0.7071067811865547 0
outer loop
vertex 126.78557521937317 -46.28208888623788 9.7
vertex 127.03208888623799 -46.03557521937306 9.7
vertex 127.03208888623803 -46.03557521937301 8.1
endloop
endfacet
facet normal -0.7071067811865405 0.7071067811865547 0
outer loop
vertex 126.78557521937317 -46.28208888623788 9.7
vertex 127.03208888623803 -46.03557521937301 8.1
vertex 126.7855752193731 -46.28208888623793 8.1
endloop
endfacet
facet normal -0.573576436351047 0.8191520442889911 0
outer loop
vertex 126.49999999999996 -46.482050807568896 9.7
vertex 126.78557521937317 -46.28208888623788 9.7
vertex 126.7855752193731 -46.28208888623793 8.1
endloop
endfacet
facet normal -0.573576436351047 0.8191520442889911 0
outer loop
vertex 126.49999999999996 -46.482050807568896 9.7
vertex 126.7855752193731 -46.28208888623793 8.1
vertex 126.50000000000001 -46.48205080756886 8.1
endloop
endfacet
facet normal -0.42261826174070904 0.9063077870366456 0
outer loop
vertex 126.18404028665132 -46.62938524157183 9.7
vertex 126.49999999999996 -46.482050807568896 9.7
vertex 126.50000000000001 -46.48205080756886 8.1
endloop
endfacet
facet normal -0.42261826174070904 0.9063077870366456 0
outer loop
vertex 126.18404028665132 -46.62938524157183 9.7
vertex 126.50000000000001 -46.48205080756886 8.1
vertex 126.1840402866513 -46.62938524157183 8.1
endloop
endfacet
facet normal -0.2588190451025271 0.9659258262890666 0
outer loop
vertex 125.8472963553339 -46.71961550602441 9.7
vertex 126.18404028665132 -46.62938524157183 9.7
vertex 126.1840402866513 -46.62938524157183 8.1
endloop
endfacet
facet normal -0.2588190451025271 0.9659258262890666 0
outer loop
vertex 125.8472963553339 -46.71961550602441 9.7
vertex 126.1840402866513 -46.62938524157183 8.1
vertex 125.84729635533385 -46.719615506024425 8.1
endloop
endfacet
facet normal -0.08715574274765456 0.996194698091746 0
outer loop
vertex 125.50000000000006 -46.75 9.7
vertex 125.8472963553339 -46.71961550602441 9.7
vertex 125.84729635533385 -46.719615506024425 8.1
endloop
endfacet
facet normal -0.08715574274765456 0.996194698091746 0
outer loop
vertex 125.50000000000006 -46.75 9.7
vertex 125.84729635533385 -46.719615506024425 8.1
vertex 125.49999999999999 -46.75 8.1
endloop
endfacet
facet normal 0 1 0
outer loop
vertex 125.50000000000006 -46.75 9.7
vertex 125.49999999999999 -46.75 8.1
vertex 119.50000000000001 -46.75 8.1
endloop
endfacet
facet normal 0 1 0
outer loop
vertex 125.50000000000006 -46.75 9.7
vertex 119.50000000000001 -46.75 8.1
vertex 119.50000000000001 -46.75 9.7
endloop
endfacet
facet normal -0.08715574274765456 0.996194698091746 0
outer loop
vertex 119.1527036446662 -46.780384493975575 9.7
vertex 119.50000000000001 -46.75 9.7
vertex 119.50000000000001 -46.75 8.1
endloop
endfacet
facet normal -0.08715574274765456 0.996194698091746 0
outer loop
vertex 119.1527036446662 -46.780384493975575 9.7
vertex 119.50000000000001 -46.75 8.1
vertex 119.1527036446662 -46.780384493975575 8.1
endloop
endfacet
facet normal -0.2588190451025271 0.9659258262890666 0
outer loop
vertex 118.81595971334863 -46.8706147584282 9.7
vertex 119.1527036446662 -46.780384493975575 9.7
vertex 119.1527036446662 -46.780384493975575 8.1
endloop
endfacet
facet normal -0.2588190451025271 0.9659258262890666 0
outer loop
vertex 118.81595971334863 -46.8706147584282 9.7
vertex 119.1527036446662 -46.780384493975575 8.1
vertex 118.81595971334859 -46.87061475842821 8.1
endloop
endfacet
facet normal -0.42261826174069467 0.9063077870366523 0
outer loop
vertex 118.49999999999999 -47.01794919243113 9.7
vertex 118.81595971334863 -46.8706147584282 9.7
vertex 118.81595971334859 -46.87061475842821 8.1
endloop
endfacet
facet normal -0.42261826174069467 0.9063077870366523 0
outer loop
vertex 118.49999999999999 -47.01794919243113 9.7
vertex 118.81595971334859 -46.87061475842821 8.1
vertex 118.5 -47.01794919243112 8.1
endloop
endfacet
facet normal -0.573576436351047 0.8191520442889912 0
outer loop
vertex 118.214424780627 -47.21791111376199 9.7
vertex 118.49999999999999 -47.01794919243113 9.7
vertex 118.5 -47.01794919243112 8.1
endloop
endfacet
facet normal -0.573576436351047 0.8191520442889912 0
outer loop
vertex 118.214424780627 -47.21791111376199 9.7
vertex 118.5 -47.01794919243112 8.1
vertex 118.21442478062697 -47.217911113762 8.1
endloop
endfacet
facet normal -0.7071067811865405 0.7071067811865547 0
outer loop
vertex 117.96791111376194 -47.46442478062703 9.7
vertex 118.214424780627 -47.21791111376199 9.7
vertex 118.21442478062697 -47.217911113762 8.1
endloop
endfacet
facet normal -0.7071067811865405 0.7071067811865547 0
outer loop
vertex 117.96791111376194 -47.46442478062703 9.7
vertex 118.21442478062697 -47.217911113762 8.1
vertex 117.96791111376206 -47.464424780626906 8.1
endloop
endfacet
facet normal -0.8191520442890001 0.5735764363510341 0
outer loop
vertex 117.7679491924311 -47.749999999999986 9.7
vertex 117.96791111376194 -47.46442478062703 9.7
vertex 117.96791111376206 -47.464424780626906 8.1
endloop
endfacet
facet normal -0.8191520442890001 0.5735764363510341 0
outer loop
vertex 117.7679491924311 -47.749999999999986 9.7
vertex 117.96791111376206 -47.464424780626906 8.1
vertex 117.76794919243109 -47.75000000000005 8.1
endloop
endfacet
facet normal -0.9063077870366657 0.42261826174066586 0
outer loop
vertex 117.62061475842822 -48.065959713348555 9.7
vertex 117.7679491924311 -47.749999999999986 9.7
vertex 117.76794919243109 -47.75000000000005 8.1
endloop
endfacet
facet normal -0.9063077870366657 0.42261826174066586 0
outer loop
vertex 117.62061475842822 -48.065959713348555 9.7
vertex 117.76794919243109 -47.75000000000005 8.1
vertex 117.62061475842822 -48.0659597133486 8.1
endloop
endfacet
facet normal -0.9659258262890666 0.2588190451025271 0
outer loop
vertex 117.53038449397559 -48.40270364466613 9.7
vertex 117.62061475842822 -48.065959713348555 9.7
vertex 117.62061475842822 -48.0659597133486 8.1
endloop
endfacet
facet normal -0.9659258262890666 0.2588190451025271 0
outer loop
vertex 117.53038449397559 -48.40270364466613 9.7
vertex 117.62061475842822 -48.0659597133486 8.1
vertex 117.53038449397557 -48.40270364466626 8.1
endloop
endfacet
facet normal -0.9961946980917459 0.08715574274765463 0
outer loop
vertex 117.5 -48.74999999999987 9.7
vertex 117.53038449397559 -48.40270364466613 9.7
vertex 117.53038449397557 -48.40270364466626 8.1
endloop
endfacet
facet normal -0.9961946980917459 0.08715574274765463 0
outer loop
vertex 117.5 -48.74999999999987 9.7
vertex 117.53038449397557 -48.40270364466626 8.1
vertex 117.5 -48.749999999999964 8.1
endloop
endfacet
facet normal -1 0 0
outer loop
vertex 117.5 -48.74999999999987 9.7
vertex 117.5 -48.749999999999964 8.1
vertex 117.5 -50.000000000000014 8.1
endloop
endfacet
facet normal -1 0 0
outer loop
vertex 117.5 -48.74999999999987 9.7
vertex 117.5 -50.000000000000014 8.1
vertex 117.5 -49.99999999999997 9.7
endloop
endfacet
facet normal -0.9961946980917447 0.08715574274766873 0
outer loop
vertex 117.46961550602441 -50.34729635533384 9.7
vertex 117.5 -49.99999999999997 9.7
vertex 117.5 -50.000000000000014 8.1
endloop
endfacet
facet normal -0.9961946980917447 0.08715574274766873 0
outer loop
vertex 117.46961550602441 -50.34729635533384 9.7
vertex 117.5 -50.000000000000014 8.1
vertex 117.46961550602441 -50.34729635533387 8.1
endloop
endfacet
facet normal -0.9659258262890629 0.2588190451025413 0
outer loop
vertex 117.3793852415718 -50.68404028665135 9.7
vertex 117.46961550602441 -50.34729635533384 9.7
vertex 117.46961550602441 -50.34729635533387 8.1
endloop
endfacet
facet normal -0.9659258262890629 0.2588190451025413 0
outer loop
vertex 117.3793852415718 -50.68404028665135 9.7
vertex 117.46961550602441 -50.34729635533387 8.1
vertex 117.3793852415718 -50.68404028665138 8.1
endloop
endfacet
facet normal -0.906307787036659 0.4226182617406803 0
outer loop
vertex 117.23205080756887 -51 9.7
vertex 117.3793852415718 -50.68404028665135 9.7
vertex 117.3793852415718 -50.68404028665138 8.1
endloop
endfacet
facet normal -0.906307787036659 0.4226182617406803 0
outer loop
vertex 117.23205080756887 -51 9.7
vertex 117.3793852415718 -50.68404028665138 8.1
vertex 117.23205080756888 -51 8.1
endloop
endfacet
facet normal -0.8191520442889821 0.5735764363510599 0
outer loop
vertex 117.03208888623796 -51.285575219373065 9.7
vertex 117.23205080756887 -51 9.7
vertex 117.23205080756888 -51 8.1
endloop
endfacet
facet normal -0.8191520442889821 0.5735764363510599 0
outer loop
vertex 117.03208888623796 -51.285575219373065 9.7
vertex 117.23205080756888 -51 8.1
vertex 117.03208888623799 -51.28557521937301 8.1
endloop
endfacet
facet normal -0.7071067811865405 0.7071067811865547 0
outer loop
vertex 116.785575219373 -51.53208888623801 9.7
vertex 117.03208888623796 -51.285575219373065 9.7
vertex 117.03208888623799 -51.28557521937301 8.1
endloop
endfacet
facet normal -0.7071067811865405 0.7071067811865547 0
outer loop
vertex 116.785575219373 -51.53208888623801 9.7
vertex 117.03208888623799 -51.28557521937301 8.1
vertex 116.7855752193731 -51.532088886237936 8.1
endloop
endfacet
facet normal -0.573576436351047 0.8191520442889912 0
outer loop
vertex 116.49999999999999 -51.73205080756888 9.7
vertex 116.785575219373 -51.53208888623801 9.7
vertex 116.7855752193731 -51.532088886237936 8.1
endloop
endfacet
facet normal -0.573576436351047 0.8191520442889912 0
outer loop
vertex 116.49999999999999 -51.73205080756888 9.7
vertex 116.7855752193731 -51.532088886237936 8.1
vertex 116.49999999999994 -51.73205080756892 8.1
endloop
endfacet
facet normal -0.42261826174070904 0.9063077870366456 0
outer loop
vertex 116.18404028665135 -51.87938524157182 9.7
vertex 116.49999999999999 -51.73205080756888 9.7
vertex 116.49999999999994 -51.73205080756892 8.1
endloop
endfacet
facet normal -0.42261826174070904 0.9063077870366456 0
outer loop
vertex 116.18404028665135 -51.87938524157182 9.7
vertex 116.49999999999994 -51.73205080756892 8.1
vertex 116.18404028665147 -51.879385241571775 8.1
endloop
endfacet
facet normal -0.2588190451025271 0.9659258262890666 0
outer loop
vertex 115.84729635533388 -51.96961550602442 9.7
vertex 116.18404028665135 -51.87938524157182 9.7
vertex 116.18404028665147 -51.879385241571775 8.1
endloop
endfacet
facet normal -0.2588190451025271 0.9659258262890666 0
outer loop
vertex 115.84729635533388 -51.96961550602442 9.7
vertex 116.18404028665147 -51.879385241571775 8.1
vertex 115.84729635533381 -51.969615506024425 8.1
endloop
endfacet
facet normal -0.08715574274765456 0.996194698091746 0
outer loop
vertex 115.5 -52 9.7
vertex 115.84729635533388 -51.96961550602442 9.7
vertex 115.84729635533381 -51.969615506024425 8.1
endloop
endfacet
facet normal -0.08715574274765456 0.996194698091746 0
outer loop
vertex 115.5 -52 9.7
vertex 115.84729635533381 -51.969615506024425 8.1
vertex 115.50000000000004 -52 8.1
endloop
endfacet
facet normal 0 1 0
outer loop
vertex 115.5 -52 9.7
vertex 115.50000000000004 -52 8.1
vertex 91.49999999999997 -52 8.1
endloop
endfacet
facet normal 0 1 0
outer loop
vertex 115.5 -52 9.7
vertex 91.49999999999997 -52 8.1
vertex 91.50000000000004 -52 9.7
endloop
endfacet
facet normal -0.08715574274765456 0.996194698091746 0
outer loop
vertex 91.15270364466615 -52.03038449397558 9.7
vertex 91.50000000000004 -52 9.7
vertex 91.49999999999997 -52 8.1
endloop
endfacet
facet normal -0.08715574274765456 0.996194698091746 0
outer loop
vertex 91.15270364466615 -52.03038449397558 9.7
vertex 91.49999999999997 -52 8.1
vertex 91.15270364466615 -52.030384493975575 8.1
endloop
endfacet
facet normal -0.2588190451025271 0.9659258262890666 0
outer loop
vertex 90.81595971334862 -52.1206147584282 9.7
vertex 91.15270364466615 -52.03038449397558 9.7
vertex 91.15270364466615 -52.030384493975575 8.1
endloop
endfacet
facet normal -0.2588190451025271 0.9659258262890666 0
outer loop
vertex 90.81595971334862 -52.1206147584282 9.7
vertex 91.15270364466615 -52.030384493975575 8.1
vertex 90.81595971334869 -52.120614758428175 8.1
endloop
endfacet
facet normal -0.42261826174069467 0.9063077870366523 0
outer loop
vertex 90.49999999999996 -52.26794919243114 9.7
vertex 90.81595971334862 -52.1206147584282 9.7
vertex 90.81595971334869 -52.120614758428175 8.1
endloop
endfacet
facet normal -0.42261826174069467 0.9063077870366523 0
outer loop
vertex 90.49999999999996 -52.26794919243114 9.7
vertex 90.81595971334869 -52.120614758428175 8.1
vertex 90.49999999999989 -52.26794919243118 8.1
endloop
endfacet
facet normal -0.573576436351047 0.8191520442889912 0
outer loop
vertex 90.21442478062693 -52.46791111376203 9.7
vertex 90.49999999999996 -52.26794919243114 9.7
vertex 90.49999999999989 -52.26794919243118 8.1
endloop
endfacet
facet normal -0.573576436351047 0.8191520442889912 0
outer loop
vertex 90.21442478062693 -52.46791111376203 9.7
vertex 90.49999999999989 -52.26794919243118 8.1
vertex 90.21442478062698 -52.46791111376198 8.1
endloop
endfacet
facet normal -0.7071067811865405 0.7071067811865547 0
outer loop
vertex 89.96791111376213 -52.714424780626814 9.7
vertex 90.21442478062693 -52.46791111376203 9.7
vertex 90.21442478062698 -52.46791111376198 8.1
endloop
endfacet
facet normal -0.7071067811865405 0.7071067811865547 0
outer loop
vertex 89.96791111376213 -52.714424780626814 9.7
vertex 90.21442478062698 -52.46791111376198 8.1
vertex 89.96791111376207 -52.71442478062689 8.1
endloop
endfacet
facet normal -0.8191520442889911 0.573576436351047 0
outer loop
vertex 89.76794919243109 -53.00000000000005 9.7
vertex 89.96791111376213 -52.714424780626814 9.7
vertex 89.96791111376207 -52.71442478062689 8.1
endloop
endfacet
facet normal -0.8191520442889911 0.573576436351047 0
outer loop
vertex 89.76794919243109 -53.00000000000005 9.7
vertex 89.96791111376207 -52.71442478062689 8.1
vertex 89.7679491924311 -53.000000000000036 8.1
endloop
endfacet
facet normal -0.906307787036659 0.42261826174068023 0
outer loop
vertex 89.62061475842819 -53.31595971334865 9.7
vertex 89.76794919243109 -53.00000000000005 9.7
vertex 89.7679491924311 -53.000000000000036 8.1
endloop
endfacet
facet normal -0.906307787036659 0.42261826174068023 0
outer loop
vertex 89.62061475842819 -53.31595971334865 9.7
vertex 89.7679491924311 -53.000000000000036 8.1
vertex 89.62061475842822 -53.31595971334859 8.1
endloop
endfacet
facet normal -0.9659258262890666 0.2588190451025271 0
outer loop
vertex 89.5303844939756 -53.65270364466606 9.7
vertex 89.62061475842819 -53.31595971334865 9.7
vertex 89.62061475842822 -53.31595971334859 8.1
endloop
endfacet
facet normal -0.9659258262890666 0.2588190451025271 0
outer loop
vertex 89.5303844939756 -53.65270364466606 9.7
vertex 89.62061475842822 -53.31595971334859 8.1
vertex 89.53038449397557 -53.65270364466623 8.1
endloop
endfacet
facet normal -0.9961946980917447 0.08715574274766881 0
outer loop
vertex 89.5 -54.00000000000008 9.7
vertex 89.5303844939756 -53.65270364466606 9.7
vertex 89.53038449397557 -53.65270364466623 8.1
endloop
endfacet
facet normal -0.9961946980917447 0.08715574274766881 0
outer loop
vertex 89.5 -54.00000000000008 9.7
vertex 89.53038449397557 -53.65270364466623 8.1
vertex 89.5 -53.99999999999994 8.1
endloop
endfacet
facet normal -1 0 0
outer loop
vertex 89.5 -127 9.7
vertex 89.5 -113.00000000000009 9.7
vertex 89.5 -112.75 9.7
endloop
endfacet
facet normal -1 0 0
outer loop
vertex 89.5 -127 9.7
vertex 89.5 -112.75 9.7
vertex 89.5 -112 9.7
endloop
endfacet
facet normal -1 0 0
outer loop
vertex 89.5 -127 9.7
vertex 89.5 -112 9.7
vertex 89.5 -111.97117792060483 9.7
endloop
endfacet
facet normal -1 0 0
outer loop
vertex 89.5 -127 9.7
vertex 89.5 -111.97117792060483 9.7
vertex 89.5 -111.8858192987669 9.7
endloop
endfacet
facet normal -1 0 0
outer loop
vertex 89.5 -127 9.7
vertex 89.5 -111.8858192987669 9.7
vertex 89.5 -111.74720441845385 9.7
endloop
endfacet
facet normal -1 0 0
outer loop
vertex 89.5 -127 9.7
vertex 89.5 -111.74720441845385 9.7
vertex 89.5 -111.56066017177977 9.7
endloop
endfacet
facet normal -1 0 0
outer loop
vertex 89.5 -127 9.7
vertex 89.5 -111.56066017177977 9.7
vertex 89.5 -111.33335534952933 9.7
endloop
endfacet
facet normal -1 0 0
outer loop
vertex 89.5 -127 9.7
vertex 89.5 -111.33335534952933 9.7
vertex 89.5 -111.07402514854756 9.7
endloop
endfacet
facet normal -1 0 0
outer loop
vertex 89.5 -127 9.7
vertex 89.5 -111.07402514854756 9.7
vertex 89.5 -110.79263548302418 9.7
endloop
endfacet
facet normal -1 0 0
outer loop
vertex 89.5 -127 9.7
vertex 89.5 -110.79263548302418 9.7
vertex 89.5 -110.50000000000006 9.7
endloop
endfacet
facet normal -1 0 0
outer loop
vertex 89.5 -127 9.7
vertex 89.5 -110.50000000000006 9.7
vertex 89.5 -110.20736451697574 9.7
endloop
endfacet
facet normal -1 0 0
outer loop
vertex 89.5 -127 9.7
vertex 89.5 -110.20736451697574 9.7
vertex 89.5 -109.92597485145242 9.7
endloop
endfacet
facet normal -1 0 0
outer loop
vertex 89.5 -127 9.7
vertex 89.5 -109.92597485145242 9.7
vertex 89.5 -109.66664465047057 9.7
endloop
endfacet
facet normal -1 0 0
outer loop
vertex 89.5 -127 9.7
vertex 89.5 -109.66664465047057 9.7
vertex 89.5 -109.43933982822024 9.7
endloop
endfacet
facet normal -1 0 0
outer loop
vertex 89.5 -127 9.7
vertex 89.5 -109.43933982822024 9.7
vertex 89.5 -109.25279558154617 9.7
endloop
endfacet
facet normal -1 0 0
outer loop
vertex 89.5 -127 9.7
vertex 89.5 -109.25279558154617 9.7
vertex 89.5 -109.11418070123307 9.7
endloop
endfacet
facet normal -1 0 0
outer loop
vertex 89.5 -127 9.7
vertex 89.5 -109.11418070123307 9.7
vertex 89.5 -109.02882207939516 9.7
endloop
endfacet
facet normal -1 0 0
outer loop
vertex 89.5 -127 9.7
vertex 89.5 -109.02882207939516 9.7
vertex 89.5 -109 9.7
endloop
endfacet
facet normal -1 0 0
outer loop
vertex 89.5 -127 9.7
vertex 89.5 -109 9.7
vertex 89.5 -108 9.7
endloop
endfacet
facet normal -1 0 0
outer loop
vertex 89.5 -127 9.7
vertex 89.5 -108 9.7
vertex 89.5 -94 9.7
endloop
endfacet
facet normal -1 0 0
outer loop
vertex 89.5 -127 9.7
vertex 89.5 -94 9.7
vertex 89.5 -93.75 9.7
endloop
endfacet
facet normal -1 0 0
outer loop
vertex 89.5 -127 9.7
vertex 89.5 -93.75 9.7
vertex 89.5 -89 9.7
endloop
endfacet
facet normal -1 0 0
outer loop
vertex 89.5 -127 9.7
vertex 89.5 -89 9.7
vertex 89.5 -75 9.7
endloop
endfacet
facet normal -1 0 0
outer loop
vertex 89.5 -127 9.7
vertex 89.5 -75 9.7
vertex 89.5 -74.75 9.7
endloop
endfacet
facet normal -1 0 0
outer loop
vertex 89.5 -127 9.7
vertex 89.5 -74.75 9.7
vertex 89.5 -70 9.7
endloop
endfacet
facet normal -1 0 0
outer loop
vertex 89.5 -127 9.7
vertex 89.5 -70 9.7
vertex 89.5 -56 9.7
endloop
endfacet
facet normal -1 0 0
outer loop
vertex 89.5 -127 9.7
vertex 89.5 -56 9.7
vertex 89.5 -55.75 9.7
endloop
endfacet
facet normal -1 0 0
outer loop
vertex 89.5 -127 9.7
vertex 89.5 -55.75 9.7
vertex 89.5 -54.00000000000008 9.7
endloop
endfacet
facet normal -1 0 0
outer loop
vertex 89.5 -127 9.7
vertex 89.5 -54.00000000000008 9.7
vertex 89.5 -53.99999999999994 8.1
endloop
endfacet
facet normal -1 0 0
outer loop
vertex 89.5 -127 9.7
vertex 89.5 -53.99999999999994 8.1
vertex 89.5 -55.75 8.1
endloop
endfacet
facet normal -1 0 0
outer loop
vertex 89.5 -127 9.7
vertex 89.5 -55.75 8.1
vertex 89.5 -56 8.1
endloop
endfacet
facet normal -1 0 0
outer loop
vertex 89.5 -127 9.7
vertex 89.5 -56 8.1
vertex 89.5 -70 8.1
endloop
endfacet
facet normal -1 0 0
outer loop
vertex 89.5 -127 9.7
vertex 89.5 -70 8.1
vertex 89.5 -74.75 8.1
endloop
endfacet
facet normal -1 0 0
outer loop
vertex 89.5 -127 9.7
vertex 89.5 -74.75 8.1
vertex 89.5 -75 8.1
endloop
endfacet
facet normal -1 0 0
outer loop
vertex 89.5 -127 9.7
vertex 89.5 -75 8.1
vertex 89.5 -89 8.1
endloop
endfacet
facet normal -1 0 0
outer loop
vertex 89.5 -127 9.7
vertex 89.5 -89 8.1
vertex 89.5 -93.75 8.1
endloop
endfacet
facet normal -1 0 0
outer loop
vertex 89.5 -127 9.7
vertex 89.5 -93.75 8.1
vertex 89.5 -94 8.1
endloop
endfacet
facet normal -1 0 0
outer loop
vertex 89.5 -127 9.7
vertex 89.5 -94 8.1
vertex 89.5 -108 8.1
endloop
endfacet
facet normal -1 0 0
outer loop
vertex 89.5 -127 9.7
vertex 89.5 -108 8.1
vertex 89.5 -109 8.1
endloop
endfacet
facet normal -1 0 0
outer loop
vertex 89.5 -127 9.7
vertex 89.5 -109 8.1
vertex 89.5 -109.02882207939514 8.1
endloop
endfacet
facet normal -1 0 0
outer loop
vertex 89.5 -127 9.7
vertex 89.5 -109.02882207939514 8.1
vertex 89.5 -109.11418070123304 8.1
endloop
endfacet
facet normal -1 0 0
outer loop
vertex 89.5 -127 9.7
vertex 89.5 -109.11418070123304 8.1
vertex 89.5 -109.25279558154624 8.1
endloop
endfacet
facet normal -1 0 0
outer loop
vertex 89.5 -127 9.7
vertex 89.5 -109.25279558154624 8.1
vertex 89.5 -109.43933982822018 8.1
endloop
endfacet
facet normal -1 0 0
outer loop
vertex 89.5 -127 9.7
vertex 89.5 -109.43933982822018 8.1
vertex 89.5 -109.66664465047064 8.1
endloop
endfacet
facet normal -1 0 0
outer loop
vertex 89.5 -127 9.7
vertex 89.5 -109.66664465047064 8.1
vertex 89.5 -109.92597485145242 8.1
endloop
endfacet
facet normal -1 0 0
outer loop
vertex 89.5 -127 9.7
vertex 89.5 -109.92597485145242 8.1
vertex 89.5 -110.20736451697577 8.1
endloop
endfacet
facet normal -1 0 0
outer loop
vertex 89.5 -127 9.7
vertex 89.5 -110.20736451697577 8.1
vertex 89.5 -110.50000000000006 8.1
endloop
endfacet
facet normal -1 0 0
outer loop
vertex 89.5 -127 9.7
vertex 89.5 -110.50000000000006 8.1
vertex 89.5 -110.79263548302418 8.1
endloop
endfacet
facet normal -1 0 0
outer loop
vertex 89.5 -127 9.7
vertex 89.5 -110.79263548302418 8.1
vertex 89.5 -111.07402514854765 8.1
endloop
endfacet
facet normal -1 0 0
outer loop
vertex 89.5 -127 9.7
vertex 89.5 -111.07402514854765 8.1
vertex 89.5 -111.3333553495295 8.1
endloop
endfacet
facet normal -1 0 0
outer loop
vertex 89.5 -127 9.7
vertex 89.5 -111.3333553495295 8.1
vertex 89.5 -111.56066017177986 8.1
endloop
endfacet
facet normal -1 0 0
outer loop
vertex 89.5 -127 9.7
vertex 89.5 -111.56066017177986 8.1
vertex 89.5 -111.74720441845378 8.1
endloop
endfacet
facet normal -1 0 0
outer loop
vertex 89.5 -127 9.7
vertex 89.5 -111.74720441845378 8.1
vertex 89.5 -111.88581929876695 8.1
endloop
endfacet
facet normal -1 0 0
outer loop
vertex 89.5 -127 9.7
vertex 89.5 -111.88581929876695 8.1
vertex 89.5 -111.97117792060483 8.1
endloop
endfacet
facet normal -1 0 0
outer loop
vertex 89.5 -127 9.7
vertex 89.5 -111.97117792060483 8.1
vertex 89.5 -112 8.1
endloop
endfacet
facet normal -1 0 0
outer loop
vertex 89.5 -127 9.7
vertex 89.5 -112 8.1
vertex 89.5 -112.75 8.1
endloop
endfacet
facet normal -1 0 0
outer loop
vertex 89.5 -127 9.7
vertex 89.5 -112.75 8.1
vertex 89.5 -112.99999999999991 8.1
endloop
endfacet
facet normal -1 0 0
outer loop
vertex 89.5 -127 9.7
vertex 89.5 -112.99999999999991 8.1
vertex 89.5 -127 8.1
endloop
endfacet
facet normal -1 0 0
outer loop
vertex 89.5 -127 9.7
vertex 89.5 -127 8.1
vertex 89.5 -129 8.1
endloop
endfacet
facet normal -1 0 0
outer loop
vertex 89.5 -127 9.7
vertex 89.5 -129 8.1
vertex 89.5 -129.00000000000006 9.7
endloop
endfacet
facet normal -0.9961946980917447 -0.08715574274766881 0
outer loop
vertex 89.53038449397559 -129.34729635533384 9.7
vertex 89.5 -129.00000000000006 9.7
vertex 89.5 -129 8.1
endloop
endfacet
facet normal -0.9961946980917447 -0.08715574274766881 0
outer loop
vertex 89.53038449397559 -129.34729635533384 9.7
vertex 89.5 -129 8.1
vertex 89.53038449397559 -129.34729635533384 8.1
endloop
endfacet
facet normal -0.9659258262890666 -0.2588190451025271 0
outer loop
vertex 89.62061475842822 -129.6840402866514 9.7
vertex 89.53038449397559 -129.34729635533384 9.7
vertex 89.53038449397559 -129.34729635533384 8.1
endloop
endfacet
facet normal -0.9659258262890666 -0.2588190451025271 0
outer loop
vertex 89.62061475842822 -129.6840402866514 9.7
vertex 89.53038449397559 -129.34729635533384 8.1
vertex 89.6206147584282 -129.68404028665137 8.1
endloop
endfacet
facet normal -0.9063077870366654 -0.4226182617406665 0
outer loop
vertex 89.76794919243113 -130.00000000000003 9.7
vertex 89.62061475842822 -129.6840402866514 9.7
vertex 89.6206147584282 -129.68404028665137 8.1
endloop
endfacet
facet normal -0.9063077870366654 -0.4226182617406665 0
outer loop
vertex 89.76794919243113 -130.00000000000003 9.7
vertex 89.6206147584282 -129.68404028665137 8.1
vertex 89.76794919243112 -130 8.1
endloop
endfacet
facet normal -0.8191520442889729 -0.5735764363510732 0
outer loop
vertex 89.96791111376206 -130.2855752193731 9.7
vertex 89.76794919243113 -130.00000000000003 9.7
vertex 89.76794919243112 -130 8.1
endloop
endfacet
facet normal -0.8191520442889729 -0.5735764363510732 0
outer loop
vertex 89.96791111376206 -130.2855752193731 9.7
vertex 89.76794919243112 -130 8.1
vertex 89.96791111376207 -130.2855752193731 8.1
endloop
endfacet
facet normal -0.7071067811865333 -0.7071067811865617 0
outer loop
vertex 90.21442478062691 -130.53208888623794 9.7
vertex 89.96791111376206 -130.2855752193731 9.7
vertex 89.96791111376207 -130.2855752193731 8.1
endloop
endfacet
facet normal -0.7071067811865333 -0.7071067811865617 0
outer loop
vertex 90.21442478062691 -130.53208888623794 9.7
vertex 89.96791111376207 -130.2855752193731 8.1
vertex 90.21442478062689 -130.5320888862379 8.1
endloop
endfacet
facet normal -0.5735764363510389 -0.8191520442889969 0
outer loop
vertex 90.49999999999996 -130.73205080756884 9.7
vertex 90.21442478062691 -130.53208888623794 9.7
vertex 90.21442478062689 -130.5320888862379 8.1
endloop
endfacet
facet normal -0.5735764363510389 -0.8191520442889969 0
outer loop
vertex 90.49999999999996 -130.73205080756884 9.7
vertex 90.21442478062689 -130.5320888862379 8.1
vertex 90.5 -130.73205080756887 8.1
endloop
endfacet
facet normal -0.42261826174069467 -0.9063077870366523 0
outer loop
vertex 90.81595971334876 -130.87938524157184 9.7
vertex 90.49999999999996 -130.73205080756884 9.7
vertex 90.5 -130.73205080756887 8.1
endloop
endfacet
facet normal -0.42261826174069467 -0.9063077870366523 0
outer loop
vertex 90.81595971334876 -130.87938524157184 9.7
vertex 90.5 -130.73205080756887 8.1
vertex 90.81595971334865 -130.8793852415718 8.1
endloop
endfacet
facet normal -0.2588190451025413 -0.9659258262890629 0
outer loop
vertex 91.15270364466629 -130.96961550602447 9.7
vertex 90.81595971334876 -130.87938524157184 9.7
vertex 90.81595971334865 -130.8793852415718 8.1
endloop
endfacet
facet normal -0.2588190451025413 -0.9659258262890629 0
outer loop
vertex 91.15270364466629 -130.96961550602447 9.7
vertex 90.81595971334865 -130.8793852415718 8.1
vertex 91.1527036446663 -130.96961550602447 8.1
endloop
endfacet
facet normal -0.08715574274768298 -0.9961946980917433 0
outer loop
vertex 91.49999999999967 -131 9.7
vertex 91.15270364466629 -130.96961550602447 9.7
vertex 91.1527036446663 -130.96961550602447 8.1
endloop
endfacet
facet normal -0.08715574274768298 -0.9961946980917433 0
outer loop
vertex 91.49999999999967 -131 9.7
vertex 91.1527036446663 -130.96961550602447 8.1
vertex 91.49999999999967 -131 8.1
endloop
endfacet
facet normal 0 1 0
outer loop
vertex 107 -127 9.7
vertex 107 -127 8.1
vertex 93 -127 8.1
endloop
endfacet
facet normal 0 1 0
outer loop
vertex 107 -127 9.7
vertex 93 -127 8.1
vertex 93 -127 9.7
endloop
endfacet
facet normal 0 1 0
outer loop
vertex 126 -127 9.7
vertex 126 -127 8.1
vertex 112 -127 8.1
endloop
endfacet
facet normal 0 1 0
outer loop
vertex 126 -127 9.7
vertex 112 -127 8.1
vertex 112 -127 9.7
endloop
endfacet
facet normal -1 0 0
outer loop
vertex 107 -113.00000000000009 9.7
vertex 107 -112.99999999999991 8.1
vertex 107 -127 8.1
endloop
endfacet
facet normal -1 0 0
outer loop
vertex 107 -113.00000000000009 9.7
vertex 107 -127 8.1
vertex 107 -127 9.7
endloop
endfacet
facet normal -1 0 0
outer loop
vertex 107 -94 9.7
vertex 107 -94 8.1
vertex 107 -108 8.1
endloop
endfacet
facet normal -1 0 0
outer loop
vertex 107 -94 9.7
vertex 107 -108 8.1
vertex 107 -108 9.7
endloop
endfacet
facet normal -1 0 0
outer loop
vertex 107 -75 9.7
vertex 107 -75 8.1
vertex 107 -89 8.1
endloop
endfacet
facet normal -1 0 0
outer loop
vertex 107 -75 9.7
vertex 107 -89 8.1
vertex 107 -89 9.7
endloop
endfacet
facet normal -1 0 0
outer loop
vertex 107 -56 9.7
vertex 107 -56 8.1
vertex 107 -70 8.1
endloop
endfacet
facet normal -1 0 0
outer loop
vertex 107 -56 9.7
vertex 107 -70 8.1
vertex 107 -70 9.7
endloop
endfacet
facet normal 0 -1 0
outer loop
vertex 107 -112.99999999999991 8.1
vertex 107 -113.00000000000009 9.7
vertex 93 -113.00000000000009 9.7
endloop
endfacet
facet normal 0 -1 0
outer loop
vertex 107 -112.99999999999991 8.1
vertex 93 -113.00000000000009 9.7
vertex 93 -112.99999999999991 8.1
endloop
endfacet
facet normal 0 -1 0
outer loop
vertex 126 -112.99999999999991 8.1
vertex 126 -113.00000000000009 9.7
vertex 112 -113.00000000000009 9.7
endloop
endfacet
facet normal 0 -1 0
outer loop
vertex 126 -112.99999999999991 8.1
vertex 112 -113.00000000000009 9.7
vertex 112 -112.99999999999991 8.1
endloop
endfacet
facet normal 1 0 0
outer loop
vertex 93 -112.99999999999991 8.1
vertex 93 -113.00000000000009 9.7
vertex 93 -127 9.7
endloop
endfacet
facet normal 1 0 0
outer loop
vertex 93 -112.99999999999991 8.1
vertex 93 -127 9.7
vertex 93 -127 8.1
endloop
endfacet
facet normal 1 0 0
outer loop
vertex 93 -94 8.1
vertex 93 -94 9.7
vertex 93 -108 9.7
endloop
endfacet
facet normal 1 0 0
outer loop
vertex 93 -94 8.1
vertex 93 -108 9.7
vertex 93 -108 8.1
endloop
endfacet
facet normal 1 0 0
outer loop
vertex 93 -75 8.1
vertex 93 -75 9.7
vertex 93 -89 9.7
endloop
endfacet
facet normal 1 0 0
outer loop
vertex 93 -75 8.1
vertex 93 -89 9.7
vertex 93 -89 8.1
endloop
endfacet
facet normal 1 0 0
outer loop
vertex 93 -56 8.1
vertex 93 -56 9.7
vertex 93 -70 9.7
endloop
endfacet
facet normal 1 0 0
outer loop
vertex 93 -56 8.1
vertex 93 -70 9.7
vertex 93 -70 8.1
endloop
endfacet
facet normal 0 1 0
outer loop
vertex 107 -108 9.7
vertex 107 -108 8.1
vertex 93 -108 8.1
endloop
endfacet
facet normal 0 1 0
outer loop
vertex 107 -108 9.7
vertex 93 -108 8.1
vertex 93 -108 9.7
endloop
endfacet
facet normal 0 1 0
outer loop
vertex 126 -108 9.7
vertex 126 -108 8.1
vertex 112 -108 8.1
endloop
endfacet
facet normal 0 1 0
outer loop
vertex 126 -108 9.7
vertex 112 -108 8.1
vertex 112 -108 9.7
endloop
endfacet
facet normal 0 1 0
outer loop
vertex 164 -108 9.7
vertex 164 -108 8.1
vertex 150 -108 8.1
endloop
endfacet
facet normal 0 1 0
outer loop
vertex 164 -108 9.7
vertex 150 -108 8.1
vertex 150 -108 9.7
endloop
endfacet
facet normal 0 -1 0
outer loop
vertex 107 -94 8.1
vertex 107 -94 9.7
vertex 93 -94 9.7
endloop
endfacet
facet normal 0 -1 0
outer loop
vertex 107 -94 8.1
vertex 93 -94 9.7
vertex 93 -94 8.1
endloop
endfacet
facet normal 0 -1 0
outer loop
vertex 126 -94 8.1
vertex 126 -94 9.7
vertex 112 -94 9.7
endloop
endfacet
facet normal 0 -1 0
outer loop
vertex 126 -94 8.1
vertex 112 -94 9.7
vertex 112 -94 8.1
endloop
endfacet
facet normal 0 -1 0
outer loop
vertex 164 -94 8.1
vertex 164 -94 9.7
vertex 150 -94 9.7
endloop
endfacet
facet normal 0 -1 0
outer loop
vertex 164 -94 8.1
vertex 150 -94 9.7
vertex 150 -94 8.1
endloop
endfacet
facet normal 0 1 0
outer loop
vertex 107 -89 9.7
vertex 107 -89 8.1
vertex 93 -89 8.1
endloop
endfacet
facet normal 0 1 0
outer loop
vertex 107 -89 9.7
vertex 93 -89 8.1
vertex 93 -89 9.7
endloop
endfacet
facet normal 0 1 0
outer loop
vertex 126 -89 9.7
vertex 126 -89 8.1
vertex 112 -89 8.1
endloop
endfacet
facet normal 0 1 0
outer loop
vertex 126 -89 9.7
vertex 112 -89 8.1
vertex 112 -89 9.7
endloop
endfacet
facet normal 0 1 0
outer loop
vertex 164 -89 9.7
vertex 164 -89 8.1
vertex 150 -89 8.1
endloop
endfacet
facet normal 0 1 0
outer loop
vertex 164 -89 9.7
vertex 150 -89 8.1
vertex 150 -89 9.7
endloop
endfacet
facet normal 0 -1 0
outer loop
vertex 107 -75 8.1
vertex 107 -75 9.7
vertex 93 -75 9.7
endloop
endfacet
facet normal 0 -1 0
outer loop
vertex 107 -75 8.1
vertex 93 -75 9.7
vertex 93 -75 8.1
endloop
endfacet
facet normal 0 -1 0
outer loop
vertex 126 -75 8.1
vertex 126 -75 9.7
vertex 112 -75 9.7
endloop
endfacet
facet normal 0 -1 0
outer loop
vertex 126 -75 8.1
vertex 112 -75 9.7
vertex 112 -75 8.1
endloop
endfacet
facet normal 0 -1 0
outer loop
vertex 164 -75 8.1
vertex 164 -75 9.7
vertex 150 -75 9.7
endloop
endfacet
facet normal 0 -1 0
outer loop
vertex 164 -75 8.1
vertex 150 -75 9.7
vertex 150 -75 8.1
endloop
endfacet
facet normal 0 1 0
outer loop
vertex 107 -70 9.7
vertex 107 -70 8.1
vertex 93 -70 8.1
endloop
endfacet
facet normal 0 1 0
outer loop
vertex 107 -70 9.7
vertex 93 -70 8.1
vertex 93 -70 9.7
endloop
endfacet
facet normal 0 1 0
outer loop
vertex 126 -70 9.7
vertex 126 -70 8.1
vertex 112 -70 8.1
endloop
endfacet
facet normal 0 1 0
outer loop
vertex 126 -70 9.7
vertex 112 -70 8.1
vertex 112 -70 9.7
endloop
endfacet
facet normal 0 1 0
outer loop
vertex 164 -70 9.7
vertex 164 -70 8.1
vertex 150 -70 8.1
endloop
endfacet
facet normal 0 1 0
outer loop
vertex 164 -70 9.7
vertex 150 -70 8.1
vertex 150 -70 9.7
endloop
endfacet
facet normal 0 -1 0
outer loop
vertex 107 -56 8.1
vertex 107 -56 9.7
vertex 93 -56 9.7
endloop
endfacet
facet normal 0 -1 0
outer loop
vertex 107 -56 8.1
vertex 93 -56 9.7
vertex 93 -56 8.1
endloop
endfacet
facet normal 0 -1 0
outer loop
vertex 126 -56 8.1
vertex 126 -56 9.7
vertex 112 -56 9.7
endloop
endfacet
facet normal 0 -1 0
outer loop
vertex 126 -56 8.1
vertex 112 -56 9.7
vertex 112 -56 8.1
endloop
endfacet
facet normal 0 -1 0
outer loop
vertex 164 -56 8.1
vertex 164 -56 9.7
vertex 150 -56 9.7
endloop
endfacet
facet normal 0 -1 0
outer loop
vertex 164 -56 8.1
vertex 150 -56 9.7
vertex 150 -56 8.1
endloop
endfacet
facet normal -1 0 0
outer loop
vertex 126 -124.00000000000003 9.7
vertex 126 -123.65270364466618 9.7
vertex 126 -123.31595971334855 9.7
endloop
endfacet
facet normal -1 0 0
outer loop
vertex 126 -124.00000000000003 9.7
vertex 126 -123.31595971334855 9.7
vertex 126 -123.00000000000011 9.7
endloop
endfacet
facet normal -1 0 0
outer loop
vertex 126 -124.00000000000003 9.7
vertex 126 -123.00000000000011 9.7
vertex 126 -122.71442478062698 9.7
endloop
endfacet
facet normal -1 0 0
outer loop
vertex 126 -124.00000000000003 9.7
vertex 126 -122.71442478062698 9.7
vertex 126 -122.46791111376203 9.7
endloop
endfacet
facet normal -1 0 0
outer loop
vertex 126 -124.00000000000003 9.7
vertex 126 -122.46791111376203 9.7
vertex 126 -122.26794919243116 9.7
endloop
endfacet
facet normal -1 0 0
outer loop
vertex 126 -124.00000000000003 9.7
vertex 126 -122.26794919243116 9.7
vertex 126 -122.12061475842816 9.7
endloop
endfacet
facet normal -1 0 0
outer loop
vertex 126 -124.00000000000003 9.7
vertex 126 -122.12061475842816 9.7
vertex 126 -122.03038449397556 9.7
endloop
endfacet
facet normal -1 0 0
outer loop
vertex 126 -124.00000000000003 9.7
vertex 126 -122.03038449397556 9.7
vertex 126 -122 9.7
endloop
endfacet
facet normal -1 0 0
outer loop
vertex 126 -124.00000000000003 9.7
vertex 126 -122 9.7
vertex 126 -118.75000000000006 9.7
endloop
endfacet
facet normal -1 0 0
outer loop
vertex 126 -124.00000000000003 9.7
vertex 126 -118.75000000000006 9.7
vertex 126 -118.40270364466605 9.7
endloop
endfacet
facet normal -1 0 0
outer loop
vertex 126 -124.00000000000003 9.7
vertex 126 -118.40270364466605 9.7
vertex 126 -118.06595971334875 9.7
endloop
endfacet
facet normal -1 0 0
outer loop
vertex 126 -124.00000000000003 9.7
vertex 126 -118.06595971334875 9.7
vertex 126 -117.75000000000011 9.7
endloop
endfacet
facet normal -1 0 0
outer loop
vertex 126 -124.00000000000003 9.7
vertex 126 -117.75000000000011 9.7
vertex 126 -117.46442478062684 9.7
endloop
endfacet
facet normal -1 0 0
outer loop
vertex 126 -124.00000000000003 9.7
vertex 126 -117.46442478062684 9.7
vertex 126 -117.21791111376199 9.7
endloop
endfacet
facet normal -1 0 0
outer loop
vertex 126 -124.00000000000003 9.7
vertex 126 -117.21791111376199 9.7
vertex 126 -117.01794919243112 9.7
endloop
endfacet
facet normal -1 0 0
outer loop
vertex 126 -124.00000000000003 9.7
vertex 126 -117.01794919243112 9.7
vertex 126 -116.87061475842816 9.7
endloop
endfacet
facet normal -1 0 0
outer loop
vertex 126 -124.00000000000003 9.7
vertex 126 -116.87061475842816 9.7
vertex 126 -116.7803844939756 9.7
endloop
endfacet
facet normal -1 0 0
outer loop
vertex 126 -124.00000000000003 9.7
vertex 126 -116.7803844939756 9.7
vertex 126 -116.75 9.7
endloop
endfacet
facet normal -1 0 0
outer loop
vertex 126 -124.00000000000003 9.7
vertex 126 -116.75 9.7
vertex 126 -113.9999999999999 9.7
endloop
endfacet
facet normal -1 0 0
outer loop
vertex 126 -124.00000000000003 9.7
vertex 126 -113.9999999999999 9.7
vertex 126 -113.65270364466603 9.7
endloop
endfacet
facet normal -1 0 0
outer loop
vertex 126 -124.00000000000003 9.7
vertex 126 -113.65270364466603 9.7
vertex 126 -113.31595971334872 9.7
endloop
endfacet
facet normal -1 0 0
outer loop
vertex 126 -124.00000000000003 9.7
vertex 126 -113.31595971334872 9.7
vertex 126 -113.00000000000009 9.7
endloop
endfacet
facet normal -1 0 0
outer loop
vertex 126 -124.00000000000003 9.7
vertex 126 -113.00000000000009 9.7
vertex 126 -112.99999999999991 8.1
endloop
endfacet
facet normal -1 0 0
outer loop
vertex 126 -124.00000000000003 9.7
vertex 126 -112.99999999999991 8.1
vertex 126 -113.31595971334882 8.1
endloop
endfacet
facet normal -1 0 0
outer loop
vertex 126 -124.00000000000003 9.7
vertex 126 -113.31595971334882 8.1
vertex 126 -113.6527036446661 8.1
endloop
endfacet
facet normal -1 0 0
outer loop
vertex 126 -124.00000000000003 9.7
vertex 126 -113.6527036446661 8.1
vertex 126 -113.99999999999967 8.1
endloop
endfacet
facet normal -1 0 0
outer loop
vertex 126 -124.00000000000003 9.7
vertex 126 -113.99999999999967 8.1
vertex 126 -116.75 8.1
endloop
endfacet
facet normal -1 0 0
outer loop
vertex 126 -124.00000000000003 9.7
vertex 126 -116.75 8.1
vertex 126 -116.7803844939756 8.1
endloop
endfacet
facet normal -1 0 0
outer loop
vertex 126 -124.00000000000003 9.7
vertex 126 -116.7803844939756 8.1
vertex 126 -116.87061475842813 8.1
endloop
endfacet
facet normal -1 0 0
outer loop
vertex 126 -124.00000000000003 9.7
vertex 126 -116.87061475842813 8.1
vertex 126 -117.01794919243125 8.1
endloop
endfacet
facet normal -1 0 0
outer loop
vertex 126 -124.00000000000003 9.7
vertex 126 -117.01794919243125 8.1
vertex 126 -117.21791111376199 8.1
endloop
endfacet
facet normal -1 0 0
outer loop
vertex 126 -124.00000000000003 9.7
vertex 126 -117.21791111376199 8.1
vertex 126 -117.46442478062684 8.1
endloop
endfacet
facet normal -1 0 0
outer loop
vertex 126 -124.00000000000003 9.7
vertex 126 -117.46442478062684 8.1
vertex 126 -117.75000000000004 8.1
endloop
endfacet
facet normal -1 0 0
outer loop
vertex 126 -124.00000000000003 9.7
vertex 126 -117.75000000000004 8.1
vertex 126 -118.06595971334865 8.1
endloop
endfacet
facet normal -1 0 0
outer loop
vertex 126 -124.00000000000003 9.7
vertex 126 -118.06595971334865 8.1
vertex 126 -118.40270364466598 8.1
endloop
endfacet
facet normal -1 0 0
outer loop
vertex 126 -124.00000000000003 9.7
vertex 126 -118.40270364466598 8.1
vertex 126 -118.75000000000003 8.1
endloop
endfacet
facet normal -1 0 0
outer loop
vertex 126 -124.00000000000003 9.7
vertex 126 -118.75000000000003 8.1
vertex 126 -122 8.1
endloop
endfacet
facet normal -1 0 0
outer loop
vertex 126 -124.00000000000003 9.7
vertex 126 -122 8.1
vertex 126 -122.03038449397559 8.1
endloop
endfacet
facet normal -1 0 0
outer loop
vertex 126 -124.00000000000003 9.7
vertex 126 -122.03038449397559 8.1
vertex 126 -122.12061475842813 8.1
endloop
endfacet
facet normal -1 0 0
outer loop
vertex 126 -124.00000000000003 9.7
vertex 126 -122.12061475842813 8.1
vertex 126 -122.26794919243117 8.1
endloop
endfacet
facet normal -1 0 0
outer loop
vertex 126 -124.00000000000003 9.7
vertex 126 -122.26794919243117 8.1
vertex 126 -122.46791111376197 8.1
endloop
endfacet
facet normal -1 0 0
outer loop
vertex 126 -124.00000000000003 9.7
vertex 126 -122.46791111376197 8.1
vertex 126 -122.71442478062708 8.1
endloop
endfacet
facet normal -1 0 0
outer loop
vertex 126 -124.00000000000003 9.7
vertex 126 -122.71442478062708 8.1
vertex 126 -122.9999999999999 8.1
endloop
endfacet
facet normal -1 0 0
outer loop
vertex 126 -124.00000000000003 9.7
vertex 126 -122.9999999999999 8.1
vertex 126 -123.31595971334852 8.1
endloop
endfacet
facet normal -1 0 0
outer loop
vertex 126 -124.00000000000003 9.7
vertex 126 -123.31595971334852 8.1
vertex 126 -123.65270364466623 8.1
endloop
endfacet
facet normal -1 0 0
outer loop
vertex 126 -124.00000000000003 9.7
vertex 126 -123.65270364466623 8.1
vertex 126 -123.99999999999997 8.1
endloop
endfacet
facet normal -1 0 0
outer loop
vertex 126 -124.00000000000003 9.7
vertex 126 -123.99999999999997 8.1
vertex 126 -127 8.1
endloop
endfacet
facet normal -1 0 0
outer loop
vertex 126 -124.00000000000003 9.7
vertex 126 -127 8.1
vertex 126 -127 9.7
endloop
endfacet
facet normal -1 0 0
outer loop
vertex 126 -98.75 9.7
vertex 126 -94 9.7
vertex 126 -94 8.1
endloop
endfacet
facet normal -1 0 0
outer loop
vertex 126 -98.75 9.7
vertex 126 -94 8.1
vertex 126 -98.75 8.1
endloop
endfacet
facet normal -1 0 0
outer loop
vertex 126 -98.75 9.7
vertex 126 -98.75 8.1
vertex 126 -108 8.1
endloop
endfacet
facet normal -1 0 0
outer loop
vertex 126 -98.75 9.7
vertex 126 -108 8.1
vertex 126 -108 9.7
endloop
endfacet
facet normal -1 0 0
outer loop
vertex 126 -79.75 9.7
vertex 126 -75 9.7
vertex 126 -75 8.1
endloop
endfacet
facet normal -1 0 0
outer loop
vertex 126 -79.75 9.7
vertex 126 -75 8.1
vertex 126 -79.75 8.1
endloop
endfacet
facet normal -1 0 0
outer loop
vertex 126 -79.75 9.7
vertex 126 -79.75 8.1
vertex 126 -89 8.1
endloop
endfacet
facet normal -1 0 0
outer loop
vertex 126 -79.75 9.7
vertex 126 -89 8.1
vertex 126 -89 9.7
endloop
endfacet
facet normal -1 0 0
outer loop
vertex 126 -60.75 9.7
vertex 126 -59.75 9.7
vertex 126 -59.72117792060485 9.7
endloop
endfacet
facet normal -1 0 0
outer loop
vertex 126 -60.75 9.7
vertex 126 -59.72117792060485 9.7
vertex 126 -59.63581929876692 9.7
endloop
endfacet
facet normal -1 0 0
outer loop
vertex 126 -60.75 9.7
vertex 126 -59.63581929876692 9.7
vertex 126 -59.4972044184538 9.7
endloop
endfacet
facet normal -1 0 0
outer loop
vertex 126 -60.75 9.7
vertex 126 -59.4972044184538 9.7
vertex 126 -59.3106601717799 9.7
endloop
endfacet
facet normal -1 0 0
outer loop
vertex 126 -60.75 9.7
vertex 126 -59.3106601717799 9.7
vertex 126 -59.08335534952929 9.7
endloop
endfacet
facet normal -1 0 0
outer loop
vertex 126 -60.75 9.7
vertex 126 -59.08335534952929 9.7
vertex 126 -58.82402514854772 9.7
endloop
endfacet
facet normal -1 0 0
outer loop
vertex 126 -60.75 9.7
vertex 126 -58.82402514854772 9.7
vertex 126 -58.54263548302417 9.7
endloop
endfacet
facet normal -1 0 0
outer loop
vertex 126 -60.75 9.7
vertex 126 -58.54263548302417 9.7
vertex 126 -58.25 9.7
endloop
endfacet
facet normal -1 0 0
outer loop
vertex 126 -60.75 9.7
vertex 126 -58.25 9.7
vertex 126 -57.95736451697584 9.7
endloop
endfacet
facet normal -1 0 0
outer loop
vertex 126 -60.75 9.7
vertex 126 -57.95736451697584 9.7
vertex 126 -57.67597485145237 9.7
endloop
endfacet
facet normal -1 0 0
outer loop
vertex 126 -60.75 9.7
vertex 126 -57.67597485145237 9.7
vertex 126 -57.416644650470694 9.7
endloop
endfacet
facet normal -1 0 0
outer loop
vertex 126 -60.75 9.7
vertex 126 -57.416644650470694 9.7
vertex 126 -57.189339828220184 9.7
endloop
endfacet
facet normal -1 0 0
outer loop
vertex 126 -60.75 9.7
vertex 126 -57.189339828220184 9.7
vertex 126 -57.0027955815462 9.7
endloop
endfacet
facet normal -1 0 0
outer loop
vertex 126 -60.75 9.7
vertex 126 -57.0027955815462 9.7
vertex 126 -56.86418070123307 9.7
endloop
endfacet
facet normal -1 0 0
outer loop
vertex 126 -60.75 9.7
vertex 126 -56.86418070123307 9.7
vertex 126 -56.77882207939515 9.7
endloop
endfacet
facet normal -1 0 0
outer loop
vertex 126 -60.75 9.7
vertex 126 -56.77882207939515 9.7
vertex 126 -56.75 9.7
endloop
endfacet
facet normal -1 0 0
outer loop
vertex 126 -60.75 9.7
vertex 126 -56.75 9.7
vertex 126 -56 9.7
endloop
endfacet
facet normal -1 0 0
outer loop
vertex 126 -60.75 9.7
vertex 126 -56 9.7
vertex 126 -56 8.1
endloop
endfacet
facet normal -1 0 0
outer loop
vertex 126 -60.75 9.7
vertex 126 -56 8.1
vertex 126 -56.749999999999986 8.1
endloop
endfacet
facet normal -1 0 0
outer loop
vertex 126 -60.75 9.7
vertex 126 -56.749999999999986 8.1
vertex 126 -56.778822079395134 8.1
endloop
endfacet
facet normal -1 0 0
outer loop
vertex 126 -60.75 9.7
vertex 126 -56.778822079395134 8.1
vertex 126 -56.86418070123306 8.1
endloop
endfacet
facet normal -1 0 0
outer loop
vertex 126 -60.75 9.7
vertex 126 -56.86418070123306 8.1
vertex 126 -57.00279558154617 8.1
endloop
endfacet
facet normal -1 0 0
outer loop
vertex 126 -60.75 9.7
vertex 126 -57.00279558154617 8.1
vertex 126 -57.18933982822017 8.1
endloop
endfacet
facet normal -1 0 0
outer loop
vertex 126 -60.75 9.7
vertex 126 -57.18933982822017 8.1
vertex 126 -57.41664465047068 8.1
endloop
endfacet
facet normal -1 0 0
outer loop
vertex 126 -60.75 9.7
vertex 126 -57.41664465047068 8.1
vertex 126 -57.67597485145239 8.1
endloop
endfacet
facet normal -1 0 0
outer loop
vertex 126 -60.75 9.7
vertex 126 -57.67597485145239 8.1
vertex 126 -57.957364516975765 8.1
endloop
endfacet
facet normal -1 0 0
outer loop
vertex 126 -60.75 9.7
vertex 126 -57.957364516975765 8.1
vertex 126 -58.249999999999915 8.1
endloop
endfacet
facet normal -1 0 0
outer loop
vertex 126 -60.75 9.7
vertex 126 -58.249999999999915 8.1
vertex 126 -58.5426354830241 8.1
endloop
endfacet
facet normal -1 0 0
outer loop
vertex 126 -60.75 9.7
vertex 126 -58.5426354830241 8.1
vertex 126 -58.82402514854786 8.1
endloop
endfacet
facet normal -1 0 0
outer loop
vertex 126 -60.75 9.7
vertex 126 -58.82402514854786 8.1
vertex 126 -59.083355349529285 8.1
endloop
endfacet
facet normal -1 0 0
outer loop
vertex 126 -60.75 9.7
vertex 126 -59.083355349529285 8.1
vertex 126 -59.3106601717798 8.1
endloop
endfacet
facet normal -1 0 0
outer loop
vertex 126 -60.75 9.7
vertex 126 -59.3106601717798 8.1
vertex 126 -59.49720441845382 8.1
endloop
endfacet
facet normal -1 0 0
outer loop
vertex 126 -60.75 9.7
vertex 126 -59.49720441845382 8.1
vertex 126 -59.63581929876692 8.1
endloop
endfacet
facet normal -1 0 0
outer loop
vertex 126 -60.75 9.7
vertex 126 -59.63581929876692 8.1
vertex 126 -59.721177920604845 8.1
endloop
endfacet
facet normal -1 0 0
outer loop
vertex 126 -60.75 9.7
vertex 126 -59.721177920604845 8.1
vertex 126 -59.75 8.1
endloop
endfacet
facet normal -1 0 0
outer loop
vertex 126 -60.75 9.7
vertex 126 -59.75 8.1
vertex 126 -60.75 8.1
endloop
endfacet
facet normal -1 0 0
outer loop
vertex 126 -60.75 9.7
vertex 126 -60.75 8.1
vertex 126 -70 8.1
endloop
endfacet
facet normal -1 0 0
outer loop
vertex 126 -60.75 9.7
vertex 126 -70 8.1
vertex 126 -70 9.7
endloop
endfacet
facet normal 1 0 0
outer loop
vertex 112 -112.99999999999991 8.1
vertex 112 -113.00000000000009 9.7
vertex 112 -127 9.7
endloop
endfacet
facet normal 1 0 0
outer loop
vertex 112 -112.99999999999991 8.1
vertex 112 -127 9.7
vertex 112 -127 8.1
endloop
endfacet
facet normal 1 0 0
outer loop
vertex 112 -94 8.1
vertex 112 -94 9.7
vertex 112 -108 9.7
endloop
endfacet
facet normal 1 0 0
outer loop
vertex 112 -94 8.1
vertex 112 -108 9.7
vertex 112 -108 8.1
endloop
endfacet
facet normal 1 0 0
outer loop
vertex 112 -75 8.1
vertex 112 -75 9.7
vertex 112 -89 9.7
endloop
endfacet
facet normal 1 0 0
outer loop
vertex 112 -75 8.1
vertex 112 -89 9.7
vertex 112 -89 8.1
endloop
endfacet
facet normal 1 0 0
outer loop
vertex 112 -56 8.1
vertex 112 -56 9.7
vertex 112 -70 9.7
endloop
endfacet
facet normal 1 0 0
outer loop
vertex 112 -56 8.1
vertex 112 -70 9.7
vertex 112 -70 8.1
endloop
endfacet
facet normal 0 1 0
outer loop
vertex 145 -112.75 9.7
vertex 145 -112.75 8.1
vertex 131 -112.75 8.1
endloop
endfacet
facet normal 0 1 0
outer loop
vertex 145 -112.75 9.7
vertex 131 -112.75 8.1
vertex 131 -112.75 9.7
endloop
endfacet
facet normal 0 1 0
outer loop
vertex 183 -112.75 9.7
vertex 183 -112.75 8.1
vertex 169 -112.75 8.1
endloop
endfacet
facet normal 0 1 0
outer loop
vertex 183 -112.75 9.7
vertex 169 -112.75 8.1
vertex 169 -112.75 9.7
endloop
endfacet
facet normal -1 0 0
outer loop
vertex 145 -112.71442478062687 9.7
vertex 145 -112.46791111376207 9.7
vertex 145 -112.26794919243106 9.7
endloop
endfacet
facet normal -1 0 0
outer loop
vertex 145 -112.71442478062687 9.7
vertex 145 -112.26794919243106 9.7
vertex 145 -112.12061475842822 9.7
endloop
endfacet
facet normal -1 0 0
outer loop
vertex 145 -112.71442478062687 9.7
vertex 145 -112.12061475842822 9.7
vertex 145 -112.0303844939756 9.7
endloop
endfacet
facet normal -1 0 0
outer loop
vertex 145 -112.71442478062687 9.7
vertex 145 -112.0303844939756 9.7
vertex 145 -112 9.7
endloop
endfacet
facet normal -1 0 0
outer loop
vertex 145 -112.71442478062687 9.7
vertex 145 -112 9.7
vertex 145 -108 9.7
endloop
endfacet
facet normal -1 0 0
outer loop
vertex 145 -112.71442478062687 9.7
vertex 145 -108 9.7
vertex 145 -98.75 9.7
endloop
endfacet
facet normal -1 0 0
outer loop
vertex 145 -112.71442478062687 9.7
vertex 145 -98.75 9.7
vertex 145 -98.75 8.1
endloop
endfacet
facet normal -1 0 0
outer loop
vertex 145 -112.71442478062687 9.7
vertex 145 -98.75 8.1
vertex 145 -108 8.1
endloop
endfacet
facet normal -1 0 0
outer loop
vertex 145 -112.71442478062687 9.7
vertex 145 -108 8.1
vertex 145 -112 8.1
endloop
endfacet
facet normal -1 0 0
outer loop
vertex 145 -112.71442478062687 9.7
vertex 145 -112 8.1
vertex 145 -112.0303844939756 8.1
endloop
endfacet
facet normal -1 0 0
outer loop
vertex 145 -112.71442478062687 9.7
vertex 145 -112.0303844939756 8.1
vertex 145 -112.12061475842819 8.1
endloop
endfacet
facet normal -1 0 0
outer loop
vertex 145 -112.71442478062687 9.7
vertex 145 -112.12061475842819 8.1
vertex 145 -112.26794919243102 8.1
endloop
endfacet
facet normal -1 0 0
outer loop
vertex 145 -112.71442478062687 9.7
vertex 145 -112.26794919243102 8.1
vertex 145 -112.46791111376209 8.1
endloop
endfacet
facet normal -1 0 0
outer loop
vertex 145 -112.71442478062687 9.7
vertex 145 -112.46791111376209 8.1
vertex 145 -112.7144247806269 8.1
endloop
endfacet
facet normal -1 0 0
outer loop
vertex 145 -112.71442478062687 9.7
vertex 145 -112.7144247806269 8.1
vertex 145 -112.75 8.1
endloop
endfacet
facet normal -1 0 0
outer loop
vertex 145 -112.71442478062687 9.7
vertex 145 -112.75 8.1
vertex 145 -112.75 9.7
endloop
endfacet
facet normal -1 0 0
outer loop
vertex 145 -89 9.7
vertex 145 -79.75 9.7
vertex 145 -79.75 8.1
endloop
endfacet
facet normal -1 0 0
outer loop
vertex 145 -89 9.7
vertex 145 -79.75 8.1
vertex 145 -89 8.1
endloop
endfacet
facet normal -1 0 0
outer loop
vertex 145 -89 9.7
vertex 145 -89 8.1
vertex 145 -93.75 8.1
endloop
endfacet
facet normal -1 0 0
outer loop
vertex 145 -89 9.7
vertex 145 -93.75 8.1
vertex 145 -93.75 9.7
endloop
endfacet
facet normal -1 0 0
outer loop
vertex 145 -70 9.7
vertex 145 -60.75 9.7
vertex 145 -60.75 8.1
endloop
endfacet
facet normal -1 0 0
outer loop
vertex 145 -70 9.7
vertex 145 -60.75 8.1
vertex 145 -70 8.1
endloop
endfacet
facet normal -1 0 0
outer loop
vertex 145 -70 9.7
vertex 145 -70 8.1
vertex 145 -74.75 8.1
endloop
endfacet
facet normal -1 0 0
outer loop
vertex 145 -70 9.7
vertex 145 -74.75 8.1
vertex 145 -74.75 9.7
endloop
endfacet
facet normal -1 0 0
outer loop
vertex 145 -51 9.7
vertex 145 -41.75 9.7
vertex 145 -41.75 8.1
endloop
endfacet
facet normal -1 0 0
outer loop
vertex 145 -51 9.7
vertex 145 -41.75 8.1
vertex 145 -51 8.1
endloop
endfacet
facet normal -1 0 0
outer loop
vertex 145 -51 9.7
vertex 145 -51 8.1
vertex 145 -55.75 8.1
endloop
endfacet
facet normal -1 0 0
outer loop
vertex 145 -51 9.7
vertex 145 -55.75 8.1
vertex 145 -55.75 9.7
endloop
endfacet
facet normal 0 -1 0
outer loop
vertex 145 -98.75 8.1
vertex 145 -98.75 9.7
vertex 131 -98.75 9.7
endloop
endfacet
facet normal 0 -1 0
outer loop
vertex 145 -98.75 8.1
vertex 131 -98.75 9.7
vertex 131 -98.75 8.1
endloop
endfacet
facet normal 0 -1 0
outer loop
vertex 183 -98.75 8.1
vertex 183 -98.75 9.7
vertex 169 -98.75 9.7
endloop
endfacet
facet normal 0 -1 0
outer loop
vertex 183 -98.75 8.1
vertex 169 -98.75 9.7
vertex 169 -98.75 8.1
endloop
endfacet
facet normal 1 0 0
outer loop
vertex 131 -112 8.1
vertex 131 -111.97117792060483 8.1
vertex 131 -111.88581929876695 8.1
endloop
endfacet
facet normal 1 0 0
outer loop
vertex 131 -112 8.1
vertex 131 -111.88581929876695 8.1
vertex 131 -111.74720441845378 8.1
endloop
endfacet
facet normal 1 0 0
outer loop
vertex 131 -112 8.1
vertex 131 -111.74720441845378 8.1
vertex 131 -111.56066017177986 8.1
endloop
endfacet
facet normal 1 0 0
outer loop
vertex 131 -112 8.1
vertex 131 -111.56066017177986 8.1
vertex 131 -111.3333553495295 8.1
endloop
endfacet
facet normal 1 0 0
outer loop
vertex 131 -112 8.1
vertex 131 -111.3333553495295 8.1
vertex 131 -111.07402514854765 8.1
endloop
endfacet
facet normal 1 0 0
outer loop
vertex 131 -112 8.1
vertex 131 -111.07402514854765 8.1
vertex 131 -110.79263548302418 8.1
endloop
endfacet
facet normal 1 0 0
outer loop
vertex 131 -112 8.1
vertex 131 -110.79263548302418 8.1
vertex 131 -110.50000000000006 8.1
endloop
endfacet
facet normal 1 0 0
outer loop
vertex 131 -112 8.1
vertex 131 -110.50000000000006 8.1
vertex 131 -110.20736451697577 8.1
endloop
endfacet
facet normal 1 0 0
outer loop
vertex 131 -112 8.1
vertex 131 -110.20736451697577 8.1
vertex 131 -109.92597485145242 8.1
endloop
endfacet
facet normal 1 0 0
outer loop
vertex 131 -112 8.1
vertex 131 -109.92597485145242 8.1
vertex 131 -109.66664465047064 8.1
endloop
endfacet
facet normal 1 0 0
outer loop
vertex 131 -112 8.1
vertex 131 -109.66664465047064 8.1
vertex 131 -109.43933982822018 8.1
endloop
endfacet
facet normal 1 0 0
outer loop
vertex 131 -112 8.1
vertex 131 -109.43933982822018 8.1
vertex 131 -109.25279558154624 8.1
endloop
endfacet
facet normal 1 0 0
outer loop
vertex 131 -112 8.1
vertex 131 -109.25279558154624 8.1
vertex 131 -109.11418070123304 8.1
endloop
endfacet
facet normal 1 0 0
outer loop
vertex 131 -112 8.1
vertex 131 -109.11418070123304 8.1
vertex 131 -109.02882207939514 8.1
endloop
endfacet
facet normal 1 0 0
outer loop
vertex 131 -112 8.1
vertex 131 -109.02882207939514 8.1
vertex 131 -109 8.1
endloop
endfacet
facet normal 1 0 0
outer loop
vertex 131 -112 8.1
vertex 131 -109 8.1
vertex 131 -108 8.1
endloop
endfacet
facet normal 1 0 0
outer loop
vertex 131 -112 8.1
vertex 131 -108 8.1
vertex 131 -98.75 8.1
endloop
endfacet
facet normal 1 0 0
outer loop
vertex 131 -112 8.1
vertex 131 -98.75 8.1
vertex 131 -98.75 9.7
endloop
endfacet
facet normal 1 0 0
outer loop
vertex 131 -112 8.1
vertex 131 -98.75 9.7
vertex 131 -108 9.7
endloop
endfacet
facet normal 1 0 0
outer loop
vertex 131 -112 8.1
vertex 131 -108 9.7
vertex 131 -109 9.7
endloop
endfacet
facet normal 1 0 0
outer loop
vertex 131 -112 8.1
vertex 131 -109 9.7
vertex 131 -109.02882207939516 9.7
endloop
endfacet
facet normal 1 0 0
outer loop
vertex 131 -112 8.1
vertex 131 -109.02882207939516 9.7
vertex 131 -109.11418070123307 9.7
endloop
endfacet
facet normal 1 0 0
outer loop
vertex 131 -112 8.1
vertex 131 -109.11418070123307 9.7
vertex 131 -109.25279558154617 9.7
endloop
endfacet
facet normal 1 0 0
outer loop
vertex 131 -112 8.1
vertex 131 -109.25279558154617 9.7
vertex 131 -109.43933982822024 9.7
endloop
endfacet
facet normal 1 0 0
outer loop
vertex 131 -112 8.1
vertex 131 -109.43933982822024 9.7
vertex 131 -109.66664465047057 9.7
endloop
endfacet
facet normal 1 0 0
outer loop
vertex 131 -112 8.1
vertex 131 -109.66664465047057 9.7
vertex 131 -109.92597485145242 9.7
endloop
endfacet
facet normal 1 0 0
outer loop
vertex 131 -112 8.1
vertex 131 -109.92597485145242 9.7
vertex 131 -110.20736451697574 9.7
endloop
endfacet
facet normal 1 0 0
outer loop
vertex 131 -112 8.1
vertex 131 -110.20736451697574 9.7
vertex 131 -110.50000000000006 9.7
endloop
endfacet
facet normal 1 0 0
outer loop
vertex 131 -112 8.1
vertex 131 -110.50000000000006 9.7
vertex 131 -110.79263548302418 9.7
endloop
endfacet
facet normal 1 0 0
outer loop
vertex 131 -112 8.1
vertex 131 -110.79263548302418 9.7
vertex 131 -111.07402514854756 9.7
endloop
endfacet
facet normal 1 0 0
outer loop
vertex 131 -112 8.1
vertex 131 -111.07402514854756 9.7
vertex 131 -111.33335534952933 9.7
endloop
endfacet
facet normal 1 0 0
outer loop
vertex 131 -112 8.1
vertex 131 -111.33335534952933 9.7
vertex 131 -111.56066017177977 9.7
endloop
endfacet
facet normal 1 0 0
outer loop
vertex 131 -112 8.1
vertex 131 -111.56066017177977 9.7
vertex 131 -111.74720441845385 9.7
endloop
endfacet
facet normal 1 0 0
outer loop
vertex 131 -112 8.1
vertex 131 -111.74720441845385 9.7
vertex 131 -111.8858192987669 9.7
endloop
endfacet
facet normal 1 0 0
outer loop
vertex 131 -112 8.1
vertex 131 -111.8858192987669 9.7
vertex 131 -111.97117792060483 9.7
endloop
endfacet
facet normal 1 0 0
outer loop
vertex 131 -112 8.1
vertex 131 -111.97117792060483 9.7
vertex 131 -112 9.7
endloop
endfacet
facet normal 1 0 0
outer loop
vertex 131 -112 8.1
vertex 131 -112 9.7
vertex 131 -112.75 9.7
endloop
endfacet
facet normal 1 0 0
outer loop
vertex 131 -112 8.1
vertex 131 -112.75 9.7
vertex 131 -112.75 8.1
endloop
endfacet
facet normal 1 0 0
outer loop
vertex 131 -89 8.1
vertex 131 -79.75 8.1
vertex 131 -79.75 9.7
endloop
endfacet
facet normal 1 0 0
outer loop
vertex 131 -89 8.1
vertex 131 -79.75 9.7
vertex 131 -89 9.7
endloop
endfacet
facet normal 1 0 0
outer loop
vertex 131 -89 8.1
vertex 131 -89 9.7
vertex 131 -93.75 9.7
endloop
endfacet
facet normal 1 0 0
outer loop
vertex 131 -89 8.1
vertex 131 -93.75 9.7
vertex 131 -93.75 8.1
endloop
endfacet
facet normal 1 0 0
outer loop
vertex 131 -70 8.1
vertex 131 -60.75 8.1
vertex 131 -60.75 9.7
endloop
endfacet
facet normal 1 0 0
outer loop
vertex 131 -70 8.1
vertex 131 -60.75 9.7
vertex 131 -70 9.7
endloop
endfacet
facet normal 1 0 0
outer loop
vertex 131 -70 8.1
vertex 131 -70 9.7
vertex 131 -74.75 9.7
endloop
endfacet
facet normal 1 0 0
outer loop
vertex 131 -70 8.1
vertex 131 -74.75 9.7
vertex 131 -74.75 8.1
endloop
endfacet
facet normal 1 0 0
outer loop
vertex 131 -52 8.1
vertex 131 -51.969615506024425 8.1
vertex 131 -51.879385241571775 8.1
endloop
endfacet
facet normal 1 0 0
outer loop
vertex 131 -52 8.1
vertex 131 -51.879385241571775 8.1
vertex 131 -51.73205080756892 8.1
endloop
endfacet
facet normal 1 0 0
outer loop
vertex 131 -52 8.1
vertex 131 -51.73205080756892 8.1
vertex 131 -51.532088886237936 8.1
endloop
endfacet
facet normal 1 0 0
outer loop
vertex 131 -52 8.1
vertex 131 -51.532088886237936 8.1
vertex 131 -51.28557521937301 8.1
endloop
endfacet
facet normal 1 0 0
outer loop
vertex 131 -52 8.1
vertex 131 -51.28557521937301 8.1
vertex 131 -51 8.1
endloop
endfacet
facet normal 1 0 0
outer loop
vertex 131 -52 8.1
vertex 131 -51 8.1
vertex 131 -50.68404028665138 8.1
endloop
endfacet
facet normal 1 0 0
outer loop
vertex 131 -52 8.1
vertex 131 -50.68404028665138 8.1
vertex 131 -50.34729635533387 8.1
endloop
endfacet
facet normal 1 0 0
outer loop
vertex 131 -52 8.1
vertex 131 -50.34729635533387 8.1
vertex 131 -50.000000000000014 8.1
endloop
endfacet
facet normal 1 0 0
outer loop
vertex 131 -52 8.1
vertex 131 -50.000000000000014 8.1
vertex 131 -46.75 8.1
endloop
endfacet
facet normal 1 0 0
outer loop
vertex 131 -52 8.1
vertex 131 -46.75 8.1
vertex 131 -46.719615506024425 8.1
endloop
endfacet
facet normal 1 0 0
outer loop
vertex 131 -52 8.1
vertex 131 -46.719615506024425 8.1
vertex 131 -46.62938524157183 8.1
endloop
endfacet
facet normal 1 0 0
outer loop
vertex 131 -52 8.1
vertex 131 -46.62938524157183 8.1
vertex 131 -46.48205080756886 8.1
endloop
endfacet
facet normal 1 0 0
outer loop
vertex 131 -52 8.1
vertex 131 -46.48205080756886 8.1
vertex 131 -46.28208888623793 8.1
endloop
endfacet
facet normal 1 0 0
outer loop
vertex 131 -52 8.1
vertex 131 -46.28208888623793 8.1
vertex 131 -46.03557521937301 8.1
endloop
endfacet
facet normal 1 0 0
outer loop
vertex 131 -52 8.1
vertex 131 -46.03557521937301 8.1
vertex 131 -45.750000000000135 8.1
endloop
endfacet
facet normal 1 0 0
outer loop
vertex 131 -52 8.1
vertex 131 -45.750000000000135 8.1
vertex 131 -45.434040286651225 8.1
endloop
endfacet
facet normal 1 0 0
outer loop
vertex 131 -52 8.1
vertex 131 -45.434040286651225 8.1
vertex 131 -45.097296355333896 8.1
endloop
endfacet
facet normal 1 0 0
outer loop
vertex 131 -52 8.1
vertex 131 -45.097296355333896 8.1
vertex 131 -44.75000000000003 8.1
endloop
endfacet
facet normal 1 0 0
outer loop
vertex 131 -52 8.1
vertex 131 -44.75000000000003 8.1
vertex 131 -41.75 8.1
endloop
endfacet
facet normal 1 0 0
outer loop
vertex 131 -52 8.1
vertex 131 -41.75 8.1
vertex 131 -41.75 9.7
endloop
endfacet
facet normal 1 0 0
outer loop
vertex 131 -52 8.1
vertex 131 -41.75 9.7
vertex 131 -44.749999999999986 9.7
endloop
endfacet
facet normal 1 0 0
outer loop
vertex 131 -52 8.1
vertex 131 -44.749999999999986 9.7
vertex 131 -45.09729635533385 9.7
endloop
endfacet
facet normal 1 0 0
outer loop
vertex 131 -52 8.1
vertex 131 -45.09729635533385 9.7
vertex 131 -45.43404028665121 9.7
endloop
endfacet
facet normal 1 0 0
outer loop
vertex 131 -52 8.1
vertex 131 -45.43404028665121 9.7
vertex 131 -45.75000000000024 9.7
endloop
endfacet
facet normal 1 0 0
outer loop
vertex 131 -52 8.1
vertex 131 -45.75000000000024 9.7
vertex 131 -46.03557521937306 9.7
endloop
endfacet
facet normal 1 0 0
outer loop
vertex 131 -52 8.1
vertex 131 -46.03557521937306 9.7
vertex 131 -46.28208888623788 9.7
endloop
endfacet
facet normal 1 0 0
outer loop
vertex 131 -52 8.1
vertex 131 -46.28208888623788 9.7
vertex 131 -46.482050807568896 9.7
endloop
endfacet
facet normal 1 0 0
outer loop
vertex 131 -52 8.1
vertex 131 -46.482050807568896 9.7
vertex 131 -46.62938524157183 9.7
endloop
endfacet
facet normal 1 0 0
outer loop
vertex 131 -52 8.1
vertex 131 -46.62938524157183 9.7
vertex 131 -46.71961550602441 9.7
endloop
endfacet
facet normal 1 0 0
outer loop
vertex 131 -52 8.1
vertex 131 -46.71961550602441 9.7
vertex 131 -46.75 9.7
endloop
endfacet
facet normal 1 0 0
outer loop
vertex 131 -52 8.1
vertex 131 -46.75 9.7
vertex 131 -49.99999999999997 9.7
endloop
endfacet
facet normal 1 0 0
outer loop
vertex 131 -52 8.1
vertex 131 -49.99999999999997 9.7
vertex 131 -50.34729635533384 9.7
endloop
endfacet
facet normal 1 0 0
outer loop
vertex 131 -52 8.1
vertex 131 -50.34729635533384 9.7
vertex 131 -50.68404028665135 9.7
endloop
endfacet
facet normal 1 0 0
outer loop
vertex 131 -52 8.1
vertex 131 -50.68404028665135 9.7
vertex 131 -51 9.7
endloop
endfacet
facet normal 1 0 0
outer loop
vertex 131 -52 8.1
vertex 131 -51 9.7
vertex 131 -51.285575219373065 9.7
endloop
endfacet
facet normal 1 0 0
outer loop
vertex 131 -52 8.1
vertex 131 -51.285575219373065 9.7
vertex 131 -51.53208888623801 9.7
endloop
endfacet
facet normal 1 0 0
outer loop
vertex 131 -52 8.1
vertex 131 -51.53208888623801 9.7
vertex 131 -51.73205080756888 9.7
endloop
endfacet
facet normal 1 0 0
outer loop
vertex 131 -52 8.1
vertex 131 -51.73205080756888 9.7
vertex 131 -51.87938524157182 9.7
endloop
endfacet
facet normal 1 0 0
outer loop
vertex 131 -52 8.1
vertex 131 -51.87938524157182 9.7
vertex 131 -51.96961550602442 9.7
endloop
endfacet
facet normal 1 0 0
outer loop
vertex 131 -52 8.1
vertex 131 -51.96961550602442 9.7
vertex 131 -52 9.7
endloop
endfacet
facet normal 1 0 0
outer loop
vertex 131 -52 8.1
vertex 131 -52 9.7
vertex 131 -55.75 9.7
endloop
endfacet
facet normal 1 0 0
outer loop
vertex 131 -52 8.1
vertex 131 -55.75 9.7
vertex 131 -55.75 8.1
endloop
endfacet
facet normal 0 1 0
outer loop
vertex 145 -93.75 9.7
vertex 145 -93.75 8.1
vertex 131 -93.75 8.1
endloop
endfacet
facet normal 0 1 0
outer loop
vertex 145 -93.75 9.7
vertex 131 -93.75 8.1
vertex 131 -93.75 9.7
endloop
endfacet
facet normal 0 1 0
outer loop
vertex 183 -93.75 9.7
vertex 183 -93.75 8.1
vertex 169 -93.75 8.1
endloop
endfacet
facet normal 0 1 0
outer loop
vertex 183 -93.75 9.7
vertex 169 -93.75 8.1
vertex 169 -93.75 9.7
endloop
endfacet
facet normal 0 -1 0
outer loop
vertex 145 -79.75 8.1
vertex 145 -79.75 9.7
vertex 131 -79.75 9.7
endloop
endfacet
facet normal 0 -1 0
outer loop
vertex 145 -79.75 8.1
vertex 131 -79.75 9.7
vertex 131 -79.75 8.1
endloop
endfacet
facet normal 0 -1 0
outer loop
vertex 183 -79.75 8.1
vertex 183 -79.75 9.7
vertex 169 -79.75 9.7
endloop
endfacet
facet normal 0 -1 0
outer loop
vertex 183 -79.75 8.1
vertex 169 -79.75 9.7
vertex 169 -79.75 8.1
endloop
endfacet
facet normal 0 1 0
outer loop
vertex 145 -74.75 9.7
vertex 145 -74.75 8.1
vertex 131 -74.75 8.1
endloop
endfacet
facet normal 0 1 0
outer loop
vertex 145 -74.75 9.7
vertex 131 -74.75 8.1
vertex 131 -74.75 9.7
endloop
endfacet
facet normal 0 1 0
outer loop
vertex 183 -74.75 9.7
vertex 183 -74.75 8.1
vertex 169 -74.75 8.1
endloop
endfacet
facet normal 0 1 0
outer loop
vertex 183 -74.75 9.7
vertex 169 -74.75 8.1
vertex 169 -74.75 9.7
endloop
endfacet
facet normal 0 -1 0
outer loop
vertex 145 -60.75 8.1
vertex 145 -60.75 9.7
vertex 131 -60.75 9.7
endloop
endfacet
facet normal 0 -1 0
outer loop
vertex 145 -60.75 8.1
vertex 131 -60.75 9.7
vertex 131 -60.75 8.1
endloop
endfacet
facet normal 0 -1 0
outer loop
vertex 183 -60.75 8.1
vertex 183 -60.75 9.7
vertex 169 -60.75 9.7
endloop
endfacet
facet normal 0 -1 0
outer loop
vertex 183 -60.75 8.1
vertex 169 -60.75 9.7
vertex 169 -60.75 8.1
endloop
endfacet
facet normal 0 1 0
outer loop
vertex 145 -55.75 9.7
vertex 145 -55.75 8.1
vertex 131 -55.75 8.1
endloop
endfacet
facet normal 0 1 0
outer loop
vertex 145 -55.75 9.7
vertex 131 -55.75 8.1
vertex 131 -55.75 9.7
endloop
endfacet
facet normal 0 1 0
outer loop
vertex 183 -55.75 9.7
vertex 183 -55.75 8.1
vertex 169 -55.75 8.1
endloop
endfacet
facet normal 0 1 0
outer loop
vertex 183 -55.75 9.7
vertex 169 -55.75 8.1
vertex 169 -55.75 9.7
endloop
endfacet
facet normal 0 -1 0
outer loop
vertex 145 -41.75 8.1
vertex 145 -41.75 9.7
vertex 131 -41.75 9.7
endloop
endfacet
facet normal 0 -1 0
outer loop
vertex 145 -41.75 8.1
vertex 131 -41.75 9.7
vertex 131 -41.75 8.1
endloop
endfacet
facet normal 0 -1 0
outer loop
vertex 183 -41.75 8.1
vertex 183 -41.75 9.7
vertex 169 -41.75 9.7
endloop
endfacet
facet normal 0 -1 0
outer loop
vertex 183 -41.75 8.1
vertex 169 -41.75 9.7
vertex 169 -41.75 8.1
endloop
endfacet
facet normal -1 0 0
outer loop
vertex 164 -98.75 9.7
vertex 164 -96.125 9.7
vertex 164 -94 9.7
endloop
endfacet
facet normal -1 0 0
outer loop
vertex 164 -98.75 9.7
vertex 164 -94 9.7
vertex 164 -94 8.1
endloop
endfacet
facet normal -1 0 0
outer loop
vertex 164 -98.75 9.7
vertex 164 -94 8.1
vertex 164 -96.125 8.1
endloop
endfacet
facet normal -1 0 0
outer loop
vertex 164 -98.75 9.7
vertex 164 -96.125 8.1
vertex 164 -98.75 8.1
endloop
endfacet
facet normal -1 0 0
outer loop
vertex 164 -98.75 9.7
vertex 164 -98.75 8.1
vertex 164 -108 8.1
endloop
endfacet
facet normal -1 0 0
outer loop
vertex 164 -98.75 9.7
vertex 164 -108 8.1
vertex 164 -108 9.7
endloop
endfacet
facet normal -1 0 0
outer loop
vertex 164 -79.75 9.7
vertex 164 -78.675 9.7
vertex 164 -77.125 9.7
endloop
endfacet
facet normal -1 0 0
outer loop
vertex 164 -79.75 9.7
vertex 164 -77.125 9.7
vertex 164 -75 9.7
endloop
endfacet
facet normal -1 0 0
outer loop
vertex 164 -79.75 9.7
vertex 164 -75 9.7
vertex 164 -75 8.1
endloop
endfacet
facet normal -1 0 0
outer loop
vertex 164 -79.75 9.7
vertex 164 -75 8.1
vertex 164 -77.125 8.1
endloop
endfacet
facet normal -1 0 0
outer loop
vertex 164 -79.75 9.7
vertex 164 -77.125 8.1
vertex 164 -78.675 8.1
endloop
endfacet
facet normal -1 0 0
outer loop
vertex 164 -79.75 9.7
vertex 164 -78.675 8.1
vertex 164 -79.75 8.1
endloop
endfacet
facet normal -1 0 0
outer loop
vertex 164 -79.75 9.7
vertex 164 -79.75 8.1
vertex 164 -89 8.1
endloop
endfacet
facet normal -1 0 0
outer loop
vertex 164 -79.75 9.7
vertex 164 -89 8.1
vertex 164 -89 9.7
endloop
endfacet
facet normal -1 0 0
outer loop
vertex 164 -60.75 9.7
vertex 164 -60.68566017177981 9.7
vertex 164 -60.45835534952956 9.7
endloop
endfacet
facet normal -1 0 0
outer loop
vertex 164 -60.75 9.7
vertex 164 -60.45835534952956 9.7
vertex 164 -60.199025148547435 9.7
endloop
endfacet
facet normal -1 0 0
outer loop
vertex 164 -60.75 9.7
vertex 164 -60.199025148547435 9.7
vertex 164 -59.91763548302412 9.7
endloop
endfacet
facet normal -1 0 0
outer loop
vertex 164 -60.75 9.7
vertex 164 -59.91763548302412 9.7
vertex 164 -59.62499999999993 9.7
endloop
endfacet
facet normal -1 0 0
outer loop
vertex 164 -60.75 9.7
vertex 164 -59.62499999999993 9.7
vertex 164 -59.332364516976135 9.7
endloop
endfacet
facet normal -1 0 0
outer loop
vertex 164 -60.75 9.7
vertex 164 -59.332364516976135 9.7
vertex 164 -59.05097485145216 9.7
endloop
endfacet
facet normal -1 0 0
outer loop
vertex 164 -60.75 9.7
vertex 164 -59.05097485145216 9.7
vertex 164 -58.79164465047054 9.7
endloop
endfacet
facet normal -1 0 0
outer loop
vertex 164 -60.75 9.7
vertex 164 -58.79164465047054 9.7
vertex 164 -58.56433982822023 9.7
endloop
endfacet
facet normal -1 0 0
outer loop
vertex 164 -60.75 9.7
vertex 164 -58.56433982822023 9.7
vertex 164 -58.37779558154617 9.7
endloop
endfacet
facet normal -1 0 0
outer loop
vertex 164 -60.75 9.7
vertex 164 -58.37779558154617 9.7
vertex 164 -58.23918070123306 9.7
endloop
endfacet
facet normal -1 0 0
outer loop
vertex 164 -60.75 9.7
vertex 164 -58.23918070123306 9.7
vertex 164 -58.153822079395155 9.7
endloop
endfacet
facet normal -1 0 0
outer loop
vertex 164 -60.75 9.7
vertex 164 -58.153822079395155 9.7
vertex 164 -58.125 9.7
endloop
endfacet
facet normal -1 0 0
outer loop
vertex 164 -60.75 9.7
vertex 164 -58.125 9.7
vertex 164 -56 9.7
endloop
endfacet
facet normal -1 0 0
outer loop
vertex 164 -60.75 9.7
vertex 164 -56 9.7
vertex 164 -56 8.1
endloop
endfacet
facet normal -1 0 0
outer loop
vertex 164 -60.75 9.7
vertex 164 -56 8.1
vertex 164 -58.125 8.1
endloop
endfacet
facet normal -1 0 0
outer loop
vertex 164 -60.75 9.7
vertex 164 -58.125 8.1
vertex 164 -58.153822079395155 8.1
endloop
endfacet
facet normal -1 0 0
outer loop
vertex 164 -60.75 9.7
vertex 164 -58.153822079395155 8.1
vertex 164 -58.23918070123306 8.1
endloop
endfacet
facet normal -1 0 0
outer loop
vertex 164 -60.75 9.7
vertex 164 -58.23918070123306 8.1
vertex 164 -58.377795581546145 8.1
endloop
endfacet
facet normal -1 0 0
outer loop
vertex 164 -60.75 9.7
vertex 164 -58.377795581546145 8.1
vertex 164 -58.56433982822027 8.1
endloop
endfacet
facet normal -1 0 0
outer loop
vertex 164 -60.75 9.7
vertex 164 -58.56433982822027 8.1
vertex 164 -58.79164465047061 8.1
endloop
endfacet
facet normal -1 0 0
outer loop
vertex 164 -60.75 9.7
vertex 164 -58.79164465047061 8.1
vertex 164 -59.050974851452125 8.1
endloop
endfacet
facet normal -1 0 0
outer loop
vertex 164 -60.75 9.7
vertex 164 -59.050974851452125 8.1
vertex 164 -59.332364516976064 8.1
endloop
endfacet
facet normal -1 0 0
outer loop
vertex 164 -60.75 9.7
vertex 164 -59.332364516976064 8.1
vertex 164 -59.62499999999985 8.1
endloop
endfacet
facet normal -1 0 0
outer loop
vertex 164 -60.75 9.7
vertex 164 -59.62499999999985 8.1
vertex 164 -59.917635483024306 8.1
endloop
endfacet
facet normal -1 0 0
outer loop
vertex 164 -60.75 9.7
vertex 164 -59.917635483024306 8.1
vertex 164 -60.19902514854748 8.1
endloop
endfacet
facet normal -1 0 0
outer loop
vertex 164 -60.75 9.7
vertex 164 -60.19902514854748 8.1
vertex 164 -60.45835534952968 8.1
endloop
endfacet
facet normal -1 0 0
outer loop
vertex 164 -60.75 9.7
vertex 164 -60.45835534952968 8.1
vertex 164 -60.68566017177983 8.1
endloop
endfacet
facet normal -1 0 0
outer loop
vertex 164 -60.75 9.7
vertex 164 -60.68566017177983 8.1
vertex 164 -60.75 8.1
endloop
endfacet
facet normal -1 0 0
outer loop
vertex 164 -60.75 9.7
vertex 164 -60.75 8.1
vertex 164 -70 8.1
endloop
endfacet
facet normal -1 0 0
outer loop
vertex 164 -60.75 9.7
vertex 164 -70 8.1
vertex 164 -70 9.7
endloop
endfacet
facet normal -1 0 0
outer loop
vertex 164 -41.75 9.7
vertex 164 -40.125 9.7
vertex 164 -37.75 9.7
endloop
endfacet
facet normal -1 0 0
outer loop
vertex 164 -41.75 9.7
vertex 164 -37.75 9.7
vertex 164 -37.719615506024425 9.7
endloop
endfacet
facet normal -1 0 0
outer loop
vertex 164 -41.75 9.7
vertex 164 -37.719615506024425 9.7
vertex 164 -37.62938524157179 9.7
endloop
endfacet
facet normal -1 0 0
outer loop
vertex 164 -41.75 9.7
vertex 164 -37.62938524157179 9.7
vertex 164 -37.48205080756892 9.7
endloop
endfacet
facet normal -1 0 0
outer loop
vertex 164 -41.75 9.7
vertex 164 -37.48205080756892 9.7
vertex 164 -37.28208888623797 9.7
endloop
endfacet
facet normal -1 0 0
outer loop
vertex 164 -41.75 9.7
vertex 164 -37.28208888623797 9.7
vertex 164 -37.03557521937296 9.7
endloop
endfacet
facet normal -1 0 0
outer loop
vertex 164 -41.75 9.7
vertex 164 -37.03557521937296 9.7
vertex 164 -37 9.7
endloop
endfacet
facet normal -1 0 0
outer loop
vertex 164 -41.75 9.7
vertex 164 -37 9.7
vertex 164 -37 8.1
endloop
endfacet
facet normal -1 0 0
outer loop
vertex 164 -41.75 9.7
vertex 164 -37 8.1
vertex 164 -37.03557521937304 8.1
endloop
endfacet
facet normal -1 0 0
outer loop
vertex 164 -41.75 9.7
vertex 164 -37.03557521937304 8.1
vertex 164 -37.28208888623794 8.1
endloop
endfacet
facet normal -1 0 0
outer loop
vertex 164 -41.75 9.7
vertex 164 -37.28208888623794 8.1
vertex 164 -37.482050807568875 8.1
endloop
endfacet
facet normal -1 0 0
outer loop
vertex 164 -41.75 9.7
vertex 164 -37.482050807568875 8.1
vertex 164 -37.62938524157183 8.1
endloop
endfacet
facet normal -1 0 0
outer loop
vertex 164 -41.75 9.7
vertex 164 -37.62938524157183 8.1
vertex 164 -37.719615506024425 8.1
endloop
endfacet
facet normal -1 0 0
outer loop
vertex 164 -41.75 9.7
vertex 164 -37.719615506024425 8.1
vertex 164 -37.75 8.1
endloop
endfacet
facet normal -1 0 0
outer loop
vertex 164 -41.75 9.7
vertex 164 -37.75 8.1
vertex 164 -40.125 8.1
endloop
endfacet
facet normal -1 0 0
outer loop
vertex 164 -41.75 9.7
vertex 164 -40.125 8.1
vertex 164 -41.75 8.1
endloop
endfacet
facet normal -1 0 0
outer loop
vertex 164 -41.75 9.7
vertex 164 -41.75 8.1
vertex 164 -51 8.1
endloop
endfacet
facet normal -1 0 0
outer loop
vertex 164 -41.75 9.7
vertex 164 -51 8.1
vertex 164 -51 9.7
endloop
endfacet
facet normal 1 0 0
outer loop
vertex 150 -98.75 8.1
vertex 150 -94 8.1
vertex 150 -94 9.7
endloop
endfacet
facet normal 1 0 0
outer loop
vertex 150 -98.75 8.1
vertex 150 -94 9.7
vertex 150 -98.75 9.7
endloop
endfacet
facet normal 1 0 0
outer loop
vertex 150 -98.75 8.1
vertex 150 -98.75 9.7
vertex 150 -108 9.7
endloop
endfacet
facet normal 1 0 0
outer loop
vertex 150 -98.75 8.1
vertex 150 -108 9.7
vertex 150 -108 8.1
endloop
endfacet
facet normal 1 0 0
outer loop
vertex 150 -79.75 8.1
vertex 150 -75 8.1
vertex 150 -75 9.7
endloop
endfacet
facet normal 1 0 0
outer loop
vertex 150 -79.75 8.1
vertex 150 -75 9.7
vertex 150 -79.75 9.7
endloop
endfacet
facet normal 1 0 0
outer loop
vertex 150 -79.75 8.1
vertex 150 -79.75 9.7
vertex 150 -89 9.7
endloop
endfacet
facet normal 1 0 0
outer loop
vertex 150 -79.75 8.1
vertex 150 -89 9.7
vertex 150 -89 8.1
endloop
endfacet
facet normal 1 0 0
outer loop
vertex 150 -60.75 8.1
vertex 150 -59.75 8.1
vertex 150 -59.721177920604845 8.1
endloop
endfacet
facet normal 1 0 0
outer loop
vertex 150 -60.75 8.1
vertex 150 -59.721177920604845 8.1
vertex 150 -59.63581929876692 8.1
endloop
endfacet
facet normal 1 0 0
outer loop
vertex 150 -60.75 8.1
vertex 150 -59.63581929876692 8.1
vertex 150 -59.49720441845382 8.1
endloop
endfacet
facet normal 1 0 0
outer loop
vertex 150 -60.75 8.1
vertex 150 -59.49720441845382 8.1
vertex 150 -59.3106601717798 8.1
endloop
endfacet
facet normal 1 0 0
outer loop
vertex 150 -60.75 8.1
vertex 150 -59.3106601717798 8.1
vertex 150 -59.083355349529285 8.1
endloop
endfacet
facet normal 1 0 0
outer loop
vertex 150 -60.75 8.1
vertex 150 -59.083355349529285 8.1
vertex 150 -58.82402514854786 8.1
endloop
endfacet
facet normal 1 0 0
outer loop
vertex 150 -60.75 8.1
vertex 150 -58.82402514854786 8.1
vertex 150 -58.5426354830241 8.1
endloop
endfacet
facet normal 1 0 0
outer loop
vertex 150 -60.75 8.1
vertex 150 -58.5426354830241 8.1
vertex 150 -58.249999999999915 8.1
endloop
endfacet
facet normal 1 0 0
outer loop
vertex 150 -60.75 8.1
vertex 150 -58.249999999999915 8.1
vertex 150 -57.957364516975765 8.1
endloop
endfacet
facet normal 1 0 0
outer loop
vertex 150 -60.75 8.1
vertex 150 -57.957364516975765 8.1
vertex 150 -57.67597485145239 8.1
endloop
endfacet
facet normal 1 0 0
outer loop
vertex 150 -60.75 8.1
vertex 150 -57.67597485145239 8.1
vertex 150 -57.41664465047068 8.1
endloop
endfacet
facet normal 1 0 0
outer loop
vertex 150 -60.75 8.1
vertex 150 -57.41664465047068 8.1
vertex 150 -57.18933982822017 8.1
endloop
endfacet
facet normal 1 0 0
outer loop
vertex 150 -60.75 8.1
vertex 150 -57.18933982822017 8.1
vertex 150 -57.00279558154617 8.1
endloop
endfacet
facet normal 1 0 0
outer loop
vertex 150 -60.75 8.1
vertex 150 -57.00279558154617 8.1
vertex 150 -56.86418070123306 8.1
endloop
endfacet
facet normal 1 0 0
outer loop
vertex 150 -60.75 8.1
vertex 150 -56.86418070123306 8.1
vertex 150 -56.778822079395134 8.1
endloop
endfacet
facet normal 1 0 0
outer loop
vertex 150 -60.75 8.1
vertex 150 -56.778822079395134 8.1
vertex 150 -56.749999999999986 8.1
endloop
endfacet
facet normal 1 0 0
outer loop
vertex 150 -60.75 8.1
vertex 150 -56.749999999999986 8.1
vertex 150 -56 8.1
endloop
endfacet
facet normal 1 0 0
outer loop
vertex 150 -60.75 8.1
vertex 150 -56 8.1
vertex 150 -56 9.7
endloop
endfacet
facet normal 1 0 0
outer loop
vertex 150 -60.75 8.1
vertex 150 -56 9.7
vertex 150 -56.75 9.7
endloop
endfacet
facet normal 1 0 0
outer loop
vertex 150 -60.75 8.1
vertex 150 -56.75 9.7
vertex 150 -56.77882207939515 9.7
endloop
endfacet
facet normal 1 0 0
outer loop
vertex 150 -60.75 8.1
vertex 150 -56.77882207939515 9.7
vertex 150 -56.86418070123307 9.7
endloop
endfacet
facet normal 1 0 0
outer loop
vertex 150 -60.75 8.1
vertex 150 -56.86418070123307 9.7
vertex 150 -57.0027955815462 9.7
endloop
endfacet
facet normal 1 0 0
outer loop
vertex 150 -60.75 8.1
vertex 150 -57.0027955815462 9.7
vertex 150 -57.189339828220184 9.7
endloop
endfacet
facet normal 1 0 0
outer loop
vertex 150 -60.75 8.1
vertex 150 -57.189339828220184 9.7
vertex 150 -57.416644650470694 9.7
endloop
endfacet
facet normal 1 0 0
outer loop
vertex 150 -60.75 8.1
vertex 150 -57.416644650470694 9.7
vertex 150 -57.67597485145237 9.7
endloop
endfacet
facet normal 1 0 0
outer loop
vertex 150 -60.75 8.1
vertex 150 -57.67597485145237 9.7
vertex 150 -57.95736451697584 9.7
endloop
endfacet
facet normal 1 0 0
outer loop
vertex 150 -60.75 8.1
vertex 150 -57.95736451697584 9.7
vertex 150 -58.25 9.7
endloop
endfacet
facet normal 1 0 0
outer loop
vertex 150 -60.75 8.1
vertex 150 -58.25 9.7
vertex 150 -58.54263548302417 9.7
endloop
endfacet
facet normal 1 0 0
outer loop
vertex 150 -60.75 8.1
vertex 150 -58.54263548302417 9.7
vertex 150 -58.82402514854772 9.7
endloop
endfacet
facet normal 1 0 0
outer loop
vertex 150 -60.75 8.1
vertex 150 -58.82402514854772 9.7
vertex 150 -59.08335534952929 9.7
endloop
endfacet
facet normal 1 0 0
outer loop
vertex 150 -60.75 8.1
vertex 150 -59.08335534952929 9.7
vertex 150 -59.3106601717799 9.7
endloop
endfacet
facet normal 1 0 0
outer loop
vertex 150 -60.75 8.1
vertex 150 -59.3106601717799 9.7
vertex 150 -59.4972044184538 9.7
endloop
endfacet
facet normal 1 0 0
outer loop
vertex 150 -60.75 8.1
vertex 150 -59.4972044184538 9.7
vertex 150 -59.63581929876692 9.7
endloop
endfacet
facet normal 1 0 0
outer loop
vertex 150 -60.75 8.1
vertex 150 -59.63581929876692 9.7
vertex 150 -59.72117792060485 9.7
endloop
endfacet
facet normal 1 0 0
outer loop
vertex 150 -60.75 8.1
vertex 150 -59.72117792060485 9.7
vertex 150 -59.75 9.7
endloop
endfacet
facet normal 1 0 0
outer loop
vertex 150 -60.75 8.1
vertex 150 -59.75 9.7
vertex 150 -60.75 9.7
endloop
endfacet
facet normal 1 0 0
outer loop
vertex 150 -60.75 8.1
vertex 150 -60.75 9.7
vertex 150 -70 9.7
endloop
endfacet
facet normal 1 0 0
outer loop
vertex 150 -60.75 8.1
vertex 150 -70 9.7
vertex 150 -70 8.1
endloop
endfacet
facet normal 1 0 0
outer loop
vertex 150 -41.75 8.1
vertex 150 -37.75 8.1
vertex 150 -37.719615506024425 8.1
endloop
endfacet
facet normal 1 0 0
outer loop
vertex 150 -41.75 8.1
vertex 150 -37.719615506024425 8.1
vertex 150 -37.62938524157183 8.1
endloop
endfacet
facet normal 1 0 0
outer loop
vertex 150 -41.75 8.1
vertex 150 -37.62938524157183 8.1
vertex 150 -37.482050807568875 8.1
endloop
endfacet
facet normal 1 0 0
outer loop
vertex 150 -41.75 8.1
vertex 150 -37.482050807568875 8.1
vertex 150 -37.28208888623794 8.1
endloop
endfacet
facet normal 1 0 0
outer loop
vertex 150 -41.75 8.1
vertex 150 -37.28208888623794 8.1
vertex 150 -37.03557521937304 8.1
endloop
endfacet
facet normal 1 0 0
outer loop
vertex 150 -41.75 8.1
vertex 150 -37.03557521937304 8.1
vertex 150 -37 8.1
endloop
endfacet
facet normal 1 0 0
outer loop
vertex 150 -41.75 8.1
vertex 150 -37 8.1
vertex 150 -37 9.7
endloop
endfacet
facet normal 1 0 0
outer loop
vertex 150 -41.75 8.1
vertex 150 -37 9.7
vertex 150 -37.03557521937296 9.7
endloop
endfacet
facet normal 1 0 0
outer loop
vertex 150 -41.75 8.1
vertex 150 -37.03557521937296 9.7
vertex 150 -37.28208888623797 9.7
endloop
endfacet
facet normal 1 0 0
outer loop
vertex 150 -41.75 8.1
vertex 150 -37.28208888623797 9.7
vertex 150 -37.48205080756892 9.7
endloop
endfacet
facet normal 1 0 0
outer loop
vertex 150 -41.75 8.1
vertex 150 -37.48205080756892 9.7
vertex 150 -37.62938524157179 9.7
endloop
endfacet
facet normal 1 0 0
outer loop
vertex 150 -41.75 8.1
vertex 150 -37.62938524157179 9.7
vertex 150 -37.719615506024425 9.7
endloop
endfacet
facet normal 1 0 0
outer loop
vertex 150 -41.75 8.1
vertex 150 -37.719615506024425 9.7
vertex 150 -37.75 9.7
endloop
endfacet
facet normal 1 0 0
outer loop
vertex 150 -41.75 8.1
vertex 150 -37.75 9.7
vertex 150 -41.75 9.7
endloop
endfacet
facet normal 1 0 0
outer loop
vertex 150 -41.75 8.1
vertex 150 -41.75 9.7
vertex 150 -51 9.7
endloop
endfacet
facet normal 1 0 0
outer loop
vertex 150 -41.75 8.1
vertex 150 -51 9.7
vertex 150 -51 8.1
endloop
endfacet
facet normal 0 1 0
outer loop
vertex 164 -51 9.7
vertex 164 -51 8.1
vertex 150 -51 8.1
endloop
endfacet
facet normal 0 1 0
outer loop
vertex 164 -51 9.7
vertex 150 -51 8.1
vertex 150 -51 9.7
endloop
endfacet
facet normal 0 -1 0
outer loop
vertex 164 -37 8.1
vertex 164 -37 9.7
vertex 150 -37 9.7
endloop
endfacet
facet normal 0 -1 0
outer loop
vertex 164 -37 8.1
vertex 150 -37 9.7
vertex 150 -37 8.1
endloop
endfacet
facet normal -1 0 0
outer loop
vertex 183 -101.125 9.7
vertex 183 -98.75 9.7
vertex 183 -98.75 8.1
endloop
endfacet
facet normal -1 0 0
outer loop
vertex 183 -101.125 9.7
vertex 183 -98.75 8.1
vertex 183 -101.125 8.1
endloop
endfacet
facet normal -1 0 0
outer loop
vertex 183 -101.125 9.7
vertex 183 -101.125 8.1
vertex 183 -112.75 8.1
endloop
endfacet
facet normal -1 0 0
outer loop
vertex 183 -101.125 9.7
vertex 183 -112.75 8.1
vertex 183 -112.75 9.7
endloop
endfacet
facet normal -1 0 0
outer loop
vertex 183 -82.125 9.7
vertex 183 -79.75 9.7
vertex 183 -79.75 8.1
endloop
endfacet
facet normal -1 0 0
outer loop
vertex 183 -82.125 9.7
vertex 183 -79.75 8.1
vertex 183 -82.125 8.1
endloop
endfacet
facet normal -1 0 0
outer loop
vertex 183 -82.125 9.7
vertex 183 -82.125 8.1
vertex 183 -93.75 8.1
endloop
endfacet
facet normal -1 0 0
outer loop
vertex 183 -82.125 9.7
vertex 183 -93.75 8.1
vertex 183 -93.75 9.7
endloop
endfacet
facet normal -1 0 0
outer loop
vertex 183 -63.125 9.7
vertex 183 -61.125 9.7
vertex 183 -61.096177920604845 9.7
endloop
endfacet
facet normal -1 0 0
outer loop
vertex 183 -63.125 9.7
vertex 183 -61.096177920604845 9.7
vertex 183 -61.01081929876692 9.7
endloop
endfacet
facet normal -1 0 0
outer loop
vertex 183 -63.125 9.7
vertex 183 -61.01081929876692 9.7
vertex 183 -60.872204418453805 9.7
endloop
endfacet
facet normal -1 0 0
outer loop
vertex 183 -63.125 9.7
vertex 183 -60.872204418453805 9.7
vertex 183 -60.75 9.7
endloop
endfacet
facet normal -1 0 0
outer loop
vertex 183 -63.125 9.7
vertex 183 -60.75 9.7
vertex 183 -60.75 8.1
endloop
endfacet
facet normal -1 0 0
outer loop
vertex 183 -63.125 9.7
vertex 183 -60.75 8.1
vertex 183 -60.872204418453826 8.1
endloop
endfacet
facet normal -1 0 0
outer loop
vertex 183 -63.125 9.7
vertex 183 -60.872204418453826 8.1
vertex 183 -61.01081929876691 8.1
endloop
endfacet
facet normal -1 0 0
outer loop
vertex 183 -63.125 9.7
vertex 183 -61.01081929876691 8.1
vertex 183 -61.09617792060485 8.1
endloop
endfacet
facet normal -1 0 0
outer loop
vertex 183 -63.125 9.7
vertex 183 -61.09617792060485 8.1
vertex 183 -61.125 8.1
endloop
endfacet
facet normal -1 0 0
outer loop
vertex 183 -63.125 9.7
vertex 183 -61.125 8.1
vertex 183 -63.125 8.1
endloop
endfacet
facet normal -1 0 0
outer loop
vertex 183 -63.125 9.7
vertex 183 -63.125 8.1
vertex 183 -74.75 8.1
endloop
endfacet
facet normal -1 0 0
outer loop
vertex 183 -63.125 9.7
vertex 183 -74.75 8.1
vertex 183 -74.75 9.7
endloop
endfacet
facet normal -1 0 0
outer loop
vertex 183 -44.125 9.7
vertex 183 -41.75 9.7
vertex 183 -41.75 8.1
endloop
endfacet
facet normal -1 0 0
outer loop
vertex 183 -44.125 9.7
vertex 183 -41.75 8.1
vertex 183 -44.125 8.1
endloop
endfacet
facet normal -1 0 0
outer loop
vertex 183 -44.125 9.7
vertex 183 -44.125 8.1
vertex 183 -55.75 8.1
endloop
endfacet
facet normal -1 0 0
outer loop
vertex 183 -44.125 9.7
vertex 183 -55.75 8.1
vertex 183 -55.75 9.7
endloop
endfacet
facet normal 1 0 0
outer loop
vertex 169 -112.7144247806269 8.1
vertex 169 -112.46791111376209 8.1
vertex 169 -112.26794919243102 8.1
endloop
endfacet
facet normal 1 0 0
outer loop
vertex 169 -112.7144247806269 8.1
vertex 169 -112.26794919243102 8.1
vertex 169 -112.12061475842819 8.1
endloop
endfacet
facet normal 1 0 0
outer loop
vertex 169 -112.7144247806269 8.1
vertex 169 -112.12061475842819 8.1
vertex 169 -112.0303844939756 8.1
endloop
endfacet
facet normal 1 0 0
outer loop
vertex 169 -112.7144247806269 8.1
vertex 169 -112.0303844939756 8.1
vertex 169 -112 8.1
endloop
endfacet
facet normal 1 0 0
outer loop
vertex 169 -112.7144247806269 8.1
vertex 169 -112 8.1
vertex 169 -108 8.1
endloop
endfacet
facet normal 1 0 0
outer loop
vertex 169 -112.7144247806269 8.1
vertex 169 -108 8.1
vertex 169 -98.75 8.1
endloop
endfacet
facet normal 1 0 0
outer loop
vertex 169 -112.7144247806269 8.1
vertex 169 -98.75 8.1
vertex 169 -98.75 9.7
endloop
endfacet
facet normal 1 0 0
outer loop
vertex 169 -112.7144247806269 8.1
vertex 169 -98.75 9.7
vertex 169 -108 9.7
endloop
endfacet
facet normal 1 0 0
outer loop
vertex 169 -112.7144247806269 8.1
vertex 169 -108 9.7
vertex 169 -112 9.7
endloop
endfacet
facet normal 1 0 0
outer loop
vertex 169 -112.7144247806269 8.1
vertex 169 -112 9.7
vertex 169 -112.0303844939756 9.7
endloop
endfacet
facet normal 1 0 0
outer loop
vertex 169 -112.7144247806269 8.1
vertex 169 -112.0303844939756 9.7
vertex 169 -112.12061475842822 9.7
endloop
endfacet
facet normal 1 0 0
outer loop
vertex 169 -112.7144247806269 8.1
vertex 169 -112.12061475842822 9.7
vertex 169 -112.26794919243106 9.7
endloop
endfacet
facet normal 1 0 0
outer loop
vertex 169 -112.7144247806269 8.1
vertex 169 -112.26794919243106 9.7
vertex 169 -112.46791111376207 9.7
endloop
endfacet
facet normal 1 0 0
outer loop
vertex 169 -112.7144247806269 8.1
vertex 169 -112.46791111376207 9.7
vertex 169 -112.71442478062687 9.7
endloop
endfacet
facet normal 1 0 0
outer loop
vertex 169 -112.7144247806269 8.1
vertex 169 -112.71442478062687 9.7
vertex 169 -112.75 9.7
endloop
endfacet
facet normal 1 0 0
outer loop
vertex 169 -112.7144247806269 8.1
vertex 169 -112.75 9.7
vertex 169 -112.75 8.1
endloop
endfacet
facet normal 1 0 0
outer loop
vertex 169 -89 8.1
vertex 169 -79.75 8.1
vertex 169 -79.75 9.7
endloop
endfacet
facet normal 1 0 0
outer loop
vertex 169 -89 8.1
vertex 169 -79.75 9.7
vertex 169 -89 9.7
endloop
endfacet
facet normal 1 0 0
outer loop
vertex 169 -89 8.1
vertex 169 -89 9.7
vertex 169 -93.75 9.7
endloop
endfacet
facet normal 1 0 0
outer loop
vertex 169 -89 8.1
vertex 169 -93.75 9.7
vertex 169 -93.75 8.1
endloop
endfacet
facet normal 1 0 0
outer loop
vertex 169 -70 8.1
vertex 169 -60.75 8.1
vertex 169 -60.75 9.7
endloop
endfacet
facet normal 1 0 0
outer loop
vertex 169 -70 8.1
vertex 169 -60.75 9.7
vertex 169 -70 9.7
endloop
endfacet
facet normal 1 0 0
outer loop
vertex 169 -70 8.1
vertex 169 -70 9.7
vertex 169 -74.75 9.7
endloop
endfacet
facet normal 1 0 0
outer loop
vertex 169 -70 8.1
vertex 169 -74.75 9.7
vertex 169 -74.75 8.1
endloop
endfacet
facet normal 1 0 0
outer loop
vertex 169 -51 8.1
vertex 169 -41.75 8.1
vertex 169 -41.75 9.7
endloop
endfacet
facet normal 1 0 0
outer loop
vertex 169 -51 8.1
vertex 169 -41.75 9.7
vertex 169 -51 9.7
endloop
endfacet
facet normal 1 0 0
outer loop
vertex 169 -51 8.1
vertex 169 -51 9.7
vertex 169 -55.75 9.7
endloop
endfacet
facet normal 1 0 0
outer loop
vertex 169 -51 8.1
vertex 169 -55.75 9.7
vertex 169 -55.75 8.1
endloop
endfacet
facet normal 0 1 0
outer loop
vertex 202 -115.125 9.7
vertex 202 -115.125 8.1
vertex 188 -115.125 8.1
endloop
endfacet
facet normal 0 1 0
outer loop
vertex 202 -115.125 9.7
vertex 188 -115.125 8.1
vertex 188 -115.125 9.7
endloop
endfacet
facet normal -1 0 0
outer loop
vertex 202 -101.125 9.7
vertex 202 -101.125 8.1
vertex 202 -115.125 8.1
endloop
endfacet
facet normal -1 0 0
outer loop
vertex 202 -101.125 9.7
vertex 202 -115.125 8.1
vertex 202 -115.125 9.7
endloop
endfacet
facet normal -1 0 0
outer loop
vertex 202 -94.70000000000026 9.7
vertex 202 -94.67117792060229 9.7
vertex 202 -94.58581929876937 9.7
endloop
endfacet
facet normal -1 0 0
outer loop
vertex 202 -94.70000000000026 9.7
vertex 202 -94.58581929876937 9.7
vertex 202 -94.44720441845746 9.7
endloop
endfacet
facet normal -1 0 0
outer loop
vertex 202 -94.70000000000026 9.7
vertex 202 -94.44720441845746 9.7
vertex 202 -94.26066017178339 9.7
endloop
endfacet
facet normal -1 0 0
outer loop
vertex 202 -94.70000000000026 9.7
vertex 202 -94.26066017178339 9.7
vertex 202 -94.03335534953466 9.7
endloop
endfacet
facet normal -1 0 0
outer loop
vertex 202 -94.70000000000026 9.7
vertex 202 -94.03335534953466 9.7
vertex 202 -93.77402514851146 9.7
endloop
endfacet
facet normal -1 0 0
outer loop
vertex 202 -94.70000000000026 9.7
vertex 202 -93.77402514851146 9.7
vertex 202 -93.49263548303978 9.7
endloop
endfacet
facet normal -1 0 0
outer loop
vertex 202 -94.70000000000026 9.7
vertex 202 -93.49263548303978 9.7
vertex 202 -93.19999999998893 9.7
endloop
endfacet
facet normal -1 0 0
outer loop
vertex 202 -94.70000000000026 9.7
vertex 202 -93.19999999998893 9.7
vertex 202 -92.90736451699254 9.7
endloop
endfacet
facet normal -1 0 0
outer loop
vertex 202 -94.70000000000026 9.7
vertex 202 -92.90736451699254 9.7
vertex 202 -92.62597485144656 9.7
endloop
endfacet
facet normal -1 0 0
outer loop
vertex 202 -94.70000000000026 9.7
vertex 202 -92.62597485144656 9.7
vertex 202 -92.36664465045926 9.7
endloop
endfacet
facet normal -1 0 0
outer loop
vertex 202 -94.70000000000026 9.7
vertex 202 -92.36664465045926 9.7
vertex 202 -92.13933982826124 9.7
endloop
endfacet
facet normal -1 0 0
outer loop
vertex 202 -94.70000000000026 9.7
vertex 202 -92.13933982826124 9.7
vertex 202 -91.95279558153251 9.7
endloop
endfacet
facet normal -1 0 0
outer loop
vertex 202 -94.70000000000026 9.7
vertex 202 -91.95279558153251 9.7
vertex 202 -91.8141807012313 9.7
endloop
endfacet
facet normal -1 0 0
outer loop
vertex 202 -94.70000000000026 9.7
vertex 202 -91.8141807012313 9.7
vertex 202 -91.7288220793926 9.7
endloop
endfacet
facet normal -1 0 0
outer loop
vertex 202 -94.70000000000026 9.7
vertex 202 -91.7288220793926 9.7
vertex 202 -91.69999999999993 9.7
endloop
endfacet
facet normal -1 0 0
outer loop
vertex 202 -94.70000000000026 9.7
vertex 202 -91.69999999999993 9.7
vertex 202 -82.125 9.7
endloop
endfacet
facet normal -1 0 0
outer loop
vertex 202 -94.70000000000026 9.7
vertex 202 -82.125 9.7
vertex 202 -82.125 8.1
endloop
endfacet
facet normal -1 0 0
outer loop
vertex 202 -94.70000000000026 9.7
vertex 202 -82.125 8.1
vertex 202 -91.69999999999992 8.1
endloop
endfacet
facet normal -1 0 0
outer loop
vertex 202 -94.70000000000026 9.7
vertex 202 -91.69999999999992 8.1
vertex 202 -91.7288220793926 8.1
endloop
endfacet
facet normal -1 0 0
outer loop
vertex 202 -94.70000000000026 9.7
vertex 202 -91.7288220793926 8.1
vertex 202 -91.81418070123128 8.1
endloop
endfacet
facet normal -1 0 0
outer loop
vertex 202 -94.70000000000026 9.7
vertex 202 -91.81418070123128 8.1
vertex 202 -91.95279558153248 8.1
endloop
endfacet
facet normal -1 0 0
outer loop
vertex 202 -94.70000000000026 9.7
vertex 202 -91.95279558153248 8.1
vertex 202 -92.13933982826137 8.1
endloop
endfacet
facet normal -1 0 0
outer loop
vertex 202 -94.70000000000026 9.7
vertex 202 -92.13933982826137 8.1
vertex 202 -92.36664465045914 8.1
endloop
endfacet
facet normal -1 0 0
outer loop
vertex 202 -94.70000000000026 9.7
vertex 202 -92.36664465045914 8.1
vertex 202 -92.62597485144667 8.1
endloop
endfacet
facet normal -1 0 0
outer loop
vertex 202 -94.70000000000026 9.7
vertex 202 -92.62597485144667 8.1
vertex 202 -92.90736451699274 8.1
endloop
endfacet
facet normal -1 0 0
outer loop
vertex 202 -94.70000000000026 9.7
vertex 202 -92.90736451699274 8.1
vertex 202 -93.19999999998872 8.1
endloop
endfacet
facet normal -1 0 0
outer loop
vertex 202 -94.70000000000026 9.7
vertex 202 -93.19999999998872 8.1
vertex 202 -93.49263548303978 8.1
endloop
endfacet
facet normal -1 0 0
outer loop
vertex 202 -94.70000000000026 9.7
vertex 202 -93.49263548303978 8.1
vertex 202 -93.77402514851137 8.1
endloop
endfacet
facet normal -1 0 0
outer loop
vertex 202 -94.70000000000026 9.7
vertex 202 -93.77402514851137 8.1
vertex 202 -94.03335534953466 8.1
endloop
endfacet
facet normal -1 0 0
outer loop
vertex 202 -94.70000000000026 9.7
vertex 202 -94.03335534953466 8.1
vertex 202 -94.26066017178331 8.1
endloop
endfacet
facet normal -1 0 0
outer loop
vertex 202 -94.70000000000026 9.7
vertex 202 -94.26066017178331 8.1
vertex 202 -94.44720441845747 8.1
endloop
endfacet
facet normal -1 0 0
outer loop
vertex 202 -94.70000000000026 9.7
vertex 202 -94.44720441845747 8.1
vertex 202 -94.58581929876938 8.1
endloop
endfacet
facet normal -1 0 0
outer loop
vertex 202 -94.70000000000026 9.7
vertex 202 -94.58581929876938 8.1
vertex 202 -94.6711779206023 8.1
endloop
endfacet
facet normal -1 0 0
outer loop
vertex 202 -94.70000000000026 9.7
vertex 202 -94.6711779206023 8.1
vertex 202 -94.70000000000026 8.1
endloop
endfacet
facet normal -1 0 0
outer loop
vertex 202 -94.70000000000026 9.7
vertex 202 -94.70000000000026 8.1
vertex 202 -96.125 8.1
endloop
endfacet
facet normal -1 0 0
outer loop
vertex 202 -94.70000000000026 9.7
vertex 202 -96.125 8.1
vertex 202 -96.125 9.7
endloop
endfacet
facet normal -1 0 0
outer loop
vertex 202 -63.125 9.7
vertex 202 -63.125 8.1
vertex 202 -77.125 8.1
endloop
endfacet
facet normal -1 0 0
outer loop
vertex 202 -63.125 9.7
vertex 202 -77.125 8.1
vertex 202 -77.125 9.7
endloop
endfacet
facet normal -1 0 0
outer loop
vertex 202 -44.125 9.7
vertex 202 -44.125 8.1
vertex 202 -58.125 8.1
endloop
endfacet
facet normal -1 0 0
outer loop
vertex 202 -44.125 9.7
vertex 202 -58.125 8.1
vertex 202 -58.125 9.7
endloop
endfacet
facet normal 0 -1 0
outer loop
vertex 202 -101.125 8.1
vertex 202 -101.125 9.7
vertex 188 -101.125 9.7
endloop
endfacet
facet normal 0 -1 0
outer loop
vertex 202 -101.125 8.1
vertex 188 -101.125 9.7
vertex 188 -101.125 8.1
endloop
endfacet
facet normal 1 0 0
outer loop
vertex 188 -113.99999999999967 8.1
vertex 188 -113.6527036446661 8.1
vertex 188 -113.31595971334882 8.1
endloop
endfacet
facet normal 1 0 0
outer loop
vertex 188 -113.99999999999967 8.1
vertex 188 -113.31595971334882 8.1
vertex 188 -112.99999999999991 8.1
endloop
endfacet
facet normal 1 0 0
outer loop
vertex 188 -113.99999999999967 8.1
vertex 188 -112.99999999999991 8.1
vertex 188 -112.75 8.1
endloop
endfacet
facet normal 1 0 0
outer loop
vertex 188 -113.99999999999967 8.1
vertex 188 -112.75 8.1
vertex 188 -101.125 8.1
endloop
endfacet
facet normal 1 0 0
outer loop
vertex 188 -113.99999999999967 8.1
vertex 188 -101.125 8.1
vertex 188 -101.125 9.7
endloop
endfacet
facet normal 1 0 0
outer loop
vertex 188 -113.99999999999967 8.1
vertex 188 -101.125 9.7
vertex 188 -112.75 9.7
endloop
endfacet
facet normal 1 0 0
outer loop
vertex 188 -113.99999999999967 8.1
vertex 188 -112.75 9.7
vertex 188 -113.00000000000009 9.7
endloop
endfacet
facet normal 1 0 0
outer loop
vertex 188 -113.99999999999967 8.1
vertex 188 -113.00000000000009 9.7
vertex 188 -113.31595971334872 9.7
endloop
endfacet
facet normal 1 0 0
outer loop
vertex 188 -113.99999999999967 8.1
vertex 188 -113.31595971334872 9.7
vertex 188 -113.65270364466603 9.7
endloop
endfacet
facet normal 1 0 0
outer loop
vertex 188 -113.99999999999967 8.1
vertex 188 -113.65270364466603 9.7
vertex 188 -113.9999999999999 9.7
endloop
endfacet
facet normal 1 0 0
outer loop
vertex 188 -113.99999999999967 8.1
vertex 188 -113.9999999999999 9.7
vertex 188 -115.125 9.7
endloop
endfacet
facet normal 1 0 0
outer loop
vertex 188 -113.99999999999967 8.1
vertex 188 -115.125 9.7
vertex 188 -115.125 8.1
endloop
endfacet
facet normal 1 0 0
outer loop
vertex 188 -94 8.1
vertex 188 -93.75 8.1
vertex 188 -82.125 8.1
endloop
endfacet
facet normal 1 0 0
outer loop
vertex 188 -94 8.1
vertex 188 -82.125 8.1
vertex 188 -82.125 9.7
endloop
endfacet
facet normal 1 0 0
outer loop
vertex 188 -94 8.1
vertex 188 -82.125 9.7
vertex 188 -93.75 9.7
endloop
endfacet
facet normal 1 0 0
outer loop
vertex 188 -94 8.1
vertex 188 -93.75 9.7
vertex 188 -94 9.7
endloop
endfacet
facet normal 1 0 0
outer loop
vertex 188 -94 8.1
vertex 188 -94 9.7
vertex 188 -96.125 9.7
endloop
endfacet
facet normal 1 0 0
outer loop
vertex 188 -94 8.1
vertex 188 -96.125 9.7
vertex 188 -96.125 8.1
endloop
endfacet
facet normal 1 0 0
outer loop
vertex 188 -75 8.1
vertex 188 -74.75 8.1
vertex 188 -63.125 8.1
endloop
endfacet
facet normal 1 0 0
outer loop
vertex 188 -75 8.1
vertex 188 -63.125 8.1
vertex 188 -63.125 9.7
endloop
endfacet
facet normal 1 0 0
outer loop
vertex 188 -75 8.1
vertex 188 -63.125 9.7
vertex 188 -74.75 9.7
endloop
endfacet
facet normal 1 0 0
outer loop
vertex 188 -75 8.1
vertex 188 -74.75 9.7
vertex 188 -75 9.7
endloop
endfacet
facet normal 1 0 0
outer loop
vertex 188 -75 8.1
vertex 188 -75 9.7
vertex 188 -77.125 9.7
endloop
endfacet
facet normal 1 0 0
outer loop
vertex 188 -75 8.1
vertex 188 -77.125 9.7
vertex 188 -77.125 8.1
endloop
endfacet
facet normal 1 0 0
outer loop
vertex 188 -56 8.1
vertex 188 -55.75 8.1
vertex 188 -44.125 8.1
endloop
endfacet
facet normal 1 0 0
outer loop
vertex 188 -56 8.1
vertex 188 -44.125 8.1
vertex 188 -44.125 9.7
endloop
endfacet
facet normal 1 0 0
outer loop
vertex 188 -56 8.1
vertex 188 -44.125 9.7
vertex 188 -55.75 9.7
endloop
endfacet
facet normal 1 0 0
outer loop
vertex 188 -56 8.1
vertex 188 -55.75 9.7
vertex 188 -56 9.7
endloop
endfacet
facet normal 1 0 0
outer loop
vertex 188 -56 8.1
vertex 188 -56 9.7
vertex 188 -58.125 9.7
endloop
endfacet
facet normal 1 0 0
outer loop
vertex 188 -56 8.1
vertex 188 -58.125 9.7
vertex 188 -58.125 8.1
endloop
endfacet
facet normal 0 1 0
outer loop
vertex 202 -96.125 9.7
vertex 202 -96.125 8.1
vertex 188 -96.125 8.1
endloop
endfacet
facet normal 0 1 0
outer loop
vertex 202 -96.125 9.7
vertex 188 -96.125 8.1
vertex 188 -96.125 9.7
endloop
endfacet
facet normal 0 -1 0
outer loop
vertex 202 -82.125 8.1
vertex 202 -82.125 9.7
vertex 188 -82.125 9.7
endloop
endfacet
facet normal 0 -1 0
outer loop
vertex 202 -82.125 8.1
vertex 188 -82.125 9.7
vertex 188 -82.125 8.1
endloop
endfacet
facet normal 0 1 0
outer loop
vertex 202 -77.125 9.7
vertex 202 -77.125 8.1
vertex 188 -77.125 8.1
endloop
endfacet
facet normal 0 1 0
outer loop
vertex 202 -77.125 9.7
vertex 188 -77.125 8.1
vertex 188 -77.125 9.7
endloop
endfacet
facet normal 0 -1 0
outer loop
vertex 202 -63.125 8.1
vertex 202 -63.125 9.7
vertex 188 -63.125 9.7
endloop
endfacet
facet normal 0 -1 0
outer loop
vertex 202 -63.125 8.1
vertex 188 -63.125 9.7
vertex 188 -63.125 8.1
endloop
endfacet
facet normal 0 1 0
outer loop
vertex 202 -58.125 9.7
vertex 202 -58.125 8.1
vertex 188 -58.125 8.1
endloop
endfacet
facet normal 0 1 0
outer loop
vertex 202 -58.125 9.7
vertex 188 -58.125 8.1
vertex 188 -58.125 9.7
endloop
endfacet
facet normal 0 -1 0
outer loop
vertex 202 -44.125 8.1
vertex 202 -44.125 9.7
vertex 188 -44.125 9.7
endloop
endfacet
facet normal 0 -1 0
outer loop
vertex 202 -44.125 8.1
vertex 188 -44.125 9.7
vertex 188 -44.125 8.1
endloop
endfacet
facet normal 0.17364817905925592 0.9848077527667034 0
outer loop
vertex 175.53909389999995 -134.96831140000003 9.7
vertex 189.32640240000003 -137.39938590000003 9.7
vertex 189.32640239999995 -137.3993859 8.1
endloop
endfacet
facet normal 0.17364817905925592 0.9848077527667034 0
outer loop
vertex 175.53909389999995 -134.96831140000003 9.7
vertex 189.32640239999995 -137.3993859 8.1
vertex 175.53909389999998 -134.9683114 8.1
endloop
endfacet
facet normal 0 0 -1
outer loop
vertex 189.32640240000003 -137.39938590000003 9.7
vertex 191.3682846876481 -125.81929610000002 9.7
vertex 191.7574769 -123.6120774 9.7
endloop
endfacet
facet normal 0 0 -1
outer loop
vertex 189.32640240000003 -137.39938590000003 9.7
vertex 191.7574769 -123.6120774 9.7
vertex 191.75747689999997 -123.6120774 8.1
endloop
endfacet
facet normal 0 0 -1
outer loop
vertex 189.32640240000003 -137.39938590000003 9.7
vertex 191.75747689999997 -123.6120774 8.1
vertex 191.36828468764807 -125.8192961 8.1
endloop
endfacet
facet normal 0 0 -1
outer loop
vertex 189.32640240000003 -137.39938590000003 9.7
vertex 191.36828468764807 -125.8192961 8.1
vertex 189.32640239999995 -137.3993859 8.1
endloop
endfacet
facet normal 0 0 -1
outer loop
vertex 191.7574769 -123.6120774 9.7
vertex 187.56992777434272 -122.87369949999996 9.7
vertex 186.84589130724427 -122.74603233477818 9.7
endloop
endfacet
facet normal 0 0 -1
outer loop
vertex 191.7574769 -123.6120774 9.7
vertex 186.84589130724427 -122.74603233477818 9.7
vertex 185.8851279216396 -122.57662382641868 9.7
endloop
endfacet
facet normal 0 0 -1
outer loop
vertex 191.7574769 -123.6120774 9.7
vertex 185.8851279216396 -122.57662382641868 9.7
vertex 184.71053270334542 -122.36951099630997 9.7
endloop
endfacet
facet normal 0 0 -1
outer loop
vertex 191.7574769 -123.6120774 9.7
vertex 184.71053270334542 -122.36951099630997 9.7
vertex 183.35009463837062 -122.12962905788888 9.7
endloop
endfacet
facet normal 0 0 -1
outer loop
vertex 191.7574769 -123.6120774 9.7
vertex 183.35009463837062 -122.12962905788888 9.7
vertex 181.83623109175 -121.86269406730177 9.7
endloop
endfacet
facet normal 0 0 -1
outer loop
vertex 191.7574769 -123.6120774 9.7
vertex 181.83623109175 -121.86269406730177 9.7
vertex 180.20501534640584 -121.57506671766318 9.7
endloop
endfacet
facet normal 0 0 -1
outer loop
vertex 191.7574769 -123.6120774 9.7
vertex 180.20501534640584 -121.57506671766318 9.7
vertex 178.49531702649048 -121.2736007724978 9.7
endloop
endfacet
facet normal 0 0 -1
outer loop
vertex 191.7574769 -123.6120774 9.7
vertex 178.49531702649048 -121.2736007724978 9.7
vertex 177.97016839999998 -121.18100289999998 9.7
endloop
endfacet
facet normal 0 0 -1
outer loop
vertex 191.7574769 -123.6120774 9.7
vertex 177.97016839999998 -121.18100289999998 9.7
vertex 177.97016839999998 -121.1810029 8.1
endloop
endfacet
facet normal 0 0 -1
outer loop
vertex 191.7574769 -123.6120774 9.7
vertex 177.97016839999998 -121.1810029 8.1
vertex 178.49531702648991 -121.27360077249772 8.1
endloop
endfacet
facet normal 0 0 -1
outer loop
vertex 191.7574769 -123.6120774 9.7
vertex 178.49531702648991 -121.27360077249772 8.1
vertex 180.20501534640607 -121.57506671766323 8.1
endloop
endfacet
facet normal 0 0 -1
outer loop
vertex 191.7574769 -123.6120774 9.7
vertex 180.20501534640607 -121.57506671766323 8.1
vertex 181.8362310917504 -121.86269406730186 8.1
endloop
endfacet
facet normal 0 0 -1
outer loop
vertex 191.7574769 -123.6120774 9.7
vertex 181.8362310917504 -121.86269406730186 8.1
vertex 183.35009463836997 -122.12962905788878 8.1
endloop
endfacet
facet normal 0 0 -1
outer loop
vertex 191.7574769 -123.6120774 9.7
vertex 183.35009463836997 -122.12962905788878 8.1
vertex 184.7105327033456 -122.36951099631001 8.1
endloop
endfacet
facet normal 0 0 -1
outer loop
vertex 191.7574769 -123.6120774 9.7
vertex 184.7105327033456 -122.36951099631001 8.1
vertex 185.88512792163968 -122.57662382641871 8.1
endloop
endfacet
facet normal 0 0 -1
outer loop
vertex 191.7574769 -123.6120774 9.7
vertex 185.88512792163968 -122.57662382641871 8.1
vertex 186.84589130724422 -122.74603233477818 8.1
endloop
endfacet
facet normal 0 0 -1
outer loop
vertex 191.7574769 -123.6120774 9.7
vertex 186.84589130724422 -122.74603233477818 8.1
vertex 187.56992777434274 -122.87369949999997 8.1
endloop
endfacet
facet normal 0 0 -1
outer loop
vertex 191.7574769 -123.6120774 9.7
vertex 187.56992777434274 -122.87369949999997 8.1
vertex 191.75747689999997 -123.6120774 8.1
endloop
endfacet
facet normal 0.9848077527666985 -0.1736481790592847 0
outer loop
vertex 177.97016839999998 -121.18100289999998 9.7
vertex 175.53909389999995 -134.96831140000003 9.7
vertex 175.53909389999998 -134.9683114 8.1
endloop
endfacet
facet normal 0.9848077527666985 -0.1736481790592847 0
outer loop
vertex 177.97016839999998 -121.18100289999998 9.7
vertex 175.53909389999998 -134.9683114 8.1
vertex 177.97016839999998 -121.1810029 8.1
endloop
endfacet
facet normal 0 0 -1
outer loop
vertex 214.5480251 -146.3945132 9.7
vertex 217.22339320092465 -147.93913770000003 9.7
vertex 226.67238069999996 -153.3945132 9.7
endloop
endfacet
facet normal 0 0 -1
outer loop
vertex 214.5480251 -146.3945132 9.7
vertex 226.67238069999996 -153.3945132 9.7
vertex 226.6723807 -153.3945132 8.1
endloop
endfacet
facet normal 0 0 -1
outer loop
vertex 214.5480251 -146.3945132 9.7
vertex 226.6723807 -153.3945132 8.1
vertex 217.22339320092453 -147.9391377 8.1
endloop
endfacet
facet normal 0 0 -1
outer loop
vertex 214.5480251 -146.3945132 9.7
vertex 217.22339320092453 -147.9391377 8.1
vertex 214.5480251 -146.3945132 8.1
endloop
endfacet
facet normal -0.8660254028383136 0.5000000016387365 0
outer loop
vertex 226.67238069999996 -153.3945132 9.7
vertex 233.6723807 -141.27015760000003 9.7
vertex 233.6723807 -141.2701576 8.1
endloop
endfacet
facet normal -0.8660254028383136 0.5000000016387365 0
outer loop
vertex 226.67238069999996 -153.3945132 9.7
vertex 233.6723807 -141.2701576 8.1
vertex 226.6723807 -153.3945132 8.1
endloop
endfacet
facet normal -0.5000000016387258 -0.86602540283832 0
outer loop
vertex 233.6723807 -141.27015760000003 9.7
vertex 221.54802510000002 -134.27015760000003 9.7
vertex 221.5480251 -134.27015760000003 8.1
endloop
endfacet
facet normal -0.5000000016387258 -0.86602540283832 0
outer loop
vertex 233.6723807 -141.27015760000003 9.7
vertex 221.5480251 -134.27015760000003 8.1
vertex 233.6723807 -141.2701576 8.1
endloop
endfacet
facet normal 0 0 -1
outer loop
vertex 221.54802510000002 -134.27015760000003 9.7
vertex 221.53826950764318 -134.28705478154617 9.7
vertex 221.43056813613947 -134.47359902822026 9.7
endloop
endfacet
facet normal 0 0 -1
outer loop
vertex 221.54802510000002 -134.27015760000003 9.7
vertex 221.43056813613947 -134.47359902822026 9.7
vertex 221.29933363525166 -134.7009038504706 9.7
endloop
endfacet
facet normal 0 0 -1
outer loop
vertex 221.54802510000002 -134.27015760000003 9.7
vertex 221.29933363525166 -134.7009038504706 9.7
vertex 221.14960927325163 -134.96023405145223 9.7
endloop
endfacet
facet normal 0 0 -1
outer loop
vertex 221.54802510000002 -134.27015760000003 9.7
vertex 221.14960927325163 -134.96023405145223 9.7
vertex 220.9871488734045 -135.24162371697574 9.7
endloop
endfacet
facet normal 0 0 -1
outer loop
vertex 221.54802510000002 -134.27015760000003 9.7
vertex 220.9871488734045 -135.24162371697574 9.7
vertex 220.81819569776764 -135.5342592000001 9.7
endloop
endfacet
facet normal 0 0 -1
outer loop
vertex 221.54802510000002 -134.27015760000003 9.7
vertex 220.81819569776764 -135.5342592000001 9.7
vertex 220.6492425221308 -135.8268946830244 9.7
endloop
endfacet
facet normal 0 0 -1
outer loop
vertex 221.54802510000002 -134.27015760000003 9.7
vertex 220.6492425221308 -135.8268946830244 9.7
vertex 220.4867821222839 -136.10828434854753 9.7
endloop
endfacet
facet normal 0 0 -1
outer loop
vertex 221.54802510000002 -134.27015760000003 9.7
vertex 220.4867821222839 -136.10828434854753 9.7
vertex 220.33705776028376 -136.36761454952938 9.7
endloop
endfacet
facet normal 0 0 -1
outer loop
vertex 221.54802510000002 -134.27015760000003 9.7
vertex 220.33705776028376 -136.36761454952938 9.7
vertex 220.2058232593958 -136.59491937177995 9.7
endloop
endfacet
facet normal 0 0 -1
outer loop
vertex 221.54802510000002 -134.27015760000003 9.7
vertex 220.2058232593958 -136.59491937177995 9.7
vertex 220.0981218878922 -136.78146361845387 9.7
endloop
endfacet
facet normal 0 0 -1
outer loop
vertex 221.54802510000002 -134.27015760000003 9.7
vertex 220.0981218878922 -136.78146361845387 9.7
vertex 220.01809254908005 -136.9200784987669 9.7
endloop
endfacet
facet normal 0 0 -1
outer loop
vertex 221.54802510000002 -134.27015760000003 9.7
vertex 220.01809254908005 -136.9200784987669 9.7
vertex 219.9688107255689 -137.00543712060488 9.7
endloop
endfacet
facet normal 0 0 -1
outer loop
vertex 221.54802510000002 -134.27015760000003 9.7
vertex 219.9688107255689 -137.00543712060488 9.7
vertex 219.9521702901988 -137.0342592 9.7
endloop
endfacet
facet normal 0 0 -1
outer loop
vertex 221.54802510000002 -134.27015760000003 9.7
vertex 219.9521702901988 -137.0342592 9.7
vertex 216.06717136291562 -143.7632747 9.7
endloop
endfacet
facet normal 0 0 -1
outer loop
vertex 221.54802510000002 -134.27015760000003 9.7
vertex 216.06717136291562 -143.7632747 9.7
vertex 214.5480251 -146.3945132 9.7
endloop
endfacet
facet normal 0 0 -1
outer loop
vertex 221.54802510000002 -134.27015760000003 9.7
vertex 214.5480251 -146.3945132 9.7
vertex 214.5480251 -146.3945132 8.1
endloop
endfacet
facet normal 0 0 -1
outer loop
vertex 221.54802510000002 -134.27015760000003 9.7
vertex 214.5480251 -146.3945132 8.1
vertex 216.0671713629156 -143.76327470000004 8.1
endloop
endfacet
facet normal 0 0 -1
outer loop
vertex 221.54802510000002 -134.27015760000003 9.7
vertex 216.0671713629156 -143.76327470000004 8.1
vertex 219.9521702901988 -137.0342592 8.1
endloop
endfacet
facet normal 0 0 -1
outer loop
vertex 221.54802510000002 -134.27015760000003 9.7
vertex 219.9521702901988 -137.0342592 8.1
vertex 219.96881072556891 -137.00543712060485 8.1
endloop
endfacet
facet normal 0 0 -1
outer loop
vertex 221.54802510000002 -134.27015760000003 9.7
vertex 219.96881072556891 -137.00543712060485 8.1
vertex 220.01809254908008 -136.92007849876686 8.1
endloop
endfacet
facet normal 0 0 -1
outer loop
vertex 221.54802510000002 -134.27015760000003 9.7
vertex 220.01809254908008 -136.92007849876686 8.1
vertex 220.0981218878922 -136.78146361845387 8.1
endloop
endfacet
facet normal 0 0 -1
outer loop
vertex 221.54802510000002 -134.27015760000003 9.7
vertex 220.0981218878922 -136.78146361845387 8.1
vertex 220.20582325939586 -136.59491937177987 8.1
endloop
endfacet
facet normal 0 0 -1
outer loop
vertex 221.54802510000002 -134.27015760000003 9.7
vertex 220.20582325939586 -136.59491937177987 8.1
vertex 220.33705776028376 -136.36761454952938 8.1
endloop
endfacet
facet normal 0 0 -1
outer loop
vertex 221.54802510000002 -134.27015760000003 9.7
vertex 220.33705776028376 -136.36761454952938 8.1
vertex 220.48678212228396 -136.10828434854744 8.1
endloop
endfacet
facet normal 0 0 -1
outer loop
vertex 221.54802510000002 -134.27015760000003 9.7
vertex 220.48678212228396 -136.10828434854744 8.1
vertex 220.6492425221308 -135.82689468302442 8.1
endloop
endfacet
facet normal 0 0 -1
outer loop
vertex 221.54802510000002 -134.27015760000003 9.7
vertex 220.6492425221308 -135.82689468302442 8.1
vertex 220.81819569776766 -135.53425920000004 8.1
endloop
endfacet
facet normal 0 0 -1
outer loop
vertex 221.54802510000002 -134.27015760000003 9.7
vertex 220.81819569776766 -135.53425920000004 8.1
vertex 220.98714887340446 -135.2416237169758 8.1
endloop
endfacet
facet normal 0 0 -1
outer loop
vertex 221.54802510000002 -134.27015760000003 9.7
vertex 220.98714887340446 -135.2416237169758 8.1
vertex 221.14960927325157 -134.9602340514523 8.1
endloop
endfacet
facet normal 0 0 -1
outer loop
vertex 221.54802510000002 -134.27015760000003 9.7
vertex 221.14960927325157 -134.9602340514523 8.1
vertex 221.29933363525163 -134.7009038504706 8.1
endloop
endfacet
facet normal 0 0 -1
outer loop
vertex 221.54802510000002 -134.27015760000003 9.7
vertex 221.29933363525163 -134.7009038504706 8.1
vertex 221.43056813613947 -134.4735990282202 8.1
endloop
endfacet
facet normal 0 0 -1
outer loop
vertex 221.54802510000002 -134.27015760000003 9.7
vertex 221.43056813613947 -134.4735990282202 8.1
vertex 221.53826950764315 -134.28705478154615 8.1
endloop
endfacet
facet normal 0 0 -1
outer loop
vertex 221.54802510000002 -134.27015760000003 9.7
vertex 221.53826950764315 -134.28705478154615 8.1
vertex 221.5480251 -134.27015760000003 8.1
endloop
endfacet
facet normal 0 0 1
outer loop
vertex 195.5433911 -138.9749927 9.7
vertex 202.65955512053708 -141.5650646 9.7
vertex 202.6990262464065 -141.57943091500914 9.7
endloop
endfacet
facet normal 0 0 1
outer loop
vertex 195.5433911 -138.9749927 9.7
vertex 202.6990262464065 -141.57943091500914 9.7
vertex 202.74153352707984 -141.59490229999966 9.7
endloop
endfacet
facet normal 0 0 1
outer loop
vertex 195.5433911 -138.9749927 9.7
vertex 202.74153352707984 -141.59490229999966 9.7
vertex 204.1698679021818 -142.11477349999996 9.7
endloop
endfacet
facet normal 0 0 1
outer loop
vertex 195.5433911 -138.9749927 9.7
vertex 204.1698679021818 -142.11477349999996 9.7
vertex 208.6990877 -143.7632747 9.7
endloop
endfacet
facet normal 0 0 1
outer loop
vertex 195.5433911 -138.9749927 9.7
vertex 208.6990877 -143.7632747 9.7
vertex 208.6990877 -143.76327470000004 8.1
endloop
endfacet
facet normal 0 0 1
outer loop
vertex 195.5433911 -138.9749927 9.7
vertex 208.6990877 -143.76327470000004 8.1
vertex 204.16986790218203 -142.11477350000004 8.1
endloop
endfacet
facet normal 0 0 1
outer loop
vertex 195.5433911 -138.9749927 9.7
vertex 204.16986790218203 -142.11477350000004 8.1
vertex 202.74153352707864 -141.59490229999923 8.1
endloop
endfacet
facet normal 0 0 1
outer loop
vertex 195.5433911 -138.9749927 9.7
vertex 202.74153352707864 -141.59490229999923 8.1
vertex 202.69902624640687 -141.57943091500928 8.1
endloop
endfacet
facet normal 0 0 1
outer loop
vertex 195.5433911 -138.9749927 9.7
vertex 202.69902624640687 -141.57943091500928 8.1
vertex 202.659555120537 -141.56506459999997 8.1
endloop
endfacet
facet normal 0 0 1
outer loop
vertex 195.5433911 -138.9749927 9.7
vertex 202.659555120537 -141.56506459999997 8.1
vertex 195.54339110000004 -138.9749927 8.1
endloop
endfacet
facet normal 0 0 1
outer loop
vertex 208.6990877 -143.7632747 9.7
vertex 211.14824906150258 -137.0342592 9.7
vertex 211.15873944055025 -137.00543712060488 9.7
endloop
endfacet
facet normal 0 0 1
outer loop
vertex 208.6990877 -143.7632747 9.7
vertex 211.15873944055025 -137.00543712060488 9.7
vertex 211.18980743830963 -136.9200784987669 9.7
endloop
endfacet
facet normal 0 0 1
outer loop
vertex 208.6990877 -143.7632747 9.7
vertex 211.18980743830963 -136.9200784987669 9.7
vertex 211.24025912904983 -136.78146361845387 9.7
endloop
endfacet
facet normal 0 0 1
outer loop
vertex 208.6990877 -143.7632747 9.7
vertex 211.24025912904983 -136.78146361845387 9.7
vertex 211.3081556825894 -136.59491937177995 9.7
endloop
endfacet
facet normal 0 0 1
outer loop
vertex 208.6990877 -143.7632747 9.7
vertex 211.3081556825894 -136.59491937177995 9.7
vertex 211.39088787245274 -136.36761454952938 9.7
endloop
endfacet
facet normal 0 0 1
outer loop
vertex 208.6990877 -143.7632747 9.7
vertex 211.39088787245274 -136.36761454952938 9.7
vertex 211.48527634698002 -136.10828434854753 9.7
endloop
endfacet
facet normal 0 0 1
outer loop
vertex 208.6990877 -143.7632747 9.7
vertex 211.48527634698002 -136.10828434854753 9.7
vertex 211.58769381002872 -135.8268946830244 9.7
endloop
endfacet
facet normal 0 0 1
outer loop
vertex 208.6990877 -143.7632747 9.7
vertex 211.58769381002872 -135.8268946830244 9.7
vertex 211.69420441593053 -135.5342592000001 9.7
endloop
endfacet
facet normal 0 0 1
outer loop
vertex 208.6990877 -143.7632747 9.7
vertex 211.69420441593053 -135.5342592000001 9.7
vertex 211.8007150218324 -135.24162371697574 9.7
endloop
endfacet
facet normal 0 0 1
outer loop
vertex 208.6990877 -143.7632747 9.7
vertex 211.8007150218324 -135.24162371697574 9.7
vertex 211.9031324848812 -134.96023405145223 9.7
endloop
endfacet
facet normal 0 0 1
outer loop
vertex 208.6990877 -143.7632747 9.7
vertex 211.9031324848812 -134.96023405145223 9.7
vertex 211.99752095940843 -134.7009038504706 9.7
endloop
endfacet
facet normal 0 0 1
outer loop
vertex 208.6990877 -143.7632747 9.7
vertex 211.99752095940843 -134.7009038504706 9.7
vertex 212.08025314927167 -134.47359902822026 9.7
endloop
endfacet
facet normal 0 0 1
outer loop
vertex 208.6990877 -143.7632747 9.7
vertex 212.08025314927167 -134.47359902822026 9.7
vertex 212.1481497028113 -134.28705478154617 9.7
endloop
endfacet
facet normal 0 0 1
outer loop
vertex 208.6990877 -143.7632747 9.7
vertex 212.1481497028113 -134.28705478154617 9.7
vertex 212.1986013935515 -134.14843990123313 9.7
endloop
endfacet
facet normal 0 0 1
outer loop
vertex 208.6990877 -143.7632747 9.7
vertex 212.1986013935515 -134.14843990123313 9.7
vertex 212.22966939131086 -134.06308127939513 9.7
endloop
endfacet
facet normal 0 0 1
outer loop
vertex 208.6990877 -143.7632747 9.7
vertex 212.22966939131086 -134.06308127939513 9.7
vertex 212.24015977035856 -134.0342592 9.7
endloop
endfacet
facet normal 0 0 1
outer loop
vertex 208.6990877 -143.7632747 9.7
vertex 212.24015977035856 -134.0342592 9.7
vertex 213.4873697 -130.6075781 9.7
endloop
endfacet
facet normal 0 0 1
outer loop
vertex 208.6990877 -143.7632747 9.7
vertex 213.4873697 -130.6075781 9.7
vertex 213.4873697 -130.6075781 8.1
endloop
endfacet
facet normal 0 0 1
outer loop
vertex 208.6990877 -143.7632747 9.7
vertex 213.4873697 -130.6075781 8.1
vertex 212.2401597703586 -134.0342592 8.1
endloop
endfacet
facet normal 0 0 1
outer loop
vertex 208.6990877 -143.7632747 9.7
vertex 212.2401597703586 -134.0342592 8.1
vertex 212.2296693913109 -134.06308127939516 8.1
endloop
endfacet
facet normal 0 0 1
outer loop
vertex 208.6990877 -143.7632747 9.7
vertex 212.2296693913109 -134.06308127939516 8.1
vertex 212.19860139355154 -134.14843990123308 8.1
endloop
endfacet
facet normal 0 0 1
outer loop
vertex 208.6990877 -143.7632747 9.7
vertex 212.19860139355154 -134.14843990123308 8.1
vertex 212.14814970281134 -134.28705478154615 8.1
endloop
endfacet
facet normal 0 0 1
outer loop
vertex 208.6990877 -143.7632747 9.7
vertex 212.14814970281134 -134.28705478154615 8.1
vertex 212.08025314927173 -134.4735990282202 8.1
endloop
endfacet
facet normal 0 0 1
outer loop
vertex 208.6990877 -143.7632747 9.7
vertex 212.08025314927173 -134.4735990282202 8.1
vertex 211.99752095940846 -134.7009038504706 8.1
endloop
endfacet
facet normal 0 0 1
outer loop
vertex 208.6990877 -143.7632747 9.7
vertex 211.99752095940846 -134.7009038504706 8.1
vertex 211.90313248488124 -134.9602340514523 8.1
endloop
endfacet
facet normal 0 0 1
outer loop
vertex 208.6990877 -143.7632747 9.7
vertex 211.90313248488124 -134.9602340514523 8.1
vertex 211.8007150218324 -135.2416237169758 8.1
endloop
endfacet
facet normal 0 0 1
outer loop
vertex 208.6990877 -143.7632747 9.7
vertex 211.8007150218324 -135.2416237169758 8.1
vertex 211.69420441593059 -135.53425920000004 8.1
endloop
endfacet
facet normal 0 0 1
outer loop
vertex 208.6990877 -143.7632747 9.7
vertex 211.69420441593059 -135.53425920000004 8.1
vertex 211.58769381002872 -135.82689468302442 8.1
endloop
endfacet
facet normal 0 0 1
outer loop
vertex 208.6990877 -143.7632747 9.7
vertex 211.58769381002872 -135.82689468302442 8.1
vertex 211.48527634698007 -136.10828434854744 8.1
endloop
endfacet
facet normal 0 0 1
outer loop
vertex 208.6990877 -143.7632747 9.7
vertex 211.48527634698007 -136.10828434854744 8.1
vertex 211.39088787245274 -136.36761454952938 8.1
endloop
endfacet
facet normal 0 0 1
outer loop
vertex 208.6990877 -143.7632747 9.7
vertex 211.39088787245274 -136.36761454952938 8.1
vertex 211.30815568258944 -136.59491937177987 8.1
endloop
endfacet
facet normal 0 0 1
outer loop
vertex 208.6990877 -143.7632747 9.7
vertex 211.30815568258944 -136.59491937177987 8.1
vertex 211.24025912904983 -136.78146361845387 8.1
endloop
endfacet
facet normal 0 0 1
outer loop
vertex 208.6990877 -143.7632747 9.7
vertex 211.24025912904983 -136.78146361845387 8.1
vertex 211.18980743830966 -136.92007849876686 8.1
endloop
endfacet
facet normal 0 0 1
outer loop
vertex 208.6990877 -143.7632747 9.7
vertex 211.18980743830966 -136.92007849876686 8.1
vertex 211.15873944055028 -137.00543712060485 8.1
endloop
endfacet
facet normal 0 0 1
outer loop
vertex 208.6990877 -143.7632747 9.7
vertex 211.15873944055028 -137.00543712060485 8.1
vertex 211.1482490615026 -137.0342592 8.1
endloop
endfacet
facet normal 0 0 1
outer loop
vertex 208.6990877 -143.7632747 9.7
vertex 211.1482490615026 -137.0342592 8.1
vertex 208.6990877 -143.76327470000004 8.1
endloop
endfacet
facet normal 0 0 -1
outer loop
vertex 213.4873697 -130.6075781 9.7
vertex 211.43707814974522 -129.861333 9.7
vertex 200.33167309999996 -125.81929610000002 9.7
endloop
endfacet
facet normal 0 0 -1
outer loop
vertex 213.4873697 -130.6075781 9.7
vertex 200.33167309999996 -125.81929610000002 9.7
vertex 200.33167309999996 -125.8192961 8.1
endloop
endfacet
facet normal 0 0 -1
outer loop
vertex 213.4873697 -130.6075781 9.7
vertex 200.33167309999996 -125.8192961 8.1
vertex 211.43707814974533 -129.86133300000003 8.1
endloop
endfacet
facet normal 0 0 -1
outer loop
vertex 213.4873697 -130.6075781 9.7
vertex 211.43707814974533 -129.86133300000003 8.1
vertex 213.4873697 -130.6075781 8.1
endloop
endfacet
facet normal 0 0 1
outer loop
vertex 200.33167309999996 -125.81929610000002 9.7
vertex 196.11686507928874 -137.39938590000003 9.7
vertex 195.5433911 -138.9749927 9.7
endloop
endfacet
facet normal 0 0 1
outer loop
vertex 200.33167309999996 -125.81929610000002 9.7
vertex 195.5433911 -138.9749927 9.7
vertex 195.54339110000004 -138.9749927 8.1
endloop
endfacet
facet normal 0 0 1
outer loop
vertex 200.33167309999996 -125.81929610000002 9.7
vertex 195.54339110000004 -138.9749927 8.1
vertex 196.11686507928874 -137.3993859 8.1
endloop
endfacet
facet normal 0 0 1
outer loop
vertex 200.33167309999996 -125.81929610000002 9.7
vertex 196.11686507928874 -137.3993859 8.1
vertex 200.33167309999996 -125.8192961 8.1
endloop
endfacet
facet normal -0.9951847266721956 0.09801714032957415 0
outer loop
vertex 130.97117792060484 -58.54263548302417 9.7
vertex 131 -58.25 9.7
vertex 131 -58.249999999999915 8.1
endloop
endfacet
facet normal -0.9951847266721956 0.09801714032957415 0
outer loop
vertex 130.97117792060484 -58.54263548302417 9.7
vertex 131 -58.249999999999915 8.1
vertex 130.97117792060484 -58.5426354830241 8.1
endloop
endfacet
facet normal -0.9951847266721956 -0.09801714032957415 0
outer loop
vertex 131 -58.25 9.7
vertex 130.97117792060484 -57.95736451697584 9.7
vertex 130.97117792060484 -57.957364516975765 8.1
endloop
endfacet
facet normal -0.9951847266721956 -0.09801714032957415 0
outer loop
vertex 131 -58.25 9.7
vertex 130.97117792060484 -57.957364516975765 8.1
vertex 131 -58.249999999999915 8.1
endloop
endfacet
facet normal -0.9569403357322136 -0.29028467725444695 0
outer loop
vertex 130.97117792060484 -57.95736451697584 9.7
vertex 130.88581929876696 -57.67597485145237 9.7
vertex 130.88581929876696 -57.67597485145239 8.1
endloop
endfacet
facet normal -0.9569403357322136 -0.29028467725444695 0
outer loop
vertex 130.97117792060484 -57.95736451697584 9.7
vertex 130.88581929876696 -57.67597485145239 8.1
vertex 130.97117792060484 -57.957364516975765 8.1
endloop
endfacet
facet normal -0.8819212643483268 -0.47139673682605043 0
outer loop
vertex 130.88581929876696 -57.67597485145237 9.7
vertex 130.7472044184539 -57.416644650470694 9.7
vertex 130.74720441845386 -57.41664465047068 8.1
endloop
endfacet
facet normal -0.8819212643483268 -0.47139673682605043 0
outer loop
vertex 130.88581929876696 -57.67597485145237 9.7
vertex 130.74720441845386 -57.41664465047068 8.1
vertex 130.88581929876696 -57.67597485145239 8.1
endloop
endfacet
facet normal -0.7730104533627797 -0.6343932841635934 0
outer loop
vertex 130.7472044184539 -57.416644650470694 9.7
vertex 130.56066017177983 -57.189339828220184 9.7
vertex 130.5606601717798 -57.18933982822017 8.1
endloop
endfacet
facet normal -0.7730104533627797 -0.6343932841635934 0
outer loop
vertex 130.7472044184539 -57.416644650470694 9.7
vertex 130.5606601717798 -57.18933982822017 8.1
vertex 130.74720441845386 -57.41664465047068 8.1
endloop
endfacet
facet normal -0.6343932841636208 -0.7730104533627572 0
outer loop
vertex 130.56066017177983 -57.189339828220184 9.7
vertex 130.33335534952943 -57.0027955815462 9.7
vertex 130.33335534952937 -57.00279558154617 8.1
endloop
endfacet
facet normal -0.6343932841636208 -0.7730104533627572 0
outer loop
vertex 130.56066017177983 -57.189339828220184 9.7
vertex 130.33335534952937 -57.00279558154617 8.1
vertex 130.5606601717798 -57.18933982822017 8.1
endloop
endfacet
facet normal -0.47139673682602495 -0.8819212643483405 0
outer loop
vertex 130.33335534952943 -57.0027955815462 9.7
vertex 130.07402514854763 -56.86418070123307 9.7
vertex 130.0740251485476 -56.86418070123306 8.1
endloop
endfacet
facet normal -0.47139673682602495 -0.8819212643483405 0
outer loop
vertex 130.33335534952943 -57.0027955815462 9.7
vertex 130.0740251485476 -56.86418070123306 8.1
vertex 130.33335534952937 -57.00279558154617 8.1
endloop
endfacet
facet normal -0.2902846772544213 -0.9569403357322214 0
outer loop
vertex 130.07402514854763 -56.86418070123307 9.7
vertex 129.79263548302416 -56.77882207939515 9.7
vertex 129.79263548302418 -56.778822079395134 8.1
endloop
endfacet
facet normal -0.2902846772544213 -0.9569403357322214 0
outer loop
vertex 130.07402514854763 -56.86418070123307 9.7
vertex 129.79263548302418 -56.778822079395134 8.1
vertex 130.0740251485476 -56.86418070123306 8.1
endloop
endfacet
facet normal -0.0980171403295671 -0.9951847266721963 0
outer loop
vertex 129.79263548302416 -56.77882207939515 9.7
vertex 129.5 -56.75 9.7
vertex 129.5 -56.749999999999986 8.1
endloop
endfacet
facet normal -0.0980171403295671 -0.9951847266721963 0
outer loop
vertex 129.79263548302416 -56.77882207939515 9.7
vertex 129.5 -56.749999999999986 8.1
vertex 129.79263548302418 -56.778822079395134 8.1
endloop
endfacet
facet normal 0.09801714032955997 -0.9951847266721969 0
outer loop
vertex 129.5 -56.75 9.7
vertex 129.20736451697587 -56.77882207939515 9.7
vertex 129.20736451697593 -56.778822079395134 8.1
endloop
endfacet
facet normal 0.09801714032955997 -0.9951847266721969 0
outer loop
vertex 129.5 -56.75 9.7
vertex 129.20736451697593 -56.778822079395134 8.1
vertex 129.5 -56.749999999999986 8.1
endloop
endfacet
facet normal 0.2902846772544479 -0.9569403357322133 0
outer loop
vertex 129.20736451697587 -56.77882207939515 9.7
vertex 128.92597485145225 -56.86418070123307 9.7
vertex 128.9259748514524 -56.86418070123306 8.1
endloop
endfacet
facet normal 0.2902846772544479 -0.9569403357322133 0
outer loop
vertex 129.20736451697587 -56.77882207939515 9.7
vertex 128.9259748514524 -56.86418070123306 8.1
vertex 129.20736451697593 -56.778822079395134 8.1
endloop
endfacet
facet normal 0.47139673682600847 -0.8819212643483494 0
outer loop
vertex 128.92597485145225 -56.86418070123307 9.7
vertex 128.6666446504706 -57.0027955815462 9.7
vertex 128.6666446504706 -57.00279558154617 8.1
endloop
endfacet
facet normal 0.47139673682600847 -0.8819212643483494 0
outer loop
vertex 128.92597485145225 -56.86418070123307 9.7
vertex 128.6666446504706 -57.00279558154617 8.1
vertex 128.9259748514524 -56.86418070123306 8.1
endloop
endfacet
facet normal 0.6343932841636208 -0.7730104533627572 0
outer loop
vertex 128.6666446504706 -57.0027955815462 9.7
vertex 128.4393398282202 -57.189339828220184 9.7
vertex 128.43933982822014 -57.18933982822017 8.1
endloop
endfacet
facet normal 0.6343932841636208 -0.7730104533627572 0
outer loop
vertex 128.6666446504706 -57.0027955815462 9.7
vertex 128.43933982822014 -57.18933982822017 8.1
vertex 128.6666446504706 -57.00279558154617 8.1
endloop
endfacet
facet normal 0.7730104533627699 -0.6343932841636054 0
outer loop
vertex 128.4393398282202 -57.189339828220184 9.7
vertex 128.2527955815462 -57.416644650470694 9.7
vertex 128.25279558154617 -57.41664465047068 8.1
endloop
endfacet
facet normal 0.7730104533627699 -0.6343932841636054 0
outer loop
vertex 128.4393398282202 -57.189339828220184 9.7
vertex 128.25279558154617 -57.41664465047068 8.1
vertex 128.43933982822014 -57.18933982822017 8.1
endloop
endfacet
facet normal 0.8819212643483252 -0.4713967368260534 0
outer loop
vertex 128.2527955815462 -57.416644650470694 9.7
vertex 128.11418070123304 -57.67597485145237 9.7
vertex 128.11418070123304 -57.67597485145239 8.1
endloop
endfacet
facet normal 0.8819212643483252 -0.4713967368260534 0
outer loop
vertex 128.2527955815462 -57.416644650470694 9.7
vertex 128.11418070123304 -57.67597485145239 8.1
vertex 128.25279558154617 -57.41664465047068 8.1
endloop
endfacet
facet normal 0.9569403357322133 -0.2902846772544479 0
outer loop
vertex 128.11418070123304 -57.67597485145237 9.7
vertex 128.02882207939513 -57.95736451697584 9.7
vertex 128.0288220793952 -57.957364516975765 8.1
endloop
endfacet
facet normal 0.9569403357322133 -0.2902846772544479 0
outer loop
vertex 128.11418070123304 -57.67597485145237 9.7
vertex 128.0288220793952 -57.957364516975765 8.1
vertex 128.11418070123304 -57.67597485145239 8.1
endloop
endfacet
facet normal 0.9951847266721956 -0.09801714032957415 0
outer loop
vertex 128.02882207939513 -57.95736451697584 9.7
vertex 127.99999999999999 -58.25 9.7
vertex 127.99999999999997 -58.249999999999915 8.1
endloop
endfacet
facet normal 0.9951847266721956 -0.09801714032957415 0
outer loop
vertex 128.02882207939513 -57.95736451697584 9.7
vertex 127.99999999999997 -58.249999999999915 8.1
vertex 128.0288220793952 -57.957364516975765 8.1
endloop
endfacet
facet normal 0.9951847266721984 0.09801714032954582 0
outer loop
vertex 127.99999999999999 -58.25 9.7
vertex 128.02882207939516 -58.54263548302417 9.7
vertex 128.02882207939513 -58.5426354830241 8.1
endloop
endfacet
facet normal 0.9951847266721984 0.09801714032954582 0
outer loop
vertex 127.99999999999999 -58.25 9.7
vertex 128.02882207939513 -58.5426354830241 8.1
vertex 127.99999999999997 -58.249999999999915 8.1
endloop
endfacet
facet normal 0.9569403357322133 0.2902846772544479 0
outer loop
vertex 128.02882207939516 -58.54263548302417 9.7
vertex 128.11418070123307 -58.82402514854772 9.7
vertex 128.11418070123312 -58.82402514854786 8.1
endloop
endfacet
facet normal 0.9569403357322133 0.2902846772544479 0
outer loop
vertex 128.02882207939516 -58.54263548302417 9.7
vertex 128.11418070123312 -58.82402514854786 8.1
vertex 128.02882207939513 -58.5426354830241 8.1
endloop
endfacet
facet normal 0.8819212643483418 0.4713967368260224 0
outer loop
vertex 128.11418070123307 -58.82402514854772 9.7
vertex 128.25279558154614 -59.08335534952929 9.7
vertex 128.25279558154605 -59.083355349529285 8.1
endloop
endfacet
facet normal 0.8819212643483418 0.4713967368260224 0
outer loop
vertex 128.11418070123307 -58.82402514854772 9.7
vertex 128.25279558154605 -59.083355349529285 8.1
vertex 128.11418070123312 -58.82402514854786 8.1
endloop
endfacet
facet normal 0.7730104533627509 0.6343932841636287 0
outer loop
vertex 128.25279558154614 -59.08335534952929 9.7
vertex 128.43933982822023 -59.3106601717799 9.7
vertex 128.43933982822023 -59.3106601717798 8.1
endloop
endfacet
facet normal 0.7730104533627509 0.6343932841636287 0
outer loop
vertex 128.25279558154614 -59.08335534952929 9.7
vertex 128.43933982822023 -59.3106601717798 8.1
vertex 128.25279558154605 -59.083355349529285 8.1
endloop
endfacet
facet normal 0.6343932841636208 0.7730104533627572 0
outer loop
vertex 128.43933982822023 -59.3106601717799 9.7
vertex 128.66664465047057 -59.4972044184538 9.7
vertex 128.6666446504706 -59.49720441845382 8.1
endloop
endfacet
facet normal 0.6343932841636208 0.7730104533627572 0
outer loop
vertex 128.43933982822023 -59.3106601717799 9.7
vertex 128.6666446504706 -59.49720441845382 8.1
vertex 128.43933982822023 -59.3106601717798 8.1
endloop
endfacet
facet normal 0.47139673682600314 0.881921264348352 0
outer loop
vertex 128.66664465047057 -59.4972044184538 9.7
vertex 128.9259748514524 -59.63581929876692 9.7
vertex 128.92597485145234 -59.63581929876692 8.1
endloop
endfacet
facet normal 0.47139673682600314 0.881921264348352 0
outer loop
vertex 128.66664465047057 -59.4972044184538 9.7
vertex 128.92597485145234 -59.63581929876692 8.1
vertex 128.6666446504706 -59.49720441845382 8.1
endloop
endfacet
facet normal 0.2902846772544479 0.9569403357322133 0
outer loop
vertex 128.9259748514524 -59.63581929876692 9.7
vertex 129.2073645169758 -59.72117792060485 9.7
vertex 129.20736451697584 -59.721177920604845 8.1
endloop
endfacet
facet normal 0.2902846772544479 0.9569403357322133 0
outer loop
vertex 128.9259748514524 -59.63581929876692 9.7
vertex 129.20736451697584 -59.721177920604845 8.1
vertex 128.92597485145234 -59.63581929876692 8.1
endloop
endfacet
facet normal 0.0980171403295671 0.9951847266721963 0
outer loop
vertex 129.2073645169758 -59.72117792060485 9.7
vertex 129.5 -59.75 9.7
vertex 129.5 -59.75 8.1
endloop
endfacet
facet normal 0.0980171403295671 0.9951847266721963 0
outer loop
vertex 129.2073645169758 -59.72117792060485 9.7
vertex 129.5 -59.75 8.1
vertex 129.20736451697584 -59.721177920604845 8.1
endloop
endfacet
facet normal -0.09801714032955998 0.9951847266721969 0
outer loop
vertex 129.5 -59.75 9.7
vertex 129.79263548302413 -59.72117792060485 9.7
vertex 129.79263548302416 -59.721177920604845 8.1
endloop
endfacet
facet normal -0.09801714032955998 0.9951847266721969 0
outer loop
vertex 129.5 -59.75 9.7
vertex 129.79263548302416 -59.721177920604845 8.1
vertex 129.5 -59.75 8.1
endloop
endfacet
facet normal -0.2902846772544479 0.9569403357322133 0
outer loop
vertex 129.79263548302413 -59.72117792060485 9.7
vertex 130.07402514854766 -59.63581929876692 9.7
vertex 130.07402514854766 -59.63581929876692 8.1
endloop
endfacet
facet normal -0.2902846772544479 0.9569403357322133 0
outer loop
vertex 129.79263548302413 -59.72117792060485 9.7
vertex 130.07402514854766 -59.63581929876692 8.1
vertex 129.79263548302416 -59.721177920604845 8.1
endloop
endfacet
facet normal -0.47139673682600847 0.8819212643483494 0
outer loop
vertex 130.07402514854766 -59.63581929876692 9.7
vertex 130.33335534952946 -59.4972044184538 9.7
vertex 130.3333553495294 -59.49720441845382 8.1
endloop
endfacet
facet normal -0.47139673682600847 0.8819212643483494 0
outer loop
vertex 130.07402514854766 -59.63581929876692 9.7
vertex 130.3333553495294 -59.49720441845382 8.1
vertex 130.07402514854766 -59.63581929876692 8.1
endloop
endfacet
facet normal -0.6343932841636208 0.7730104533627572 0
outer loop
vertex 130.33335534952946 -59.4972044184538 9.7
vertex 130.56066017177974 -59.3106601717799 9.7
vertex 130.56066017177986 -59.3106601717798 8.1
endloop
endfacet
facet normal -0.6343932841636208 0.7730104533627572 0
outer loop
vertex 130.33335534952946 -59.4972044184538 9.7
vertex 130.56066017177986 -59.3106601717798 8.1
vertex 130.3333553495294 -59.49720441845382 8.1
endloop
endfacet
facet normal -0.7730104533627642 0.6343932841636124 0
outer loop
vertex 130.56066017177974 -59.3106601717799 9.7
vertex 130.7472044184539 -59.08335534952929 9.7
vertex 130.7472044184539 -59.083355349529285 8.1
endloop
endfacet
facet normal -0.7730104533627642 0.6343932841636124 0
outer loop
vertex 130.56066017177974 -59.3106601717799 9.7
vertex 130.7472044184539 -59.083355349529285 8.1
vertex 130.56066017177986 -59.3106601717798 8.1
endloop
endfacet
facet normal -0.8819212643483344 0.4713967368260365 0
outer loop
vertex 130.7472044184539 -59.08335534952929 9.7
vertex 130.8858192987669 -58.82402514854772 9.7
vertex 130.88581929876685 -58.82402514854786 8.1
endloop
endfacet
facet normal -0.8819212643483344 0.4713967368260365 0
outer loop
vertex 130.7472044184539 -59.08335534952929 9.7
vertex 130.88581929876685 -58.82402514854786 8.1
vertex 130.7472044184539 -59.083355349529285 8.1
endloop
endfacet
facet normal -0.9569403357322133 0.2902846772544479 0
outer loop
vertex 130.8858192987669 -58.82402514854772 9.7
vertex 130.97117792060484 -58.54263548302417 9.7
vertex 130.97117792060484 -58.5426354830241 8.1
endloop
endfacet
facet normal -0.9569403357322133 0.2902846772544479 0
outer loop
vertex 130.8858192987669 -58.82402514854772 9.7
vertex 130.97117792060484 -58.5426354830241 8.1
vertex 130.88581929876685 -58.82402514854786 8.1
endloop
endfacet
facet normal -0.9951847266721956 0.09801714032957415 0
outer loop
vertex 129.97117792060484 -110.79263548302418 9.7
vertex 130 -110.50000000000006 9.7
vertex 130 -110.50000000000006 8.1
endloop
endfacet
facet normal -0.9951847266721956 0.09801714032957415 0
outer loop
vertex 129.97117792060484 -110.79263548302418 9.7
vertex 130 -110.50000000000006 8.1
vertex 129.97117792060484 -110.79263548302418 8.1
endloop
endfacet
facet normal -0.9951847266721984 -0.09801714032954582 0
outer loop
vertex 130 -110.50000000000006 9.7
vertex 129.97117792060484 -110.20736451697574 9.7
vertex 129.97117792060484 -110.20736451697577 8.1
endloop
endfacet
facet normal -0.9951847266721984 -0.09801714032954582 0
outer loop
vertex 130 -110.50000000000006 9.7
vertex 129.97117792060484 -110.20736451697577 8.1
vertex 130 -110.50000000000006 8.1
endloop
endfacet
facet normal -0.9569403357322048 -0.29028467725447593 0
outer loop
vertex 129.97117792060484 -110.20736451697574 9.7
vertex 129.88581929876696 -109.92597485145242 9.7
vertex 129.88581929876696 -109.92597485145242 8.1
endloop
endfacet
facet normal -0.9569403357322048 -0.29028467725447593 0
outer loop
vertex 129.97117792060484 -110.20736451697574 9.7
vertex 129.88581929876696 -109.92597485145242 8.1
vertex 129.97117792060484 -110.20736451697577 8.1
endloop
endfacet
facet normal -0.8819212643483261 -0.4713967368260519 0
outer loop
vertex 129.88581929876696 -109.92597485145242 9.7
vertex 129.74720441845378 -109.66664465047057 9.7
vertex 129.74720441845383 -109.66664465047064 8.1
endloop
endfacet
facet normal -0.8819212643483261 -0.4713967368260519 0
outer loop
vertex 129.88581929876696 -109.92597485145242 9.7
vertex 129.74720441845383 -109.66664465047064 8.1
vertex 129.88581929876696 -109.92597485145242 8.1
endloop
endfacet
facet normal -0.7730104533627828 -0.6343932841635896 0
outer loop
vertex 129.74720441845378 -109.66664465047057 9.7
vertex 129.5606601717799 -109.43933982822024 9.7
vertex 129.56066017177983 -109.43933982822018 8.1
endloop
endfacet
facet normal -0.7730104533627828 -0.6343932841635896 0
outer loop
vertex 129.74720441845378 -109.66664465047057 9.7
vertex 129.56066017177983 -109.43933982822018 8.1
vertex 129.74720441845383 -109.66664465047064 8.1
endloop
endfacet
facet normal -0.634393284163621 -0.7730104533627572 0
outer loop
vertex 129.5606601717799 -109.43933982822024 9.7
vertex 129.33335534952937 -109.25279558154617 9.7
vertex 129.33335534952946 -109.25279558154624 8.1
endloop
endfacet
facet normal -0.634393284163621 -0.7730104533627572 0
outer loop
vertex 129.5606601717799 -109.43933982822024 9.7
vertex 129.33335534952946 -109.25279558154624 8.1
vertex 129.56066017177983 -109.43933982822018 8.1
endloop
endfacet
facet normal -0.47139673682599165 -0.8819212643483583 0
outer loop
vertex 129.33335534952937 -109.25279558154617 9.7
vertex 129.07402514854763 -109.11418070123307 9.7
vertex 129.07402514854755 -109.11418070123304 8.1
endloop
endfacet
facet normal -0.47139673682599165 -0.8819212643483583 0
outer loop
vertex 129.33335534952937 -109.25279558154617 9.7
vertex 129.07402514854755 -109.11418070123304 8.1
vertex 129.33335534952946 -109.25279558154624 8.1
endloop
endfacet
facet normal -0.2902846772544479 -0.9569403357322133 0
outer loop
vertex 129.07402514854763 -109.11418070123307 9.7
vertex 128.79263548302418 -109.02882207939516 9.7
vertex 128.79263548302413 -109.02882207939514 8.1
endloop
endfacet
facet normal -0.2902846772544479 -0.9569403357322133 0
outer loop
vertex 129.07402514854763 -109.11418070123307 9.7
vertex 128.79263548302413 -109.02882207939514 8.1
vertex 129.07402514854755 -109.11418070123304 8.1
endloop
endfacet
facet normal -0.09801714032954582 -0.9951847266721984 0
outer loop
vertex 128.79263548302418 -109.02882207939516 9.7
vertex 128.50000000000009 -109 9.7
vertex 128.50000000000009 -109 8.1
endloop
endfacet
facet normal -0.09801714032954582 -0.9951847266721984 0
outer loop
vertex 128.79263548302418 -109.02882207939516 9.7
vertex 128.50000000000009 -109 8.1
vertex 128.79263548302413 -109.02882207939514 8.1
endloop
endfacet
facet normal 0.09801714032956006 -0.9951847266721969 0
outer loop
vertex 128.50000000000009 -109 9.7
vertex 128.20736451697582 -109.02882207939516 9.7
vertex 128.20736451697607 -109.02882207939514 8.1
endloop
endfacet
facet normal 0.09801714032956006 -0.9951847266721969 0
outer loop
vertex 128.50000000000009 -109 9.7
vertex 128.20736451697607 -109.02882207939514 8.1
vertex 128.50000000000009 -109 8.1
endloop
endfacet
facet normal 0.2902846772544479 -0.9569403357322133 0
outer loop
vertex 128.20736451697582 -109.02882207939516 9.7
vertex 127.92597485145232 -109.11418070123307 9.7
vertex 127.92597485145235 -109.11418070123304 8.1
endloop
endfacet
facet normal 0.2902846772544479 -0.9569403357322133 0
outer loop
vertex 128.20736451697582 -109.02882207939516 9.7
vertex 127.92597485145235 -109.11418070123304 8.1
vertex 128.20736451697607 -109.02882207939514 8.1
endloop
endfacet
facet normal 0.4713967368259914 -0.8819212643483584 0
outer loop
vertex 127.92597485145232 -109.11418070123307 9.7
vertex 127.66664465047066 -109.25279558154617 9.7
vertex 127.6666446504705 -109.25279558154624 8.1
endloop
endfacet
facet normal 0.4713967368259914 -0.8819212643483584 0
outer loop
vertex 127.92597485145232 -109.11418070123307 9.7
vertex 127.6666446504705 -109.25279558154624 8.1
vertex 127.92597485145235 -109.11418070123304 8.1
endloop
endfacet
facet normal 0.6343932841636518 -0.7730104533627319 0
outer loop
vertex 127.66664465047066 -109.25279558154617 9.7
vertex 127.43933982822024 -109.43933982822024 9.7
vertex 127.4393398282202 -109.43933982822018 8.1
endloop
endfacet
facet normal 0.6343932841636518 -0.7730104533627319 0
outer loop
vertex 127.66664465047066 -109.25279558154617 9.7
vertex 127.4393398282202 -109.43933982822018 8.1
vertex 127.6666446504705 -109.25279558154624 8.1
endloop
endfacet
facet normal 0.7730104533627319 -0.6343932841636518 0
outer loop
vertex 127.43933982822024 -109.43933982822024 9.7
vertex 127.25279558154618 -109.66664465047057 9.7
vertex 127.25279558154625 -109.66664465047064 8.1
endloop
endfacet
facet normal 0.7730104533627319 -0.6343932841636518 0
outer loop
vertex 127.43933982822024 -109.43933982822024 9.7
vertex 127.25279558154625 -109.66664465047064 8.1
vertex 127.4393398282202 -109.43933982822018 8.1
endloop
endfacet
facet normal 0.8819212643483553 -0.47139673682599736 0
outer loop
vertex 127.25279558154618 -109.66664465047057 9.7
vertex 127.11418070123314 -109.92597485145242 9.7
vertex 127.11418070123308 -109.92597485145242 8.1
endloop
endfacet
facet normal 0.8819212643483553 -0.47139673682599736 0
outer loop
vertex 127.25279558154618 -109.66664465047057 9.7
vertex 127.11418070123308 -109.92597485145242 8.1
vertex 127.25279558154625 -109.66664465047064 8.1
endloop
endfacet
facet normal 0.9569403357322133 -0.2902846772544479 0
outer loop
vertex 127.11418070123314 -109.92597485145242 9.7
vertex 127.0288220793952 -110.20736451697574 9.7
vertex 127.02882207939521 -110.20736451697577 8.1
endloop
endfacet
facet normal 0.9569403357322133 -0.2902846772544479 0
outer loop
vertex 127.11418070123314 -109.92597485145242 9.7
vertex 127.02882207939521 -110.20736451697577 8.1
vertex 127.11418070123308 -109.92597485145242 8.1
endloop
endfacet
facet normal 0.9951847266721957 -0.09801714032957415 0
outer loop
vertex 127.0288220793952 -110.20736451697574 9.7
vertex 127.00000000000001 -110.50000000000006 9.7
vertex 127 -110.50000000000006 8.1
endloop
endfacet
facet normal 0.9951847266721957 -0.09801714032957415 0
outer loop
vertex 127.0288220793952 -110.20736451697574 9.7
vertex 127 -110.50000000000006 8.1
vertex 127.02882207939521 -110.20736451697577 8.1
endloop
endfacet
facet normal 0.9951847266721956 0.09801714032957415 0
outer loop
vertex 127.00000000000001 -110.50000000000006 9.7
vertex 127.02882207939516 -110.79263548302418 9.7
vertex 127.02882207939517 -110.79263548302418 8.1
endloop
endfacet
facet normal 0.9951847266721956 0.09801714032957415 0
outer loop
vertex 127.00000000000001 -110.50000000000006 9.7
vertex 127.02882207939517 -110.79263548302418 8.1
vertex 127 -110.50000000000006 8.1
endloop
endfacet
facet normal 0.9569403357322133 0.2902846772544479 0
outer loop
vertex 127.02882207939516 -110.79263548302418 9.7
vertex 127.11418070123307 -111.07402514854756 9.7
vertex 127.1141807012331 -111.07402514854765 8.1
endloop
endfacet
facet normal 0.9569403357322133 0.2902846772544479 0
outer loop
vertex 127.02882207939516 -110.79263548302418 9.7
vertex 127.1141807012331 -111.07402514854765 8.1
vertex 127.02882207939517 -110.79263548302418 8.1
endloop
endfacet
facet normal 0.881921264348342 0.47139673682602246 0
outer loop
vertex 127.11418070123307 -111.07402514854756 9.7
vertex 127.25279558154617 -111.33335534952933 9.7
vertex 127.25279558154625 -111.3333553495295 8.1
endloop
endfacet
facet normal 0.881921264348342 0.47139673682602246 0
outer loop
vertex 127.11418070123307 -111.07402514854756 9.7
vertex 127.25279558154625 -111.3333553495295 8.1
vertex 127.1141807012331 -111.07402514854765 8.1
endloop
endfacet
facet normal 0.7730104533627331 0.63439328416365 0
outer loop
vertex 127.25279558154617 -111.33335534952933 9.7
vertex 127.43933982822024 -111.56066017177977 9.7
vertex 127.4393398282202 -111.56066017177986 8.1
endloop
endfacet
facet normal 0.7730104533627331 0.63439328416365 0
outer loop
vertex 127.25279558154617 -111.33335534952933 9.7
vertex 127.4393398282202 -111.56066017177986 8.1
vertex 127.25279558154625 -111.3333553495295 8.1
endloop
endfacet
facet normal 0.6343932841636518 0.7730104533627318 0
outer loop
vertex 127.43933982822024 -111.56066017177977 9.7
vertex 127.66664465047063 -111.74720441845385 9.7
vertex 127.66664465047053 -111.74720441845378 8.1
endloop
endfacet
facet normal 0.6343932841636518 0.7730104533627318 0
outer loop
vertex 127.43933982822024 -111.56066017177977 9.7
vertex 127.66664465047053 -111.74720441845378 8.1
vertex 127.4393398282202 -111.56066017177986 8.1
endloop
endfacet
facet normal 0.4713967368259944 0.8819212643483568 0
outer loop
vertex 127.66664465047063 -111.74720441845385 9.7
vertex 127.92597485145228 -111.8858192987669 9.7
vertex 127.9259748514524 -111.88581929876695 8.1
endloop
endfacet
facet normal 0.4713967368259944 0.8819212643483568 0
outer loop
vertex 127.66664465047063 -111.74720441845385 9.7
vertex 127.9259748514524 -111.88581929876695 8.1
vertex 127.66664465047053 -111.74720441845378 8.1
endloop
endfacet
facet normal 0.2902846772544479 0.9569403357322133 0
outer loop
vertex 127.92597485145228 -111.8858192987669 9.7
vertex 128.20736451697576 -111.97117792060483 9.7
vertex 128.20736451697576 -111.97117792060483 8.1
endloop
endfacet
facet normal 0.2902846772544479 0.9569403357322133 0
outer loop
vertex 127.92597485145228 -111.8858192987669 9.7
vertex 128.20736451697576 -111.97117792060483 8.1
vertex 127.9259748514524 -111.88581929876695 8.1
endloop
endfacet
facet normal 0.09801714032954582 0.9951847266721984 0
outer loop
vertex 128.20736451697576 -111.97117792060483 9.7
vertex 128.50000000000009 -112 9.7
vertex 128.50000000000009 -112 8.1
endloop
endfacet
facet normal 0.09801714032954582 0.9951847266721984 0
outer loop
vertex 128.20736451697576 -111.97117792060483 9.7
vertex 128.50000000000009 -112 8.1
vertex 128.20736451697576 -111.97117792060483 8.1
endloop
endfacet
facet normal -0.09801714032956006 0.9951847266721969 0
outer loop
vertex 128.50000000000009 -112 9.7
vertex 128.7926354830244 -111.97117792060483 9.7
vertex 128.79263548302404 -111.97117792060483 8.1
endloop
endfacet
facet normal -0.09801714032956006 0.9951847266721969 0
outer loop
vertex 128.50000000000009 -112 9.7
vertex 128.79263548302404 -111.97117792060483 8.1
vertex 128.50000000000009 -112 8.1
endloop
endfacet
facet normal -0.2902846772544479 0.9569403357322133 0
outer loop
vertex 128.7926354830244 -111.97117792060483 9.7
vertex 129.07402514854766 -111.8858192987669 9.7
vertex 129.0740251485477 -111.88581929876695 8.1
endloop
endfacet
facet normal -0.2902846772544479 0.9569403357322133 0
outer loop
vertex 128.7926354830244 -111.97117792060483 9.7
vertex 129.0740251485477 -111.88581929876695 8.1
vertex 128.79263548302404 -111.97117792060483 8.1
endloop
endfacet
facet normal -0.47139673682599736 0.8819212643483553 0
outer loop
vertex 129.07402514854766 -111.8858192987669 9.7
vertex 129.33335534952934 -111.74720441845385 9.7
vertex 129.3333553495293 -111.74720441845378 8.1
endloop
endfacet
facet normal -0.47139673682599736 0.8819212643483553 0
outer loop
vertex 129.07402514854766 -111.8858192987669 9.7
vertex 129.3333553495293 -111.74720441845378 8.1
vertex 129.0740251485477 -111.88581929876695 8.1
endloop
endfacet
facet normal -0.6343932841636448 0.7730104533627375 0
outer loop
vertex 129.33335534952934 -111.74720441845385 9.7
vertex 129.56066017177986 -111.56066017177977 9.7
vertex 129.5606601717798 -111.56066017177986 8.1
endloop
endfacet
facet normal -0.6343932841636448 0.7730104533627375 0
outer loop
vertex 129.33335534952934 -111.74720441845385 9.7
vertex 129.5606601717798 -111.56066017177986 8.1
vertex 129.3333553495293 -111.74720441845378 8.1
endloop
endfacet
facet normal -0.7730104533627825 0.63439328416359 0
outer loop
vertex 129.56066017177986 -111.56066017177977 9.7
vertex 129.74720441845386 -111.33335534952933 9.7
vertex 129.74720441845372 -111.3333553495295 8.1
endloop
endfacet
facet normal -0.7730104533627825 0.63439328416359 0
outer loop
vertex 129.56066017177986 -111.56066017177977 9.7
vertex 129.74720441845372 -111.3333553495295 8.1
vertex 129.5606601717798 -111.56066017177986 8.1
endloop
endfacet
facet normal -0.8819212643483402 0.47139673682602534 0
outer loop
vertex 129.74720441845386 -111.33335534952933 9.7
vertex 129.88581929876696 -111.07402514854756 9.7
vertex 129.8858192987669 -111.07402514854765 8.1
endloop
endfacet
facet normal -0.8819212643483402 0.47139673682602534 0
outer loop
vertex 129.74720441845386 -111.33335534952933 9.7
vertex 129.8858192987669 -111.07402514854765 8.1
vertex 129.74720441845372 -111.3333553495295 8.1
endloop
endfacet
facet normal -0.9569403357322133 0.2902846772544479 0
outer loop
vertex 129.88581929876696 -111.07402514854756 9.7
vertex 129.97117792060484 -110.79263548302418 9.7
vertex 129.97117792060484 -110.79263548302418 8.1
endloop
endfacet
facet normal -0.9569403357322133 0.2902846772544479 0
outer loop
vertex 129.88581929876696 -111.07402514854756 9.7
vertex 129.97117792060484 -110.79263548302418 8.1
vertex 129.8858192987669 -111.07402514854765 8.1
endloop
endfacet
facet normal -0.9951847266721957 0.09801714032957415 0
outer loop
vertex 186.59117792060488 -59.91763548302412 9.7
vertex 186.62000000000003 -59.62499999999993 9.7
vertex 186.62 -59.62499999999985 8.1
endloop
endfacet
facet normal -0.9951847266721957 0.09801714032957415 0
outer loop
vertex 186.59117792060488 -59.91763548302412 9.7
vertex 186.62 -59.62499999999985 8.1
vertex 186.59117792060482 -59.917635483024306 8.1
endloop
endfacet
facet normal -0.9951847266721956 -0.09801714032957415 0
outer loop
vertex 186.62000000000003 -59.62499999999993 9.7
vertex 186.5911779206049 -59.332364516976135 9.7
vertex 186.59117792060488 -59.332364516976064 8.1
endloop
endfacet
facet normal -0.9951847266721956 -0.09801714032957415 0
outer loop
vertex 186.62000000000003 -59.62499999999993 9.7
vertex 186.59117792060488 -59.332364516976064 8.1
vertex 186.62 -59.62499999999985 8.1
endloop
endfacet
facet normal -0.9569403357322133 -0.2902846772544479 0
outer loop
vertex 186.5911779206049 -59.332364516976135 9.7
vertex 186.50581929876682 -59.05097485145216 9.7
vertex 186.50581929876682 -59.050974851452125 8.1
endloop
endfacet
facet normal -0.9569403357322133 -0.2902846772544479 0
outer loop
vertex 186.5911779206049 -59.332364516976135 9.7
vertex 186.50581929876682 -59.050974851452125 8.1
vertex 186.59117792060488 -59.332364516976064 8.1
endloop
endfacet
facet normal -0.8819212643483103 -0.4713967368260814 0
outer loop
vertex 186.50581929876682 -59.05097485145216 9.7
vertex 186.36720441845378 -58.79164465047054 9.7
vertex 186.36720441845384 -58.79164465047061 8.1
endloop
endfacet
facet normal -0.8819212643483103 -0.4713967368260814 0
outer loop
vertex 186.50581929876682 -59.05097485145216 9.7
vertex 186.36720441845384 -58.79164465047061 8.1
vertex 186.50581929876682 -59.050974851452125 8.1
endloop
endfacet
facet normal -0.7730104533627642 -0.6343932841636124 0
outer loop
vertex 186.36720441845378 -58.79164465047054 9.7
vertex 186.1806601717799 -58.56433982822023 9.7
vertex 186.18066017177992 -58.56433982822027 8.1
endloop
endfacet
facet normal -0.7730104533627642 -0.6343932841636124 0
outer loop
vertex 186.36720441845378 -58.79164465047054 9.7
vertex 186.18066017177992 -58.56433982822027 8.1
vertex 186.36720441845384 -58.79164465047061 8.1
endloop
endfacet
facet normal -0.6343932841636286 -0.773010453362751 0
outer loop
vertex 186.1806601717799 -58.56433982822023 9.7
vertex 185.95335534952937 -58.37779558154617 9.7
vertex 185.95335534952935 -58.377795581546145 8.1
endloop
endfacet
facet normal -0.6343932841636286 -0.773010453362751 0
outer loop
vertex 186.1806601717799 -58.56433982822023 9.7
vertex 185.95335534952935 -58.377795581546145 8.1
vertex 186.18066017177992 -58.56433982822027 8.1
endloop
endfacet
facet normal -0.4713967368260224 -0.8819212643483417 0
outer loop
vertex 185.95335534952937 -58.37779558154617 9.7
vertex 185.6940251485476 -58.23918070123306 9.7
vertex 185.69402514854764 -58.23918070123306 8.1
endloop
endfacet
facet normal -0.4713967368260224 -0.8819212643483417 0
outer loop
vertex 185.95335534952937 -58.37779558154617 9.7
vertex 185.69402514854764 -58.23918070123306 8.1
vertex 185.95335534952935 -58.377795581546145 8.1
endloop
endfacet
facet normal -0.29028467725444784 -0.9569403357322133 0
outer loop
vertex 185.6940251485476 -58.23918070123306 9.7
vertex 185.41263548302422 -58.153822079395155 9.7
vertex 185.41263548302422 -58.153822079395155 8.1
endloop
endfacet
facet normal -0.29028467725444784 -0.9569403357322133 0
outer loop
vertex 185.6940251485476 -58.23918070123306 9.7
vertex 185.41263548302422 -58.153822079395155 8.1
vertex 185.69402514854764 -58.23918070123306 8.1
endloop
endfacet
facet normal -0.0980171403295671 -0.9951847266721963 0
outer loop
vertex 185.41263548302422 -58.153822079395155 9.7
vertex 185.12000000000003 -58.125 9.7
vertex 185.12000000000003 -58.125 8.1
endloop
endfacet
facet normal -0.0980171403295671 -0.9951847266721963 0
outer loop
vertex 185.41263548302422 -58.153822079395155 9.7
vertex 185.12000000000003 -58.125 8.1
vertex 185.41263548302422 -58.153822079395155 8.1
endloop
endfacet
facet normal 0.09801714032955997 -0.9951847266721969 0
outer loop
vertex 185.12000000000003 -58.125 9.7
vertex 184.82736451697582 -58.153822079395155 9.7
vertex 184.82736451697585 -58.153822079395155 8.1
endloop
endfacet
facet normal 0.09801714032955997 -0.9951847266721969 0
outer loop
vertex 185.12000000000003 -58.125 9.7
vertex 184.82736451697585 -58.153822079395155 8.1
vertex 185.12000000000003 -58.125 8.1
endloop
endfacet
facet normal 0.2902846772544479 -0.9569403357322133 0
outer loop
vertex 184.82736451697582 -58.153822079395155 9.7
vertex 184.54597485145237 -58.23918070123306 9.7
vertex 184.54597485145237 -58.23918070123306 8.1
endloop
endfacet
facet normal 0.2902846772544479 -0.9569403357322133 0
outer loop
vertex 184.82736451697582 -58.153822079395155 9.7
vertex 184.54597485145237 -58.23918070123306 8.1
vertex 184.82736451697585 -58.153822079395155 8.1
endloop
endfacet
facet normal 0.4713967368260084 -0.8819212643483493 0
outer loop
vertex 184.54597485145237 -58.23918070123306 9.7
vertex 184.2866446504707 -58.37779558154617 9.7
vertex 184.28664465047066 -58.377795581546145 8.1
endloop
endfacet
facet normal 0.4713967368260084 -0.8819212643483493 0
outer loop
vertex 184.54597485145237 -58.23918070123306 9.7
vertex 184.28664465047066 -58.377795581546145 8.1
vertex 184.54597485145237 -58.23918070123306 8.1
endloop
endfacet
facet normal 0.6343932841636208 -0.7730104533627572 0
outer loop
vertex 184.2866446504707 -58.37779558154617 9.7
vertex 184.05933982822017 -58.56433982822023 9.7
vertex 184.0593398282201 -58.56433982822027 8.1
endloop
endfacet
facet normal 0.6343932841636208 -0.7730104533627572 0
outer loop
vertex 184.2866446504707 -58.37779558154617 9.7
vertex 184.0593398282201 -58.56433982822027 8.1
vertex 184.28664465047066 -58.377795581546145 8.1
endloop
endfacet
facet normal 0.7730104533627825 -0.63439328416359 0
outer loop
vertex 184.05933982822017 -58.56433982822023 9.7
vertex 183.87279558154617 -58.79164465047054 9.7
vertex 183.87279558154628 -58.79164465047061 8.1
endloop
endfacet
facet normal 0.7730104533627825 -0.63439328416359 0
outer loop
vertex 184.05933982822017 -58.56433982822023 9.7
vertex 183.87279558154628 -58.79164465047061 8.1
vertex 184.0593398282201 -58.56433982822027 8.1
endloop
endfacet
facet normal 0.8819212643483285 -0.47139673682604755 0
outer loop
vertex 183.87279558154617 -58.79164465047054 9.7
vertex 183.734180701233 -59.05097485145216 9.7
vertex 183.7341807012332 -59.050974851452125 8.1
endloop
endfacet
facet normal 0.8819212643483285 -0.47139673682604755 0
outer loop
vertex 183.87279558154617 -58.79164465047054 9.7
vertex 183.7341807012332 -59.050974851452125 8.1
vertex 183.87279558154628 -58.79164465047061 8.1
endloop
endfacet
facet normal 0.9569403357322133 -0.2902846772544479 0
outer loop
vertex 183.734180701233 -59.05097485145216 9.7
vertex 183.64882207939522 -59.332364516976135 9.7
vertex 183.648822079395 -59.332364516976064 8.1
endloop
endfacet
facet normal 0.9569403357322133 -0.2902846772544479 0
outer loop
vertex 183.734180701233 -59.05097485145216 9.7
vertex 183.648822079395 -59.332364516976064 8.1
vertex 183.7341807012332 -59.050974851452125 8.1
endloop
endfacet
facet normal 0.9951847266721956 -0.09801714032957415 0
outer loop
vertex 183.64882207939522 -59.332364516976135 9.7
vertex 183.62 -59.62499999999993 9.7
vertex 183.62000000000003 -59.62499999999985 8.1
endloop
endfacet
facet normal 0.9951847266721956 -0.09801714032957415 0
outer loop
vertex 183.64882207939522 -59.332364516976135 9.7
vertex 183.62000000000003 -59.62499999999985 8.1
vertex 183.648822079395 -59.332364516976064 8.1
endloop
endfacet
facet normal 0.9951847266721956 0.09801714032957415 0
outer loop
vertex 183.62 -59.62499999999993 9.7
vertex 183.64882207939513 -59.91763548302412 9.7
vertex 183.6488220793952 -59.917635483024306 8.1
endloop
endfacet
facet normal 0.9951847266721956 0.09801714032957415 0
outer loop
vertex 183.62 -59.62499999999993 9.7
vertex 183.6488220793952 -59.917635483024306 8.1
vertex 183.62000000000003 -59.62499999999985 8.1
endloop
endfacet
facet normal 0.9569403357322133 0.2902846772544479 0
outer loop
vertex 183.64882207939513 -59.91763548302412 9.7
vertex 183.73418070123302 -60.199025148547435 9.7
vertex 183.73418070123302 -60.19902514854748 8.1
endloop
endfacet
facet normal 0.9569403357322133 0.2902846772544479 0
outer loop
vertex 183.64882207939513 -59.91763548302412 9.7
vertex 183.73418070123302 -60.19902514854748 8.1
vertex 183.6488220793952 -59.917635483024306 8.1
endloop
endfacet
facet normal 0.8819212643483418 0.4713967368260224 0
outer loop
vertex 183.73418070123302 -60.199025148547435 9.7
vertex 183.8727955815463 -60.45835534952956 9.7
vertex 183.8727955815464 -60.45835534952968 8.1
endloop
endfacet
facet normal 0.8819212643483418 0.4713967368260224 0
outer loop
vertex 183.73418070123302 -60.199025148547435 9.7
vertex 183.8727955815464 -60.45835534952968 8.1
vertex 183.73418070123302 -60.19902514854748 8.1
endloop
endfacet
facet normal 0.7730104533627769 0.634393284163597 0
outer loop
vertex 183.8727955815463 -60.45835534952956 9.7
vertex 184.05933982822015 -60.68566017177981 9.7
vertex 184.05933982822017 -60.68566017177983 8.1
endloop
endfacet
facet normal 0.7730104533627769 0.634393284163597 0
outer loop
vertex 183.8727955815463 -60.45835534952956 9.7
vertex 184.05933982822017 -60.68566017177983 8.1
vertex 183.8727955815464 -60.45835534952968 8.1
endloop
endfacet
facet normal 0 0 1
outer loop
vertex 184.05933982822015 -60.68566017177981 9.7
vertex 184.13773813574215 -60.75 9.7
vertex 184.28664465047055 -60.872204418453805 9.7
endloop
endfacet
facet normal 0 0 1
outer loop
vertex 184.05933982822015 -60.68566017177981 9.7
vertex 184.28664465047055 -60.872204418453805 9.7
vertex 184.2866446504706 -60.872204418453826 8.1
endloop
endfacet
facet normal 0 0 1
outer loop
vertex 184.05933982822015 -60.68566017177981 9.7
vertex 184.2866446504706 -60.872204418453826 8.1
vertex 184.13773813574218 -60.75 8.1
endloop
endfacet
facet normal 0 0 1
outer loop
vertex 184.05933982822015 -60.68566017177981 9.7
vertex 184.13773813574218 -60.75 8.1
vertex 184.05933982822017 -60.68566017177983 8.1
endloop
endfacet
facet normal 0.47139673682600913 0.8819212643483489 0
outer loop
vertex 184.28664465047055 -60.872204418453805 9.7
vertex 184.5459748514523 -61.01081929876692 9.7
vertex 184.5459748514523 -61.01081929876691 8.1
endloop
endfacet
facet normal 0.47139673682600913 0.8819212643483489 0
outer loop
vertex 184.28664465047055 -60.872204418453805 9.7
vertex 184.5459748514523 -61.01081929876691 8.1
vertex 184.2866446504706 -60.872204418453826 8.1
endloop
endfacet
facet normal 0.29028467725444784 0.9569403357322133 0
outer loop
vertex 184.5459748514523 -61.01081929876692 9.7
vertex 184.82736451697582 -61.096177920604845 9.7
vertex 184.82736451697585 -61.09617792060485 8.1
endloop
endfacet
facet normal 0.29028467725444784 0.9569403357322133 0
outer loop
vertex 184.5459748514523 -61.01081929876692 9.7
vertex 184.82736451697585 -61.09617792060485 8.1
vertex 184.5459748514523 -61.01081929876691 8.1
endloop
endfacet
facet normal 0.0980171403295671 0.9951847266721963 0
outer loop
vertex 184.82736451697582 -61.096177920604845 9.7
vertex 185.12 -61.125 9.7
vertex 185.12 -61.125 8.1
endloop
endfacet
facet normal 0.0980171403295671 0.9951847266721963 0
outer loop
vertex 184.82736451697582 -61.096177920604845 9.7
vertex 185.12 -61.125 8.1
vertex 184.82736451697585 -61.09617792060485 8.1
endloop
endfacet
facet normal -0.09801714032955997 0.9951847266721969 0
outer loop
vertex 185.12 -61.125 9.7
vertex 185.41263548302422 -61.096177920604845 9.7
vertex 185.41263548302422 -61.09617792060485 8.1
endloop
endfacet
facet normal -0.09801714032955997 0.9951847266721969 0
outer loop
vertex 185.12 -61.125 9.7
vertex 185.41263548302422 -61.09617792060485 8.1
vertex 185.12 -61.125 8.1
endloop
endfacet
facet normal -0.2902846772544479 0.9569403357322133 0
outer loop
vertex 185.41263548302422 -61.096177920604845 9.7
vertex 185.69402514854767 -61.01081929876692 9.7
vertex 185.69402514854764 -61.01081929876691 8.1
endloop
endfacet
facet normal -0.2902846772544479 0.9569403357322133 0
outer loop
vertex 185.41263548302422 -61.096177920604845 9.7
vertex 185.69402514854764 -61.01081929876691 8.1
vertex 185.41263548302422 -61.09617792060485 8.1
endloop
endfacet
facet normal -0.47139673682602534 0.8819212643483402 0
outer loop
vertex 185.69402514854767 -61.01081929876692 9.7
vertex 185.95335534952943 -60.872204418453805 9.7
vertex 185.9533553495295 -60.872204418453826 8.1
endloop
endfacet
facet normal -0.47139673682602534 0.8819212643483402 0
outer loop
vertex 185.69402514854767 -61.01081929876692 9.7
vertex 185.9533553495295 -60.872204418453826 8.1
vertex 185.69402514854764 -61.01081929876691 8.1
endloop
endfacet
facet normal -0.6343932841636208 0.7730104533627572 0
outer loop
vertex 185.95335534952943 -60.872204418453805 9.7
vertex 186.18066017177986 -60.68566017177981 9.7
vertex 186.18066017177958 -60.68566017177983 8.1
endloop
endfacet
facet normal -0.6343932841636208 0.7730104533627572 0
outer loop
vertex 185.95335534952943 -60.872204418453805 9.7
vertex 186.18066017177958 -60.68566017177983 8.1
vertex 185.9533553495295 -60.872204418453826 8.1
endloop
endfacet
facet normal -0.7730104533627769 0.634393284163597 0
outer loop
vertex 186.18066017177986 -60.68566017177981 9.7
vertex 186.36720441845355 -60.45835534952956 9.7
vertex 186.3672044184539 -60.45835534952968 8.1
endloop
endfacet
facet normal -0.7730104533627769 0.634393284163597 0
outer loop
vertex 186.18066017177986 -60.68566017177981 9.7
vertex 186.3672044184539 -60.45835534952968 8.1
vertex 186.18066017177958 -60.68566017177983 8.1
endloop
endfacet
facet normal -0.8819212643483434 0.47139673682601946 0
outer loop
vertex 186.36720441845355 -60.45835534952956 9.7
vertex 186.5058192987671 -60.199025148547435 9.7
vertex 186.50581929876694 -60.19902514854748 8.1
endloop
endfacet
facet normal -0.8819212643483434 0.47139673682601946 0
outer loop
vertex 186.36720441845355 -60.45835534952956 9.7
vertex 186.50581929876694 -60.19902514854748 8.1
vertex 186.3672044184539 -60.45835534952968 8.1
endloop
endfacet
facet normal -0.9569403357322133 0.2902846772544479 0
outer loop
vertex 186.5058192987671 -60.199025148547435 9.7
vertex 186.59117792060488 -59.91763548302412 9.7
vertex 186.59117792060482 -59.917635483024306 8.1
endloop
endfacet
facet normal -0.9569403357322133 0.2902846772544479 0
outer loop
vertex 186.5058192987671 -60.199025148547435 9.7
vertex 186.59117792060482 -59.917635483024306 8.1
vertex 186.50581929876694 -60.19902514854748 8.1
endloop
endfacet
facet normal -0.9951847266721956 0.09801714032957415 0
outer loop
vertex 183.17117792060483 -117.44263548302453 9.7
vertex 183.2 -117.14999999999995 9.7
vertex 183.2 -117.14999999999982 8.1
endloop
endfacet
facet normal -0.9951847266721956 0.09801714032957415 0
outer loop
vertex 183.17117792060483 -117.44263548302453 9.7
vertex 183.2 -117.14999999999982 8.1
vertex 183.17117792060478 -117.44263548302459 8.1
endloop
endfacet
facet normal -0.9951847266721956 -0.09801714032957415 0
outer loop
vertex 183.2 -117.14999999999995 9.7
vertex 183.17117792060483 -116.85736451697595 9.7
vertex 183.17117792060486 -116.85736451697603 8.1
endloop
endfacet
facet normal -0.9951847266721956 -0.09801714032957415 0
outer loop
vertex 183.2 -117.14999999999995 9.7
vertex 183.17117792060486 -116.85736451697603 8.1
vertex 183.2 -117.14999999999982 8.1
endloop
endfacet
facet normal -0.9569403357322133 -0.2902846772544479 0
outer loop
vertex 183.17117792060483 -116.85736451697595 9.7
vertex 183.08581929876692 -116.57597485145243 9.7
vertex 183.08581929876686 -116.57597485145226 8.1
endloop
endfacet
facet normal -0.9569403357322133 -0.2902846772544479 0
outer loop
vertex 183.17117792060483 -116.85736451697595 9.7
vertex 183.08581929876686 -116.57597485145226 8.1
vertex 183.17117792060486 -116.85736451697603 8.1
endloop
endfacet
facet normal -0.8819212643483268 -0.47139673682605043 0
outer loop
vertex 183.08581929876692 -116.57597485145243 9.7
vertex 182.94720441845377 -116.31664465047054 9.7
vertex 182.94720441845377 -116.31664465047055 8.1
endloop
endfacet
facet normal -0.8819212643483268 -0.47139673682605043 0
outer loop
vertex 183.08581929876692 -116.57597485145243 9.7
vertex 182.94720441845377 -116.31664465047055 8.1
vertex 183.08581929876686 -116.57597485145226 8.1
endloop
endfacet
facet normal -0.7730104533627797 -0.6343932841635934 0
outer loop
vertex 182.94720441845377 -116.31664465047054 9.7
vertex 182.7606601717799 -116.08933982822025 9.7
vertex 182.76066017177982 -116.08933982822019 8.1
endloop
endfacet
facet normal -0.7730104533627797 -0.6343932841635934 0
outer loop
vertex 182.94720441845377 -116.31664465047054 9.7
vertex 182.76066017177982 -116.08933982822019 8.1
vertex 182.94720441845377 -116.31664465047055 8.1
endloop
endfacet
facet normal -0.6343932841636218 -0.7730104533627565 0
outer loop
vertex 182.7606601717799 -116.08933982822025 9.7
vertex 182.5333553495294 -115.90279558154617 9.7
vertex 182.53335534952936 -115.90279558154617 8.1
endloop
endfacet
facet normal -0.6343932841636218 -0.7730104533627565 0
outer loop
vertex 182.7606601717799 -116.08933982822025 9.7
vertex 182.53335534952936 -115.90279558154617 8.1
vertex 182.76066017177982 -116.08933982822019 8.1
endloop
endfacet
facet normal -0.4713967368260137 -0.8819212643483465 0
outer loop
vertex 182.5333553495294 -115.90279558154617 9.7
vertex 182.27402514854768 -115.76418070123309 9.7
vertex 182.27402514854762 -115.76418070123307 8.1
endloop
endfacet
facet normal -0.4713967368260137 -0.8819212643483465 0
outer loop
vertex 182.5333553495294 -115.90279558154617 9.7
vertex 182.27402514854762 -115.76418070123307 8.1
vertex 182.53335534952936 -115.90279558154617 8.1
endloop
endfacet
facet normal -0.2902846772544479 -0.9569403357322133 0
outer loop
vertex 182.27402514854768 -115.76418070123309 9.7
vertex 181.99263548302415 -115.67882207939515 9.7
vertex 181.99263548302415 -115.67882207939515 8.1
endloop
endfacet
facet normal -0.2902846772544479 -0.9569403357322133 0
outer loop
vertex 182.27402514854768 -115.76418070123309 9.7
vertex 181.99263548302415 -115.67882207939515 8.1
vertex 182.27402514854762 -115.76418070123307 8.1
endloop
endfacet
facet normal -0.09801714032954581 -0.9951847266721984 0
outer loop
vertex 181.99263548302415 -115.67882207939515 9.7
vertex 181.70000000000005 -115.65 9.7
vertex 181.69999999999996 -115.64999999999999 8.1
endloop
endfacet
facet normal -0.09801714032954581 -0.9951847266721984 0
outer loop
vertex 181.99263548302415 -115.67882207939515 9.7
vertex 181.69999999999996 -115.64999999999999 8.1
vertex 181.99263548302415 -115.67882207939515 8.1
endloop
endfacet
facet normal 0.09801714032957415 -0.9951847266721956 0
outer loop
vertex 181.70000000000005 -115.65 9.7
vertex 181.40736451697586 -115.67882207939515 9.7
vertex 181.40736451697578 -115.67882207939515 8.1
endloop
endfacet
facet normal 0.09801714032957415 -0.9951847266721956 0
outer loop
vertex 181.70000000000005 -115.65 9.7
vertex 181.40736451697578 -115.67882207939515 8.1
vertex 181.69999999999996 -115.64999999999999 8.1
endloop
endfacet
facet normal 0.2902846772544479 -0.9569403357322133 0
outer loop
vertex 181.40736451697586 -115.67882207939515 9.7
vertex 181.12597485145218 -115.76418070123309 9.7
vertex 181.12597485145236 -115.76418070123307 8.1
endloop
endfacet
facet normal 0.2902846772544479 -0.9569403357322133 0
outer loop
vertex 181.40736451697586 -115.67882207939515 9.7
vertex 181.12597485145236 -115.76418070123307 8.1
vertex 181.40736451697578 -115.67882207939515 8.1
endloop
endfacet
facet normal 0.47139673682601946 -0.8819212643483434 0
outer loop
vertex 181.12597485145218 -115.76418070123309 9.7
vertex 180.86664465047073 -115.90279558154617 9.7
vertex 180.86664465047056 -115.90279558154617 8.1
endloop
endfacet
facet normal 0.47139673682601946 -0.8819212643483434 0
outer loop
vertex 181.12597485145218 -115.76418070123309 9.7
vertex 180.86664465047056 -115.90279558154617 8.1
vertex 181.12597485145236 -115.76418070123307 8.1
endloop
endfacet
facet normal 0.6343932841636518 -0.7730104533627319 0
outer loop
vertex 180.86664465047073 -115.90279558154617 9.7
vertex 180.63933982822022 -116.08933982822025 9.7
vertex 180.63933982822016 -116.08933982822019 8.1
endloop
endfacet
facet normal 0.6343932841636518 -0.7730104533627319 0
outer loop
vertex 180.86664465047073 -115.90279558154617 9.7
vertex 180.63933982822016 -116.08933982822019 8.1
vertex 180.86664465047056 -115.90279558154617 8.1
endloop
endfacet
facet normal 0.7730104533627572 -0.6343932841636208 0
outer loop
vertex 180.63933982822022 -116.08933982822025 9.7
vertex 180.45279558154604 -116.31664465047054 9.7
vertex 180.4527955815462 -116.31664465047055 8.1
endloop
endfacet
facet normal 0.7730104533627572 -0.6343932841636208 0
outer loop
vertex 180.63933982822022 -116.08933982822025 9.7
vertex 180.4527955815462 -116.31664465047055 8.1
vertex 180.63933982822016 -116.08933982822019 8.1
endloop
endfacet
facet normal 0.8819212643483284 -0.47139673682604744 0
outer loop
vertex 180.45279558154604 -116.31664465047054 9.7
vertex 180.3141807012331 -116.57597485145243 9.7
vertex 180.31418070123308 -116.57597485145226 8.1
endloop
endfacet
facet normal 0.8819212643483284 -0.47139673682604744 0
outer loop
vertex 180.45279558154604 -116.31664465047054 9.7
vertex 180.31418070123308 -116.57597485145226 8.1
vertex 180.4527955815462 -116.31664465047055 8.1
endloop
endfacet
facet normal 0 0 1
outer loop
vertex 180.3141807012331 -116.57597485145243 9.7
vertex 180.26139074955688 -116.75 9.7
vertex 180.22882207939512 -116.85736451697595 9.7
endloop
endfacet
facet normal 0 0 1
outer loop
vertex 180.3141807012331 -116.57597485145243 9.7
vertex 180.22882207939512 -116.85736451697595 9.7
vertex 180.2288220793951 -116.85736451697603 8.1
endloop
endfacet
facet normal 0 0 1
outer loop
vertex 180.3141807012331 -116.57597485145243 9.7
vertex 180.2288220793951 -116.85736451697603 8.1
vertex 180.26139074955688 -116.75 8.1
endloop
endfacet
facet normal 0 0 1
outer loop
vertex 180.3141807012331 -116.57597485145243 9.7
vertex 180.26139074955688 -116.75 8.1
vertex 180.31418070123308 -116.57597485145226 8.1
endloop
endfacet
facet normal 0.9951847266721928 -0.09801714032960264 0
outer loop
vertex 180.22882207939512 -116.85736451697595 9.7
vertex 180.2 -117.14999999999995 9.7
vertex 180.19999999999996 -117.14999999999982 8.1
endloop
endfacet
facet normal 0.9951847266721928 -0.09801714032960264 0
outer loop
vertex 180.22882207939512 -116.85736451697595 9.7
vertex 180.19999999999996 -117.14999999999982 8.1
vertex 180.2288220793951 -116.85736451697603 8.1
endloop
endfacet
facet normal 0.9951847266721956 0.09801714032957415 0
outer loop
vertex 180.2 -117.14999999999995 9.7
vertex 180.2288220793952 -117.44263548302453 9.7
vertex 180.2288220793952 -117.44263548302459 8.1
endloop
endfacet
facet normal 0.9951847266721956 0.09801714032957415 0
outer loop
vertex 180.2 -117.14999999999995 9.7
vertex 180.2288220793952 -117.44263548302459 8.1
vertex 180.19999999999996 -117.14999999999982 8.1
endloop
endfacet
facet normal 0.9569403357322133 0.2902846772544479 0
outer loop
vertex 180.2288220793952 -117.44263548302453 9.7
vertex 180.31418070123294 -117.72402514854744 9.7
vertex 180.31418070123294 -117.72402514854741 8.1
endloop
endfacet
facet normal 0.9569403357322133 0.2902846772544479 0
outer loop
vertex 180.2288220793952 -117.44263548302453 9.7
vertex 180.31418070123294 -117.72402514854741 8.1
vertex 180.2288220793952 -117.44263548302459 8.1
endloop
endfacet
facet normal 0.8819212643483417 0.4713967368260224 0
outer loop
vertex 180.31418070123294 -117.72402514854744 9.7
vertex 180.45279558154618 -117.9833553495294 9.7
vertex 180.4527955815462 -117.98335534952945 8.1
endloop
endfacet
facet normal 0.8819212643483417 0.4713967368260224 0
outer loop
vertex 180.31418070123294 -117.72402514854744 9.7
vertex 180.4527955815462 -117.98335534952945 8.1
vertex 180.31418070123294 -117.72402514854741 8.1
endloop
endfacet
facet normal 0.7730104533627572 0.6343932841636208 0
outer loop
vertex 180.45279558154618 -117.9833553495294 9.7
vertex 180.63933982822016 -118.21066017177981 9.7
vertex 180.63933982822013 -118.21066017177981 8.1
endloop
endfacet
facet normal 0.7730104533627572 0.6343932841636208 0
outer loop
vertex 180.45279558154618 -117.9833553495294 9.7
vertex 180.63933982822013 -118.21066017177981 8.1
vertex 180.4527955815462 -117.98335534952945 8.1
endloop
endfacet
facet normal 0.6343932841636509 0.7730104533627326 0
outer loop
vertex 180.63933982822016 -118.21066017177981 9.7
vertex 180.8666446504707 -118.39720441845391 9.7
vertex 180.86664465047065 -118.39720441845387 8.1
endloop
endfacet
facet normal 0.6343932841636509 0.7730104533627326 0
outer loop
vertex 180.63933982822016 -118.21066017177981 9.7
vertex 180.86664465047065 -118.39720441845387 8.1
vertex 180.63933982822013 -118.21066017177981 8.1
endloop
endfacet
facet normal 0.47139673682601535 0.8819212643483455 0
outer loop
vertex 180.8666446504707 -118.39720441845391 9.7
vertex 181.12597485145227 -118.53581929876691 9.7
vertex 181.12597485145227 -118.53581929876691 8.1
endloop
endfacet
facet normal 0.47139673682601535 0.8819212643483455 0
outer loop
vertex 180.8666446504707 -118.39720441845391 9.7
vertex 181.12597485145227 -118.53581929876691 8.1
vertex 180.86664465047065 -118.39720441845387 8.1
endloop
endfacet
facet normal 0.2902846772544479 0.9569403357322133 0
outer loop
vertex 181.12597485145227 -118.53581929876691 9.7
vertex 181.4073645169758 -118.62117792060485 9.7
vertex 181.40736451697583 -118.62117792060485 8.1
endloop
endfacet
facet normal 0.2902846772544479 0.9569403357322133 0
outer loop
vertex 181.12597485145227 -118.53581929876691 9.7
vertex 181.40736451697583 -118.62117792060485 8.1
vertex 181.12597485145227 -118.53581929876691 8.1
endloop
endfacet
facet normal 0.09801714032956006 0.9951847266721969 0
outer loop
vertex 181.4073645169758 -118.62117792060485 9.7
vertex 181.70000000000002 -118.65 9.7
vertex 181.70000000000002 -118.65 8.1
endloop
endfacet
facet normal 0.09801714032956006 0.9951847266721969 0
outer loop
vertex 181.4073645169758 -118.62117792060485 9.7
vertex 181.70000000000002 -118.65 8.1
vertex 181.40736451697583 -118.62117792060485 8.1
endloop
endfacet
facet normal -0.09801714032957415 0.9951847266721956 0
outer loop
vertex 181.70000000000002 -118.65 9.7
vertex 181.99263548302423 -118.62117792060485 9.7
vertex 181.99263548302412 -118.62117792060485 8.1
endloop
endfacet
facet normal -0.09801714032957415 0.9951847266721956 0
outer loop
vertex 181.70000000000002 -118.65 9.7
vertex 181.99263548302412 -118.62117792060485 8.1
vertex 181.70000000000002 -118.65 8.1
endloop
endfacet
facet normal -0.2902846772544479 0.9569403357322133 0
outer loop
vertex 181.99263548302423 -118.62117792060485 9.7
vertex 182.27402514854768 -118.53581929876691 9.7
vertex 182.27402514854768 -118.53581929876691 8.1
endloop
endfacet
facet normal -0.2902846772544479 0.9569403357322133 0
outer loop
vertex 181.99263548302423 -118.62117792060485 9.7
vertex 182.27402514854768 -118.53581929876691 8.1
vertex 181.99263548302412 -118.62117792060485 8.1
endloop
endfacet
facet normal -0.47139673682602534 0.8819212643483402 0
outer loop
vertex 182.27402514854768 -118.53581929876691 9.7
vertex 182.53335534952924 -118.39720441845391 9.7
vertex 182.53335534952936 -118.39720441845387 8.1
endloop
endfacet
facet normal -0.47139673682602534 0.8819212643483402 0
outer loop
vertex 182.27402514854768 -118.53581929876691 9.7
vertex 182.53335534952936 -118.39720441845387 8.1
vertex 182.27402514854768 -118.53581929876691 8.1
endloop
endfacet
facet normal -0.6343932841636518 0.7730104533627319 0
outer loop
vertex 182.53335534952924 -118.39720441845391 9.7
vertex 182.76066017177988 -118.21066017177981 9.7
vertex 182.7606601717797 -118.21066017177981 8.1
endloop
endfacet
facet normal -0.6343932841636518 0.7730104533627319 0
outer loop
vertex 182.53335534952924 -118.39720441845391 9.7
vertex 182.7606601717797 -118.21066017177981 8.1
vertex 182.53335534952936 -118.39720441845387 8.1
endloop
endfacet
facet normal -0.7730104533627711 0.6343932841636039 0
outer loop
vertex 182.76066017177988 -118.21066017177981 9.7
vertex 182.9472044184538 -117.9833553495294 9.7
vertex 182.94720441845394 -117.98335534952945 8.1
endloop
endfacet
facet normal -0.7730104533627711 0.6343932841636039 0
outer loop
vertex 182.76066017177988 -118.21066017177981 9.7
vertex 182.94720441845394 -117.98335534952945 8.1
vertex 182.7606601717797 -118.21066017177981 8.1
endloop
endfacet
facet normal -0.8819212643483284 0.47139673682604744 0
outer loop
vertex 182.9472044184538 -117.9833553495294 9.7
vertex 183.08581929876703 -117.72402514854744 9.7
vertex 183.0858192987669 -117.72402514854741 8.1
endloop
endfacet
facet normal -0.8819212643483284 0.47139673682604744 0
outer loop
vertex 182.9472044184538 -117.9833553495294 9.7
vertex 183.0858192987669 -117.72402514854741 8.1
vertex 182.94720441845394 -117.98335534952945 8.1
endloop
endfacet
facet normal -0.9569403357322133 0.2902846772544479 0
outer loop
vertex 183.08581929876703 -117.72402514854744 9.7
vertex 183.17117792060483 -117.44263548302453 9.7
vertex 183.17117792060478 -117.44263548302459 8.1
endloop
endfacet
facet normal -0.9569403357322133 0.2902846772544479 0
outer loop
vertex 183.08581929876703 -117.72402514854744 9.7
vertex 183.17117792060478 -117.44263548302459 8.1
vertex 183.0858192987669 -117.72402514854741 8.1
endloop
endfacet
facet normal -0.9951847266721956 0.09801714032957415 0
outer loop
vertex 217.20869122060486 -135.8268946830244 9.7
vertex 217.2375133 -135.5342592000001 9.7
vertex 217.2375133 -135.53425920000004 8.1
endloop
endfacet
facet normal -0.9951847266721956 0.09801714032957415 0
outer loop
vertex 217.20869122060486 -135.8268946830244 9.7
vertex 217.2375133 -135.53425920000004 8.1
vertex 217.2086912206048 -135.82689468302442 8.1
endloop
endfacet
facet normal -0.9951847266721927 -0.09801714032960263 0
outer loop
vertex 217.2375133 -135.5342592000001 9.7
vertex 217.2086912206048 -135.24162371697574 9.7
vertex 217.20869122060483 -135.2416237169758 8.1
endloop
endfacet
facet normal -0.9951847266721927 -0.09801714032960263 0
outer loop
vertex 217.2375133 -135.5342592000001 9.7
vertex 217.20869122060483 -135.2416237169758 8.1
vertex 217.2375133 -135.53425920000004 8.1
endloop
endfacet
facet normal -0.9569403357322217 -0.2902846772544199 0
outer loop
vertex 217.2086912206048 -135.24162371697574 9.7
vertex 217.12333259876686 -134.96023405145223 9.7
vertex 217.1233325987669 -134.9602340514523 8.1
endloop
endfacet
facet normal -0.9569403357322217 -0.2902846772544199 0
outer loop
vertex 217.2086912206048 -135.24162371697574 9.7
vertex 217.1233325987669 -134.9602340514523 8.1
vertex 217.20869122060483 -135.2416237169758 8.1
endloop
endfacet
facet normal -0.8819212643483268 -0.47139673682605043 0
outer loop
vertex 217.12333259876686 -134.96023405145223 9.7
vertex 216.98471771845382 -134.7009038504706 9.7
vertex 216.9847177184538 -134.7009038504706 8.1
endloop
endfacet
facet normal -0.8819212643483268 -0.47139673682605043 0
outer loop
vertex 217.12333259876686 -134.96023405145223 9.7
vertex 216.9847177184538 -134.7009038504706 8.1
vertex 217.1233325987669 -134.9602340514523 8.1
endloop
endfacet
facet normal -0.7730104533627862 -0.6343932841635858 0
outer loop
vertex 216.98471771845382 -134.7009038504706 9.7
vertex 216.7981734717799 -134.47359902822026 9.7
vertex 216.79817347177982 -134.4735990282202 8.1
endloop
endfacet
facet normal -0.7730104533627862 -0.6343932841635858 0
outer loop
vertex 216.98471771845382 -134.7009038504706 9.7
vertex 216.79817347177982 -134.4735990282202 8.1
vertex 216.9847177184538 -134.7009038504706 8.1
endloop
endfacet
facet normal -0.6343932841636032 -0.7730104533627716 0
outer loop
vertex 216.7981734717799 -134.47359902822026 9.7
vertex 216.57086864952936 -134.28705478154617 9.7
vertex 216.57086864952927 -134.28705478154615 8.1
endloop
endfacet
facet normal -0.6343932841636032 -0.7730104533627716 0
outer loop
vertex 216.7981734717799 -134.47359902822026 9.7
vertex 216.57086864952927 -134.28705478154615 8.1
vertex 216.79817347177982 -134.4735990282202 8.1
endloop
endfacet
facet normal 0 0 -1
outer loop
vertex 216.57086864952936 -134.28705478154617 9.7
vertex 216.5392562463264 -134.27015760000003 9.7
vertex 216.31153844854776 -134.14843990123313 9.7
endloop
endfacet
facet normal 0 0 -1
outer loop
vertex 216.57086864952936 -134.28705478154617 9.7
vertex 216.31153844854776 -134.14843990123313 9.7
vertex 216.3115384485476 -134.14843990123308 8.1
endloop
endfacet
facet normal 0 0 -1
outer loop
vertex 216.57086864952936 -134.28705478154617 9.7
vertex 216.3115384485476 -134.14843990123308 8.1
vertex 216.53925624632637 -134.27015760000003 8.1
endloop
endfacet
facet normal 0 0 -1
outer loop
vertex 216.57086864952936 -134.28705478154617 9.7
vertex 216.53925624632637 -134.27015760000003 8.1
vertex 216.57086864952927 -134.28705478154615 8.1
endloop
endfacet
facet normal -0.2902846772544479 -0.9569403357322133 0
outer loop
vertex 216.31153844854776 -134.14843990123313 9.7
vertex 216.030148783024 -134.06308127939513 9.7
vertex 216.03014878302412 -134.06308127939516 8.1
endloop
endfacet
facet normal -0.2902846772544479 -0.9569403357322133 0
outer loop
vertex 216.31153844854776 -134.14843990123313 9.7
vertex 216.03014878302412 -134.06308127939516 8.1
vertex 216.3115384485476 -134.14843990123308 8.1
endloop
endfacet
facet normal -0.09801714032954582 -0.9951847266721984 0
outer loop
vertex 216.030148783024 -134.06308127939513 9.7
vertex 215.7375133000001 -134.0342592 9.7
vertex 215.73751329999993 -134.0342592 8.1
endloop
endfacet
facet normal -0.09801714032954582 -0.9951847266721984 0
outer loop
vertex 216.030148783024 -134.06308127939513 9.7
vertex 215.73751329999993 -134.0342592 8.1
vertex 216.03014878302412 -134.06308127939516 8.1
endloop
endfacet
facet normal 0.09801714032957415 -0.9951847266721956 0
outer loop
vertex 215.7375133000001 -134.0342592 9.7
vertex 215.44487781697572 -134.06308127939513 9.7
vertex 215.44487781697578 -134.06308127939516 8.1
endloop
endfacet
facet normal 0.09801714032957415 -0.9951847266721956 0
outer loop
vertex 215.7375133000001 -134.0342592 9.7
vertex 215.44487781697578 -134.06308127939516 8.1
vertex 215.73751329999993 -134.0342592 8.1
endloop
endfacet
facet normal 0.2902846772544479 -0.9569403357322133 0
outer loop
vertex 215.44487781697572 -134.06308127939513 9.7
vertex 215.1634881514523 -134.14843990123313 9.7
vertex 215.16348815145238 -134.14843990123308 8.1
endloop
endfacet
facet normal 0.2902846772544479 -0.9569403357322133 0
outer loop
vertex 215.44487781697572 -134.06308127939513 9.7
vertex 215.16348815145238 -134.14843990123308 8.1
vertex 215.44487781697578 -134.06308127939516 8.1
endloop
endfacet
facet normal 0.47139673682604755 -0.8819212643483285 0
outer loop
vertex 215.1634881514523 -134.14843990123313 9.7
vertex 214.90415795047056 -134.28705478154617 9.7
vertex 214.90415795047053 -134.28705478154615 8.1
endloop
endfacet
facet normal 0.47139673682604755 -0.8819212643483285 0
outer loop
vertex 215.1634881514523 -134.14843990123313 9.7
vertex 214.90415795047053 -134.28705478154615 8.1
vertex 215.16348815145238 -134.14843990123308 8.1
endloop
endfacet
facet normal 0.63439328416359 -0.7730104533627825 0
outer loop
vertex 214.90415795047056 -134.28705478154617 9.7
vertex 214.67685312822024 -134.47359902822026 9.7
vertex 214.67685312822022 -134.4735990282202 8.1
endloop
endfacet
facet normal 0.63439328416359 -0.7730104533627825 0
outer loop
vertex 214.90415795047056 -134.28705478154617 9.7
vertex 214.67685312822022 -134.4735990282202 8.1
vertex 214.90415795047053 -134.28705478154615 8.1
endloop
endfacet
facet normal 0.7730104533627825 -0.63439328416359 0
outer loop
vertex 214.67685312822024 -134.47359902822026 9.7
vertex 214.49030888154618 -134.7009038504706 9.7
vertex 214.49030888154624 -134.7009038504706 8.1
endloop
endfacet
facet normal 0.7730104533627825 -0.63439328416359 0
outer loop
vertex 214.67685312822024 -134.47359902822026 9.7
vertex 214.49030888154624 -134.7009038504706 8.1
vertex 214.67685312822022 -134.4735990282202 8.1
endloop
endfacet
facet normal 0.8819212643483402 -0.47139673682602534 0
outer loop
vertex 214.49030888154618 -134.7009038504706 9.7
vertex 214.35169400123308 -134.96023405145223 9.7
vertex 214.35169400123308 -134.9602340514523 8.1
endloop
endfacet
facet normal 0.8819212643483402 -0.47139673682602534 0
outer loop
vertex 214.49030888154618 -134.7009038504706 9.7
vertex 214.35169400123308 -134.9602340514523 8.1
vertex 214.49030888154624 -134.7009038504706 8.1
endloop
endfacet
facet normal 0.9569403357322042 -0.2902846772544779 0
outer loop
vertex 214.35169400123308 -134.96023405145223 9.7
vertex 214.2663353793951 -135.24162371697574 9.7
vertex 214.2663353793951 -135.2416237169758 8.1
endloop
endfacet
facet normal 0.9569403357322042 -0.2902846772544779 0
outer loop
vertex 214.35169400123308 -134.96023405145223 9.7
vertex 214.2663353793951 -135.2416237169758 8.1
vertex 214.35169400123308 -134.9602340514523 8.1
endloop
endfacet
facet normal 0.9951847266721928 -0.09801714032960264 0
outer loop
vertex 214.2663353793951 -135.24162371697574 9.7
vertex 214.2375133 -135.5342592000001 9.7
vertex 214.23751329999996 -135.53425920000004 8.1
endloop
endfacet
facet normal 0.9951847266721928 -0.09801714032960264 0
outer loop
vertex 214.2663353793951 -135.24162371697574 9.7
vertex 214.23751329999996 -135.53425920000004 8.1
vertex 214.2663353793951 -135.2416237169758 8.1
endloop
endfacet
facet normal 0.9951847266721957 0.09801714032957415 0
outer loop
vertex 214.2375133 -135.5342592000001 9.7
vertex 214.2663353793952 -135.8268946830244 9.7
vertex 214.26633537939517 -135.82689468302442 8.1
endloop
endfacet
facet normal 0.9951847266721957 0.09801714032957415 0
outer loop
vertex 214.2375133 -135.5342592000001 9.7
vertex 214.26633537939517 -135.82689468302442 8.1
vertex 214.23751329999996 -135.53425920000004 8.1
endloop
endfacet
facet normal 0.9569403357322133 0.2902846772544479 0
outer loop
vertex 214.2663353793952 -135.8268946830244 9.7
vertex 214.35169400123303 -136.10828434854753 9.7
vertex 214.35169400123294 -136.10828434854744 8.1
endloop
endfacet
facet normal 0.9569403357322133 0.2902846772544479 0
outer loop
vertex 214.2663353793952 -135.8268946830244 9.7
vertex 214.35169400123294 -136.10828434854744 8.1
vertex 214.26633537939517 -135.82689468302442 8.1
endloop
endfacet
facet normal 0.8819212643483418 0.4713967368260224 0
outer loop
vertex 214.35169400123303 -136.10828434854753 9.7
vertex 214.49030888154618 -136.36761454952938 9.7
vertex 214.49030888154618 -136.36761454952938 8.1
endloop
endfacet
facet normal 0.8819212643483418 0.4713967368260224 0
outer loop
vertex 214.35169400123303 -136.10828434854753 9.7
vertex 214.49030888154618 -136.36761454952938 8.1
vertex 214.35169400123294 -136.10828434854744 8.1
endloop
endfacet
facet normal 0.7730104533627861 0.6343932841635858 0
outer loop
vertex 214.49030888154618 -136.36761454952938 9.7
vertex 214.6768531282202 -136.59491937177995 9.7
vertex 214.67685312822022 -136.59491937177987 8.1
endloop
endfacet
facet normal 0.7730104533627861 0.6343932841635858 0
outer loop
vertex 214.49030888154618 -136.36761454952938 9.7
vertex 214.67685312822022 -136.59491937177987 8.1
vertex 214.49030888154618 -136.36761454952938 8.1
endloop
endfacet
facet normal 0.634393284163582 0.7730104533627893 0
outer loop
vertex 214.6768531282202 -136.59491937177995 9.7
vertex 214.90415795047068 -136.78146361845387 9.7
vertex 214.90415795047068 -136.78146361845387 8.1
endloop
endfacet
facet normal 0.634393284163582 0.7730104533627893 0
outer loop
vertex 214.6768531282202 -136.59491937177995 9.7
vertex 214.90415795047068 -136.78146361845387 8.1
vertex 214.67685312822022 -136.59491937177987 8.1
endloop
endfacet
facet normal 0.4713967368260694 0.8819212643483166 0
outer loop
vertex 214.90415795047068 -136.78146361845387 9.7
vertex 215.16348815145227 -136.9200784987669 9.7
vertex 215.16348815145219 -136.92007849876686 8.1
endloop
endfacet
facet normal 0.4713967368260694 0.8819212643483166 0
outer loop
vertex 214.90415795047068 -136.78146361845387 9.7
vertex 215.16348815145219 -136.92007849876686 8.1
vertex 214.90415795047068 -136.78146361845387 8.1
endloop
endfacet
facet normal 0.2902846772544479 0.9569403357322133 0
outer loop
vertex 215.16348815145227 -136.9200784987669 9.7
vertex 215.44487781697592 -137.00543712060488 9.7
vertex 215.4448778169759 -137.00543712060485 8.1
endloop
endfacet
facet normal 0.2902846772544479 0.9569403357322133 0
outer loop
vertex 215.16348815145227 -136.9200784987669 9.7
vertex 215.4448778169759 -137.00543712060485 8.1
vertex 215.16348815145219 -136.92007849876686 8.1
endloop
endfacet
facet normal 0.09801714032954582 0.9951847266721984 0
outer loop
vertex 215.44487781697592 -137.00543712060488 9.7
vertex 215.73751329999982 -137.0342592 9.7
vertex 215.73751330000007 -137.0342592 8.1
endloop
endfacet
facet normal 0.09801714032954582 0.9951847266721984 0
outer loop
vertex 215.44487781697592 -137.00543712060488 9.7
vertex 215.73751330000007 -137.0342592 8.1
vertex 215.4448778169759 -137.00543712060485 8.1
endloop
endfacet
facet normal -0.09801714032954566 0.9951847266721985 0
outer loop
vertex 215.73751329999982 -137.0342592 9.7
vertex 216.03014878302383 -137.00543712060488 9.7
vertex 216.0301487830242 -137.00543712060485 8.1
endloop
endfacet
facet normal -0.09801714032954566 0.9951847266721985 0
outer loop
vertex 215.73751329999982 -137.0342592 9.7
vertex 216.0301487830242 -137.00543712060485 8.1
vertex 215.73751330000007 -137.0342592 8.1
endloop
endfacet
facet normal -0.2902846772544199 0.9569403357322217 0
outer loop
vertex 216.03014878302383 -137.00543712060488 9.7
vertex 216.31153844854788 -136.9200784987669 9.7
vertex 216.31153844854757 -136.92007849876686 8.1
endloop
endfacet
facet normal -0.2902846772544199 0.9569403357322217 0
outer loop
vertex 216.03014878302383 -137.00543712060488 9.7
vertex 216.31153844854757 -136.92007849876686 8.1
vertex 216.0301487830242 -137.00543712060485 8.1
endloop
endfacet
facet normal -0.47139673682601946 0.8819212643483434 0
outer loop
vertex 216.31153844854788 -136.9200784987669 9.7
vertex 216.57086864952907 -136.78146361845387 9.7
vertex 216.57086864952953 -136.78146361845387 8.1
endloop
endfacet
facet normal -0.47139673682601946 0.8819212643483434 0
outer loop
vertex 216.31153844854788 -136.9200784987669 9.7
vertex 216.57086864952953 -136.78146361845387 8.1
vertex 216.31153844854757 -136.92007849876686 8.1
endloop
endfacet
facet normal -0.63439328416359 0.7730104533627825 0
outer loop
vertex 216.57086864952907 -136.78146361845387 9.7
vertex 216.79817347177976 -136.59491937177995 9.7
vertex 216.7981734717798 -136.59491937177987 8.1
endloop
endfacet
facet normal -0.63439328416359 0.7730104533627825 0
outer loop
vertex 216.57086864952907 -136.78146361845387 9.7
vertex 216.7981734717798 -136.59491937177987 8.1
vertex 216.57086864952953 -136.78146361845387 8.1
endloop
endfacet
facet normal -0.7730104533627711 0.6343932841636039 0
outer loop
vertex 216.79817347177976 -136.59491937177995 9.7
vertex 216.9847177184538 -136.36761454952938 9.7
vertex 216.98471771845382 -136.36761454952938 8.1
endloop
endfacet
facet normal -0.7730104533627711 0.6343932841636039 0
outer loop
vertex 216.79817347177976 -136.59491937177995 9.7
vertex 216.98471771845382 -136.36761454952938 8.1
vertex 216.7981734717798 -136.59491937177987 8.1
endloop
endfacet
facet normal -0.8819212643483402 0.47139673682602534 0
outer loop
vertex 216.9847177184538 -136.36761454952938 9.7
vertex 217.12333259876695 -136.10828434854753 9.7
vertex 217.12333259876695 -136.10828434854744 8.1
endloop
endfacet
facet normal -0.8819212643483402 0.47139673682602534 0
outer loop
vertex 216.9847177184538 -136.36761454952938 9.7
vertex 217.12333259876695 -136.10828434854744 8.1
vertex 216.98471771845382 -136.36761454952938 8.1
endloop
endfacet
facet normal -0.9569403357322133 0.2902846772544479 0
outer loop
vertex 217.12333259876695 -136.10828434854753 9.7
vertex 217.20869122060486 -135.8268946830244 9.7
vertex 217.2086912206048 -135.82689468302442 8.1
endloop
endfacet
facet normal -0.9569403357322133 0.2902846772544479 0
outer loop
vertex 217.12333259876695 -136.10828434854753 9.7
vertex 217.2086912206048 -135.82689468302442 8.1
vertex 217.12333259876695 -136.10828434854744 8.1
endloop
endfacet
facet normal 1 0 0
outer loop
vertex 205.5 -77.125 8.1
vertex 205.5 -63.125 8.1
vertex 205.5 -61.125 8.1
endloop
endfacet
facet normal 1 0 0
outer loop
vertex 205.5 -77.125 8.1
vertex 205.5 -61.125 8.1
vertex 205.5 -61.09617792060485 8.1
endloop
endfacet
facet normal 1 0 0
outer loop
vertex 205.5 -77.125 8.1
vertex 205.5 -61.09617792060485 8.1
vertex 205.5 -61.01081929876691 8.1
endloop
endfacet
facet normal 1 0 0
outer loop
vertex 205.5 -77.125 8.1
vertex 205.5 -61.01081929876691 8.1
vertex 205.5 -60.872204418453826 8.1
endloop
endfacet
facet normal 1 0 0
outer loop
vertex 205.5 -77.125 8.1
vertex 205.5 -60.872204418453826 8.1
vertex 205.5 -60.68566017177983 8.1
endloop
endfacet
facet normal 1 0 0
outer loop
vertex 205.5 -77.125 8.1
vertex 205.5 -60.68566017177983 8.1
vertex 205.5 -60.45835534952968 8.1
endloop
endfacet
facet normal 1 0 0
outer loop
vertex 205.5 -77.125 8.1
vertex 205.5 -60.45835534952968 8.1
vertex 205.5 -60.19902514854748 8.1
endloop
endfacet
facet normal 1 0 0
outer loop
vertex 205.5 -77.125 8.1
vertex 205.5 -60.19902514854748 8.1
vertex 205.5 -59.917635483024306 8.1
endloop
endfacet
facet normal 1 0 0
outer loop
vertex 205.5 -77.125 8.1
vertex 205.5 -59.917635483024306 8.1
vertex 205.5 -59.62499999999985 8.1
endloop
endfacet
facet normal 1 0 0
outer loop
vertex 205.5 -77.125 8.1
vertex 205.5 -59.62499999999985 8.1
vertex 205.5 -59.332364516976064 8.1
endloop
endfacet
facet normal 1 0 0
outer loop
vertex 205.5 -77.125 8.1
vertex 205.5 -59.332364516976064 8.1
vertex 205.5 -59.050974851452125 8.1
endloop
endfacet
facet normal 1 0 0
outer loop
vertex 205.5 -77.125 8.1
vertex 205.5 -59.050974851452125 8.1
vertex 205.5 -58.79164465047061 8.1
endloop
endfacet
facet normal 1 0 0
outer loop
vertex 205.5 -77.125 8.1
vertex 205.5 -58.79164465047061 8.1
vertex 205.5 -58.56433982822027 8.1
endloop
endfacet
facet normal 1 0 0
outer loop
vertex 205.5 -77.125 8.1
vertex 205.5 -58.56433982822027 8.1
vertex 205.5 -58.377795581546145 8.1
endloop
endfacet
facet normal 1 0 0
outer loop
vertex 205.5 -77.125 8.1
vertex 205.5 -58.377795581546145 8.1
vertex 205.5 -58.23918070123306 8.1
endloop
endfacet
facet normal 1 0 0
outer loop
vertex 205.5 -77.125 8.1
vertex 205.5 -58.23918070123306 8.1
vertex 205.5 -58.153822079395155 8.1
endloop
endfacet
facet normal 1 0 0
outer loop
vertex 205.5 -77.125 8.1
vertex 205.5 -58.153822079395155 8.1
vertex 205.5 -58.125 8.1
endloop
endfacet
facet normal 1 0 0
outer loop
vertex 205.5 -77.125 8.1
vertex 205.5 -58.125 8.1
vertex 205.5 -44.125 8.1
endloop
endfacet
facet normal 1 0 0
outer loop
vertex 205.5 -77.125 8.1
vertex 205.5 -44.125 8.1
vertex 205.5 -42.12499999999979 8.1
endloop
endfacet
facet normal 1 0 0
outer loop
vertex 205.5 -77.125 8.1
vertex 205.5 -42.12499999999979 8.1
vertex 205.5 -42.12499999999981 9.7
endloop
endfacet
facet normal 1 0 0
outer loop
vertex 205.5 -77.125 8.1
vertex 205.5 -42.12499999999981 9.7
vertex 205.5 -44.125 9.7
endloop
endfacet
facet normal 1 0 0
outer loop
vertex 205.5 -77.125 8.1
vertex 205.5 -44.125 9.7
vertex 205.5 -58.125 9.7
endloop
endfacet
facet normal 1 0 0
outer loop
vertex 205.5 -77.125 8.1
vertex 205.5 -58.125 9.7
vertex 205.5 -58.153822079395155 9.7
endloop
endfacet
facet normal 1 0 0
outer loop
vertex 205.5 -77.125 8.1
vertex 205.5 -58.153822079395155 9.7
vertex 205.5 -58.23918070123306 9.7
endloop
endfacet
facet normal 1 0 0
outer loop
vertex 205.5 -77.125 8.1
vertex 205.5 -58.23918070123306 9.7
vertex 205.5 -58.37779558154617 9.7
endloop
endfacet
facet normal 1 0 0
outer loop
vertex 205.5 -77.125 8.1
vertex 205.5 -58.37779558154617 9.7
vertex 205.5 -58.56433982822023 9.7
endloop
endfacet
facet normal 1 0 0
outer loop
vertex 205.5 -77.125 8.1
vertex 205.5 -58.56433982822023 9.7
vertex 205.5 -58.79164465047054 9.7
endloop
endfacet
facet normal 1 0 0
outer loop
vertex 205.5 -77.125 8.1
vertex 205.5 -58.79164465047054 9.7
vertex 205.5 -59.05097485145216 9.7
endloop
endfacet
facet normal 1 0 0
outer loop
vertex 205.5 -77.125 8.1
vertex 205.5 -59.05097485145216 9.7
vertex 205.5 -59.332364516976135 9.7
endloop
endfacet
facet normal 1 0 0
outer loop
vertex 205.5 -77.125 8.1
vertex 205.5 -59.332364516976135 9.7
vertex 205.5 -59.62499999999993 9.7
endloop
endfacet
facet normal 1 0 0
outer loop
vertex 205.5 -77.125 8.1
vertex 205.5 -59.62499999999993 9.7
vertex 205.5 -59.91763548302412 9.7
endloop
endfacet
facet normal 1 0 0
outer loop
vertex 205.5 -77.125 8.1
vertex 205.5 -59.91763548302412 9.7
vertex 205.5 -60.199025148547435 9.7
endloop
endfacet
facet normal 1 0 0
outer loop
vertex 205.5 -77.125 8.1
vertex 205.5 -60.199025148547435 9.7
vertex 205.5 -60.45835534952956 9.7
endloop
endfacet
facet normal 1 0 0
outer loop
vertex 205.5 -77.125 8.1
vertex 205.5 -60.45835534952956 9.7
vertex 205.5 -60.68566017177981 9.7
endloop
endfacet
facet normal 1 0 0
outer loop
vertex 205.5 -77.125 8.1
vertex 205.5 -60.68566017177981 9.7
vertex 205.5 -60.872204418453805 9.7
endloop
endfacet
facet normal 1 0 0
outer loop
vertex 205.5 -77.125 8.1
vertex 205.5 -60.872204418453805 9.7
vertex 205.5 -61.01081929876692 9.7
endloop
endfacet
facet normal 1 0 0
outer loop
vertex 205.5 -77.125 8.1
vertex 205.5 -61.01081929876692 9.7
vertex 205.5 -61.096177920604845 9.7
endloop
endfacet
facet normal 1 0 0
outer loop
vertex 205.5 -77.125 8.1
vertex 205.5 -61.096177920604845 9.7
vertex 205.5 -61.125 9.7
endloop
endfacet
facet normal 1 0 0
outer loop
vertex 205.5 -77.125 8.1
vertex 205.5 -61.125 9.7
vertex 205.5 -63.125 9.7
endloop
endfacet
facet normal 1 0 0
outer loop
vertex 205.5 -77.125 8.1
vertex 205.5 -63.125 9.7
vertex 205.5 -77.125 9.7
endloop
endfacet
facet normal 1 0 0
outer loop
vertex 205.5 -77.125 8.1
vertex 205.5 -77.125 9.7
vertex 205.5 -78.675 9.7
endloop
endfacet
facet normal 1 0 0
outer loop
vertex 205.5 -77.125 8.1
vertex 205.5 -78.675 9.7
vertex 205.5 -78.675 8.1
endloop
endfacet
facet normal 0.9998960568536833 -0.014417887794536456 0
outer loop
vertex 209.0547337898121 -120.675 9.7
vertex 209.05054525 -120.96547974999993 9.7
vertex 209.05054525 -120.96547975000011 8.1
endloop
endfacet
facet normal 0.9998960568536833 -0.014417887794536456 0
outer loop
vertex 209.0547337898121 -120.675 9.7
vertex 209.05054525 -120.96547975000011 8.1
vertex 209.0547337898121 -120.675 8.1
endloop
endfacet
facet normal 0.087155742747683 -0.9961946980917434 0
outer loop
vertex 233.37229635533393 -120.6446155060244 9.7
vertex 233.02499999999992 -120.675 9.7
vertex 233.02500000000003 -120.675 8.1
endloop
endfacet
facet normal 0.087155742747683 -0.9961946980917434 0
outer loop
vertex 233.37229635533393 -120.6446155060244 9.7
vertex 233.02500000000003 -120.675 8.1
vertex 233.3722963553339 -120.64461550602441 8.1
endloop
endfacet
facet normal 0.2588190451025404 -0.9659258262890631 0
outer loop
vertex 233.70904028665154 -120.55438524157175 9.7
vertex 233.37229635533393 -120.6446155060244 9.7
vertex 233.3722963553339 -120.64461550602441 8.1
endloop
endfacet
facet normal 0.2588190451025404 -0.9659258262890631 0
outer loop
vertex 233.70904028665154 -120.55438524157175 9.7
vertex 233.3722963553339 -120.64461550602441 8.1
vertex 233.70904028665143 -120.5543852415718 8.1
endloop
endfacet
facet normal 0.42261826174066586 -0.9063077870366657 0
outer loop
vertex 234.0249999999999 -120.40705080756896 9.7
vertex 233.70904028665154 -120.55438524157175 9.7
vertex 233.70904028665143 -120.5543852415718 8.1
endloop
endfacet
facet normal 0.42261826174066586 -0.9063077870366657 0
outer loop
vertex 234.0249999999999 -120.40705080756896 9.7
vertex 233.70904028665143 -120.5543852415718 8.1
vertex 234.02499999999986 -120.40705080756898 8.1
endloop
endfacet
facet normal 0.5735764363510599 -0.8191520442889821 0
outer loop
vertex 234.3105752193732 -120.20708888623788 9.7
vertex 234.0249999999999 -120.40705080756896 9.7
vertex 234.02499999999986 -120.40705080756898 8.1
endloop
endfacet
facet normal 0.5735764363510599 -0.8191520442889821 0
outer loop
vertex 234.3105752193732 -120.20708888623788 9.7
vertex 234.02499999999986 -120.40705080756898 8.1
vertex 234.3105752193733 -120.2070888862378 8.1
endloop
endfacet
facet normal 0.707106781186576 -0.7071067811865192 0
outer loop
vertex 234.55708888623778 -119.96057521937328 9.7
vertex 234.3105752193732 -120.20708888623788 9.7
vertex 234.3105752193733 -120.2070888862378 8.1
endloop
endfacet
facet normal 0.707106781186576 -0.7071067811865192 0
outer loop
vertex 234.55708888623778 -119.96057521937328 9.7
vertex 234.3105752193733 -120.2070888862378 8.1
vertex 234.5570888862379 -119.9605752193732 8.1
endloop
endfacet
facet normal 0.8191520442889821 -0.5735764363510599 0
outer loop
vertex 234.75705080756873 -119.67500000000018 9.7
vertex 234.55708888623778 -119.96057521937328 9.7
vertex 234.5570888862379 -119.9605752193732 8.1
endloop
endfacet
facet normal 0.8191520442889821 -0.5735764363510599 0
outer loop
vertex 234.75705080756873 -119.67500000000018 9.7
vertex 234.5570888862379 -119.9605752193732 8.1
vertex 234.75705080756873 -119.67500000000025 8.1
endloop
endfacet
facet normal 0.9063077870366524 -0.4226182617406946 0
outer loop
vertex 234.90438524157184 -119.35904028665115 9.7
vertex 234.75705080756873 -119.67500000000018 9.7
vertex 234.75705080756873 -119.67500000000025 8.1
endloop
endfacet
facet normal 0.9063077870366524 -0.4226182617406946 0
outer loop
vertex 234.90438524157184 -119.35904028665115 9.7
vertex 234.75705080756873 -119.67500000000025 8.1
vertex 234.90438524157173 -119.35904028665148 8.1
endloop
endfacet
facet normal 0.9659258262890631 -0.2588190451025404 0
outer loop
vertex 234.99461550602442 -119.02229635533374 9.7
vertex 234.90438524157184 -119.35904028665115 9.7
vertex 234.90438524157173 -119.35904028665148 8.1
endloop
endfacet
facet normal 0.9659258262890631 -0.2588190451025404 0
outer loop
vertex 234.99461550602442 -119.02229635533374 9.7
vertex 234.90438524157173 -119.35904028665148 8.1
vertex 234.99461550602445 -119.02229635533352 8.1
endloop
endfacet
facet normal 0.9961946980917409 -0.08715574274771135 0
outer loop
vertex 235.025 -118.67499999999988 9.7
vertex 234.99461550602442 -119.02229635533374 9.7
vertex 234.99461550602445 -119.02229635533352 8.1
endloop
endfacet
facet normal 0.9961946980917409 -0.08715574274771135 0
outer loop
vertex 235.025 -118.67499999999988 9.7
vertex 234.99461550602445 -119.02229635533352 8.1
vertex 235.025 -118.67499999999998 8.1
endloop
endfacet
facet normal 1 0 0
outer loop
vertex 235.025 -118.65 8.1
vertex 235.025 -118.62117792060485 8.1
vertex 235.025 -118.53581929876691 8.1
endloop
endfacet
facet normal 1 0 0
outer loop
vertex 235.025 -118.65 8.1
vertex 235.025 -118.53581929876691 8.1
vertex 235.025 -118.39720441845387 8.1
endloop
endfacet
facet normal 1 0 0
outer loop
vertex 235.025 -118.65 8.1
vertex 235.025 -118.39720441845387 8.1
vertex 235.025 -118.21066017177981 8.1
endloop
endfacet
facet normal 1 0 0
outer loop
vertex 235.025 -118.65 8.1
vertex 235.025 -118.21066017177981 8.1
vertex 235.025 -117.98335534952945 8.1
endloop
endfacet
facet normal 1 0 0
outer loop
vertex 235.025 -118.65 8.1
vertex 235.025 -117.98335534952945 8.1
vertex 235.025 -117.72402514854741 8.1
endloop
endfacet
facet normal 1 0 0
outer loop
vertex 235.025 -118.65 8.1
vertex 235.025 -117.72402514854741 8.1
vertex 235.025 -117.44263548302459 8.1
endloop
endfacet
facet normal 1 0 0
outer loop
vertex 235.025 -118.65 8.1
vertex 235.025 -117.44263548302459 8.1
vertex 235.025 -117.14999999999982 8.1
endloop
endfacet
facet normal 1 0 0
outer loop
vertex 235.025 -118.65 8.1
vertex 235.025 -117.14999999999982 8.1
vertex 235.025 -116.85736451697603 8.1
endloop
endfacet
facet normal 1 0 0
outer loop
vertex 235.025 -118.65 8.1
vertex 235.025 -116.85736451697603 8.1
vertex 235.025 -116.57597485145226 8.1
endloop
endfacet
facet normal 1 0 0
outer loop
vertex 235.025 -118.65 8.1
vertex 235.025 -116.57597485145226 8.1
vertex 235.025 -116.31664465047055 8.1
endloop
endfacet
facet normal 1 0 0
outer loop
vertex 235.025 -118.65 8.1
vertex 235.025 -116.31664465047055 8.1
vertex 235.025 -116.08933982822019 8.1
endloop
endfacet
facet normal 1 0 0
outer loop
vertex 235.025 -118.65 8.1
vertex 235.025 -116.08933982822019 8.1
vertex 235.025 -115.90279558154617 8.1
endloop
endfacet
facet normal 1 0 0
outer loop
vertex 235.025 -118.65 8.1
vertex 235.025 -115.90279558154617 8.1
vertex 235.025 -115.76418070123307 8.1
endloop
endfacet
facet normal 1 0 0
outer loop
vertex 235.025 -118.65 8.1
vertex 235.025 -115.76418070123307 8.1
vertex 235.025 -115.67882207939515 8.1
endloop
endfacet
facet normal 1 0 0
outer loop
vertex 235.025 -118.65 8.1
vertex 235.025 -115.67882207939515 8.1
vertex 235.025 -115.64999999999999 8.1
endloop
endfacet
facet normal 1 0 0
outer loop
vertex 235.025 -118.65 8.1
vertex 235.025 -115.64999999999999 8.1
vertex 235.025 -115.125 8.1
endloop
endfacet
facet normal 1 0 0
outer loop
vertex 235.025 -118.65 8.1
vertex 235.025 -115.125 8.1
vertex 235.025 -101.125 8.1
endloop
endfacet
facet normal 1 0 0
outer loop
vertex 235.025 -118.65 8.1
vertex 235.025 -101.125 8.1
vertex 235.025 -98.75 8.1
endloop
endfacet
facet normal 1 0 0
outer loop
vertex 235.025 -118.65 8.1
vertex 235.025 -98.75 8.1
vertex 235.025 -96.125 8.1
endloop
endfacet
facet normal 1 0 0
outer loop
vertex 235.025 -118.65 8.1
vertex 235.025 -96.125 8.1
vertex 235.025 -94.70000000000026 8.1
endloop
endfacet
facet normal 1 0 0
outer loop
vertex 235.025 -118.65 8.1
vertex 235.025 -94.70000000000026 8.1
vertex 235.025 -94.6711779206023 8.1
endloop
endfacet
facet normal 1 0 0
outer loop
vertex 235.025 -118.65 8.1
vertex 235.025 -94.6711779206023 8.1
vertex 235.025 -94.58581929876938 8.1
endloop
endfacet
facet normal 1 0 0
outer loop
vertex 235.025 -118.65 8.1
vertex 235.025 -94.58581929876938 8.1
vertex 235.025 -94.44720441845747 8.1
endloop
endfacet
facet normal 1 0 0
outer loop
vertex 235.025 -118.65 8.1
vertex 235.025 -94.44720441845747 8.1
vertex 235.025 -94.26066017178331 8.1
endloop
endfacet
facet normal 1 0 0
outer loop
vertex 235.025 -118.65 8.1
vertex 235.025 -94.26066017178331 8.1
vertex 235.025 -94.03335534953466 8.1
endloop
endfacet
facet normal 1 0 0
outer loop
vertex 235.025 -118.65 8.1
vertex 235.025 -94.03335534953466 8.1
vertex 235.025 -93.77402514851137 8.1
endloop
endfacet
facet normal 1 0 0
outer loop
vertex 235.025 -118.65 8.1
vertex 235.025 -93.77402514851137 8.1
vertex 235.025 -93.49263548303978 8.1
endloop
endfacet
facet normal 1 0 0
outer loop
vertex 235.025 -118.65 8.1
vertex 235.025 -93.49263548303978 8.1
vertex 235.025 -93.19999999998872 8.1
endloop
endfacet
facet normal 1 0 0
outer loop
vertex 235.025 -118.65 8.1
vertex 235.025 -93.19999999998872 8.1
vertex 235.025 -92.90736451699274 8.1
endloop
endfacet
facet normal 1 0 0
outer loop
vertex 235.025 -118.65 8.1
vertex 235.025 -92.90736451699274 8.1
vertex 235.025 -92.62597485144667 8.1
endloop
endfacet
facet normal 1 0 0
outer loop
vertex 235.025 -118.65 8.1
vertex 235.025 -92.62597485144667 8.1
vertex 235.025 -92.36664465045914 8.1
endloop
endfacet
facet normal 1 0 0
outer loop
vertex 235.025 -118.65 8.1
vertex 235.025 -92.36664465045914 8.1
vertex 235.025 -92.13933982826137 8.1
endloop
endfacet
facet normal 1 0 0
outer loop
vertex 235.025 -118.65 8.1
vertex 235.025 -92.13933982826137 8.1
vertex 235.025 -91.95279558153248 8.1
endloop
endfacet
facet normal 1 0 0
outer loop
vertex 235.025 -118.65 8.1
vertex 235.025 -91.95279558153248 8.1
vertex 235.025 -91.81418070123128 8.1
endloop
endfacet
facet normal 1 0 0
outer loop
vertex 235.025 -118.65 8.1
vertex 235.025 -91.81418070123128 8.1
vertex 235.025 -91.7288220793926 8.1
endloop
endfacet
facet normal 1 0 0
outer loop
vertex 235.025 -118.65 8.1
vertex 235.025 -91.7288220793926 8.1
vertex 235.025 -91.69999999999992 8.1
endloop
endfacet
facet normal 1 0 0
outer loop
vertex 235.025 -118.65 8.1
vertex 235.025 -91.69999999999992 8.1
vertex 235.025 -82.125 8.1
endloop
endfacet
facet normal 1 0 0
outer loop
vertex 235.025 -118.65 8.1
vertex 235.025 -82.125 8.1
vertex 235.025 -80.6750000000001 8.1
endloop
endfacet
facet normal 1 0 0
outer loop
vertex 235.025 -118.65 8.1
vertex 235.025 -80.6750000000001 8.1
vertex 235.025 -80.67500000000007 9.7
endloop
endfacet
facet normal 1 0 0
outer loop
vertex 235.025 -118.65 8.1
vertex 235.025 -80.67500000000007 9.7
vertex 235.025 -82.125 9.7
endloop
endfacet
facet normal 1 0 0
outer loop
vertex 235.025 -118.65 8.1
vertex 235.025 -82.125 9.7
vertex 235.025 -91.69999999999993 9.7
endloop
endfacet
facet normal 1 0 0
outer loop
vertex 235.025 -118.65 8.1
vertex 235.025 -91.69999999999993 9.7
vertex 235.025 -91.7288220793926 9.7
endloop
endfacet
facet normal 1 0 0
outer loop
vertex 235.025 -118.65 8.1
vertex 235.025 -91.7288220793926 9.7
vertex 235.025 -91.8141807012313 9.7
endloop
endfacet
facet normal 1 0 0
outer loop
vertex 235.025 -118.65 8.1
vertex 235.025 -91.8141807012313 9.7
vertex 235.025 -91.95279558153251 9.7
endloop
endfacet
facet normal 1 0 0
outer loop
vertex 235.025 -118.65 8.1
vertex 235.025 -91.95279558153251 9.7
vertex 235.025 -92.13933982826124 9.7
endloop
endfacet
facet normal 1 0 0
outer loop
vertex 235.025 -118.65 8.1
vertex 235.025 -92.13933982826124 9.7
vertex 235.025 -92.36664465045926 9.7
endloop
endfacet
facet normal 1 0 0
outer loop
vertex 235.025 -118.65 8.1
vertex 235.025 -92.36664465045926 9.7
vertex 235.025 -92.62597485144656 9.7
endloop
endfacet
facet normal 1 0 0
outer loop
vertex 235.025 -118.65 8.1
vertex 235.025 -92.62597485144656 9.7
vertex 235.025 -92.90736451699254 9.7
endloop
endfacet
facet normal 1 0 0
outer loop
vertex 235.025 -118.65 8.1
vertex 235.025 -92.90736451699254 9.7
vertex 235.025 -93.19999999998893 9.7
endloop
endfacet
facet normal 1 0 0
outer loop
vertex 235.025 -118.65 8.1
vertex 235.025 -93.19999999998893 9.7
vertex 235.025 -93.49263548303978 9.7
endloop
endfacet
facet normal 1 0 0
outer loop
vertex 235.025 -118.65 8.1
vertex 235.025 -93.49263548303978 9.7
vertex 235.025 -93.77402514851146 9.7
endloop
endfacet
facet normal 1 0 0
outer loop
vertex 235.025 -118.65 8.1
vertex 235.025 -93.77402514851146 9.7
vertex 235.025 -94.03335534953466 9.7
endloop
endfacet
facet normal 1 0 0
outer loop
vertex 235.025 -118.65 8.1
vertex 235.025 -94.03335534953466 9.7
vertex 235.025 -94.26066017178339 9.7
endloop
endfacet
facet normal 1 0 0
outer loop
vertex 235.025 -118.65 8.1
vertex 235.025 -94.26066017178339 9.7
vertex 235.025 -94.44720441845746 9.7
endloop
endfacet
facet normal 1 0 0
outer loop
vertex 235.025 -118.65 8.1
vertex 235.025 -94.44720441845746 9.7
vertex 235.025 -94.58581929876937 9.7
endloop
endfacet
facet normal 1 0 0
outer loop
vertex 235.025 -118.65 8.1
vertex 235.025 -94.58581929876937 9.7
vertex 235.025 -94.67117792060229 9.7
endloop
endfacet
facet normal 1 0 0
outer loop
vertex 235.025 -118.65 8.1
vertex 235.025 -94.67117792060229 9.7
vertex 235.025 -94.70000000000026 9.7
endloop
endfacet
facet normal 1 0 0
outer loop
vertex 235.025 -118.65 8.1
vertex 235.025 -94.70000000000026 9.7
vertex 235.025 -96.125 9.7
endloop
endfacet
facet normal 1 0 0
outer loop
vertex 235.025 -118.65 8.1
vertex 235.025 -96.125 9.7
vertex 235.025 -98.75 9.7
endloop
endfacet
facet normal 1 0 0
outer loop
vertex 235.025 -118.65 8.1
vertex 235.025 -98.75 9.7
vertex 235.025 -101.125 9.7
endloop
endfacet
facet normal 1 0 0
outer loop
vertex 235.025 -118.65 8.1
vertex 235.025 -101.125 9.7
vertex 235.025 -115.125 9.7
endloop
endfacet
facet normal 1 0 0
outer loop
vertex 235.025 -118.65 8.1
vertex 235.025 -115.125 9.7
vertex 235.025 -115.65 9.7
endloop
endfacet
facet normal 1 0 0
outer loop
vertex 235.025 -118.65 8.1
vertex 235.025 -115.65 9.7
vertex 235.025 -115.67882207939515 9.7
endloop
endfacet
facet normal 1 0 0
outer loop
vertex 235.025 -118.65 8.1
vertex 235.025 -115.67882207939515 9.7
vertex 235.025 -115.76418070123309 9.7
endloop
endfacet
facet normal 1 0 0
outer loop
vertex 235.025 -118.65 8.1
vertex 235.025 -115.76418070123309 9.7
vertex 235.025 -115.90279558154617 9.7
endloop
endfacet
facet normal 1 0 0
outer loop
vertex 235.025 -118.65 8.1
vertex 235.025 -115.90279558154617 9.7
vertex 235.025 -116.08933982822025 9.7
endloop
endfacet
facet normal 1 0 0
outer loop
vertex 235.025 -118.65 8.1
vertex 235.025 -116.08933982822025 9.7
vertex 235.025 -116.31664465047054 9.7
endloop
endfacet
facet normal 1 0 0
outer loop
vertex 235.025 -118.65 8.1
vertex 235.025 -116.31664465047054 9.7
vertex 235.025 -116.57597485145243 9.7
endloop
endfacet
facet normal 1 0 0
outer loop
vertex 235.025 -118.65 8.1
vertex 235.025 -116.57597485145243 9.7
vertex 235.025 -116.85736451697595 9.7
endloop
endfacet
facet normal 1 0 0
outer loop
vertex 235.025 -118.65 8.1
vertex 235.025 -116.85736451697595 9.7
vertex 235.025 -117.14999999999995 9.7
endloop
endfacet
facet normal 1 0 0
outer loop
vertex 235.025 -118.65 8.1
vertex 235.025 -117.14999999999995 9.7
vertex 235.025 -117.44263548302453 9.7
endloop
endfacet
facet normal 1 0 0
outer loop
vertex 235.025 -118.65 8.1
vertex 235.025 -117.44263548302453 9.7
vertex 235.025 -117.72402514854744 9.7
endloop
endfacet
facet normal 1 0 0
outer loop
vertex 235.025 -118.65 8.1
vertex 235.025 -117.72402514854744 9.7
vertex 235.025 -117.9833553495294 9.7
endloop
endfacet
facet normal 1 0 0
outer loop
vertex 235.025 -118.65 8.1
vertex 235.025 -117.9833553495294 9.7
vertex 235.025 -118.21066017177981 9.7
endloop
endfacet
facet normal 1 0 0
outer loop
vertex 235.025 -118.65 8.1
vertex 235.025 -118.21066017177981 9.7
vertex 235.025 -118.39720441845391 9.7
endloop
endfacet
facet normal 1 0 0
outer loop
vertex 235.025 -118.65 8.1
vertex 235.025 -118.39720441845391 9.7
vertex 235.025 -118.53581929876691 9.7
endloop
endfacet
facet normal 1 0 0
outer loop
vertex 235.025 -118.65 8.1
vertex 235.025 -118.53581929876691 9.7
vertex 235.025 -118.62117792060485 9.7
endloop
endfacet
facet normal 1 0 0
outer loop
vertex 235.025 -118.65 8.1
vertex 235.025 -118.62117792060485 9.7
vertex 235.025 -118.65 9.7
endloop
endfacet
facet normal 1 0 0
outer loop
vertex 235.025 -118.65 8.1
vertex 235.025 -118.65 9.7
vertex 235.025 -118.67499999999988 9.7
endloop
endfacet
facet normal 1 0 0
outer loop
vertex 235.025 -118.65 8.1
vertex 235.025 -118.67499999999988 9.7
vertex 235.025 -118.67499999999998 8.1
endloop
endfacet
facet normal 0.9961946980917434 0.08715574274768315 0
outer loop
vertex 234.99461550602442 -80.32770364466613 9.7
vertex 235.025 -80.67500000000007 9.7
vertex 235.025 -80.6750000000001 8.1
endloop
endfacet
facet normal 0.9961946980917434 0.08715574274768315 0
outer loop
vertex 234.99461550602442 -80.32770364466613 9.7
vertex 235.025 -80.6750000000001 8.1
vertex 234.99461550602442 -80.32770364466607 8.1
endloop
endfacet
facet normal 0.9659258262890631 0.2588190451025404 0
outer loop
vertex 234.9043852415718 -79.9909597133486 9.7
vertex 234.99461550602442 -80.32770364466613 9.7
vertex 234.99461550602442 -80.32770364466607 8.1
endloop
endfacet
facet normal 0.9659258262890631 0.2588190451025404 0
outer loop
vertex 234.9043852415718 -79.9909597133486 9.7
vertex 234.99461550602442 -80.32770364466607 8.1
vertex 234.90438524157187 -79.99095971334877 8.1
endloop
endfacet
facet normal 0 0 1
outer loop
vertex 234.7570508075689 -79.67500000000004 9.7
vertex 234.7920238819305 -79.75 9.7
vertex 234.9043852415718 -79.9909597133486 9.7
endloop
endfacet
facet normal 0 0 1
outer loop
vertex 234.7570508075689 -79.67500000000004 9.7
vertex 234.9043852415718 -79.9909597133486 9.7
vertex 234.90438524157187 -79.99095971334877 8.1
endloop
endfacet
facet normal 0 0 1
outer loop
vertex 234.7570508075689 -79.67500000000004 9.7
vertex 234.90438524157187 -79.99095971334877 8.1
vertex 234.7920238819305 -79.75 8.1
endloop
endfacet
facet normal 0 0 1
outer loop
vertex 234.7570508075689 -79.67500000000004 9.7
vertex 234.7920238819305 -79.75 8.1
vertex 234.75705080756887 -79.675 8.1
endloop
endfacet
facet normal 0.8191520442889821 0.5735764363510599 0
outer loop
vertex 234.55708888623792 -79.3894247806269 9.7
vertex 234.7570508075689 -79.67500000000004 9.7
vertex 234.75705080756887 -79.675 8.1
endloop
endfacet
facet normal 0.8191520442889821 0.5735764363510599 0
outer loop
vertex 234.55708888623792 -79.3894247806269 9.7
vertex 234.75705080756887 -79.675 8.1
vertex 234.55708888623795 -79.38942478062692 8.1
endloop
endfacet
facet normal 0.7071067811865405 0.7071067811865547 0
outer loop
vertex 234.31057521937305 -79.14291111376203 9.7
vertex 234.55708888623792 -79.3894247806269 9.7
vertex 234.55708888623795 -79.38942478062692 8.1
endloop
endfacet
facet normal 0.7071067811865405 0.7071067811865547 0
outer loop
vertex 234.31057521937305 -79.14291111376203 9.7
vertex 234.55708888623795 -79.38942478062692 8.1
vertex 234.31057521937316 -79.14291111376212 8.1
endloop
endfacet
facet normal 0.5735764363510599 0.8191520442889821 0
outer loop
vertex 234.02499999999995 -78.94294919243107 9.7
vertex 234.31057521937305 -79.14291111376203 9.7
vertex 234.31057521937316 -79.14291111376212 8.1
endloop
endfacet
facet normal 0.5735764363510599 0.8191520442889821 0
outer loop
vertex 234.02499999999995 -78.94294919243107 9.7
vertex 234.31057521937316 -79.14291111376212 8.1
vertex 234.02499999999992 -78.94294919243107 8.1
endloop
endfacet
facet normal 0.4226182617406773 0.9063077870366604 0
outer loop
vertex 233.7090402866514 -78.7956147584282 9.7
vertex 234.02499999999995 -78.94294919243107 9.7
vertex 234.02499999999992 -78.94294919243107 8.1
endloop
endfacet
facet normal 0.4226182617406773 0.9063077870366604 0
outer loop
vertex 233.7090402866514 -78.7956147584282 9.7
vertex 234.02499999999992 -78.94294919243107 8.1
vertex 233.7090402866514 -78.79561475842821 8.1
endloop
endfacet
facet normal 0.25881904510254106 0.9659258262890629 0
outer loop
vertex 233.37229635533384 -78.70538449397559 9.7
vertex 233.7090402866514 -78.7956147584282 9.7
vertex 233.7090402866514 -78.79561475842821 8.1
endloop
endfacet
facet normal 0.25881904510254106 0.9659258262890629 0
outer loop
vertex 233.37229635533384 -78.70538449397559 9.7
vertex 233.7090402866514 -78.79561475842821 8.1
vertex 233.3722963553338 -78.70538449397557 8.1
endloop
endfacet
facet normal 0.08715574274766881 0.9961946980917447 0
outer loop
vertex 233.02499999999998 -78.675 9.7
vertex 233.37229635533384 -78.70538449397559 9.7
vertex 233.3722963553338 -78.70538449397557 8.1
endloop
endfacet
facet normal 0.08715574274766881 0.9961946980917447 0
outer loop
vertex 233.02499999999998 -78.675 9.7
vertex 233.3722963553338 -78.70538449397557 8.1
vertex 233.0250000000001 -78.675 8.1
endloop
endfacet
facet normal 0 1 0
outer loop
vertex 233.02499999999998 -78.675 9.7
vertex 233.0250000000001 -78.675 8.1
vertex 205.5 -78.675 8.1
endloop
endfacet
facet normal 0 1 0
outer loop
vertex 233.02499999999998 -78.675 9.7
vertex 205.5 -78.675 8.1
vertex 205.5 -78.675 9.7
endloop
endfacet
facet normal 0 -1 0
outer loop
vertex 233.02500000000003 -120.675 8.1
vertex 233.02499999999992 -120.675 9.7
vertex 209.0547337898121 -120.675 9.7
endloop
endfacet
facet normal 0 -1 0
outer loop
vertex 233.02500000000003 -120.675 8.1
vertex 209.0547337898121 -120.675 9.7
vertex 209.0547337898121 -120.675 8.1
endloop
endfacet
facet normal -0.9951847266721956 0.09801714032957415 0
outer loop
vertex 232.42117792060372 -93.49263548303978 9.7
vertex 232.45000000000047 -93.19999999998893 9.7
vertex 232.45000000000044 -93.19999999998872 8.1
endloop
endfacet
facet normal -0.9951847266721956 0.09801714032957415 0
outer loop
vertex 232.42117792060372 -93.49263548303978 9.7
vertex 232.45000000000044 -93.19999999998872 8.1
vertex 232.42117792060264 -93.49263548303978 8.1
endloop
endfacet
facet normal -0.9951847266721956 -0.09801714032957415 0
outer loop
vertex 232.45000000000047 -93.19999999998893 9.7
vertex 232.42117792060802 -92.90736451699254 9.7
vertex 232.42117792060807 -92.90736451699274 8.1
endloop
endfacet
facet normal -0.9951847266721956 -0.09801714032957415 0
outer loop
vertex 232.45000000000047 -93.19999999998893 9.7
vertex 232.42117792060807 -92.90736451699274 8.1
vertex 232.45000000000044 -93.19999999998872 8.1
endloop
endfacet
facet normal -0.9569403357322133 -0.2902846772544479 0
outer loop
vertex 232.42117792060802 -92.90736451699254 9.7
vertex 232.33581929876325 -92.62597485144656 9.7
vertex 232.33581929876328 -92.62597485144667 8.1
endloop
endfacet
facet normal -0.9569403357322133 -0.2902846772544479 0
outer loop
vertex 232.42117792060802 -92.90736451699254 9.7
vertex 232.33581929876328 -92.62597485144667 8.1
vertex 232.42117792060807 -92.90736451699274 8.1
endloop
endfacet
facet normal -0.8819212643483284 -0.47139673682604744 0
outer loop
vertex 232.33581929876325 -92.62597485144656 9.7
vertex 232.19720441844717 -92.36664465045926 9.7
vertex 232.1972044184471 -92.36664465045914 8.1
endloop
endfacet
facet normal -0.8819212643483284 -0.47139673682604744 0
outer loop
vertex 232.33581929876325 -92.62597485144656 9.7
vertex 232.1972044184471 -92.36664465045914 8.1
vertex 232.33581929876328 -92.62597485144667 8.1
endloop
endfacet
facet normal -0.7730104533627572 -0.6343932841636208 0
outer loop
vertex 232.19720441844717 -92.36664465045926 9.7
vertex 232.0106601718162 -92.13933982826124 9.7
vertex 232.0106601718163 -92.13933982826137 8.1
endloop
endfacet
facet normal -0.7730104533627572 -0.6343932841636208 0
outer loop
vertex 232.19720441844717 -92.36664465045926 9.7
vertex 232.0106601718163 -92.13933982826137 8.1
vertex 232.1972044184471 -92.36664465045914 8.1
endloop
endfacet
facet normal -0.6343932841636596 -0.7730104533627256 0
outer loop
vertex 232.0106601718162 -92.13933982826124 9.7
vertex 231.7833553494991 -91.95279558153251 9.7
vertex 231.78335534949903 -91.95279558153248 8.1
endloop
endfacet
facet normal -0.6343932841636596 -0.7730104533627256 0
outer loop
vertex 232.0106601718162 -92.13933982826124 9.7
vertex 231.78335534949903 -91.95279558153248 8.1
vertex 232.0106601718163 -92.13933982826137 8.1
endloop
endfacet
facet normal -0.47139673682602595 -0.88192126434834 0
outer loop
vertex 231.7833553494991 -91.95279558153251 9.7
vertex 231.52402514853958 -91.8141807012313 9.7
vertex 231.52402514853955 -91.81418070123128 8.1
endloop
endfacet
facet normal -0.47139673682602595 -0.88192126434834 0
outer loop
vertex 231.7833553494991 -91.95279558153251 9.7
vertex 231.52402514853955 -91.81418070123128 8.1
vertex 231.78335534949903 -91.95279558153248 8.1
endloop
endfacet
facet normal -0.2902846772544479 -0.9569403357322133 0
outer loop
vertex 231.52402514853958 -91.8141807012313 9.7
vertex 231.24263548301354 -91.7288220793926 9.7
vertex 231.24263548301357 -91.7288220793926 8.1
endloop
endfacet
facet normal -0.2902846772544479 -0.9569403357322133 0
outer loop
vertex 231.52402514853958 -91.8141807012313 9.7
vertex 231.24263548301357 -91.7288220793926 8.1
vertex 231.52402514853955 -91.81418070123128 8.1
endloop
endfacet
facet normal -0.09801714032955997 -0.9951847266721969 0
outer loop
vertex 231.24263548301354 -91.7288220793926 9.7
vertex 230.95000000001457 -91.69999999999993 9.7
vertex 230.9500000000145 -91.69999999999992 8.1
endloop
endfacet
facet normal -0.09801714032955997 -0.9951847266721969 0
outer loop
vertex 231.24263548301354 -91.7288220793926 9.7
vertex 230.9500000000145 -91.69999999999992 8.1
vertex 231.24263548301357 -91.7288220793926 8.1
endloop
endfacet
facet normal 0.09801714032956006 -0.9951847266721969 0
outer loop
vertex 230.95000000001457 -91.69999999999993 9.7
vertex 230.6573645169667 -91.7288220793926 9.7
vertex 230.65736451701542 -91.7288220793926 8.1
endloop
endfacet
facet normal 0.09801714032956006 -0.9951847266721969 0
outer loop
vertex 230.95000000001457 -91.69999999999993 9.7
vertex 230.65736451701542 -91.7288220793926 8.1
vertex 230.9500000000145 -91.69999999999992 8.1
endloop
endfacet
facet normal 0.2902846772544479 -0.9569403357322133 0
outer loop
vertex 230.6573645169667 -91.7288220793926 9.7
vertex 230.37597485145693 -91.8141807012313 9.7
vertex 230.3759748514413 -91.81418070123128 8.1
endloop
endfacet
facet normal 0.2902846772544479 -0.9569403357322133 0
outer loop
vertex 230.6573645169667 -91.7288220793926 9.7
vertex 230.3759748514413 -91.81418070123128 8.1
vertex 230.65736451701542 -91.7288220793926 8.1
endloop
endfacet
facet normal 0.4713967368259914 -0.8819212643483584 0
outer loop
vertex 230.37597485145693 -91.8141807012313 9.7
vertex 230.1166446504584 -91.95279558153251 9.7
vertex 230.11664465049736 -91.95279558153248 8.1
endloop
endfacet
facet normal 0.4713967368259914 -0.8819212643483584 0
outer loop
vertex 230.37597485145693 -91.8141807012313 9.7
vertex 230.11664465049736 -91.95279558153248 8.1
vertex 230.3759748514413 -91.81418070123128 8.1
endloop
endfacet
facet normal 0.6343932841636518 -0.7730104533627319 0
outer loop
vertex 230.1166446504584 -91.95279558153251 9.7
vertex 229.88933982822513 -92.13933982826124 9.7
vertex 229.88933982814237 -92.13933982826137 8.1
endloop
endfacet
facet normal 0.6343932841636518 -0.7730104533627319 0
outer loop
vertex 230.1166446504584 -91.95279558153251 9.7
vertex 229.88933982814237 -92.13933982826137 8.1
vertex 230.11664465049736 -91.95279558153248 8.1
endloop
endfacet
facet normal 0.7730104533627825 -0.63439328416359 0
outer loop
vertex 229.88933982822513 -92.13933982826124 9.7
vertex 229.70279558154837 -92.36664465045926 9.7
vertex 229.70279558159217 -92.36664465045914 8.1
endloop
endfacet
facet normal 0.7730104533627825 -0.63439328416359 0
outer loop
vertex 229.88933982822513 -92.13933982826124 9.7
vertex 229.70279558159217 -92.36664465045914 8.1
vertex 229.88933982814237 -92.13933982826137 8.1
endloop
endfacet
facet normal 0.8819212643483284 -0.47139673682604744 0
outer loop
vertex 229.70279558154837 -92.36664465045926 9.7
vertex 229.56418070123362 -92.62597485144656 9.7
vertex 229.5641807012325 -92.62597485144667 8.1
endloop
endfacet
facet normal 0.8819212643483284 -0.47139673682604744 0
outer loop
vertex 229.70279558154837 -92.36664465045926 9.7
vertex 229.5641807012325 -92.62597485144667 8.1
vertex 229.70279558159217 -92.36664465045914 8.1
endloop
endfacet
facet normal 0.9569403357322133 -0.2902846772544479 0
outer loop
vertex 229.56418070123362 -92.62597485144656 9.7
vertex 229.47882207939398 -92.90736451699254 9.7
vertex 229.47882207938895 -92.90736451699274 8.1
endloop
endfacet
facet normal 0.9569403357322133 -0.2902846772544479 0
outer loop
vertex 229.56418070123362 -92.62597485144656 9.7
vertex 229.47882207938895 -92.90736451699274 8.1
vertex 229.5641807012325 -92.62597485144667 8.1
endloop
endfacet
facet normal 0.9951847266721956 -0.09801714032957415 0
outer loop
vertex 229.47882207939398 -92.90736451699254 9.7
vertex 229.45000000000033 -93.19999999998893 9.7
vertex 229.45000000000152 -93.19999999998872 8.1
endloop
endfacet
facet normal 0.9951847266721956 -0.09801714032957415 0
outer loop
vertex 229.47882207939398 -92.90736451699254 9.7
vertex 229.45000000000152 -93.19999999998872 8.1
vertex 229.47882207938895 -92.90736451699274 8.1
endloop
endfacet
facet normal 0.9951847266721956 0.09801714032957415 0
outer loop
vertex 229.45000000000033 -93.19999999998893 9.7
vertex 229.47882207939804 -93.49263548303978 9.7
vertex 229.47882207939813 -93.49263548303978 8.1
endloop
endfacet
facet normal 0.9951847266721956 0.09801714032957415 0
outer loop
vertex 229.45000000000033 -93.19999999998893 9.7
vertex 229.47882207939813 -93.49263548303978 8.1
vertex 229.45000000000152 -93.19999999998872 8.1
endloop
endfacet
facet normal 0.9569403357322133 0.2902846772544479 0
outer loop
vertex 229.47882207939804 -93.49263548303978 9.7
vertex 229.56418070122024 -93.77402514851146 9.7
vertex 229.5641807012202 -93.77402514851137 8.1
endloop
endfacet
facet normal 0.9569403357322133 0.2902846772544479 0
outer loop
vertex 229.47882207939804 -93.49263548303978 9.7
vertex 229.5641807012202 -93.77402514851137 8.1
vertex 229.47882207939813 -93.49263548303978 8.1
endloop
endfacet
facet normal 0.8819212643483103 0.4713967368260814 0
outer loop
vertex 229.56418070122024 -93.77402514851146 9.7
vertex 229.70279558155553 -94.03335534953466 9.7
vertex 229.70279558155553 -94.03335534953466 8.1
endloop
endfacet
facet normal 0.8819212643483103 0.4713967368260814 0
outer loop
vertex 229.56418070122024 -93.77402514851146 9.7
vertex 229.70279558155553 -94.03335534953466 8.1
vertex 229.5641807012202 -93.77402514851137 8.1
endloop
endfacet
facet normal 0.7730104533627572 0.6343932841636208 0
outer loop
vertex 229.70279558155553 -94.03335534953466 9.7
vertex 229.88933982822815 -94.26066017178339 9.7
vertex 229.88933982822806 -94.26066017178331 8.1
endloop
endfacet
facet normal 0.7730104533627572 0.6343932841636208 0
outer loop
vertex 229.70279558155553 -94.03335534953466 9.7
vertex 229.88933982822806 -94.26066017178331 8.1
vertex 229.70279558155553 -94.03335534953466 8.1
endloop
endfacet
facet normal 0.6343932841636442 0.7730104533627382 0
outer loop
vertex 229.88933982822815 -94.26066017178339 9.7
vertex 230.11664465047866 -94.44720441845746 9.7
vertex 230.1166446504787 -94.44720441845747 8.1
endloop
endfacet
facet normal 0.6343932841636442 0.7730104533627382 0
outer loop
vertex 229.88933982822815 -94.26066017178339 9.7
vertex 230.1166446504787 -94.44720441845747 8.1
vertex 229.88933982822806 -94.26066017178331 8.1
endloop
endfacet
facet normal 0.4713967368260049 0.8819212643483512 0
outer loop
vertex 230.11664465047866 -94.44720441845746 9.7
vertex 230.37597485145818 -94.58581929876937 9.7
vertex 230.37597485145818 -94.58581929876938 8.1
endloop
endfacet
facet normal 0.4713967368260049 0.8819212643483512 0
outer loop
vertex 230.11664465047866 -94.44720441845746 9.7
vertex 230.37597485145818 -94.58581929876938 8.1
vertex 230.1166446504787 -94.44720441845747 8.1
endloop
endfacet
facet normal 0.2902846772544479 0.9569403357322133 0
outer loop
vertex 230.37597485145818 -94.58581929876937 9.7
vertex 230.65736451696517 -94.67117792060229 9.7
vertex 230.65736451696517 -94.6711779206023 8.1
endloop
endfacet
facet normal 0.2902846772544479 0.9569403357322133 0
outer loop
vertex 230.37597485145818 -94.58581929876937 9.7
vertex 230.65736451696517 -94.6711779206023 8.1
vertex 230.37597485145818 -94.58581929876938 8.1
endloop
endfacet
facet normal 0.09801714032955997 0.9951847266721969 0
outer loop
vertex 230.65736451696517 -94.67117792060229 9.7
vertex 230.95000000001792 -94.70000000000026 9.7
vertex 230.95000000001787 -94.70000000000026 8.1
endloop
endfacet
facet normal 0.09801714032955997 0.9951847266721969 0
outer loop
vertex 230.65736451696517 -94.67117792060229 9.7
vertex 230.95000000001787 -94.70000000000026 8.1
vertex 230.65736451696517 -94.6711779206023 8.1
endloop
endfacet
facet normal -0.09801714032956006 0.9951847266721969 0
outer loop
vertex 230.95000000001792 -94.70000000000026 9.7
vertex 231.24263548307073 -94.67117792060229 9.7
vertex 231.24263548301164 -94.6711779206023 8.1
endloop
endfacet
facet normal -0.09801714032956006 0.9951847266721969 0
outer loop
vertex 230.95000000001792 -94.70000000000026 9.7
vertex 231.24263548301164 -94.6711779206023 8.1
vertex 230.95000000001787 -94.70000000000026 8.1
endloop
endfacet
facet normal -0.2902846772544479 0.9569403357322133 0
outer loop
vertex 231.24263548307073 -94.67117792060229 9.7
vertex 231.52402514852358 -94.58581929876937 9.7
vertex 231.52402514856325 -94.58581929876938 8.1
endloop
endfacet
facet normal -0.2902846772544479 0.9569403357322133 0
outer loop
vertex 231.24263548307073 -94.67117792060229 9.7
vertex 231.52402514856325 -94.58581929876938 8.1
vertex 231.24263548301164 -94.6711779206023 8.1
endloop
endfacet
facet normal -0.4713967368259914 0.8819212643483584 0
outer loop
vertex 231.52402514852358 -94.58581929876937 9.7
vertex 231.7833553495382 -94.44720441845746 9.7
vertex 231.78335534950864 -94.44720441845747 8.1
endloop
endfacet
facet normal -0.4713967368259914 0.8819212643483584 0
outer loop
vertex 231.52402514852358 -94.58581929876937 9.7
vertex 231.78335534950864 -94.44720441845747 8.1
vertex 231.52402514856325 -94.58581929876938 8.1
endloop
endfacet
facet normal -0.6343932841636518 0.7730104533627319 0
outer loop
vertex 231.7833553495382 -94.44720441845746 9.7
vertex 232.0106601717642 -94.26066017178339 9.7
vertex 232.0106601717852 -94.26066017178331 8.1
endloop
endfacet
facet normal -0.6343932841636518 0.7730104533627319 0
outer loop
vertex 231.7833553495382 -94.44720441845746 9.7
vertex 232.0106601717852 -94.26066017178331 8.1
vertex 231.78335534950864 -94.44720441845747 8.1
endloop
endfacet
facet normal -0.7730104533627825 0.63439328416359 0
outer loop
vertex 232.0106601717642 -94.26066017178339 9.7
vertex 232.19720441845345 -94.03335534953466 9.7
vertex 232.1972044184556 -94.03335534953466 8.1
endloop
endfacet
facet normal -0.7730104533627825 0.63439328416359 0
outer loop
vertex 232.0106601717642 -94.26066017178339 9.7
vertex 232.1972044184556 -94.03335534953466 8.1
vertex 232.0106601717852 -94.26066017178331 8.1
endloop
endfacet
facet normal -0.8819212643483252 0.4713967368260534 0
outer loop
vertex 232.19720441845345 -94.03335534953466 9.7
vertex 232.33581929878795 -93.77402514851146 9.7
vertex 232.33581929876746 -93.77402514851137 8.1
endloop
endfacet
facet normal -0.8819212643483252 0.4713967368260534 0
outer loop
vertex 232.19720441845345 -94.03335534953466 9.7
vertex 232.33581929876746 -93.77402514851137 8.1
vertex 232.1972044184556 -94.03335534953466 8.1
endloop
endfacet
facet normal -0.9569403357322133 0.2902846772544479 0
outer loop
vertex 232.33581929878795 -93.77402514851146 9.7
vertex 232.42117792060372 -93.49263548303978 9.7
vertex 232.42117792060264 -93.49263548303978 8.1
endloop
endfacet
facet normal -0.9569403357322133 0.2902846772544479 0
outer loop
vertex 232.33581929878795 -93.77402514851146 9.7
vertex 232.42117792060264 -93.49263548303978 8.1
vertex 232.33581929876746 -93.77402514851137 8.1
endloop
endfacet
endsolid csg.js
