solid csg.js
facet normal 0 0 -1
outer loop
vertex 156.57499999999993 -47.275000000000006 0
vertex 157.3564167995012 -47.34336511144507 0
vertex 158.1140906449655 -47.54638320646342 0
endloop
endfacet
facet normal 0 0 -1
outer loop
vertex 156.57499999999993 -47.275000000000006 0
vertex 158.1140906449655 -47.54638320646342 0
vertex 158.82500000000002 -47.87788568297003 0
endloop
endfacet
facet normal 0 0 -1
outer loop
vertex 156.57499999999993 -47.275000000000006 0
vertex 158.82500000000002 -47.87788568297003 0
vertex 159.4675442435894 -48.327800005964576 0
endloop
endfacet
facet normal 0 0 -1
outer loop
vertex 156.57499999999993 -47.275000000000006 0
vertex 159.4675442435894 -48.327800005964576 0
vertex 160.02219999403542 -48.88245575641059 0
endloop
endfacet
facet normal 0 0 -1
outer loop
vertex 156.57499999999993 -47.275000000000006 0
vertex 160.02219999403542 -48.88245575641059 0
vertex 160.47211431703002 -49.52500000000006 0
endloop
endfacet
facet normal 0 0 -1
outer loop
vertex 156.57499999999993 -47.275000000000006 0
vertex 160.47211431703002 -49.52500000000006 0
vertex 160.80361679353655 -50.23590935503446 0
endloop
endfacet
facet normal 0 0 -1
outer loop
vertex 156.57499999999993 -47.275000000000006 0
vertex 160.80361679353655 -50.23590935503446 0
vertex 161.00663488855494 -50.993583200498925 0
endloop
endfacet
facet normal 0 0 -1
outer loop
vertex 156.57499999999993 -47.275000000000006 0
vertex 161.00663488855494 -50.993583200498925 0
vertex 161.075 -51.774999999999984 0
endloop
endfacet
facet normal 0 0 -1
outer loop
vertex 156.57499999999993 -47.275000000000006 0
vertex 161.075 -51.774999999999984 0
vertex 161.075 -66.99999999999999 0
endloop
endfacet
facet normal 0 0 -1
outer loop
vertex 156.57499999999993 -47.275000000000006 0
vertex 161.075 -66.99999999999999 0
vertex 95.925 -66.99999999999999 0
endloop
endfacet
facet normal 0 0 -1
outer loop
vertex 156.57499999999993 -47.275000000000006 0
vertex 95.925 -66.99999999999999 0
vertex 95.925 -51.774999999999984 0
endloop
endfacet
facet normal 0 0 -1
outer loop
vertex 156.57499999999993 -47.275000000000006 0
vertex 95.925 -51.774999999999984 0
vertex 95.99336511144504 -50.993583200498925 0
endloop
endfacet
facet normal 0 0 -1
outer loop
vertex 156.57499999999993 -47.275000000000006 0
vertex 95.99336511144504 -50.993583200498925 0
vertex 96.1963832064634 -50.23590935503446 0
endloop
endfacet
facet normal 0 0 -1
outer loop
vertex 156.57499999999993 -47.275000000000006 0
vertex 96.1963832064634 -50.23590935503446 0
vertex 96.52788568297005 -49.52500000000006 0
endloop
endfacet
facet normal 0 0 -1
outer loop
vertex 156.57499999999993 -47.275000000000006 0
vertex 96.52788568297005 -49.52500000000006 0
vertex 96.97780000596458 -48.88245575641059 0
endloop
endfacet
facet normal 0 0 -1
outer loop
vertex 156.57499999999993 -47.275000000000006 0
vertex 96.97780000596458 -48.88245575641059 0
vertex 97.53245575641061 -48.327800005964576 0
endloop
endfacet
facet normal 0 0 -1
outer loop
vertex 156.57499999999993 -47.275000000000006 0
vertex 97.53245575641061 -48.327800005964576 0
vertex 98.17499999999991 -47.87788568297003 0
endloop
endfacet
facet normal 0 0 -1
outer loop
vertex 156.57499999999993 -47.275000000000006 0
vertex 98.17499999999991 -47.87788568297003 0
vertex 98.88590935503449 -47.54638320646342 0
endloop
endfacet
facet normal 0 0 -1
outer loop
vertex 156.57499999999993 -47.275000000000006 0
vertex 98.88590935503449 -47.54638320646342 0
vertex 99.64358320049881 -47.34336511144507 0
endloop
endfacet
facet normal 0 0 -1
outer loop
vertex 156.57499999999993 -47.275000000000006 0
vertex 99.64358320049881 -47.34336511144507 0
vertex 100.42500000000005 -47.275000000000006 0
endloop
endfacet
facet normal 0 0 -1
outer loop
vertex 161.075 -66.99999999999999 0
vertex 161.10538449397558 -67.34729635533385 0
vertex 95.89461550602441 -67.34729635533385 0
endloop
endfacet
facet normal 0 0 -1
outer loop
vertex 161.075 -66.99999999999999 0
vertex 95.89461550602441 -67.34729635533385 0
vertex 95.925 -66.99999999999999 0
endloop
endfacet
facet normal 0 0 -1
outer loop
vertex 161.10538449397558 -67.34729635533385 0
vertex 161.19561475842818 -67.68404028665137 0
vertex 95.80438524157181 -67.68404028665137 0
endloop
endfacet
facet normal 0 0 -1
outer loop
vertex 161.10538449397558 -67.34729635533385 0
vertex 95.80438524157181 -67.68404028665137 0
vertex 95.89461550602441 -67.34729635533385 0
endloop
endfacet
facet normal 0 0 -1
outer loop
vertex 161.19561475842818 -67.68404028665137 0
vertex 161.3429491924311 -67.99999999999997 0
vertex 95.65705080756891 -67.99999999999997 0
endloop
endfacet
facet normal 0 0 -1
outer loop
vertex 161.19561475842818 -67.68404028665137 0
vertex 95.65705080756891 -67.99999999999997 0
vertex 95.80438524157181 -67.68404028665137 0
endloop
endfacet
facet normal 0 0 -1
outer loop
vertex 161.3429491924311 -67.99999999999997 0
vertex 161.54291111376207 -68.28557521937309 0
vertex 95.45708888623798 -68.28557521937309 0
endloop
endfacet
facet normal 0 0 -1
outer loop
vertex 161.3429491924311 -67.99999999999997 0
vertex 95.45708888623798 -68.28557521937309 0
vertex 95.65705080756891 -67.99999999999997 0
endloop
endfacet
facet normal 0 0 -1
outer loop
vertex 161.54291111376207 -68.28557521937309 0
vertex 161.789424780627 -68.53208888623801 0
vertex 95.21057521937301 -68.53208888623801 0
endloop
endfacet
facet normal 0 0 -1
outer loop
vertex 161.54291111376207 -68.28557521937309 0
vertex 95.21057521937301 -68.53208888623801 0
vertex 95.45708888623798 -68.28557521937309 0
endloop
endfacet
facet normal 0 0 -1
outer loop
vertex 161.789424780627 -68.53208888623801 0
vertex 162.07499999999993 -68.73205080756885 0
vertex 94.92500000000008 -68.73205080756885 0
endloop
endfacet
facet normal 0 0 -1
outer loop
vertex 161.789424780627 -68.53208888623801 0
vertex 94.92500000000008 -68.73205080756885 0
vertex 95.21057521937301 -68.53208888623801 0
endloop
endfacet
facet normal 0 0 -1
outer loop
vertex 162.07499999999993 -68.73205080756885 0
vertex 162.3909597133487 -68.87938524157184 0
vertex 94.60904028665124 -68.87938524157184 0
endloop
endfacet
facet normal 0 0 -1
outer loop
vertex 162.07499999999993 -68.73205080756885 0
vertex 94.60904028665124 -68.87938524157184 0
vertex 94.92500000000008 -68.73205080756885 0
endloop
endfacet
facet normal 0 0 -1
outer loop
vertex 162.3909597133487 -68.87938524157184 0
vertex 162.72770364466612 -68.96961550602441 0
vertex 94.27229635533389 -68.96961550602441 0
endloop
endfacet
facet normal 0 0 -1
outer loop
vertex 162.3909597133487 -68.87938524157184 0
vertex 94.27229635533389 -68.96961550602441 0
vertex 94.60904028665124 -68.87938524157184 0
endloop
endfacet
facet normal 0 0 -1
outer loop
vertex 162.72770364466612 -68.96961550602441 0
vertex 163.07499999999996 -69 0
vertex 93.92500000000001 -69 0
endloop
endfacet
facet normal 0 0 -1
outer loop
vertex 162.72770364466612 -68.96961550602441 0
vertex 93.92500000000001 -69 0
vertex 94.27229635533389 -68.96961550602441 0
endloop
endfacet
facet normal 0 0 -1
outer loop
vertex 93.92500000000001 -69 0
vertex 163.07499999999996 -69 0
vertex 165.5 -69 0
endloop
endfacet
facet normal 0 0 -1
outer loop
vertex 93.92500000000001 -69 0
vertex 165.5 -69 0
vertex 166.2814167995012 -69.06836511144506 0
endloop
endfacet
facet normal 0 0 -1
outer loop
vertex 93.92500000000001 -69 0
vertex 166.2814167995012 -69.06836511144506 0
vertex 167.0390906449655 -69.27138320646343 0
endloop
endfacet
facet normal 0 0 -1
outer loop
vertex 93.92500000000001 -69 0
vertex 167.0390906449655 -69.27138320646343 0
vertex 167.74999999999997 -69.60288568297001 0
endloop
endfacet
facet normal 0 0 -1
outer loop
vertex 93.92500000000001 -69 0
vertex 167.74999999999997 -69.60288568297001 0
vertex 168.39254424358944 -70.05280000596464 0
endloop
endfacet
facet normal 0 0 -1
outer loop
vertex 93.92500000000001 -69 0
vertex 168.39254424358944 -70.05280000596464 0
vertex 168.94719999403543 -70.60745575641059 0
endloop
endfacet
facet normal 0 0 -1
outer loop
vertex 93.92500000000001 -69 0
vertex 168.94719999403543 -70.60745575641059 0
vertex 169.39711431702997 -71.25000000000009 0
endloop
endfacet
facet normal 0 0 -1
outer loop
vertex 93.92500000000001 -69 0
vertex 169.39711431702997 -71.25000000000009 0
vertex 169.72861679353662 -71.96090935503459 0
endloop
endfacet
facet normal 0 0 -1
outer loop
vertex 93.92500000000001 -69 0
vertex 169.72861679353662 -71.96090935503459 0
vertex 169.93163488855492 -72.71858320049873 0
endloop
endfacet
facet normal 0 0 -1
outer loop
vertex 93.92500000000001 -69 0
vertex 169.93163488855492 -72.71858320049873 0
vertex 170 -73.49999999999991 0
endloop
endfacet
facet normal 0 0 -1
outer loop
vertex 93.92500000000001 -69 0
vertex 170 -73.49999999999991 0
vertex 170 -89.99999999999993 0
endloop
endfacet
facet normal 0 0 -1
outer loop
vertex 93.92500000000001 -69 0
vertex 170 -89.99999999999993 0
vertex 147.50000000001222 -89.99999999999993 0
endloop
endfacet
facet normal 0 0 -1
outer loop
vertex 93.92500000000001 -69 0
vertex 147.50000000001222 -89.99999999999993 0
vertex 109.50000000000509 -89.99999999999993 0
endloop
endfacet
facet normal 0 0 -1
outer loop
vertex 93.92500000000001 -69 0
vertex 109.50000000000509 -89.99999999999993 0
vertex 87 -89.99999999999993 0
endloop
endfacet
facet normal 0 0 -1
outer loop
vertex 93.92500000000001 -69 0
vertex 87 -89.99999999999993 0
vertex 87 -73.49999999999991 0
endloop
endfacet
facet normal 0 0 -1
outer loop
vertex 93.92500000000001 -69 0
vertex 87 -73.49999999999991 0
vertex 87.06836511144506 -72.71858320049873 0
endloop
endfacet
facet normal 0 0 -1
outer loop
vertex 93.92500000000001 -69 0
vertex 87.06836511144506 -72.71858320049873 0
vertex 87.27138320646337 -71.96090935503459 0
endloop
endfacet
facet normal 0 0 -1
outer loop
vertex 93.92500000000001 -69 0
vertex 87.27138320646337 -71.96090935503459 0
vertex 87.60288568296998 -71.25000000000009 0
endloop
endfacet
facet normal 0 0 -1
outer loop
vertex 93.92500000000001 -69 0
vertex 87.60288568296998 -71.25000000000009 0
vertex 88.0528000059646 -70.60745575641059 0
endloop
endfacet
facet normal 0 0 -1
outer loop
vertex 93.92500000000001 -69 0
vertex 88.0528000059646 -70.60745575641059 0
vertex 88.60745575641053 -70.05280000596464 0
endloop
endfacet
facet normal 0 0 -1
outer loop
vertex 93.92500000000001 -69 0
vertex 88.60745575641053 -70.05280000596464 0
vertex 89.25000000000003 -69.60288568297001 0
endloop
endfacet
facet normal 0 0 -1
outer loop
vertex 93.92500000000001 -69 0
vertex 89.25000000000003 -69.60288568297001 0
vertex 89.96090935503445 -69.27138320646343 0
endloop
endfacet
facet normal 0 0 -1
outer loop
vertex 93.92500000000001 -69 0
vertex 89.96090935503445 -69.27138320646343 0
vertex 90.71858320049884 -69.06836511144506 0
endloop
endfacet
facet normal 0 0 -1
outer loop
vertex 93.92500000000001 -69 0
vertex 90.71858320049884 -69.06836511144506 0
vertex 91.50000000000006 -69 0
endloop
endfacet
facet normal 0 0 -1
outer loop
vertex 109.50000000000509 -89.99999999999993 0
vertex 109.20736451699088 -90.0288220793941 0
vertex 87 -90.0288220793941 0
endloop
endfacet
facet normal 0 0 -1
outer loop
vertex 109.50000000000509 -89.99999999999993 0
vertex 87 -90.0288220793941 0
vertex 87 -89.99999999999993 0
endloop
endfacet
facet normal 0 0 -1
outer loop
vertex 147.50000000001222 -89.99999999999993 0
vertex 147.20736451699796 -90.0288220793941 0
vertex 109.79263548301934 -90.0288220793941 0
endloop
endfacet
facet normal 0 0 -1
outer loop
vertex 147.50000000001222 -89.99999999999993 0
vertex 109.79263548301934 -90.0288220793941 0
vertex 109.50000000000509 -89.99999999999993 0
endloop
endfacet
facet normal 0 0 -1
outer loop
vertex 170 -89.99999999999993 0
vertex 170 -90.0288220793941 0
vertex 147.79263548301427 -90.0288220793941 0
endloop
endfacet
facet normal 0 0 -1
outer loop
vertex 170 -89.99999999999993 0
vertex 147.79263548301427 -90.0288220793941 0
vertex 147.50000000001222 -89.99999999999993 0
endloop
endfacet
facet normal 0 0 -1
outer loop
vertex 109.20736451699088 -90.0288220793941 0
vertex 108.92597485145023 -90.11418070123291 0
vertex 87 -90.11418070123291 0
endloop
endfacet
facet normal 0 0 -1
outer loop
vertex 109.20736451699088 -90.0288220793941 0
vertex 87 -90.11418070123291 0
vertex 87 -90.0288220793941 0
endloop
endfacet
facet normal 0 0 -1
outer loop
vertex 147.20736451699796 -90.0288220793941 0
vertex 146.92597485144395 -90.11418070123291 0
vertex 110.07402514854572 -90.11418070123291 0
endloop
endfacet
facet normal 0 0 -1
outer loop
vertex 147.20736451699796 -90.0288220793941 0
vertex 110.07402514854572 -90.11418070123291 0
vertex 109.79263548301934 -90.0288220793941 0
endloop
endfacet
facet normal 0 0 -1
outer loop
vertex 170 -90.0288220793941 0
vertex 170 -90.11418070123291 0
vertex 148.07402514855445 -90.11418070123291 0
endloop
endfacet
facet normal 0 0 -1
outer loop
vertex 170 -90.0288220793941 0
vertex 148.07402514855445 -90.11418070123291 0
vertex 147.79263548301427 -90.0288220793941 0
endloop
endfacet
facet normal 0 0 -1
outer loop
vertex 108.92597485145023 -90.11418070123291 0
vertex 108.66664465047262 -90.25279558154259 0
vertex 87 -90.25279558154259 0
endloop
endfacet
facet normal 0 0 -1
outer loop
vertex 108.92597485145023 -90.11418070123291 0
vertex 87 -90.25279558154259 0
vertex 87 -90.11418070123291 0
endloop
endfacet
facet normal 0 0 -1
outer loop
vertex 146.92597485144395 -90.11418070123291 0
vertex 146.6666446504825 -90.25279558154259 0
vertex 110.33335534952103 -90.25279558154259 0
endloop
endfacet
facet normal 0 0 -1
outer loop
vertex 146.92597485144395 -90.11418070123291 0
vertex 110.33335534952103 -90.25279558154259 0
vertex 110.07402514854572 -90.11418070123291 0
endloop
endfacet
facet normal 0 0 -1
outer loop
vertex 170 -90.11418070123291 0
vertex 170 -90.25279558154259 0
vertex 148.33335534953457 -90.25279558154259 0
endloop
endfacet
facet normal 0 0 -1
outer loop
vertex 170 -90.11418070123291 0
vertex 148.33335534953457 -90.25279558154259 0
vertex 148.07402514855445 -90.11418070123291 0
endloop
endfacet
facet normal 0 0 -1
outer loop
vertex 108.66664465047262 -90.25279558154259 0
vertex 108.4393398282107 -90.4393398282262 0
vertex 87 -90.4393398282262 0
endloop
endfacet
facet normal 0 0 -1
outer loop
vertex 108.66664465047262 -90.25279558154259 0
vertex 87 -90.4393398282262 0
vertex 87 -90.25279558154259 0
endloop
endfacet
facet normal 0 0 -1
outer loop
vertex 146.6666446504825 -90.25279558154259 0
vertex 146.4393398282054 -90.4393398282262 0
vertex 110.56066017178314 -90.4393398282262 0
endloop
endfacet
facet normal 0 0 -1
outer loop
vertex 146.6666446504825 -90.25279558154259 0
vertex 110.56066017178314 -90.4393398282262 0
vertex 110.33335534952103 -90.25279558154259 0
endloop
endfacet
facet normal 0 0 -1
outer loop
vertex 170 -90.25279558154259 0
vertex 170 -90.4393398282262 0
vertex 148.5606601717808 -90.4393398282262 0
endloop
endfacet
facet normal 0 0 -1
outer loop
vertex 170 -90.25279558154259 0
vertex 148.5606601717808 -90.4393398282262 0
vertex 148.33335534953457 -90.25279558154259 0
endloop
endfacet
facet normal 0 0 -1
outer loop
vertex 108.4393398282107 -90.4393398282262 0
vertex 108.25279558155155 -90.66664465046898 0
vertex 87 -90.66664465046898 0
endloop
endfacet
facet normal 0 0 -1
outer loop
vertex 108.4393398282107 -90.4393398282262 0
vertex 87 -90.66664465046898 0
vertex 87 -90.4393398282262 0
endloop
endfacet
facet normal 0 0 -1
outer loop
vertex 146.4393398282054 -90.4393398282262 0
vertex 146.25279558155276 -90.66664465046898 0
vertex 110.74720441845089 -90.66664465046898 0
endloop
endfacet
facet normal 0 0 -1
outer loop
vertex 146.4393398282054 -90.4393398282262 0
vertex 110.74720441845089 -90.66664465046898 0
vertex 110.56066017178314 -90.4393398282262 0
endloop
endfacet
facet normal 0 0 -1
outer loop
vertex 170 -90.4393398282262 0
vertex 170 -90.66664465046898 0
vertex 148.74720441844244 -90.66664465046898 0
endloop
endfacet
facet normal 0 0 -1
outer loop
vertex 170 -90.4393398282262 0
vertex 148.74720441844244 -90.66664465046898 0
vertex 148.5606601717808 -90.4393398282262 0
endloop
endfacet
facet normal 0 0 -1
outer loop
vertex 108.25279558155155 -90.66664465046898 0
vertex 108.11418070122826 -90.9259748514614 0
vertex 87 -90.9259748514614 0
endloop
endfacet
facet normal 0 0 -1
outer loop
vertex 108.25279558155155 -90.66664465046898 0
vertex 87 -90.9259748514614 0
vertex 87 -90.66664465046898 0
endloop
endfacet
facet normal 0 0 -1
outer loop
vertex 146.25279558155276 -90.66664465046898 0
vertex 146.11418070122443 -90.9259748514614 0
vertex 110.88581929876969 -90.9259748514614 0
endloop
endfacet
facet normal 0 0 -1
outer loop
vertex 146.25279558155276 -90.66664465046898 0
vertex 110.88581929876969 -90.9259748514614 0
vertex 110.74720441845089 -90.66664465046898 0
endloop
endfacet
facet normal 0 0 -1
outer loop
vertex 170 -90.66664465046898 0
vertex 170 -90.9259748514614 0
vertex 148.88581929877066 -90.9259748514614 0
endloop
endfacet
facet normal 0 0 -1
outer loop
vertex 170 -90.66664465046898 0
vertex 148.88581929877066 -90.9259748514614 0
vertex 148.74720441844244 -90.66664465046898 0
endloop
endfacet
facet normal 0 0 -1
outer loop
vertex 108.11418070122826 -90.9259748514614 0
vertex 108.02882207939872 -91.2073645169759 0
vertex 87 -91.2073645169759 0
endloop
endfacet
facet normal 0 0 -1
outer loop
vertex 108.11418070122826 -90.9259748514614 0
vertex 87 -91.2073645169759 0
vertex 87 -90.9259748514614 0
endloop
endfacet
facet normal 0 0 -1
outer loop
vertex 146.11418070122443 -90.9259748514614 0
vertex 146.0288220794003 -91.2073645169759 0
vertex 110.9711779206049 -91.2073645169759 0
endloop
endfacet
facet normal 0 0 -1
outer loop
vertex 146.11418070122443 -90.9259748514614 0
vertex 110.9711779206049 -91.2073645169759 0
vertex 110.88581929876969 -90.9259748514614 0
endloop
endfacet
facet normal 0 0 -1
outer loop
vertex 170 -90.9259748514614 0
vertex 170 -91.2073645169759 0
vertex 148.9711779206071 -91.2073645169759 0
endloop
endfacet
facet normal 0 0 -1
outer loop
vertex 170 -90.9259748514614 0
vertex 148.9711779206071 -91.2073645169759 0
vertex 148.88581929877066 -90.9259748514614 0
endloop
endfacet
facet normal 0 0 -1
outer loop
vertex 108.02882207939872 -91.2073645169759 0
vertex 107.99999999999893 -91.50000000000269 0
vertex 87 -91.50000000000269 0
endloop
endfacet
facet normal 0 0 -1
outer loop
vertex 108.02882207939872 -91.2073645169759 0
vertex 87 -91.50000000000269 0
vertex 87 -91.2073645169759 0
endloop
endfacet
facet normal 0 0 -1
outer loop
vertex 146.0288220794003 -91.2073645169759 0
vertex 145.99999999999935 -91.50000000000269 0
vertex 111.00000000000031 -91.50000000000269 0
endloop
endfacet
facet normal 0 0 -1
outer loop
vertex 146.0288220794003 -91.2073645169759 0
vertex 111.00000000000031 -91.50000000000269 0
vertex 110.9711779206049 -91.2073645169759 0
endloop
endfacet
facet normal 0 0 -1
outer loop
vertex 170 -91.2073645169759 0
vertex 170 -91.50000000000269 0
vertex 149.00000000000037 -91.50000000000269 0
endloop
endfacet
facet normal 0 0 -1
outer loop
vertex 170 -91.2073645169759 0
vertex 149.00000000000037 -91.50000000000269 0
vertex 148.9711779206071 -91.2073645169759 0
endloop
endfacet
facet normal 0 0 -1
outer loop
vertex 107.99999999999893 -91.50000000000269 0
vertex 108.02882207939528 -91.79263548302772 0
vertex 87 -91.79263548302772 0
endloop
endfacet
facet normal 0 0 -1
outer loop
vertex 107.99999999999893 -91.50000000000269 0
vertex 87 -91.79263548302772 0
vertex 87 -91.50000000000269 0
endloop
endfacet
facet normal 0 0 -1
outer loop
vertex 145.99999999999935 -91.50000000000269 0
vertex 146.02882207939572 -91.79263548302772 0
vertex 110.97117792060509 -91.79263548302772 0
endloop
endfacet
facet normal 0 0 -1
outer loop
vertex 145.99999999999935 -91.50000000000269 0
vertex 110.97117792060509 -91.79263548302772 0
vertex 111.00000000000031 -91.50000000000269 0
endloop
endfacet
facet normal 0 0 -1
outer loop
vertex 170 -91.50000000000269 0
vertex 170 -91.79263548302772 0
vertex 148.9711779206036 -91.79263548302772 0
endloop
endfacet
facet normal 0 0 -1
outer loop
vertex 170 -91.50000000000269 0
vertex 148.9711779206036 -91.79263548302772 0
vertex 149.00000000000037 -91.50000000000269 0
endloop
endfacet
facet normal 0 0 -1
outer loop
vertex 108.02882207939528 -91.79263548302772 0
vertex 108.11418070122689 -92.07402514852807 0
vertex 87 -92.07402514852807 0
endloop
endfacet
facet normal 0 0 -1
outer loop
vertex 108.02882207939528 -91.79263548302772 0
vertex 87 -92.07402514852807 0
vertex 87 -91.79263548302772 0
endloop
endfacet
facet normal 0 0 -1
outer loop
vertex 146.02882207939572 -91.79263548302772 0
vertex 146.11418070122758 -92.07402514852807 0
vertex 110.88581929876776 -92.07402514852807 0
endloop
endfacet
facet normal 0 0 -1
outer loop
vertex 146.02882207939572 -91.79263548302772 0
vertex 110.88581929876776 -92.07402514852807 0
vertex 110.97117792060509 -91.79263548302772 0
endloop
endfacet
facet normal 0 0 -1
outer loop
vertex 170 -91.79263548302772 0
vertex 170 -92.07402514852807 0
vertex 148.88581929876807 -92.07402514852807 0
endloop
endfacet
facet normal 0 0 -1
outer loop
vertex 170 -91.79263548302772 0
vertex 148.88581929876807 -92.07402514852807 0
vertex 148.9711779206036 -91.79263548302772 0
endloop
endfacet
facet normal 0 0 -1
outer loop
vertex 108.11418070122689 -92.07402514852807 0
vertex 108.25279558155361 -92.33335534953528 0
vertex 87 -92.33335534953528 0
endloop
endfacet
facet normal 0 0 -1
outer loop
vertex 108.11418070122689 -92.07402514852807 0
vertex 87 -92.33335534953528 0
vertex 87 -92.07402514852807 0
endloop
endfacet
facet normal 0 0 -1
outer loop
vertex 146.11418070122758 -92.07402514852807 0
vertex 146.25279558156214 -92.33335534953528 0
vertex 110.74720441845331 -92.33335534953528 0
endloop
endfacet
facet normal 0 0 -1
outer loop
vertex 146.11418070122758 -92.07402514852807 0
vertex 110.74720441845331 -92.33335534953528 0
vertex 110.88581929876776 -92.07402514852807 0
endloop
endfacet
facet normal 0 0 -1
outer loop
vertex 170 -92.07402514852807 0
vertex 170 -92.33335534953528 0
vertex 148.74720441845412 -92.33335534953528 0
endloop
endfacet
facet normal 0 0 -1
outer loop
vertex 170 -92.07402514852807 0
vertex 148.74720441845412 -92.33335534953528 0
vertex 148.88581929876807 -92.07402514852807 0
endloop
endfacet
facet normal 0 0 -1
outer loop
vertex 108.25279558155361 -92.33335534953528 0
vertex 108.43933982822783 -92.56066017178594 0
vertex 87 -92.56066017178594 0
endloop
endfacet
facet normal 0 0 -1
outer loop
vertex 108.25279558155361 -92.33335534953528 0
vertex 87 -92.56066017178594 0
vertex 87 -92.33335534953528 0
endloop
endfacet
facet normal 0 0 -1
outer loop
vertex 146.25279558156214 -92.33335534953528 0
vertex 146.43933982821275 -92.56066017178594 0
vertex 110.56066017177868 -92.56066017178594 0
endloop
endfacet
facet normal 0 0 -1
outer loop
vertex 146.25279558156214 -92.33335534953528 0
vertex 110.56066017177868 -92.56066017178594 0
vertex 110.74720441845331 -92.33335534953528 0
endloop
endfacet
facet normal 0 0 -1
outer loop
vertex 170 -92.33335534953528 0
vertex 170 -92.56066017178594 0
vertex 148.56066017178242 -92.56066017178594 0
endloop
endfacet
facet normal 0 0 -1
outer loop
vertex 170 -92.33335534953528 0
vertex 148.56066017178242 -92.56066017178594 0
vertex 148.74720441845412 -92.33335534953528 0
endloop
endfacet
facet normal 0 0 -1
outer loop
vertex 108.43933982822783 -92.56066017178594 0
vertex 108.66664465045953 -92.74720441844458 0
vertex 87 -92.74720441844458 0
endloop
endfacet
facet normal 0 0 -1
outer loop
vertex 108.43933982822783 -92.56066017178594 0
vertex 87 -92.74720441844458 0
vertex 87 -92.56066017178594 0
endloop
endfacet
facet normal 0 0 -1
outer loop
vertex 146.43933982821275 -92.56066017178594 0
vertex 146.66664465045585 -92.74720441844458 0
vertex 110.33335534952995 -92.74720441844458 0
endloop
endfacet
facet normal 0 0 -1
outer loop
vertex 146.43933982821275 -92.56066017178594 0
vertex 110.33335534952995 -92.74720441844458 0
vertex 110.56066017177868 -92.56066017178594 0
endloop
endfacet
facet normal 0 0 -1
outer loop
vertex 170 -92.56066017178594 0
vertex 170 -92.74720441844458 0
vertex 148.3333553495213 -92.74720441844458 0
endloop
endfacet
facet normal 0 0 -1
outer loop
vertex 170 -92.56066017178594 0
vertex 148.3333553495213 -92.74720441844458 0
vertex 148.56066017178242 -92.56066017178594 0
endloop
endfacet
facet normal 0 0 -1
outer loop
vertex 108.66664465045953 -92.74720441844458 0
vertex 108.9259748514599 -92.88581929876764 0
vertex 87 -92.88581929876764 0
endloop
endfacet
facet normal 0 0 -1
outer loop
vertex 108.66664465045953 -92.74720441844458 0
vertex 87 -92.88581929876764 0
vertex 87 -92.74720441844458 0
endloop
endfacet
facet normal 0 0 -1
outer loop
vertex 146.66664465045585 -92.74720441844458 0
vertex 146.9259748514587 -92.88581929876764 0
vertex 110.07402514854702 -92.88581929876764 0
endloop
endfacet
facet normal 0 0 -1
outer loop
vertex 146.66664465045585 -92.74720441844458 0
vertex 110.07402514854702 -92.88581929876764 0
vertex 110.33335534952995 -92.74720441844458 0
endloop
endfacet
facet normal 0 0 -1
outer loop
vertex 170 -92.74720441844458 0
vertex 170 -92.88581929876764 0
vertex 148.07402514855434 -92.88581929876764 0
endloop
endfacet
facet normal 0 0 -1
outer loop
vertex 170 -92.74720441844458 0
vertex 148.07402514855434 -92.88581929876764 0
vertex 148.3333553495213 -92.74720441844458 0
endloop
endfacet
facet normal 0 0 -1
outer loop
vertex 108.9259748514599 -92.88581929876764 0
vertex 109.20736451698288 -92.97117792060541 0
vertex 87 -92.97117792060541 0
endloop
endfacet
facet normal 0 0 -1
outer loop
vertex 108.9259748514599 -92.88581929876764 0
vertex 87 -92.97117792060541 0
vertex 87 -92.88581929876764 0
endloop
endfacet
facet normal 0 0 -1
outer loop
vertex 146.9259748514587 -92.88581929876764 0
vertex 147.2073645169904 -92.97117792060541 0
vertex 109.79263548302426 -92.97117792060541 0
endloop
endfacet
facet normal 0 0 -1
outer loop
vertex 146.9259748514587 -92.88581929876764 0
vertex 109.79263548302426 -92.97117792060541 0
vertex 110.07402514854702 -92.88581929876764 0
endloop
endfacet
facet normal 0 0 -1
outer loop
vertex 170 -92.88581929876764 0
vertex 170 -92.97117792060541 0
vertex 147.7926354830184 -92.97117792060541 0
endloop
endfacet
facet normal 0 0 -1
outer loop
vertex 170 -92.88581929876764 0
vertex 147.7926354830184 -92.97117792060541 0
vertex 148.07402514855434 -92.88581929876764 0
endloop
endfacet
facet normal 0 0 -1
outer loop
vertex 109.20736451698288 -92.97117792060541 0
vertex 109.50000000000163 -93.00000000000003 0
vertex 87 -93.00000000000003 0
endloop
endfacet
facet normal 0 0 -1
outer loop
vertex 109.20736451698288 -92.97117792060541 0
vertex 87 -93.00000000000003 0
vertex 87 -92.97117792060541 0
endloop
endfacet
facet normal 0 0 -1
outer loop
vertex 147.2073645169904 -92.97117792060541 0
vertex 147.49999999998735 -93.00000000000003 0
vertex 109.50000000000163 -93.00000000000003 0
endloop
endfacet
facet normal 0 0 -1
outer loop
vertex 147.2073645169904 -92.97117792060541 0
vertex 109.50000000000163 -93.00000000000003 0
vertex 109.79263548302426 -92.97117792060541 0
endloop
endfacet
facet normal 0 0 -1
outer loop
vertex 170 -92.97117792060541 0
vertex 170 -93.00000000000003 0
vertex 147.49999999998735 -93.00000000000003 0
endloop
endfacet
facet normal 0 0 -1
outer loop
vertex 170 -92.97117792060541 0
vertex 147.49999999998735 -93.00000000000003 0
vertex 147.7926354830184 -92.97117792060541 0
endloop
endfacet
facet normal 0 0 -1
outer loop
vertex 109.50000000000163 -93.00000000000003 0
vertex 147.49999999998735 -93.00000000000003 0
vertex 170 -93.00000000000003 0
endloop
endfacet
facet normal 0 0 -1
outer loop
vertex 109.50000000000163 -93.00000000000003 0
vertex 170 -93.00000000000003 0
vertex 170 -128.5000000000001 0
endloop
endfacet
facet normal 0 0 -1
outer loop
vertex 109.50000000000163 -93.00000000000003 0
vertex 170 -128.5000000000001 0
vertex 169.9584871242967 -129.1098278208303 0
endloop
endfacet
facet normal 0 0 -1
outer loop
vertex 109.50000000000163 -93.00000000000003 0
vertex 169.9584871242967 -129.1098278208303 0
vertex 169.83471632990023 -129.70839943902632 0
endloop
endfacet
facet normal 0 0 -1
outer loop
vertex 109.50000000000163 -93.00000000000003 0
vertex 169.83471632990023 -129.70839943902632 0
vertex 169.63097115552208 -130.28467636514097 0
endloop
endfacet
facet normal 0 0 -1
outer loop
vertex 109.50000000000163 -93.00000000000003 0
vertex 169.63097115552208 -130.28467636514097 0
vertex 169.35101064621938 -130.82802644095395 0
endloop
endfacet
facet normal 0 0 -1
outer loop
vertex 109.50000000000163 -93.00000000000003 0
vertex 169.35101064621938 -130.82802644095395 0
vertex 169 -131.32842499999998 0
endloop
endfacet
facet normal 0 0 -1
outer loop
vertex 109.50000000000163 -93.00000000000003 0
vertex 169 -131.32842499999998 0
vertex 87.99999852693993 -131.32842499999998 0
endloop
endfacet
facet normal 0 0 -1
outer loop
vertex 109.50000000000163 -93.00000000000003 0
vertex 87.99999852693993 -131.32842499999998 0
vertex 87.64898935378051 -130.82802499095376 0
endloop
endfacet
facet normal 0 0 -1
outer loop
vertex 109.50000000000163 -93.00000000000003 0
vertex 87.64898935378051 -130.82802499095376 0
vertex 87.36902884447787 -130.28467491514098 0
endloop
endfacet
facet normal 0 0 -1
outer loop
vertex 109.50000000000163 -93.00000000000003 0
vertex 87.36902884447787 -130.28467491514098 0
vertex 87.16528367009964 -129.70839798902605 0
endloop
endfacet
facet normal 0 0 -1
outer loop
vertex 109.50000000000163 -93.00000000000003 0
vertex 87.16528367009964 -129.70839798902605 0
vertex 87.04151287570328 -129.1098278208303 0
endloop
endfacet
facet normal 0 0 -1
outer loop
vertex 109.50000000000163 -93.00000000000003 0
vertex 87.04151287570328 -129.1098278208303 0
vertex 87 -128.49999539999882 0
endloop
endfacet
facet normal 0 0 -1
outer loop
vertex 109.50000000000163 -93.00000000000003 0
vertex 87 -128.49999539999882 0
vertex 87 -93.00000000000003 0
endloop
endfacet
facet normal 0 0 -1
outer loop
vertex 169 -131.32842499999998 0
vertex 169 -132.42157290000003 0
vertex 88 -132.42157290000003 0
endloop
endfacet
facet normal 0 0 -1
outer loop
vertex 169 -131.32842499999998 0
vertex 88 -132.42157290000003 0
vertex 87.99999852693993 -131.32842499999998 0
endloop
endfacet
facet normal 0 0 -1
outer loop
vertex 169 -132.42157290000003 0
vertex 169.3510106462195 -132.92197500904626 0
vertex 169.630971155522 -133.4653250848588 0
endloop
endfacet
facet normal 0 0 -1
outer loop
vertex 169 -132.42157290000003 0
vertex 169.630971155522 -133.4653250848588 0
vertex 169.83471632990032 -134.04160201097392 0
endloop
endfacet
facet normal 0 0 -1
outer loop
vertex 169 -132.42157290000003 0
vertex 169.83471632990032 -134.04160201097392 0
vertex 169.9584871242967 -134.64017217916944 0
endloop
endfacet
facet normal 0 0 -1
outer loop
vertex 169 -132.42157290000003 0
vertex 169.9584871242967 -134.64017217916944 0
vertex 170 -135.24999644999986 0
endloop
endfacet
facet normal 0 0 -1
outer loop
vertex 169 -132.42157290000003 0
vertex 170 -135.24999644999986 0
vertex 170 -151.75000000000028 0
endloop
endfacet
facet normal 0 0 -1
outer loop
vertex 169 -132.42157290000003 0
vertex 170 -151.75000000000028 0
vertex 147.4999999999893 -151.75000000000028 0
endloop
endfacet
facet normal 0 0 -1
outer loop
vertex 169 -132.42157290000003 0
vertex 147.4999999999893 -151.75000000000028 0
vertex 109.49999999998585 -151.75000000000028 0
endloop
endfacet
facet normal 0 0 -1
outer loop
vertex 169 -132.42157290000003 0
vertex 109.49999999998585 -151.75000000000028 0
vertex 87 -151.75000000000028 0
endloop
endfacet
facet normal 0 0 -1
outer loop
vertex 169 -132.42157290000003 0
vertex 87 -151.75000000000028 0
vertex 87 -135.25000000000017 0
endloop
endfacet
facet normal 0 0 -1
outer loop
vertex 169 -132.42157290000003 0
vertex 87 -135.25000000000017 0
vertex 87.04151287570329 -134.64017217916944 0
endloop
endfacet
facet normal 0 0 -1
outer loop
vertex 169 -132.42157290000003 0
vertex 87.04151287570329 -134.64017217916944 0
vertex 87.16528367009964 -134.04160056097402 0
endloop
endfacet
facet normal 0 0 -1
outer loop
vertex 169 -132.42157290000003 0
vertex 87.16528367009964 -134.04160056097402 0
vertex 87.3690288444779 -133.46532363485898 0
endloop
endfacet
facet normal 0 0 -1
outer loop
vertex 169 -132.42157290000003 0
vertex 87.3690288444779 -133.46532363485898 0
vertex 87.64898935378064 -132.921973559046 0
endloop
endfacet
facet normal 0 0 -1
outer loop
vertex 169 -132.42157290000003 0
vertex 87.64898935378064 -132.921973559046 0
vertex 88 -132.42157290000003 0
endloop
endfacet
facet normal 0 0 -1
outer loop
vertex 109.49999999998585 -151.75000000000028 0
vertex 109.207364516947 -151.77882207939692 0
vertex 87 -151.77882207939692 0
endloop
endfacet
facet normal 0 0 -1
outer loop
vertex 109.49999999998585 -151.75000000000028 0
vertex 87 -151.77882207939692 0
vertex 87 -151.75000000000028 0
endloop
endfacet
facet normal 0 0 -1
outer loop
vertex 147.4999999999893 -151.75000000000028 0
vertex 147.20736451695012 -151.77882207939692 0
vertex 109.79263548303393 -151.77882207939692 0
endloop
endfacet
facet normal 0 0 -1
outer loop
vertex 147.4999999999893 -151.75000000000028 0
vertex 109.79263548303393 -151.77882207939692 0
vertex 109.49999999998585 -151.75000000000028 0
endloop
endfacet
facet normal 0 0 -1
outer loop
vertex 170 -151.75000000000028 0
vertex 170 -151.77882207939692 0
vertex 147.79263548302842 -151.77882207939692 0
endloop
endfacet
facet normal 0 0 -1
outer loop
vertex 170 -151.75000000000028 0
vertex 147.79263548302842 -151.77882207939692 0
vertex 147.4999999999893 -151.75000000000028 0
endloop
endfacet
facet normal 0 0 -1
outer loop
vertex 109.207364516947 -151.77882207939692 0
vertex 108.92597485147058 -151.8641807012315 0
vertex 87 -151.8641807012315 0
endloop
endfacet
facet normal 0 0 -1
outer loop
vertex 109.207364516947 -151.77882207939692 0
vertex 87 -151.8641807012315 0
vertex 87 -151.77882207939692 0
endloop
endfacet
facet normal 0 0 -1
outer loop
vertex 147.20736451695012 -151.77882207939692 0
vertex 146.92597485146936 -151.8641807012315 0
vertex 110.07402514855669 -151.8641807012315 0
endloop
endfacet
facet normal 0 0 -1
outer loop
vertex 147.20736451695012 -151.77882207939692 0
vertex 110.07402514855669 -151.8641807012315 0
vertex 109.79263548303393 -151.77882207939692 0
endloop
endfacet
facet normal 0 0 -1
outer loop
vertex 170 -151.77882207939692 0
vertex 170 -151.8641807012315 0
vertex 148.0740251485409 -151.8641807012315 0
endloop
endfacet
facet normal 0 0 -1
outer loop
vertex 170 -151.77882207939692 0
vertex 148.0740251485409 -151.8641807012315 0
vertex 147.79263548302842 -151.77882207939692 0
endloop
endfacet
facet normal 0 0 -1
outer loop
vertex 108.92597485147058 -151.8641807012315 0
vertex 108.6666446504552 -152.0027955815528 0
vertex 87 -152.0027955815528 0
endloop
endfacet
facet normal 0 0 -1
outer loop
vertex 108.92597485147058 -151.8641807012315 0
vertex 87 -152.0027955815528 0
vertex 87 -151.8641807012315 0
endloop
endfacet
facet normal 0 0 -1
outer loop
vertex 146.92597485146936 -151.8641807012315 0
vertex 146.66664465045233 -152.0027955815528 0
vertex 110.33335534953356 -152.0027955815528 0
endloop
endfacet
facet normal 0 0 -1
outer loop
vertex 146.92597485146936 -151.8641807012315 0
vertex 110.33335534953356 -152.0027955815528 0
vertex 110.07402514855669 -151.8641807012315 0
endloop
endfacet
facet normal 0 0 -1
outer loop
vertex 170 -151.8641807012315 0
vertex 170 -152.0027955815528 0
vertex 148.33335534953792 -152.0027955815528 0
endloop
endfacet
facet normal 0 0 -1
outer loop
vertex 170 -151.8641807012315 0
vertex 148.33335534953792 -152.0027955815528 0
vertex 148.0740251485409 -151.8641807012315 0
endloop
endfacet
facet normal 0 0 -1
outer loop
vertex 108.6666446504552 -152.0027955815528 0
vertex 108.43933982822823 -152.1893398282194 0
vertex 87 -152.1893398282194 0
endloop
endfacet
facet normal 0 0 -1
outer loop
vertex 108.6666446504552 -152.0027955815528 0
vertex 87 -152.1893398282194 0
vertex 87 -152.0027955815528 0
endloop
endfacet
facet normal 0 0 -1
outer loop
vertex 146.66664465045233 -152.0027955815528 0
vertex 146.4393398282282 -152.1893398282194 0
vertex 110.56066017177177 -152.1893398282194 0
endloop
endfacet
facet normal 0 0 -1
outer loop
vertex 146.66664465045233 -152.0027955815528 0
vertex 110.56066017177177 -152.1893398282194 0
vertex 110.33335534953356 -152.0027955815528 0
endloop
endfacet
facet normal 0 0 -1
outer loop
vertex 170 -152.0027955815528 0
vertex 170 -152.1893398282194 0
vertex 148.56066017177938 -152.1893398282194 0
endloop
endfacet
facet normal 0 0 -1
outer loop
vertex 170 -152.0027955815528 0
vertex 148.56066017177938 -152.1893398282194 0
vertex 148.33335534953792 -152.0027955815528 0
endloop
endfacet
facet normal 0 0 -1
outer loop
vertex 108.43933982822823 -152.1893398282194 0
vertex 108.25279558155056 -152.41664465046642 0
vertex 87.01457951775305 -152.41664465046642 0
endloop
endfacet
facet normal 0 0 -1
outer loop
vertex 108.43933982822823 -152.1893398282194 0
vertex 87.01457951775305 -152.41664465046642 0
vertex 87 -152.24999999999994 0
endloop
endfacet
facet normal 0 0 -1
outer loop
vertex 108.43933982822823 -152.1893398282194 0
vertex 87 -152.24999999999994 0
vertex 87 -152.1893398282194 0
endloop
endfacet
facet normal 0 0 -1
outer loop
vertex 146.4393398282282 -152.1893398282194 0
vertex 146.25279558154844 -152.41664465046642 0
vertex 110.74720441846016 -152.41664465046642 0
endloop
endfacet
facet normal 0 0 -1
outer loop
vertex 146.4393398282282 -152.1893398282194 0
vertex 110.74720441846016 -152.41664465046642 0
vertex 110.56066017177177 -152.1893398282194 0
endloop
endfacet
facet normal 0 0 -1
outer loop
vertex 170 -152.1893398282194 0
vertex 170 -152.24999999999994 0
vertex 169.98542048224692 -152.41664465046642 0
endloop
endfacet
facet normal 0 0 -1
outer loop
vertex 170 -152.1893398282194 0
vertex 169.98542048224692 -152.41664465046642 0
vertex 148.74720441845054 -152.41664465046642 0
endloop
endfacet
facet normal 0 0 -1
outer loop
vertex 170 -152.1893398282194 0
vertex 148.74720441845054 -152.41664465046642 0
vertex 148.56066017177938 -152.1893398282194 0
endloop
endfacet
facet normal 0 0 -1
outer loop
vertex 108.25279558155056 -152.41664465046642 0
vertex 108.11418070122939 -152.67597485145893 0
vertex 87.03726797044979 -152.67597485145893 0
endloop
endfacet
facet normal 0 0 -1
outer loop
vertex 108.25279558155056 -152.41664465046642 0
vertex 87.03726797044979 -152.67597485145893 0
vertex 87.01457951775305 -152.41664465046642 0
endloop
endfacet
facet normal 0 0 -1
outer loop
vertex 146.25279558154844 -152.41664465046642 0
vertex 146.11418070122767 -152.67597485145893 0
vertex 110.88581929876491 -152.67597485145893 0
endloop
endfacet
facet normal 0 0 -1
outer loop
vertex 146.25279558154844 -152.41664465046642 0
vertex 110.88581929876491 -152.67597485145893 0
vertex 110.74720441846016 -152.41664465046642 0
endloop
endfacet
facet normal 0 0 -1
outer loop
vertex 169.98542048224692 -152.41664465046642 0
vertex 169.96273202955015 -152.67597485145893 0
vertex 148.8858192987694 -152.67597485145893 0
endloop
endfacet
facet normal 0 0 -1
outer loop
vertex 169.98542048224692 -152.41664465046642 0
vertex 148.8858192987694 -152.67597485145893 0
vertex 148.74720441845054 -152.41664465046642 0
endloop
endfacet
facet normal 0 0 -1
outer loop
vertex 108.11418070122939 -152.67597485145893 0
vertex 108.02882207939352 -152.95736451698062 0
vertex 87.0618863762163 -152.95736451698062 0
endloop
endfacet
facet normal 0 0 -1
outer loop
vertex 108.11418070122939 -152.67597485145893 0
vertex 87.0618863762163 -152.95736451698062 0
vertex 87.03726797044979 -152.67597485145893 0
endloop
endfacet
facet normal 0 0 -1
outer loop
vertex 146.11418070122767 -152.67597485145893 0
vertex 146.02882207939516 -152.95736451698062 0
vertex 110.97117792060263 -152.95736451698062 0
endloop
endfacet
facet normal 0 0 -1
outer loop
vertex 146.11418070122767 -152.67597485145893 0
vertex 110.97117792060263 -152.95736451698062 0
vertex 110.88581929876491 -152.67597485145893 0
endloop
endfacet
facet normal 0 0 -1
outer loop
vertex 169.96273202955015 -152.67597485145893 0
vertex 169.93811362378364 -152.95736451698062 0
vertex 148.97117792060678 -152.95736451698062 0
endloop
endfacet
facet normal 0 0 -1
outer loop
vertex 169.96273202955015 -152.67597485145893 0
vertex 148.97117792060678 -152.95736451698062 0
vertex 148.8858192987694 -152.67597485145893 0
endloop
endfacet
facet normal 0 0 -1
outer loop
vertex 108.02882207939352 -152.95736451698062 0
vertex 108.00000000000166 -153.2499999999936 0
vertex 87.12693430349601 -153.2499999999936 0
endloop
endfacet
facet normal 0 0 -1
outer loop
vertex 108.02882207939352 -152.95736451698062 0
vertex 87.12693430349601 -153.2499999999936 0
vertex 87.06836511144506 -153.0314167995012 0
endloop
endfacet
facet normal 0 0 -1
outer loop
vertex 108.02882207939352 -152.95736451698062 0
vertex 87.06836511144506 -153.0314167995012 0
vertex 87.0618863762163 -152.95736451698062 0
endloop
endfacet
facet normal 0 0 -1
outer loop
vertex 146.02882207939516 -152.95736451698062 0
vertex 145.99999999999932 -153.2499999999936 0
vertex 110.99999999999973 -153.2499999999936 0
endloop
endfacet
facet normal 0 0 -1
outer loop
vertex 146.02882207939516 -152.95736451698062 0
vertex 110.99999999999973 -153.2499999999936 0
vertex 110.97117792060263 -152.95736451698062 0
endloop
endfacet
facet normal 0 0 -1
outer loop
vertex 169.93811362378364 -152.95736451698062 0
vertex 169.93163488855487 -153.0314167995012 0
vertex 169.873065696504 -153.2499999999936 0
endloop
endfacet
facet normal 0 0 -1
outer loop
vertex 169.93811362378364 -152.95736451698062 0
vertex 169.873065696504 -153.2499999999936 0
vertex 149.00000000000023 -153.2499999999936 0
endloop
endfacet
facet normal 0 0 -1
outer loop
vertex 169.93811362378364 -152.95736451698062 0
vertex 149.00000000000023 -153.2499999999936 0
vertex 148.97117792060678 -152.95736451698062 0
endloop
endfacet
facet normal 0 0 -1
outer loop
vertex 108.00000000000166 -153.2499999999936 0
vertex 108.02882207939545 -153.54263548302944 0
vertex 87.20534574485217 -153.54263548302944 0
endloop
endfacet
facet normal 0 0 -1
outer loop
vertex 108.00000000000166 -153.2499999999936 0
vertex 87.20534574485217 -153.54263548302944 0
vertex 87.12693430349601 -153.2499999999936 0
endloop
endfacet
facet normal 0 0 -1
outer loop
vertex 145.99999999999932 -153.2499999999936 0
vertex 146.0288220793964 -153.54263548302944 0
vertex 110.97117792060514 -153.54263548302944 0
endloop
endfacet
facet normal 0 0 -1
outer loop
vertex 145.99999999999932 -153.2499999999936 0
vertex 110.97117792060514 -153.54263548302944 0
vertex 110.99999999999973 -153.2499999999936 0
endloop
endfacet
facet normal 0 0 -1
outer loop
vertex 169.873065696504 -153.2499999999936 0
vertex 169.7946542551479 -153.54263548302944 0
vertex 148.97117792060334 -153.54263548302944 0
endloop
endfacet
facet normal 0 0 -1
outer loop
vertex 169.873065696504 -153.2499999999936 0
vertex 148.97117792060334 -153.54263548302944 0
vertex 149.00000000000023 -153.2499999999936 0
endloop
endfacet
facet normal 0 0 -1
outer loop
vertex 108.02882207939545 -153.54263548302944 0
vertex 108.11418070123796 -153.8240251485692 0
vertex 87.28767343302765 -153.8240251485692 0
endloop
endfacet
facet normal 0 0 -1
outer loop
vertex 108.02882207939545 -153.54263548302944 0
vertex 87.28767343302765 -153.8240251485692 0
vertex 87.27138320646344 -153.7890906449656 0
endloop
endfacet
facet normal 0 0 -1
outer loop
vertex 108.02882207939545 -153.54263548302944 0
vertex 87.27138320646344 -153.7890906449656 0
vertex 87.20534574485217 -153.54263548302944 0
endloop
endfacet
facet normal 0 0 -1
outer loop
vertex 146.0288220793964 -153.54263548302944 0
vertex 146.1141807012401 -153.8240251485692 0
vertex 110.88581929876509 -153.8240251485692 0
endloop
endfacet
facet normal 0 0 -1
outer loop
vertex 146.0288220793964 -153.54263548302944 0
vertex 110.88581929876509 -153.8240251485692 0
vertex 110.97117792060514 -153.54263548302944 0
endloop
endfacet
facet normal 0 0 -1
outer loop
vertex 169.7946542551479 -153.54263548302944 0
vertex 169.72861679353664 -153.7890906449656 0
vertex 169.71232656697242 -153.8240251485692 0
endloop
endfacet
facet normal 0 0 -1
outer loop
vertex 169.7946542551479 -153.54263548302944 0
vertex 169.71232656697242 -153.8240251485692 0
vertex 148.88581929876656 -153.8240251485692 0
endloop
endfacet
facet normal 0 0 -1
outer loop
vertex 169.7946542551479 -153.54263548302944 0
vertex 148.88581929876656 -153.8240251485692 0
vertex 148.97117792060334 -153.54263548302944 0
endloop
endfacet
facet normal 0 0 -1
outer loop
vertex 108.11418070123796 -153.8240251485692 0
vertex 108.2527955815375 -154.08335534952107 0
vertex 87.40860109172237 -154.08335534952107 0
endloop
endfacet
facet normal 0 0 -1
outer loop
vertex 108.11418070123796 -153.8240251485692 0
vertex 87.40860109172237 -154.08335534952107 0
vertex 87.28767343302765 -153.8240251485692 0
endloop
endfacet
facet normal 0 0 -1
outer loop
vertex 146.1141807012401 -153.8240251485692 0
vertex 146.25279558153724 -154.08335534952107 0
vertex 110.747204418455 -154.08335534952107 0
endloop
endfacet
facet normal 0 0 -1
outer loop
vertex 146.1141807012401 -153.8240251485692 0
vertex 110.747204418455 -154.08335534952107 0
vertex 110.88581929876509 -153.8240251485692 0
endloop
endfacet
facet normal 0 0 -1
outer loop
vertex 169.71232656697242 -153.8240251485692 0
vertex 169.5913989082776 -154.08335534952107 0
vertex 148.74720441845415 -154.08335534952107 0
endloop
endfacet
facet normal 0 0 -1
outer loop
vertex 169.71232656697242 -153.8240251485692 0
vertex 148.74720441845415 -154.08335534952107 0
vertex 148.88581929876656 -153.8240251485692 0
endloop
endfacet
facet normal 0 0 -1
outer loop
vertex 108.2527955815375 -154.08335534952107 0
vertex 108.43933982821508 -154.31066017177693 0
vertex 87.51459507107585 -154.31066017177693 0
endloop
endfacet
facet normal 0 0 -1
outer loop
vertex 108.2527955815375 -154.08335534952107 0
vertex 87.51459507107585 -154.31066017177693 0
vertex 87.40860109172237 -154.08335534952107 0
endloop
endfacet
facet normal 0 0 -1
outer loop
vertex 146.25279558153724 -154.08335534952107 0
vertex 146.43933982821568 -154.31066017177693 0
vertex 110.56066017178374 -154.31066017177693 0
endloop
endfacet
facet normal 0 0 -1
outer loop
vertex 146.25279558153724 -154.08335534952107 0
vertex 110.56066017178374 -154.31066017177693 0
vertex 110.747204418455 -154.08335534952107 0
endloop
endfacet
facet normal 0 0 -1
outer loop
vertex 169.5913989082776 -154.08335534952107 0
vertex 169.4854049289241 -154.31066017177693 0
vertex 148.5606601717794 -154.31066017177693 0
endloop
endfacet
facet normal 0 0 -1
outer loop
vertex 169.5913989082776 -154.08335534952107 0
vertex 148.5606601717794 -154.31066017177693 0
vertex 148.74720441845415 -154.08335534952107 0
endloop
endfacet
facet normal 0 0 -1
outer loop
vertex 108.43933982821508 -154.31066017177693 0
vertex 108.66664465046125 -154.497204418448 0
vertex 87.60158208188332 -154.497204418448 0
endloop
endfacet
facet normal 0 0 -1
outer loop
vertex 108.43933982821508 -154.31066017177693 0
vertex 87.60158208188332 -154.497204418448 0
vertex 87.51459507107585 -154.31066017177693 0
endloop
endfacet
facet normal 0 0 -1
outer loop
vertex 146.43933982821568 -154.31066017177693 0
vertex 146.66664465046256 -154.497204418448 0
vertex 110.33335534952724 -154.497204418448 0
endloop
endfacet
facet normal 0 0 -1
outer loop
vertex 146.43933982821568 -154.31066017177693 0
vertex 110.33335534952724 -154.497204418448 0
vertex 110.56066017178374 -154.31066017177693 0
endloop
endfacet
facet normal 0 0 -1
outer loop
vertex 169.4854049289241 -154.31066017177693 0
vertex 169.3984179181166 -154.497204418448 0
vertex 148.33335534952985 -154.497204418448 0
endloop
endfacet
facet normal 0 0 -1
outer loop
vertex 169.4854049289241 -154.31066017177693 0
vertex 148.33335534952985 -154.497204418448 0
vertex 148.5606601717794 -154.31066017177693 0
endloop
endfacet
facet normal 0 0 -1
outer loop
vertex 108.66664465046125 -154.497204418448 0
vertex 108.9259748514589 -154.63581929877006 0
vertex 87.69798737980317 -154.63581929877006 0
endloop
endfacet
facet normal 0 0 -1
outer loop
vertex 108.66664465046125 -154.497204418448 0
vertex 87.69798737980317 -154.63581929877006 0
vertex 87.60288568297001 -154.5 0
endloop
endfacet
facet normal 0 0 -1
outer loop
vertex 108.66664465046125 -154.497204418448 0
vertex 87.60288568297001 -154.5 0
vertex 87.60158208188332 -154.497204418448 0
endloop
endfacet
facet normal 0 0 -1
outer loop
vertex 146.66664465046256 -154.497204418448 0
vertex 146.92597485146104 -154.63581929877006 0
vertex 110.0740251485443 -154.63581929877006 0
endloop
endfacet
facet normal 0 0 -1
outer loop
vertex 146.66664465046256 -154.497204418448 0
vertex 110.0740251485443 -154.63581929877006 0
vertex 110.33335534952724 -154.497204418448 0
endloop
endfacet
facet normal 0 0 -1
outer loop
vertex 169.3984179181166 -154.497204418448 0
vertex 169.3971143170299 -154.5 0
vertex 169.3020126201968 -154.63581929877006 0
endloop
endfacet
facet normal 0 0 -1
outer loop
vertex 169.3984179181166 -154.497204418448 0
vertex 169.3020126201968 -154.63581929877006 0
vertex 148.07402514854454 -154.63581929877006 0
endloop
endfacet
facet normal 0 0 -1
outer loop
vertex 169.3984179181166 -154.497204418448 0
vertex 148.07402514854454 -154.63581929877006 0
vertex 148.33335534952985 -154.497204418448 0
endloop
endfacet
facet normal 0 0 -1
outer loop
vertex 108.9259748514589 -154.63581929877006 0
vertex 109.20736451698167 -154.721177920607 0
vertex 87.75775613026458 -154.721177920607 0
endloop
endfacet
facet normal 0 0 -1
outer loop
vertex 108.9259748514589 -154.63581929877006 0
vertex 87.75775613026458 -154.721177920607 0
vertex 87.69798737980317 -154.63581929877006 0
endloop
endfacet
facet normal 0 0 -1
outer loop
vertex 146.92597485146104 -154.63581929877006 0
vertex 147.20736451698133 -154.721177920607 0
vertex 109.79263548303014 -154.721177920607 0
endloop
endfacet
facet normal 0 0 -1
outer loop
vertex 146.92597485146104 -154.63581929877006 0
vertex 109.79263548303014 -154.721177920607 0
vertex 110.0740251485443 -154.63581929877006 0
endloop
endfacet
facet normal 0 0 -1
outer loop
vertex 169.3020126201968 -154.63581929877006 0
vertex 169.24224386973538 -154.721177920607 0
vertex 147.79263548302967 -154.721177920607 0
endloop
endfacet
facet normal 0 0 -1
outer loop
vertex 169.3020126201968 -154.63581929877006 0
vertex 147.79263548302967 -154.721177920607 0
vertex 148.07402514854454 -154.63581929877006 0
endloop
endfacet
facet normal 0 0 -1
outer loop
vertex 109.20736451698167 -154.721177920607 0
vertex 109.49999999998738 -154.7500000000004 0
vertex 87.77793756752271 -154.7500000000004 0
endloop
endfacet
facet normal 0 0 -1
outer loop
vertex 109.20736451698167 -154.721177920607 0
vertex 87.77793756752271 -154.7500000000004 0
vertex 87.75775613026458 -154.721177920607 0
endloop
endfacet
facet normal 0 0 -1
outer loop
vertex 147.20736451698133 -154.721177920607 0
vertex 147.49999999998764 -154.7500000000004 0
vertex 109.49999999998738 -154.7500000000004 0
endloop
endfacet
facet normal 0 0 -1
outer loop
vertex 147.20736451698133 -154.721177920607 0
vertex 109.49999999998738 -154.7500000000004 0
vertex 109.79263548303014 -154.721177920607 0
endloop
endfacet
facet normal 0 0 -1
outer loop
vertex 169.24224386973538 -154.721177920607 0
vertex 169.22206243247726 -154.7500000000004 0
vertex 147.49999999998764 -154.7500000000004 0
endloop
endfacet
facet normal 0 0 -1
outer loop
vertex 169.24224386973538 -154.721177920607 0
vertex 147.49999999998764 -154.7500000000004 0
vertex 147.79263548302967 -154.721177920607 0
endloop
endfacet
facet normal 0 0 -1
outer loop
vertex 109.49999999998738 -154.7500000000004 0
vertex 147.49999999998764 -154.7500000000004 0
vertex 169.22206243247726 -154.7500000000004 0
endloop
endfacet
facet normal 0 0 -1
outer loop
vertex 109.49999999998738 -154.7500000000004 0
vertex 169.22206243247726 -154.7500000000004 0
vertex 168.94719999403551 -155.14254424358944 0
endloop
endfacet
facet normal 0 0 -1
outer loop
vertex 109.49999999998738 -154.7500000000004 0
vertex 168.94719999403551 -155.14254424358944 0
vertex 168.3925442435895 -155.6971999940354 0
endloop
endfacet
facet normal 0 0 -1
outer loop
vertex 109.49999999998738 -154.7500000000004 0
vertex 168.3925442435895 -155.6971999940354 0
vertex 167.74999999999977 -156.14711431703012 0
endloop
endfacet
facet normal 0 0 -1
outer loop
vertex 109.49999999998738 -154.7500000000004 0
vertex 167.74999999999977 -156.14711431703012 0
vertex 167.0390906449656 -156.4786167935366 0
endloop
endfacet
facet normal 0 0 -1
outer loop
vertex 109.49999999998738 -154.7500000000004 0
vertex 167.0390906449656 -156.4786167935366 0
vertex 166.28141679950124 -156.68163488855492 0
endloop
endfacet
facet normal 0 0 -1
outer loop
vertex 109.49999999998738 -154.7500000000004 0
vertex 166.28141679950124 -156.68163488855492 0
vertex 165.49999999999997 -156.75 0
endloop
endfacet
facet normal 0 0 -1
outer loop
vertex 109.49999999998738 -154.7500000000004 0
vertex 165.49999999999997 -156.75 0
vertex 163.9925824 -156.75 0
endloop
endfacet
facet normal 0 0 -1
outer loop
vertex 109.49999999998738 -154.7500000000004 0
vertex 163.9925824 -156.75 0
vertex 93.00741759999998 -156.75 0
endloop
endfacet
facet normal 0 0 -1
outer loop
vertex 109.49999999998738 -154.7500000000004 0
vertex 93.00741759999998 -156.75 0
vertex 91.49999999999994 -156.75 0
endloop
endfacet
facet normal 0 0 -1
outer loop
vertex 109.49999999998738 -154.7500000000004 0
vertex 91.49999999999994 -156.75 0
vertex 90.7185832004988 -156.68163488855492 0
endloop
endfacet
facet normal 0 0 -1
outer loop
vertex 109.49999999998738 -154.7500000000004 0
vertex 90.7185832004988 -156.68163488855492 0
vertex 89.96090935503454 -156.4786167935366 0
endloop
endfacet
facet normal 0 0 -1
outer loop
vertex 109.49999999998738 -154.7500000000004 0
vertex 89.96090935503454 -156.4786167935366 0
vertex 89.2499999999999 -156.14711431703012 0
endloop
endfacet
facet normal 0 0 -1
outer loop
vertex 109.49999999998738 -154.7500000000004 0
vertex 89.2499999999999 -156.14711431703012 0
vertex 88.60745575641057 -155.6971999940354 0
endloop
endfacet
facet normal 0 0 -1
outer loop
vertex 109.49999999998738 -154.7500000000004 0
vertex 88.60745575641057 -155.6971999940354 0
vertex 88.05280000596458 -155.14254424358944 0
endloop
endfacet
facet normal 0 0 -1
outer loop
vertex 109.49999999998738 -154.7500000000004 0
vertex 88.05280000596458 -155.14254424358944 0
vertex 87.77793756752271 -154.7500000000004 0
endloop
endfacet
facet normal 0 0 -1
outer loop
vertex 163.9925824 -156.75 0
vertex 160.60754750000004 -165.2125869999999 0
vertex 96.3924568596533 -165.2125869999999 0
endloop
endfacet
facet normal 0 0 -1
outer loop
vertex 163.9925824 -156.75 0
vertex 96.3924568596533 -165.2125869999999 0
vertex 93.00741759999998 -156.75 0
endloop
endfacet
facet normal 0 0 -1
outer loop
vertex 160.60754750000004 -165.2125869999999 0
vertex 160.60733133063778 -165.2132448499999 0
vertex 96.39271999999997 -165.2132448499999 0
endloop
endfacet
facet normal 0 0 -1
outer loop
vertex 160.60754750000004 -165.2125869999999 0
vertex 96.39271999999997 -165.2132448499999 0
vertex 96.3924568596533 -165.2125869999999 0
endloop
endfacet
facet normal 0 0 -1
outer loop
vertex 160.60733133063778 -165.2132448499999 0
vertex 160.54812068990014 -165.39343560230608 0
vertex 96.45185003226617 -165.39343560230608 0
endloop
endfacet
facet normal 0 0 -1
outer loop
vertex 160.60733133063778 -165.2132448499999 0
vertex 96.45185003226617 -165.39343560230608 0
vertex 96.39271999999997 -165.2132448499999 0
endloop
endfacet
facet normal 0 0 -1
outer loop
vertex 160.54812068990014 -165.39343560230608 0
vertex 160.5480329754722 -165.39389051996494 0
vertex 96.45199931459892 -165.39389051996494 0
endloop
endfacet
facet normal 0 0 -1
outer loop
vertex 160.54812068990014 -165.39343560230608 0
vertex 96.45199931459892 -165.39389051996494 0
vertex 96.45185003226617 -165.39343560230608 0
endloop
endfacet
facet normal 0 0 -1
outer loop
vertex 160.5480329754722 -165.39389051996494 0
vertex 160.51208054492133 -165.5803523817414 0
vertex 96.48790731440394 -165.5803523817414 0
endloop
endfacet
facet normal 0 0 -1
outer loop
vertex 160.5480329754722 -165.39389051996494 0
vertex 96.48790731440394 -165.5803523817414 0
vertex 96.45199931459892 -165.39389051996494 0
endloop
endfacet
facet normal 0 0 -1
outer loop
vertex 160.51208054492133 -165.5803523817414 0
vertex 160.5120658456491 -165.58058361265486 0
vertex 96.4879518438295 -165.58058361265486 0
endloop
endfacet
facet normal 0 0 -1
outer loop
vertex 160.51208054492133 -165.5803523817414 0
vertex 96.4879518438295 -165.58058361265486 0
vertex 96.48790731440394 -165.5803523817414 0
endloop
endfacet
facet normal 0 0 -1
outer loop
vertex 160.5120658456491 -165.58058361265486 0
vertex 160.50000375000002 -165.77032969999988 0
vertex 96.5 -165.77032969999988 0
endloop
endfacet
facet normal 0 0 -1
outer loop
vertex 160.5120658456491 -165.58058361265486 0
vertex 96.5 -165.77032969999988 0
vertex 96.4879518438295 -165.58058361265486 0
endloop
endfacet
facet normal 0 0 -1
outer loop
vertex 160.50000375000002 -165.77032969999988 0
vertex 160.5 -176.0000000000001 0
vertex 160.43163488855492 -176.78141679950113 0
endloop
endfacet
facet normal 0 0 -1
outer loop
vertex 160.50000375000002 -165.77032969999988 0
vertex 160.43163488855492 -176.78141679950113 0
vertex 160.22861679353653 -177.53909064496554 0
endloop
endfacet
facet normal 0 0 -1
outer loop
vertex 160.50000375000002 -165.77032969999988 0
vertex 160.22861679353653 -177.53909064496554 0
vertex 159.89711431703012 -178.25000000000006 0
endloop
endfacet
facet normal 0 0 -1
outer loop
vertex 160.50000375000002 -165.77032969999988 0
vertex 159.89711431703012 -178.25000000000006 0
vertex 159.4471999940353 -178.8925442435895 0
endloop
endfacet
facet normal 0 0 -1
outer loop
vertex 160.50000375000002 -165.77032969999988 0
vertex 159.4471999940353 -178.8925442435895 0
vertex 158.89254424358953 -179.4471999940353 0
endloop
endfacet
facet normal 0 0 -1
outer loop
vertex 160.50000375000002 -165.77032969999988 0
vertex 158.89254424358953 -179.4471999940353 0
vertex 158.25000000000017 -179.89711431703006 0
endloop
endfacet
facet normal 0 0 -1
outer loop
vertex 160.50000375000002 -165.77032969999988 0
vertex 158.25000000000017 -179.89711431703006 0
vertex 157.53909064496526 -180.22861679353656 0
endloop
endfacet
facet normal 0 0 -1
outer loop
vertex 160.50000375000002 -165.77032969999988 0
vertex 157.53909064496526 -180.22861679353656 0
vertex 156.78141679950124 -180.43163488855495 0
endloop
endfacet
facet normal 0 0 -1
outer loop
vertex 160.50000375000002 -165.77032969999988 0
vertex 156.78141679950124 -180.43163488855495 0
vertex 156 -180.5 0
endloop
endfacet
facet normal 0 0 -1
outer loop
vertex 160.50000375000002 -165.77032969999988 0
vertex 156 -180.5 0
vertex 100.99999999999989 -180.5 0
endloop
endfacet
facet normal 0 0 -1
outer loop
vertex 160.50000375000002 -165.77032969999988 0
vertex 100.99999999999989 -180.5 0
vertex 100.21858320049898 -180.43163488855495 0
endloop
endfacet
facet normal 0 0 -1
outer loop
vertex 160.50000375000002 -165.77032969999988 0
vertex 100.21858320049898 -180.43163488855495 0
vertex 99.46090935503443 -180.22861679353656 0
endloop
endfacet
facet normal 0 0 -1
outer loop
vertex 160.50000375000002 -165.77032969999988 0
vertex 99.46090935503443 -180.22861679353656 0
vertex 98.75000000000013 -179.89711431703006 0
endloop
endfacet
facet normal 0 0 -1
outer loop
vertex 160.50000375000002 -165.77032969999988 0
vertex 98.75000000000013 -179.89711431703006 0
vertex 98.10745575641043 -179.4471999940353 0
endloop
endfacet
facet normal 0 0 -1
outer loop
vertex 160.50000375000002 -165.77032969999988 0
vertex 98.10745575641043 -179.4471999940353 0
vertex 97.55280000596463 -178.8925442435895 0
endloop
endfacet
facet normal 0 0 -1
outer loop
vertex 160.50000375000002 -165.77032969999988 0
vertex 97.55280000596463 -178.8925442435895 0
vertex 97.10288568297004 -178.25000000000006 0
endloop
endfacet
facet normal 0 0 -1
outer loop
vertex 160.50000375000002 -165.77032969999988 0
vertex 97.10288568297004 -178.25000000000006 0
vertex 96.77138320646341 -177.53909064496554 0
endloop
endfacet
facet normal 0 0 -1
outer loop
vertex 160.50000375000002 -165.77032969999988 0
vertex 96.77138320646341 -177.53909064496554 0
vertex 96.56836511144505 -176.78141679950113 0
endloop
endfacet
facet normal 0 0 -1
outer loop
vertex 160.50000375000002 -165.77032969999988 0
vertex 96.56836511144505 -176.78141679950113 0
vertex 96.5 -176.0000000000001 0
endloop
endfacet
facet normal 0 0 -1
outer loop
vertex 160.50000375000002 -165.77032969999988 0
vertex 96.5 -176.0000000000001 0
vertex 96.5 -165.77032969999988 0
endloop
endfacet
facet normal 0 0 1
outer loop
vertex 155.9999999999999 -180.5 10.7
vertex 156.78141679950144 -180.43163488855492 10.7
vertex 157.53909064496534 -180.22861679353653 10.7
endloop
endfacet
facet normal 0 0 1
outer loop
vertex 155.9999999999999 -180.5 10.7
vertex 157.53909064496534 -180.22861679353653 10.7
vertex 158.2499999999999 -179.89711431703003 10.7
endloop
endfacet
facet normal 0 0 1
outer loop
vertex 155.9999999999999 -180.5 10.7
vertex 158.2499999999999 -179.89711431703003 10.7
vertex 158.8925442435896 -179.4471999940354 10.7
endloop
endfacet
facet normal 0 0 1
outer loop
vertex 155.9999999999999 -180.5 10.7
vertex 158.8925442435896 -179.4471999940354 10.7
vertex 159.44719999403532 -178.89254424358944 10.7
endloop
endfacet
facet normal 0 0 1
outer loop
vertex 155.9999999999999 -180.5 10.7
vertex 159.44719999403532 -178.89254424358944 10.7
vertex 159.89711431703 -178.25000000000003 10.7
endloop
endfacet
facet normal 0 0 1
outer loop
vertex 155.9999999999999 -180.5 10.7
vertex 159.89711431703 -178.25000000000003 10.7
vertex 160.0136912315687 -178 10.7
endloop
endfacet
facet normal 0 0 1
outer loop
vertex 155.9999999999999 -180.5 10.7
vertex 160.0136912315687 -178 10.7
vertex 155.9999999999869 -178 10.7
endloop
endfacet
facet normal 0 0 1
outer loop
vertex 155.9999999999999 -180.5 10.7
vertex 155.9999999999869 -178 10.7
vertex 100.99999999998151 -178 10.7
endloop
endfacet
facet normal 0 0 1
outer loop
vertex 155.9999999999999 -180.5 10.7
vertex 100.99999999998151 -178 10.7
vertex 96.98630876843127 -178 10.7
endloop
endfacet
facet normal 0 0 1
outer loop
vertex 155.9999999999999 -180.5 10.7
vertex 96.98630876843127 -178 10.7
vertex 97.10288568297004 -178.25000000000003 10.7
endloop
endfacet
facet normal 0 0 1
outer loop
vertex 155.9999999999999 -180.5 10.7
vertex 97.10288568297004 -178.25000000000003 10.7
vertex 97.55280000596458 -178.89254424358944 10.7
endloop
endfacet
facet normal 0 0 1
outer loop
vertex 155.9999999999999 -180.5 10.7
vertex 97.55280000596458 -178.89254424358944 10.7
vertex 98.10745575641056 -179.4471999940354 10.7
endloop
endfacet
facet normal 0 0 1
outer loop
vertex 155.9999999999999 -180.5 10.7
vertex 98.10745575641056 -179.4471999940354 10.7
vertex 98.7500000000001 -179.89711431703003 10.7
endloop
endfacet
facet normal 0 0 1
outer loop
vertex 155.9999999999999 -180.5 10.7
vertex 98.7500000000001 -179.89711431703003 10.7
vertex 99.46090935503432 -180.22861679353653 10.7
endloop
endfacet
facet normal 0 0 1
outer loop
vertex 155.9999999999999 -180.5 10.7
vertex 99.46090935503432 -180.22861679353653 10.7
vertex 100.21858320049888 -180.43163488855492 10.7
endloop
endfacet
facet normal 0 0 1
outer loop
vertex 155.9999999999999 -180.5 10.7
vertex 100.21858320049888 -180.43163488855492 10.7
vertex 100.99999999999997 -180.5 10.7
endloop
endfacet
facet normal 0 0 1
outer loop
vertex 100.99999999998151 -178 10.7
vertex 100.65270364467015 -177.96961550602637 10.7
vertex 96.9721402462022 -177.96961550602637 10.7
endloop
endfacet
facet normal 0 0 1
outer loop
vertex 100.99999999998151 -178 10.7
vertex 96.9721402462022 -177.96961550602637 10.7
vertex 96.98630876843127 -178 10.7
endloop
endfacet
facet normal 0 0 1
outer loop
vertex 160.0136912315687 -178 10.7
vertex 160.02785975379777 -177.96961550602637 10.7
vertex 156.34729635529843 -177.96961550602637 10.7
endloop
endfacet
facet normal 0 0 1
outer loop
vertex 160.0136912315687 -178 10.7
vertex 156.34729635529843 -177.96961550602637 10.7
vertex 155.9999999999869 -178 10.7
endloop
endfacet
facet normal 0 0 1
outer loop
vertex 100.65270364467015 -177.96961550602637 10.7
vertex 100.31595971334949 -177.87938524156766 10.7
vertex 96.93006518288776 -177.87938524156766 10.7
endloop
endfacet
facet normal 0 0 1
outer loop
vertex 100.65270364467015 -177.96961550602637 10.7
vertex 96.93006518288776 -177.87938524156766 10.7
vertex 96.9721402462022 -177.96961550602637 10.7
endloop
endfacet
facet normal 0 0 1
outer loop
vertex 160.02785975379777 -177.96961550602637 10.7
vertex 160.06993481711223 -177.87938524156766 10.7
vertex 156.68404028667447 -177.87938524156766 10.7
endloop
endfacet
facet normal 0 0 1
outer loop
vertex 160.02785975379777 -177.96961550602637 10.7
vertex 156.68404028667447 -177.87938524156766 10.7
vertex 156.34729635529843 -177.96961550602637 10.7
endloop
endfacet
facet normal 0 0 1
outer loop
vertex 100.31595971334949 -177.87938524156766 10.7
vertex 100.00000000000435 -177.73205080757162 10.7
vertex 96.86136200800547 -177.73205080757162 10.7
endloop
endfacet
facet normal 0 0 1
outer loop
vertex 100.31595971334949 -177.87938524156766 10.7
vertex 96.86136200800547 -177.73205080757162 10.7
vertex 96.93006518288776 -177.87938524156766 10.7
endloop
endfacet
facet normal 0 0 1
outer loop
vertex 160.06993481711223 -177.87938524156766 10.7
vertex 160.13863799199453 -177.73205080757162 10.7
vertex 156.99999999999756 -177.73205080757162 10.7
endloop
endfacet
facet normal 0 0 1
outer loop
vertex 160.06993481711223 -177.87938524156766 10.7
vertex 156.99999999999756 -177.73205080757162 10.7
vertex 156.68404028667447 -177.87938524156766 10.7
endloop
endfacet
facet normal 0 0 1
outer loop
vertex 100.00000000000435 -177.73205080757162 10.7
vertex 99.71442478063538 -177.53208888624357 10.7
vertex 96.76950709086827 -177.53208888624357 10.7
endloop
endfacet
facet normal 0 0 1
outer loop
vertex 100.00000000000435 -177.73205080757162 10.7
vertex 96.76950709086827 -177.53208888624357 10.7
vertex 96.77138320646343 -177.53909064496557 10.7
endloop
endfacet
facet normal 0 0 1
outer loop
vertex 100.00000000000435 -177.73205080757162 10.7
vertex 96.77138320646343 -177.53909064496557 10.7
vertex 96.86136200800547 -177.73205080757162 10.7
endloop
endfacet
facet normal 0 0 1
outer loop
vertex 160.13863799199453 -177.73205080757162 10.7
vertex 160.22861679353656 -177.53909064496557 10.7
vertex 160.23049290913173 -177.53208888624357 10.7
endloop
endfacet
facet normal 0 0 1
outer loop
vertex 160.13863799199453 -177.73205080757162 10.7
vertex 160.23049290913173 -177.53208888624357 10.7
vertex 157.28557521936298 -177.53208888624357 10.7
endloop
endfacet
facet normal 0 0 1
outer loop
vertex 160.13863799199453 -177.73205080757162 10.7
vertex 157.28557521936298 -177.53208888624357 10.7
vertex 156.99999999999756 -177.73205080757162 10.7
endloop
endfacet
facet normal 0 0 1
outer loop
vertex 99.71442478063538 -177.53208888624357 10.7
vertex 99.46791111375504 -177.28557521936324 10.7
vertex 96.70345395290445 -177.28557521936324 10.7
endloop
endfacet
facet normal 0 0 1
outer loop
vertex 99.71442478063538 -177.53208888624357 10.7
vertex 96.70345395290445 -177.28557521936324 10.7
vertex 96.76950709086827 -177.53208888624357 10.7
endloop
endfacet
facet normal 0 0 1
outer loop
vertex 160.23049290913173 -177.53208888624357 10.7
vertex 160.29654604709555 -177.28557521936324 10.7
vertex 157.5320888862521 -177.28557521936324 10.7
endloop
endfacet
facet normal 0 0 1
outer loop
vertex 160.23049290913173 -177.53208888624357 10.7
vertex 157.5320888862521 -177.28557521936324 10.7
vertex 157.28557521936298 -177.53208888624357 10.7
endloop
endfacet
facet normal 0 0 1
outer loop
vertex 99.46791111375504 -177.28557521936324 10.7
vertex 99.2679491924328 -177.00000000000256 10.7
vertex 96.62693430349842 -177.00000000000256 10.7
endloop
endfacet
facet normal 0 0 1
outer loop
vertex 99.46791111375504 -177.28557521936324 10.7
vertex 96.62693430349842 -177.00000000000256 10.7
vertex 96.70345395290445 -177.28557521936324 10.7
endloop
endfacet
facet normal 0 0 1
outer loop
vertex 160.29654604709555 -177.28557521936324 10.7
vertex 160.37306569650156 -177.00000000000256 10.7
vertex 157.7320508075626 -177.00000000000256 10.7
endloop
endfacet
facet normal 0 0 1
outer loop
vertex 160.29654604709555 -177.28557521936324 10.7
vertex 157.7320508075626 -177.00000000000256 10.7
vertex 157.5320888862521 -177.28557521936324 10.7
endloop
endfacet
facet normal 0 0 1
outer loop
vertex 99.2679491924328 -177.00000000000256 10.7
vertex 99.12061475842964 -176.68404028665344 10.7
vertex 96.5598457704772 -176.68404028665344 10.7
endloop
endfacet
facet normal 0 0 1
outer loop
vertex 99.2679491924328 -177.00000000000256 10.7
vertex 96.5598457704772 -176.68404028665344 10.7
vertex 96.56836511144506 -176.78141679950116 10.7
endloop
endfacet
facet normal 0 0 1
outer loop
vertex 99.2679491924328 -177.00000000000256 10.7
vertex 96.56836511144506 -176.78141679950116 10.7
vertex 96.62693430349842 -177.00000000000256 10.7
endloop
endfacet
facet normal 0 0 1
outer loop
vertex 160.37306569650156 -177.00000000000256 10.7
vertex 160.43163488855492 -176.78141679950116 10.7
vertex 160.4401542295228 -176.68404028665344 10.7
endloop
endfacet
facet normal 0 0 1
outer loop
vertex 160.37306569650156 -177.00000000000256 10.7
vertex 160.4401542295228 -176.68404028665344 10.7
vertex 157.87938524157434 -176.68404028665344 10.7
endloop
endfacet
facet normal 0 0 1
outer loop
vertex 160.37306569650156 -177.00000000000256 10.7
vertex 157.87938524157434 -176.68404028665344 10.7
vertex 157.7320508075626 -177.00000000000256 10.7
endloop
endfacet
facet normal 0 0 1
outer loop
vertex 99.12061475842964 -176.68404028665344 10.7
vertex 99.03038449397317 -176.34729635532153 10.7
vertex 96.53038449397451 -176.34729635532153 10.7
endloop
endfacet
facet normal 0 0 1
outer loop
vertex 99.12061475842964 -176.68404028665344 10.7
vertex 96.53038449397451 -176.34729635532153 10.7
vertex 96.5598457704772 -176.68404028665344 10.7
endloop
endfacet
facet normal 0 0 1
outer loop
vertex 160.4401542295228 -176.68404028665344 10.7
vertex 160.4696155060255 -176.34729635532153 10.7
vertex 157.9696155060251 -176.34729635532153 10.7
endloop
endfacet
facet normal 0 0 1
outer loop
vertex 160.4401542295228 -176.68404028665344 10.7
vertex 157.9696155060251 -176.34729635532153 10.7
vertex 157.87938524157434 -176.68404028665344 10.7
endloop
endfacet
facet normal 0 0 1
outer loop
vertex 99.03038449397317 -176.34729635532153 10.7
vertex 99 -176.00000000000003 10.7
vertex 96.5 -176.00000000000003 10.7
endloop
endfacet
facet normal 0 0 1
outer loop
vertex 99.03038449397317 -176.34729635532153 10.7
vertex 96.5 -176.00000000000003 10.7
vertex 96.53038449397451 -176.34729635532153 10.7
endloop
endfacet
facet normal 0 0 1
outer loop
vertex 160.4696155060255 -176.34729635532153 10.7
vertex 160.5 -176.00000000000003 10.7
vertex 157.99999999999818 -176.00000000000003 10.7
endloop
endfacet
facet normal 0 0 1
outer loop
vertex 160.4696155060255 -176.34729635532153 10.7
vertex 157.99999999999818 -176.00000000000003 10.7
vertex 157.9696155060251 -176.34729635532153 10.7
endloop
endfacet
facet normal 0 0 1
outer loop
vertex 99 -176.00000000000003 10.7
vertex 99 -165.77032970000016 10.7
vertex 96.5 -165.77032970000016 10.7
endloop
endfacet
facet normal 0 0 1
outer loop
vertex 99 -176.00000000000003 10.7
vertex 96.5 -165.77032970000016 10.7
vertex 96.5 -176.00000000000003 10.7
endloop
endfacet
facet normal 0 0 1
outer loop
vertex 160.5 -176.00000000000003 10.7
vertex 160.5000037499996 -165.77032970000016 10.7
vertex 157.9999965999993 -165.77032970000016 10.7
endloop
endfacet
facet normal 0 0 1
outer loop
vertex 160.5 -176.00000000000003 10.7
vertex 157.9999965999993 -165.77032970000016 10.7
vertex 157.99999999999818 -176.00000000000003 10.7
endloop
endfacet
facet normal 0 0 1
outer loop
vertex 99 -165.77032970000016 10.7
vertex 98.98795152453762 -165.58058361265492 10.7
vertex 96.48795184382949 -165.58058361265492 10.7
endloop
endfacet
facet normal 0 0 1
outer loop
vertex 99 -165.77032970000016 10.7
vertex 96.48795184382949 -165.58058361265492 10.7
vertex 96.5 -165.77032970000016 10.7
endloop
endfacet
facet normal 0 0 1
outer loop
vertex 160.5000037499996 -165.77032970000016 10.7
vertex 160.51208061946917 -165.58035238174162 10.7
vertex 158.0120616354481 -165.58035238174162 10.7
endloop
endfacet
facet normal 0 0 1
outer loop
vertex 160.5000037499996 -165.77032970000016 10.7
vertex 158.0120616354481 -165.58035238174162 10.7
vertex 157.9999965999993 -165.77032970000016 10.7
endloop
endfacet
facet normal 0 0 1
outer loop
vertex 98.98795152453762 -165.58058361265492 10.7
vertex 98.97609690778243 -165.39389051996474 10.7
vertex 96.45199931459886 -165.39389051996474 10.7
endloop
endfacet
facet normal 0 0 1
outer loop
vertex 98.98795152453762 -165.58058361265492 10.7
vertex 96.45199931459886 -165.39389051996474 10.7
vertex 96.48795184382949 -165.58058361265492 10.7
endloop
endfacet
facet normal 0 0 1
outer loop
vertex 160.51208061946917 -165.58035238174162 10.7
vertex 160.54812068990014 -165.39343560230606 10.7
vertex 158.02393230290747 -165.39343560230606 10.7
endloop
endfacet
facet normal 0 0 1
outer loop
vertex 160.51208061946917 -165.58035238174162 10.7
vertex 158.02393230290747 -165.39343560230606 10.7
vertex 158.0120616354481 -165.58035238174162 10.7
endloop
endfacet
facet normal 0 0 1
outer loop
vertex 98.97609690778243 -165.39389051996474 10.7
vertex 98.96787122075159 -165.264347829298 10.7
vertex 98.95802943558161 -165.21324485000014 10.7
endloop
endfacet
facet normal 0 0 1
outer loop
vertex 98.97609690778243 -165.39389051996474 10.7
vertex 98.95802943558161 -165.21324485000014 10.7
vertex 96.39272000000005 -165.21324485000014 10.7
endloop
endfacet
facet normal 0 0 1
outer loop
vertex 98.97609690778243 -165.39389051996474 10.7
vertex 96.39272000000005 -165.21324485000014 10.7
vertex 96.45199931459886 -165.39389051996474 10.7
endloop
endfacet
facet normal 0 0 1
outer loop
vertex 160.54812068990014 -165.39343560230606 10.7
vertex 160.60754749999987 -165.21258700000033 10.7
vertex 158.04209882994266 -165.21258700000033 10.7
endloop
endfacet
facet normal 0 0 1
outer loop
vertex 160.54812068990014 -165.39343560230606 10.7
vertex 158.04209882994266 -165.21258700000033 10.7
vertex 158.0321303792443 -165.264347829298 10.7
endloop
endfacet
facet normal 0 0 1
outer loop
vertex 160.54812068990014 -165.39343560230606 10.7
vertex 158.0321303792443 -165.264347829298 10.7
vertex 158.02393230290747 -165.39343560230606 10.7
endloop
endfacet
facet normal 0 0 1
outer loop
vertex 98.95802943558161 -165.21324485000014 10.7
vertex 98.87199109527823 -164.7664950533519 10.7
vertex 98.71390499998034 -164.28476984995118 10.7
endloop
endfacet
facet normal 0 0 1
outer loop
vertex 98.95802943558161 -165.21324485000014 10.7
vertex 98.71390499998034 -164.28476984995118 10.7
vertex 95.69999926754669 -156.75 10.7
endloop
endfacet
facet normal 0 0 1
outer loop
vertex 98.95802943558161 -165.21324485000014 10.7
vertex 95.69999926754669 -156.75 10.7
vertex 93.00741759999998 -156.75 10.7
endloop
endfacet
facet normal 0 0 1
outer loop
vertex 98.95802943558161 -165.21324485000014 10.7
vertex 93.00741759999998 -156.75 10.7
vertex 96.39272000000005 -165.21324485000014 10.7
endloop
endfacet
facet normal 0 0 1
outer loop
vertex 160.60754749999987 -165.21258700000033 10.7
vertex 163.9925824 -156.75 10.7
vertex 161.2999999900352 -156.75 10.7
endloop
endfacet
facet normal 0 0 1
outer loop
vertex 160.60754749999987 -165.21258700000033 10.7
vertex 161.2999999900352 -156.75 10.7
vertex 158.2860931999976 -164.28476690000764 10.7
endloop
endfacet
facet normal 0 0 1
outer loop
vertex 160.60754749999987 -165.21258700000033 10.7
vertex 158.2860931999976 -164.28476690000764 10.7
vertex 158.12801050472746 -164.76649365332375 10.7
endloop
endfacet
facet normal 0 0 1
outer loop
vertex 160.60754749999987 -165.21258700000033 10.7
vertex 158.12801050472746 -164.76649365332375 10.7
vertex 158.04209882994266 -165.21258700000033 10.7
endloop
endfacet
facet normal 0 0 1
outer loop
vertex 93.00741759999998 -156.75 10.7
vertex 95.69999926754669 -156.75 10.7
vertex 94.69999999999999 -154.25 10.7
endloop
endfacet
facet normal 0 0 1
outer loop
vertex 93.00741759999998 -156.75 10.7
vertex 94.69999999999999 -154.25 10.7
vertex 91.49999999997657 -154.25 10.7
endloop
endfacet
facet normal 0 0 1
outer loop
vertex 93.00741759999998 -156.75 10.7
vertex 91.49999999997657 -154.25 10.7
vertex 87.48630876843126 -154.25 10.7
endloop
endfacet
facet normal 0 0 1
outer loop
vertex 93.00741759999998 -156.75 10.7
vertex 87.48630876843126 -154.25 10.7
vertex 87.60288568296997 -154.49999999999991 10.7
endloop
endfacet
facet normal 0 0 1
outer loop
vertex 93.00741759999998 -156.75 10.7
vertex 87.60288568296997 -154.49999999999991 10.7
vertex 88.05280000596461 -155.14254424358944 10.7
endloop
endfacet
facet normal 0 0 1
outer loop
vertex 93.00741759999998 -156.75 10.7
vertex 88.05280000596461 -155.14254424358944 10.7
vertex 88.60745575641057 -155.6971999940354 10.7
endloop
endfacet
facet normal 0 0 1
outer loop
vertex 93.00741759999998 -156.75 10.7
vertex 88.60745575641057 -155.6971999940354 10.7
vertex 89.24999999999989 -156.14711431703 10.7
endloop
endfacet
facet normal 0 0 1
outer loop
vertex 93.00741759999998 -156.75 10.7
vertex 89.24999999999989 -156.14711431703 10.7
vertex 89.96090935503449 -156.47861679353656 10.7
endloop
endfacet
facet normal 0 0 1
outer loop
vertex 93.00741759999998 -156.75 10.7
vertex 89.96090935503449 -156.47861679353656 10.7
vertex 90.71858320049883 -156.68163488855492 10.7
endloop
endfacet
facet normal 0 0 1
outer loop
vertex 93.00741759999998 -156.75 10.7
vertex 90.71858320049883 -156.68163488855492 10.7
vertex 91.49999999999996 -156.75 10.7
endloop
endfacet
facet normal 0 0 1
outer loop
vertex 163.9925824 -156.75 10.7
vertex 165.49999999999986 -156.75 10.7
vertex 166.28141679950122 -156.68163488855492 10.7
endloop
endfacet
facet normal 0 0 1
outer loop
vertex 163.9925824 -156.75 10.7
vertex 166.28141679950122 -156.68163488855492 10.7
vertex 167.0390906449656 -156.47861679353656 10.7
endloop
endfacet
facet normal 0 0 1
outer loop
vertex 163.9925824 -156.75 10.7
vertex 167.0390906449656 -156.47861679353656 10.7
vertex 167.74999999999994 -156.14711431703 10.7
endloop
endfacet
facet normal 0 0 1
outer loop
vertex 163.9925824 -156.75 10.7
vertex 167.74999999999994 -156.14711431703 10.7
vertex 168.39254424358953 -155.6971999940354 10.7
endloop
endfacet
facet normal 0 0 1
outer loop
vertex 163.9925824 -156.75 10.7
vertex 168.39254424358953 -155.6971999940354 10.7
vertex 168.9471999940354 -155.14254424358944 10.7
endloop
endfacet
facet normal 0 0 1
outer loop
vertex 163.9925824 -156.75 10.7
vertex 168.9471999940354 -155.14254424358944 10.7
vertex 169.39711431702986 -154.49999999999991 10.7
endloop
endfacet
facet normal 0 0 1
outer loop
vertex 163.9925824 -156.75 10.7
vertex 169.39711431702986 -154.49999999999991 10.7
vertex 169.51369123156869 -154.25 10.7
endloop
endfacet
facet normal 0 0 1
outer loop
vertex 163.9925824 -156.75 10.7
vertex 169.51369123156869 -154.25 10.7
vertex 165.49999999998124 -154.25 10.7
endloop
endfacet
facet normal 0 0 1
outer loop
vertex 163.9925824 -156.75 10.7
vertex 165.49999999998124 -154.25 10.7
vertex 162.30000000000052 -154.25 10.7
endloop
endfacet
facet normal 0 0 1
outer loop
vertex 163.9925824 -156.75 10.7
vertex 162.30000000000052 -154.25 10.7
vertex 161.2999999900352 -156.75 10.7
endloop
endfacet
facet normal 0 0 1
outer loop
vertex 91.49999999997657 -154.25 10.7
vertex 91.15270364467955 -154.2196155060228 10.7
vertex 87.47214024620052 -154.2196155060228 10.7
endloop
endfacet
facet normal 0 0 1
outer loop
vertex 91.49999999997657 -154.25 10.7
vertex 87.47214024620052 -154.2196155060228 10.7
vertex 87.48630876843126 -154.25 10.7
endloop
endfacet
facet normal 0 0 1
outer loop
vertex 169.51369123156869 -154.25 10.7
vertex 169.52785975379942 -154.2196155060228 10.7
vertex 165.8472963553335 -154.2196155060228 10.7
endloop
endfacet
facet normal 0 0 1
outer loop
vertex 169.51369123156869 -154.25 10.7
vertex 165.8472963553335 -154.2196155060228 10.7
vertex 165.49999999998124 -154.25 10.7
endloop
endfacet
facet normal 0 0 1
outer loop
vertex 91.15270364467955 -154.2196155060228 10.7
vertex 90.81595971334197 -154.12938524156613 10.7
vertex 87.43006518288702 -154.12938524156613 10.7
endloop
endfacet
facet normal 0 0 1
outer loop
vertex 91.15270364467955 -154.2196155060228 10.7
vertex 87.43006518288702 -154.12938524156613 10.7
vertex 87.47214024620052 -154.2196155060228 10.7
endloop
endfacet
facet normal 0 0 1
outer loop
vertex 169.52785975379942 -154.2196155060228 10.7
vertex 169.5699348171129 -154.12938524156613 10.7
vertex 166.18404028666603 -154.12938524156613 10.7
endloop
endfacet
facet normal 0 0 1
outer loop
vertex 169.52785975379942 -154.2196155060228 10.7
vertex 166.18404028666603 -154.12938524156613 10.7
vertex 165.8472963553335 -154.2196155060228 10.7
endloop
endfacet
facet normal 0 0 1
outer loop
vertex 90.81595971334197 -154.12938524156613 10.7
vertex 90.50000000001839 -153.98205080757214 10.7
vertex 87.3613620080057 -153.98205080757214 10.7
endloop
endfacet
facet normal 0 0 1
outer loop
vertex 90.81595971334197 -154.12938524156613 10.7
vertex 87.3613620080057 -153.98205080757214 10.7
vertex 87.43006518288702 -154.12938524156613 10.7
endloop
endfacet
facet normal 0 0 1
outer loop
vertex 169.5699348171129 -154.12938524156613 10.7
vertex 169.63863799199424 -153.98205080757214 10.7
vertex 166.49999999999548 -153.98205080757214 10.7
endloop
endfacet
facet normal 0 0 1
outer loop
vertex 169.5699348171129 -154.12938524156613 10.7
vertex 166.49999999999548 -153.98205080757214 10.7
vertex 166.18404028666603 -154.12938524156613 10.7
endloop
endfacet
facet normal 0 0 1
outer loop
vertex 90.50000000001839 -153.98205080757214 10.7
vertex 90.21442478060024 -153.78208888623806 10.7
vertex 87.2695070908668 -153.78208888623806 10.7
endloop
endfacet
facet normal 0 0 1
outer loop
vertex 90.50000000001839 -153.98205080757214 10.7
vertex 87.2695070908668 -153.78208888623806 10.7
vertex 87.27138320646344 -153.78909064496563 10.7
endloop
endfacet
facet normal 0 0 1
outer loop
vertex 90.50000000001839 -153.98205080757214 10.7
vertex 87.27138320646344 -153.78909064496563 10.7
vertex 87.3613620080057 -153.98205080757214 10.7
endloop
endfacet
facet normal 0 0 1
outer loop
vertex 169.63863799199424 -153.98205080757214 10.7
vertex 169.7286167935367 -153.78909064496563 10.7
vertex 169.73049290913335 -153.78208888623806 10.7
endloop
endfacet
facet normal 0 0 1
outer loop
vertex 169.63863799199424 -153.98205080757214 10.7
vertex 169.73049290913335 -153.78208888623806 10.7
vertex 166.78557521937304 -153.78208888623806 10.7
endloop
endfacet
facet normal 0 0 1
outer loop
vertex 169.63863799199424 -153.98205080757214 10.7
vertex 166.78557521937304 -153.78208888623806 10.7
vertex 166.49999999999548 -153.98205080757214 10.7
endloop
endfacet
facet normal 0 0 1
outer loop
vertex 90.21442478060024 -153.78208888623806 10.7
vertex 89.96791111377154 -153.5355752193732 10.7
vertex 87.20345395290711 -153.5355752193732 10.7
endloop
endfacet
facet normal 0 0 1
outer loop
vertex 90.21442478060024 -153.78208888623806 10.7
vertex 87.20345395290711 -153.5355752193732 10.7
vertex 87.2695070908668 -153.78208888623806 10.7
endloop
endfacet
facet normal 0 0 1
outer loop
vertex 169.73049290913335 -153.78208888623806 10.7
vertex 169.796546047093 -153.5355752193732 10.7
vertex 167.03208888623791 -153.5355752193732 10.7
endloop
endfacet
facet normal 0 0 1
outer loop
vertex 169.73049290913335 -153.78208888623806 10.7
vertex 167.03208888623791 -153.5355752193732 10.7
vertex 166.78557521937304 -153.78208888623806 10.7
endloop
endfacet
facet normal 0 0 1
outer loop
vertex 89.96791111377154 -153.5355752193732 10.7
vertex 89.76794919242597 -153.24999999999366 10.7
vertex 87.12693430349603 -153.24999999999366 10.7
endloop
endfacet
facet normal 0 0 1
outer loop
vertex 89.96791111377154 -153.5355752193732 10.7
vertex 87.12693430349603 -153.24999999999366 10.7
vertex 87.20345395290711 -153.5355752193732 10.7
endloop
endfacet
facet normal 0 0 1
outer loop
vertex 169.796546047093 -153.5355752193732 10.7
vertex 169.873065696504 -153.24999999999366 10.7
vertex 167.23205080757336 -153.24999999999366 10.7
endloop
endfacet
facet normal 0 0 1
outer loop
vertex 169.796546047093 -153.5355752193732 10.7
vertex 167.23205080757336 -153.24999999999366 10.7
vertex 167.03208888623791 -153.5355752193732 10.7
endloop
endfacet
facet normal 0 0 1
outer loop
vertex 89.76794919242597 -153.24999999999366 10.7
vertex 89.62061475843558 -152.93404028666671 10.7
vertex 87.05984577047836 -152.93404028666671 10.7
endloop
endfacet
facet normal 0 0 1
outer loop
vertex 89.76794919242597 -153.24999999999366 10.7
vertex 87.05984577047836 -152.93404028666671 10.7
vertex 87.06836511144506 -153.0314167995012 10.7
endloop
endfacet
facet normal 0 0 1
outer loop
vertex 89.76794919242597 -153.24999999999366 10.7
vertex 87.06836511144506 -153.0314167995012 10.7
vertex 87.12693430349603 -153.24999999999366 10.7
endloop
endfacet
facet normal 0 0 1
outer loop
vertex 169.873065696504 -153.24999999999366 10.7
vertex 169.9316348885549 -153.0314167995012 10.7
vertex 169.9401542295216 -152.93404028666671 10.7
endloop
endfacet
facet normal 0 0 1
outer loop
vertex 169.873065696504 -153.24999999999366 10.7
vertex 169.9401542295216 -152.93404028666671 10.7
vertex 167.37938524156618 -152.93404028666671 10.7
endloop
endfacet
facet normal 0 0 1
outer loop
vertex 169.873065696504 -153.24999999999366 10.7
vertex 167.37938524156618 -152.93404028666671 10.7
vertex 167.23205080757336 -153.24999999999366 10.7
endloop
endfacet
facet normal 0 0 1
outer loop
vertex 89.62061475843558 -152.93404028666671 10.7
vertex 89.53038449397303 -152.59729635531687 10.7
vertex 87.0303844939741 -152.59729635531687 10.7
endloop
endfacet
facet normal 0 0 1
outer loop
vertex 89.62061475843558 -152.93404028666671 10.7
vertex 87.0303844939741 -152.59729635531687 10.7
vertex 87.05984577047836 -152.93404028666671 10.7
endloop
endfacet
facet normal 0 0 1
outer loop
vertex 169.9401542295216 -152.93404028666671 10.7
vertex 169.9696155060259 -152.59729635531687 10.7
vertex 167.46961550602745 -152.59729635531687 10.7
endloop
endfacet
facet normal 0 0 1
outer loop
vertex 169.9401542295216 -152.93404028666671 10.7
vertex 167.46961550602745 -152.59729635531687 10.7
vertex 167.37938524156618 -152.93404028666671 10.7
endloop
endfacet
facet normal 0 0 1
outer loop
vertex 89.53038449397303 -152.59729635531687 10.7
vertex 89.5 -152.24999999999994 10.7
vertex 87 -152.24999999999994 10.7
endloop
endfacet
facet normal 0 0 1
outer loop
vertex 89.53038449397303 -152.59729635531687 10.7
vertex 87 -152.24999999999994 10.7
vertex 87.0303844939741 -152.59729635531687 10.7
endloop
endfacet
facet normal 0 0 1
outer loop
vertex 169.9696155060259 -152.59729635531687 10.7
vertex 170 -152.24999999999994 10.7
vertex 167.49999999999716 -152.24999999999994 10.7
endloop
endfacet
facet normal 0 0 1
outer loop
vertex 169.9696155060259 -152.59729635531687 10.7
vertex 167.49999999999716 -152.24999999999994 10.7
vertex 167.46961550602745 -152.59729635531687 10.7
endloop
endfacet
facet normal 0 0 1
outer loop
vertex 170 -152.24999999999994 10.7
vertex 170 -135.2500045999791 10.7
vertex 167.5 -135.2500045999791 10.7
endloop
endfacet
facet normal 0 0 1
outer loop
vertex 170 -152.24999999999994 10.7
vertex 167.5 -135.2500045999791 10.7
vertex 167.49999999999716 -152.24999999999994 10.7
endloop
endfacet
facet normal 0 0 1
outer loop
vertex 89.5 -152.24999999999994 10.7
vertex 89.5 -135.25000000000045 10.7
vertex 87 -135.25000000000045 10.7
endloop
endfacet
facet normal 0 0 1
outer loop
vertex 89.5 -152.24999999999994 10.7
vertex 87 -135.25000000000045 10.7
vertex 87 -152.24999999999994 10.7
endloop
endfacet
facet normal 0 0 1
outer loop
vertex 170 -135.2500045999791 10.7
vertex 169.9797088004364 -134.9519186664569 10.7
vertex 167.4776628267946 -134.9519186664569 10.7
endloop
endfacet
facet normal 0 0 1
outer loop
vertex 170 -135.2500045999791 10.7
vertex 167.4776628267946 -134.9519186664569 10.7
vertex 167.5 -135.2500045999791 10.7
endloop
endfacet
facet normal 0 0 1
outer loop
vertex 89.5 -135.25000000000045 10.7
vertex 89.52233972821791 -134.9519121150506 10.7
vertex 87.02029176907627 -134.9519121150506 10.7
endloop
endfacet
facet normal 0 0 1
outer loop
vertex 89.5 -135.25000000000045 10.7
vertex 87.02029176907627 -134.9519121150506 10.7
vertex 87 -135.25000000000045 10.7
endloop
endfacet
facet normal 0 0 1
outer loop
vertex 169.9797088004364 -134.9519186664569 10.7
vertex 169.9598703203252 -134.66049133305086 10.7
vertex 167.4111475469444 -134.66049133305086 10.7
endloop
endfacet
facet normal 0 0 1
outer loop
vertex 169.9797088004364 -134.9519186664569 10.7
vertex 167.4111475469444 -134.66049133305086 10.7
vertex 167.4776628267946 -134.9519186664569 10.7
endloop
endfacet
facet normal 0 0 1
outer loop
vertex 89.52233972821791 -134.9519121150506 10.7
vertex 89.58885666383807 -134.66048808202083 10.7
vertex 87.04012990903459 -134.66048808202083 10.7
endloop
endfacet
facet normal 0 0 1
outer loop
vertex 89.52233972821791 -134.9519121150506 10.7
vertex 87.04012990903459 -134.66048808202083 10.7
vertex 87.02029176907627 -134.9519121150506 10.7
endloop
endfacet
facet normal 0 0 1
outer loop
vertex 89.58885666383807 -134.66048808202083 10.7
vertex 89.69806494374538 -134.38223276516837 10.7
vertex 87.0948487927541 -134.38223276516837 10.7
endloop
endfacet
facet normal 0 0 1
outer loop
vertex 89.58885666383807 -134.66048808202083 10.7
vertex 87.0948487927541 -134.38223276516837 10.7
vertex 87.04151287570332 -134.64017217916933 10.7
endloop
endfacet
facet normal 0 0 1
outer loop
vertex 89.58885666383807 -134.66048808202083 10.7
vertex 87.04151287570332 -134.64017217916933 10.7
vertex 87.04012990903459 -134.66048808202083 10.7
endloop
endfacet
facet normal 0 0 1
outer loop
vertex 169.9598703203252 -134.66049133305086 10.7
vertex 169.9584871242967 -134.64017217916933 10.7
vertex 169.90515107804288 -134.38223276516837 10.7
endloop
endfacet
facet normal 0 0 1
outer loop
vertex 169.9598703203252 -134.66049133305086 10.7
vertex 169.90515107804288 -134.38223276516837 10.7
vertex 167.3019400554313 -134.38223276516837 10.7
endloop
endfacet
facet normal 0 0 1
outer loop
vertex 169.9598703203252 -134.66049133305086 10.7
vertex 167.3019400554313 -134.38223276516837 10.7
vertex 167.4111475469444 -134.66049133305086 10.7
endloop
endfacet
facet normal 0 0 1
outer loop
vertex 89.69806494374538 -134.38223276516837 10.7
vertex 89.84752506054984 -134.12336186445833 10.7
vertex 87.14837731975572 -134.12336186445833 10.7
endloop
endfacet
facet normal 0 0 1
outer loop
vertex 89.69806494374538 -134.38223276516837 10.7
vertex 87.14837731975572 -134.12336186445833 10.7
vertex 87.0948487927541 -134.38223276516837 10.7
endloop
endfacet
facet normal 0 0 1
outer loop
vertex 169.90515107804288 -134.38223276516837 10.7
vertex 169.85162173529255 -134.1233585464991 10.7
vertex 167.15247971942026 -134.1233585464991 10.7
endloop
endfacet
facet normal 0 0 1
outer loop
vertex 169.90515107804288 -134.38223276516837 10.7
vertex 167.15247971942026 -134.1233585464991 10.7
vertex 167.3019400554313 -134.38223276516837 10.7
endloop
endfacet
facet normal 0 0 1
outer loop
vertex 89.84752506054984 -134.12336186445833 10.7
vertex 90.03389835662384 -133.88965806844902 10.7
vertex 87.21900358882633 -133.88965806844902 10.7
endloop
endfacet
facet normal 0 0 1
outer loop
vertex 89.84752506054984 -134.12336186445833 10.7
vertex 87.21900358882633 -133.88965806844902 10.7
vertex 87.16528367009967 -134.04160056097388 10.7
endloop
endfacet
facet normal 0 0 1
outer loop
vertex 89.84752506054984 -134.12336186445833 10.7
vertex 87.16528367009967 -134.04160056097388 10.7
vertex 87.14837731975572 -134.12336186445833 10.7
endloop
endfacet
facet normal 0 0 1
outer loop
vertex 169.85162173529255 -134.1233585464991 10.7
vertex 169.83471632990026 -134.04160201097363 10.7
vertex 169.7809937025537 -133.8896518573341 10.7
endloop
endfacet
facet normal 0 0 1
outer loop
vertex 169.85162173529255 -134.1233585464991 10.7
vertex 169.7809937025537 -133.8896518573341 10.7
vertex 166.9661055300891 -133.8896518573341 10.7
endloop
endfacet
facet normal 0 0 1
outer loop
vertex 169.85162173529255 -134.1233585464991 10.7
vertex 166.9661055300891 -133.8896518573341 10.7
vertex 167.15247971942026 -134.1233585464991 10.7
endloop
endfacet
facet normal 0 0 1
outer loop
vertex 90.03389835662384 -133.88965806844902 10.7
vertex 90.25302160337795 -133.68634188000078 10.7
vertex 87.29088689768719 -133.68634188000078 10.7
endloop
endfacet
facet normal 0 0 1
outer loop
vertex 90.03389835662384 -133.88965806844902 10.7
vertex 87.29088689768719 -133.68634188000078 10.7
vertex 87.21900358882633 -133.88965806844902 10.7
endloop
endfacet
facet normal 0 0 1
outer loop
vertex 169.7809937025537 -133.8896518573341 10.7
vertex 169.7091095425152 -133.68633326139795 10.7
vertex 166.74698063041797 -133.68633326139795 10.7
endloop
endfacet
facet normal 0 0 1
outer loop
vertex 169.7809937025537 -133.8896518573341 10.7
vertex 166.74698063041797 -133.68633326139795 10.7
vertex 166.9661055300891 -133.8896518573341 10.7
endloop
endfacet
facet normal 0 0 1
outer loop
vertex 90.25302160337795 -133.68634188000078 10.7
vertex 90.5 -133.51795500000006 10.7
vertex 90.5 -132.42157499999996 10.7
endloop
endfacet
facet normal 0 0 1
outer loop
vertex 90.25302160337795 -133.68634188000078 10.7
vertex 90.5 -132.42157499999996 10.7
vertex 88 -132.42157499999996 10.7
endloop
endfacet
facet normal 0 0 1
outer loop
vertex 90.25302160337795 -133.68634188000078 10.7
vertex 88 -132.42157499999996 10.7
vertex 87.64898935378048 -132.92197355904628 10.7
endloop
endfacet
facet normal 0 0 1
outer loop
vertex 90.25302160337795 -133.68634188000078 10.7
vertex 87.64898935378048 -132.92197355904628 10.7
vertex 87.36902884447791 -133.46532363485895 10.7
endloop
endfacet
facet normal 0 0 1
outer loop
vertex 90.25302160337795 -133.68634188000078 10.7
vertex 87.36902884447791 -133.46532363485895 10.7
vertex 87.29088689768719 -133.68634188000078 10.7
endloop
endfacet
facet normal 0 0 1
outer loop
vertex 169.7091095425152 -133.68633326139795 10.7
vertex 169.63097115552216 -133.46532508485913 10.7
vertex 169.3510106462195 -132.92197500904624 10.7
endloop
endfacet
facet normal 0 0 1
outer loop
vertex 169.7091095425152 -133.68633326139795 10.7
vertex 169.3510106462195 -132.92197500904624 10.7
vertex 169 -132.4215729 10.7
endloop
endfacet
facet normal 0 0 1
outer loop
vertex 169.7091095425152 -133.68633326139795 10.7
vertex 169 -132.4215729 10.7
vertex 166.5 -132.4215729 10.7
endloop
endfacet
facet normal 0 0 1
outer loop
vertex 169.7091095425152 -133.68633326139795 10.7
vertex 166.5 -132.4215729 10.7
vertex 166.5 -133.51794920000208 10.7
endloop
endfacet
facet normal 0 0 1
outer loop
vertex 169.7091095425152 -133.68633326139795 10.7
vertex 166.5 -133.51794920000208 10.7
vertex 166.74698063041797 -133.68633326139795 10.7
endloop
endfacet
facet normal 0 0 1
outer loop
vertex 90.5 -132.42157499999996 10.7
vertex 90.5 -131.3284271 10.7
vertex 88 -131.3284271 10.7
endloop
endfacet
facet normal 0 0 1
outer loop
vertex 90.5 -132.42157499999996 10.7
vertex 88 -131.3284271 10.7
vertex 88 -132.42157499999996 10.7
endloop
endfacet
facet normal 0 0 1
outer loop
vertex 169 -132.4215729 10.7
vertex 169 -131.32842499999998 10.7
vertex 166.5 -131.32842499999998 10.7
endloop
endfacet
facet normal 0 0 1
outer loop
vertex 169 -132.4215729 10.7
vertex 166.5 -131.32842499999998 10.7
vertex 166.5 -132.4215729 10.7
endloop
endfacet
facet normal 0 0 1
outer loop
vertex 90.5 -131.3284271 10.7
vertex 90.5 -130.2320507999991 10.7
vertex 90.25301936957159 -130.0636667385961 10.7
endloop
endfacet
facet normal 0 0 1
outer loop
vertex 90.5 -131.3284271 10.7
vertex 90.25301936957159 -130.0636667385961 10.7
vertex 87.29089045748273 -130.0636667385961 10.7
endloop
endfacet
facet normal 0 0 1
outer loop
vertex 90.5 -131.3284271 10.7
vertex 87.29089045748273 -130.0636667385961 10.7
vertex 87.36902884447794 -130.2846749151411 10.7
endloop
endfacet
facet normal 0 0 1
outer loop
vertex 90.5 -131.3284271 10.7
vertex 87.36902884447794 -130.2846749151411 10.7
vertex 87.64898935378056 -130.82802499095385 10.7
endloop
endfacet
facet normal 0 0 1
outer loop
vertex 90.5 -131.3284271 10.7
vertex 87.64898935378056 -130.82802499095385 10.7
vertex 88 -131.3284271 10.7
endloop
endfacet
facet normal 0 0 1
outer loop
vertex 169 -131.32842499999998 10.7
vertex 169.3510106462193 -130.8280264409541 10.7
vertex 169.63097115552202 -130.28467636514114 10.7
endloop
endfacet
facet normal 0 0 1
outer loop
vertex 169 -131.32842499999998 10.7
vertex 169.63097115552202 -130.28467636514114 10.7
vertex 169.70911310231358 -130.06365811999697 10.7
endloop
endfacet
facet normal 0 0 1
outer loop
vertex 169 -131.32842499999998 10.7
vertex 169.70911310231358 -130.06365811999697 10.7
vertex 166.7469783966243 -130.06365811999697 10.7
endloop
endfacet
facet normal 0 0 1
outer loop
vertex 169 -131.32842499999998 10.7
vertex 166.7469783966243 -130.06365811999697 10.7
vertex 166.5 -130.23204499999923 10.7
endloop
endfacet
facet normal 0 0 1
outer loop
vertex 169 -131.32842499999998 10.7
vertex 166.5 -130.23204499999923 10.7
vertex 166.5 -131.32842499999998 10.7
endloop
endfacet
facet normal 0 0 1
outer loop
vertex 90.25301936957159 -130.0636667385961 10.7
vertex 90.03389446992848 -129.86034814268598 10.7
vertex 87.21900629745342 -129.86034814268598 10.7
endloop
endfacet
facet normal 0 0 1
outer loop
vertex 90.25301936957159 -130.0636667385961 10.7
vertex 87.21900629745342 -129.86034814268598 10.7
vertex 87.29089045748273 -130.0636667385961 10.7
endloop
endfacet
facet normal 0 0 1
outer loop
vertex 169.70911310231358 -130.06365811999697 10.7
vertex 169.78099641117453 -129.86034193154856 10.7
vertex 166.96610164337858 -129.86034193154856 10.7
endloop
endfacet
facet normal 0 0 1
outer loop
vertex 169.70911310231358 -130.06365811999697 10.7
vertex 166.96610164337858 -129.86034193154856 10.7
vertex 166.7469783966243 -130.06365811999697 10.7
endloop
endfacet
facet normal 0 0 1
outer loop
vertex 90.03389446992848 -129.86034814268598 10.7
vertex 89.84752023209853 -129.62664145349774 10.7
vertex 87.14837826470678 -129.62664145349774 10.7
endloop
endfacet
facet normal 0 0 1
outer loop
vertex 90.03389446992848 -129.86034814268598 10.7
vertex 87.14837826470678 -129.62664145349774 10.7
vertex 87.16528367009967 -129.70839798902608 10.7
endloop
endfacet
facet normal 0 0 1
outer loop
vertex 90.03389446992848 -129.86034814268598 10.7
vertex 87.16528367009967 -129.70839798902608 10.7
vertex 87.21900629745342 -129.86034814268598 10.7
endloop
endfacet
facet normal 0 0 1
outer loop
vertex 169.78099641117453 -129.86034193154856 10.7
vertex 169.8347163299003 -129.70839943902624 10.7
vertex 169.85162268024345 -129.62663813554556 10.7
endloop
endfacet
facet normal 0 0 1
outer loop
vertex 169.78099641117453 -129.86034193154856 10.7
vertex 169.85162268024345 -129.62663813554556 10.7
vertex 167.1524749394475 -129.62663813554556 10.7
endloop
endfacet
facet normal 0 0 1
outer loop
vertex 169.78099641117453 -129.86034193154856 10.7
vertex 167.1524749394475 -129.62663813554556 10.7
vertex 166.96610164337858 -129.86034193154856 10.7
endloop
endfacet
facet normal 0 0 1
outer loop
vertex 89.84752023209853 -129.62664145349774 10.7
vertex 89.69805998507617 -129.3677673380402 10.7
vertex 87.09484894329836 -129.3677673380402 10.7
endloop
endfacet
facet normal 0 0 1
outer loop
vertex 89.84752023209853 -129.62664145349774 10.7
vertex 87.09484894329836 -129.3677673380402 10.7
vertex 87.14837826470678 -129.62664145349774 10.7
endloop
endfacet
facet normal 0 0 1
outer loop
vertex 169.85162268024345 -129.62663813554556 10.7
vertex 169.90515118590474 -129.3677673380402 10.7
vertex 167.30193499666638 -129.3677673380402 10.7
endloop
endfacet
facet normal 0 0 1
outer loop
vertex 169.85162268024345 -129.62663813554556 10.7
vertex 167.30193499666638 -129.3677673380402 10.7
vertex 167.1524749394475 -129.62663813554556 10.7
endloop
endfacet
facet normal 0 0 1
outer loop
vertex 169.90515118590474 -129.3677673380402 10.7
vertex 169.95848712429674 -129.10982782083036 10.7
vertex 169.9598700909657 -129.0895119179756 10.7
endloop
endfacet
facet normal 0 0 1
outer loop
vertex 169.90515118590474 -129.3677673380402 10.7
vertex 169.9598700909657 -129.0895119179756 10.7
vertex 167.4111433361633 -129.0895119179756 10.7
endloop
endfacet
facet normal 0 0 1
outer loop
vertex 169.90515118590474 -129.3677673380402 10.7
vertex 167.4111433361633 -129.0895119179756 10.7
vertex 167.30193499666638 -129.3677673380402 10.7
endloop
endfacet
facet normal 0 0 1
outer loop
vertex 89.69805998507617 -129.3677673380402 10.7
vertex 89.58885245305206 -129.08950866693644 10.7
vertex 87.04012967967395 -129.08950866693644 10.7
endloop
endfacet
facet normal 0 0 1
outer loop
vertex 89.69805998507617 -129.3677673380402 10.7
vertex 87.04012967967395 -129.08950866693644 10.7
vertex 87.04151287570328 -129.10982782083036 10.7
endloop
endfacet
facet normal 0 0 1
outer loop
vertex 89.69805998507617 -129.3677673380402 10.7
vertex 87.04151287570328 -129.10982782083036 10.7
vertex 87.09484894329836 -129.3677673380402 10.7
endloop
endfacet
facet normal 0 0 1
outer loop
vertex 169.9598700909657 -129.0895119179756 10.7
vertex 169.9797082309232 -128.798087884958 10.7
vertex 167.4776602717807 -128.798087884958 10.7
endloop
endfacet
facet normal 0 0 1
outer loop
vertex 169.9598700909657 -129.0895119179756 10.7
vertex 167.4776602717807 -128.798087884958 10.7
vertex 167.4111433361633 -129.0895119179756 10.7
endloop
endfacet
facet normal 0 0 1
outer loop
vertex 89.58885245305206 -129.08950866693644 10.7
vertex 89.52233717320816 -128.79808133355817 10.7
vertex 87.02029119956461 -128.79808133355817 10.7
endloop
endfacet
facet normal 0 0 1
outer loop
vertex 89.58885245305206 -129.08950866693644 10.7
vertex 87.02029119956461 -128.79808133355817 10.7
vertex 87.04012967967395 -129.08950866693644 10.7
endloop
endfacet
facet normal 0 0 1
outer loop
vertex 169.9797082309232 -128.798087884958 10.7
vertex 170 -128.50000000000014 10.7
vertex 167.5 -128.50000000000014 10.7
endloop
endfacet
facet normal 0 0 1
outer loop
vertex 169.9797082309232 -128.798087884958 10.7
vertex 167.5 -128.50000000000014 10.7
vertex 167.4776602717807 -128.798087884958 10.7
endloop
endfacet
facet normal 0 0 1
outer loop
vertex 89.52233717320816 -128.79808133355817 10.7
vertex 89.5 -128.4999953999988 10.7
vertex 87 -128.4999953999988 10.7
endloop
endfacet
facet normal 0 0 1
outer loop
vertex 89.52233717320816 -128.79808133355817 10.7
vertex 87 -128.4999953999988 10.7
vertex 87.02029119956461 -128.79808133355817 10.7
endloop
endfacet
facet normal 0 0 1
outer loop
vertex 89.5 -128.4999953999988 10.7
vertex 89.5 -73.49999999999984 10.7
vertex 87 -73.49999999999984 10.7
endloop
endfacet
facet normal 0 0 1
outer loop
vertex 89.5 -128.4999953999988 10.7
vertex 87 -73.49999999999984 10.7
vertex 87 -128.4999953999988 10.7
endloop
endfacet
facet normal 0 0 1
outer loop
vertex 170 -128.50000000000014 10.7
vertex 170 -73.49999999999984 10.7
vertex 167.5 -73.49999999999984 10.7
endloop
endfacet
facet normal 0 0 1
outer loop
vertex 170 -128.50000000000014 10.7
vertex 167.5 -73.49999999999984 10.7
vertex 167.5 -128.50000000000014 10.7
endloop
endfacet
facet normal 0 0 1
outer loop
vertex 89.5 -73.49999999999984 10.7
vertex 89.53038449397569 -73.15270364466559 10.7
vertex 87.03038449397562 -73.15270364466559 10.7
endloop
endfacet
facet normal 0 0 1
outer loop
vertex 89.5 -73.49999999999984 10.7
vertex 87.03038449397562 -73.15270364466559 10.7
vertex 87 -73.49999999999984 10.7
endloop
endfacet
facet normal 0 0 1
outer loop
vertex 170 -73.49999999999984 10.7
vertex 169.96961550602435 -73.15270364466559 10.7
vertex 167.46961550602447 -73.15270364466559 10.7
endloop
endfacet
facet normal 0 0 1
outer loop
vertex 170 -73.49999999999984 10.7
vertex 167.46961550602447 -73.15270364466559 10.7
vertex 167.5 -73.49999999999984 10.7
endloop
endfacet
facet normal 0 0 1
outer loop
vertex 89.53038449397569 -73.15270364466559 10.7
vertex 89.62061475842923 -72.81595971336054 10.7
vertex 87.05984577047596 -72.81595971336054 10.7
endloop
endfacet
facet normal 0 0 1
outer loop
vertex 89.53038449397569 -73.15270364466559 10.7
vertex 87.05984577047596 -72.81595971336054 10.7
vertex 87.03038449397562 -73.15270364466559 10.7
endloop
endfacet
facet normal 0 0 1
outer loop
vertex 169.96961550602435 -73.15270364466559 10.7
vertex 169.94015422952398 -72.81595971336054 10.7
vertex 167.3793852415763 -72.81595971336054 10.7
endloop
endfacet
facet normal 0 0 1
outer loop
vertex 169.96961550602435 -73.15270364466559 10.7
vertex 167.3793852415763 -72.81595971336054 10.7
vertex 167.46961550602447 -73.15270364466559 10.7
endloop
endfacet
facet normal 0 0 1
outer loop
vertex 89.62061475842923 -72.81595971336054 10.7
vertex 89.76794919243054 -72.49999999999656 10.7
vertex 87.12693430349864 -72.49999999999656 10.7
endloop
endfacet
facet normal 0 0 1
outer loop
vertex 89.62061475842923 -72.81595971336054 10.7
vertex 87.12693430349864 -72.49999999999656 10.7
vertex 87.06836511144505 -72.71858320049881 10.7
endloop
endfacet
facet normal 0 0 1
outer loop
vertex 89.62061475842923 -72.81595971336054 10.7
vertex 87.06836511144505 -72.71858320049881 10.7
vertex 87.05984577047596 -72.81595971336054 10.7
endloop
endfacet
facet normal 0 0 1
outer loop
vertex 169.94015422952398 -72.81595971336054 10.7
vertex 169.9316348885549 -72.71858320049881 10.7
vertex 169.87306569650133 -72.49999999999656 10.7
endloop
endfacet
facet normal 0 0 1
outer loop
vertex 169.94015422952398 -72.81595971336054 10.7
vertex 169.87306569650133 -72.49999999999656 10.7
vertex 167.23205080756622 -72.49999999999656 10.7
endloop
endfacet
facet normal 0 0 1
outer loop
vertex 169.94015422952398 -72.81595971336054 10.7
vertex 167.23205080756622 -72.49999999999656 10.7
vertex 167.3793852415763 -72.81595971336054 10.7
endloop
endfacet
facet normal 0 0 1
outer loop
vertex 89.76794919243054 -72.49999999999656 10.7
vertex 89.96791111376228 -72.21442478063514 10.7
vertex 87.20345395290487 -72.21442478063514 10.7
endloop
endfacet
facet normal 0 0 1
outer loop
vertex 89.76794919243054 -72.49999999999656 10.7
vertex 87.20345395290487 -72.21442478063514 10.7
vertex 87.12693430349864 -72.49999999999656 10.7
endloop
endfacet
facet normal 0 0 1
outer loop
vertex 169.87306569650133 -72.49999999999656 10.7
vertex 169.79654604709512 -72.21442478063514 10.7
vertex 167.03208888624346 -72.21442478063514 10.7
endloop
endfacet
facet normal 0 0 1
outer loop
vertex 169.87306569650133 -72.49999999999656 10.7
vertex 167.03208888624346 -72.21442478063514 10.7
vertex 167.23205080756622 -72.49999999999656 10.7
endloop
endfacet
facet normal 0 0 1
outer loop
vertex 89.96791111376228 -72.21442478063514 10.7
vertex 90.21442478062671 -71.96791111376223 10.7
vertex 87.26950709086671 -71.96791111376223 10.7
endloop
endfacet
facet normal 0 0 1
outer loop
vertex 89.96791111376228 -72.21442478063514 10.7
vertex 87.26950709086671 -71.96791111376223 10.7
vertex 87.20345395290487 -72.21442478063514 10.7
endloop
endfacet
facet normal 0 0 1
outer loop
vertex 169.79654604709512 -72.21442478063514 10.7
vertex 169.73049290913332 -71.96791111376223 10.7
vertex 166.78557521937054 -71.96791111376223 10.7
endloop
endfacet
facet normal 0 0 1
outer loop
vertex 169.79654604709512 -72.21442478063514 10.7
vertex 166.78557521937054 -71.96791111376223 10.7
vertex 167.03208888624346 -72.21442478063514 10.7
endloop
endfacet
facet normal 0 0 1
outer loop
vertex 90.21442478062671 -71.96791111376223 10.7
vertex 90.50000000000132 -71.76794919243024 10.7
vertex 87.3613620080046 -71.76794919243024 10.7
endloop
endfacet
facet normal 0 0 1
outer loop
vertex 90.21442478062671 -71.96791111376223 10.7
vertex 87.3613620080046 -71.76794919243024 10.7
vertex 87.27138320646338 -71.96090935503456 10.7
endloop
endfacet
facet normal 0 0 1
outer loop
vertex 90.21442478062671 -71.96791111376223 10.7
vertex 87.27138320646338 -71.96090935503456 10.7
vertex 87.26950709086671 -71.96791111376223 10.7
endloop
endfacet
facet normal 0 0 1
outer loop
vertex 169.73049290913332 -71.96791111376223 10.7
vertex 169.72861679353664 -71.96090935503456 10.7
vertex 169.6386379919954 -71.76794919243024 10.7
endloop
endfacet
facet normal 0 0 1
outer loop
vertex 169.73049290913332 -71.96791111376223 10.7
vertex 169.6386379919954 -71.76794919243024 10.7
vertex 166.49999999999835 -71.76794919243024 10.7
endloop
endfacet
facet normal 0 0 1
outer loop
vertex 169.73049290913332 -71.96791111376223 10.7
vertex 166.49999999999835 -71.76794919243024 10.7
vertex 166.78557521937054 -71.96791111376223 10.7
endloop
endfacet
facet normal 0 0 1
outer loop
vertex 90.50000000000132 -71.76794919243024 10.7
vertex 90.81595971334582 -71.62061475842924 10.7
vertex 87.43006518288921 -71.62061475842924 10.7
endloop
endfacet
facet normal 0 0 1
outer loop
vertex 90.50000000000132 -71.76794919243024 10.7
vertex 87.43006518288921 -71.62061475842924 10.7
vertex 87.3613620080046 -71.76794919243024 10.7
endloop
endfacet
facet normal 0 0 1
outer loop
vertex 169.6386379919954 -71.76794919243024 10.7
vertex 169.56993481711083 -71.62061475842924 10.7
vertex 166.18404028665148 -71.62061475842924 10.7
endloop
endfacet
facet normal 0 0 1
outer loop
vertex 169.6386379919954 -71.76794919243024 10.7
vertex 166.18404028665148 -71.62061475842924 10.7
vertex 166.49999999999835 -71.76794919243024 10.7
endloop
endfacet
facet normal 0 0 1
outer loop
vertex 90.81595971334582 -71.62061475842924 10.7
vertex 91.15270364467003 -71.53038449397484 10.7
vertex 87.47214024620165 -71.53038449397484 10.7
endloop
endfacet
facet normal 0 0 1
outer loop
vertex 90.81595971334582 -71.62061475842924 10.7
vertex 87.47214024620165 -71.53038449397484 10.7
vertex 87.43006518288921 -71.62061475842924 10.7
endloop
endfacet
facet normal 0 0 1
outer loop
vertex 169.56993481711083 -71.62061475842924 10.7
vertex 169.5278597537984 -71.53038449397484 10.7
vertex 165.84729635532264 -71.53038449397484 10.7
endloop
endfacet
facet normal 0 0 1
outer loop
vertex 169.56993481711083 -71.62061475842924 10.7
vertex 165.84729635532264 -71.53038449397484 10.7
vertex 166.18404028665148 -71.62061475842924 10.7
endloop
endfacet
facet normal 0 0 1
outer loop
vertex 91.15270364467003 -71.53038449397484 10.7
vertex 91.4999999999953 -71.5 10.7
vertex 87.48630876843127 -71.5 10.7
endloop
endfacet
facet normal 0 0 1
outer loop
vertex 91.15270364467003 -71.53038449397484 10.7
vertex 87.48630876843127 -71.5 10.7
vertex 87.47214024620165 -71.53038449397484 10.7
endloop
endfacet
facet normal 0 0 1
outer loop
vertex 169.5278597537984 -71.53038449397484 10.7
vertex 169.51369123156877 -71.5 10.7
vertex 165.50000000000836 -71.5 10.7
endloop
endfacet
facet normal 0 0 1
outer loop
vertex 169.5278597537984 -71.53038449397484 10.7
vertex 165.50000000000836 -71.5 10.7
vertex 165.84729635532264 -71.53038449397484 10.7
endloop
endfacet
facet normal 0 0 1
outer loop
vertex 91.4999999999953 -71.5 10.7
vertex 98.425 -71.5 10.7
vertex 98.425 -69 10.7
endloop
endfacet
facet normal 0 0 1
outer loop
vertex 91.4999999999953 -71.5 10.7
vertex 98.425 -69 10.7
vertex 93.92499999999998 -69 10.7
endloop
endfacet
facet normal 0 0 1
outer loop
vertex 91.4999999999953 -71.5 10.7
vertex 93.92499999999998 -69 10.7
vertex 91.49999999999996 -69 10.7
endloop
endfacet
facet normal 0 0 1
outer loop
vertex 91.4999999999953 -71.5 10.7
vertex 91.49999999999996 -69 10.7
vertex 90.71858320049877 -69.06836511144508 10.7
endloop
endfacet
facet normal 0 0 1
outer loop
vertex 91.4999999999953 -71.5 10.7
vertex 90.71858320049877 -69.06836511144508 10.7
vertex 89.96090935503443 -69.27138320646343 10.7
endloop
endfacet
facet normal 0 0 1
outer loop
vertex 91.4999999999953 -71.5 10.7
vertex 89.96090935503443 -69.27138320646343 10.7
vertex 89.25000000000003 -69.60288568297 10.7
endloop
endfacet
facet normal 0 0 1
outer loop
vertex 91.4999999999953 -71.5 10.7
vertex 89.25000000000003 -69.60288568297 10.7
vertex 88.60745575641066 -70.05280000596453 10.7
endloop
endfacet
facet normal 0 0 1
outer loop
vertex 91.4999999999953 -71.5 10.7
vertex 88.60745575641066 -70.05280000596453 10.7
vertex 88.0528000059646 -70.60745575641059 10.7
endloop
endfacet
facet normal 0 0 1
outer loop
vertex 91.4999999999953 -71.5 10.7
vertex 88.0528000059646 -70.60745575641059 10.7
vertex 87.60288568297001 -71.25000000000003 10.7
endloop
endfacet
facet normal 0 0 1
outer loop
vertex 91.4999999999953 -71.5 10.7
vertex 87.60288568297001 -71.25000000000003 10.7
vertex 87.48630876843127 -71.5 10.7
endloop
endfacet
facet normal 0 0 1
outer loop
vertex 165.50000000000836 -71.5 10.7
vertex 169.51369123156877 -71.5 10.7
vertex 169.39711431703006 -71.25000000000003 10.7
endloop
endfacet
facet normal 0 0 1
outer loop
vertex 165.50000000000836 -71.5 10.7
vertex 169.39711431703006 -71.25000000000003 10.7
vertex 168.94719999403537 -70.60745575641059 10.7
endloop
endfacet
facet normal 0 0 1
outer loop
vertex 165.50000000000836 -71.5 10.7
vertex 168.94719999403537 -70.60745575641059 10.7
vertex 168.3925442435895 -70.05280000596453 10.7
endloop
endfacet
facet normal 0 0 1
outer loop
vertex 165.50000000000836 -71.5 10.7
vertex 168.3925442435895 -70.05280000596453 10.7
vertex 167.74999999999994 -69.60288568297 10.7
endloop
endfacet
facet normal 0 0 1
outer loop
vertex 165.50000000000836 -71.5 10.7
vertex 167.74999999999994 -69.60288568297 10.7
vertex 167.03909064496557 -69.27138320646343 10.7
endloop
endfacet
facet normal 0 0 1
outer loop
vertex 165.50000000000836 -71.5 10.7
vertex 167.03909064496557 -69.27138320646343 10.7
vertex 166.2814167995012 -69.06836511144508 10.7
endloop
endfacet
facet normal 0 0 1
outer loop
vertex 165.50000000000836 -71.5 10.7
vertex 166.2814167995012 -69.06836511144508 10.7
vertex 165.50000000000003 -69 10.7
endloop
endfacet
facet normal 0 0 1
outer loop
vertex 165.50000000000836 -71.5 10.7
vertex 165.50000000000003 -69 10.7
vertex 163.07499999999996 -69 10.7
endloop
endfacet
facet normal 0 0 1
outer loop
vertex 165.50000000000836 -71.5 10.7
vertex 163.07499999999996 -69 10.7
vertex 158.575 -69 10.7
endloop
endfacet
facet normal 0 0 1
outer loop
vertex 165.50000000000836 -71.5 10.7
vertex 158.575 -69 10.7
vertex 158.575 -71.5 10.7
endloop
endfacet
facet normal 0 0 1
outer loop
vertex 98.425 -69 10.7
vertex 98.425 -68.96961550602441 10.7
vertex 94.27229635533384 -68.96961550602441 10.7
endloop
endfacet
facet normal 0 0 1
outer loop
vertex 98.425 -69 10.7
vertex 94.27229635533384 -68.96961550602441 10.7
vertex 93.92499999999998 -69 10.7
endloop
endfacet
facet normal 0 0 1
outer loop
vertex 163.07499999999996 -69 10.7
vertex 162.7277036446661 -68.96961550602441 10.7
vertex 158.575 -68.96961550602441 10.7
endloop
endfacet
facet normal 0 0 1
outer loop
vertex 163.07499999999996 -69 10.7
vertex 158.575 -68.96961550602441 10.7
vertex 158.575 -69 10.7
endloop
endfacet
facet normal 0 0 1
outer loop
vertex 98.425 -68.96961550602441 10.7
vertex 98.425 -68.87938524157185 10.7
vertex 94.6090402866513 -68.87938524157185 10.7
endloop
endfacet
facet normal 0 0 1
outer loop
vertex 98.425 -68.96961550602441 10.7
vertex 94.6090402866513 -68.87938524157185 10.7
vertex 94.27229635533384 -68.96961550602441 10.7
endloop
endfacet
facet normal 0 0 1
outer loop
vertex 162.7277036446661 -68.96961550602441 10.7
vertex 162.39095971334876 -68.87938524157185 10.7
vertex 158.575 -68.87938524157185 10.7
endloop
endfacet
facet normal 0 0 1
outer loop
vertex 162.7277036446661 -68.96961550602441 10.7
vertex 158.575 -68.87938524157185 10.7
vertex 158.575 -68.96961550602441 10.7
endloop
endfacet
facet normal 0 0 1
outer loop
vertex 98.425 -68.87938524157185 10.7
vertex 98.425 -68.7320508075689 10.7
vertex 94.92500000000007 -68.7320508075689 10.7
endloop
endfacet
facet normal 0 0 1
outer loop
vertex 98.425 -68.87938524157185 10.7
vertex 94.92500000000007 -68.7320508075689 10.7
vertex 94.6090402866513 -68.87938524157185 10.7
endloop
endfacet
facet normal 0 0 1
outer loop
vertex 162.39095971334876 -68.87938524157185 10.7
vertex 162.07500000000002 -68.7320508075689 10.7
vertex 158.575 -68.7320508075689 10.7
endloop
endfacet
facet normal 0 0 1
outer loop
vertex 162.39095971334876 -68.87938524157185 10.7
vertex 158.575 -68.7320508075689 10.7
vertex 158.575 -68.87938524157185 10.7
endloop
endfacet
facet normal 0 0 1
outer loop
vertex 98.425 -68.7320508075689 10.7
vertex 98.425 -68.53208888623799 10.7
vertex 95.21057521937306 -68.53208888623799 10.7
endloop
endfacet
facet normal 0 0 1
outer loop
vertex 98.425 -68.7320508075689 10.7
vertex 95.21057521937306 -68.53208888623799 10.7
vertex 94.92500000000007 -68.7320508075689 10.7
endloop
endfacet
facet normal 0 0 1
outer loop
vertex 162.07500000000002 -68.7320508075689 10.7
vertex 161.78942478062697 -68.53208888623799 10.7
vertex 158.575 -68.53208888623799 10.7
endloop
endfacet
facet normal 0 0 1
outer loop
vertex 162.07500000000002 -68.7320508075689 10.7
vertex 158.575 -68.53208888623799 10.7
vertex 158.575 -68.7320508075689 10.7
endloop
endfacet
facet normal 0 0 1
outer loop
vertex 98.425 -68.53208888623799 10.7
vertex 98.425 -68.28557521937303 10.7
vertex 95.45708888623794 -68.28557521937303 10.7
endloop
endfacet
facet normal 0 0 1
outer loop
vertex 98.425 -68.53208888623799 10.7
vertex 95.45708888623794 -68.28557521937303 10.7
vertex 95.21057521937306 -68.53208888623799 10.7
endloop
endfacet
facet normal 0 0 1
outer loop
vertex 161.78942478062697 -68.53208888623799 10.7
vertex 161.54291111376205 -68.28557521937303 10.7
vertex 158.575 -68.28557521937303 10.7
endloop
endfacet
facet normal 0 0 1
outer loop
vertex 161.78942478062697 -68.53208888623799 10.7
vertex 158.575 -68.28557521937303 10.7
vertex 158.575 -68.53208888623799 10.7
endloop
endfacet
facet normal 0 0 1
outer loop
vertex 98.425 -68.28557521937303 10.7
vertex 98.425 -67.99999999999989 10.7
vertex 95.65705080756892 -67.99999999999989 10.7
endloop
endfacet
facet normal 0 0 1
outer loop
vertex 98.425 -68.28557521937303 10.7
vertex 95.65705080756892 -67.99999999999989 10.7
vertex 95.45708888623794 -68.28557521937303 10.7
endloop
endfacet
facet normal 0 0 1
outer loop
vertex 161.54291111376205 -68.28557521937303 10.7
vertex 161.34294919243106 -67.99999999999989 10.7
vertex 158.575 -67.99999999999989 10.7
endloop
endfacet
facet normal 0 0 1
outer loop
vertex 161.54291111376205 -68.28557521937303 10.7
vertex 158.575 -67.99999999999989 10.7
vertex 158.575 -68.28557521937303 10.7
endloop
endfacet
facet normal 0 0 1
outer loop
vertex 98.425 -67.99999999999989 10.7
vertex 98.425 -67.6840402866514 10.7
vertex 95.80438524157184 -67.6840402866514 10.7
endloop
endfacet
facet normal 0 0 1
outer loop
vertex 98.425 -67.99999999999989 10.7
vertex 95.80438524157184 -67.6840402866514 10.7
vertex 95.65705080756892 -67.99999999999989 10.7
endloop
endfacet
facet normal 0 0 1
outer loop
vertex 161.34294919243106 -67.99999999999989 10.7
vertex 161.1956147584282 -67.6840402866514 10.7
vertex 158.575 -67.6840402866514 10.7
endloop
endfacet
facet normal 0 0 1
outer loop
vertex 161.34294919243106 -67.99999999999989 10.7
vertex 158.575 -67.6840402866514 10.7
vertex 158.575 -67.99999999999989 10.7
endloop
endfacet
facet normal 0 0 1
outer loop
vertex 98.425 -67.6840402866514 10.7
vertex 98.425 -67.34729635533392 10.7
vertex 95.8946155060244 -67.34729635533392 10.7
endloop
endfacet
facet normal 0 0 1
outer loop
vertex 98.425 -67.6840402866514 10.7
vertex 95.8946155060244 -67.34729635533392 10.7
vertex 95.80438524157184 -67.6840402866514 10.7
endloop
endfacet
facet normal 0 0 1
outer loop
vertex 161.1956147584282 -67.6840402866514 10.7
vertex 161.1053844939756 -67.34729635533392 10.7
vertex 158.575 -67.34729635533392 10.7
endloop
endfacet
facet normal 0 0 1
outer loop
vertex 161.1956147584282 -67.6840402866514 10.7
vertex 158.575 -67.34729635533392 10.7
vertex 158.575 -67.6840402866514 10.7
endloop
endfacet
facet normal 0 0 1
outer loop
vertex 98.425 -67.34729635533392 10.7
vertex 98.425 -66.99999999999976 10.7
vertex 95.925 -66.99999999999976 10.7
endloop
endfacet
facet normal 0 0 1
outer loop
vertex 98.425 -67.34729635533392 10.7
vertex 95.925 -66.99999999999976 10.7
vertex 95.8946155060244 -67.34729635533392 10.7
endloop
endfacet
facet normal 0 0 1
outer loop
vertex 161.1053844939756 -67.34729635533392 10.7
vertex 161.075 -66.99999999999976 10.7
vertex 158.575 -66.99999999999976 10.7
endloop
endfacet
facet normal 0 0 1
outer loop
vertex 161.1053844939756 -67.34729635533392 10.7
vertex 158.575 -66.99999999999976 10.7
vertex 158.575 -67.34729635533392 10.7
endloop
endfacet
facet normal 0 0 1
outer loop
vertex 98.425 -66.99999999999976 10.7
vertex 98.425 -51.77499999999982 10.7
vertex 95.925 -51.77499999999982 10.7
endloop
endfacet
facet normal 0 0 1
outer loop
vertex 98.425 -66.99999999999976 10.7
vertex 95.925 -51.77499999999982 10.7
vertex 95.925 -66.99999999999976 10.7
endloop
endfacet
facet normal 0 0 1
outer loop
vertex 161.075 -66.99999999999976 10.7
vertex 161.075 -51.77499999999982 10.7
vertex 158.575 -51.77499999999982 10.7
endloop
endfacet
facet normal 0 0 1
outer loop
vertex 161.075 -66.99999999999976 10.7
vertex 158.575 -51.77499999999982 10.7
vertex 158.575 -66.99999999999976 10.7
endloop
endfacet
facet normal 0 0 1
outer loop
vertex 98.425 -51.77499999999982 10.7
vertex 98.4553844939757 -51.42770364468464 10.7
vertex 95.95538449397395 -51.42770364468464 10.7
endloop
endfacet
facet normal 0 0 1
outer loop
vertex 98.425 -51.77499999999982 10.7
vertex 95.95538449397395 -51.42770364468464 10.7
vertex 95.925 -51.77499999999982 10.7
endloop
endfacet
facet normal 0 0 1
outer loop
vertex 161.075 -51.77499999999982 10.7
vertex 161.04461550602605 -51.42770364468464 10.7
vertex 158.54461550602625 -51.42770364468464 10.7
endloop
endfacet
facet normal 0 0 1
outer loop
vertex 161.075 -51.77499999999982 10.7
vertex 158.54461550602625 -51.42770364468464 10.7
vertex 158.575 -51.77499999999982 10.7
endloop
endfacet
facet normal 0 0 1
outer loop
vertex 98.4553844939757 -51.42770364468464 10.7
vertex 98.54561475842708 -51.09095971334452 10.7
vertex 95.98484577047736 -51.09095971334452 10.7
endloop
endfacet
facet normal 0 0 1
outer loop
vertex 98.4553844939757 -51.42770364468464 10.7
vertex 95.98484577047736 -51.09095971334452 10.7
vertex 95.95538449397395 -51.42770364468464 10.7
endloop
endfacet
facet normal 0 0 1
outer loop
vertex 161.04461550602605 -51.42770364468464 10.7
vertex 161.0151542295226 -51.09095971334452 10.7
vertex 158.45438524156972 -51.09095971334452 10.7
endloop
endfacet
facet normal 0 0 1
outer loop
vertex 161.04461550602605 -51.42770364468464 10.7
vertex 158.45438524156972 -51.09095971334452 10.7
vertex 158.54461550602625 -51.42770364468464 10.7
endloop
endfacet
facet normal 0 0 1
outer loop
vertex 98.54561475842708 -51.09095971334452 10.7
vertex 98.69294919243313 -50.77500000000208 10.7
vertex 96.05193430349716 -50.77500000000208 10.7
endloop
endfacet
facet normal 0 0 1
outer loop
vertex 98.54561475842708 -51.09095971334452 10.7
vertex 96.05193430349716 -50.77500000000208 10.7
vertex 95.99336511144504 -50.99358320049893 10.7
endloop
endfacet
facet normal 0 0 1
outer loop
vertex 98.54561475842708 -51.09095971334452 10.7
vertex 95.99336511144504 -50.99358320049893 10.7
vertex 95.98484577047736 -51.09095971334452 10.7
endloop
endfacet
facet normal 0 0 1
outer loop
vertex 161.0151542295226 -51.09095971334452 10.7
vertex 161.00663488855494 -50.99358320049893 10.7
vertex 160.9480656965028 -50.77500000000208 10.7
endloop
endfacet
facet normal 0 0 1
outer loop
vertex 161.0151542295226 -51.09095971334452 10.7
vertex 160.9480656965028 -50.77500000000208 10.7
vertex 158.30705080756968 -50.77500000000208 10.7
endloop
endfacet
facet normal 0 0 1
outer loop
vertex 161.0151542295226 -51.09095971334452 10.7
vertex 158.30705080756968 -50.77500000000208 10.7
vertex 158.45438524156972 -51.09095971334452 10.7
endloop
endfacet
facet normal 0 0 1
outer loop
vertex 98.69294919243313 -50.77500000000208 10.7
vertex 98.89291111376116 -50.48942478063131 10.7
vertex 96.1284539529059 -50.48942478063131 10.7
endloop
endfacet
facet normal 0 0 1
outer loop
vertex 98.69294919243313 -50.77500000000208 10.7
vertex 96.1284539529059 -50.48942478063131 10.7
vertex 96.05193430349716 -50.77500000000208 10.7
endloop
endfacet
facet normal 0 0 1
outer loop
vertex 160.9480656965028 -50.77500000000208 10.7
vertex 160.87154604709406 -50.48942478063131 10.7
vertex 158.10708888624038 -50.48942478063131 10.7
endloop
endfacet
facet normal 0 0 1
outer loop
vertex 160.9480656965028 -50.77500000000208 10.7
vertex 158.10708888624038 -50.48942478063131 10.7
vertex 158.30705080756968 -50.77500000000208 10.7
endloop
endfacet
facet normal 0 0 1
outer loop
vertex 98.89291111376116 -50.48942478063131 10.7
vertex 99.13942478062835 -50.24291111376726 10.7
vertex 96.19450709086536 -50.24291111376726 10.7
endloop
endfacet
facet normal 0 0 1
outer loop
vertex 98.89291111376116 -50.48942478063131 10.7
vertex 96.19450709086536 -50.24291111376726 10.7
vertex 96.1284539529059 -50.48942478063131 10.7
endloop
endfacet
facet normal 0 0 1
outer loop
vertex 160.87154604709406 -50.48942478063131 10.7
vertex 160.8054929091346 -50.24291111376726 10.7
vertex 157.86057521937633 -50.24291111376726 10.7
endloop
endfacet
facet normal 0 0 1
outer loop
vertex 160.87154604709406 -50.48942478063131 10.7
vertex 157.86057521937633 -50.24291111376726 10.7
vertex 158.10708888624038 -50.48942478063131 10.7
endloop
endfacet
facet normal 0 0 1
outer loop
vertex 99.13942478062835 -50.24291111376726 10.7
vertex 99.42500000000082 -50.042949192430235 10.7
vertex 96.28636200800462 -50.042949192430235 10.7
endloop
endfacet
facet normal 0 0 1
outer loop
vertex 99.13942478062835 -50.24291111376726 10.7
vertex 96.28636200800462 -50.042949192430235 10.7
vertex 96.1963832064634 -50.23590935503453 10.7
endloop
endfacet
facet normal 0 0 1
outer loop
vertex 99.13942478062835 -50.24291111376726 10.7
vertex 96.1963832064634 -50.23590935503453 10.7
vertex 96.19450709086536 -50.24291111376726 10.7
endloop
endfacet
facet normal 0 0 1
outer loop
vertex 160.8054929091346 -50.24291111376726 10.7
vertex 160.80361679353658 -50.23590935503453 10.7
vertex 160.71363799199537 -50.042949192430235 10.7
endloop
endfacet
facet normal 0 0 1
outer loop
vertex 160.8054929091346 -50.24291111376726 10.7
vertex 160.71363799199537 -50.042949192430235 10.7
vertex 157.57499999999453 -50.042949192430235 10.7
endloop
endfacet
facet normal 0 0 1
outer loop
vertex 160.8054929091346 -50.24291111376726 10.7
vertex 157.57499999999453 -50.042949192430235 10.7
vertex 157.86057521937633 -50.24291111376726 10.7
endloop
endfacet
facet normal 0 0 1
outer loop
vertex 99.42500000000082 -50.042949192430235 10.7
vertex 99.7409597133461 -49.89561475842887 10.7
vertex 96.35506518288939 -49.89561475842887 10.7
endloop
endfacet
facet normal 0 0 1
outer loop
vertex 99.42500000000082 -50.042949192430235 10.7
vertex 96.35506518288939 -49.89561475842887 10.7
vertex 96.28636200800462 -50.042949192430235 10.7
endloop
endfacet
facet normal 0 0 1
outer loop
vertex 160.71363799199537 -50.042949192430235 10.7
vertex 160.6449348171106 -49.89561475842887 10.7
vertex 157.25904028663078 -49.89561475842887 10.7
endloop
endfacet
facet normal 0 0 1
outer loop
vertex 160.71363799199537 -50.042949192430235 10.7
vertex 157.25904028663078 -49.89561475842887 10.7
vertex 157.57499999999453 -50.042949192430235 10.7
endloop
endfacet
facet normal 0 0 1
outer loop
vertex 99.7409597133461 -49.89561475842887 10.7
vertex 100.07770364466816 -49.80538449397504 10.7
vertex 96.39714024620156 -49.80538449397504 10.7
endloop
endfacet
facet normal 0 0 1
outer loop
vertex 99.7409597133461 -49.89561475842887 10.7
vertex 96.39714024620156 -49.80538449397504 10.7
vertex 96.35506518288939 -49.89561475842887 10.7
endloop
endfacet
facet normal 0 0 1
outer loop
vertex 160.6449348171106 -49.89561475842887 10.7
vertex 160.6028597537984 -49.80538449397504 10.7
vertex 156.92229635534392 -49.80538449397504 10.7
endloop
endfacet
facet normal 0 0 1
outer loop
vertex 160.6449348171106 -49.89561475842887 10.7
vertex 156.92229635534392 -49.80538449397504 10.7
vertex 157.25904028663078 -49.89561475842887 10.7
endloop
endfacet
facet normal 0 0 1
outer loop
vertex 100.07770364466816 -49.80538449397504 10.7
vertex 100.42499999999588 -49.77499999999999 10.7
vertex 96.4113087684313 -49.77499999999999 10.7
endloop
endfacet
facet normal 0 0 1
outer loop
vertex 100.07770364466816 -49.80538449397504 10.7
vertex 96.4113087684313 -49.77499999999999 10.7
vertex 96.39714024620156 -49.80538449397504 10.7
endloop
endfacet
facet normal 0 0 1
outer loop
vertex 160.6028597537984 -49.80538449397504 10.7
vertex 160.5886912315687 -49.77499999999999 10.7
vertex 156.57500000000707 -49.77499999999999 10.7
endloop
endfacet
facet normal 0 0 1
outer loop
vertex 160.6028597537984 -49.80538449397504 10.7
vertex 156.57500000000707 -49.77499999999999 10.7
vertex 156.92229635534392 -49.80538449397504 10.7
endloop
endfacet
facet normal 0 0 1
outer loop
vertex 100.42499999999588 -49.77499999999999 10.7
vertex 156.57500000000707 -49.77499999999999 10.7
vertex 160.5886912315687 -49.77499999999999 10.7
endloop
endfacet
facet normal 0 0 1
outer loop
vertex 100.42499999999588 -49.77499999999999 10.7
vertex 160.5886912315687 -49.77499999999999 10.7
vertex 160.47211431702996 -49.52499999999995 10.7
endloop
endfacet
facet normal 0 0 1
outer loop
vertex 100.42499999999588 -49.77499999999999 10.7
vertex 160.47211431702996 -49.52499999999995 10.7
vertex 160.0221999940355 -48.88245575641068 10.7
endloop
endfacet
facet normal 0 0 1
outer loop
vertex 100.42499999999588 -49.77499999999999 10.7
vertex 160.0221999940355 -48.88245575641068 10.7
vertex 159.46754424358943 -48.327800005964576 10.7
endloop
endfacet
facet normal 0 0 1
outer loop
vertex 100.42499999999588 -49.77499999999999 10.7
vertex 159.46754424358943 -48.327800005964576 10.7
vertex 158.8250000000001 -47.87788568297009 10.7
endloop
endfacet
facet normal 0 0 1
outer loop
vertex 100.42499999999588 -49.77499999999999 10.7
vertex 158.8250000000001 -47.87788568297009 10.7
vertex 158.1140906449655 -47.54638320646342 10.7
endloop
endfacet
facet normal 0 0 1
outer loop
vertex 100.42499999999588 -49.77499999999999 10.7
vertex 158.1140906449655 -47.54638320646342 10.7
vertex 157.35641679950115 -47.34336511144505 10.7
endloop
endfacet
facet normal 0 0 1
outer loop
vertex 100.42499999999588 -49.77499999999999 10.7
vertex 157.35641679950115 -47.34336511144505 10.7
vertex 156.57499999999996 -47.275000000000006 10.7
endloop
endfacet
facet normal 0 0 1
outer loop
vertex 100.42499999999588 -49.77499999999999 10.7
vertex 156.57499999999996 -47.275000000000006 10.7
vertex 100.42500000000007 -47.275000000000006 10.7
endloop
endfacet
facet normal 0 0 1
outer loop
vertex 100.42499999999588 -49.77499999999999 10.7
vertex 100.42500000000007 -47.275000000000006 10.7
vertex 99.64358320049887 -47.34336511144505 10.7
endloop
endfacet
facet normal 0 0 1
outer loop
vertex 100.42499999999588 -49.77499999999999 10.7
vertex 99.64358320049887 -47.34336511144505 10.7
vertex 98.88590935503441 -47.54638320646342 10.7
endloop
endfacet
facet normal 0 0 1
outer loop
vertex 100.42499999999588 -49.77499999999999 10.7
vertex 98.88590935503441 -47.54638320646342 10.7
vertex 98.17500000000003 -47.87788568297009 10.7
endloop
endfacet
facet normal 0 0 1
outer loop
vertex 100.42499999999588 -49.77499999999999 10.7
vertex 98.17500000000003 -47.87788568297009 10.7
vertex 97.53245575641056 -48.327800005964576 10.7
endloop
endfacet
facet normal 0 0 1
outer loop
vertex 100.42499999999588 -49.77499999999999 10.7
vertex 97.53245575641056 -48.327800005964576 10.7
vertex 96.97780000596458 -48.88245575641068 10.7
endloop
endfacet
facet normal 0 0 1
outer loop
vertex 100.42499999999588 -49.77499999999999 10.7
vertex 96.97780000596458 -48.88245575641068 10.7
vertex 96.52788568297007 -49.52499999999995 10.7
endloop
endfacet
facet normal 0 0 1
outer loop
vertex 100.42499999999588 -49.77499999999999 10.7
vertex 96.52788568297007 -49.52499999999995 10.7
vertex 96.4113087684313 -49.77499999999999 10.7
endloop
endfacet
facet normal 0 0 -1
outer loop
vertex 87.04151287570328 -129.10982782083036 10.7
vertex 87.04012967967395 -129.08950866693644 10.7
vertex 87.02029119956461 -128.79808133355817 10.7
endloop
endfacet
facet normal 0 0 -1
outer loop
vertex 87.04151287570328 -129.10982782083036 10.7
vertex 87.02029119956461 -128.79808133355817 10.7
vertex 87 -128.4999953999988 10.7
endloop
endfacet
facet normal 0 0 -1
outer loop
vertex 87.04151287570328 -129.10982782083036 10.7
vertex 87 -128.4999953999988 10.7
vertex 87 -128.49999539999882 0
endloop
endfacet
facet normal 0 0 -1
outer loop
vertex 87.04151287570328 -129.10982782083036 10.7
vertex 87 -128.49999539999882 0
vertex 87.04151287570328 -129.1098278208303 0
endloop
endfacet
facet normal 0 0 1
outer loop
vertex 87.16528367009967 -129.70839798902608 10.7
vertex 87.14837826470678 -129.62664145349774 10.7
vertex 87.09484894329836 -129.3677673380402 10.7
endloop
endfacet
facet normal 0 0 1
outer loop
vertex 87.16528367009967 -129.70839798902608 10.7
vertex 87.09484894329836 -129.3677673380402 10.7
vertex 87.04151287570328 -129.10982782083036 10.7
endloop
endfacet
facet normal 0 0 1
outer loop
vertex 87.16528367009967 -129.70839798902608 10.7
vertex 87.04151287570328 -129.10982782083036 10.7
vertex 87.04151287570328 -129.1098278208303 0
endloop
endfacet
facet normal 0 0 1
outer loop
vertex 87.16528367009967 -129.70839798902608 10.7
vertex 87.04151287570328 -129.1098278208303 0
vertex 87.16528367009964 -129.70839798902605 0
endloop
endfacet
facet normal 0 0 -1
outer loop
vertex 87.36902884447794 -130.2846749151411 10.7
vertex 87.29089045748273 -130.0636667385961 10.7
vertex 87.21900629745342 -129.86034814268598 10.7
endloop
endfacet
facet normal 0 0 -1
outer loop
vertex 87.36902884447794 -130.2846749151411 10.7
vertex 87.21900629745342 -129.86034814268598 10.7
vertex 87.16528367009967 -129.70839798902608 10.7
endloop
endfacet
facet normal 0 0 -1
outer loop
vertex 87.36902884447794 -130.2846749151411 10.7
vertex 87.16528367009967 -129.70839798902608 10.7
vertex 87.16528367009964 -129.70839798902605 0
endloop
endfacet
facet normal 0 0 -1
outer loop
vertex 87.36902884447794 -130.2846749151411 10.7
vertex 87.16528367009964 -129.70839798902605 0
vertex 87.36902884447787 -130.28467491514098 0
endloop
endfacet
facet normal -0.8889393234861314 -0.4580249765678934 0
outer loop
vertex 87.64898935378056 -130.82802499095385 10.7
vertex 87.36902884447794 -130.2846749151411 10.7
vertex 87.36902884447787 -130.28467491514098 0
endloop
endfacet
facet normal -0.8889393234861314 -0.4580249765678934 0
outer loop
vertex 87.64898935378056 -130.82802499095385 10.7
vertex 87.36902884447787 -130.28467491514098 0
vertex 87.64898935378051 -130.82802499095376 0
endloop
endfacet
facet normal -0.8186710871065483 -0.5742627021980292 0
outer loop
vertex 88 -131.3284271 10.7
vertex 87.64898935378056 -130.82802499095385 10.7
vertex 87.64898935378051 -130.82802499095376 0
endloop
endfacet
facet normal -0.8186710871065483 -0.5742627021980292 0
outer loop
vertex 88 -131.3284271 10.7
vertex 87.64898935378051 -130.82802499095376 0
vertex 87.99999852693993 -131.32842499999998 0
endloop
endfacet
facet normal -1 0 0
outer loop
vertex 88 -131.3284271 10.7
vertex 87.99999852693993 -131.32842499999998 0
vertex 88 -132.42157290000003 0
endloop
endfacet
facet normal -1 0 0
outer loop
vertex 88 -131.3284271 10.7
vertex 88 -132.42157290000003 0
vertex 88 -132.42157499999996 10.7
endloop
endfacet
facet normal -0.8186691717792739 0.5742654326861734 0
outer loop
vertex 87.64898935378048 -132.92197355904628 10.7
vertex 88 -132.42157499999996 10.7
vertex 88 -132.42157290000003 0
endloop
endfacet
facet normal -0.8186691717792739 0.5742654326861734 0
outer loop
vertex 87.64898935378048 -132.92197355904628 10.7
vertex 88 -132.42157290000003 0
vertex 87.64898935378064 -132.921973559046 0
endloop
endfacet
facet normal -0.8889393234861357 0.45802497656788493 0
outer loop
vertex 87.36902884447791 -133.46532363485895 10.7
vertex 87.64898935378048 -132.92197355904628 10.7
vertex 87.64898935378064 -132.921973559046 0
endloop
endfacet
facet normal -0.8889393234861357 0.45802497656788493 0
outer loop
vertex 87.36902884447791 -133.46532363485895 10.7
vertex 87.64898935378064 -132.921973559046 0
vertex 87.3690288444779 -133.46532363485898 0
endloop
endfacet
facet normal 0 0 -1
outer loop
vertex 87.16528367009967 -134.04160056097388 10.7
vertex 87.21900358882633 -133.88965806844902 10.7
vertex 87.29088689768719 -133.68634188000078 10.7
endloop
endfacet
facet normal 0 0 -1
outer loop
vertex 87.16528367009967 -134.04160056097388 10.7
vertex 87.29088689768719 -133.68634188000078 10.7
vertex 87.36902884447791 -133.46532363485895 10.7
endloop
endfacet
facet normal 0 0 -1
outer loop
vertex 87.16528367009967 -134.04160056097388 10.7
vertex 87.36902884447791 -133.46532363485895 10.7
vertex 87.3690288444779 -133.46532363485898 0
endloop
endfacet
facet normal 0 0 -1
outer loop
vertex 87.16528367009967 -134.04160056097388 10.7
vertex 87.3690288444779 -133.46532363485898 0
vertex 87.16528367009964 -134.04160056097402 0
endloop
endfacet
facet normal 0 0 1
outer loop
vertex 87.04151287570332 -134.64017217916933 10.7
vertex 87.0948487927541 -134.38223276516837 10.7
vertex 87.14837731975572 -134.12336186445833 10.7
endloop
endfacet
facet normal 0 0 1
outer loop
vertex 87.04151287570332 -134.64017217916933 10.7
vertex 87.14837731975572 -134.12336186445833 10.7
vertex 87.16528367009967 -134.04160056097388 10.7
endloop
endfacet
facet normal 0 0 1
outer loop
vertex 87.04151287570332 -134.64017217916933 10.7
vertex 87.16528367009967 -134.04160056097388 10.7
vertex 87.16528367009964 -134.04160056097402 0
endloop
endfacet
facet normal 0 0 1
outer loop
vertex 87.04151287570332 -134.64017217916933 10.7
vertex 87.16528367009964 -134.04160056097402 0
vertex 87.04151287570329 -134.64017217916944 0
endloop
endfacet
facet normal 0 0 -1
outer loop
vertex 87 -135.25000000000045 10.7
vertex 87.02029176907627 -134.9519121150506 10.7
vertex 87.04012990903459 -134.66048808202083 10.7
endloop
endfacet
facet normal 0 0 -1
outer loop
vertex 87 -135.25000000000045 10.7
vertex 87.04012990903459 -134.66048808202083 10.7
vertex 87.04151287570332 -134.64017217916933 10.7
endloop
endfacet
facet normal 0 0 -1
outer loop
vertex 87 -135.25000000000045 10.7
vertex 87.04151287570332 -134.64017217916933 10.7
vertex 87.04151287570329 -134.64017217916944 0
endloop
endfacet
facet normal 0 0 -1
outer loop
vertex 87 -135.25000000000045 10.7
vertex 87.04151287570329 -134.64017217916944 0
vertex 87 -135.25000000000017 0
endloop
endfacet
facet normal -1 0 0
outer loop
vertex 87 -135.25000000000045 10.7
vertex 87 -135.25000000000017 0
vertex 87 -151.75000000000028 0
endloop
endfacet
facet normal -1 0 0
outer loop
vertex 87 -135.25000000000045 10.7
vertex 87 -151.75000000000028 0
vertex 87 -151.77882207939692 0
endloop
endfacet
facet normal -1 0 0
outer loop
vertex 87 -135.25000000000045 10.7
vertex 87 -151.77882207939692 0
vertex 87 -151.8641807012315 0
endloop
endfacet
facet normal -1 0 0
outer loop
vertex 87 -135.25000000000045 10.7
vertex 87 -151.8641807012315 0
vertex 87 -152.0027955815528 0
endloop
endfacet
facet normal -1 0 0
outer loop
vertex 87 -135.25000000000045 10.7
vertex 87 -152.0027955815528 0
vertex 87 -152.1893398282194 0
endloop
endfacet
facet normal -1 0 0
outer loop
vertex 87 -135.25000000000045 10.7
vertex 87 -152.1893398282194 0
vertex 87 -152.24999999999994 0
endloop
endfacet
facet normal -1 0 0
outer loop
vertex 87 -135.25000000000045 10.7
vertex 87 -152.24999999999994 0
vertex 87 -152.24999999999994 10.7
endloop
endfacet
facet normal -1 0 0
outer loop
vertex 87 -73.49999999999984 10.7
vertex 87 -73.49999999999991 0
vertex 87 -89.99999999999993 0
endloop
endfacet
facet normal -1 0 0
outer loop
vertex 87 -73.49999999999984 10.7
vertex 87 -89.99999999999993 0
vertex 87 -90.0288220793941 0
endloop
endfacet
facet normal -1 0 0
outer loop
vertex 87 -73.49999999999984 10.7
vertex 87 -90.0288220793941 0
vertex 87 -90.11418070123291 0
endloop
endfacet
facet normal -1 0 0
outer loop
vertex 87 -73.49999999999984 10.7
vertex 87 -90.11418070123291 0
vertex 87 -90.25279558154259 0
endloop
endfacet
facet normal -1 0 0
outer loop
vertex 87 -73.49999999999984 10.7
vertex 87 -90.25279558154259 0
vertex 87 -90.4393398282262 0
endloop
endfacet
facet normal -1 0 0
outer loop
vertex 87 -73.49999999999984 10.7
vertex 87 -90.4393398282262 0
vertex 87 -90.66664465046898 0
endloop
endfacet
facet normal -1 0 0
outer loop
vertex 87 -73.49999999999984 10.7
vertex 87 -90.66664465046898 0
vertex 87 -90.9259748514614 0
endloop
endfacet
facet normal -1 0 0
outer loop
vertex 87 -73.49999999999984 10.7
vertex 87 -90.9259748514614 0
vertex 87 -91.2073645169759 0
endloop
endfacet
facet normal -1 0 0
outer loop
vertex 87 -73.49999999999984 10.7
vertex 87 -91.2073645169759 0
vertex 87 -91.50000000000269 0
endloop
endfacet
facet normal -1 0 0
outer loop
vertex 87 -73.49999999999984 10.7
vertex 87 -91.50000000000269 0
vertex 87 -91.79263548302772 0
endloop
endfacet
facet normal -1 0 0
outer loop
vertex 87 -73.49999999999984 10.7
vertex 87 -91.79263548302772 0
vertex 87 -92.07402514852807 0
endloop
endfacet
facet normal -1 0 0
outer loop
vertex 87 -73.49999999999984 10.7
vertex 87 -92.07402514852807 0
vertex 87 -92.33335534953528 0
endloop
endfacet
facet normal -1 0 0
outer loop
vertex 87 -73.49999999999984 10.7
vertex 87 -92.33335534953528 0
vertex 87 -92.56066017178594 0
endloop
endfacet
facet normal -1 0 0
outer loop
vertex 87 -73.49999999999984 10.7
vertex 87 -92.56066017178594 0
vertex 87 -92.74720441844458 0
endloop
endfacet
facet normal -1 0 0
outer loop
vertex 87 -73.49999999999984 10.7
vertex 87 -92.74720441844458 0
vertex 87 -92.88581929876764 0
endloop
endfacet
facet normal -1 0 0
outer loop
vertex 87 -73.49999999999984 10.7
vertex 87 -92.88581929876764 0
vertex 87 -92.97117792060541 0
endloop
endfacet
facet normal -1 0 0
outer loop
vertex 87 -73.49999999999984 10.7
vertex 87 -92.97117792060541 0
vertex 87 -93.00000000000003 0
endloop
endfacet
facet normal -1 0 0
outer loop
vertex 87 -73.49999999999984 10.7
vertex 87 -93.00000000000003 0
vertex 87 -128.49999539999882 0
endloop
endfacet
facet normal -1 0 0
outer loop
vertex 87 -73.49999999999984 10.7
vertex 87 -128.49999539999882 0
vertex 87 -128.4999953999988 10.7
endloop
endfacet
facet normal 0 0 1
outer loop
vertex 87.06836511144506 -153.0314167995012 10.7
vertex 87.05984577047836 -152.93404028666671 10.7
vertex 87.0303844939741 -152.59729635531687 10.7
endloop
endfacet
facet normal 0 0 1
outer loop
vertex 87.06836511144506 -153.0314167995012 10.7
vertex 87.0303844939741 -152.59729635531687 10.7
vertex 87 -152.24999999999994 10.7
endloop
endfacet
facet normal 0 0 1
outer loop
vertex 87.06836511144506 -153.0314167995012 10.7
vertex 87 -152.24999999999994 10.7
vertex 87 -152.24999999999994 0
endloop
endfacet
facet normal 0 0 1
outer loop
vertex 87.06836511144506 -153.0314167995012 10.7
vertex 87 -152.24999999999994 0
vertex 87.01457951775305 -152.41664465046642 0
endloop
endfacet
facet normal 0 0 1
outer loop
vertex 87.06836511144506 -153.0314167995012 10.7
vertex 87.01457951775305 -152.41664465046642 0
vertex 87.03726797044979 -152.67597485145893 0
endloop
endfacet
facet normal 0 0 1
outer loop
vertex 87.06836511144506 -153.0314167995012 10.7
vertex 87.03726797044979 -152.67597485145893 0
vertex 87.0618863762163 -152.95736451698062 0
endloop
endfacet
facet normal 0 0 1
outer loop
vertex 87.06836511144506 -153.0314167995012 10.7
vertex 87.0618863762163 -152.95736451698062 0
vertex 87.06836511144506 -153.0314167995012 0
endloop
endfacet
facet normal 0 0 1
outer loop
vertex 87.27138320646344 -153.78909064496563 10.7
vertex 87.2695070908668 -153.78208888623806 10.7
vertex 87.20345395290711 -153.5355752193732 10.7
endloop
endfacet
facet normal 0 0 1
outer loop
vertex 87.27138320646344 -153.78909064496563 10.7
vertex 87.20345395290711 -153.5355752193732 10.7
vertex 87.12693430349603 -153.24999999999366 10.7
endloop
endfacet
facet normal 0 0 1
outer loop
vertex 87.27138320646344 -153.78909064496563 10.7
vertex 87.12693430349603 -153.24999999999366 10.7
vertex 87.06836511144506 -153.0314167995012 10.7
endloop
endfacet
facet normal 0 0 1
outer loop
vertex 87.27138320646344 -153.78909064496563 10.7
vertex 87.06836511144506 -153.0314167995012 10.7
vertex 87.06836511144506 -153.0314167995012 0
endloop
endfacet
facet normal 0 0 1
outer loop
vertex 87.27138320646344 -153.78909064496563 10.7
vertex 87.06836511144506 -153.0314167995012 0
vertex 87.12693430349601 -153.2499999999936 0
endloop
endfacet
facet normal 0 0 1
outer loop
vertex 87.27138320646344 -153.78909064496563 10.7
vertex 87.12693430349601 -153.2499999999936 0
vertex 87.20534574485217 -153.54263548302944 0
endloop
endfacet
facet normal 0 0 1
outer loop
vertex 87.27138320646344 -153.78909064496563 10.7
vertex 87.20534574485217 -153.54263548302944 0
vertex 87.27138320646344 -153.7890906449656 0
endloop
endfacet
facet normal 0 0 -1
outer loop
vertex 87.60288568296997 -154.49999999999991 10.7
vertex 87.48630876843126 -154.25 10.7
vertex 87.47214024620052 -154.2196155060228 10.7
endloop
endfacet
facet normal 0 0 -1
outer loop
vertex 87.60288568296997 -154.49999999999991 10.7
vertex 87.47214024620052 -154.2196155060228 10.7
vertex 87.43006518288702 -154.12938524156613 10.7
endloop
endfacet
facet normal 0 0 -1
outer loop
vertex 87.60288568296997 -154.49999999999991 10.7
vertex 87.43006518288702 -154.12938524156613 10.7
vertex 87.3613620080057 -153.98205080757214 10.7
endloop
endfacet
facet normal 0 0 -1
outer loop
vertex 87.60288568296997 -154.49999999999991 10.7
vertex 87.3613620080057 -153.98205080757214 10.7
vertex 87.27138320646344 -153.78909064496563 10.7
endloop
endfacet
facet normal 0 0 -1
outer loop
vertex 87.60288568296997 -154.49999999999991 10.7
vertex 87.27138320646344 -153.78909064496563 10.7
vertex 87.27138320646344 -153.7890906449656 0
endloop
endfacet
facet normal 0 0 -1
outer loop
vertex 87.60288568296997 -154.49999999999991 10.7
vertex 87.27138320646344 -153.7890906449656 0
vertex 87.28767343302765 -153.8240251485692 0
endloop
endfacet
facet normal 0 0 -1
outer loop
vertex 87.60288568296997 -154.49999999999991 10.7
vertex 87.28767343302765 -153.8240251485692 0
vertex 87.40860109172237 -154.08335534952107 0
endloop
endfacet
facet normal 0 0 -1
outer loop
vertex 87.60288568296997 -154.49999999999991 10.7
vertex 87.40860109172237 -154.08335534952107 0
vertex 87.51459507107585 -154.31066017177693 0
endloop
endfacet
facet normal 0 0 -1
outer loop
vertex 87.60288568296997 -154.49999999999991 10.7
vertex 87.51459507107585 -154.31066017177693 0
vertex 87.60158208188332 -154.497204418448 0
endloop
endfacet
facet normal 0 0 -1
outer loop
vertex 87.60288568296997 -154.49999999999991 10.7
vertex 87.60158208188332 -154.497204418448 0
vertex 87.60288568297001 -154.5 0
endloop
endfacet
facet normal -0.8191520442889908 -0.5735764363510476 1.3095531481884166e-15
outer loop
vertex 88.05280000596461 -155.14254424358944 10.7
vertex 87.60288568296997 -154.49999999999991 10.7
vertex 87.60288568297001 -154.5 0
endloop
endfacet
facet normal -0.8191520442889908 -0.5735764363510476 1.3095531481884166e-15
outer loop
vertex 88.05280000596461 -155.14254424358944 10.7
vertex 87.60288568297001 -154.5 0
vertex 87.69798737980317 -154.63581929877006 0
endloop
endfacet
facet normal -0.8191520442889908 -0.5735764363510476 1.3095531481884166e-15
outer loop
vertex 88.05280000596461 -155.14254424358944 10.7
vertex 87.69798737980317 -154.63581929877006 0
vertex 87.75775613026458 -154.721177920607 0
endloop
endfacet
facet normal -0.8191520442889908 -0.5735764363510476 1.3095531481884166e-15
outer loop
vertex 88.05280000596461 -155.14254424358944 10.7
vertex 87.75775613026458 -154.721177920607 0
vertex 87.77793756752271 -154.7500000000004 0
endloop
endfacet
facet normal -0.8191520442889908 -0.5735764363510476 1.3095531481884166e-15
outer loop
vertex 88.05280000596461 -155.14254424358944 10.7
vertex 87.77793756752271 -154.7500000000004 0
vertex 88.05280000596458 -155.14254424358944 0
endloop
endfacet
facet normal -0.7071067811865261 -0.7071067811865688 0
outer loop
vertex 88.60745575641057 -155.6971999940354 10.7
vertex 88.05280000596461 -155.14254424358944 10.7
vertex 88.05280000596458 -155.14254424358944 0
endloop
endfacet
facet normal -0.7071067811865261 -0.7071067811865688 0
outer loop
vertex 88.60745575641057 -155.6971999940354 10.7
vertex 88.05280000596458 -155.14254424358944 0
vertex 88.60745575641057 -155.6971999940354 0
endloop
endfacet
facet normal -0.5735764363510342 -0.8191520442890001 0
outer loop
vertex 89.24999999999989 -156.14711431703 10.7
vertex 88.60745575641057 -155.6971999940354 10.7
vertex 88.60745575641057 -155.6971999940354 0
endloop
endfacet
facet normal -0.5735764363510342 -0.8191520442890001 0
outer loop
vertex 89.24999999999989 -156.14711431703 10.7
vertex 88.60745575641057 -155.6971999940354 0
vertex 89.2499999999999 -156.14711431703012 0
endloop
endfacet
facet normal -0.4226182617406946 -0.9063077870366524 0
outer loop
vertex 89.96090935503449 -156.47861679353656 10.7
vertex 89.24999999999989 -156.14711431703 10.7
vertex 89.2499999999999 -156.14711431703012 0
endloop
endfacet
facet normal -0.4226182617406946 -0.9063077870366524 0
outer loop
vertex 89.96090935503449 -156.47861679353656 10.7
vertex 89.2499999999999 -156.14711431703012 0
vertex 89.96090935503454 -156.4786167935366 0
endloop
endfacet
facet normal -0.2588190451024838 -0.9659258262890783 0
outer loop
vertex 90.71858320049883 -156.68163488855492 10.7
vertex 89.96090935503449 -156.47861679353656 10.7
vertex 89.96090935503454 -156.4786167935366 0
endloop
endfacet
facet normal -0.2588190451024838 -0.9659258262890783 0
outer loop
vertex 90.71858320049883 -156.68163488855492 10.7
vertex 89.96090935503454 -156.4786167935366 0
vertex 90.7185832004988 -156.68163488855492 0
endloop
endfacet
facet normal -0.087155742747683 -0.9961946980917433 0
outer loop
vertex 91.49999999999996 -156.75 10.7
vertex 90.71858320049883 -156.68163488855492 10.7
vertex 90.7185832004988 -156.68163488855492 0
endloop
endfacet
facet normal -0.087155742747683 -0.9961946980917433 0
outer loop
vertex 91.49999999999996 -156.75 10.7
vertex 90.7185832004988 -156.68163488855492 0
vertex 91.49999999999994 -156.75 0
endloop
endfacet
facet normal 0 -1 0
outer loop
vertex 93.00741759999998 -156.75 0
vertex 93.00741759999998 -156.75 10.7
vertex 91.49999999999996 -156.75 10.7
endloop
endfacet
facet normal 0 -1 0
outer loop
vertex 93.00741759999998 -156.75 0
vertex 91.49999999999996 -156.75 10.7
vertex 91.49999999999994 -156.75 0
endloop
endfacet
facet normal 0 -1 0
outer loop
vertex 165.49999999999997 -156.75 0
vertex 165.49999999999986 -156.75 10.7
vertex 163.9925824 -156.75 10.7
endloop
endfacet
facet normal 0 -1 0
outer loop
vertex 165.49999999999997 -156.75 0
vertex 163.9925824 -156.75 10.7
vertex 163.9925824 -156.75 0
endloop
endfacet
facet normal -0.9284765221634865 -0.3713910981582577 0
outer loop
vertex 96.39272000000005 -165.21324485000014 10.7
vertex 93.00741759999998 -156.75 10.7
vertex 93.00741759999998 -156.75 0
endloop
endfacet
facet normal -0.9284765221634865 -0.3713910981582577 0
outer loop
vertex 96.39272000000005 -165.21324485000014 10.7
vertex 93.00741759999998 -156.75 0
vertex 96.3924568596533 -165.2125869999999 0
endloop
endfacet
facet normal -0.9284765221634865 -0.3713910981582577 0
outer loop
vertex 96.39272000000005 -165.21324485000014 10.7
vertex 96.3924568596533 -165.2125869999999 0
vertex 96.39271999999997 -165.2132448499999 0
endloop
endfacet
facet normal -0.9501497447346471 -0.31179394250158987 9.456763415458275e-16
outer loop
vertex 96.45199931459886 -165.39389051996474 10.7
vertex 96.39272000000005 -165.21324485000014 10.7
vertex 96.39271999999997 -165.2132448499999 0
endloop
endfacet
facet normal -0.9501497447346471 -0.31179394250158987 9.456763415458275e-16
outer loop
vertex 96.45199931459886 -165.39389051996474 10.7
vertex 96.39271999999997 -165.2132448499999 0
vertex 96.45185003226617 -165.39343560230608 0
endloop
endfacet
facet normal -0.9501497447346471 -0.31179394250158987 9.456763415458275e-16
outer loop
vertex 96.45199931459886 -165.39389051996474 10.7
vertex 96.45185003226617 -165.39343560230608 0
vertex 96.45199931459892 -165.39389051996494 0
endloop
endfacet
facet normal -0.9819576322973077 -0.18910105333674201 -1.7007677756647437e-15
outer loop
vertex 96.48795184382949 -165.58058361265492 10.7
vertex 96.45199931459886 -165.39389051996474 10.7
vertex 96.45199931459892 -165.39389051996494 0
endloop
endfacet
facet normal -0.9819576322973077 -0.18910105333674201 -1.7007677756647437e-15
outer loop
vertex 96.48795184382949 -165.58058361265492 10.7
vertex 96.45199931459892 -165.39389051996494 0
vertex 96.48790731440394 -165.5803523817414 0
endloop
endfacet
facet normal -0.9819576322973077 -0.18910105333674201 -1.7007677756647437e-15
outer loop
vertex 96.48795184382949 -165.58058361265492 10.7
vertex 96.48790731440394 -165.5803523817414 0
vertex 96.4879518438295 -165.58058361265486 0
endloop
endfacet
facet normal -0.9979901913458729 -0.06336858825497414 0
outer loop
vertex 96.5 -165.77032970000016 10.7
vertex 96.48795184382949 -165.58058361265492 10.7
vertex 96.4879518438295 -165.58058361265486 0
endloop
endfacet
facet normal -0.9979901913458729 -0.06336858825497414 0
outer loop
vertex 96.5 -165.77032970000016 10.7
vertex 96.4879518438295 -165.58058361265486 0
vertex 96.5 -165.77032969999988 0
endloop
endfacet
facet normal -1 0 0
outer loop
vertex 96.5 -165.77032970000016 10.7
vertex 96.5 -165.77032969999988 0
vertex 96.5 -176.0000000000001 0
endloop
endfacet
facet normal -1 0 0
outer loop
vertex 96.5 -165.77032970000016 10.7
vertex 96.5 -176.0000000000001 0
vertex 96.5 -176.00000000000003 10.7
endloop
endfacet
facet normal 0 0 -1
outer loop
vertex 96.56836511144506 -176.78141679950116 10.7
vertex 96.5598457704772 -176.68404028665344 10.7
vertex 96.53038449397451 -176.34729635532153 10.7
endloop
endfacet
facet normal 0 0 -1
outer loop
vertex 96.56836511144506 -176.78141679950116 10.7
vertex 96.53038449397451 -176.34729635532153 10.7
vertex 96.5 -176.00000000000003 10.7
endloop
endfacet
facet normal 0 0 -1
outer loop
vertex 96.56836511144506 -176.78141679950116 10.7
vertex 96.5 -176.00000000000003 10.7
vertex 96.5 -176.0000000000001 0
endloop
endfacet
facet normal 0 0 -1
outer loop
vertex 96.56836511144506 -176.78141679950116 10.7
vertex 96.5 -176.0000000000001 0
vertex 96.56836511144505 -176.78141679950113 0
endloop
endfacet
facet normal 0 0 1
outer loop
vertex 96.77138320646343 -177.53909064496557 10.7
vertex 96.76950709086827 -177.53208888624357 10.7
vertex 96.70345395290445 -177.28557521936324 10.7
endloop
endfacet
facet normal 0 0 1
outer loop
vertex 96.77138320646343 -177.53909064496557 10.7
vertex 96.70345395290445 -177.28557521936324 10.7
vertex 96.62693430349842 -177.00000000000256 10.7
endloop
endfacet
facet normal 0 0 1
outer loop
vertex 96.77138320646343 -177.53909064496557 10.7
vertex 96.62693430349842 -177.00000000000256 10.7
vertex 96.56836511144506 -176.78141679950116 10.7
endloop
endfacet
facet normal 0 0 1
outer loop
vertex 96.77138320646343 -177.53909064496557 10.7
vertex 96.56836511144506 -176.78141679950116 10.7
vertex 96.56836511144505 -176.78141679950113 0
endloop
endfacet
facet normal 0 0 1
outer loop
vertex 96.77138320646343 -177.53909064496557 10.7
vertex 96.56836511144505 -176.78141679950113 0
vertex 96.77138320646341 -177.53909064496554 0
endloop
endfacet
facet normal 0 0 1
outer loop
vertex 97.10288568297004 -178.25000000000003 10.7
vertex 96.98630876843127 -178 10.7
vertex 96.9721402462022 -177.96961550602637 10.7
endloop
endfacet
facet normal 0 0 1
outer loop
vertex 97.10288568297004 -178.25000000000003 10.7
vertex 96.9721402462022 -177.96961550602637 10.7
vertex 96.93006518288776 -177.87938524156766 10.7
endloop
endfacet
facet normal 0 0 1
outer loop
vertex 97.10288568297004 -178.25000000000003 10.7
vertex 96.93006518288776 -177.87938524156766 10.7
vertex 96.86136200800547 -177.73205080757162 10.7
endloop
endfacet
facet normal 0 0 1
outer loop
vertex 97.10288568297004 -178.25000000000003 10.7
vertex 96.86136200800547 -177.73205080757162 10.7
vertex 96.77138320646343 -177.53909064496557 10.7
endloop
endfacet
facet normal 0 0 1
outer loop
vertex 97.10288568297004 -178.25000000000003 10.7
vertex 96.77138320646343 -177.53909064496557 10.7
vertex 96.77138320646341 -177.53909064496554 0
endloop
endfacet
facet normal 0 0 1
outer loop
vertex 97.10288568297004 -178.25000000000003 10.7
vertex 96.77138320646341 -177.53909064496554 0
vertex 97.10288568297004 -178.25000000000006 0
endloop
endfacet
facet normal -0.8191520442890042 -0.5735764363510284 0
outer loop
vertex 97.55280000596458 -178.89254424358944 10.7
vertex 97.10288568297004 -178.25000000000003 10.7
vertex 97.10288568297004 -178.25000000000006 0
endloop
endfacet
facet normal -0.8191520442890042 -0.5735764363510284 0
outer loop
vertex 97.55280000596458 -178.89254424358944 10.7
vertex 97.10288568297004 -178.25000000000006 0
vertex 97.55280000596463 -178.8925442435895 0
endloop
endfacet
facet normal -0.7071067811865476 -0.7071067811865476 0
outer loop
vertex 98.10745575641056 -179.4471999940354 10.7
vertex 97.55280000596458 -178.89254424358944 10.7
vertex 97.55280000596463 -178.8925442435895 0
endloop
endfacet
facet normal -0.7071067811865476 -0.7071067811865476 0
outer loop
vertex 98.10745575641056 -179.4471999940354 10.7
vertex 97.55280000596463 -178.8925442435895 0
vertex 98.10745575641043 -179.4471999940353 0
endloop
endfacet
facet normal -0.5735764363510342 -0.8191520442890001 0
outer loop
vertex 98.7500000000001 -179.89711431703003 10.7
vertex 98.10745575641056 -179.4471999940354 10.7
vertex 98.10745575641043 -179.4471999940353 0
endloop
endfacet
facet normal -0.5735764363510342 -0.8191520442890001 0
outer loop
vertex 98.7500000000001 -179.89711431703003 10.7
vertex 98.10745575641043 -179.4471999940353 0
vertex 98.75000000000013 -179.89711431703006 0
endloop
endfacet
facet normal -0.4226182617406946 -0.9063077870366524 0
outer loop
vertex 99.46090935503432 -180.22861679353653 10.7
vertex 98.7500000000001 -179.89711431703003 10.7
vertex 98.75000000000013 -179.89711431703006 0
endloop
endfacet
facet normal -0.4226182617406946 -0.9063077870366524 0
outer loop
vertex 99.46090935503432 -180.22861679353653 10.7
vertex 98.75000000000013 -179.89711431703006 0
vertex 99.46090935503443 -180.22861679353656 0
endloop
endfacet
facet normal -0.2588190451024838 -0.9659258262890783 0
outer loop
vertex 100.21858320049888 -180.43163488855492 10.7
vertex 99.46090935503432 -180.22861679353653 10.7
vertex 99.46090935503443 -180.22861679353656 0
endloop
endfacet
facet normal -0.2588190451024838 -0.9659258262890783 0
outer loop
vertex 100.21858320049888 -180.43163488855492 10.7
vertex 99.46090935503443 -180.22861679353656 0
vertex 100.21858320049898 -180.43163488855495 0
endloop
endfacet
facet normal -0.08715574274765463 -0.9961946980917459 0
outer loop
vertex 100.99999999999997 -180.5 10.7
vertex 100.21858320049888 -180.43163488855492 10.7
vertex 100.21858320049898 -180.43163488855495 0
endloop
endfacet
facet normal -0.08715574274765463 -0.9961946980917459 0
outer loop
vertex 100.99999999999997 -180.5 10.7
vertex 100.21858320049898 -180.43163488855495 0
vertex 100.99999999999989 -180.5 0
endloop
endfacet
facet normal 0 -1 0
outer loop
vertex 156 -180.5 0
vertex 155.9999999999999 -180.5 10.7
vertex 100.99999999999997 -180.5 10.7
endloop
endfacet
facet normal 0 -1 0
outer loop
vertex 156 -180.5 0
vertex 100.99999999999997 -180.5 10.7
vertex 100.99999999999989 -180.5 0
endloop
endfacet
facet normal 0.08715574274765463 -0.9961946980917459 0
outer loop
vertex 156.78141679950144 -180.43163488855492 10.7
vertex 155.9999999999999 -180.5 10.7
vertex 156 -180.5 0
endloop
endfacet
facet normal 0.08715574274765463 -0.9961946980917459 0
outer loop
vertex 156.78141679950144 -180.43163488855492 10.7
vertex 156 -180.5 0
vertex 156.78141679950124 -180.43163488855495 0
endloop
endfacet
facet normal 0.2588190451025404 -0.9659258262890631 0
outer loop
vertex 157.53909064496534 -180.22861679353653 10.7
vertex 156.78141679950144 -180.43163488855492 10.7
vertex 156.78141679950124 -180.43163488855495 0
endloop
endfacet
facet normal 0.2588190451025404 -0.9659258262890631 0
outer loop
vertex 157.53909064496534 -180.22861679353653 10.7
vertex 156.78141679950124 -180.43163488855495 0
vertex 157.53909064496526 -180.22861679353656 0
endloop
endfacet
facet normal 0.42261826174069467 -0.9063077870366524 0
outer loop
vertex 158.2499999999999 -179.89711431703003 10.7
vertex 157.53909064496534 -180.22861679353653 10.7
vertex 157.53909064496526 -180.22861679353656 0
endloop
endfacet
facet normal 0.42261826174069467 -0.9063077870366524 0
outer loop
vertex 158.2499999999999 -179.89711431703003 10.7
vertex 157.53909064496526 -180.22861679353656 0
vertex 158.25000000000017 -179.89711431703006 0
endloop
endfacet
facet normal 0.5735764363510599 -0.8191520442889821 0
outer loop
vertex 158.8925442435896 -179.4471999940354 10.7
vertex 158.2499999999999 -179.89711431703003 10.7
vertex 158.25000000000017 -179.89711431703006 0
endloop
endfacet
facet normal 0.5735764363510599 -0.8191520442889821 0
outer loop
vertex 158.8925442435896 -179.4471999940354 10.7
vertex 158.25000000000017 -179.89711431703006 0
vertex 158.89254424358953 -179.4471999940353 0
endloop
endfacet
facet normal 0.7071067811865618 -0.7071067811865334 0
outer loop
vertex 159.44719999403532 -178.89254424358944 10.7
vertex 158.8925442435896 -179.4471999940354 10.7
vertex 158.89254424358953 -179.4471999940353 0
endloop
endfacet
facet normal 0.7071067811865618 -0.7071067811865334 0
outer loop
vertex 159.44719999403532 -178.89254424358944 10.7
vertex 158.89254424358953 -179.4471999940353 0
vertex 159.4471999940353 -178.8925442435895 0
endloop
endfacet
facet normal 0.8191520442890049 -0.5735764363510275 0
outer loop
vertex 159.89711431703 -178.25000000000003 10.7
vertex 159.44719999403532 -178.89254424358944 10.7
vertex 159.4471999940353 -178.8925442435895 0
endloop
endfacet
facet normal 0.8191520442890049 -0.5735764363510275 0
outer loop
vertex 159.89711431703 -178.25000000000003 10.7
vertex 159.4471999940353 -178.8925442435895 0
vertex 159.89711431703012 -178.25000000000006 0
endloop
endfacet
facet normal 0 0 -1
outer loop
vertex 160.22861679353656 -177.53909064496557 10.7
vertex 160.13863799199453 -177.73205080757162 10.7
vertex 160.06993481711223 -177.87938524156766 10.7
endloop
endfacet
facet normal 0 0 -1
outer loop
vertex 160.22861679353656 -177.53909064496557 10.7
vertex 160.06993481711223 -177.87938524156766 10.7
vertex 160.02785975379777 -177.96961550602637 10.7
endloop
endfacet
facet normal 0 0 -1
outer loop
vertex 160.22861679353656 -177.53909064496557 10.7
vertex 160.02785975379777 -177.96961550602637 10.7
vertex 160.0136912315687 -178 10.7
endloop
endfacet
facet normal 0 0 -1
outer loop
vertex 160.22861679353656 -177.53909064496557 10.7
vertex 160.0136912315687 -178 10.7
vertex 159.89711431703 -178.25000000000003 10.7
endloop
endfacet
facet normal 0 0 -1
outer loop
vertex 160.22861679353656 -177.53909064496557 10.7
vertex 159.89711431703 -178.25000000000003 10.7
vertex 159.89711431703012 -178.25000000000006 0
endloop
endfacet
facet normal 0 0 -1
outer loop
vertex 160.22861679353656 -177.53909064496557 10.7
vertex 159.89711431703012 -178.25000000000006 0
vertex 160.22861679353653 -177.53909064496554 0
endloop
endfacet
facet normal 0 0 1
outer loop
vertex 160.43163488855492 -176.78141679950116 10.7
vertex 160.37306569650156 -177.00000000000256 10.7
vertex 160.29654604709555 -177.28557521936324 10.7
endloop
endfacet
facet normal 0 0 1
outer loop
vertex 160.43163488855492 -176.78141679950116 10.7
vertex 160.29654604709555 -177.28557521936324 10.7
vertex 160.23049290913173 -177.53208888624357 10.7
endloop
endfacet
facet normal 0 0 1
outer loop
vertex 160.43163488855492 -176.78141679950116 10.7
vertex 160.23049290913173 -177.53208888624357 10.7
vertex 160.22861679353656 -177.53909064496557 10.7
endloop
endfacet
facet normal 0 0 1
outer loop
vertex 160.43163488855492 -176.78141679950116 10.7
vertex 160.22861679353656 -177.53909064496557 10.7
vertex 160.22861679353653 -177.53909064496554 0
endloop
endfacet
facet normal 0 0 1
outer loop
vertex 160.43163488855492 -176.78141679950116 10.7
vertex 160.22861679353653 -177.53909064496554 0
vertex 160.43163488855492 -176.78141679950113 0
endloop
endfacet
facet normal 0 0 -1
outer loop
vertex 160.5 -176.00000000000003 10.7
vertex 160.4696155060255 -176.34729635532153 10.7
vertex 160.4401542295228 -176.68404028665344 10.7
endloop
endfacet
facet normal 0 0 -1
outer loop
vertex 160.5 -176.00000000000003 10.7
vertex 160.4401542295228 -176.68404028665344 10.7
vertex 160.43163488855492 -176.78141679950116 10.7
endloop
endfacet
facet normal 0 0 -1
outer loop
vertex 160.5 -176.00000000000003 10.7
vertex 160.43163488855492 -176.78141679950116 10.7
vertex 160.43163488855492 -176.78141679950113 0
endloop
endfacet
facet normal 0 0 -1
outer loop
vertex 160.5 -176.00000000000003 10.7
vertex 160.43163488855492 -176.78141679950113 0
vertex 160.5 -176.0000000000001 0
endloop
endfacet
facet normal 0.9999999999999329 -3.6658065027950215e-7 0
outer loop
vertex 160.5000037499996 -165.77032970000016 10.7
vertex 160.5 -176.00000000000003 10.7
vertex 160.5 -176.0000000000001 0
endloop
endfacet
facet normal 0.9999999999999329 -3.6658065027950215e-7 0
outer loop
vertex 160.5000037499996 -165.77032970000016 10.7
vertex 160.5 -176.0000000000001 0
vertex 160.50000375000002 -165.77032969999988 0
endloop
endfacet
facet normal 0.9979855272943388 -0.0634419995826158 3.8078169855775844e-14
outer loop
vertex 160.51208061946917 -165.58035238174162 10.7
vertex 160.5000037499996 -165.77032970000016 10.7
vertex 160.50000375000002 -165.77032969999988 0
endloop
endfacet
facet normal 0.9979855272943388 -0.0634419995826158 3.8078169855775844e-14
outer loop
vertex 160.51208061946917 -165.58035238174162 10.7
vertex 160.50000375000002 -165.77032969999988 0
vertex 160.5120658456491 -165.58058361265486 0
endloop
endfacet
facet normal 0.9979855272943388 -0.0634419995826158 3.8078169855775844e-14
outer loop
vertex 160.51208061946917 -165.58035238174162 10.7
vertex 160.5120658456491 -165.58058361265486 0
vertex 160.51208054492133 -165.5803523817414 0
endloop
endfacet
facet normal 0.9819142327815663 -0.18932627778781197 -6.841086898704274e-9
outer loop
vertex 160.54812068990014 -165.39343560230606 10.7
vertex 160.51208061946917 -165.58035238174162 10.7
vertex 160.51208054492133 -165.5803523817414 0
endloop
endfacet
facet normal 0.9819142327815663 -0.18932627778781197 -6.841086898704274e-9
outer loop
vertex 160.54812068990014 -165.39343560230606 10.7
vertex 160.51208054492133 -165.5803523817414 0
vertex 160.5480329754722 -165.39389051996494 0
endloop
endfacet
facet normal 0.9819142327815663 -0.18932627778781197 -6.841086898704274e-9
outer loop
vertex 160.54812068990014 -165.39343560230606 10.7
vertex 160.5480329754722 -165.39389051996494 0
vertex 160.54812068990014 -165.39343560230608 0
endloop
endfacet
facet normal 0.9500237624403124 -0.31217759496599495 8.286643013676935e-16
outer loop
vertex 160.60754749999987 -165.21258700000033 10.7
vertex 160.54812068990014 -165.39343560230606 10.7
vertex 160.54812068990014 -165.39343560230608 0
endloop
endfacet
facet normal 0.9500237624403124 -0.31217759496599495 8.286643013676935e-16
outer loop
vertex 160.60754749999987 -165.21258700000033 10.7
vertex 160.54812068990014 -165.39343560230608 0
vertex 160.60733133063778 -165.2132448499999 0
endloop
endfacet
facet normal 0.9500237624403124 -0.31217759496599495 8.286643013676935e-16
outer loop
vertex 160.60754749999987 -165.21258700000033 10.7
vertex 160.60733133063778 -165.2132448499999 0
vertex 160.60754750000004 -165.2125869999999 0
endloop
endfacet
facet normal 0.9284766871019632 -0.37139068581234386 0
outer loop
vertex 163.9925824 -156.75 10.7
vertex 160.60754749999987 -165.21258700000033 10.7
vertex 160.60754750000004 -165.2125869999999 0
endloop
endfacet
facet normal 0.9284766871019632 -0.37139068581234386 0
outer loop
vertex 163.9925824 -156.75 10.7
vertex 160.60754750000004 -165.2125869999999 0
vertex 163.9925824 -156.75 0
endloop
endfacet
facet normal 0.0871557427477115 -0.9961946980917409 0
outer loop
vertex 166.28141679950122 -156.68163488855492 10.7
vertex 165.49999999999986 -156.75 10.7
vertex 165.49999999999997 -156.75 0
endloop
endfacet
facet normal 0.0871557427477115 -0.9961946980917409 0
outer loop
vertex 166.28141679950122 -156.68163488855492 10.7
vertex 165.49999999999997 -156.75 0
vertex 166.28141679950124 -156.68163488855492 0
endloop
endfacet
facet normal 0.25881904510251214 -0.9659258262890708 0
outer loop
vertex 167.0390906449656 -156.47861679353656 10.7
vertex 166.28141679950122 -156.68163488855492 10.7
vertex 166.28141679950124 -156.68163488855492 0
endloop
endfacet
facet normal 0.25881904510251214 -0.9659258262890708 0
outer loop
vertex 167.0390906449656 -156.47861679353656 10.7
vertex 166.28141679950124 -156.68163488855492 0
vertex 167.0390906449656 -156.4786167935366 0
endloop
endfacet
facet normal 0.42261826174069467 -0.9063077870366523 0
outer loop
vertex 167.74999999999994 -156.14711431703 10.7
vertex 167.0390906449656 -156.47861679353656 10.7
vertex 167.0390906449656 -156.4786167935366 0
endloop
endfacet
facet normal 0.42261826174069467 -0.9063077870366523 0
outer loop
vertex 167.74999999999994 -156.14711431703 10.7
vertex 167.0390906449656 -156.4786167935366 0
vertex 167.74999999999977 -156.14711431703012 0
endloop
endfacet
facet normal 0.5735764363510342 -0.8191520442890001 0
outer loop
vertex 168.39254424358953 -155.6971999940354 10.7
vertex 167.74999999999994 -156.14711431703 10.7
vertex 167.74999999999977 -156.14711431703012 0
endloop
endfacet
facet normal 0.5735764363510342 -0.8191520442890001 0
outer loop
vertex 168.39254424358953 -155.6971999940354 10.7
vertex 167.74999999999977 -156.14711431703012 0
vertex 168.3925442435895 -155.6971999940354 0
endloop
endfacet
facet normal 0.7071067811865334 -0.7071067811865618 0
outer loop
vertex 168.9471999940354 -155.14254424358944 10.7
vertex 168.39254424358953 -155.6971999940354 10.7
vertex 168.3925442435895 -155.6971999940354 0
endloop
endfacet
facet normal 0.7071067811865334 -0.7071067811865618 0
outer loop
vertex 168.9471999940354 -155.14254424358944 10.7
vertex 168.3925442435895 -155.6971999940354 0
vertex 168.94719999403551 -155.14254424358944 0
endloop
endfacet
facet normal 0.8191520442891015 -0.5735764363508895 8.703898702101964e-15
outer loop
vertex 169.39711431702986 -154.49999999999991 10.7
vertex 168.9471999940354 -155.14254424358944 10.7
vertex 168.94719999403551 -155.14254424358944 0
endloop
endfacet
facet normal 0.8191520442891015 -0.5735764363508895 8.703898702101964e-15
outer loop
vertex 169.39711431702986 -154.49999999999991 10.7
vertex 168.94719999403551 -155.14254424358944 0
vertex 169.22206243247726 -154.7500000000004 0
endloop
endfacet
facet normal 0.8191520442891015 -0.5735764363508895 8.703898702101964e-15
outer loop
vertex 169.39711431702986 -154.49999999999991 10.7
vertex 169.22206243247726 -154.7500000000004 0
vertex 169.24224386973538 -154.721177920607 0
endloop
endfacet
facet normal 0.8191520442891015 -0.5735764363508895 8.703898702101964e-15
outer loop
vertex 169.39711431702986 -154.49999999999991 10.7
vertex 169.24224386973538 -154.721177920607 0
vertex 169.3020126201968 -154.63581929877006 0
endloop
endfacet
facet normal 0.8191520442891015 -0.5735764363508895 8.703898702101964e-15
outer loop
vertex 169.39711431702986 -154.49999999999991 10.7
vertex 169.3020126201968 -154.63581929877006 0
vertex 169.3971143170299 -154.5 0
endloop
endfacet
facet normal 0 0 1
outer loop
vertex 169.7286167935367 -153.78909064496563 10.7
vertex 169.63863799199424 -153.98205080757214 10.7
vertex 169.5699348171129 -154.12938524156613 10.7
endloop
endfacet
facet normal 0 0 1
outer loop
vertex 169.7286167935367 -153.78909064496563 10.7
vertex 169.5699348171129 -154.12938524156613 10.7
vertex 169.52785975379942 -154.2196155060228 10.7
endloop
endfacet
facet normal 0 0 1
outer loop
vertex 169.7286167935367 -153.78909064496563 10.7
vertex 169.52785975379942 -154.2196155060228 10.7
vertex 169.51369123156869 -154.25 10.7
endloop
endfacet
facet normal 0 0 1
outer loop
vertex 169.7286167935367 -153.78909064496563 10.7
vertex 169.51369123156869 -154.25 10.7
vertex 169.39711431702986 -154.49999999999991 10.7
endloop
endfacet
facet normal 0 0 1
outer loop
vertex 169.7286167935367 -153.78909064496563 10.7
vertex 169.39711431702986 -154.49999999999991 10.7
vertex 169.3971143170299 -154.5 0
endloop
endfacet
facet normal 0 0 1
outer loop
vertex 169.7286167935367 -153.78909064496563 10.7
vertex 169.3971143170299 -154.5 0
vertex 169.3984179181166 -154.497204418448 0
endloop
endfacet
facet normal 0 0 1
outer loop
vertex 169.7286167935367 -153.78909064496563 10.7
vertex 169.3984179181166 -154.497204418448 0
vertex 169.4854049289241 -154.31066017177693 0
endloop
endfacet
facet normal 0 0 1
outer loop
vertex 169.7286167935367 -153.78909064496563 10.7
vertex 169.4854049289241 -154.31066017177693 0
vertex 169.5913989082776 -154.08335534952107 0
endloop
endfacet
facet normal 0 0 1
outer loop
vertex 169.7286167935367 -153.78909064496563 10.7
vertex 169.5913989082776 -154.08335534952107 0
vertex 169.71232656697242 -153.8240251485692 0
endloop
endfacet
facet normal 0 0 1
outer loop
vertex 169.7286167935367 -153.78909064496563 10.7
vertex 169.71232656697242 -153.8240251485692 0
vertex 169.72861679353664 -153.7890906449656 0
endloop
endfacet
facet normal 0 0 -1
outer loop
vertex 169.9316348885549 -153.0314167995012 10.7
vertex 169.873065696504 -153.24999999999366 10.7
vertex 169.796546047093 -153.5355752193732 10.7
endloop
endfacet
facet normal 0 0 -1
outer loop
vertex 169.9316348885549 -153.0314167995012 10.7
vertex 169.796546047093 -153.5355752193732 10.7
vertex 169.73049290913335 -153.78208888623806 10.7
endloop
endfacet
facet normal 0 0 -1
outer loop
vertex 169.9316348885549 -153.0314167995012 10.7
vertex 169.73049290913335 -153.78208888623806 10.7
vertex 169.7286167935367 -153.78909064496563 10.7
endloop
endfacet
facet normal 0 0 -1
outer loop
vertex 169.9316348885549 -153.0314167995012 10.7
vertex 169.7286167935367 -153.78909064496563 10.7
vertex 169.72861679353664 -153.7890906449656 0
endloop
endfacet
facet normal 0 0 -1
outer loop
vertex 169.9316348885549 -153.0314167995012 10.7
vertex 169.72861679353664 -153.7890906449656 0
vertex 169.7946542551479 -153.54263548302944 0
endloop
endfacet
facet normal 0 0 -1
outer loop
vertex 169.9316348885549 -153.0314167995012 10.7
vertex 169.7946542551479 -153.54263548302944 0
vertex 169.873065696504 -153.2499999999936 0
endloop
endfacet
facet normal 0 0 -1
outer loop
vertex 169.9316348885549 -153.0314167995012 10.7
vertex 169.873065696504 -153.2499999999936 0
vertex 169.93163488855487 -153.0314167995012 0
endloop
endfacet
facet normal 0 0 -1
outer loop
vertex 170 -152.24999999999994 10.7
vertex 169.9696155060259 -152.59729635531687 10.7
vertex 169.9401542295216 -152.93404028666671 10.7
endloop
endfacet
facet normal 0 0 -1
outer loop
vertex 170 -152.24999999999994 10.7
vertex 169.9401542295216 -152.93404028666671 10.7
vertex 169.9316348885549 -153.0314167995012 10.7
endloop
endfacet
facet normal 0 0 -1
outer loop
vertex 170 -152.24999999999994 10.7
vertex 169.9316348885549 -153.0314167995012 10.7
vertex 169.93163488855487 -153.0314167995012 0
endloop
endfacet
facet normal 0 0 -1
outer loop
vertex 170 -152.24999999999994 10.7
vertex 169.93163488855487 -153.0314167995012 0
vertex 169.93811362378364 -152.95736451698062 0
endloop
endfacet
facet normal 0 0 -1
outer loop
vertex 170 -152.24999999999994 10.7
vertex 169.93811362378364 -152.95736451698062 0
vertex 169.96273202955015 -152.67597485145893 0
endloop
endfacet
facet normal 0 0 -1
outer loop
vertex 170 -152.24999999999994 10.7
vertex 169.96273202955015 -152.67597485145893 0
vertex 169.98542048224692 -152.41664465046642 0
endloop
endfacet
facet normal 0 0 -1
outer loop
vertex 170 -152.24999999999994 10.7
vertex 169.98542048224692 -152.41664465046642 0
vertex 170 -152.24999999999994 0
endloop
endfacet
facet normal 1 0 0
outer loop
vertex 170 -152.1893398282194 0
vertex 170 -152.0027955815528 0
vertex 170 -151.8641807012315 0
endloop
endfacet
facet normal 1 0 0
outer loop
vertex 170 -152.1893398282194 0
vertex 170 -151.8641807012315 0
vertex 170 -151.77882207939692 0
endloop
endfacet
facet normal 1 0 0
outer loop
vertex 170 -152.1893398282194 0
vertex 170 -151.77882207939692 0
vertex 170 -151.75000000000028 0
endloop
endfacet
facet normal 1 0 0
outer loop
vertex 170 -152.1893398282194 0
vertex 170 -151.75000000000028 0
vertex 170 -135.24999644999986 0
endloop
endfacet
facet normal 1 0 0
outer loop
vertex 170 -152.1893398282194 0
vertex 170 -135.24999644999986 0
vertex 170 -135.2500045999791 10.7
endloop
endfacet
facet normal 1 0 0
outer loop
vertex 170 -152.1893398282194 0
vertex 170 -135.2500045999791 10.7
vertex 170 -152.24999999999994 10.7
endloop
endfacet
facet normal 1 0 0
outer loop
vertex 170 -152.1893398282194 0
vertex 170 -152.24999999999994 10.7
vertex 170 -152.24999999999994 0
endloop
endfacet
facet normal 1 0 0
outer loop
vertex 170 -93.00000000000003 0
vertex 170 -92.97117792060541 0
vertex 170 -92.88581929876764 0
endloop
endfacet
facet normal 1 0 0
outer loop
vertex 170 -93.00000000000003 0
vertex 170 -92.88581929876764 0
vertex 170 -92.74720441844458 0
endloop
endfacet
facet normal 1 0 0
outer loop
vertex 170 -93.00000000000003 0
vertex 170 -92.74720441844458 0
vertex 170 -92.56066017178594 0
endloop
endfacet
facet normal 1 0 0
outer loop
vertex 170 -93.00000000000003 0
vertex 170 -92.56066017178594 0
vertex 170 -92.33335534953528 0
endloop
endfacet
facet normal 1 0 0
outer loop
vertex 170 -93.00000000000003 0
vertex 170 -92.33335534953528 0
vertex 170 -92.07402514852807 0
endloop
endfacet
facet normal 1 0 0
outer loop
vertex 170 -93.00000000000003 0
vertex 170 -92.07402514852807 0
vertex 170 -91.79263548302772 0
endloop
endfacet
facet normal 1 0 0
outer loop
vertex 170 -93.00000000000003 0
vertex 170 -91.79263548302772 0
vertex 170 -91.50000000000269 0
endloop
endfacet
facet normal 1 0 0
outer loop
vertex 170 -93.00000000000003 0
vertex 170 -91.50000000000269 0
vertex 170 -91.2073645169759 0
endloop
endfacet
facet normal 1 0 0
outer loop
vertex 170 -93.00000000000003 0
vertex 170 -91.2073645169759 0
vertex 170 -90.9259748514614 0
endloop
endfacet
facet normal 1 0 0
outer loop
vertex 170 -93.00000000000003 0
vertex 170 -90.9259748514614 0
vertex 170 -90.66664465046898 0
endloop
endfacet
facet normal 1 0 0
outer loop
vertex 170 -93.00000000000003 0
vertex 170 -90.66664465046898 0
vertex 170 -90.4393398282262 0
endloop
endfacet
facet normal 1 0 0
outer loop
vertex 170 -93.00000000000003 0
vertex 170 -90.4393398282262 0
vertex 170 -90.25279558154259 0
endloop
endfacet
facet normal 1 0 0
outer loop
vertex 170 -93.00000000000003 0
vertex 170 -90.25279558154259 0
vertex 170 -90.11418070123291 0
endloop
endfacet
facet normal 1 0 0
outer loop
vertex 170 -93.00000000000003 0
vertex 170 -90.11418070123291 0
vertex 170 -90.0288220793941 0
endloop
endfacet
facet normal 1 0 0
outer loop
vertex 170 -93.00000000000003 0
vertex 170 -90.0288220793941 0
vertex 170 -89.99999999999993 0
endloop
endfacet
facet normal 1 0 0
outer loop
vertex 170 -93.00000000000003 0
vertex 170 -89.99999999999993 0
vertex 170 -73.49999999999991 0
endloop
endfacet
facet normal 1 0 0
outer loop
vertex 170 -93.00000000000003 0
vertex 170 -73.49999999999991 0
vertex 170 -73.49999999999984 10.7
endloop
endfacet
facet normal 1 0 0
outer loop
vertex 170 -93.00000000000003 0
vertex 170 -73.49999999999984 10.7
vertex 170 -128.50000000000014 10.7
endloop
endfacet
facet normal 1 0 0
outer loop
vertex 170 -93.00000000000003 0
vertex 170 -128.50000000000014 10.7
vertex 170 -128.5000000000001 0
endloop
endfacet
facet normal 0 0 -1
outer loop
vertex 169.9584871242967 -134.64017217916933 10.7
vertex 169.9598703203252 -134.66049133305086 10.7
vertex 169.9797088004364 -134.9519186664569 10.7
endloop
endfacet
facet normal 0 0 -1
outer loop
vertex 169.9584871242967 -134.64017217916933 10.7
vertex 169.9797088004364 -134.9519186664569 10.7
vertex 170 -135.2500045999791 10.7
endloop
endfacet
facet normal 0 0 -1
outer loop
vertex 169.9584871242967 -134.64017217916933 10.7
vertex 170 -135.2500045999791 10.7
vertex 170 -135.24999644999986 0
endloop
endfacet
facet normal 0 0 -1
outer loop
vertex 169.9584871242967 -134.64017217916933 10.7
vertex 170 -135.24999644999986 0
vertex 169.9584871242967 -134.64017217916944 0
endloop
endfacet
facet normal 0 0 1
outer loop
vertex 169.83471632990026 -134.04160201097363 10.7
vertex 169.85162173529255 -134.1233585464991 10.7
vertex 169.90515107804288 -134.38223276516837 10.7
endloop
endfacet
facet normal 0 0 1
outer loop
vertex 169.83471632990026 -134.04160201097363 10.7
vertex 169.90515107804288 -134.38223276516837 10.7
vertex 169.9584871242967 -134.64017217916933 10.7
endloop
endfacet
facet normal 0 0 1
outer loop
vertex 169.83471632990026 -134.04160201097363 10.7
vertex 169.9584871242967 -134.64017217916933 10.7
vertex 169.9584871242967 -134.64017217916944 0
endloop
endfacet
facet normal 0 0 1
outer loop
vertex 169.83471632990026 -134.04160201097363 10.7
vertex 169.9584871242967 -134.64017217916944 0
vertex 169.83471632990032 -134.04160201097392 0
endloop
endfacet
facet normal 0 0 -1
outer loop
vertex 169.63097115552216 -133.46532508485913 10.7
vertex 169.7091095425152 -133.68633326139795 10.7
vertex 169.7809937025537 -133.8896518573341 10.7
endloop
endfacet
facet normal 0 0 -1
outer loop
vertex 169.63097115552216 -133.46532508485913 10.7
vertex 169.7809937025537 -133.8896518573341 10.7
vertex 169.83471632990026 -134.04160201097363 10.7
endloop
endfacet
facet normal 0 0 -1
outer loop
vertex 169.63097115552216 -133.46532508485913 10.7
vertex 169.83471632990026 -134.04160201097363 10.7
vertex 169.83471632990032 -134.04160201097392 0
endloop
endfacet
facet normal 0 0 -1
outer loop
vertex 169.63097115552216 -133.46532508485913 10.7
vertex 169.83471632990032 -134.04160201097392 0
vertex 169.630971155522 -133.4653250848588 0
endloop
endfacet
facet normal 0.8889393234861648 0.4580249765678285 0
outer loop
vertex 169.3510106462195 -132.92197500904624 10.7
vertex 169.63097115552216 -133.46532508485913 10.7
vertex 169.630971155522 -133.4653250848588 0
endloop
endfacet
facet normal 0.8889393234861648 0.4580249765678285 0
outer loop
vertex 169.3510106462195 -132.92197500904624 10.7
vertex 169.630971155522 -133.4653250848588 0
vertex 169.3510106462195 -132.92197500904626 0
endloop
endfacet
facet normal 0.818671087106539 0.5742627021980423 0
outer loop
vertex 169 -132.4215729 10.7
vertex 169.3510106462195 -132.92197500904624 10.7
vertex 169.3510106462195 -132.92197500904626 0
endloop
endfacet
facet normal 0.818671087106539 0.5742627021980423 0
outer loop
vertex 169 -132.4215729 10.7
vertex 169.3510106462195 -132.92197500904626 0
vertex 169 -132.42157290000003 0
endloop
endfacet
facet normal 1 0 0
outer loop
vertex 169 -131.32842499999998 0
vertex 169 -131.32842499999998 10.7
vertex 169 -132.4215729 10.7
endloop
endfacet
facet normal 1 0 0
outer loop
vertex 169 -131.32842499999998 0
vertex 169 -132.4215729 10.7
vertex 169 -132.42157290000003 0
endloop
endfacet
facet normal 0.8186691717792806 -0.5742654326861637 0
outer loop
vertex 169.3510106462193 -130.8280264409541 10.7
vertex 169 -131.32842499999998 10.7
vertex 169 -131.32842499999998 0
endloop
endfacet
facet normal 0.8186691717792806 -0.5742654326861637 0
outer loop
vertex 169.3510106462193 -130.8280264409541 10.7
vertex 169 -131.32842499999998 0
vertex 169.35101064621938 -130.82802644095395 0
endloop
endfacet
facet normal 0.8889393234861371 -0.458024976567882 0
outer loop
vertex 169.63097115552202 -130.28467636514114 10.7
vertex 169.3510106462193 -130.8280264409541 10.7
vertex 169.35101064621938 -130.82802644095395 0
endloop
endfacet
facet normal 0.8889393234861371 -0.458024976567882 0
outer loop
vertex 169.63097115552202 -130.28467636514114 10.7
vertex 169.35101064621938 -130.82802644095395 0
vertex 169.63097115552208 -130.28467636514097 0
endloop
endfacet
facet normal 0 0 -1
outer loop
vertex 169.8347163299003 -129.70839943902624 10.7
vertex 169.78099641117453 -129.86034193154856 10.7
vertex 169.70911310231358 -130.06365811999697 10.7
endloop
endfacet
facet normal 0 0 -1
outer loop
vertex 169.8347163299003 -129.70839943902624 10.7
vertex 169.70911310231358 -130.06365811999697 10.7
vertex 169.63097115552202 -130.28467636514114 10.7
endloop
endfacet
facet normal 0 0 -1
outer loop
vertex 169.8347163299003 -129.70839943902624 10.7
vertex 169.63097115552202 -130.28467636514114 10.7
vertex 169.63097115552208 -130.28467636514097 0
endloop
endfacet
facet normal 0 0 -1
outer loop
vertex 169.8347163299003 -129.70839943902624 10.7
vertex 169.63097115552208 -130.28467636514097 0
vertex 169.83471632990023 -129.70839943902632 0
endloop
endfacet
facet normal 0 0 -1
outer loop
vertex 169.95848712429674 -129.10982782083036 10.7
vertex 169.90515118590474 -129.3677673380402 10.7
vertex 169.85162268024345 -129.62663813554556 10.7
endloop
endfacet
facet normal 0 0 -1
outer loop
vertex 169.95848712429674 -129.10982782083036 10.7
vertex 169.85162268024345 -129.62663813554556 10.7
vertex 169.8347163299003 -129.70839943902624 10.7
endloop
endfacet
facet normal 0 0 -1
outer loop
vertex 169.95848712429674 -129.10982782083036 10.7
vertex 169.8347163299003 -129.70839943902624 10.7
vertex 169.83471632990023 -129.70839943902632 0
endloop
endfacet
facet normal 0 0 -1
outer loop
vertex 169.95848712429674 -129.10982782083036 10.7
vertex 169.83471632990023 -129.70839943902632 0
vertex 169.9584871242967 -129.1098278208303 0
endloop
endfacet
facet normal 0 0 -1
outer loop
vertex 170 -128.50000000000014 10.7
vertex 169.9797082309232 -128.798087884958 10.7
vertex 169.9598700909657 -129.0895119179756 10.7
endloop
endfacet
facet normal 0 0 -1
outer loop
vertex 170 -128.50000000000014 10.7
vertex 169.9598700909657 -129.0895119179756 10.7
vertex 169.95848712429674 -129.10982782083036 10.7
endloop
endfacet
facet normal 0 0 -1
outer loop
vertex 170 -128.50000000000014 10.7
vertex 169.95848712429674 -129.10982782083036 10.7
vertex 169.9584871242967 -129.1098278208303 0
endloop
endfacet
facet normal 0 0 -1
outer loop
vertex 170 -128.50000000000014 10.7
vertex 169.9584871242967 -129.1098278208303 0
vertex 170 -128.5000000000001 0
endloop
endfacet
facet normal 0 0 1
outer loop
vertex 169.9316348885549 -72.71858320049881 10.7
vertex 169.94015422952398 -72.81595971336054 10.7
vertex 169.96961550602435 -73.15270364466559 10.7
endloop
endfacet
facet normal 0 0 1
outer loop
vertex 169.9316348885549 -72.71858320049881 10.7
vertex 169.96961550602435 -73.15270364466559 10.7
vertex 170 -73.49999999999984 10.7
endloop
endfacet
facet normal 0 0 1
outer loop
vertex 169.9316348885549 -72.71858320049881 10.7
vertex 170 -73.49999999999984 10.7
vertex 170 -73.49999999999991 0
endloop
endfacet
facet normal 0 0 1
outer loop
vertex 169.9316348885549 -72.71858320049881 10.7
vertex 170 -73.49999999999991 0
vertex 169.93163488855492 -72.71858320049873 0
endloop
endfacet
facet normal 0 0 1
outer loop
vertex 169.72861679353664 -71.96090935503456 10.7
vertex 169.73049290913332 -71.96791111376223 10.7
vertex 169.79654604709512 -72.21442478063514 10.7
endloop
endfacet
facet normal 0 0 1
outer loop
vertex 169.72861679353664 -71.96090935503456 10.7
vertex 169.79654604709512 -72.21442478063514 10.7
vertex 169.87306569650133 -72.49999999999656 10.7
endloop
endfacet
facet normal 0 0 1
outer loop
vertex 169.72861679353664 -71.96090935503456 10.7
vertex 169.87306569650133 -72.49999999999656 10.7
vertex 169.9316348885549 -72.71858320049881 10.7
endloop
endfacet
facet normal 0 0 1
outer loop
vertex 169.72861679353664 -71.96090935503456 10.7
vertex 169.9316348885549 -72.71858320049881 10.7
vertex 169.93163488855492 -72.71858320049873 0
endloop
endfacet
facet normal 0 0 1
outer loop
vertex 169.72861679353664 -71.96090935503456 10.7
vertex 169.93163488855492 -72.71858320049873 0
vertex 169.72861679353662 -71.96090935503459 0
endloop
endfacet
facet normal 0 0 -1
outer loop
vertex 169.39711431703006 -71.25000000000003 10.7
vertex 169.51369123156877 -71.5 10.7
vertex 169.5278597537984 -71.53038449397484 10.7
endloop
endfacet
facet normal 0 0 -1
outer loop
vertex 169.39711431703006 -71.25000000000003 10.7
vertex 169.5278597537984 -71.53038449397484 10.7
vertex 169.56993481711083 -71.62061475842924 10.7
endloop
endfacet
facet normal 0 0 -1
outer loop
vertex 169.39711431703006 -71.25000000000003 10.7
vertex 169.56993481711083 -71.62061475842924 10.7
vertex 169.6386379919954 -71.76794919243024 10.7
endloop
endfacet
facet normal 0 0 -1
outer loop
vertex 169.39711431703006 -71.25000000000003 10.7
vertex 169.6386379919954 -71.76794919243024 10.7
vertex 169.72861679353664 -71.96090935503456 10.7
endloop
endfacet
facet normal 0 0 -1
outer loop
vertex 169.39711431703006 -71.25000000000003 10.7
vertex 169.72861679353664 -71.96090935503456 10.7
vertex 169.72861679353662 -71.96090935503459 0
endloop
endfacet
facet normal 0 0 -1
outer loop
vertex 169.39711431703006 -71.25000000000003 10.7
vertex 169.72861679353662 -71.96090935503459 0
vertex 169.39711431702997 -71.25000000000009 0
endloop
endfacet
facet normal 0.8191520442889821 0.5735764363510599 0
outer loop
vertex 168.94719999403537 -70.60745575641059 10.7
vertex 169.39711431703006 -71.25000000000003 10.7
vertex 169.39711431702997 -71.25000000000009 0
endloop
endfacet
facet normal 0.8191520442889821 0.5735764363510599 0
outer loop
vertex 168.94719999403537 -70.60745575641059 10.7
vertex 169.39711431702997 -71.25000000000009 0
vertex 168.94719999403543 -70.60745575641059 0
endloop
endfacet
facet normal 0.7071067811865617 0.7071067811865333 0
outer loop
vertex 168.3925442435895 -70.05280000596453 10.7
vertex 168.94719999403537 -70.60745575641059 10.7
vertex 168.94719999403543 -70.60745575641059 0
endloop
endfacet
facet normal 0.7071067811865617 0.7071067811865333 0
outer loop
vertex 168.3925442435895 -70.05280000596453 10.7
vertex 168.94719999403543 -70.60745575641059 0
vertex 168.39254424358944 -70.05280000596464 0
endloop
endfacet
facet normal 0.5735764363510181 0.8191520442890116 0
outer loop
vertex 167.74999999999994 -69.60288568297 10.7
vertex 168.3925442435895 -70.05280000596453 10.7
vertex 168.39254424358944 -70.05280000596464 0
endloop
endfacet
facet normal 0.5735764363510181 0.8191520442890116 0
outer loop
vertex 167.74999999999994 -69.60288568297 10.7
vertex 168.39254424358944 -70.05280000596464 0
vertex 167.74999999999997 -69.60288568297001 0
endloop
endfacet
facet normal 0.4226182617407117 0.9063077870366443 0
outer loop
vertex 167.03909064496557 -69.27138320646343 10.7
vertex 167.74999999999994 -69.60288568297 10.7
vertex 167.74999999999997 -69.60288568297001 0
endloop
endfacet
facet normal 0.4226182617407117 0.9063077870366443 0
outer loop
vertex 167.03909064496557 -69.27138320646343 10.7
vertex 167.74999999999997 -69.60288568297001 0
vertex 167.0390906449655 -69.27138320646343 0
endloop
endfacet
facet normal 0.25881904510251275 0.9659258262890704 0
outer loop
vertex 166.2814167995012 -69.06836511144508 10.7
vertex 167.03909064496557 -69.27138320646343 10.7
vertex 167.0390906449655 -69.27138320646343 0
endloop
endfacet
facet normal 0.25881904510251275 0.9659258262890704 0
outer loop
vertex 166.2814167995012 -69.06836511144508 10.7
vertex 167.0390906449655 -69.27138320646343 0
vertex 166.2814167995012 -69.06836511144506 0
endloop
endfacet
facet normal 0.08715574274765456 0.996194698091746 0
outer loop
vertex 165.50000000000003 -69 10.7
vertex 166.2814167995012 -69.06836511144508 10.7
vertex 166.2814167995012 -69.06836511144506 0
endloop
endfacet
facet normal 0.08715574274765456 0.996194698091746 0
outer loop
vertex 165.50000000000003 -69 10.7
vertex 166.2814167995012 -69.06836511144506 0
vertex 165.5 -69 0
endloop
endfacet
facet normal 0 1 0
outer loop
vertex 93.92499999999998 -69 10.7
vertex 93.92500000000001 -69 0
vertex 91.50000000000006 -69 0
endloop
endfacet
facet normal 0 1 0
outer loop
vertex 93.92499999999998 -69 10.7
vertex 91.50000000000006 -69 0
vertex 91.49999999999996 -69 10.7
endloop
endfacet
facet normal 0 1 0
outer loop
vertex 165.50000000000003 -69 10.7
vertex 165.5 -69 0
vertex 163.07499999999996 -69 0
endloop
endfacet
facet normal 0 1 0
outer loop
vertex 165.50000000000003 -69 10.7
vertex 163.07499999999996 -69 0
vertex 163.07499999999996 -69 10.7
endloop
endfacet
facet normal 0.08715574274765459 0.9961946980917459 0
outer loop
vertex 162.7277036446661 -68.96961550602441 10.7
vertex 163.07499999999996 -69 10.7
vertex 163.07499999999996 -69 0
endloop
endfacet
facet normal 0.08715574274765459 0.9961946980917459 0
outer loop
vertex 162.7277036446661 -68.96961550602441 10.7
vertex 163.07499999999996 -69 0
vertex 162.72770364466612 -68.96961550602441 0
endloop
endfacet
facet normal 0.25881904510251275 0.9659258262890704 0
outer loop
vertex 162.39095971334876 -68.87938524157185 10.7
vertex 162.7277036446661 -68.96961550602441 10.7
vertex 162.72770364466612 -68.96961550602441 0
endloop
endfacet
facet normal 0.25881904510251275 0.9659258262890704 0
outer loop
vertex 162.39095971334876 -68.87938524157185 10.7
vertex 162.72770364466612 -68.96961550602441 0
vertex 162.3909597133487 -68.87938524157184 0
endloop
endfacet
facet normal 0.42261826174066003 0.9063077870366684 0
outer loop
vertex 162.07500000000002 -68.7320508075689 10.7
vertex 162.39095971334876 -68.87938524157185 10.7
vertex 162.3909597133487 -68.87938524157184 0
endloop
endfacet
facet normal 0.42261826174066003 0.9063077870366684 0
outer loop
vertex 162.07500000000002 -68.7320508075689 10.7
vertex 162.3909597133487 -68.87938524157184 0
vertex 162.07499999999993 -68.73205080756885 0
endloop
endfacet
facet normal 0.573576436351072 0.8191520442889736 0
outer loop
vertex 161.78942478062697 -68.53208888623799 10.7
vertex 162.07500000000002 -68.7320508075689 10.7
vertex 162.07499999999993 -68.73205080756885 0
endloop
endfacet
facet normal 0.573576436351072 0.8191520442889736 0
outer loop
vertex 161.78942478062697 -68.53208888623799 10.7
vertex 162.07499999999993 -68.73205080756885 0
vertex 161.789424780627 -68.53208888623801 0
endloop
endfacet
facet normal 0.7071067811865617 0.7071067811865333 0
outer loop
vertex 161.54291111376205 -68.28557521937303 10.7
vertex 161.78942478062697 -68.53208888623799 10.7
vertex 161.789424780627 -68.53208888623801 0
endloop
endfacet
facet normal 0.7071067811865617 0.7071067811865333 0
outer loop
vertex 161.54291111376205 -68.28557521937303 10.7
vertex 161.789424780627 -68.53208888623801 0
vertex 161.54291111376207 -68.28557521937309 0
endloop
endfacet
facet normal 0.8191520442889708 0.5735764363510761 0
outer loop
vertex 161.34294919243106 -67.99999999999989 10.7
vertex 161.54291111376205 -68.28557521937303 10.7
vertex 161.54291111376207 -68.28557521937309 0
endloop
endfacet
facet normal 0.8191520442889708 0.5735764363510761 0
outer loop
vertex 161.34294919243106 -67.99999999999989 10.7
vertex 161.54291111376207 -68.28557521937309 0
vertex 161.3429491924311 -67.99999999999997 0
endloop
endfacet
facet normal 0.9063077870366524 0.4226182617406946 0
outer loop
vertex 161.1956147584282 -67.6840402866514 10.7
vertex 161.34294919243106 -67.99999999999989 10.7
vertex 161.3429491924311 -67.99999999999997 0
endloop
endfacet
facet normal 0.9063077870366524 0.4226182617406946 0
outer loop
vertex 161.1956147584282 -67.6840402866514 10.7
vertex 161.3429491924311 -67.99999999999997 0
vertex 161.19561475842818 -67.68404028665137 0
endloop
endfacet
facet normal 0.9659258262890783 0.2588190451024838 0
outer loop
vertex 161.1053844939756 -67.34729635533392 10.7
vertex 161.1956147584282 -67.6840402866514 10.7
vertex 161.19561475842818 -67.68404028665137 0
endloop
endfacet
facet normal 0.9659258262890783 0.2588190451024838 0
outer loop
vertex 161.1053844939756 -67.34729635533392 10.7
vertex 161.19561475842818 -67.68404028665137 0
vertex 161.10538449397558 -67.34729635533385 0
endloop
endfacet
facet normal 0.9961946980917433 0.08715574274768298 0
outer loop
vertex 161.075 -66.99999999999976 10.7
vertex 161.1053844939756 -67.34729635533392 10.7
vertex 161.10538449397558 -67.34729635533385 0
endloop
endfacet
facet normal 0.9961946980917433 0.08715574274768298 0
outer loop
vertex 161.075 -66.99999999999976 10.7
vertex 161.10538449397558 -67.34729635533385 0
vertex 161.075 -66.99999999999999 0
endloop
endfacet
facet normal 1 0 0
outer loop
vertex 161.075 -51.774999999999984 0
vertex 161.075 -51.77499999999982 10.7
vertex 161.075 -66.99999999999976 10.7
endloop
endfacet
facet normal 1 0 0
outer loop
vertex 161.075 -51.774999999999984 0
vertex 161.075 -66.99999999999976 10.7
vertex 161.075 -66.99999999999999 0
endloop
endfacet
facet normal 0 0 1
outer loop
vertex 161.00663488855494 -50.99358320049893 10.7
vertex 161.0151542295226 -51.09095971334452 10.7
vertex 161.04461550602605 -51.42770364468464 10.7
endloop
endfacet
facet normal 0 0 1
outer loop
vertex 161.00663488855494 -50.99358320049893 10.7
vertex 161.04461550602605 -51.42770364468464 10.7
vertex 161.075 -51.77499999999982 10.7
endloop
endfacet
facet normal 0 0 1
outer loop
vertex 161.00663488855494 -50.99358320049893 10.7
vertex 161.075 -51.77499999999982 10.7
vertex 161.075 -51.774999999999984 0
endloop
endfacet
facet normal 0 0 1
outer loop
vertex 161.00663488855494 -50.99358320049893 10.7
vertex 161.075 -51.774999999999984 0
vertex 161.00663488855494 -50.993583200498925 0
endloop
endfacet
facet normal 0 0 -1
outer loop
vertex 160.80361679353658 -50.23590935503453 10.7
vertex 160.8054929091346 -50.24291111376726 10.7
vertex 160.87154604709406 -50.48942478063131 10.7
endloop
endfacet
facet normal 0 0 -1
outer loop
vertex 160.80361679353658 -50.23590935503453 10.7
vertex 160.87154604709406 -50.48942478063131 10.7
vertex 160.9480656965028 -50.77500000000208 10.7
endloop
endfacet
facet normal 0 0 -1
outer loop
vertex 160.80361679353658 -50.23590935503453 10.7
vertex 160.9480656965028 -50.77500000000208 10.7
vertex 161.00663488855494 -50.99358320049893 10.7
endloop
endfacet
facet normal 0 0 -1
outer loop
vertex 160.80361679353658 -50.23590935503453 10.7
vertex 161.00663488855494 -50.99358320049893 10.7
vertex 161.00663488855494 -50.993583200498925 0
endloop
endfacet
facet normal 0 0 -1
outer loop
vertex 160.80361679353658 -50.23590935503453 10.7
vertex 161.00663488855494 -50.993583200498925 0
vertex 160.80361679353655 -50.23590935503446 0
endloop
endfacet
facet normal 0 0 -1
outer loop
vertex 160.47211431702996 -49.52499999999995 10.7
vertex 160.5886912315687 -49.77499999999999 10.7
vertex 160.6028597537984 -49.80538449397504 10.7
endloop
endfacet
facet normal 0 0 -1
outer loop
vertex 160.47211431702996 -49.52499999999995 10.7
vertex 160.6028597537984 -49.80538449397504 10.7
vertex 160.6449348171106 -49.89561475842887 10.7
endloop
endfacet
facet normal 0 0 -1
outer loop
vertex 160.47211431702996 -49.52499999999995 10.7
vertex 160.6449348171106 -49.89561475842887 10.7
vertex 160.71363799199537 -50.042949192430235 10.7
endloop
endfacet
facet normal 0 0 -1
outer loop
vertex 160.47211431702996 -49.52499999999995 10.7
vertex 160.71363799199537 -50.042949192430235 10.7
vertex 160.80361679353658 -50.23590935503453 10.7
endloop
endfacet
facet normal 0 0 -1
outer loop
vertex 160.47211431702996 -49.52499999999995 10.7
vertex 160.80361679353658 -50.23590935503453 10.7
vertex 160.80361679353655 -50.23590935503446 0
endloop
endfacet
facet normal 0 0 -1
outer loop
vertex 160.47211431702996 -49.52499999999995 10.7
vertex 160.80361679353655 -50.23590935503446 0
vertex 160.47211431703002 -49.52500000000006 0
endloop
endfacet
facet normal 0.8191520442890001 0.5735764363510342 0
outer loop
vertex 160.0221999940355 -48.88245575641068 10.7
vertex 160.47211431702996 -49.52499999999995 10.7
vertex 160.47211431703002 -49.52500000000006 0
endloop
endfacet
facet normal 0.8191520442890001 0.5735764363510342 0
outer loop
vertex 160.0221999940355 -48.88245575641068 10.7
vertex 160.47211431703002 -49.52500000000006 0
vertex 160.02219999403542 -48.88245575641059 0
endloop
endfacet
facet normal 0.7071067811865617 0.7071067811865333 0
outer loop
vertex 159.46754424358943 -48.327800005964576 10.7
vertex 160.0221999940355 -48.88245575641068 10.7
vertex 160.02219999403542 -48.88245575641059 0
endloop
endfacet
facet normal 0.7071067811865617 0.7071067811865333 0
outer loop
vertex 159.46754424358943 -48.327800005964576 10.7
vertex 160.02219999403542 -48.88245575641059 0
vertex 159.4675442435894 -48.327800005964576 0
endloop
endfacet
facet normal 0.5735764363510261 0.8191520442890059 0
outer loop
vertex 158.8250000000001 -47.87788568297009 10.7
vertex 159.46754424358943 -48.327800005964576 10.7
vertex 159.4675442435894 -48.327800005964576 0
endloop
endfacet
facet normal 0.5735764363510261 0.8191520442890059 0
outer loop
vertex 158.8250000000001 -47.87788568297009 10.7
vertex 159.4675442435894 -48.327800005964576 0
vertex 158.82500000000002 -47.87788568297003 0
endloop
endfacet
facet normal 0.4226182617406989 0.9063077870366503 0
outer loop
vertex 158.1140906449655 -47.54638320646342 10.7
vertex 158.8250000000001 -47.87788568297009 10.7
vertex 158.82500000000002 -47.87788568297003 0
endloop
endfacet
facet normal 0.4226182617406989 0.9063077870366503 0
outer loop
vertex 158.1140906449655 -47.54638320646342 10.7
vertex 158.82500000000002 -47.87788568297003 0
vertex 158.1140906449655 -47.54638320646342 0
endloop
endfacet
facet normal 0.2588190451025066 0.9659258262890722 0
outer loop
vertex 157.35641679950115 -47.34336511144505 10.7
vertex 158.1140906449655 -47.54638320646342 10.7
vertex 158.1140906449655 -47.54638320646342 0
endloop
endfacet
facet normal 0.2588190451025066 0.9659258262890722 0
outer loop
vertex 157.35641679950115 -47.34336511144505 10.7
vertex 158.1140906449655 -47.54638320646342 0
vertex 157.3564167995012 -47.34336511144507 0
endloop
endfacet
facet normal 0.08715574274765459 0.996194698091746 0
outer loop
vertex 156.57499999999996 -47.275000000000006 10.7
vertex 157.35641679950115 -47.34336511144505 10.7
vertex 157.3564167995012 -47.34336511144507 0
endloop
endfacet
facet normal 0.08715574274765459 0.996194698091746 0
outer loop
vertex 156.57499999999996 -47.275000000000006 10.7
vertex 157.3564167995012 -47.34336511144507 0
vertex 156.57499999999993 -47.275000000000006 0
endloop
endfacet
facet normal 0 1 0
outer loop
vertex 156.57499999999996 -47.275000000000006 10.7
vertex 156.57499999999993 -47.275000000000006 0
vertex 100.42500000000005 -47.275000000000006 0
endloop
endfacet
facet normal 0 1 0
outer loop
vertex 156.57499999999996 -47.275000000000006 10.7
vertex 100.42500000000005 -47.275000000000006 0
vertex 100.42500000000007 -47.275000000000006 10.7
endloop
endfacet
facet normal -0.08715574274765456 0.996194698091746 0
outer loop
vertex 99.64358320049887 -47.34336511144505 10.7
vertex 100.42500000000007 -47.275000000000006 10.7
vertex 100.42500000000005 -47.275000000000006 0
endloop
endfacet
facet normal -0.08715574274765456 0.996194698091746 0
outer loop
vertex 99.64358320049887 -47.34336511144505 10.7
vertex 100.42500000000005 -47.275000000000006 0
vertex 99.64358320049881 -47.34336511144507 0
endloop
endfacet
facet normal -0.2588190451025271 0.9659258262890666 0
outer loop
vertex 98.88590935503441 -47.54638320646342 10.7
vertex 99.64358320049887 -47.34336511144505 10.7
vertex 99.64358320049881 -47.34336511144507 0
endloop
endfacet
facet normal -0.2588190451025271 0.9659258262890666 0
outer loop
vertex 98.88590935503441 -47.54638320646342 10.7
vertex 99.64358320049881 -47.34336511144507 0
vertex 98.88590935503449 -47.54638320646342 0
endloop
endfacet
facet normal -0.4226182617406946 0.9063077870366524 0
outer loop
vertex 98.17500000000003 -47.87788568297009 10.7
vertex 98.88590935503441 -47.54638320646342 10.7
vertex 98.88590935503449 -47.54638320646342 0
endloop
endfacet
facet normal -0.4226182617406946 0.9063077870366524 0
outer loop
vertex 98.17500000000003 -47.87788568297009 10.7
vertex 98.88590935503449 -47.54638320646342 0
vertex 98.17499999999991 -47.87788568297003 0
endloop
endfacet
facet normal -0.573576436351047 0.8191520442889912 0
outer loop
vertex 97.53245575641056 -48.327800005964576 10.7
vertex 98.17500000000003 -47.87788568297009 10.7
vertex 98.17499999999991 -47.87788568297003 0
endloop
endfacet
facet normal -0.573576436351047 0.8191520442889912 0
outer loop
vertex 97.53245575641056 -48.327800005964576 10.7
vertex 98.17499999999991 -47.87788568297003 0
vertex 97.53245575641061 -48.327800005964576 0
endloop
endfacet
facet normal -0.7071067811865405 0.7071067811865547 0
outer loop
vertex 96.97780000596458 -48.88245575641068 10.7
vertex 97.53245575641056 -48.327800005964576 10.7
vertex 97.53245575641061 -48.327800005964576 0
endloop
endfacet
facet normal -0.7071067811865405 0.7071067811865547 0
outer loop
vertex 96.97780000596458 -48.88245575641068 10.7
vertex 97.53245575641061 -48.327800005964576 0
vertex 96.97780000596458 -48.88245575641059 0
endloop
endfacet
facet normal -0.8191520442890001 0.5735764363510342 0
outer loop
vertex 96.52788568297007 -49.52499999999995 10.7
vertex 96.97780000596458 -48.88245575641068 10.7
vertex 96.97780000596458 -48.88245575641059 0
endloop
endfacet
facet normal -0.8191520442890001 0.5735764363510342 0
outer loop
vertex 96.52788568297007 -49.52499999999995 10.7
vertex 96.97780000596458 -48.88245575641059 0
vertex 96.52788568297005 -49.52500000000006 0
endloop
endfacet
facet normal 0 0 -1
outer loop
vertex 96.1963832064634 -50.23590935503453 10.7
vertex 96.28636200800462 -50.042949192430235 10.7
vertex 96.35506518288939 -49.89561475842887 10.7
endloop
endfacet
facet normal 0 0 -1
outer loop
vertex 96.1963832064634 -50.23590935503453 10.7
vertex 96.35506518288939 -49.89561475842887 10.7
vertex 96.39714024620156 -49.80538449397504 10.7
endloop
endfacet
facet normal 0 0 -1
outer loop
vertex 96.1963832064634 -50.23590935503453 10.7
vertex 96.39714024620156 -49.80538449397504 10.7
vertex 96.4113087684313 -49.77499999999999 10.7
endloop
endfacet
facet normal 0 0 -1
outer loop
vertex 96.1963832064634 -50.23590935503453 10.7
vertex 96.4113087684313 -49.77499999999999 10.7
vertex 96.52788568297007 -49.52499999999995 10.7
endloop
endfacet
facet normal 0 0 -1
outer loop
vertex 96.1963832064634 -50.23590935503453 10.7
vertex 96.52788568297007 -49.52499999999995 10.7
vertex 96.52788568297005 -49.52500000000006 0
endloop
endfacet
facet normal 0 0 -1
outer loop
vertex 96.1963832064634 -50.23590935503453 10.7
vertex 96.52788568297005 -49.52500000000006 0
vertex 96.1963832064634 -50.23590935503446 0
endloop
endfacet
facet normal 0 0 -1
outer loop
vertex 95.99336511144504 -50.99358320049893 10.7
vertex 96.05193430349716 -50.77500000000208 10.7
vertex 96.1284539529059 -50.48942478063131 10.7
endloop
endfacet
facet normal 0 0 -1
outer loop
vertex 95.99336511144504 -50.99358320049893 10.7
vertex 96.1284539529059 -50.48942478063131 10.7
vertex 96.19450709086536 -50.24291111376726 10.7
endloop
endfacet
facet normal 0 0 -1
outer loop
vertex 95.99336511144504 -50.99358320049893 10.7
vertex 96.19450709086536 -50.24291111376726 10.7
vertex 96.1963832064634 -50.23590935503453 10.7
endloop
endfacet
facet normal 0 0 -1
outer loop
vertex 95.99336511144504 -50.99358320049893 10.7
vertex 96.1963832064634 -50.23590935503453 10.7
vertex 96.1963832064634 -50.23590935503446 0
endloop
endfacet
facet normal 0 0 -1
outer loop
vertex 95.99336511144504 -50.99358320049893 10.7
vertex 96.1963832064634 -50.23590935503446 0
vertex 95.99336511144504 -50.993583200498925 0
endloop
endfacet
facet normal 0 0 1
outer loop
vertex 95.925 -51.77499999999982 10.7
vertex 95.95538449397395 -51.42770364468464 10.7
vertex 95.98484577047736 -51.09095971334452 10.7
endloop
endfacet
facet normal 0 0 1
outer loop
vertex 95.925 -51.77499999999982 10.7
vertex 95.98484577047736 -51.09095971334452 10.7
vertex 95.99336511144504 -50.99358320049893 10.7
endloop
endfacet
facet normal 0 0 1
outer loop
vertex 95.925 -51.77499999999982 10.7
vertex 95.99336511144504 -50.99358320049893 10.7
vertex 95.99336511144504 -50.993583200498925 0
endloop
endfacet
facet normal 0 0 1
outer loop
vertex 95.925 -51.77499999999982 10.7
vertex 95.99336511144504 -50.993583200498925 0
vertex 95.925 -51.774999999999984 0
endloop
endfacet
facet normal -1 0 0
outer loop
vertex 95.925 -51.77499999999982 10.7
vertex 95.925 -51.774999999999984 0
vertex 95.925 -66.99999999999999 0
endloop
endfacet
facet normal -1 0 0
outer loop
vertex 95.925 -51.77499999999982 10.7
vertex 95.925 -66.99999999999999 0
vertex 95.925 -66.99999999999976 10.7
endloop
endfacet
facet normal -0.996194698091746 0.08715574274765456 0
outer loop
vertex 95.8946155060244 -67.34729635533392 10.7
vertex 95.925 -66.99999999999976 10.7
vertex 95.925 -66.99999999999999 0
endloop
endfacet
facet normal -0.996194698091746 0.08715574274765456 0
outer loop
vertex 95.8946155060244 -67.34729635533392 10.7
vertex 95.925 -66.99999999999999 0
vertex 95.89461550602441 -67.34729635533385 0
endloop
endfacet
facet normal -0.9659258262890629 0.2588190451025413 0
outer loop
vertex 95.80438524157184 -67.6840402866514 10.7
vertex 95.8946155060244 -67.34729635533392 10.7
vertex 95.89461550602441 -67.34729635533385 0
endloop
endfacet
facet normal -0.9659258262890629 0.2588190451025413 0
outer loop
vertex 95.80438524157184 -67.6840402866514 10.7
vertex 95.89461550602441 -67.34729635533385 0
vertex 95.80438524157181 -67.68404028665137 0
endloop
endfacet
facet normal -0.9063077870366657 0.42261826174066586 0
outer loop
vertex 95.65705080756892 -67.99999999999989 10.7
vertex 95.80438524157184 -67.6840402866514 10.7
vertex 95.80438524157181 -67.68404028665137 0
endloop
endfacet
facet normal -0.9063077870366657 0.42261826174066586 0
outer loop
vertex 95.65705080756892 -67.99999999999989 10.7
vertex 95.80438524157181 -67.68404028665137 0
vertex 95.65705080756891 -67.99999999999997 0
endloop
endfacet
facet normal -0.8191520442889821 0.5735764363510599 0
outer loop
vertex 95.45708888623794 -68.28557521937303 10.7
vertex 95.65705080756892 -67.99999999999989 10.7
vertex 95.65705080756891 -67.99999999999997 0
endloop
endfacet
facet normal -0.8191520442889821 0.5735764363510599 0
outer loop
vertex 95.45708888623794 -68.28557521937303 10.7
vertex 95.65705080756891 -67.99999999999997 0
vertex 95.45708888623798 -68.28557521937309 0
endloop
endfacet
facet normal -0.7071067811865547 0.7071067811865405 0
outer loop
vertex 95.21057521937306 -68.53208888623799 10.7
vertex 95.45708888623794 -68.28557521937303 10.7
vertex 95.45708888623798 -68.28557521937309 0
endloop
endfacet
facet normal -0.7071067811865547 0.7071067811865405 0
outer loop
vertex 95.21057521937306 -68.53208888623799 10.7
vertex 95.45708888623798 -68.28557521937309 0
vertex 95.21057521937301 -68.53208888623801 0
endloop
endfacet
facet normal -0.5735764363510599 0.8191520442889821 0
outer loop
vertex 94.92500000000007 -68.7320508075689 10.7
vertex 95.21057521937306 -68.53208888623799 10.7
vertex 95.21057521937301 -68.53208888623801 0
endloop
endfacet
facet normal -0.5735764363510599 0.8191520442889821 0
outer loop
vertex 94.92500000000007 -68.7320508075689 10.7
vertex 95.21057521937301 -68.53208888623801 0
vertex 94.92500000000008 -68.73205080756885 0
endloop
endfacet
facet normal -0.42261826174068023 0.906307787036659 0
outer loop
vertex 94.6090402866513 -68.87938524157185 10.7
vertex 94.92500000000007 -68.7320508075689 10.7
vertex 94.92500000000008 -68.73205080756885 0
endloop
endfacet
facet normal -0.42261826174068023 0.906307787036659 0
outer loop
vertex 94.6090402866513 -68.87938524157185 10.7
vertex 94.92500000000008 -68.73205080756885 0
vertex 94.60904028665124 -68.87938524157184 0
endloop
endfacet
facet normal -0.2588190451025271 0.9659258262890666 0
outer loop
vertex 94.27229635533384 -68.96961550602441 10.7
vertex 94.6090402866513 -68.87938524157185 10.7
vertex 94.60904028665124 -68.87938524157184 0
endloop
endfacet
facet normal -0.2588190451025271 0.9659258262890666 0
outer loop
vertex 94.27229635533384 -68.96961550602441 10.7
vertex 94.60904028665124 -68.87938524157184 0
vertex 94.27229635533389 -68.96961550602441 0
endloop
endfacet
facet normal -0.08715574274766881 0.9961946980917447 0
outer loop
vertex 93.92499999999998 -69 10.7
vertex 94.27229635533384 -68.96961550602441 10.7
vertex 94.27229635533389 -68.96961550602441 0
endloop
endfacet
facet normal -0.08715574274766881 0.9961946980917447 0
outer loop
vertex 93.92499999999998 -69 10.7
vertex 94.27229635533389 -68.96961550602441 0
vertex 93.92500000000001 -69 0
endloop
endfacet
facet normal -0.08715574274765456 0.996194698091746 0
outer loop
vertex 90.71858320049877 -69.06836511144508 10.7
vertex 91.49999999999996 -69 10.7
vertex 91.50000000000006 -69 0
endloop
endfacet
facet normal -0.08715574274765456 0.996194698091746 0
outer loop
vertex 90.71858320049877 -69.06836511144508 10.7
vertex 91.50000000000006 -69 0
vertex 90.71858320049884 -69.06836511144506 0
endloop
endfacet
facet normal -0.2588190451025271 0.9659258262890666 0
outer loop
vertex 89.96090935503443 -69.27138320646343 10.7
vertex 90.71858320049877 -69.06836511144508 10.7
vertex 90.71858320049884 -69.06836511144506 0
endloop
endfacet
facet normal -0.2588190451025271 0.9659258262890666 0
outer loop
vertex 89.96090935503443 -69.27138320646343 10.7
vertex 90.71858320049884 -69.06836511144506 0
vertex 89.96090935503445 -69.27138320646343 0
endloop
endfacet
facet normal -0.42261826174069467 0.9063077870366523 0
outer loop
vertex 89.25000000000003 -69.60288568297 10.7
vertex 89.96090935503443 -69.27138320646343 10.7
vertex 89.96090935503445 -69.27138320646343 0
endloop
endfacet
facet normal -0.42261826174069467 0.9063077870366523 0
outer loop
vertex 89.25000000000003 -69.60288568297 10.7
vertex 89.96090935503445 -69.27138320646343 0
vertex 89.25000000000003 -69.60288568297001 0
endloop
endfacet
facet normal -0.573576436351047 0.8191520442889911 0
outer loop
vertex 88.60745575641066 -70.05280000596453 10.7
vertex 89.25000000000003 -69.60288568297 10.7
vertex 89.25000000000003 -69.60288568297001 0
endloop
endfacet
facet normal -0.573576436351047 0.8191520442889911 0
outer loop
vertex 88.60745575641066 -70.05280000596453 10.7
vertex 89.25000000000003 -69.60288568297001 0
vertex 88.60745575641053 -70.05280000596464 0
endloop
endfacet
facet normal -0.7071067811865547 0.7071067811865405 0
outer loop
vertex 88.0528000059646 -70.60745575641059 10.7
vertex 88.60745575641066 -70.05280000596453 10.7
vertex 88.60745575641053 -70.05280000596464 0
endloop
endfacet
facet normal -0.7071067811865547 0.7071067811865405 0
outer loop
vertex 88.0528000059646 -70.60745575641059 10.7
vertex 88.60745575641053 -70.05280000596464 0
vertex 88.0528000059646 -70.60745575641059 0
endloop
endfacet
facet normal -0.8191520442889912 0.573576436351047 0
outer loop
vertex 87.60288568297001 -71.25000000000003 10.7
vertex 88.0528000059646 -70.60745575641059 10.7
vertex 88.0528000059646 -70.60745575641059 0
endloop
endfacet
facet normal -0.8191520442889912 0.573576436351047 0
outer loop
vertex 87.60288568297001 -71.25000000000003 10.7
vertex 88.0528000059646 -70.60745575641059 0
vertex 87.60288568296998 -71.25000000000009 0
endloop
endfacet
facet normal 0 0 -1
outer loop
vertex 87.27138320646338 -71.96090935503456 10.7
vertex 87.3613620080046 -71.76794919243024 10.7
vertex 87.43006518288921 -71.62061475842924 10.7
endloop
endfacet
facet normal 0 0 -1
outer loop
vertex 87.27138320646338 -71.96090935503456 10.7
vertex 87.43006518288921 -71.62061475842924 10.7
vertex 87.47214024620165 -71.53038449397484 10.7
endloop
endfacet
facet normal 0 0 -1
outer loop
vertex 87.27138320646338 -71.96090935503456 10.7
vertex 87.47214024620165 -71.53038449397484 10.7
vertex 87.48630876843127 -71.5 10.7
endloop
endfacet
facet normal 0 0 -1
outer loop
vertex 87.27138320646338 -71.96090935503456 10.7
vertex 87.48630876843127 -71.5 10.7
vertex 87.60288568297001 -71.25000000000003 10.7
endloop
endfacet
facet normal 0 0 -1
outer loop
vertex 87.27138320646338 -71.96090935503456 10.7
vertex 87.60288568297001 -71.25000000000003 10.7
vertex 87.60288568296998 -71.25000000000009 0
endloop
endfacet
facet normal 0 0 -1
outer loop
vertex 87.27138320646338 -71.96090935503456 10.7
vertex 87.60288568296998 -71.25000000000009 0
vertex 87.27138320646337 -71.96090935503459 0
endloop
endfacet
facet normal 0 0 1
outer loop
vertex 87.06836511144505 -72.71858320049881 10.7
vertex 87.12693430349864 -72.49999999999656 10.7
vertex 87.20345395290487 -72.21442478063514 10.7
endloop
endfacet
facet normal 0 0 1
outer loop
vertex 87.06836511144505 -72.71858320049881 10.7
vertex 87.20345395290487 -72.21442478063514 10.7
vertex 87.26950709086671 -71.96791111376223 10.7
endloop
endfacet
facet normal 0 0 1
outer loop
vertex 87.06836511144505 -72.71858320049881 10.7
vertex 87.26950709086671 -71.96791111376223 10.7
vertex 87.27138320646338 -71.96090935503456 10.7
endloop
endfacet
facet normal 0 0 1
outer loop
vertex 87.06836511144505 -72.71858320049881 10.7
vertex 87.27138320646338 -71.96090935503456 10.7
vertex 87.27138320646337 -71.96090935503459 0
endloop
endfacet
facet normal 0 0 1
outer loop
vertex 87.06836511144505 -72.71858320049881 10.7
vertex 87.27138320646337 -71.96090935503459 0
vertex 87.06836511144506 -72.71858320049873 0
endloop
endfacet
facet normal 0 0 1
outer loop
vertex 87 -73.49999999999984 10.7
vertex 87.03038449397562 -73.15270364466559 10.7
vertex 87.05984577047596 -72.81595971336054 10.7
endloop
endfacet
facet normal 0 0 1
outer loop
vertex 87 -73.49999999999984 10.7
vertex 87.05984577047596 -72.81595971336054 10.7
vertex 87.06836511144505 -72.71858320049881 10.7
endloop
endfacet
facet normal 0 0 1
outer loop
vertex 87 -73.49999999999984 10.7
vertex 87.06836511144505 -72.71858320049881 10.7
vertex 87.06836511144506 -72.71858320049873 0
endloop
endfacet
facet normal 0 0 1
outer loop
vertex 87 -73.49999999999984 10.7
vertex 87.06836511144506 -72.71858320049873 0
vertex 87 -73.49999999999991 0
endloop
endfacet
facet normal 0.9972041161132561 0.07472583761176567 0
outer loop
vertex 89.5 -128.4999953999988 10.7
vertex 89.52233717320816 -128.79808133355817 10.7
vertex 89.52233717320816 -128.7980813335582 1.5
endloop
endfacet
facet normal 0.9972041161132561 0.07472583761176567 0
outer loop
vertex 89.5 -128.4999953999988 10.7
vertex 89.52233717320816 -128.7980813335582 1.5
vertex 89.5 -128.49999539999882 1.5
endloop
endfacet
facet normal 0.9749287157663924 0.22251741319297486 0
outer loop
vertex 89.52233717320816 -128.79808133355817 10.7
vertex 89.58885245305206 -129.08950866693644 10.7
vertex 89.58885245305204 -129.08950866693638 1.5
endloop
endfacet
facet normal 0.9749287157663924 0.22251741319297486 0
outer loop
vertex 89.52233717320816 -128.79808133355817 10.7
vertex 89.58885245305204 -129.08950866693638 1.5
vertex 89.52233717320816 -128.7980813335582 1.5
endloop
endfacet
facet normal 0.9308748281138897 0.3653382739105453 0
outer loop
vertex 89.58885245305206 -129.08950866693644 10.7
vertex 89.69805998507617 -129.3677673380402 10.7
vertex 89.6980599850762 -129.36776733804024 1.5
endloop
endfacet
facet normal 0.9308748281138897 0.3653382739105453 0
outer loop
vertex 89.58885245305206 -129.08950866693644 10.7
vertex 89.6980599850762 -129.36776733804024 1.5
vertex 89.58885245305204 -129.08950866693638 1.5
endloop
endfacet
facet normal 0.8660265528314515 0.49999800978691233 0
outer loop
vertex 89.69805998507617 -129.3677673380402 10.7
vertex 89.84752023209853 -129.62664145349774 10.7
vertex 89.84752023209856 -129.62664145349777 1.5
endloop
endfacet
facet normal 0.8660265528314515 0.49999800978691233 0
outer loop
vertex 89.69805998507617 -129.3677673380402 10.7
vertex 89.84752023209856 -129.62664145349777 1.5
vertex 89.6980599850762 -129.36776733804024 1.5
endloop
endfacet
facet normal 0.7818325059226929 0.6234885184850177 0
outer loop
vertex 89.84752023209853 -129.62664145349774 10.7
vertex 90.03389446992848 -129.86034814268598 10.7
vertex 90.03389446992853 -129.86034814268604 1.5
endloop
endfacet
facet normal 0.7818325059226929 0.6234885184850177 0
outer loop
vertex 89.84752023209853 -129.62664145349774 10.7
vertex 90.03389446992853 -129.86034814268604 1.5
vertex 89.84752023209856 -129.62664145349777 1.5
endloop
endfacet
facet normal 0.6801734597478355 0.7330512019324841 0
outer loop
vertex 90.03389446992848 -129.86034814268598 10.7
vertex 90.25301936957159 -130.0636667385961 10.7
vertex 90.25301936957163 -130.06366673859617 1.5
endloop
endfacet
facet normal 0.6801734597478355 0.7330512019324841 0
outer loop
vertex 90.03389446992848 -129.86034814268598 10.7
vertex 90.25301936957163 -130.06366673859617 1.5
vertex 90.03389446992853 -129.86034814268604 1.5
endloop
endfacet
facet normal 0.5633098238021154 0.8262457518244979 -2.553461281790147e-15
outer loop
vertex 90.25301936957159 -130.0636667385961 10.7
vertex 90.5 -130.2320507999991 10.7
vertex 90.5 -130.23205079999912 1.5
endloop
endfacet
facet normal 0.5633098238021154 0.8262457518244979 -2.553461281790147e-15
outer loop
vertex 90.25301936957159 -130.0636667385961 10.7
vertex 90.5 -130.23205079999912 1.5
vertex 90.49999149273602 -130.232045 1.5
endloop
endfacet
facet normal 0.5633098238021154 0.8262457518244979 -2.553461281790147e-15
outer loop
vertex 90.25301936957159 -130.0636667385961 10.7
vertex 90.49999149273602 -130.232045 1.5
vertex 90.25301936957163 -130.06366673859617 1.5
endloop
endfacet
facet normal 0.5633197391347252 -0.8262389917579449 0
outer loop
vertex 90.5 -133.51795500000006 10.7
vertex 90.25302160337795 -133.68634188000078 10.7
vertex 90.2530216033779 -133.6863418800008 1.5
endloop
endfacet
facet normal 0.5633197391347252 -0.8262389917579449 0
outer loop
vertex 90.5 -133.51795500000006 10.7
vertex 90.2530216033779 -133.6863418800008 1.5
vertex 90.5 -133.51795500000006 1.5
endloop
endfacet
facet normal 0.6801718889192617 -0.7330526594481488 0
outer loop
vertex 90.25302160337795 -133.68634188000078 10.7
vertex 90.03389835662384 -133.88965806844902 10.7
vertex 90.03389835662391 -133.88965806844897 1.5
endloop
endfacet
facet normal 0.6801718889192617 -0.7330526594481488 0
outer loop
vertex 90.25302160337795 -133.68634188000078 10.7
vertex 90.03389835662391 -133.88965806844897 1.5
vertex 90.2530216033779 -133.6863418800008 1.5
endloop
endfacet
facet normal 0.8660240528288484 -0.5000023399164207 0
outer loop
vertex 89.84752506054984 -134.12336186445833 10.7
vertex 89.69806494374538 -134.38223276516837 10.7
vertex 89.69806494374552 -134.3822327651681 1.5
endloop
endfacet
facet normal 0.8660240528288484 -0.5000023399164207 0
outer loop
vertex 89.84752506054984 -134.12336186445833 10.7
vertex 89.69806494374552 -134.3822327651681 1.5
vertex 89.84752506054984 -134.12336186445836 1.5
endloop
endfacet
facet normal 0.9749269673845647 -0.222525073343064 0
outer loop
vertex 89.58885666383807 -134.66048808202083 10.7
vertex 89.52233972821791 -134.9519121150506 10.7
vertex 89.52233972821793 -134.9519121150505 1.5
endloop
endfacet
facet normal 0.9749269673845647 -0.222525073343064 0
outer loop
vertex 89.58885666383807 -134.66048808202083 10.7
vertex 89.52233972821793 -134.9519121150505 1.5
vertex 89.58885666383803 -134.660488082021 1.5
endloop
endfacet
facet normal 0.9972035156105717 -0.07473385079009637 0
outer loop
vertex 89.52233972821791 -134.9519121150506 10.7
vertex 89.5 -135.25000000000045 10.7
vertex 89.50000000000047 -135.2500000000002 1.5
endloop
endfacet
facet normal 0.9972035156105717 -0.07473385079009637 0
outer loop
vertex 89.52233972821791 -134.9519121150506 10.7
vertex 89.50000000000047 -135.2500000000002 1.5
vertex 89.52233972821793 -134.9519121150505 1.5
endloop
endfacet
facet normal 0 0 -1
outer loop
vertex 89.5 -151.9106079867182 1.5
vertex 89.5 -151.3055041844315 1.5
vertex 89.5 -150.77512626584522 1.5
endloop
endfacet
facet normal 0 0 -1
outer loop
vertex 89.5 -151.9106079867182 1.5
vertex 89.5 -150.77512626584522 1.5
vertex 89.5 -150.33985635694054 1.5
endloop
endfacet
facet normal 0 0 -1
outer loop
vertex 89.5 -151.9106079867182 1.5
vertex 89.5 -150.33985635694054 1.5
vertex 89.5 -150.01642163620517 1.5
endloop
endfacet
facet normal 0 0 -1
outer loop
vertex 89.5 -151.9106079867182 1.5
vertex 89.5 -150.01642163620517 1.5
vertex 89.5 -149.81725151858933 1.5
endloop
endfacet
facet normal 0 0 -1
outer loop
vertex 89.5 -151.9106079867182 1.5
vertex 89.5 -149.81725151858933 1.5
vertex 89.5 -149.75000000000014 1.5
endloop
endfacet
facet normal 0 0 -1
outer loop
vertex 89.5 -151.9106079867182 1.5
vertex 89.5 -149.75000000000014 1.5
vertex 89.50000000000047 -135.2500000000002 1.5
endloop
endfacet
facet normal 0 0 -1
outer loop
vertex 89.5 -151.9106079867182 1.5
vertex 89.50000000000047 -135.2500000000002 1.5
vertex 89.5 -135.25000000000045 10.7
endloop
endfacet
facet normal 0 0 -1
outer loop
vertex 89.5 -151.9106079867182 1.5
vertex 89.5 -135.25000000000045 10.7
vertex 89.5 -152.24999999999994 10.7
endloop
endfacet
facet normal 0 0 -1
outer loop
vertex 89.5 -151.9106079867182 1.5
vertex 89.5 -152.24999999999994 10.7
vertex 89.5 -152.24999999999994 1.5
endloop
endfacet
facet normal 1 0 0
outer loop
vertex 89.5 -94.99999999999997 1.5
vertex 89.5 -94.9327484814102 1.5
vertex 89.5 -94.73357836379535 1.5
endloop
endfacet
facet normal 1 0 0
outer loop
vertex 89.5 -94.99999999999997 1.5
vertex 89.5 -94.73357836379535 1.5
vertex 89.5 -94.4101436430627 1.5
endloop
endfacet
facet normal 1 0 0
outer loop
vertex 89.5 -94.99999999999997 1.5
vertex 89.5 -94.4101436430627 1.5
vertex 89.5 -93.9748737341534 1.5
endloop
endfacet
facet normal 1 0 0
outer loop
vertex 89.5 -94.99999999999997 1.5
vertex 89.5 -93.9748737341534 1.5
vertex 89.5 -93.44449581556658 1.5
endloop
endfacet
facet normal 1 0 0
outer loop
vertex 89.5 -94.99999999999997 1.5
vertex 89.5 -93.44449581556658 1.5
vertex 89.5 -92.83939201328475 1.5
endloop
endfacet
facet normal 1 0 0
outer loop
vertex 89.5 -94.99999999999997 1.5
vertex 89.5 -92.83939201328475 1.5
vertex 89.5 -92.1828161270529 1.5
endloop
endfacet
facet normal 1 0 0
outer loop
vertex 89.5 -94.99999999999997 1.5
vertex 89.5 -92.1828161270529 1.5
vertex 89.5 -91.49999999999979 1.5
endloop
endfacet
facet normal 1 0 0
outer loop
vertex 89.5 -94.99999999999997 1.5
vertex 89.5 -91.49999999999979 1.5
vertex 89.5 -90.81718387294922 1.5
endloop
endfacet
facet normal 1 0 0
outer loop
vertex 89.5 -94.99999999999997 1.5
vertex 89.5 -90.81718387294922 1.5
vertex 89.5 -90.16060798671101 1.5
endloop
endfacet
facet normal 1 0 0
outer loop
vertex 89.5 -94.99999999999997 1.5
vertex 89.5 -90.16060798671101 1.5
vertex 89.5 -89.55550418444257 1.5
endloop
endfacet
facet normal 1 0 0
outer loop
vertex 89.5 -94.99999999999997 1.5
vertex 89.5 -89.55550418444257 1.5
vertex 89.5 -89.02512626584608 1.5
endloop
endfacet
facet normal 1 0 0
outer loop
vertex 89.5 -94.99999999999997 1.5
vertex 89.5 -89.02512626584608 1.5
vertex 89.5 -88.58985635694715 1.5
endloop
endfacet
facet normal 1 0 0
outer loop
vertex 89.5 -94.99999999999997 1.5
vertex 89.5 -88.58985635694715 1.5
vertex 89.5 -88.26642163621327 1.5
endloop
endfacet
facet normal 1 0 0
outer loop
vertex 89.5 -94.99999999999997 1.5
vertex 89.5 -88.26642163621327 1.5
vertex 89.5 -88.06725151858751 1.5
endloop
endfacet
facet normal 1 0 0
outer loop
vertex 89.5 -94.99999999999997 1.5
vertex 89.5 -88.06725151858751 1.5
vertex 89.5 -87.99999999999982 1.5
endloop
endfacet
facet normal 1 0 0
outer loop
vertex 89.5 -94.99999999999997 1.5
vertex 89.5 -87.99999999999982 1.5
vertex 89.5 -73.4999999999999 1.5
endloop
endfacet
facet normal 1 0 0
outer loop
vertex 89.5 -94.99999999999997 1.5
vertex 89.5 -73.4999999999999 1.5
vertex 89.5 -73.49999999999984 10.7
endloop
endfacet
facet normal 1 0 0
outer loop
vertex 89.5 -94.99999999999997 1.5
vertex 89.5 -73.49999999999984 10.7
vertex 89.5 -128.4999953999988 10.7
endloop
endfacet
facet normal 1 0 0
outer loop
vertex 89.5 -94.99999999999997 1.5
vertex 89.5 -128.4999953999988 10.7
vertex 89.5 -128.49999539999882 1.5
endloop
endfacet
facet normal 0.9961946980920123 0.08715574274460845 9.05186557922135e-14
outer loop
vertex 89.5 -152.24999999999994 10.7
vertex 89.53038449397303 -152.59729635531687 10.7
vertex 89.53038449397387 -152.5972963553169 1.5
endloop
endfacet
facet normal 0.9961946980920123 0.08715574274460845 9.05186557922135e-14
outer loop
vertex 89.5 -152.24999999999994 10.7
vertex 89.53038449397387 -152.5972963553169 1.5
vertex 89.52774999313588 -152.5671838729442 1.5
endloop
endfacet
facet normal 0.9961946980920123 0.08715574274460845 9.05186557922135e-14
outer loop
vertex 89.5 -152.24999999999994 10.7
vertex 89.52774999313588 -152.5671838729442 1.5
vertex 89.5 -152.24999999999994 1.5
endloop
endfacet
facet normal 0.9659258262890629 0.2588190451025413 0
outer loop
vertex 89.53038449397303 -152.59729635531687 10.7
vertex 89.62061475843558 -152.93404028666671 10.7
vertex 89.62061475843448 -152.93404028666671 1.5
endloop
endfacet
facet normal 0.9659258262890629 0.2588190451025413 0
outer loop
vertex 89.53038449397303 -152.59729635531687 10.7
vertex 89.62061475843448 -152.93404028666671 1.5
vertex 89.53038449397387 -152.5972963553169 1.5
endloop
endfacet
facet normal 0.9063077870366655 0.42261826174066613 0
outer loop
vertex 89.62061475843558 -152.93404028666671 10.7
vertex 89.76794919242597 -153.24999999999366 10.7
vertex 89.76794919242786 -153.2499999999936 1.5
endloop
endfacet
facet normal 0.9063077870366655 0.42261826174066613 0
outer loop
vertex 89.62061475843558 -152.93404028666671 10.7
vertex 89.76794919242786 -153.2499999999936 1.5
vertex 89.62061475843448 -152.93404028666671 1.5
endloop
endfacet
facet normal 0.8191520442889729 0.5735764363510734 0
outer loop
vertex 89.76794919242597 -153.24999999999366 10.7
vertex 89.96791111377154 -153.5355752193732 10.7
vertex 89.96791111376285 -153.5355752193732 1.5
endloop
endfacet
facet normal 0.8191520442889729 0.5735764363510734 0
outer loop
vertex 89.76794919242597 -153.24999999999366 10.7
vertex 89.96791111376285 -153.5355752193732 1.5
vertex 89.76794919242786 -153.2499999999936 1.5
endloop
endfacet
facet normal 0.7071067811865546 0.7071067811865404 0
outer loop
vertex 89.96791111377154 -153.5355752193732 10.7
vertex 90.21442478060024 -153.78208888623806 10.7
vertex 90.21442478062949 -153.7820888862381 1.5
endloop
endfacet
facet normal 0.7071067811865546 0.7071067811865404 0
outer loop
vertex 89.96791111377154 -153.5355752193732 10.7
vertex 90.21442478062949 -153.7820888862381 1.5
vertex 89.96791111376285 -153.5355752193732 1.5
endloop
endfacet
facet normal 0.5735764362963822 0.819152044327268 -1.788920367210896e-12
outer loop
vertex 90.21442478060024 -153.78208888623806 10.7
vertex 90.50000000001839 -153.98205080757214 10.7
vertex 90.49999999998965 -153.9820508075721 1.5
endloop
endfacet
facet normal 0.5735764362963822 0.819152044327268 -1.788920367210896e-12
outer loop
vertex 90.21442478060024 -153.78208888623806 10.7
vertex 90.49999999998965 -153.9820508075721 1.5
vertex 90.42968558915899 -153.93281612705323 1.5
endloop
endfacet
facet normal 0.5735764362963822 0.819152044327268 -1.788920367210896e-12
outer loop
vertex 90.21442478060024 -153.78208888623806 10.7
vertex 90.42968558915899 -153.93281612705323 1.5
vertex 90.21442478062949 -153.7820888862381 1.5
endloop
endfacet
facet normal 0.4226182617406946 0.9063077870366524 0
outer loop
vertex 90.50000000001839 -153.98205080757214 10.7
vertex 90.81595971334197 -154.12938524156613 10.7
vertex 90.81595971334328 -154.12938524156618 1.5
endloop
endfacet
facet normal 0.4226182617406946 0.9063077870366524 0
outer loop
vertex 90.50000000001839 -153.98205080757214 10.7
vertex 90.81595971334328 -154.12938524156618 1.5
vertex 90.49999999998965 -153.9820508075721 1.5
endloop
endfacet
facet normal 0.2588190451025413 0.9659258262890629 0
outer loop
vertex 90.81595971334197 -154.12938524156613 10.7
vertex 91.15270364467955 -154.2196155060228 10.7
vertex 91.15270364466919 -154.21961550602282 1.5
endloop
endfacet
facet normal 0.2588190451025413 0.9659258262890629 0
outer loop
vertex 90.81595971334197 -154.12938524156613 10.7
vertex 91.15270364466919 -154.21961550602282 1.5
vertex 90.81595971334328 -154.12938524156618 1.5
endloop
endfacet
facet normal 0.08715574274765463 0.9961946980917459 0
outer loop
vertex 91.15270364467955 -154.2196155060228 10.7
vertex 91.49999999997657 -154.25 10.7
vertex 91.49999999997684 -154.25 1.5
endloop
endfacet
facet normal 0.08715574274765463 0.9961946980917459 0
outer loop
vertex 91.15270364467955 -154.2196155060228 10.7
vertex 91.49999999997684 -154.25 1.5
vertex 91.15270364466919 -154.21961550602282 1.5
endloop
endfacet
facet normal 0 1 0
outer loop
vertex 94.69999999999999 -154.25 10.7
vertex 94.69999999999999 -154.25 1.5
vertex 91.49999999997684 -154.25 1.5
endloop
endfacet
facet normal 0 1 0
outer loop
vertex 94.69999999999999 -154.25 10.7
vertex 91.49999999997684 -154.25 1.5
vertex 91.49999999997657 -154.25 10.7
endloop
endfacet
facet normal 0 1 0
outer loop
vertex 165.49999999998124 -154.25 10.7
vertex 165.49999999998133 -154.25 1.5
vertex 162.30000000000052 -154.25 1.5
endloop
endfacet
facet normal 0 1 0
outer loop
vertex 165.49999999998124 -154.25 10.7
vertex 162.30000000000052 -154.25 1.5
vertex 162.30000000000052 -154.25 10.7
endloop
endfacet
facet normal 0.9501457702346572 0.3118060539906017 0
outer loop
vertex 98.71390499998034 -164.28476984995118 10.7
vertex 98.87199109527823 -164.7664950533519 10.7
vertex 98.87199109527823 -164.76649505335195 1.5
endloop
endfacet
facet normal 0.9501457702346572 0.3118060539906017 0
outer loop
vertex 98.71390499998034 -164.28476984995118 10.7
vertex 98.87199109527823 -164.76649505335195 1.5
vertex 98.71390499998023 -164.2847698499509 1.5
endloop
endfacet
facet normal 0 0 -1
outer loop
vertex 98.87199109527823 -164.7664950533519 10.7
vertex 98.95802943558161 -165.21324485000014 10.7
vertex 98.96787122075159 -165.264347829298 10.7
endloop
endfacet
facet normal 0 0 -1
outer loop
vertex 98.87199109527823 -164.7664950533519 10.7
vertex 98.96787122075159 -165.264347829298 10.7
vertex 98.96787122075159 -165.2643478292981 1.5
endloop
endfacet
facet normal 0 0 -1
outer loop
vertex 98.87199109527823 -164.7664950533519 10.7
vertex 98.96787122075159 -165.2643478292981 1.5
vertex 98.87199109527823 -164.76649505335195 1.5
endloop
endfacet
facet normal 0 0 1
outer loop
vertex 98.96787122075159 -165.264347829298 10.7
vertex 98.97609690778243 -165.39389051996474 10.7
vertex 98.98795152453762 -165.58058361265492 10.7
endloop
endfacet
facet normal 0 0 1
outer loop
vertex 98.96787122075159 -165.264347829298 10.7
vertex 98.98795152453762 -165.58058361265492 10.7
vertex 99 -165.77032970000016 10.7
endloop
endfacet
facet normal 0 0 1
outer loop
vertex 98.96787122075159 -165.264347829298 10.7
vertex 99 -165.77032970000016 10.7
vertex 99 -165.7703296999999 1.5
endloop
endfacet
facet normal 0 0 1
outer loop
vertex 98.96787122075159 -165.264347829298 10.7
vertex 99 -165.7703296999999 1.5
vertex 98.96787122075159 -165.2643478292981 1.5
endloop
endfacet
facet normal 0.996194698091746 0.08715574274765456 0
outer loop
vertex 99 -176.00000000000003 10.7
vertex 99.03038449397317 -176.34729635532153 10.7
vertex 99.03038449397422 -176.3472963553216 1.5
endloop
endfacet
facet normal 0.996194698091746 0.08715574274765456 0
outer loop
vertex 99 -176.00000000000003 10.7
vertex 99.03038449397422 -176.3472963553216 1.5
vertex 99 -176.0000000000001 1.5
endloop
endfacet
facet normal 0.9659258262890629 0.2588190451025413 0
outer loop
vertex 99.03038449397317 -176.34729635532153 10.7
vertex 99.12061475842964 -176.68404028665344 10.7
vertex 99.12061475842965 -176.68404028665347 1.5
endloop
endfacet
facet normal 0.9659258262890629 0.2588190451025413 0
outer loop
vertex 99.03038449397317 -176.34729635532153 10.7
vertex 99.12061475842965 -176.68404028665347 1.5
vertex 99.03038449397422 -176.3472963553216 1.5
endloop
endfacet
facet normal 0.9063077870366605 0.422618261740677 0
outer loop
vertex 99.12061475842964 -176.68404028665344 10.7
vertex 99.2679491924328 -177.00000000000256 10.7
vertex 99.26794919243275 -177.00000000000247 1.5
endloop
endfacet
facet normal 0.9063077870366605 0.422618261740677 0
outer loop
vertex 99.12061475842964 -176.68404028665344 10.7
vertex 99.26794919243275 -177.00000000000247 1.5
vertex 99.12061475842965 -176.68404028665347 1.5
endloop
endfacet
facet normal 0.8191520442889729 0.5735764363510734 0
outer loop
vertex 99.2679491924328 -177.00000000000256 10.7
vertex 99.46791111375504 -177.28557521936324 10.7
vertex 99.46791111375502 -177.28557521936318 1.5
endloop
endfacet
facet normal 0.8191520442889729 0.5735764363510734 0
outer loop
vertex 99.2679491924328 -177.00000000000256 10.7
vertex 99.46791111375502 -177.28557521936318 1.5
vertex 99.26794919243275 -177.00000000000247 1.5
endloop
endfacet
facet normal 0.7071067811865333 0.7071067811865617 0
outer loop
vertex 99.46791111375504 -177.28557521936324 10.7
vertex 99.71442478063538 -177.53208888624357 10.7
vertex 99.71442478063545 -177.53208888624363 1.5
endloop
endfacet
facet normal 0.7071067811865333 0.7071067811865617 0
outer loop
vertex 99.46791111375504 -177.28557521936324 10.7
vertex 99.71442478063545 -177.53208888624363 1.5
vertex 99.46791111375502 -177.28557521936318 1.5
endloop
endfacet
facet normal 0.5735764363510599 0.8191520442889821 0
outer loop
vertex 99.71442478063538 -177.53208888624357 10.7
vertex 100.00000000000435 -177.73205080757162 10.7
vertex 100.00000000000423 -177.73205080757154 1.5
endloop
endfacet
facet normal 0.5735764363510599 0.8191520442889821 0
outer loop
vertex 99.71442478063538 -177.53208888624357 10.7
vertex 100.00000000000423 -177.73205080757154 1.5
vertex 99.71442478063545 -177.53208888624363 1.5
endloop
endfacet
facet normal 0.4226182617407234 0.9063077870366388 0
outer loop
vertex 100.00000000000435 -177.73205080757162 10.7
vertex 100.31595971334949 -177.87938524156766 10.7
vertex 100.31595971333975 -177.87938524156763 1.5
endloop
endfacet
facet normal 0.4226182617407234 0.9063077870366388 0
outer loop
vertex 100.00000000000435 -177.73205080757162 10.7
vertex 100.31595971333975 -177.87938524156763 1.5
vertex 100.00000000000423 -177.73205080757154 1.5
endloop
endfacet
facet normal 0.08715574274768298 0.9961946980917433 0
outer loop
vertex 100.65270364467015 -177.96961550602637 10.7
vertex 100.99999999998151 -178 10.7
vertex 100.99999999998178 -178 1.5
endloop
endfacet
facet normal 0.08715574274768298 0.9961946980917433 0
outer loop
vertex 100.65270364467015 -177.96961550602637 10.7
vertex 100.99999999998178 -178 1.5
vertex 100.65270364467003 -177.96961550602634 1.5
endloop
endfacet
facet normal -0.08715574274765463 0.9961946980917459 0
outer loop
vertex 155.9999999999869 -178 10.7
vertex 156.34729635529843 -177.96961550602637 10.7
vertex 156.34729635533031 -177.96961550602634 1.5
endloop
endfacet
facet normal -0.08715574274765463 0.9961946980917459 0
outer loop
vertex 155.9999999999869 -178 10.7
vertex 156.34729635533031 -177.96961550602634 1.5
vertex 155.9999999999869 -178 1.5
endloop
endfacet
facet normal -0.25881904510254217 0.9659258262890627 0
outer loop
vertex 156.34729635529843 -177.96961550602637 10.7
vertex 156.68404028667447 -177.87938524156766 10.7
vertex 156.6840402866653 -177.87938524156763 1.5
endloop
endfacet
facet normal -0.25881904510254217 0.9659258262890627 0
outer loop
vertex 156.34729635529843 -177.96961550602637 10.7
vertex 156.6840402866653 -177.87938524156763 1.5
vertex 156.34729635533031 -177.96961550602634 1.5
endloop
endfacet
facet normal -0.42261826174069467 0.9063077870366523 0
outer loop
vertex 156.68404028667447 -177.87938524156766 10.7
vertex 156.99999999999756 -177.73205080757162 10.7
vertex 156.99999999999412 -177.73205080757154 1.5
endloop
endfacet
facet normal -0.42261826174069467 0.9063077870366523 0
outer loop
vertex 156.68404028667447 -177.87938524156766 10.7
vertex 156.99999999999412 -177.73205080757154 1.5
vertex 156.6840402866653 -177.87938524156763 1.5
endloop
endfacet
facet normal -0.5735764363510599 0.8191520442889821 0
outer loop
vertex 156.99999999999756 -177.73205080757162 10.7
vertex 157.28557521936298 -177.53208888624357 10.7
vertex 157.28557521937165 -177.53208888624363 1.5
endloop
endfacet
facet normal -0.5735764363510599 0.8191520442889821 0
outer loop
vertex 156.99999999999756 -177.73205080757162 10.7
vertex 157.28557521937165 -177.53208888624363 1.5
vertex 156.99999999999412 -177.73205080757154 1.5
endloop
endfacet
facet normal -0.7071067811865476 0.7071067811865476 0
outer loop
vertex 157.28557521936298 -177.53208888624357 10.7
vertex 157.5320888862521 -177.28557521936324 10.7
vertex 157.53208888624005 -177.28557521936318 1.5
endloop
endfacet
facet normal -0.7071067811865476 0.7071067811865476 0
outer loop
vertex 157.28557521936298 -177.53208888624357 10.7
vertex 157.53208888624005 -177.28557521936318 1.5
vertex 157.28557521937165 -177.53208888624363 1.5
endloop
endfacet
facet normal -0.8191520442889821 0.5735764363510599 0
outer loop
vertex 157.5320888862521 -177.28557521936324 10.7
vertex 157.7320508075626 -177.00000000000256 10.7
vertex 157.7320508075714 -177.00000000000247 1.5
endloop
endfacet
facet normal -0.8191520442889821 0.5735764363510599 0
outer loop
vertex 157.5320888862521 -177.28557521936324 10.7
vertex 157.7320508075714 -177.00000000000247 1.5
vertex 157.53208888624005 -177.28557521936318 1.5
endloop
endfacet
facet normal -0.9063077870366523 0.42261826174069467 0
outer loop
vertex 157.7320508075626 -177.00000000000256 10.7
vertex 157.87938524157434 -176.68404028665344 10.7
vertex 157.87938524156692 -176.68404028665347 1.5
endloop
endfacet
facet normal -0.9063077870366523 0.42261826174069467 0
outer loop
vertex 157.7320508075626 -177.00000000000256 10.7
vertex 157.87938524156692 -176.68404028665347 1.5
vertex 157.7320508075714 -177.00000000000247 1.5
endloop
endfacet
facet normal -0.9659258262890631 0.2588190451025404 0
outer loop
vertex 157.87938524157434 -176.68404028665344 10.7
vertex 157.9696155060251 -176.34729635532153 10.7
vertex 157.9696155060229 -176.3472963553216 1.5
endloop
endfacet
facet normal -0.9659258262890631 0.2588190451025404 0
outer loop
vertex 157.87938524157434 -176.68404028665344 10.7
vertex 157.9696155060229 -176.3472963553216 1.5
vertex 157.87938524156692 -176.68404028665347 1.5
endloop
endfacet
facet normal -0.9961946980917433 0.08715574274768298 0
outer loop
vertex 157.9696155060251 -176.34729635532153 10.7
vertex 157.99999999999818 -176.00000000000003 10.7
vertex 157.99999999999912 -176.0000000000001 1.5
endloop
endfacet
facet normal -0.9961946980917433 0.08715574274768298 0
outer loop
vertex 157.9696155060251 -176.34729635532153 10.7
vertex 157.99999999999912 -176.0000000000001 1.5
vertex 157.9696155060229 -176.3472963553216 1.5
endloop
endfacet
facet normal -0.9999999999999447 -3.323664827803441e-7 0
outer loop
vertex 157.99999999999818 -176.00000000000003 10.7
vertex 157.9999965999993 -165.77032970000016 10.7
vertex 157.9999965999993 -165.7703296999999 1.5
endloop
endfacet
facet normal -0.9999999999999447 -3.323664827803441e-7 0
outer loop
vertex 157.99999999999818 -176.00000000000003 10.7
vertex 157.9999965999993 -165.7703296999999 1.5
vertex 157.99999999999912 -176.0000000000001 1.5
endloop
endfacet
facet normal 0 0 -1
outer loop
vertex 157.9999965999993 -165.77032970000016 10.7
vertex 158.0120616354481 -165.58035238174162 10.7
vertex 158.02393230290747 -165.39343560230606 10.7
endloop
endfacet
facet normal 0 0 -1
outer loop
vertex 157.9999965999993 -165.77032970000016 10.7
vertex 158.02393230290747 -165.39343560230606 10.7
vertex 158.0321303792443 -165.264347829298 10.7
endloop
endfacet
facet normal 0 0 -1
outer loop
vertex 157.9999965999993 -165.77032970000016 10.7
vertex 158.0321303792443 -165.264347829298 10.7
vertex 158.03213037924434 -165.2643478292981 1.5
endloop
endfacet
facet normal 0 0 -1
outer loop
vertex 157.9999965999993 -165.77032970000016 10.7
vertex 158.03213037924434 -165.2643478292981 1.5
vertex 157.9999965999993 -165.7703296999999 1.5
endloop
endfacet
facet normal 0 0 -1
outer loop
vertex 158.0321303792443 -165.264347829298 10.7
vertex 158.04209882994266 -165.21258700000033 10.7
vertex 158.12801050472746 -164.76649365332375 10.7
endloop
endfacet
facet normal 0 0 -1
outer loop
vertex 158.0321303792443 -165.264347829298 10.7
vertex 158.12801050472746 -164.76649365332375 10.7
vertex 158.12801050472748 -164.76649365332366 1.5
endloop
endfacet
facet normal 0 0 -1
outer loop
vertex 158.0321303792443 -165.264347829298 10.7
vertex 158.12801050472748 -164.76649365332366 1.5
vertex 158.03213037924434 -165.2643478292981 1.5
endloop
endfacet
facet normal -0.9501480541927793 0.3117990941514673 0
outer loop
vertex 158.12801050472746 -164.76649365332375 10.7
vertex 158.2860931999976 -164.28476690000764 10.7
vertex 158.28609319999768 -164.28476690000744 1.5
endloop
endfacet
facet normal -0.9501480541927793 0.3117990941514673 0
outer loop
vertex 158.12801050472746 -164.76649365332375 10.7
vertex 158.28609319999768 -164.28476690000744 1.5
vertex 158.12801050472748 -164.76649365332366 1.5
endloop
endfacet
facet normal -0.087155742747683 0.9961946980917434 0
outer loop
vertex 165.49999999998124 -154.25 10.7
vertex 165.8472963553335 -154.2196155060228 10.7
vertex 165.84729635533336 -154.21961550602282 1.5
endloop
endfacet
facet normal -0.087155742747683 0.9961946980917434 0
outer loop
vertex 165.49999999998124 -154.25 10.7
vertex 165.84729635533336 -154.21961550602282 1.5
vertex 165.49999999998133 -154.25 1.5
endloop
endfacet
facet normal -0.2588190451025404 0.9659258262890631 0
outer loop
vertex 165.8472963553335 -154.2196155060228 10.7
vertex 166.18404028666603 -154.12938524156613 10.7
vertex 166.18404028666586 -154.12938524156618 1.5
endloop
endfacet
facet normal -0.2588190451025404 0.9659258262890631 0
outer loop
vertex 165.8472963553335 -154.2196155060228 10.7
vertex 166.18404028666586 -154.12938524156618 1.5
vertex 165.84729635533336 -154.21961550602282 1.5
endloop
endfacet
facet normal -0.42261826174069467 0.9063077870366523 0
outer loop
vertex 166.18404028666603 -154.12938524156613 10.7
vertex 166.49999999999548 -153.98205080757214 10.7
vertex 166.4999999999955 -153.9820508075721 1.5
endloop
endfacet
facet normal -0.42261826174069467 0.9063077870366523 0
outer loop
vertex 166.18404028666603 -154.12938524156613 10.7
vertex 166.4999999999955 -153.9820508075721 1.5
vertex 166.18404028666586 -154.12938524156618 1.5
endloop
endfacet
facet normal -0.573576436351081 0.8191520442889673 -1.5187403528207217e-15
outer loop
vertex 166.49999999999548 -153.98205080757214 10.7
vertex 166.78557521937304 -153.78208888623806 10.7
vertex 166.785575219373 -153.7820888862381 1.5
endloop
endfacet
facet normal -0.573576436351081 0.8191520442889673 -1.5187403528207217e-15
outer loop
vertex 166.49999999999548 -153.98205080757214 10.7
vertex 166.785575219373 -153.7820888862381 1.5
vertex 166.57031441084092 -153.93281612705323 1.5
endloop
endfacet
facet normal -0.573576436351081 0.8191520442889673 -1.5187403528207217e-15
outer loop
vertex 166.49999999999548 -153.98205080757214 10.7
vertex 166.57031441084092 -153.93281612705323 1.5
vertex 166.4999999999955 -153.9820508075721 1.5
endloop
endfacet
facet normal -0.7071067811865618 0.7071067811865334 0
outer loop
vertex 166.78557521937304 -153.78208888623806 10.7
vertex 167.03208888623791 -153.5355752193732 10.7
vertex 167.0320888862379 -153.5355752193732 1.5
endloop
endfacet
facet normal -0.7071067811865618 0.7071067811865334 0
outer loop
vertex 166.78557521937304 -153.78208888623806 10.7
vertex 167.0320888862379 -153.5355752193732 1.5
vertex 166.785575219373 -153.7820888862381 1.5
endloop
endfacet
facet normal -0.8191520442889821 0.5735764363510599 0
outer loop
vertex 167.03208888623791 -153.5355752193732 10.7
vertex 167.23205080757336 -153.24999999999366 10.7
vertex 167.2320508075734 -153.2499999999936 1.5
endloop
endfacet
facet normal -0.8191520442889821 0.5735764363510599 0
outer loop
vertex 167.03208888623791 -153.5355752193732 10.7
vertex 167.2320508075734 -153.2499999999936 1.5
vertex 167.0320888862379 -153.5355752193732 1.5
endloop
endfacet
facet normal -0.9063077870366524 0.42261826174069467 0
outer loop
vertex 167.23205080757336 -153.24999999999366 10.7
vertex 167.37938524156618 -152.93404028666671 10.7
vertex 167.37938524156618 -152.93404028666671 1.5
endloop
endfacet
facet normal -0.9063077870366524 0.42261826174069467 0
outer loop
vertex 167.23205080757336 -153.24999999999366 10.7
vertex 167.37938524156618 -152.93404028666671 1.5
vertex 167.2320508075734 -153.2499999999936 1.5
endloop
endfacet
facet normal -0.9659258262890627 0.25881904510254217 0
outer loop
vertex 167.37938524156618 -152.93404028666671 10.7
vertex 167.46961550602745 -152.59729635531687 10.7
vertex 167.4696155060235 -152.5972963553169 1.5
endloop
endfacet
facet normal -0.9659258262890627 0.25881904510254217 0
outer loop
vertex 167.37938524156618 -152.93404028666671 10.7
vertex 167.4696155060235 -152.5972963553169 1.5
vertex 167.37938524156618 -152.93404028666671 1.5
endloop
endfacet
facet normal -0.9961946980928404 0.0871557427351424 -2.6467025390356544e-13
outer loop
vertex 167.46961550602745 -152.59729635531687 10.7
vertex 167.49999999999716 -152.24999999999994 10.7
vertex 167.4999999999996 -152.24999999999994 1.5
endloop
endfacet
facet normal -0.9961946980928404 0.0871557427351424 -2.6467025390356544e-13
outer loop
vertex 167.46961550602745 -152.59729635531687 10.7
vertex 167.4999999999996 -152.24999999999994 1.5
vertex 167.47225000686413 -152.5671838729442 1.5
endloop
endfacet
facet normal -0.9961946980928404 0.0871557427351424 -2.6467025390356544e-13
outer loop
vertex 167.46961550602745 -152.59729635531687 10.7
vertex 167.47225000686413 -152.5671838729442 1.5
vertex 167.4696155060235 -152.5972963553169 1.5
endloop
endfacet
facet normal -1 0 0
outer loop
vertex 167.5 -135.2500045999791 10.7
vertex 167.5 -135.25000459997935 1.5
vertex 167.5 -149.75000000000014 1.5
endloop
endfacet
facet normal -1 0 0
outer loop
vertex 167.5 -135.2500045999791 10.7
vertex 167.5 -149.75000000000014 1.5
vertex 167.5 -149.81725151858933 1.5
endloop
endfacet
facet normal -1 0 0
outer loop
vertex 167.5 -135.2500045999791 10.7
vertex 167.5 -149.81725151858933 1.5
vertex 167.5 -150.01642163620517 1.5
endloop
endfacet
facet normal -1 0 0
outer loop
vertex 167.5 -135.2500045999791 10.7
vertex 167.5 -150.01642163620517 1.5
vertex 167.5 -150.33985635694054 1.5
endloop
endfacet
facet normal -1 0 0
outer loop
vertex 167.5 -135.2500045999791 10.7
vertex 167.5 -150.33985635694054 1.5
vertex 167.5 -150.77512626584522 1.5
endloop
endfacet
facet normal -1 0 0
outer loop
vertex 167.5 -135.2500045999791 10.7
vertex 167.5 -150.77512626584522 1.5
vertex 167.5 -151.3055041844315 1.5
endloop
endfacet
facet normal -1 0 0
outer loop
vertex 167.5 -135.2500045999791 10.7
vertex 167.5 -151.3055041844315 1.5
vertex 167.5 -151.9106079867182 1.5
endloop
endfacet
facet normal -1 0 0
outer loop
vertex 167.5 -135.2500045999791 10.7
vertex 167.5 -151.9106079867182 1.5
vertex 167.4999999999996 -152.24999999999994 1.5
endloop
endfacet
facet normal -1 0 0
outer loop
vertex 167.5 -135.2500045999791 10.7
vertex 167.4999999999996 -152.24999999999994 1.5
vertex 167.49999999999716 -152.24999999999994 10.7
endloop
endfacet
facet normal -1 0 0
outer loop
vertex 167.5 -73.49999999999984 10.7
vertex 167.5 -73.4999999999999 1.5
vertex 167.5 -87.99999999999982 1.5
endloop
endfacet
facet normal -1 0 0
outer loop
vertex 167.5 -73.49999999999984 10.7
vertex 167.5 -87.99999999999982 1.5
vertex 167.5 -88.06725151858751 1.5
endloop
endfacet
facet normal -1 0 0
outer loop
vertex 167.5 -73.49999999999984 10.7
vertex 167.5 -88.06725151858751 1.5
vertex 167.5 -88.26642163621327 1.5
endloop
endfacet
facet normal -1 0 0
outer loop
vertex 167.5 -73.49999999999984 10.7
vertex 167.5 -88.26642163621327 1.5
vertex 167.5 -88.58985635694715 1.5
endloop
endfacet
facet normal -1 0 0
outer loop
vertex 167.5 -73.49999999999984 10.7
vertex 167.5 -88.58985635694715 1.5
vertex 167.5 -89.02512626584608 1.5
endloop
endfacet
facet normal -1 0 0
outer loop
vertex 167.5 -73.49999999999984 10.7
vertex 167.5 -89.02512626584608 1.5
vertex 167.5 -89.55550418444257 1.5
endloop
endfacet
facet normal -1 0 0
outer loop
vertex 167.5 -73.49999999999984 10.7
vertex 167.5 -89.55550418444257 1.5
vertex 167.5 -90.16060798671101 1.5
endloop
endfacet
facet normal -1 0 0
outer loop
vertex 167.5 -73.49999999999984 10.7
vertex 167.5 -90.16060798671101 1.5
vertex 167.5 -90.81718387294922 1.5
endloop
endfacet
facet normal -1 0 0
outer loop
vertex 167.5 -73.49999999999984 10.7
vertex 167.5 -90.81718387294922 1.5
vertex 167.5 -91.49999999999979 1.5
endloop
endfacet
facet normal -1 0 0
outer loop
vertex 167.5 -73.49999999999984 10.7
vertex 167.5 -91.49999999999979 1.5
vertex 167.5 -92.1828161270529 1.5
endloop
endfacet
facet normal -1 0 0
outer loop
vertex 167.5 -73.49999999999984 10.7
vertex 167.5 -92.1828161270529 1.5
vertex 167.5 -92.83939201328475 1.5
endloop
endfacet
facet normal -1 0 0
outer loop
vertex 167.5 -73.49999999999984 10.7
vertex 167.5 -92.83939201328475 1.5
vertex 167.5 -93.44449581556658 1.5
endloop
endfacet
facet normal -1 0 0
outer loop
vertex 167.5 -73.49999999999984 10.7
vertex 167.5 -93.44449581556658 1.5
vertex 167.5 -93.9748737341534 1.5
endloop
endfacet
facet normal -1 0 0
outer loop
vertex 167.5 -73.49999999999984 10.7
vertex 167.5 -93.9748737341534 1.5
vertex 167.5 -94.4101436430627 1.5
endloop
endfacet
facet normal -1 0 0
outer loop
vertex 167.5 -73.49999999999984 10.7
vertex 167.5 -94.4101436430627 1.5
vertex 167.5 -94.73357836379535 1.5
endloop
endfacet
facet normal -1 0 0
outer loop
vertex 167.5 -73.49999999999984 10.7
vertex 167.5 -94.73357836379535 1.5
vertex 167.5 -94.9327484814102 1.5
endloop
endfacet
facet normal -1 0 0
outer loop
vertex 167.5 -73.49999999999984 10.7
vertex 167.5 -94.9327484814102 1.5
vertex 167.5 -94.99999999999997 1.5
endloop
endfacet
facet normal -1 0 0
outer loop
vertex 167.5 -73.49999999999984 10.7
vertex 167.5 -94.99999999999997 1.5
vertex 167.5 -128.5000000000001 1.5
endloop
endfacet
facet normal -1 0 0
outer loop
vertex 167.5 -73.49999999999984 10.7
vertex 167.5 -128.5000000000001 1.5
vertex 167.5 -128.50000000000014 10.7
endloop
endfacet
facet normal -0.9972041161132518 -0.07472583761182246 0
outer loop
vertex 167.5 -135.2500045999791 10.7
vertex 167.4776628267946 -134.9519186664569 10.7
vertex 167.47766282679459 -134.9519186664568 1.5
endloop
endfacet
facet normal -0.9972041161132518 -0.07472583761182246 0
outer loop
vertex 167.5 -135.2500045999791 10.7
vertex 167.47766282679459 -134.9519186664568 1.5
vertex 167.5 -135.25000459997935 1.5
endloop
endfacet
facet normal -0.9749287157664117 -0.22251741319288992 0
outer loop
vertex 167.4776628267946 -134.9519186664569 10.7
vertex 167.4111475469444 -134.66049133305086 10.7
vertex 167.4111475469444 -134.6604913330509 1.5
endloop
endfacet
facet normal -0.9749287157664117 -0.22251741319288992 0
outer loop
vertex 167.4776628267946 -134.9519186664569 10.7
vertex 167.4111475469444 -134.6604913330509 1.5
vertex 167.47766282679459 -134.9519186664568 1.5
endloop
endfacet
facet normal -0.9308748281138927 -0.3653382739105379 0
outer loop
vertex 167.4111475469444 -134.66049133305086 10.7
vertex 167.3019400554313 -134.38223276516837 10.7
vertex 167.3019400206047 -134.3822327651681 1.5
endloop
endfacet
facet normal -0.9308748281138927 -0.3653382739105379 0
outer loop
vertex 167.4111475469444 -134.66049133305086 10.7
vertex 167.3019400206047 -134.3822327651681 1.5
vertex 167.4111475469444 -134.6604913330509 1.5
endloop
endfacet
facet normal -0.8660265528314393 -0.49999800978693354 0
outer loop
vertex 167.3019400554313 -134.38223276516837 10.7
vertex 167.15247971942026 -134.1233585464991 10.7
vertex 167.15247976110427 -134.1233585464992 1.5
endloop
endfacet
facet normal -0.8660265528314393 -0.49999800978693354 0
outer loop
vertex 167.3019400554313 -134.38223276516837 10.7
vertex 167.15247976110427 -134.1233585464992 1.5
vertex 167.3019400206047 -134.3822327651681 1.5
endloop
endfacet
facet normal -0.7818325059227039 -0.6234885184850041 0
outer loop
vertex 167.15247971942026 -134.1233585464991 10.7
vertex 166.9661055300891 -133.8896518573341 10.7
vertex 166.9661055300891 -133.8896518573341 1.5
endloop
endfacet
facet normal -0.7818325059227039 -0.6234885184850041 0
outer loop
vertex 167.15247971942026 -134.1233585464991 10.7
vertex 166.9661055300891 -133.8896518573341 1.5
vertex 167.15247976110427 -134.1233585464992 1.5
endloop
endfacet
facet normal -0.6801734597478724 -0.7330512019324499 0
outer loop
vertex 166.9661055300891 -133.8896518573341 10.7
vertex 166.74698063041797 -133.68633326139795 10.7
vertex 166.746980630418 -133.68633326139795 1.5
endloop
endfacet
facet normal -0.6801734597478724 -0.7330512019324499 0
outer loop
vertex 166.9661055300891 -133.8896518573341 10.7
vertex 166.746980630418 -133.68633326139795 1.5
vertex 166.9661055300891 -133.8896518573341 1.5
endloop
endfacet
facet normal -0.5633098238021511 -0.8262457518244736 -2.5534612818980597e-15
outer loop
vertex 166.74698063041797 -133.68633326139795 10.7
vertex 166.5 -133.51794920000208 10.7
vertex 166.5 -133.51794920000205 1.5
endloop
endfacet
facet normal -0.5633098238021511 -0.8262457518244736 -2.5534612818980597e-15
outer loop
vertex 166.74698063041797 -133.68633326139795 10.7
vertex 166.5 -133.51794920000205 1.5
vertex 166.5000085072639 -133.51795499999997 1.5
endloop
endfacet
facet normal -0.5633098238021511 -0.8262457518244736 -2.5534612818980597e-15
outer loop
vertex 166.74698063041797 -133.68633326139795 10.7
vertex 166.5000085072639 -133.51795499999997 1.5
vertex 166.746980630418 -133.68633326139795 1.5
endloop
endfacet
facet normal -0.5633197391347579 0.8262389917579226 0
outer loop
vertex 166.5 -130.23204499999923 10.7
vertex 166.7469783966243 -130.06365811999697 10.7
vertex 166.7469783966244 -130.0636581199969 1.5
endloop
endfacet
facet normal -0.5633197391347579 0.8262389917579226 0
outer loop
vertex 166.5 -130.23204499999923 10.7
vertex 166.7469783966244 -130.0636581199969 1.5
vertex 166.5 -130.2320449999992 1.5
endloop
endfacet
facet normal -0.6801718889192546 0.7330526594481552 0
outer loop
vertex 166.7469783966243 -130.06365811999697 10.7
vertex 166.96610164337858 -129.86034193154856 10.7
vertex 166.96610164337855 -129.86034193154856 1.5
endloop
endfacet
facet normal -0.6801718889192546 0.7330526594481552 0
outer loop
vertex 166.7469783966243 -130.06365811999697 10.7
vertex 166.96610164337855 -129.86034193154856 1.5
vertex 166.7469783966244 -130.0636581199969 1.5
endloop
endfacet
facet normal -0.8660240528288325 0.5000023399164482 0
outer loop
vertex 167.1524749394475 -129.62663813554556 10.7
vertex 167.30193499666638 -129.3677673380402 10.7
vertex 167.30193504790168 -129.36776733804024 1.5
endloop
endfacet
facet normal -0.8660240528288325 0.5000023399164482 0
outer loop
vertex 167.1524749394475 -129.62663813554556 10.7
vertex 167.30193504790168 -129.36776733804024 1.5
vertex 167.15247493944744 -129.62663813554562 1.5
endloop
endfacet
facet normal -0.9749269673845583 0.2225250733430918 0
outer loop
vertex 167.4111433361633 -129.0895119179756 10.7
vertex 167.4776602717807 -128.798087884958 10.7
vertex 167.47766027178074 -128.79808788495785 1.5
endloop
endfacet
facet normal -0.9749269673845583 0.2225250733430918 0
outer loop
vertex 167.4111433361633 -129.0895119179756 10.7
vertex 167.47766027178074 -128.79808788495785 1.5
vertex 167.41114333616332 -129.08951191797547 1.5
endloop
endfacet
facet normal -0.9972035156105696 0.0747338507901247 0
outer loop
vertex 167.4776602717807 -128.798087884958 10.7
vertex 167.5 -128.50000000000014 10.7
vertex 167.5 -128.5000000000001 1.5
endloop
endfacet
facet normal -0.9972035156105696 0.0747338507901247 0
outer loop
vertex 167.4776602717807 -128.798087884958 10.7
vertex 167.5 -128.5000000000001 1.5
vertex 167.47766027178074 -128.79808788495785 1.5
endloop
endfacet
facet normal -0.9961946980917459 -0.08715574274765463 0
outer loop
vertex 167.5 -73.49999999999984 10.7
vertex 167.46961550602447 -73.15270364466559 10.7
vertex 167.46961550602543 -73.15270364466556 1.5
endloop
endfacet
facet normal -0.9961946980917459 -0.08715574274765463 0
outer loop
vertex 167.5 -73.49999999999984 10.7
vertex 167.46961550602543 -73.15270364466556 1.5
vertex 167.5 -73.4999999999999 1.5
endloop
endfacet
facet normal -0.9659258262890631 -0.2588190451025404 0
outer loop
vertex 167.46961550602447 -73.15270364466559 10.7
vertex 167.3793852415763 -72.81595971336054 10.7
vertex 167.37938524157633 -72.8159597133606 1.5
endloop
endfacet
facet normal -0.9659258262890631 -0.2588190451025404 0
outer loop
vertex 167.46961550602447 -73.15270364466559 10.7
vertex 167.37938524157633 -72.8159597133606 1.5
vertex 167.46961550602543 -73.15270364466556 1.5
endloop
endfacet
facet normal -0.9063077870366524 -0.4226182617406946 0
outer loop
vertex 167.3793852415763 -72.81595971336054 10.7
vertex 167.23205080756622 -72.49999999999656 10.7
vertex 167.2320508075662 -72.4999999999965 1.5
endloop
endfacet
facet normal -0.9063077870366524 -0.4226182617406946 0
outer loop
vertex 167.3793852415763 -72.81595971336054 10.7
vertex 167.2320508075662 -72.4999999999965 1.5
vertex 167.37938524157633 -72.8159597133606 1.5
endloop
endfacet
facet normal -0.819152044288982 -0.5735764363510599 0
outer loop
vertex 167.23205080756622 -72.49999999999656 10.7
vertex 167.03208888624346 -72.21442478063514 10.7
vertex 167.03208888624346 -72.21442478063514 1.5
endloop
endfacet
facet normal -0.819152044288982 -0.5735764363510599 0
outer loop
vertex 167.23205080756622 -72.49999999999656 10.7
vertex 167.03208888624346 -72.21442478063514 1.5
vertex 167.2320508075662 -72.4999999999965 1.5
endloop
endfacet
facet normal -0.7071067811865759 -0.707106781186519 0
outer loop
vertex 167.03208888624346 -72.21442478063514 10.7
vertex 166.78557521937054 -71.96791111376223 10.7
vertex 166.7855752193641 -71.96791111376218 1.5
endloop
endfacet
facet normal -0.7071067811865759 -0.707106781186519 0
outer loop
vertex 167.03208888624346 -72.21442478063514 10.7
vertex 166.7855752193641 -71.96791111376218 1.5
vertex 167.03208888624346 -72.21442478063514 1.5
endloop
endfacet
facet normal -0.5735764363510599 -0.8191520442889821 0
outer loop
vertex 166.78557521937054 -71.96791111376223 10.7
vertex 166.49999999999835 -71.76794919243024 10.7
vertex 166.50000000000458 -71.76794919243025 1.5
endloop
endfacet
facet normal -0.5735764363510599 -0.8191520442889821 0
outer loop
vertex 166.78557521937054 -71.96791111376223 10.7
vertex 166.50000000000458 -71.76794919243025 1.5
vertex 166.7855752193641 -71.96791111376218 1.5
endloop
endfacet
facet normal -0.4226182617407117 -0.9063077870366443 0
outer loop
vertex 166.49999999999835 -71.76794919243024 10.7
vertex 166.18404028665148 -71.62061475842924 10.7
vertex 166.18404028664673 -71.62061475842926 1.5
endloop
endfacet
facet normal -0.4226182617407117 -0.9063077870366443 0
outer loop
vertex 166.49999999999835 -71.76794919243024 10.7
vertex 166.18404028664673 -71.62061475842926 1.5
vertex 166.50000000000458 -71.76794919243025 1.5
endloop
endfacet
facet normal -0.2588190451025269 -0.9659258262890666 0
outer loop
vertex 166.18404028665148 -71.62061475842924 10.7
vertex 165.84729635532264 -71.53038449397484 10.7
vertex 165.84729635533296 -71.53038449397482 1.5
endloop
endfacet
facet normal -0.2588190451025269 -0.9659258262890666 0
outer loop
vertex 166.18404028665148 -71.62061475842924 10.7
vertex 165.84729635533296 -71.53038449397482 1.5
vertex 166.18404028664673 -71.62061475842926 1.5
endloop
endfacet
facet normal 0 -1 0
outer loop
vertex 98.425 -71.5 1.5
vertex 98.425 -71.5 10.7
vertex 91.4999999999953 -71.5 10.7
endloop
endfacet
facet normal 0 -1 0
outer loop
vertex 98.425 -71.5 1.5
vertex 91.4999999999953 -71.5 10.7
vertex 91.49999999999531 -71.5 1.5
endloop
endfacet
facet normal 0 -1 0
outer loop
vertex 165.50000000000844 -71.5 1.5
vertex 165.50000000000836 -71.5 10.7
vertex 158.575 -71.5 10.7
endloop
endfacet
facet normal 0 -1 0
outer loop
vertex 165.50000000000844 -71.5 1.5
vertex 158.575 -71.5 10.7
vertex 158.575 -71.5 1.5
endloop
endfacet
facet normal -0.9961946980917459 -0.08715574274765463 0
outer loop
vertex 158.575 -51.77499999999982 10.7
vertex 158.54461550602625 -51.42770364468464 10.7
vertex 158.54461550602807 -51.42770364468464 1.5
endloop
endfacet
facet normal -0.9961946980917459 -0.08715574274765463 0
outer loop
vertex 158.575 -51.77499999999982 10.7
vertex 158.54461550602807 -51.42770364468464 1.5
vertex 158.575 -51.77499999999996 1.5
endloop
endfacet
facet normal -0.9659258262890708 -0.25881904510251214 0
outer loop
vertex 158.54461550602625 -51.42770364468464 10.7
vertex 158.45438524156972 -51.09095971334452 10.7
vertex 158.4543852415697 -51.090959713344496 1.5
endloop
endfacet
facet normal -0.9659258262890708 -0.25881904510251214 0
outer loop
vertex 158.54461550602625 -51.42770364468464 10.7
vertex 158.4543852415697 -51.090959713344496 1.5
vertex 158.54461550602807 -51.42770364468464 1.5
endloop
endfacet
facet normal -0.9063077870366388 -0.4226182617407234 0
outer loop
vertex 158.45438524156972 -51.09095971334452 10.7
vertex 158.30705080756968 -50.77500000000208 10.7
vertex 158.30705080756965 -50.775000000002066 1.5
endloop
endfacet
facet normal -0.9063077870366388 -0.4226182617407234 0
outer loop
vertex 158.45438524156972 -51.09095971334452 10.7
vertex 158.30705080756965 -50.775000000002066 1.5
vertex 158.4543852415697 -51.090959713344496 1.5
endloop
endfacet
facet normal -0.8191520442889821 -0.5735764363510599 0
outer loop
vertex 158.30705080756968 -50.77500000000208 10.7
vertex 158.10708888624038 -50.48942478063131 10.7
vertex 158.1070888862403 -50.489424780631204 1.5
endloop
endfacet
facet normal -0.8191520442889821 -0.5735764363510599 0
outer loop
vertex 158.30705080756968 -50.77500000000208 10.7
vertex 158.1070888862403 -50.489424780631204 1.5
vertex 158.30705080756965 -50.775000000002066 1.5
endloop
endfacet
facet normal -0.707106781186519 -0.7071067811865759 0
outer loop
vertex 158.10708888624038 -50.48942478063131 10.7
vertex 157.86057521937633 -50.24291111376726 10.7
vertex 157.86057521937636 -50.242911113767285 1.5
endloop
endfacet
facet normal -0.707106781186519 -0.7071067811865759 0
outer loop
vertex 158.10708888624038 -50.48942478063131 10.7
vertex 157.86057521937636 -50.242911113767285 1.5
vertex 158.1070888862403 -50.489424780631204 1.5
endloop
endfacet
facet normal -0.573576436351047 -0.8191520442889911 0
outer loop
vertex 157.86057521937633 -50.24291111376726 10.7
vertex 157.57499999999453 -50.042949192430235 10.7
vertex 157.57499999997728 -50.04294919243025 1.5
endloop
endfacet
facet normal -0.573576436351047 -0.8191520442889911 0
outer loop
vertex 157.86057521937633 -50.24291111376726 10.7
vertex 157.57499999997728 -50.04294919243025 1.5
vertex 157.86057521937636 -50.242911113767285 1.5
endloop
endfacet
facet normal -0.42261826174068806 -0.9063077870366553 0
outer loop
vertex 157.57499999999453 -50.042949192430235 10.7
vertex 157.25904028663078 -49.89561475842887 10.7
vertex 157.2590402866614 -49.89561475842889 1.5
endloop
endfacet
facet normal -0.42261826174068806 -0.9063077870366553 0
outer loop
vertex 157.57499999999453 -50.042949192430235 10.7
vertex 157.2590402866614 -49.89561475842889 1.5
vertex 157.57499999997728 -50.04294919243025 1.5
endloop
endfacet
facet normal -0.258819045102527 -0.9659258262890666 0
outer loop
vertex 157.25904028663078 -49.89561475842887 10.7
vertex 156.92229635534392 -49.80538449397504 10.7
vertex 156.9222963553364 -49.80538449397504 1.5
endloop
endfacet
facet normal -0.258819045102527 -0.9659258262890666 0
outer loop
vertex 157.25904028663078 -49.89561475842887 10.7
vertex 156.9222963553364 -49.80538449397504 1.5
vertex 157.2590402866614 -49.89561475842889 1.5
endloop
endfacet
facet normal -0.0871557427476546 -0.996194698091746 0
outer loop
vertex 156.92229635534392 -49.80538449397504 10.7
vertex 156.57500000000707 -49.77499999999999 10.7
vertex 156.57500000000712 -49.77499999999999 1.5
endloop
endfacet
facet normal -0.0871557427476546 -0.996194698091746 0
outer loop
vertex 156.92229635534392 -49.80538449397504 10.7
vertex 156.57500000000712 -49.77499999999999 1.5
vertex 156.9222963553364 -49.80538449397504 1.5
endloop
endfacet
facet normal 0.08715574274765456 -0.996194698091746 0
outer loop
vertex 100.42499999999588 -49.77499999999999 10.7
vertex 100.07770364466816 -49.80538449397504 10.7
vertex 100.07770364466819 -49.80538449397504 1.5
endloop
endfacet
facet normal 0.08715574274765456 -0.996194698091746 0
outer loop
vertex 100.42499999999588 -49.77499999999999 10.7
vertex 100.07770364466819 -49.80538449397504 1.5
vertex 100.42499999999588 -49.77499999999999 1.5
endloop
endfacet
facet normal 0.2588190451025271 -0.9659258262890666 0
outer loop
vertex 100.07770364466816 -49.80538449397504 10.7
vertex 99.7409597133461 -49.89561475842887 10.7
vertex 99.74095971334606 -49.89561475842889 1.5
endloop
endfacet
facet normal 0.2588190451025271 -0.9659258262890666 0
outer loop
vertex 100.07770364466816 -49.80538449397504 10.7
vertex 99.74095971334606 -49.89561475842889 1.5
vertex 100.07770364466819 -49.80538449397504 1.5
endloop
endfacet
facet normal 0.42261826174070904 -0.9063077870366456 0
outer loop
vertex 99.7409597133461 -49.89561475842887 10.7
vertex 99.42500000000082 -50.042949192430235 10.7
vertex 99.42500000000081 -50.04294919243025 1.5
endloop
endfacet
facet normal 0.42261826174070904 -0.9063077870366456 0
outer loop
vertex 99.7409597133461 -49.89561475842887 10.7
vertex 99.42500000000081 -50.04294919243025 1.5
vertex 99.74095971334606 -49.89561475842889 1.5
endloop
endfacet
facet normal 0.573576436351047 -0.8191520442889912 0
outer loop
vertex 99.42500000000082 -50.042949192430235 10.7
vertex 99.13942478062835 -50.24291111376726 10.7
vertex 99.1394247806203 -50.242911113767285 1.5
endloop
endfacet
facet normal 0.573576436351047 -0.8191520442889912 0
outer loop
vertex 99.42500000000082 -50.042949192430235 10.7
vertex 99.1394247806203 -50.242911113767285 1.5
vertex 99.42500000000081 -50.04294919243025 1.5
endloop
endfacet
facet normal 0.7071067811865334 -0.7071067811865618 0
outer loop
vertex 99.13942478062835 -50.24291111376726 10.7
vertex 98.89291111376116 -50.48942478063131 10.7
vertex 98.89291111376352 -50.489424780631204 1.5
endloop
endfacet
facet normal 0.7071067811865334 -0.7071067811865618 0
outer loop
vertex 99.13942478062835 -50.24291111376726 10.7
vertex 98.89291111376352 -50.489424780631204 1.5
vertex 99.1394247806203 -50.242911113767285 1.5
endloop
endfacet
facet normal 0.8191520442889912 -0.573576436351047 0
outer loop
vertex 98.89291111376116 -50.48942478063131 10.7
vertex 98.69294919243313 -50.77500000000208 10.7
vertex 98.69294919243184 -50.775000000002066 1.5
endloop
endfacet
facet normal 0.8191520442889912 -0.573576436351047 0
outer loop
vertex 98.89291111376116 -50.48942478063131 10.7
vertex 98.69294919243184 -50.775000000002066 1.5
vertex 98.89291111376352 -50.489424780631204 1.5
endloop
endfacet
facet normal 0.9063077870366524 -0.4226182617406946 0
outer loop
vertex 98.69294919243313 -50.77500000000208 10.7
vertex 98.54561475842708 -51.09095971334452 10.7
vertex 98.54561475843218 -51.090959713344496 1.5
endloop
endfacet
facet normal 0.9063077870366524 -0.4226182617406946 0
outer loop
vertex 98.69294919243313 -50.77500000000208 10.7
vertex 98.54561475843218 -51.090959713344496 1.5
vertex 98.69294919243184 -50.775000000002066 1.5
endloop
endfacet
facet normal 0.9659258262890704 -0.25881904510251297 0
outer loop
vertex 98.54561475842708 -51.09095971334452 10.7
vertex 98.4553844939757 -51.42770364468464 10.7
vertex 98.45538449396946 -51.42770364468464 1.5
endloop
endfacet
facet normal 0.9659258262890704 -0.25881904510251297 0
outer loop
vertex 98.54561475842708 -51.09095971334452 10.7
vertex 98.45538449396946 -51.42770364468464 1.5
vertex 98.54561475843218 -51.090959713344496 1.5
endloop
endfacet
facet normal 0.9961946980917447 -0.08715574274766873 0
outer loop
vertex 98.4553844939757 -51.42770364468464 10.7
vertex 98.425 -51.77499999999982 10.7
vertex 98.42500000000146 -51.77499999999996 1.5
endloop
endfacet
facet normal 0.9961946980917447 -0.08715574274766873 0
outer loop
vertex 98.4553844939757 -51.42770364468464 10.7
vertex 98.42500000000146 -51.77499999999996 1.5
vertex 98.45538449396946 -51.42770364468464 1.5
endloop
endfacet
facet normal 0.08715574274765456 -0.996194698091746 0
outer loop
vertex 91.4999999999953 -71.5 10.7
vertex 91.15270364467003 -71.53038449397484 10.7
vertex 91.15270364467013 -71.53038449397482 1.5
endloop
endfacet
facet normal 0.08715574274765456 -0.996194698091746 0
outer loop
vertex 91.4999999999953 -71.5 10.7
vertex 91.15270364467013 -71.53038449397482 1.5
vertex 91.49999999999531 -71.5 1.5
endloop
endfacet
facet normal 0.2588190451025413 -0.9659258262890629 0
outer loop
vertex 91.15270364467003 -71.53038449397484 10.7
vertex 90.81595971334582 -71.62061475842924 10.7
vertex 90.81595971334578 -71.62061475842926 1.5
endloop
endfacet
facet normal 0.2588190451025413 -0.9659258262890629 0
outer loop
vertex 91.15270364467003 -71.53038449397484 10.7
vertex 90.81595971334578 -71.62061475842926 1.5
vertex 91.15270364467013 -71.53038449397482 1.5
endloop
endfacet
facet normal 0.42261826174069467 -0.9063077870366524 0
outer loop
vertex 90.81595971334582 -71.62061475842924 10.7
vertex 90.50000000000132 -71.76794919243024 10.7
vertex 90.5000000000013 -71.76794919243025 1.5
endloop
endfacet
facet normal 0.42261826174069467 -0.9063077870366524 0
outer loop
vertex 90.81595971334582 -71.62061475842924 10.7
vertex 90.5000000000013 -71.76794919243025 1.5
vertex 90.81595971334578 -71.62061475842926 1.5
endloop
endfacet
facet normal 0.5735764363510599 -0.8191520442889821 0
outer loop
vertex 90.50000000000132 -71.76794919243024 10.7
vertex 90.21442478062671 -71.96791111376223 10.7
vertex 90.21442478062676 -71.96791111376218 1.5
endloop
endfacet
facet normal 0.5735764363510599 -0.8191520442889821 0
outer loop
vertex 90.50000000000132 -71.76794919243024 10.7
vertex 90.21442478062676 -71.96791111376218 1.5
vertex 90.5000000000013 -71.76794919243025 1.5
endloop
endfacet
facet normal 0.7071067811865619 -0.7071067811865335 0
outer loop
vertex 90.21442478062671 -71.96791111376223 10.7
vertex 89.96791111376228 -72.21442478063514 10.7
vertex 89.96791111375501 -72.21442478063514 1.5
endloop
endfacet
facet normal 0.7071067811865619 -0.7071067811865335 0
outer loop
vertex 90.21442478062671 -71.96791111376223 10.7
vertex 89.96791111375501 -72.21442478063514 1.5
vertex 90.21442478062676 -71.96791111376218 1.5
endloop
endfacet
facet normal 0.8191520442889821 -0.5735764363510599 0
outer loop
vertex 89.96791111376228 -72.21442478063514 10.7
vertex 89.76794919243054 -72.49999999999656 10.7
vertex 89.76794919243612 -72.4999999999965 1.5
endloop
endfacet
facet normal 0.8191520442889821 -0.5735764363510599 0
outer loop
vertex 89.96791111376228 -72.21442478063514 10.7
vertex 89.76794919243612 -72.4999999999965 1.5
vertex 89.96791111375501 -72.21442478063514 1.5
endloop
endfacet
facet normal 0.906307787036659 -0.42261826174068023 0
outer loop
vertex 89.76794919243054 -72.49999999999656 10.7
vertex 89.62061475842923 -72.81595971336054 10.7
vertex 89.62061475842259 -72.8159597133606 1.5
endloop
endfacet
facet normal 0.906307787036659 -0.42261826174068023 0
outer loop
vertex 89.76794919243054 -72.49999999999656 10.7
vertex 89.62061475842259 -72.8159597133606 1.5
vertex 89.76794919243612 -72.4999999999965 1.5
endloop
endfacet
facet normal 0.9659258262890629 -0.2588190451025413 0
outer loop
vertex 89.62061475842923 -72.81595971336054 10.7
vertex 89.53038449397569 -73.15270364466559 10.7
vertex 89.53038449397687 -73.15270364466556 1.5
endloop
endfacet
facet normal 0.9659258262890629 -0.2588190451025413 0
outer loop
vertex 89.62061475842923 -72.81595971336054 10.7
vertex 89.53038449397687 -73.15270364466556 1.5
vertex 89.62061475842259 -72.8159597133606 1.5
endloop
endfacet
facet normal 0.9961946980917447 -0.08715574274766873 0
outer loop
vertex 89.53038449397569 -73.15270364466559 10.7
vertex 89.5 -73.49999999999984 10.7
vertex 89.5 -73.4999999999999 1.5
endloop
endfacet
facet normal 0.9961946980917447 -0.08715574274766873 0
outer loop
vertex 89.53038449397569 -73.15270364466559 10.7
vertex 89.5 -73.4999999999999 1.5
vertex 89.53038449397687 -73.15270364466556 1.5
endloop
endfacet
facet normal 1 0 0
outer loop
vertex 90.5 -130.23205079999912 1.5
vertex 90.5 -130.2320507999991 10.7
vertex 90.5 -131.3284271 10.7
endloop
endfacet
facet normal 1 0 0
outer loop
vertex 90.5 -130.23205079999912 1.5
vertex 90.5 -131.3284271 10.7
vertex 90.5 -132.42157499999996 10.7
endloop
endfacet
facet normal 1 0 0
outer loop
vertex 90.5 -130.23205079999912 1.5
vertex 90.5 -132.42157499999996 10.7
vertex 90.5 -133.51795500000006 10.7
endloop
endfacet
facet normal 1 0 0
outer loop
vertex 90.5 -130.23205079999912 1.5
vertex 90.5 -133.51795500000006 10.7
vertex 90.5 -133.51795500000006 1.5
endloop
endfacet
facet normal 0.7818302791705929 -0.6234913107430069 0
outer loop
vertex 90.03389835662384 -133.88965806844902 10.7
vertex 89.84752506054984 -134.12336186445833 10.7
vertex 89.84752506054984 -134.12336186445836 1.5
endloop
endfacet
facet normal 0.7818302791705929 -0.6234913107430069 0
outer loop
vertex 90.03389835662384 -133.88965806844902 10.7
vertex 89.84752506054984 -134.12336186445836 1.5
vertex 90.03389835662391 -133.88965806844897 1.5
endloop
endfacet
facet normal 0.9308724794903114 -0.3653442581012598 0
outer loop
vertex 89.69806494374538 -134.38223276516837 10.7
vertex 89.58885666383807 -134.66048808202083 10.7
vertex 89.58885666383803 -134.660488082021 1.5
endloop
endfacet
facet normal 0.9308724794903114 -0.3653442581012598 0
outer loop
vertex 89.69806494374538 -134.38223276516837 10.7
vertex 89.58885666383803 -134.660488082021 1.5
vertex 89.69806494374552 -134.3822327651681 1.5
endloop
endfacet
facet normal 0 0 1
outer loop
vertex 94.69999999999999 -154.25 10.7
vertex 95.69999926754669 -156.75 10.7
vertex 98.71390499998034 -164.28476984995118 10.7
endloop
endfacet
facet normal 0 0 1
outer loop
vertex 94.69999999999999 -154.25 10.7
vertex 98.71390499998034 -164.28476984995118 10.7
vertex 98.71390499998023 -164.2847698499509 1.5
endloop
endfacet
facet normal 0 0 1
outer loop
vertex 94.69999999999999 -154.25 10.7
vertex 98.71390499998023 -164.2847698499509 1.5
vertex 95.69999926754687 -156.75000000000037 1.5
endloop
endfacet
facet normal 0 0 1
outer loop
vertex 94.69999999999999 -154.25 10.7
vertex 95.69999926754687 -156.75000000000037 1.5
vertex 95.67309867981473 -156.6827484814114 1.5
endloop
endfacet
facet normal 0 0 1
outer loop
vertex 94.69999999999999 -154.25 10.7
vertex 95.67309867981473 -156.6827484814114 1.5
vertex 95.59343069112053 -156.48357836379313 1.5
endloop
endfacet
facet normal 0 0 1
outer loop
vertex 94.69999999999999 -154.25 10.7
vertex 95.59343069112053 -156.48357836379313 1.5
vertex 95.46405689757974 -156.16014364304033 1.5
endloop
endfacet
facet normal 0 0 1
outer loop
vertex 94.69999999999999 -154.25 10.7
vertex 95.46405689757974 -156.16014364304033 1.5
vertex 95.28994906155488 -155.7248737341633 1.5
endloop
endfacet
facet normal 0 0 1
outer loop
vertex 94.69999999999999 -154.25 10.7
vertex 95.28994906155488 -155.7248737341633 1.5
vertex 95.07779804950835 -155.19449581556995 1.5
endloop
endfacet
facet normal 0 0 1
outer loop
vertex 94.69999999999999 -154.25 10.7
vertex 95.07779804950835 -155.19449581556995 1.5
vertex 94.83575670587665 -154.58939201328045 1.5
endloop
endfacet
facet normal 0 0 1
outer loop
vertex 94.69999999999999 -154.25 10.7
vertex 94.83575670587665 -154.58939201328045 1.5
vertex 94.69999999999999 -154.25 1.5
endloop
endfacet
facet normal 1 0 0
outer loop
vertex 99 -165.7703296999999 1.5
vertex 99 -165.77032970000016 10.7
vertex 99 -176.00000000000003 10.7
endloop
endfacet
facet normal 1 0 0
outer loop
vertex 99 -165.7703296999999 1.5
vertex 99 -176.00000000000003 10.7
vertex 99 -176.0000000000001 1.5
endloop
endfacet
facet normal 0.25881904510254217 0.9659258262890627 0
outer loop
vertex 100.31595971334949 -177.87938524156766 10.7
vertex 100.65270364467015 -177.96961550602637 10.7
vertex 100.65270364467003 -177.96961550602634 1.5
endloop
endfacet
facet normal 0.25881904510254217 0.9659258262890627 0
outer loop
vertex 100.31595971334949 -177.87938524156766 10.7
vertex 100.65270364467003 -177.96961550602634 1.5
vertex 100.31595971333975 -177.87938524156763 1.5
endloop
endfacet
facet normal 0 0 -1
outer loop
vertex 158.2860931999976 -164.28476690000764 10.7
vertex 161.2999999900352 -156.75 10.7
vertex 162.30000000000052 -154.25 10.7
endloop
endfacet
facet normal 0 0 -1
outer loop
vertex 158.2860931999976 -164.28476690000764 10.7
vertex 162.30000000000052 -154.25 10.7
vertex 162.30000000000052 -154.25 1.5
endloop
endfacet
facet normal 0 0 -1
outer loop
vertex 158.2860931999976 -164.28476690000764 10.7
vertex 162.30000000000052 -154.25 1.5
vertex 162.16424319333495 -154.58939201328045 1.5
endloop
endfacet
facet normal 0 0 -1
outer loop
vertex 158.2860931999976 -164.28476690000764 10.7
vertex 162.16424319333495 -154.58939201328045 1.5
vertex 161.92220167000713 -155.19449581556995 1.5
endloop
endfacet
facet normal 0 0 -1
outer loop
vertex 158.2860931999976 -164.28476690000764 10.7
vertex 161.92220167000713 -155.19449581556995 1.5
vertex 161.71005050045562 -155.7248737341633 1.5
endloop
endfacet
facet normal 0 0 -1
outer loop
vertex 158.2860931999976 -164.28476690000764 10.7
vertex 161.71005050045562 -155.7248737341633 1.5
vertex 161.53594254535435 -156.16014364304033 1.5
endloop
endfacet
facet normal 0 0 -1
outer loop
vertex 158.2860931999976 -164.28476690000764 10.7
vertex 161.53594254535435 -156.16014364304033 1.5
vertex 161.40656866379538 -156.48357836379313 1.5
endloop
endfacet
facet normal 0 0 -1
outer loop
vertex 158.2860931999976 -164.28476690000764 10.7
vertex 161.40656866379538 -156.48357836379313 1.5
vertex 161.3269006208999 -156.6827484814114 1.5
endloop
endfacet
facet normal 0 0 -1
outer loop
vertex 158.2860931999976 -164.28476690000764 10.7
vertex 161.3269006208999 -156.6827484814114 1.5
vertex 161.30000001486619 -156.75000000000037 1.5
endloop
endfacet
facet normal 0 0 -1
outer loop
vertex 158.2860931999976 -164.28476690000764 10.7
vertex 161.30000001486619 -156.75000000000037 1.5
vertex 158.28609319999768 -164.28476690000744 1.5
endloop
endfacet
facet normal -1 0 0
outer loop
vertex 166.5 -132.4215729 10.7
vertex 166.5 -131.32842499999998 10.7
vertex 166.5 -130.23204499999923 10.7
endloop
endfacet
facet normal -1 0 0
outer loop
vertex 166.5 -132.4215729 10.7
vertex 166.5 -130.23204499999923 10.7
vertex 166.5 -130.2320449999992 1.5
endloop
endfacet
facet normal -1 0 0
outer loop
vertex 166.5 -132.4215729 10.7
vertex 166.5 -130.2320449999992 1.5
vertex 166.5 -133.51794920000205 1.5
endloop
endfacet
facet normal -1 0 0
outer loop
vertex 166.5 -132.4215729 10.7
vertex 166.5 -133.51794920000205 1.5
vertex 166.5 -133.51794920000208 10.7
endloop
endfacet
facet normal -0.7818302791706302 0.62349131074296 0
outer loop
vertex 166.96610164337858 -129.86034193154856 10.7
vertex 167.1524749394475 -129.62663813554556 10.7
vertex 167.15247493944744 -129.62663813554562 1.5
endloop
endfacet
facet normal -0.7818302791706302 0.62349131074296 0
outer loop
vertex 166.96610164337858 -129.86034193154856 10.7
vertex 167.15247493944744 -129.62663813554562 1.5
vertex 166.96610164337855 -129.86034193154856 1.5
endloop
endfacet
facet normal -0.9308724794903007 0.36534425810128685 0
outer loop
vertex 167.30193499666638 -129.3677673380402 10.7
vertex 167.4111433361633 -129.0895119179756 10.7
vertex 167.41114333616332 -129.08951191797547 1.5
endloop
endfacet
facet normal -0.9308724794903007 0.36534425810128685 0
outer loop
vertex 167.30193499666638 -129.3677673380402 10.7
vertex 167.41114333616332 -129.08951191797547 1.5
vertex 167.30193504790168 -129.36776733804024 1.5
endloop
endfacet
facet normal -0.087155742747683 -0.9961946980917434 0
outer loop
vertex 165.84729635532264 -71.53038449397484 10.7
vertex 165.50000000000836 -71.5 10.7
vertex 165.50000000000844 -71.5 1.5
endloop
endfacet
facet normal -0.087155742747683 -0.9961946980917434 0
outer loop
vertex 165.84729635532264 -71.53038449397484 10.7
vertex 165.50000000000844 -71.5 1.5
vertex 165.84729635533296 -71.53038449397482 1.5
endloop
endfacet
facet normal 1 0 1.590997864854137e-13
outer loop
vertex 98.42500000000146 -51.77499999999996 1.5
vertex 98.425 -51.77499999999982 10.7
vertex 98.425 -66.99999999999976 10.7
endloop
endfacet
facet normal 1 0 1.590997864854137e-13
outer loop
vertex 98.42500000000146 -51.77499999999996 1.5
vertex 98.425 -66.99999999999976 10.7
vertex 98.425 -67.34729635533392 10.7
endloop
endfacet
facet normal 1 0 1.590997864854137e-13
outer loop
vertex 98.42500000000146 -51.77499999999996 1.5
vertex 98.425 -67.34729635533392 10.7
vertex 98.425 -67.6840402866514 10.7
endloop
endfacet
facet normal 1 0 1.590997864854137e-13
outer loop
vertex 98.42500000000146 -51.77499999999996 1.5
vertex 98.425 -67.6840402866514 10.7
vertex 98.425 -67.99999999999989 10.7
endloop
endfacet
facet normal 1 0 1.590997864854137e-13
outer loop
vertex 98.42500000000146 -51.77499999999996 1.5
vertex 98.425 -67.99999999999989 10.7
vertex 98.425 -68.28557521937303 10.7
endloop
endfacet
facet normal 1 0 1.590997864854137e-13
outer loop
vertex 98.42500000000146 -51.77499999999996 1.5
vertex 98.425 -68.28557521937303 10.7
vertex 98.425 -68.53208888623799 10.7
endloop
endfacet
facet normal 1 0 1.590997864854137e-13
outer loop
vertex 98.42500000000146 -51.77499999999996 1.5
vertex 98.425 -68.53208888623799 10.7
vertex 98.425 -68.7320508075689 10.7
endloop
endfacet
facet normal 1 0 1.590997864854137e-13
outer loop
vertex 98.42500000000146 -51.77499999999996 1.5
vertex 98.425 -68.7320508075689 10.7
vertex 98.425 -68.87938524157185 10.7
endloop
endfacet
facet normal 1 0 1.590997864854137e-13
outer loop
vertex 98.42500000000146 -51.77499999999996 1.5
vertex 98.425 -68.87938524157185 10.7
vertex 98.425 -68.96961550602441 10.7
endloop
endfacet
facet normal 1 0 1.590997864854137e-13
outer loop
vertex 98.42500000000146 -51.77499999999996 1.5
vertex 98.425 -68.96961550602441 10.7
vertex 98.425 -69 10.7
endloop
endfacet
facet normal 1 0 1.590997864854137e-13
outer loop
vertex 98.42500000000146 -51.77499999999996 1.5
vertex 98.425 -69 10.7
vertex 98.425 -71.5 10.7
endloop
endfacet
facet normal 1 0 1.590997864854137e-13
outer loop
vertex 98.42500000000146 -51.77499999999996 1.5
vertex 98.425 -71.5 10.7
vertex 98.425 -71.5 1.5
endloop
endfacet
facet normal 0 1 0
outer loop
vertex 155.9999999999869 -178 10.7
vertex 155.9999999999869 -178 1.5
vertex 100.99999999998178 -178 1.5
endloop
endfacet
facet normal 0 1 0
outer loop
vertex 155.9999999999869 -178 10.7
vertex 100.99999999998178 -178 1.5
vertex 100.99999999998151 -178 10.7
endloop
endfacet
facet normal -1 0 0
outer loop
vertex 158.575 -69 10.7
vertex 158.575 -68.96961550602441 10.7
vertex 158.575 -68.87938524157185 10.7
endloop
endfacet
facet normal -1 0 0
outer loop
vertex 158.575 -69 10.7
vertex 158.575 -68.87938524157185 10.7
vertex 158.575 -68.7320508075689 10.7
endloop
endfacet
facet normal -1 0 0
outer loop
vertex 158.575 -69 10.7
vertex 158.575 -68.7320508075689 10.7
vertex 158.575 -68.53208888623799 10.7
endloop
endfacet
facet normal -1 0 0
outer loop
vertex 158.575 -69 10.7
vertex 158.575 -68.53208888623799 10.7
vertex 158.575 -68.28557521937303 10.7
endloop
endfacet
facet normal -1 0 0
outer loop
vertex 158.575 -69 10.7
vertex 158.575 -68.28557521937303 10.7
vertex 158.575 -67.99999999999989 10.7
endloop
endfacet
facet normal -1 0 0
outer loop
vertex 158.575 -69 10.7
vertex 158.575 -67.99999999999989 10.7
vertex 158.575 -67.6840402866514 10.7
endloop
endfacet
facet normal -1 0 0
outer loop
vertex 158.575 -69 10.7
vertex 158.575 -67.6840402866514 10.7
vertex 158.575 -67.34729635533392 10.7
endloop
endfacet
facet normal -1 0 0
outer loop
vertex 158.575 -69 10.7
vertex 158.575 -67.34729635533392 10.7
vertex 158.575 -66.99999999999976 10.7
endloop
endfacet
facet normal -1 0 0
outer loop
vertex 158.575 -69 10.7
vertex 158.575 -66.99999999999976 10.7
vertex 158.575 -51.77499999999982 10.7
endloop
endfacet
facet normal -1 0 0
outer loop
vertex 158.575 -69 10.7
vertex 158.575 -51.77499999999982 10.7
vertex 158.575 -51.77499999999996 1.5
endloop
endfacet
facet normal -1 0 0
outer loop
vertex 158.575 -69 10.7
vertex 158.575 -51.77499999999996 1.5
vertex 158.575 -71.5 1.5
endloop
endfacet
facet normal -1 0 0
outer loop
vertex 158.575 -69 10.7
vertex 158.575 -71.5 1.5
vertex 158.575 -71.5 10.7
endloop
endfacet
facet normal 0 -1 0
outer loop
vertex 156.57500000000712 -49.77499999999999 1.5
vertex 156.57500000000707 -49.77499999999999 10.7
vertex 100.42499999999588 -49.77499999999999 10.7
endloop
endfacet
facet normal 0 -1 0
outer loop
vertex 156.57500000000712 -49.77499999999999 1.5
vertex 100.42499999999588 -49.77499999999999 10.7
vertex 100.42499999999588 -49.77499999999999 1.5
endloop
endfacet
facet normal 0 0 1
outer loop
vertex 155.9999999999869 -178 1.5
vertex 156.34729635533031 -177.96961550602634 1.5
vertex 156.6840402866653 -177.87938524156763 1.5
endloop
endfacet
facet normal 0 0 1
outer loop
vertex 155.9999999999869 -178 1.5
vertex 156.6840402866653 -177.87938524156763 1.5
vertex 156.99999999999412 -177.73205080757154 1.5
endloop
endfacet
facet normal 0 0 1
outer loop
vertex 155.9999999999869 -178 1.5
vertex 156.99999999999412 -177.73205080757154 1.5
vertex 157.28557521937165 -177.53208888624363 1.5
endloop
endfacet
facet normal 0 0 1
outer loop
vertex 155.9999999999869 -178 1.5
vertex 157.28557521937165 -177.53208888624363 1.5
vertex 157.53208888624005 -177.28557521936318 1.5
endloop
endfacet
facet normal 0 0 1
outer loop
vertex 155.9999999999869 -178 1.5
vertex 157.53208888624005 -177.28557521936318 1.5
vertex 157.7320508075714 -177.00000000000247 1.5
endloop
endfacet
facet normal 0 0 1
outer loop
vertex 155.9999999999869 -178 1.5
vertex 157.7320508075714 -177.00000000000247 1.5
vertex 157.87938524156692 -176.68404028665347 1.5
endloop
endfacet
facet normal 0 0 1
outer loop
vertex 155.9999999999869 -178 1.5
vertex 157.87938524156692 -176.68404028665347 1.5
vertex 157.9696155060229 -176.3472963553216 1.5
endloop
endfacet
facet normal 0 0 1
outer loop
vertex 155.9999999999869 -178 1.5
vertex 157.9696155060229 -176.3472963553216 1.5
vertex 157.99999999999912 -176.0000000000001 1.5
endloop
endfacet
facet normal 0 0 1
outer loop
vertex 155.9999999999869 -178 1.5
vertex 157.99999999999912 -176.0000000000001 1.5
vertex 157.9999965999993 -165.7703296999999 1.5
endloop
endfacet
facet normal 0 0 1
outer loop
vertex 155.9999999999869 -178 1.5
vertex 157.9999965999993 -165.7703296999999 1.5
vertex 99 -165.7703296999999 1.5
endloop
endfacet
facet normal 0 0 1
outer loop
vertex 155.9999999999869 -178 1.5
vertex 99 -165.7703296999999 1.5
vertex 99 -176.0000000000001 1.5
endloop
endfacet
facet normal 0 0 1
outer loop
vertex 155.9999999999869 -178 1.5
vertex 99 -176.0000000000001 1.5
vertex 99.03038449397422 -176.3472963553216 1.5
endloop
endfacet
facet normal 0 0 1
outer loop
vertex 155.9999999999869 -178 1.5
vertex 99.03038449397422 -176.3472963553216 1.5
vertex 99.12061475842965 -176.68404028665347 1.5
endloop
endfacet
facet normal 0 0 1
outer loop
vertex 155.9999999999869 -178 1.5
vertex 99.12061475842965 -176.68404028665347 1.5
vertex 99.26794919243275 -177.00000000000247 1.5
endloop
endfacet
facet normal 0 0 1
outer loop
vertex 155.9999999999869 -178 1.5
vertex 99.26794919243275 -177.00000000000247 1.5
vertex 99.46791111375502 -177.28557521936318 1.5
endloop
endfacet
facet normal 0 0 1
outer loop
vertex 155.9999999999869 -178 1.5
vertex 99.46791111375502 -177.28557521936318 1.5
vertex 99.71442478063545 -177.53208888624363 1.5
endloop
endfacet
facet normal 0 0 1
outer loop
vertex 155.9999999999869 -178 1.5
vertex 99.71442478063545 -177.53208888624363 1.5
vertex 100.00000000000423 -177.73205080757154 1.5
endloop
endfacet
facet normal 0 0 1
outer loop
vertex 155.9999999999869 -178 1.5
vertex 100.00000000000423 -177.73205080757154 1.5
vertex 100.31595971333975 -177.87938524156763 1.5
endloop
endfacet
facet normal 0 0 1
outer loop
vertex 155.9999999999869 -178 1.5
vertex 100.31595971333975 -177.87938524156763 1.5
vertex 100.65270364467003 -177.96961550602634 1.5
endloop
endfacet
facet normal 0 0 1
outer loop
vertex 155.9999999999869 -178 1.5
vertex 100.65270364467003 -177.96961550602634 1.5
vertex 100.99999999998178 -178 1.5
endloop
endfacet
facet normal 0 0 1
outer loop
vertex 157.9999965999993 -165.7703296999999 1.5
vertex 158.03213037924434 -165.2643478292981 1.5
vertex 98.96787122075159 -165.2643478292981 1.5
endloop
endfacet
facet normal 0 0 1
outer loop
vertex 157.9999965999993 -165.7703296999999 1.5
vertex 98.96787122075159 -165.2643478292981 1.5
vertex 99 -165.7703296999999 1.5
endloop
endfacet
facet normal 0 0 1
outer loop
vertex 158.03213037924434 -165.2643478292981 1.5
vertex 158.12801050472748 -164.76649365332366 1.5
vertex 98.87199109527823 -164.76649505335195 1.5
endloop
endfacet
facet normal 0 0 1
outer loop
vertex 158.03213037924434 -165.2643478292981 1.5
vertex 98.87199109527823 -164.76649505335195 1.5
vertex 98.96787122075159 -165.2643478292981 1.5
endloop
endfacet
facet normal 0 0 1
outer loop
vertex 158.12801050472748 -164.76649365332366 1.5
vertex 158.28609319999768 -164.28476690000744 1.5
vertex 98.71390499998023 -164.2847698499509 1.5
endloop
endfacet
facet normal 0 0 1
outer loop
vertex 158.12801050472748 -164.76649365332366 1.5
vertex 98.71390499998023 -164.2847698499509 1.5
vertex 98.87199109527823 -164.76649505335195 1.5
endloop
endfacet
facet normal 0 0 1
outer loop
vertex 158.28609319999768 -164.28476690000744 1.5
vertex 161.30000001486619 -156.75000000000037 1.5
vertex 147.50000000000426 -156.75000000000037 1.5
endloop
endfacet
facet normal 0 0 1
outer loop
vertex 158.28609319999768 -164.28476690000744 1.5
vertex 147.50000000000426 -156.75000000000037 1.5
vertex 109.50000000000556 -156.75000000000037 1.5
endloop
endfacet
facet normal 0 0 1
outer loop
vertex 158.28609319999768 -164.28476690000744 1.5
vertex 109.50000000000556 -156.75000000000037 1.5
vertex 95.69999926754687 -156.75000000000037 1.5
endloop
endfacet
facet normal 0 0 1
outer loop
vertex 158.28609319999768 -164.28476690000744 1.5
vertex 95.69999926754687 -156.75000000000037 1.5
vertex 98.71390499998023 -164.2847698499509 1.5
endloop
endfacet
facet normal 0 0 1
outer loop
vertex 109.50000000000556 -156.75000000000037 1.5
vertex 108.8171838729463 -156.6827484814114 1.5
vertex 95.67309867981473 -156.6827484814114 1.5
endloop
endfacet
facet normal 0 0 1
outer loop
vertex 109.50000000000556 -156.75000000000037 1.5
vertex 95.67309867981473 -156.6827484814114 1.5
vertex 95.69999926754687 -156.75000000000037 1.5
endloop
endfacet
facet normal 0 0 1
outer loop
vertex 147.50000000000426 -156.75000000000037 1.5
vertex 146.8171838729448 -156.6827484814114 1.5
vertex 110.18281612706438 -156.6827484814114 1.5
endloop
endfacet
facet normal 0 0 1
outer loop
vertex 147.50000000000426 -156.75000000000037 1.5
vertex 110.18281612706438 -156.6827484814114 1.5
vertex 109.50000000000556 -156.75000000000037 1.5
endloop
endfacet
facet normal 0 0 1
outer loop
vertex 161.30000001486619 -156.75000000000037 1.5
vertex 161.3269006208999 -156.6827484814114 1.5
vertex 148.18281612706463 -156.6827484814114 1.5
endloop
endfacet
facet normal 0 0 1
outer loop
vertex 161.30000001486619 -156.75000000000037 1.5
vertex 148.18281612706463 -156.6827484814114 1.5
vertex 147.50000000000426 -156.75000000000037 1.5
endloop
endfacet
facet normal 0 0 1
outer loop
vertex 108.8171838729463 -156.6827484814114 1.5
vertex 108.16060798671523 -156.48357836379313 1.5
vertex 95.59343069112053 -156.48357836379313 1.5
endloop
endfacet
facet normal 0 0 1
outer loop
vertex 108.8171838729463 -156.6827484814114 1.5
vertex 95.59343069112053 -156.48357836379313 1.5
vertex 95.67309867981473 -156.6827484814114 1.5
endloop
endfacet
facet normal 0 0 1
outer loop
vertex 146.8171838729448 -156.6827484814114 1.5
vertex 146.1606079867366 -156.48357836379313 1.5
vertex 110.83939201325768 -156.48357836379313 1.5
endloop
endfacet
facet normal 0 0 1
outer loop
vertex 146.8171838729448 -156.6827484814114 1.5
vertex 110.83939201325768 -156.48357836379313 1.5
vertex 110.18281612706438 -156.6827484814114 1.5
endloop
endfacet
facet normal 0 0 1
outer loop
vertex 161.3269006208999 -156.6827484814114 1.5
vertex 161.40656866379538 -156.48357836379313 1.5
vertex 148.83939201326328 -156.48357836379313 1.5
endloop
endfacet
facet normal 0 0 1
outer loop
vertex 161.3269006208999 -156.6827484814114 1.5
vertex 148.83939201326328 -156.48357836379313 1.5
vertex 148.18281612706463 -156.6827484814114 1.5
endloop
endfacet
facet normal 0 0 1
outer loop
vertex 108.16060798671523 -156.48357836379313 1.5
vertex 107.55550418443451 -156.16014364304033 1.5
vertex 95.46405689757974 -156.16014364304033 1.5
endloop
endfacet
facet normal 0 0 1
outer loop
vertex 108.16060798671523 -156.48357836379313 1.5
vertex 95.46405689757974 -156.16014364304033 1.5
vertex 95.59343069112053 -156.48357836379313 1.5
endloop
endfacet
facet normal 0 0 1
outer loop
vertex 146.1606079867366 -156.48357836379313 1.5
vertex 145.5555041844042 -156.16014364304033 1.5
vertex 111.44449581560997 -156.16014364304033 1.5
endloop
endfacet
facet normal 0 0 1
outer loop
vertex 146.1606079867366 -156.48357836379313 1.5
vertex 111.44449581560997 -156.16014364304033 1.5
vertex 110.83939201325768 -156.48357836379313 1.5
endloop
endfacet
facet normal 0 0 1
outer loop
vertex 161.40656866379538 -156.48357836379313 1.5
vertex 161.53594254535435 -156.16014364304033 1.5
vertex 149.44449581560548 -156.16014364304033 1.5
endloop
endfacet
facet normal 0 0 1
outer loop
vertex 161.40656866379538 -156.48357836379313 1.5
vertex 149.44449581560548 -156.16014364304033 1.5
vertex 148.83939201326328 -156.48357836379313 1.5
endloop
endfacet
facet normal 0 0 1
outer loop
vertex 107.55550418443451 -156.16014364304033 1.5
vertex 107.02512626584092 -155.7248737341633 1.5
vertex 95.28994906155488 -155.7248737341633 1.5
endloop
endfacet
facet normal 0 0 1
outer loop
vertex 107.55550418443451 -156.16014364304033 1.5
vertex 95.28994906155488 -155.7248737341633 1.5
vertex 95.46405689757974 -156.16014364304033 1.5
endloop
endfacet
facet normal 0 0 1
outer loop
vertex 145.5555041844042 -156.16014364304033 1.5
vertex 145.02512626585522 -155.7248737341633 1.5
vertex 111.97487373414008 -155.7248737341633 1.5
endloop
endfacet
facet normal 0 0 1
outer loop
vertex 145.5555041844042 -156.16014364304033 1.5
vertex 111.97487373414008 -155.7248737341633 1.5
vertex 111.44449581560997 -156.16014364304033 1.5
endloop
endfacet
facet normal 0 0 1
outer loop
vertex 161.53594254535435 -156.16014364304033 1.5
vertex 161.71005050045562 -155.7248737341633 1.5
vertex 149.97487373414026 -155.7248737341633 1.5
endloop
endfacet
facet normal 0 0 1
outer loop
vertex 161.53594254535435 -156.16014364304033 1.5
vertex 149.97487373414026 -155.7248737341633 1.5
vertex 149.44449581560548 -156.16014364304033 1.5
endloop
endfacet
facet normal 0 0 1
outer loop
vertex 107.02512626584092 -155.7248737341633 1.5
vertex 106.58985635692109 -155.19449581556995 1.5
vertex 95.07779804950835 -155.19449581556995 1.5
endloop
endfacet
facet normal 0 0 1
outer loop
vertex 107.02512626584092 -155.7248737341633 1.5
vertex 95.07779804950835 -155.19449581556995 1.5
vertex 95.28994906155488 -155.7248737341633 1.5
endloop
endfacet
facet normal 0 0 1
outer loop
vertex 145.02512626585522 -155.7248737341633 1.5
vertex 144.5898563569456 -155.19449581556995 1.5
vertex 112.41014364305755 -155.19449581556995 1.5
endloop
endfacet
facet normal 0 0 1
outer loop
vertex 145.02512626585522 -155.7248737341633 1.5
vertex 112.41014364305755 -155.19449581556995 1.5
vertex 111.97487373414008 -155.7248737341633 1.5
endloop
endfacet
facet normal 0 0 1
outer loop
vertex 161.71005050045562 -155.7248737341633 1.5
vertex 161.92220167000713 -155.19449581556995 1.5
vertex 150.41014364305786 -155.19449581556995 1.5
endloop
endfacet
facet normal 0 0 1
outer loop
vertex 161.71005050045562 -155.7248737341633 1.5
vertex 150.41014364305786 -155.19449581556995 1.5
vertex 149.97487373414026 -155.7248737341633 1.5
endloop
endfacet
facet normal 0 0 1
outer loop
vertex 106.58985635692109 -155.19449581556995 1.5
vertex 106.26642163621813 -154.58939201328045 1.5
vertex 94.83575670587665 -154.58939201328045 1.5
endloop
endfacet
facet normal 0 0 1
outer loop
vertex 106.58985635692109 -155.19449581556995 1.5
vertex 94.83575670587665 -154.58939201328045 1.5
vertex 95.07779804950835 -155.19449581556995 1.5
endloop
endfacet
facet normal 0 0 1
outer loop
vertex 144.5898563569456 -155.19449581556995 1.5
vertex 144.26642163621696 -154.58939201328045 1.5
vertex 112.73357836378787 -154.58939201328045 1.5
endloop
endfacet
facet normal 0 0 1
outer loop
vertex 144.5898563569456 -155.19449581556995 1.5
vertex 112.73357836378787 -154.58939201328045 1.5
vertex 112.41014364305755 -155.19449581556995 1.5
endloop
endfacet
facet normal 0 0 1
outer loop
vertex 161.92220167000713 -155.19449581556995 1.5
vertex 162.16424319333495 -154.58939201328045 1.5
vertex 150.7335783637877 -154.58939201328045 1.5
endloop
endfacet
facet normal 0 0 1
outer loop
vertex 161.92220167000713 -155.19449581556995 1.5
vertex 150.7335783637877 -154.58939201328045 1.5
vertex 150.41014364305786 -155.19449581556995 1.5
endloop
endfacet
facet normal 0 0 1
outer loop
vertex 106.26642163621813 -154.58939201328045 1.5
vertex 106.16346819453848 -154.25 1.5
vertex 94.69999999999999 -154.25 1.5
endloop
endfacet
facet normal 0 0 1
outer loop
vertex 106.26642163621813 -154.58939201328045 1.5
vertex 94.69999999999999 -154.25 1.5
vertex 94.83575670587665 -154.58939201328045 1.5
endloop
endfacet
facet normal 0 0 1
outer loop
vertex 162.16424319333495 -154.58939201328045 1.5
vertex 162.30000000000052 -154.25 1.5
vertex 150.83653180545915 -154.25 1.5
endloop
endfacet
facet normal 0 0 1
outer loop
vertex 162.16424319333495 -154.58939201328045 1.5
vertex 150.83653180545915 -154.25 1.5
vertex 150.7335783637877 -154.58939201328045 1.5
endloop
endfacet
facet normal 0 0 1
outer loop
vertex 94.69999999999999 -154.25 1.5
vertex 106.16346819453848 -154.25 1.5
vertex 106.06725151858983 -153.93281612705323 1.5
endloop
endfacet
facet normal 0 0 1
outer loop
vertex 94.69999999999999 -154.25 1.5
vertex 106.06725151858983 -153.93281612705323 1.5
vertex 90.42968558915899 -153.93281612705323 1.5
endloop
endfacet
facet normal 0 0 1
outer loop
vertex 94.69999999999999 -154.25 1.5
vertex 90.42968558915899 -153.93281612705323 1.5
vertex 90.49999999998965 -153.9820508075721 1.5
endloop
endfacet
facet normal 0 0 1
outer loop
vertex 94.69999999999999 -154.25 1.5
vertex 90.49999999998965 -153.9820508075721 1.5
vertex 90.81595971334328 -154.12938524156618 1.5
endloop
endfacet
facet normal 0 0 1
outer loop
vertex 94.69999999999999 -154.25 1.5
vertex 90.81595971334328 -154.12938524156618 1.5
vertex 91.15270364466919 -154.21961550602282 1.5
endloop
endfacet
facet normal 0 0 1
outer loop
vertex 94.69999999999999 -154.25 1.5
vertex 91.15270364466919 -154.21961550602282 1.5
vertex 91.49999999997684 -154.25 1.5
endloop
endfacet
facet normal 0 0 1
outer loop
vertex 144.26642163621696 -154.58939201328045 1.5
vertex 144.06725151858578 -153.93281612705323 1.5
vertex 112.93274848141158 -153.93281612705323 1.5
endloop
endfacet
facet normal 0 0 1
outer loop
vertex 144.26642163621696 -154.58939201328045 1.5
vertex 112.93274848141158 -153.93281612705323 1.5
vertex 112.73357836378787 -154.58939201328045 1.5
endloop
endfacet
facet normal 0 0 1
outer loop
vertex 162.30000000000052 -154.25 1.5
vertex 165.49999999998133 -154.25 1.5
vertex 165.84729635533336 -154.21961550602282 1.5
endloop
endfacet
facet normal 0 0 1
outer loop
vertex 162.30000000000052 -154.25 1.5
vertex 165.84729635533336 -154.21961550602282 1.5
vertex 166.18404028666586 -154.12938524156618 1.5
endloop
endfacet
facet normal 0 0 1
outer loop
vertex 162.30000000000052 -154.25 1.5
vertex 166.18404028666586 -154.12938524156618 1.5
vertex 166.4999999999955 -153.9820508075721 1.5
endloop
endfacet
facet normal 0 0 1
outer loop
vertex 162.30000000000052 -154.25 1.5
vertex 166.4999999999955 -153.9820508075721 1.5
vertex 166.57031441084092 -153.93281612705323 1.5
endloop
endfacet
facet normal 0 0 1
outer loop
vertex 162.30000000000052 -154.25 1.5
vertex 166.57031441084092 -153.93281612705323 1.5
vertex 150.9327484814113 -153.93281612705323 1.5
endloop
endfacet
facet normal 0 0 1
outer loop
vertex 162.30000000000052 -154.25 1.5
vertex 150.9327484814113 -153.93281612705323 1.5
vertex 150.83653180545915 -154.25 1.5
endloop
endfacet
facet normal 0 0 1
outer loop
vertex 106.06725151858983 -153.93281612705323 1.5
vertex 106.00000000000033 -153.25000000000009 1.5
vertex 89.76794919242786 -153.2499999999936 1.5
endloop
endfacet
facet normal 0 0 1
outer loop
vertex 106.06725151858983 -153.93281612705323 1.5
vertex 89.76794919242786 -153.2499999999936 1.5
vertex 89.96791111376285 -153.5355752193732 1.5
endloop
endfacet
facet normal 0 0 1
outer loop
vertex 106.06725151858983 -153.93281612705323 1.5
vertex 89.96791111376285 -153.5355752193732 1.5
vertex 90.21442478062949 -153.7820888862381 1.5
endloop
endfacet
facet normal 0 0 1
outer loop
vertex 106.06725151858983 -153.93281612705323 1.5
vertex 90.21442478062949 -153.7820888862381 1.5
vertex 90.42968558915899 -153.93281612705323 1.5
endloop
endfacet
facet normal 0 0 1
outer loop
vertex 144.06725151858578 -153.93281612705323 1.5
vertex 144.00000000000045 -153.25000000000009 1.5
vertex 112.99999999999987 -153.25000000000009 1.5
endloop
endfacet
facet normal 0 0 1
outer loop
vertex 144.06725151858578 -153.93281612705323 1.5
vertex 112.99999999999987 -153.25000000000009 1.5
vertex 112.93274848141158 -153.93281612705323 1.5
endloop
endfacet
facet normal 0 0 1
outer loop
vertex 166.57031441084092 -153.93281612705323 1.5
vertex 166.785575219373 -153.7820888862381 1.5
vertex 167.0320888862379 -153.5355752193732 1.5
endloop
endfacet
facet normal 0 0 1
outer loop
vertex 166.57031441084092 -153.93281612705323 1.5
vertex 167.0320888862379 -153.5355752193732 1.5
vertex 167.2320508075734 -153.2499999999936 1.5
endloop
endfacet
facet normal 0 0 1
outer loop
vertex 166.57031441084092 -153.93281612705323 1.5
vertex 167.2320508075734 -153.2499999999936 1.5
vertex 150.99999999999972 -153.25000000000009 1.5
endloop
endfacet
facet normal 0 0 1
outer loop
vertex 166.57031441084092 -153.93281612705323 1.5
vertex 150.99999999999972 -153.25000000000009 1.5
vertex 150.9327484814113 -153.93281612705323 1.5
endloop
endfacet
facet normal 0 0 1
outer loop
vertex 106.00000000000033 -153.25000000000009 1.5
vertex 106.06725151858817 -152.5671838729442 1.5
vertex 89.52774999313588 -152.5671838729442 1.5
endloop
endfacet
facet normal 0 0 1
outer loop
vertex 106.00000000000033 -153.25000000000009 1.5
vertex 89.52774999313588 -152.5671838729442 1.5
vertex 89.53038449397387 -152.5972963553169 1.5
endloop
endfacet
facet normal 0 0 1
outer loop
vertex 106.00000000000033 -153.25000000000009 1.5
vertex 89.53038449397387 -152.5972963553169 1.5
vertex 89.62061475843448 -152.93404028666671 1.5
endloop
endfacet
facet normal 0 0 1
outer loop
vertex 106.00000000000033 -153.25000000000009 1.5
vertex 89.62061475843448 -152.93404028666671 1.5
vertex 89.76794919242786 -153.2499999999936 1.5
endloop
endfacet
facet normal 0 0 1
outer loop
vertex 144.00000000000045 -153.25000000000009 1.5
vertex 144.06725151859186 -152.5671838729442 1.5
vertex 112.93274848141172 -152.5671838729442 1.5
endloop
endfacet
facet normal 0 0 1
outer loop
vertex 144.00000000000045 -153.25000000000009 1.5
vertex 112.93274848141172 -152.5671838729442 1.5
vertex 112.99999999999987 -153.25000000000009 1.5
endloop
endfacet
facet normal 0 0 1
outer loop
vertex 167.2320508075734 -153.2499999999936 1.5
vertex 167.37938524156618 -152.93404028666671 1.5
vertex 167.4696155060235 -152.5972963553169 1.5
endloop
endfacet
facet normal 0 0 1
outer loop
vertex 167.2320508075734 -153.2499999999936 1.5
vertex 167.4696155060235 -152.5972963553169 1.5
vertex 167.47225000686413 -152.5671838729442 1.5
endloop
endfacet
facet normal 0 0 1
outer loop
vertex 167.2320508075734 -153.2499999999936 1.5
vertex 167.47225000686413 -152.5671838729442 1.5
vertex 150.9327484814109 -152.5671838729442 1.5
endloop
endfacet
facet normal 0 0 1
outer loop
vertex 167.2320508075734 -153.2499999999936 1.5
vertex 150.9327484814109 -152.5671838729442 1.5
vertex 150.99999999999972 -153.25000000000009 1.5
endloop
endfacet
facet normal 0 0 1
outer loop
vertex 106.06725151858817 -152.5671838729442 1.5
vertex 106.2664216362079 -151.9106079867182 1.5
vertex 89.5 -151.9106079867182 1.5
endloop
endfacet
facet normal 0 0 1
outer loop
vertex 106.06725151858817 -152.5671838729442 1.5
vertex 89.5 -151.9106079867182 1.5
vertex 89.5 -152.24999999999994 1.5
endloop
endfacet
facet normal 0 0 1
outer loop
vertex 106.06725151858817 -152.5671838729442 1.5
vertex 89.5 -152.24999999999994 1.5
vertex 89.52774999313588 -152.5671838729442 1.5
endloop
endfacet
facet normal 0 0 1
outer loop
vertex 144.06725151859186 -152.5671838729442 1.5
vertex 144.26642163620764 -151.9106079867182 1.5
vertex 112.733578363787 -151.9106079867182 1.5
endloop
endfacet
facet normal 0 0 1
outer loop
vertex 144.06725151859186 -152.5671838729442 1.5
vertex 112.733578363787 -151.9106079867182 1.5
vertex 112.93274848141172 -152.5671838729442 1.5
endloop
endfacet
facet normal 0 0 1
outer loop
vertex 167.47225000686413 -152.5671838729442 1.5
vertex 167.4999999999996 -152.24999999999994 1.5
vertex 167.5 -151.9106079867182 1.5
endloop
endfacet
facet normal 0 0 1
outer loop
vertex 167.47225000686413 -152.5671838729442 1.5
vertex 167.5 -151.9106079867182 1.5
vertex 150.73357836378767 -151.9106079867182 1.5
endloop
endfacet
facet normal 0 0 1
outer loop
vertex 167.47225000686413 -152.5671838729442 1.5
vertex 150.73357836378767 -151.9106079867182 1.5
vertex 150.9327484814109 -152.5671838729442 1.5
endloop
endfacet
facet normal 0 0 1
outer loop
vertex 106.2664216362079 -151.9106079867182 1.5
vertex 106.58985635694197 -151.3055041844315 1.5
vertex 89.5 -151.3055041844315 1.5
endloop
endfacet
facet normal 0 0 1
outer loop
vertex 106.2664216362079 -151.9106079867182 1.5
vertex 89.5 -151.3055041844315 1.5
vertex 89.5 -151.9106079867182 1.5
endloop
endfacet
facet normal 0 0 1
outer loop
vertex 144.26642163620764 -151.9106079867182 1.5
vertex 144.5898563569397 -151.3055041844315 1.5
vertex 112.41014364306066 -151.3055041844315 1.5
endloop
endfacet
facet normal 0 0 1
outer loop
vertex 144.26642163620764 -151.9106079867182 1.5
vertex 112.41014364306066 -151.3055041844315 1.5
vertex 112.733578363787 -151.9106079867182 1.5
endloop
endfacet
facet normal 0 0 1
outer loop
vertex 167.5 -151.9106079867182 1.5
vertex 167.5 -151.3055041844315 1.5
vertex 150.4101436430593 -151.3055041844315 1.5
endloop
endfacet
facet normal 0 0 1
outer loop
vertex 167.5 -151.9106079867182 1.5
vertex 150.4101436430593 -151.3055041844315 1.5
vertex 150.73357836378767 -151.9106079867182 1.5
endloop
endfacet
facet normal 0 0 1
outer loop
vertex 106.58985635694197 -151.3055041844315 1.5
vertex 107.02512626584961 -150.77512626584522 1.5
vertex 89.5 -150.77512626584522 1.5
endloop
endfacet
facet normal 0 0 1
outer loop
vertex 106.58985635694197 -151.3055041844315 1.5
vertex 89.5 -150.77512626584522 1.5
vertex 89.5 -151.3055041844315 1.5
endloop
endfacet
facet normal 0 0 1
outer loop
vertex 144.5898563569397 -151.3055041844315 1.5
vertex 145.02512626584766 -150.77512626584522 1.5
vertex 111.97487373414751 -150.77512626584522 1.5
endloop
endfacet
facet normal 0 0 1
outer loop
vertex 144.5898563569397 -151.3055041844315 1.5
vertex 111.97487373414751 -150.77512626584522 1.5
vertex 112.41014364306066 -151.3055041844315 1.5
endloop
endfacet
facet normal 0 0 1
outer loop
vertex 167.5 -151.3055041844315 1.5
vertex 167.5 -150.77512626584522 1.5
vertex 149.97487373414688 -150.77512626584522 1.5
endloop
endfacet
facet normal 0 0 1
outer loop
vertex 167.5 -151.3055041844315 1.5
vertex 149.97487373414688 -150.77512626584522 1.5
vertex 150.4101436430593 -151.3055041844315 1.5
endloop
endfacet
facet normal 0 0 1
outer loop
vertex 107.02512626584961 -150.77512626584522 1.5
vertex 107.55550418443094 -150.33985635694054 1.5
vertex 89.5 -150.33985635694054 1.5
endloop
endfacet
facet normal 0 0 1
outer loop
vertex 107.02512626584961 -150.77512626584522 1.5
vertex 89.5 -150.33985635694054 1.5
vertex 89.5 -150.77512626584522 1.5
endloop
endfacet
facet normal 0 0 1
outer loop
vertex 145.02512626584766 -150.77512626584522 1.5
vertex 145.55550418442883 -150.33985635694054 1.5
vertex 111.4444958155644 -150.33985635694054 1.5
endloop
endfacet
facet normal 0 0 1
outer loop
vertex 145.02512626584766 -150.77512626584522 1.5
vertex 111.4444958155644 -150.33985635694054 1.5
vertex 111.97487373414751 -150.77512626584522 1.5
endloop
endfacet
facet normal 0 0 1
outer loop
vertex 167.5 -150.77512626584522 1.5
vertex 167.5 -150.33985635694054 1.5
vertex 149.44449581556592 -150.33985635694054 1.5
endloop
endfacet
facet normal 0 0 1
outer loop
vertex 167.5 -150.77512626584522 1.5
vertex 149.44449581556592 -150.33985635694054 1.5
vertex 149.97487373414688 -150.77512626584522 1.5
endloop
endfacet
facet normal 0 0 1
outer loop
vertex 107.55550418443094 -150.33985635694054 1.5
vertex 108.16060798672751 -150.01642163620517 1.5
vertex 89.5 -150.01642163620517 1.5
endloop
endfacet
facet normal 0 0 1
outer loop
vertex 107.55550418443094 -150.33985635694054 1.5
vertex 89.5 -150.01642163620517 1.5
vertex 89.5 -150.33985635694054 1.5
endloop
endfacet
facet normal 0 0 1
outer loop
vertex 145.55550418442883 -150.33985635694054 1.5
vertex 146.16060798672538 -150.01642163620517 1.5
vertex 110.8393920132646 -150.01642163620517 1.5
endloop
endfacet
facet normal 0 0 1
outer loop
vertex 145.55550418442883 -150.33985635694054 1.5
vertex 110.8393920132646 -150.01642163620517 1.5
vertex 111.4444958155644 -150.33985635694054 1.5
endloop
endfacet
facet normal 0 0 1
outer loop
vertex 167.5 -150.33985635694054 1.5
vertex 167.5 -150.01642163620517 1.5
vertex 148.8393920132629 -150.01642163620517 1.5
endloop
endfacet
facet normal 0 0 1
outer loop
vertex 167.5 -150.33985635694054 1.5
vertex 148.8393920132629 -150.01642163620517 1.5
vertex 149.44449581556592 -150.33985635694054 1.5
endloop
endfacet
facet normal 0 0 1
outer loop
vertex 108.16060798672751 -150.01642163620517 1.5
vertex 108.81718387293763 -149.81725151858933 1.5
vertex 89.5 -149.81725151858933 1.5
endloop
endfacet
facet normal 0 0 1
outer loop
vertex 108.16060798672751 -150.01642163620517 1.5
vertex 89.5 -149.81725151858933 1.5
vertex 89.5 -150.01642163620517 1.5
endloop
endfacet
facet normal 0 0 1
outer loop
vertex 146.16060798672538 -150.01642163620517 1.5
vertex 146.81718387294032 -149.81725151858933 1.5
vertex 110.18281612706288 -149.81725151858933 1.5
endloop
endfacet
facet normal 0 0 1
outer loop
vertex 146.16060798672538 -150.01642163620517 1.5
vertex 110.18281612706288 -149.81725151858933 1.5
vertex 110.8393920132646 -150.01642163620517 1.5
endloop
endfacet
facet normal 0 0 1
outer loop
vertex 167.5 -150.01642163620517 1.5
vertex 167.5 -149.81725151858933 1.5
vertex 148.1828161270696 -149.81725151858933 1.5
endloop
endfacet
facet normal 0 0 1
outer loop
vertex 167.5 -150.01642163620517 1.5
vertex 148.1828161270696 -149.81725151858933 1.5
vertex 148.8393920132629 -150.01642163620517 1.5
endloop
endfacet
facet normal 0 0 1
outer loop
vertex 108.81718387293763 -149.81725151858933 1.5
vertex 109.50000000000153 -149.75000000000014 1.5
vertex 89.5 -149.75000000000014 1.5
endloop
endfacet
facet normal 0 0 1
outer loop
vertex 108.81718387293763 -149.81725151858933 1.5
vertex 89.5 -149.75000000000014 1.5
vertex 89.5 -149.81725151858933 1.5
endloop
endfacet
facet normal 0 0 1
outer loop
vertex 146.81718387294032 -149.81725151858933 1.5
vertex 147.50000000000665 -149.75000000000014 1.5
vertex 109.50000000000153 -149.75000000000014 1.5
endloop
endfacet
facet normal 0 0 1
outer loop
vertex 146.81718387294032 -149.81725151858933 1.5
vertex 109.50000000000153 -149.75000000000014 1.5
vertex 110.18281612706288 -149.81725151858933 1.5
endloop
endfacet
facet normal 0 0 1
outer loop
vertex 167.5 -149.81725151858933 1.5
vertex 167.5 -149.75000000000014 1.5
vertex 147.50000000000665 -149.75000000000014 1.5
endloop
endfacet
facet normal 0 0 1
outer loop
vertex 167.5 -149.81725151858933 1.5
vertex 147.50000000000665 -149.75000000000014 1.5
vertex 148.1828161270696 -149.81725151858933 1.5
endloop
endfacet
facet normal 0 0 1
outer loop
vertex 109.50000000000153 -149.75000000000014 1.5
vertex 147.50000000000665 -149.75000000000014 1.5
vertex 167.5 -149.75000000000014 1.5
endloop
endfacet
facet normal 0 0 1
outer loop
vertex 109.50000000000153 -149.75000000000014 1.5
vertex 167.5 -149.75000000000014 1.5
vertex 167.5 -135.25000459997935 1.5
endloop
endfacet
facet normal 0 0 1
outer loop
vertex 109.50000000000153 -149.75000000000014 1.5
vertex 167.5 -135.25000459997935 1.5
vertex 167.47766282679459 -134.9519186664568 1.5
endloop
endfacet
facet normal 0 0 1
outer loop
vertex 109.50000000000153 -149.75000000000014 1.5
vertex 167.47766282679459 -134.9519186664568 1.5
vertex 167.4111475469444 -134.6604913330509 1.5
endloop
endfacet
facet normal 0 0 1
outer loop
vertex 109.50000000000153 -149.75000000000014 1.5
vertex 167.4111475469444 -134.6604913330509 1.5
vertex 167.3019400206047 -134.3822327651681 1.5
endloop
endfacet
facet normal 0 0 1
outer loop
vertex 109.50000000000153 -149.75000000000014 1.5
vertex 167.3019400206047 -134.3822327651681 1.5
vertex 167.15247976110427 -134.1233585464992 1.5
endloop
endfacet
facet normal 0 0 1
outer loop
vertex 109.50000000000153 -149.75000000000014 1.5
vertex 167.15247976110427 -134.1233585464992 1.5
vertex 166.9661055300891 -133.8896518573341 1.5
endloop
endfacet
facet normal 0 0 1
outer loop
vertex 109.50000000000153 -149.75000000000014 1.5
vertex 166.9661055300891 -133.8896518573341 1.5
vertex 166.746980630418 -133.68633326139795 1.5
endloop
endfacet
facet normal 0 0 1
outer loop
vertex 109.50000000000153 -149.75000000000014 1.5
vertex 166.746980630418 -133.68633326139795 1.5
vertex 166.5000085072639 -133.51795499999997 1.5
endloop
endfacet
facet normal 0 0 1
outer loop
vertex 109.50000000000153 -149.75000000000014 1.5
vertex 166.5000085072639 -133.51795499999997 1.5
vertex 90.5 -133.51795500000006 1.5
endloop
endfacet
facet normal 0 0 1
outer loop
vertex 109.50000000000153 -149.75000000000014 1.5
vertex 90.5 -133.51795500000006 1.5
vertex 90.2530216033779 -133.6863418800008 1.5
endloop
endfacet
facet normal 0 0 1
outer loop
vertex 109.50000000000153 -149.75000000000014 1.5
vertex 90.2530216033779 -133.6863418800008 1.5
vertex 90.03389835662391 -133.88965806844897 1.5
endloop
endfacet
facet normal 0 0 1
outer loop
vertex 109.50000000000153 -149.75000000000014 1.5
vertex 90.03389835662391 -133.88965806844897 1.5
vertex 89.84752506054984 -134.12336186445836 1.5
endloop
endfacet
facet normal 0 0 1
outer loop
vertex 109.50000000000153 -149.75000000000014 1.5
vertex 89.84752506054984 -134.12336186445836 1.5
vertex 89.69806494374552 -134.3822327651681 1.5
endloop
endfacet
facet normal 0 0 1
outer loop
vertex 109.50000000000153 -149.75000000000014 1.5
vertex 89.69806494374552 -134.3822327651681 1.5
vertex 89.58885666383803 -134.660488082021 1.5
endloop
endfacet
facet normal 0 0 1
outer loop
vertex 109.50000000000153 -149.75000000000014 1.5
vertex 89.58885666383803 -134.660488082021 1.5
vertex 89.52233972821793 -134.9519121150505 1.5
endloop
endfacet
facet normal 0 0 1
outer loop
vertex 109.50000000000153 -149.75000000000014 1.5
vertex 89.52233972821793 -134.9519121150505 1.5
vertex 89.50000000000047 -135.2500000000002 1.5
endloop
endfacet
facet normal 0 0 1
outer loop
vertex 109.50000000000153 -149.75000000000014 1.5
vertex 89.50000000000047 -135.2500000000002 1.5
vertex 89.5 -149.75000000000014 1.5
endloop
endfacet
facet normal 0 0 -1
outer loop
vertex 166.5000085072639 -133.51795499999997 1.5
vertex 166.5 -133.51794920000205 1.5
vertex 166.5 -130.2320449999992 1.5
endloop
endfacet
facet normal 0 0 -1
outer loop
vertex 166.5000085072639 -133.51795499999997 1.5
vertex 166.5 -130.2320449999992 1.5
vertex 90.5 -130.23205079999912 1.5
endloop
endfacet
facet normal 0 0 -1
outer loop
vertex 166.5000085072639 -133.51795499999997 1.5
vertex 90.5 -130.23205079999912 1.5
vertex 90.5 -133.51795500000006 1.5
endloop
endfacet
facet normal 0 0 1
outer loop
vertex 90.5 -130.23205079999912 1.5
vertex 166.5 -130.2320449999992 1.5
vertex 166.7469783966244 -130.0636581199969 1.5
endloop
endfacet
facet normal 0 0 1
outer loop
vertex 90.5 -130.23205079999912 1.5
vertex 166.7469783966244 -130.0636581199969 1.5
vertex 166.96610164337855 -129.86034193154856 1.5
endloop
endfacet
facet normal 0 0 1
outer loop
vertex 90.5 -130.23205079999912 1.5
vertex 166.96610164337855 -129.86034193154856 1.5
vertex 167.15247493944744 -129.62663813554562 1.5
endloop
endfacet
facet normal 0 0 1
outer loop
vertex 90.5 -130.23205079999912 1.5
vertex 167.15247493944744 -129.62663813554562 1.5
vertex 167.30193504790168 -129.36776733804024 1.5
endloop
endfacet
facet normal 0 0 1
outer loop
vertex 90.5 -130.23205079999912 1.5
vertex 167.30193504790168 -129.36776733804024 1.5
vertex 167.41114333616332 -129.08951191797547 1.5
endloop
endfacet
facet normal 0 0 1
outer loop
vertex 90.5 -130.23205079999912 1.5
vertex 167.41114333616332 -129.08951191797547 1.5
vertex 167.47766027178074 -128.79808788495785 1.5
endloop
endfacet
facet normal 0 0 1
outer loop
vertex 90.5 -130.23205079999912 1.5
vertex 167.47766027178074 -128.79808788495785 1.5
vertex 167.5 -128.5000000000001 1.5
endloop
endfacet
facet normal 0 0 1
outer loop
vertex 90.5 -130.23205079999912 1.5
vertex 167.5 -128.5000000000001 1.5
vertex 167.5 -94.99999999999997 1.5
endloop
endfacet
facet normal 0 0 1
outer loop
vertex 90.5 -130.23205079999912 1.5
vertex 167.5 -94.99999999999997 1.5
vertex 147.49999999999415 -94.99999999999997 1.5
endloop
endfacet
facet normal 0 0 1
outer loop
vertex 90.5 -130.23205079999912 1.5
vertex 147.49999999999415 -94.99999999999997 1.5
vertex 109.49999999999785 -94.99999999999997 1.5
endloop
endfacet
facet normal 0 0 1
outer loop
vertex 90.5 -130.23205079999912 1.5
vertex 109.49999999999785 -94.99999999999997 1.5
vertex 89.5 -94.99999999999997 1.5
endloop
endfacet
facet normal 0 0 1
outer loop
vertex 90.5 -130.23205079999912 1.5
vertex 89.5 -94.99999999999997 1.5
vertex 89.5 -128.49999539999882 1.5
endloop
endfacet
facet normal 0 0 1
outer loop
vertex 90.5 -130.23205079999912 1.5
vertex 89.5 -128.49999539999882 1.5
vertex 89.52233717320816 -128.7980813335582 1.5
endloop
endfacet
facet normal 0 0 1
outer loop
vertex 90.5 -130.23205079999912 1.5
vertex 89.52233717320816 -128.7980813335582 1.5
vertex 89.58885245305204 -129.08950866693638 1.5
endloop
endfacet
facet normal 0 0 1
outer loop
vertex 90.5 -130.23205079999912 1.5
vertex 89.58885245305204 -129.08950866693638 1.5
vertex 89.6980599850762 -129.36776733804024 1.5
endloop
endfacet
facet normal 0 0 1
outer loop
vertex 90.5 -130.23205079999912 1.5
vertex 89.6980599850762 -129.36776733804024 1.5
vertex 89.84752023209856 -129.62664145349777 1.5
endloop
endfacet
facet normal 0 0 1
outer loop
vertex 90.5 -130.23205079999912 1.5
vertex 89.84752023209856 -129.62664145349777 1.5
vertex 90.03389446992853 -129.86034814268604 1.5
endloop
endfacet
facet normal 0 0 1
outer loop
vertex 90.5 -130.23205079999912 1.5
vertex 90.03389446992853 -129.86034814268604 1.5
vertex 90.25301936957163 -130.06366673859617 1.5
endloop
endfacet
facet normal 0 0 1
outer loop
vertex 90.5 -130.23205079999912 1.5
vertex 90.25301936957163 -130.06366673859617 1.5
vertex 90.49999149273602 -130.232045 1.5
endloop
endfacet
facet normal 0 0 1
outer loop
vertex 109.49999999999785 -94.99999999999997 1.5
vertex 108.81718387293057 -94.9327484814102 1.5
vertex 89.5 -94.9327484814102 1.5
endloop
endfacet
facet normal 0 0 1
outer loop
vertex 109.49999999999785 -94.99999999999997 1.5
vertex 89.5 -94.9327484814102 1.5
vertex 89.5 -94.99999999999997 1.5
endloop
endfacet
facet normal 0 0 1
outer loop
vertex 147.49999999999415 -94.99999999999997 1.5
vertex 146.81718387292594 -94.9327484814102 1.5
vertex 110.18281612706524 -94.9327484814102 1.5
endloop
endfacet
facet normal 0 0 1
outer loop
vertex 147.49999999999415 -94.99999999999997 1.5
vertex 110.18281612706524 -94.9327484814102 1.5
vertex 109.49999999999785 -94.99999999999997 1.5
endloop
endfacet
facet normal 0 0 1
outer loop
vertex 167.5 -94.99999999999997 1.5
vertex 167.5 -94.9327484814102 1.5
vertex 148.18281612706775 -94.9327484814102 1.5
endloop
endfacet
facet normal 0 0 1
outer loop
vertex 167.5 -94.99999999999997 1.5
vertex 148.18281612706775 -94.9327484814102 1.5
vertex 147.49999999999415 -94.99999999999997 1.5
endloop
endfacet
facet normal 0 0 1
outer loop
vertex 108.81718387293057 -94.9327484814102 1.5
vertex 108.16060798673215 -94.73357836379535 1.5
vertex 89.5 -94.73357836379535 1.5
endloop
endfacet
facet normal 0 0 1
outer loop
vertex 108.81718387293057 -94.9327484814102 1.5
vertex 89.5 -94.73357836379535 1.5
vertex 89.5 -94.9327484814102 1.5
endloop
endfacet
facet normal 0 0 1
outer loop
vertex 146.81718387292594 -94.9327484814102 1.5
vertex 146.16060798673033 -94.73357836379535 1.5
vertex 110.83939201325946 -94.73357836379535 1.5
endloop
endfacet
facet normal 0 0 1
outer loop
vertex 146.81718387292594 -94.9327484814102 1.5
vertex 110.83939201325946 -94.73357836379535 1.5
vertex 110.18281612706524 -94.9327484814102 1.5
endloop
endfacet
facet normal 0 0 1
outer loop
vertex 167.5 -94.9327484814102 1.5
vertex 167.5 -94.73357836379535 1.5
vertex 148.83939201325097 -94.73357836379535 1.5
endloop
endfacet
facet normal 0 0 1
outer loop
vertex 167.5 -94.9327484814102 1.5
vertex 148.83939201325097 -94.73357836379535 1.5
vertex 148.18281612706775 -94.9327484814102 1.5
endloop
endfacet
facet normal 0 0 1
outer loop
vertex 108.16060798673215 -94.73357836379535 1.5
vertex 107.55550418443752 -94.4101436430627 1.5
vertex 89.5 -94.4101436430627 1.5
endloop
endfacet
facet normal 0 0 1
outer loop
vertex 108.16060798673215 -94.73357836379535 1.5
vertex 89.5 -94.4101436430627 1.5
vertex 89.5 -94.73357836379535 1.5
endloop
endfacet
facet normal 0 0 1
outer loop
vertex 146.16060798673033 -94.73357836379535 1.5
vertex 145.5555041844319 -94.4101436430627 1.5
vertex 111.44449581556727 -94.4101436430627 1.5
endloop
endfacet
facet normal 0 0 1
outer loop
vertex 146.16060798673033 -94.73357836379535 1.5
vertex 111.44449581556727 -94.4101436430627 1.5
vertex 110.83939201325946 -94.73357836379535 1.5
endloop
endfacet
facet normal 0 0 1
outer loop
vertex 167.5 -94.73357836379535 1.5
vertex 167.5 -94.4101436430627 1.5
vertex 149.44449581557683 -94.4101436430627 1.5
endloop
endfacet
facet normal 0 0 1
outer loop
vertex 167.5 -94.73357836379535 1.5
vertex 149.44449581557683 -94.4101436430627 1.5
vertex 148.83939201325097 -94.73357836379535 1.5
endloop
endfacet
facet normal 0 0 1
outer loop
vertex 107.55550418443752 -94.4101436430627 1.5
vertex 107.02512626583705 -93.9748737341534 1.5
vertex 89.5 -93.9748737341534 1.5
endloop
endfacet
facet normal 0 0 1
outer loop
vertex 107.55550418443752 -94.4101436430627 1.5
vertex 89.5 -93.9748737341534 1.5
vertex 89.5 -94.4101436430627 1.5
endloop
endfacet
facet normal 0 0 1
outer loop
vertex 145.5555041844319 -94.4101436430627 1.5
vertex 145.0251262658407 -93.9748737341534 1.5
vertex 111.97487373415251 -93.9748737341534 1.5
endloop
endfacet
facet normal 0 0 1
outer loop
vertex 145.5555041844319 -94.4101436430627 1.5
vertex 111.97487373415251 -93.9748737341534 1.5
vertex 111.44449581556727 -94.4101436430627 1.5
endloop
endfacet
facet normal 0 0 1
outer loop
vertex 167.5 -94.4101436430627 1.5
vertex 167.5 -93.9748737341534 1.5
vertex 149.97487373415328 -93.9748737341534 1.5
endloop
endfacet
facet normal 0 0 1
outer loop
vertex 167.5 -94.4101436430627 1.5
vertex 149.97487373415328 -93.9748737341534 1.5
vertex 149.44449581557683 -94.4101436430627 1.5
endloop
endfacet
facet normal 0 0 1
outer loop
vertex 107.02512626583705 -93.9748737341534 1.5
vertex 106.58985635694077 -93.44449581556658 1.5
vertex 89.5 -93.44449581556658 1.5
endloop
endfacet
facet normal 0 0 1
outer loop
vertex 107.02512626583705 -93.9748737341534 1.5
vertex 89.5 -93.44449581556658 1.5
vertex 89.5 -93.9748737341534 1.5
endloop
endfacet
facet normal 0 0 1
outer loop
vertex 145.0251262658407 -93.9748737341534 1.5
vertex 144.58985635694546 -93.44449581556658 1.5
vertex 112.41014364306054 -93.44449581556658 1.5
endloop
endfacet
facet normal 0 0 1
outer loop
vertex 145.0251262658407 -93.9748737341534 1.5
vertex 112.41014364306054 -93.44449581556658 1.5
vertex 111.97487373415251 -93.9748737341534 1.5
endloop
endfacet
facet normal 0 0 1
outer loop
vertex 167.5 -93.9748737341534 1.5
vertex 167.5 -93.44449581556658 1.5
vertex 150.41014364306014 -93.44449581556658 1.5
endloop
endfacet
facet normal 0 0 1
outer loop
vertex 167.5 -93.9748737341534 1.5
vertex 150.41014364306014 -93.44449581556658 1.5
vertex 149.97487373415328 -93.9748737341534 1.5
endloop
endfacet
facet normal 0 0 1
outer loop
vertex 106.58985635694077 -93.44449581556658 1.5
vertex 106.26642163621143 -92.83939201328475 1.5
vertex 89.5 -92.83939201328475 1.5
endloop
endfacet
facet normal 0 0 1
outer loop
vertex 106.58985635694077 -93.44449581556658 1.5
vertex 89.5 -92.83939201328475 1.5
vertex 89.5 -93.44449581556658 1.5
endloop
endfacet
facet normal 0 0 1
outer loop
vertex 144.58985635694546 -93.44449581556658 1.5
vertex 144.26642163621057 -92.83939201328475 1.5
vertex 112.73357836378635 -92.83939201328475 1.5
endloop
endfacet
facet normal 0 0 1
outer loop
vertex 144.58985635694546 -93.44449581556658 1.5
vertex 112.73357836378635 -92.83939201328475 1.5
vertex 112.41014364306054 -93.44449581556658 1.5
endloop
endfacet
facet normal 0 0 1
outer loop
vertex 167.5 -93.44449581556658 1.5
vertex 167.5 -92.83939201328475 1.5
vertex 150.7335783637868 -92.83939201328475 1.5
endloop
endfacet
facet normal 0 0 1
outer loop
vertex 167.5 -93.44449581556658 1.5
vertex 150.7335783637868 -92.83939201328475 1.5
vertex 150.41014364306014 -93.44449581556658 1.5
endloop
endfacet
facet normal 0 0 1
outer loop
vertex 106.26642163621143 -92.83939201328475 1.5
vertex 106.06725151858998 -92.1828161270529 1.5
vertex 89.5 -92.1828161270529 1.5
endloop
endfacet
facet normal 0 0 1
outer loop
vertex 106.26642163621143 -92.83939201328475 1.5
vertex 89.5 -92.1828161270529 1.5
vertex 89.5 -92.83939201328475 1.5
endloop
endfacet
facet normal 0 0 1
outer loop
vertex 144.26642163621057 -92.83939201328475 1.5
vertex 144.06725151858862 -92.1828161270529 1.5
vertex 112.93274848141137 -92.1828161270529 1.5
endloop
endfacet
facet normal 0 0 1
outer loop
vertex 144.26642163621057 -92.83939201328475 1.5
vertex 112.93274848141137 -92.1828161270529 1.5
vertex 112.73357836378635 -92.83939201328475 1.5
endloop
endfacet
facet normal 0 0 1
outer loop
vertex 167.5 -92.83939201328475 1.5
vertex 167.5 -92.1828161270529 1.5
vertex 150.9327484814114 -92.1828161270529 1.5
endloop
endfacet
facet normal 0 0 1
outer loop
vertex 167.5 -92.83939201328475 1.5
vertex 150.9327484814114 -92.1828161270529 1.5
vertex 150.7335783637868 -92.83939201328475 1.5
endloop
endfacet
facet normal 0 0 1
outer loop
vertex 106.06725151858998 -92.1828161270529 1.5
vertex 106.0000000000007 -91.49999999999979 1.5
vertex 89.5 -91.49999999999979 1.5
endloop
endfacet
facet normal 0 0 1
outer loop
vertex 106.06725151858998 -92.1828161270529 1.5
vertex 89.5 -91.49999999999979 1.5
vertex 89.5 -92.1828161270529 1.5
endloop
endfacet
facet normal 0 0 1
outer loop
vertex 144.06725151858862 -92.1828161270529 1.5
vertex 143.99999999999991 -91.49999999999979 1.5
vertex 112.99999999999972 -91.49999999999979 1.5
endloop
endfacet
facet normal 0 0 1
outer loop
vertex 144.06725151858862 -92.1828161270529 1.5
vertex 112.99999999999972 -91.49999999999979 1.5
vertex 112.93274848141137 -92.1828161270529 1.5
endloop
endfacet
facet normal 0 0 1
outer loop
vertex 167.5 -92.1828161270529 1.5
vertex 167.5 -91.49999999999979 1.5
vertex 151.0000000000003 -91.49999999999979 1.5
endloop
endfacet
facet normal 0 0 1
outer loop
vertex 167.5 -92.1828161270529 1.5
vertex 151.0000000000003 -91.49999999999979 1.5
vertex 150.9327484814114 -92.1828161270529 1.5
endloop
endfacet
facet normal 0 0 1
outer loop
vertex 106.0000000000007 -91.49999999999979 1.5
vertex 106.06725151858876 -90.81718387294922 1.5
vertex 89.5 -90.81718387294922 1.5
endloop
endfacet
facet normal 0 0 1
outer loop
vertex 106.0000000000007 -91.49999999999979 1.5
vertex 89.5 -90.81718387294922 1.5
vertex 89.5 -91.49999999999979 1.5
endloop
endfacet
facet normal 0 0 1
outer loop
vertex 143.99999999999991 -91.49999999999979 1.5
vertex 144.06725151858944 -90.81718387294922 1.5
vertex 112.93274848141252 -90.81718387294922 1.5
endloop
endfacet
facet normal 0 0 1
outer loop
vertex 143.99999999999991 -91.49999999999979 1.5
vertex 112.93274848141252 -90.81718387294922 1.5
vertex 112.99999999999972 -91.49999999999979 1.5
endloop
endfacet
facet normal 0 0 1
outer loop
vertex 167.5 -91.49999999999979 1.5
vertex 167.5 -90.81718387294922 1.5
vertex 150.93274848141164 -90.81718387294922 1.5
endloop
endfacet
facet normal 0 0 1
outer loop
vertex 167.5 -91.49999999999979 1.5
vertex 150.93274848141164 -90.81718387294922 1.5
vertex 151.0000000000003 -91.49999999999979 1.5
endloop
endfacet
facet normal 0 0 1
outer loop
vertex 106.06725151858876 -90.81718387294922 1.5
vertex 106.26642163621092 -90.16060798671101 1.5
vertex 89.5 -90.16060798671101 1.5
endloop
endfacet
facet normal 0 0 1
outer loop
vertex 106.06725151858876 -90.81718387294922 1.5
vertex 89.5 -90.16060798671101 1.5
vertex 89.5 -90.81718387294922 1.5
endloop
endfacet
facet normal 0 0 1
outer loop
vertex 144.06725151858944 -90.81718387294922 1.5
vertex 144.2664216362066 -90.16060798671101 1.5
vertex 112.73357836378561 -90.16060798671101 1.5
endloop
endfacet
facet normal 0 0 1
outer loop
vertex 144.06725151858944 -90.81718387294922 1.5
vertex 112.73357836378561 -90.16060798671101 1.5
vertex 112.93274848141252 -90.81718387294922 1.5
endloop
endfacet
facet normal 0 0 1
outer loop
vertex 167.5 -90.81718387294922 1.5
vertex 167.5 -90.16060798671101 1.5
vertex 150.73357836378574 -90.16060798671101 1.5
endloop
endfacet
facet normal 0 0 1
outer loop
vertex 167.5 -90.81718387294922 1.5
vertex 150.73357836378574 -90.16060798671101 1.5
vertex 150.93274848141164 -90.81718387294922 1.5
endloop
endfacet
facet normal 0 0 1
outer loop
vertex 106.26642163621092 -90.16060798671101 1.5
vertex 106.58985635694117 -89.55550418444257 1.5
vertex 89.5 -89.55550418444257 1.5
endloop
endfacet
facet normal 0 0 1
outer loop
vertex 106.26642163621092 -90.16060798671101 1.5
vertex 89.5 -89.55550418444257 1.5
vertex 89.5 -90.16060798671101 1.5
endloop
endfacet
facet normal 0 0 1
outer loop
vertex 144.2664216362066 -90.16060798671101 1.5
vertex 144.58985635694202 -89.55550418444257 1.5
vertex 112.41014364306693 -89.55550418444257 1.5
endloop
endfacet
facet normal 0 0 1
outer loop
vertex 144.2664216362066 -90.16060798671101 1.5
vertex 112.41014364306693 -89.55550418444257 1.5
vertex 112.73357836378561 -90.16060798671101 1.5
endloop
endfacet
facet normal 0 0 1
outer loop
vertex 167.5 -90.16060798671101 1.5
vertex 167.5 -89.55550418444257 1.5
vertex 150.41014364306616 -89.55550418444257 1.5
endloop
endfacet
facet normal 0 0 1
outer loop
vertex 167.5 -90.16060798671101 1.5
vertex 150.41014364306616 -89.55550418444257 1.5
vertex 150.73357836378574 -90.16060798671101 1.5
endloop
endfacet
facet normal 0 0 1
outer loop
vertex 106.58985635694117 -89.55550418444257 1.5
vertex 107.02512626584806 -89.02512626584608 1.5
vertex 89.5 -89.02512626584608 1.5
endloop
endfacet
facet normal 0 0 1
outer loop
vertex 106.58985635694117 -89.55550418444257 1.5
vertex 89.5 -89.02512626584608 1.5
vertex 89.5 -89.55550418444257 1.5
endloop
endfacet
facet normal 0 0 1
outer loop
vertex 144.58985635694202 -89.55550418444257 1.5
vertex 145.02512626584834 -89.02512626584608 1.5
vertex 111.97487373415096 -89.02512626584608 1.5
endloop
endfacet
facet normal 0 0 1
outer loop
vertex 144.58985635694202 -89.55550418444257 1.5
vertex 111.97487373415096 -89.02512626584608 1.5
vertex 112.41014364306693 -89.55550418444257 1.5
endloop
endfacet
facet normal 0 0 1
outer loop
vertex 167.5 -89.55550418444257 1.5
vertex 167.5 -89.02512626584608 1.5
vertex 149.97487373414862 -89.02512626584608 1.5
endloop
endfacet
facet normal 0 0 1
outer loop
vertex 167.5 -89.55550418444257 1.5
vertex 149.97487373414862 -89.02512626584608 1.5
vertex 150.41014364306616 -89.55550418444257 1.5
endloop
endfacet
facet normal 0 0 1
outer loop
vertex 107.02512626584806 -89.02512626584608 1.5
vertex 107.55550418443198 -88.58985635694715 1.5
vertex 89.5 -88.58985635694715 1.5
endloop
endfacet
facet normal 0 0 1
outer loop
vertex 107.02512626584806 -89.02512626584608 1.5
vertex 89.5 -88.58985635694715 1.5
vertex 89.5 -89.02512626584608 1.5
endloop
endfacet
facet normal 0 0 1
outer loop
vertex 145.02512626584834 -89.02512626584608 1.5
vertex 145.55550418442638 -88.58985635694715 1.5
vertex 111.4444958155748 -88.58985635694715 1.5
endloop
endfacet
facet normal 0 0 1
outer loop
vertex 145.02512626584834 -89.02512626584608 1.5
vertex 111.4444958155748 -88.58985635694715 1.5
vertex 111.97487373415096 -89.02512626584608 1.5
endloop
endfacet
facet normal 0 0 1
outer loop
vertex 167.5 -89.02512626584608 1.5
vertex 167.5 -88.58985635694715 1.5
vertex 149.4444958155746 -88.58985635694715 1.5
endloop
endfacet
facet normal 0 0 1
outer loop
vertex 167.5 -89.02512626584608 1.5
vertex 149.4444958155746 -88.58985635694715 1.5
vertex 149.97487373414862 -89.02512626584608 1.5
endloop
endfacet
facet normal 0 0 1
outer loop
vertex 107.55550418443198 -88.58985635694715 1.5
vertex 108.16060798672123 -88.26642163621327 1.5
vertex 89.5 -88.26642163621327 1.5
endloop
endfacet
facet normal 0 0 1
outer loop
vertex 107.55550418443198 -88.58985635694715 1.5
vertex 89.5 -88.26642163621327 1.5
vertex 89.5 -88.58985635694715 1.5
endloop
endfacet
facet normal 0 0 1
outer loop
vertex 145.55550418442638 -88.58985635694715 1.5
vertex 146.16060798672373 -88.26642163621327 1.5
vertex 110.83939201327786 -88.26642163621327 1.5
endloop
endfacet
facet normal 0 0 1
outer loop
vertex 145.55550418442638 -88.58985635694715 1.5
vertex 110.83939201327786 -88.26642163621327 1.5
vertex 111.4444958155748 -88.58985635694715 1.5
endloop
endfacet
facet normal 0 0 1
outer loop
vertex 167.5 -88.58985635694715 1.5
vertex 167.5 -88.26642163621327 1.5
vertex 148.83939201327405 -88.26642163621327 1.5
endloop
endfacet
facet normal 0 0 1
outer loop
vertex 167.5 -88.58985635694715 1.5
vertex 148.83939201327405 -88.26642163621327 1.5
vertex 149.4444958155746 -88.58985635694715 1.5
endloop
endfacet
facet normal 0 0 1
outer loop
vertex 108.16060798672123 -88.26642163621327 1.5
vertex 108.81718387294528 -88.06725151858751 1.5
vertex 89.5 -88.06725151858751 1.5
endloop
endfacet
facet normal 0 0 1
outer loop
vertex 108.16060798672123 -88.26642163621327 1.5
vertex 89.5 -88.06725151858751 1.5
vertex 89.5 -88.26642163621327 1.5
endloop
endfacet
facet normal 0 0 1
outer loop
vertex 146.16060798672373 -88.26642163621327 1.5
vertex 146.81718387294876 -88.06725151858751 1.5
vertex 110.1828161270435 -88.06725151858751 1.5
endloop
endfacet
facet normal 0 0 1
outer loop
vertex 146.16060798672373 -88.26642163621327 1.5
vertex 110.1828161270435 -88.06725151858751 1.5
vertex 110.83939201327786 -88.26642163621327 1.5
endloop
endfacet
facet normal 0 0 1
outer loop
vertex 167.5 -88.26642163621327 1.5
vertex 167.5 -88.06725151858751 1.5
vertex 148.18281612704936 -88.06725151858751 1.5
endloop
endfacet
facet normal 0 0 1
outer loop
vertex 167.5 -88.26642163621327 1.5
vertex 148.18281612704936 -88.06725151858751 1.5
vertex 148.83939201327405 -88.26642163621327 1.5
endloop
endfacet
facet normal 0 0 1
outer loop
vertex 108.81718387294528 -88.06725151858751 1.5
vertex 109.49999999999716 -87.99999999999982 1.5
vertex 89.5 -87.99999999999982 1.5
endloop
endfacet
facet normal 0 0 1
outer loop
vertex 108.81718387294528 -88.06725151858751 1.5
vertex 89.5 -87.99999999999982 1.5
vertex 89.5 -88.06725151858751 1.5
endloop
endfacet
facet normal 0 0 1
outer loop
vertex 146.81718387294876 -88.06725151858751 1.5
vertex 147.49999999999795 -87.99999999999982 1.5
vertex 109.49999999999716 -87.99999999999982 1.5
endloop
endfacet
facet normal 0 0 1
outer loop
vertex 146.81718387294876 -88.06725151858751 1.5
vertex 109.49999999999716 -87.99999999999982 1.5
vertex 110.1828161270435 -88.06725151858751 1.5
endloop
endfacet
facet normal 0 0 1
outer loop
vertex 167.5 -88.06725151858751 1.5
vertex 167.5 -87.99999999999982 1.5
vertex 147.49999999999795 -87.99999999999982 1.5
endloop
endfacet
facet normal 0 0 1
outer loop
vertex 167.5 -88.06725151858751 1.5
vertex 147.49999999999795 -87.99999999999982 1.5
vertex 148.18281612704936 -88.06725151858751 1.5
endloop
endfacet
facet normal 0 0 1
outer loop
vertex 109.49999999999716 -87.99999999999982 1.5
vertex 147.49999999999795 -87.99999999999982 1.5
vertex 167.5 -87.99999999999982 1.5
endloop
endfacet
facet normal 0 0 1
outer loop
vertex 109.49999999999716 -87.99999999999982 1.5
vertex 167.5 -87.99999999999982 1.5
vertex 167.5 -73.4999999999999 1.5
endloop
endfacet
facet normal 0 0 1
outer loop
vertex 109.49999999999716 -87.99999999999982 1.5
vertex 167.5 -73.4999999999999 1.5
vertex 167.46961550602543 -73.15270364466556 1.5
endloop
endfacet
facet normal 0 0 1
outer loop
vertex 109.49999999999716 -87.99999999999982 1.5
vertex 167.46961550602543 -73.15270364466556 1.5
vertex 167.37938524157633 -72.8159597133606 1.5
endloop
endfacet
facet normal 0 0 1
outer loop
vertex 109.49999999999716 -87.99999999999982 1.5
vertex 167.37938524157633 -72.8159597133606 1.5
vertex 167.2320508075662 -72.4999999999965 1.5
endloop
endfacet
facet normal 0 0 1
outer loop
vertex 109.49999999999716 -87.99999999999982 1.5
vertex 167.2320508075662 -72.4999999999965 1.5
vertex 167.03208888624346 -72.21442478063514 1.5
endloop
endfacet
facet normal 0 0 1
outer loop
vertex 109.49999999999716 -87.99999999999982 1.5
vertex 167.03208888624346 -72.21442478063514 1.5
vertex 166.7855752193641 -71.96791111376218 1.5
endloop
endfacet
facet normal 0 0 1
outer loop
vertex 109.49999999999716 -87.99999999999982 1.5
vertex 166.7855752193641 -71.96791111376218 1.5
vertex 166.50000000000458 -71.76794919243025 1.5
endloop
endfacet
facet normal 0 0 1
outer loop
vertex 109.49999999999716 -87.99999999999982 1.5
vertex 166.50000000000458 -71.76794919243025 1.5
vertex 166.18404028664673 -71.62061475842926 1.5
endloop
endfacet
facet normal 0 0 1
outer loop
vertex 109.49999999999716 -87.99999999999982 1.5
vertex 166.18404028664673 -71.62061475842926 1.5
vertex 165.84729635533296 -71.53038449397482 1.5
endloop
endfacet
facet normal 0 0 1
outer loop
vertex 109.49999999999716 -87.99999999999982 1.5
vertex 165.84729635533296 -71.53038449397482 1.5
vertex 165.50000000000844 -71.5 1.5
endloop
endfacet
facet normal 0 0 1
outer loop
vertex 109.49999999999716 -87.99999999999982 1.5
vertex 165.50000000000844 -71.5 1.5
vertex 158.575 -71.5 1.5
endloop
endfacet
facet normal 0 0 1
outer loop
vertex 109.49999999999716 -87.99999999999982 1.5
vertex 158.575 -71.5 1.5
vertex 98.425 -71.5 1.5
endloop
endfacet
facet normal 0 0 1
outer loop
vertex 109.49999999999716 -87.99999999999982 1.5
vertex 98.425 -71.5 1.5
vertex 91.49999999999531 -71.5 1.5
endloop
endfacet
facet normal 0 0 1
outer loop
vertex 109.49999999999716 -87.99999999999982 1.5
vertex 91.49999999999531 -71.5 1.5
vertex 91.15270364467013 -71.53038449397482 1.5
endloop
endfacet
facet normal 0 0 1
outer loop
vertex 109.49999999999716 -87.99999999999982 1.5
vertex 91.15270364467013 -71.53038449397482 1.5
vertex 90.81595971334578 -71.62061475842926 1.5
endloop
endfacet
facet normal 0 0 1
outer loop
vertex 109.49999999999716 -87.99999999999982 1.5
vertex 90.81595971334578 -71.62061475842926 1.5
vertex 90.5000000000013 -71.76794919243025 1.5
endloop
endfacet
facet normal 0 0 1
outer loop
vertex 109.49999999999716 -87.99999999999982 1.5
vertex 90.5000000000013 -71.76794919243025 1.5
vertex 90.21442478062676 -71.96791111376218 1.5
endloop
endfacet
facet normal 0 0 1
outer loop
vertex 109.49999999999716 -87.99999999999982 1.5
vertex 90.21442478062676 -71.96791111376218 1.5
vertex 89.96791111375501 -72.21442478063514 1.5
endloop
endfacet
facet normal 0 0 1
outer loop
vertex 109.49999999999716 -87.99999999999982 1.5
vertex 89.96791111375501 -72.21442478063514 1.5
vertex 89.76794919243612 -72.4999999999965 1.5
endloop
endfacet
facet normal 0 0 1
outer loop
vertex 109.49999999999716 -87.99999999999982 1.5
vertex 89.76794919243612 -72.4999999999965 1.5
vertex 89.62061475842259 -72.8159597133606 1.5
endloop
endfacet
facet normal 0 0 1
outer loop
vertex 109.49999999999716 -87.99999999999982 1.5
vertex 89.62061475842259 -72.8159597133606 1.5
vertex 89.53038449397687 -73.15270364466556 1.5
endloop
endfacet
facet normal 0 0 1
outer loop
vertex 109.49999999999716 -87.99999999999982 1.5
vertex 89.53038449397687 -73.15270364466556 1.5
vertex 89.5 -73.4999999999999 1.5
endloop
endfacet
facet normal 0 0 1
outer loop
vertex 109.49999999999716 -87.99999999999982 1.5
vertex 89.5 -73.4999999999999 1.5
vertex 89.5 -87.99999999999982 1.5
endloop
endfacet
facet normal 0 0 1
outer loop
vertex 158.575 -71.5 1.5
vertex 158.575 -51.77499999999996 1.5
vertex 158.54461550602807 -51.42770364468464 1.5
endloop
endfacet
facet normal 0 0 1
outer loop
vertex 158.575 -71.5 1.5
vertex 158.54461550602807 -51.42770364468464 1.5
vertex 158.4543852415697 -51.090959713344496 1.5
endloop
endfacet
facet normal 0 0 1
outer loop
vertex 158.575 -71.5 1.5
vertex 158.4543852415697 -51.090959713344496 1.5
vertex 158.30705080756965 -50.775000000002066 1.5
endloop
endfacet
facet normal 0 0 1
outer loop
vertex 158.575 -71.5 1.5
vertex 158.30705080756965 -50.775000000002066 1.5
vertex 158.1070888862403 -50.489424780631204 1.5
endloop
endfacet
facet normal 0 0 1
outer loop
vertex 158.575 -71.5 1.5
vertex 158.1070888862403 -50.489424780631204 1.5
vertex 157.86057521937636 -50.242911113767285 1.5
endloop
endfacet
facet normal 0 0 1
outer loop
vertex 158.575 -71.5 1.5
vertex 157.86057521937636 -50.242911113767285 1.5
vertex 157.57499999997728 -50.04294919243025 1.5
endloop
endfacet
facet normal 0 0 1
outer loop
vertex 158.575 -71.5 1.5
vertex 157.57499999997728 -50.04294919243025 1.5
vertex 157.2590402866614 -49.89561475842889 1.5
endloop
endfacet
facet normal 0 0 1
outer loop
vertex 158.575 -71.5 1.5
vertex 157.2590402866614 -49.89561475842889 1.5
vertex 156.9222963553364 -49.80538449397504 1.5
endloop
endfacet
facet normal 0 0 1
outer loop
vertex 158.575 -71.5 1.5
vertex 156.9222963553364 -49.80538449397504 1.5
vertex 156.57500000000712 -49.77499999999999 1.5
endloop
endfacet
facet normal 0 0 1
outer loop
vertex 158.575 -71.5 1.5
vertex 156.57500000000712 -49.77499999999999 1.5
vertex 100.42499999999588 -49.77499999999999 1.5
endloop
endfacet
facet normal 0 0 1
outer loop
vertex 158.575 -71.5 1.5
vertex 100.42499999999588 -49.77499999999999 1.5
vertex 100.07770364466819 -49.80538449397504 1.5
endloop
endfacet
facet normal 0 0 1
outer loop
vertex 158.575 -71.5 1.5
vertex 100.07770364466819 -49.80538449397504 1.5
vertex 99.74095971334606 -49.89561475842889 1.5
endloop
endfacet
facet normal 0 0 1
outer loop
vertex 158.575 -71.5 1.5
vertex 99.74095971334606 -49.89561475842889 1.5
vertex 99.42500000000081 -50.04294919243025 1.5
endloop
endfacet
facet normal 0 0 1
outer loop
vertex 158.575 -71.5 1.5
vertex 99.42500000000081 -50.04294919243025 1.5
vertex 99.1394247806203 -50.242911113767285 1.5
endloop
endfacet
facet normal 0 0 1
outer loop
vertex 158.575 -71.5 1.5
vertex 99.1394247806203 -50.242911113767285 1.5
vertex 98.89291111376352 -50.489424780631204 1.5
endloop
endfacet
facet normal 0 0 1
outer loop
vertex 158.575 -71.5 1.5
vertex 98.89291111376352 -50.489424780631204 1.5
vertex 98.69294919243184 -50.775000000002066 1.5
endloop
endfacet
facet normal 0 0 1
outer loop
vertex 158.575 -71.5 1.5
vertex 98.69294919243184 -50.775000000002066 1.5
vertex 98.54561475843218 -51.090959713344496 1.5
endloop
endfacet
facet normal 0 0 1
outer loop
vertex 158.575 -71.5 1.5
vertex 98.54561475843218 -51.090959713344496 1.5
vertex 98.45538449396946 -51.42770364468464 1.5
endloop
endfacet
facet normal 0 0 1
outer loop
vertex 158.575 -71.5 1.5
vertex 98.45538449396946 -51.42770364468464 1.5
vertex 98.42500000000146 -51.77499999999996 1.5
endloop
endfacet
facet normal 0 0 1
outer loop
vertex 158.575 -71.5 1.5
vertex 98.42500000000146 -51.77499999999996 1.5
vertex 98.425 -71.5 1.5
endloop
endfacet
facet normal 0 0 1
outer loop
vertex 112 -91.49999999999994 9.1
vertex 111.9711779206045 -91.79263548302416 9.1
vertex 111.95196320100807 -91.98772580504044 9.1
endloop
endfacet
facet normal 0 0 1
outer loop
vertex 112 -91.49999999999994 9.1
vertex 111.95196320100807 -91.98772580504044 9.1
vertex 111.95196320100798 -91.98772580504658 4.6
endloop
endfacet
facet normal 0 0 1
outer loop
vertex 112 -91.49999999999994 9.1
vertex 111.95196320100798 -91.98772580504658 4.6
vertex 111.99999999999993 -91.49999999999984 4.6
endloop
endfacet
facet normal 0 0 -1
outer loop
vertex 111.95196320100807 -91.01227419495963 9.1
vertex 111.97117792060487 -91.20736451697596 9.1
vertex 112 -91.49999999999994 9.1
endloop
endfacet
facet normal 0 0 -1
outer loop
vertex 111.95196320100807 -91.01227419495963 9.1
vertex 112 -91.49999999999994 9.1
vertex 111.99999999999993 -91.49999999999984 4.6
endloop
endfacet
facet normal 0 0 -1
outer loop
vertex 111.95196320100807 -91.01227419495963 9.1
vertex 111.99999999999993 -91.49999999999984 4.6
vertex 111.9519632010085 -91.01227419496273 4.6
endloop
endfacet
facet normal 0 0 1
outer loop
vertex 111.80969883127824 -90.5432914190873 9.1
vertex 111.84711762493014 -90.66664465047056 9.1
vertex 111.92578458136038 -90.92597485145245 9.1
endloop
endfacet
facet normal 0 0 1
outer loop
vertex 111.80969883127824 -90.5432914190873 9.1
vertex 111.92578458136038 -90.92597485145245 9.1
vertex 111.95196320100807 -91.01227419495963 9.1
endloop
endfacet
facet normal 0 0 1
outer loop
vertex 111.80969883127824 -90.5432914190873 9.1
vertex 111.95196320100807 -91.01227419495963 9.1
vertex 111.9519632010085 -91.01227419496273 4.6
endloop
endfacet
facet normal 0 0 1
outer loop
vertex 111.80969883127824 -90.5432914190873 9.1
vertex 111.9519632010085 -91.01227419496273 4.6
vertex 111.80969883127763 -90.5432914190868 4.6
endloop
endfacet
facet normal 0 0 1
outer loop
vertex 111.57867403075637 -90.1110744174511 9.1
vertex 111.58033437402918 -90.11418070123361 9.1
vertex 111.65442557116323 -90.25279558154585 9.1
endloop
endfacet
facet normal 0 0 1
outer loop
vertex 111.57867403075637 -90.1110744174511 9.1
vertex 111.65442557116323 -90.25279558154585 9.1
vertex 111.75413554836314 -90.43933982822028 9.1
endloop
endfacet
facet normal 0 0 1
outer loop
vertex 111.57867403075637 -90.1110744174511 9.1
vertex 111.75413554836314 -90.43933982822028 9.1
vertex 111.80969883127824 -90.5432914190873 9.1
endloop
endfacet
facet normal 0 0 1
outer loop
vertex 111.57867403075637 -90.1110744174511 9.1
vertex 111.80969883127824 -90.5432914190873 9.1
vertex 111.80969883127763 -90.5432914190868 4.6
endloop
endfacet
facet normal 0 0 1
outer loop
vertex 111.57867403075637 -90.1110744174511 9.1
vertex 111.80969883127763 -90.5432914190868 4.6
vertex 111.57867403074862 -90.11107441743715 4.6
endloop
endfacet
facet normal 0 0 -1
outer loop
vertex 111.26776695296635 -89.7322330470337 9.1
vertex 111.48751761215054 -89.99999999999945 9.1
vertex 111.51117128141692 -90.0288220793956 9.1
endloop
endfacet
facet normal 0 0 -1
outer loop
vertex 111.26776695296635 -89.7322330470337 9.1
vertex 111.51117128141692 -90.0288220793956 9.1
vertex 111.57867403075637 -90.1110744174511 9.1
endloop
endfacet
facet normal 0 0 -1
outer loop
vertex 111.26776695296635 -89.7322330470337 9.1
vertex 111.57867403075637 -90.1110744174511 9.1
vertex 111.57867403074862 -90.11107441743715 4.6
endloop
endfacet
facet normal 0 0 -1
outer loop
vertex 111.26776695296635 -89.7322330470337 9.1
vertex 111.57867403074862 -90.11107441743715 4.6
vertex 111.26776695298109 -89.7322330470456 4.6
endloop
endfacet
facet normal 0.6343932841636294 0.7730104533627501 0
outer loop
vertex 110.88892558254896 -89.42132596924353 9.1
vertex 111.26776695296635 -89.7322330470337 9.1
vertex 111.26776695298109 -89.7322330470456 4.6
endloop
endfacet
facet normal 0.6343932841636294 0.7730104533627501 0
outer loop
vertex 110.88892558254896 -89.42132596924353 9.1
vertex 111.26776695298109 -89.7322330470456 4.6
vertex 110.8889255825467 -89.42132596924293 4.6
endloop
endfacet
facet normal 0.47139673682598043 0.8819212643483644 0
outer loop
vertex 110.45670858091273 -89.19030116872182 9.1
vertex 110.88892558254896 -89.42132596924353 9.1
vertex 110.8889255825467 -89.42132596924293 4.6
endloop
endfacet
facet normal 0.47139673682598043 0.8819212643483644 0
outer loop
vertex 110.45670858091273 -89.19030116872182 9.1
vertex 110.8889255825467 -89.42132596924293 4.6
vertex 110.45670858090482 -89.19030116871822 4.6
endloop
endfacet
facet normal 0.2902846772544834 0.9569403357322026 0
outer loop
vertex 109.98772580504028 -89.04803679899194 9.1
vertex 110.45670858091273 -89.19030116872182 9.1
vertex 110.45670858090482 -89.19030116871822 4.6
endloop
endfacet
facet normal 0.2902846772544834 0.9569403357322026 0
outer loop
vertex 109.98772580504028 -89.04803679899194 9.1
vertex 110.45670858090482 -89.19030116871822 4.6
vertex 109.98772580504789 -89.0480367989925 4.6
endloop
endfacet
facet normal 0.09801714032957415 0.9951847266721956 0
outer loop
vertex 109.5000000000001 -89 9.1
vertex 109.98772580504028 -89.04803679899194 9.1
vertex 109.98772580504789 -89.0480367989925 4.6
endloop
endfacet
facet normal 0.09801714032957415 0.9951847266721956 0
outer loop
vertex 109.5000000000001 -89 9.1
vertex 109.98772580504789 -89.0480367989925 4.6
vertex 109.49999999999878 -89 4.6
endloop
endfacet
facet normal -0.09801714032957415 0.9951847266721956 0
outer loop
vertex 109.01227419495967 -89.04803679899194 9.1
vertex 109.5000000000001 -89 9.1
vertex 109.49999999999878 -89 4.6
endloop
endfacet
facet normal -0.09801714032957415 0.9951847266721956 0
outer loop
vertex 109.01227419495967 -89.04803679899194 9.1
vertex 109.49999999999878 -89 4.6
vertex 109.01227419495967 -89.0480367989925 4.6
endloop
endfacet
facet normal -0.29028467725447593 0.9569403357322048 0
outer loop
vertex 108.54329141908721 -89.19030116872182 9.1
vertex 109.01227419495967 -89.04803679899194 9.1
vertex 109.01227419495967 -89.0480367989925 4.6
endloop
endfacet
facet normal -0.29028467725447593 0.9569403357322048 0
outer loop
vertex 108.54329141908721 -89.19030116872182 9.1
vertex 109.01227419495967 -89.0480367989925 4.6
vertex 108.54329141908875 -89.19030116871822 4.6
endloop
endfacet
facet normal -0.4713967368259664 0.8819212643483718 0
outer loop
vertex 108.11107441745119 -89.42132596924353 9.1
vertex 108.54329141908721 -89.19030116872182 9.1
vertex 108.54329141908875 -89.19030116871822 4.6
endloop
endfacet
facet normal -0.4713967368259664 0.8819212643483718 0
outer loop
vertex 108.11107441745119 -89.42132596924353 9.1
vertex 108.54329141908875 -89.19030116871822 4.6
vertex 108.11107441744981 -89.42132596924293 4.6
endloop
endfacet
facet normal -0.6343932841636518 0.7730104533627319 0
outer loop
vertex 107.7322330470336 -89.7322330470337 9.1
vertex 108.11107441745119 -89.42132596924353 9.1
vertex 108.11107441744981 -89.42132596924293 4.6
endloop
endfacet
facet normal -0.6343932841636518 0.7730104533627319 0
outer loop
vertex 107.7322330470336 -89.7322330470337 9.1
vertex 108.11107441744981 -89.42132596924293 4.6
vertex 107.73223304703377 -89.7322330470456 4.6
endloop
endfacet
facet normal 0 0 1
outer loop
vertex 107.42132596924357 -90.1110744174511 9.1
vertex 107.48882871858302 -90.0288220793956 9.1
vertex 107.5124823878494 -89.99999999999945 9.1
endloop
endfacet
facet normal 0 0 1
outer loop
vertex 107.42132596924357 -90.1110744174511 9.1
vertex 107.5124823878494 -89.99999999999945 9.1
vertex 107.7322330470336 -89.7322330470337 9.1
endloop
endfacet
facet normal 0 0 1
outer loop
vertex 107.42132596924357 -90.1110744174511 9.1
vertex 107.7322330470336 -89.7322330470337 9.1
vertex 107.73223304703377 -89.7322330470456 4.6
endloop
endfacet
facet normal 0 0 1
outer loop
vertex 107.42132596924357 -90.1110744174511 9.1
vertex 107.73223304703377 -89.7322330470456 4.6
vertex 107.42132596924442 -90.11107441743715 4.6
endloop
endfacet
facet normal 0 0 -1
outer loop
vertex 107.19030116872177 -90.5432914190873 9.1
vertex 107.24586445163685 -90.43933982822028 9.1
vertex 107.34557442883673 -90.25279558154585 9.1
endloop
endfacet
facet normal 0 0 -1
outer loop
vertex 107.19030116872177 -90.5432914190873 9.1
vertex 107.34557442883673 -90.25279558154585 9.1
vertex 107.41966562597077 -90.11418070123361 9.1
endloop
endfacet
facet normal 0 0 -1
outer loop
vertex 107.19030116872177 -90.5432914190873 9.1
vertex 107.41966562597077 -90.11418070123361 9.1
vertex 107.42132596924357 -90.1110744174511 9.1
endloop
endfacet
facet normal 0 0 -1
outer loop
vertex 107.19030116872177 -90.5432914190873 9.1
vertex 107.42132596924357 -90.1110744174511 9.1
vertex 107.42132596924442 -90.11107441743715 4.6
endloop
endfacet
facet normal 0 0 -1
outer loop
vertex 107.19030116872177 -90.5432914190873 9.1
vertex 107.42132596924442 -90.11107441743715 4.6
vertex 107.19030116872193 -90.5432914190868 4.6
endloop
endfacet
facet normal 0 0 -1
outer loop
vertex 107.04803679899193 -91.01227419495963 9.1
vertex 107.07421541863962 -90.92597485145245 9.1
vertex 107.15288237506988 -90.66664465047056 9.1
endloop
endfacet
facet normal 0 0 -1
outer loop
vertex 107.04803679899193 -91.01227419495963 9.1
vertex 107.15288237506988 -90.66664465047056 9.1
vertex 107.19030116872177 -90.5432914190873 9.1
endloop
endfacet
facet normal 0 0 -1
outer loop
vertex 107.04803679899193 -91.01227419495963 9.1
vertex 107.19030116872177 -90.5432914190873 9.1
vertex 107.19030116872193 -90.5432914190868 4.6
endloop
endfacet
facet normal 0 0 -1
outer loop
vertex 107.04803679899193 -91.01227419495963 9.1
vertex 107.19030116872193 -90.5432914190868 4.6
vertex 107.04803679899187 -91.01227419496273 4.6
endloop
endfacet
facet normal 0 0 -1
outer loop
vertex 107 -91.49999999999994 9.1
vertex 107.02882207939513 -91.20736451697596 9.1
vertex 107.04803679899193 -91.01227419495963 9.1
endloop
endfacet
facet normal 0 0 -1
outer loop
vertex 107 -91.49999999999994 9.1
vertex 107.04803679899193 -91.01227419495963 9.1
vertex 107.04803679899187 -91.01227419496273 4.6
endloop
endfacet
facet normal 0 0 -1
outer loop
vertex 107 -91.49999999999994 9.1
vertex 107.04803679899187 -91.01227419496273 4.6
vertex 107.00000000000003 -91.49999999999984 4.6
endloop
endfacet
facet normal 0 0 1
outer loop
vertex 107.04803679899194 -91.98772580504044 9.1
vertex 107.02882207939551 -91.79263548302416 9.1
vertex 107 -91.49999999999994 9.1
endloop
endfacet
facet normal 0 0 1
outer loop
vertex 107.04803679899194 -91.98772580504044 9.1
vertex 107 -91.49999999999994 9.1
vertex 107.00000000000003 -91.49999999999984 4.6
endloop
endfacet
facet normal 0 0 1
outer loop
vertex 107.04803679899194 -91.98772580504044 9.1
vertex 107.00000000000003 -91.49999999999984 4.6
vertex 107.04803679899204 -91.98772580504658 4.6
endloop
endfacet
facet normal 0 0 1
outer loop
vertex 107.19030116872173 -92.4567085809126 9.1
vertex 107.15288237507119 -92.33335534952762 9.1
vertex 107.0742154186364 -92.07402514854772 9.1
endloop
endfacet
facet normal 0 0 1
outer loop
vertex 107.19030116872173 -92.4567085809126 9.1
vertex 107.0742154186364 -92.07402514854772 9.1
vertex 107.04803679899194 -91.98772580504044 9.1
endloop
endfacet
facet normal 0 0 1
outer loop
vertex 107.19030116872173 -92.4567085809126 9.1
vertex 107.04803679899194 -91.98772580504044 9.1
vertex 107.04803679899204 -91.98772580504658 4.6
endloop
endfacet
facet normal 0 0 1
outer loop
vertex 107.19030116872173 -92.4567085809126 9.1
vertex 107.04803679899204 -91.98772580504658 4.6
vertex 107.19030116872057 -92.45670858090897 4.6
endloop
endfacet
facet normal 0 0 1
outer loop
vertex 107.42132596924364 -92.888925582549 9.1
vertex 107.41966562597109 -92.88581929876435 9.1
vertex 107.34557442882988 -92.74720441845375 9.1
endloop
endfacet
facet normal 0 0 1
outer loop
vertex 107.42132596924364 -92.888925582549 9.1
vertex 107.34557442882988 -92.74720441845375 9.1
vertex 107.24586445164337 -92.56066017177855 9.1
endloop
endfacet
facet normal 0 0 1
outer loop
vertex 107.42132596924364 -92.888925582549 9.1
vertex 107.24586445164337 -92.56066017177855 9.1
vertex 107.19030116872173 -92.4567085809126 9.1
endloop
endfacet
facet normal 0 0 1
outer loop
vertex 107.42132596924364 -92.888925582549 9.1
vertex 107.19030116872173 -92.4567085809126 9.1
vertex 107.19030116872057 -92.45670858090897 4.6
endloop
endfacet
facet normal 0 0 1
outer loop
vertex 107.42132596924364 -92.888925582549 9.1
vertex 107.19030116872057 -92.45670858090897 4.6
vertex 107.42132596924463 -92.8889255825494 4.6
endloop
endfacet
facet normal 0 0 -1
outer loop
vertex 107.7322330470336 -93.26776695296634 9.1
vertex 107.51248238784933 -93.00000000000003 9.1
vertex 107.48882871858258 -92.9711779206034 9.1
endloop
endfacet
facet normal 0 0 -1
outer loop
vertex 107.7322330470336 -93.26776695296634 9.1
vertex 107.48882871858258 -92.9711779206034 9.1
vertex 107.42132596924364 -92.888925582549 9.1
endloop
endfacet
facet normal 0 0 -1
outer loop
vertex 107.7322330470336 -93.26776695296634 9.1
vertex 107.42132596924364 -92.888925582549 9.1
vertex 107.42132596924463 -92.8889255825494 4.6
endloop
endfacet
facet normal 0 0 -1
outer loop
vertex 107.7322330470336 -93.26776695296634 9.1
vertex 107.42132596924463 -92.8889255825494 4.6
vertex 107.73223304703212 -93.26776695296373 4.6
endloop
endfacet
facet normal -0.6343932841636208 -0.7730104533627573 0
outer loop
vertex 108.11107441745105 -93.5786740307564 9.1
vertex 107.7322330470336 -93.26776695296634 9.1
vertex 107.73223304703212 -93.26776695296373 4.6
endloop
endfacet
facet normal -0.6343932841636208 -0.7730104533627573 0
outer loop
vertex 108.11107441745105 -93.5786740307564 9.1
vertex 107.73223304703212 -93.26776695296373 4.6
vertex 108.1110744174556 -93.57867403075873 4.6
endloop
endfacet
facet normal -0.47139673682602595 -0.8819212643483401 0
outer loop
vertex 108.54329141908723 -93.8096988312782 9.1
vertex 108.11107441745105 -93.5786740307564 9.1
vertex 108.1110744174556 -93.57867403075873 4.6
endloop
endfacet
facet normal -0.47139673682602595 -0.8819212643483401 0
outer loop
vertex 108.54329141908723 -93.8096988312782 9.1
vertex 108.1110744174556 -93.57867403075873 4.6
vertex 108.543291419097 -93.80969883128334 4.6
endloop
endfacet
facet normal -0.29028467725447593 -0.9569403357322048 0
outer loop
vertex 109.01227419495969 -93.95196320100807 9.1
vertex 108.54329141908723 -93.8096988312782 9.1
vertex 108.543291419097 -93.80969883128334 4.6
endloop
endfacet
facet normal -0.29028467725447593 -0.9569403357322048 0
outer loop
vertex 109.01227419495969 -93.95196320100807 9.1
vertex 108.543291419097 -93.80969883128334 4.6
vertex 109.01227419494994 -93.9519632010073 4.6
endloop
endfacet
facet normal -0.09801714032957415 -0.9951847266721956 0
outer loop
vertex 109.49999999999999 -94 9.1
vertex 109.01227419495969 -93.95196320100807 9.1
vertex 109.01227419494994 -93.9519632010073 4.6
endloop
endfacet
facet normal -0.09801714032957415 -0.9951847266721956 0
outer loop
vertex 109.49999999999999 -94 9.1
vertex 109.01227419494994 -93.9519632010073 4.6
vertex 109.50000000000016 -94.00000000000003 4.6
endloop
endfacet
facet normal 0.09801714032957415 -0.9951847266721956 0
outer loop
vertex 109.9877258050404 -93.95196320100807 9.1
vertex 109.49999999999999 -94 9.1
vertex 109.50000000000016 -94.00000000000003 4.6
endloop
endfacet
facet normal 0.09801714032957415 -0.9951847266721956 0
outer loop
vertex 109.9877258050404 -93.95196320100807 9.1
vertex 109.50000000000016 -94.00000000000003 4.6
vertex 109.98772580504769 -93.9519632010073 4.6
endloop
endfacet
facet normal 0.29028467725447593 -0.9569403357322048 0
outer loop
vertex 110.45670858091269 -93.8096988312782 9.1
vertex 109.9877258050404 -93.95196320100807 9.1
vertex 109.98772580504769 -93.9519632010073 4.6
endloop
endfacet
facet normal 0.29028467725447593 -0.9569403357322048 0
outer loop
vertex 110.45670858091269 -93.8096988312782 9.1
vertex 109.98772580504769 -93.9519632010073 4.6
vertex 110.45670858089623 -93.80969883128334 4.6
endloop
endfacet
facet normal 0.47139673682600836 -0.8819212643483493 0
outer loop
vertex 110.88892558254902 -93.5786740307564 9.1
vertex 110.45670858091269 -93.8096988312782 9.1
vertex 110.45670858089623 -93.80969883128334 4.6
endloop
endfacet
facet normal 0.47139673682600836 -0.8819212643483493 0
outer loop
vertex 110.88892558254902 -93.5786740307564 9.1
vertex 110.45670858089623 -93.80969883128334 4.6
vertex 110.88892558254472 -93.57867403075873 4.6
endloop
endfacet
facet normal 0.6343932841636448 -0.7730104533627375 0
outer loop
vertex 111.26776695296631 -93.26776695296634 9.1
vertex 110.88892558254902 -93.5786740307564 9.1
vertex 110.88892558254472 -93.57867403075873 4.6
endloop
endfacet
facet normal 0.6343932841636448 -0.7730104533627375 0
outer loop
vertex 111.26776695296631 -93.26776695296634 9.1
vertex 110.88892558254472 -93.57867403075873 4.6
vertex 111.26776695297173 -93.26776695296373 4.6
endloop
endfacet
facet normal 0 0 1
outer loop
vertex 111.57867403075632 -92.888925582549 9.1
vertex 111.51117128141736 -92.9711779206034 9.1
vertex 111.48751761215061 -93.00000000000003 9.1
endloop
endfacet
facet normal 0 0 1
outer loop
vertex 111.57867403075632 -92.888925582549 9.1
vertex 111.48751761215061 -93.00000000000003 9.1
vertex 111.26776695296631 -93.26776695296634 9.1
endloop
endfacet
facet normal 0 0 1
outer loop
vertex 111.57867403075632 -92.888925582549 9.1
vertex 111.26776695296631 -93.26776695296634 9.1
vertex 111.26776695297173 -93.26776695296373 4.6
endloop
endfacet
facet normal 0 0 1
outer loop
vertex 111.57867403075632 -92.888925582549 9.1
vertex 111.26776695297173 -93.26776695296373 4.6
vertex 111.57867403075504 -92.8889255825494 4.6
endloop
endfacet
facet normal 0 0 1
outer loop
vertex 111.80969883127824 -92.4567085809126 9.1
vertex 111.7541355483566 -92.56066017177855 9.1
vertex 111.6544255711701 -92.74720441845375 9.1
endloop
endfacet
facet normal 0 0 1
outer loop
vertex 111.80969883127824 -92.4567085809126 9.1
vertex 111.6544255711701 -92.74720441845375 9.1
vertex 111.58033437402887 -92.88581929876435 9.1
endloop
endfacet
facet normal 0 0 1
outer loop
vertex 111.80969883127824 -92.4567085809126 9.1
vertex 111.58033437402887 -92.88581929876435 9.1
vertex 111.57867403075632 -92.888925582549 9.1
endloop
endfacet
facet normal 0 0 1
outer loop
vertex 111.80969883127824 -92.4567085809126 9.1
vertex 111.57867403075632 -92.888925582549 9.1
vertex 111.57867403075504 -92.8889255825494 4.6
endloop
endfacet
facet normal 0 0 1
outer loop
vertex 111.80969883127824 -92.4567085809126 9.1
vertex 111.57867403075504 -92.8889255825494 4.6
vertex 111.80969883128053 -92.45670858090897 4.6
endloop
endfacet
facet normal 0 0 -1
outer loop
vertex 111.95196320100807 -91.98772580504044 9.1
vertex 111.92578458136362 -92.07402514854772 9.1
vertex 111.8471176249288 -92.33335534952762 9.1
endloop
endfacet
facet normal 0 0 -1
outer loop
vertex 111.95196320100807 -91.98772580504044 9.1
vertex 111.8471176249288 -92.33335534952762 9.1
vertex 111.80969883127824 -92.4567085809126 9.1
endloop
endfacet
facet normal 0 0 -1
outer loop
vertex 111.95196320100807 -91.98772580504044 9.1
vertex 111.80969883127824 -92.4567085809126 9.1
vertex 111.80969883128053 -92.45670858090897 4.6
endloop
endfacet
facet normal 0 0 -1
outer loop
vertex 111.95196320100807 -91.98772580504044 9.1
vertex 111.80969883128053 -92.45670858090897 4.6
vertex 111.95196320100798 -91.98772580504658 4.6
endloop
endfacet
facet normal 0 0 1
outer loop
vertex 150 -91.49999999999994 9.1
vertex 149.97117792060453 -91.79263548302416 9.1
vertex 149.9519632010081 -91.98772580504044 9.1
endloop
endfacet
facet normal 0 0 1
outer loop
vertex 150 -91.49999999999994 9.1
vertex 149.9519632010081 -91.98772580504044 9.1
vertex 149.95196320100797 -91.98772580504658 4.6
endloop
endfacet
facet normal 0 0 1
outer loop
vertex 150 -91.49999999999994 9.1
vertex 149.95196320100797 -91.98772580504658 4.6
vertex 149.99999999999997 -91.49999999999984 4.6
endloop
endfacet
facet normal 0 0 -1
outer loop
vertex 149.95196320100808 -91.01227419495963 9.1
vertex 149.97117792060487 -91.20736451697596 9.1
vertex 150 -91.49999999999994 9.1
endloop
endfacet
facet normal 0 0 -1
outer loop
vertex 149.95196320100808 -91.01227419495963 9.1
vertex 150 -91.49999999999994 9.1
vertex 149.99999999999997 -91.49999999999984 4.6
endloop
endfacet
facet normal 0 0 -1
outer loop
vertex 149.95196320100808 -91.01227419495963 9.1
vertex 149.99999999999997 -91.49999999999984 4.6
vertex 149.95196320100837 -91.01227419496273 4.6
endloop
endfacet
facet normal 0 0 1
outer loop
vertex 149.80969883127824 -90.5432914190873 9.1
vertex 149.84711762493015 -90.66664465047056 9.1
vertex 149.92578458136038 -90.92597485145245 9.1
endloop
endfacet
facet normal 0 0 1
outer loop
vertex 149.80969883127824 -90.5432914190873 9.1
vertex 149.92578458136038 -90.92597485145245 9.1
vertex 149.95196320100808 -91.01227419495963 9.1
endloop
endfacet
facet normal 0 0 1
outer loop
vertex 149.80969883127824 -90.5432914190873 9.1
vertex 149.95196320100808 -91.01227419495963 9.1
vertex 149.95196320100837 -91.01227419496273 4.6
endloop
endfacet
facet normal 0 0 1
outer loop
vertex 149.80969883127824 -90.5432914190873 9.1
vertex 149.95196320100837 -91.01227419496273 4.6
vertex 149.80969883127744 -90.5432914190868 4.6
endloop
endfacet
facet normal 0 0 1
outer loop
vertex 149.57867403075636 -90.1110744174511 9.1
vertex 149.58033437402918 -90.11418070123361 9.1
vertex 149.65442557116322 -90.25279558154585 9.1
endloop
endfacet
facet normal 0 0 1
outer loop
vertex 149.57867403075636 -90.1110744174511 9.1
vertex 149.65442557116322 -90.25279558154585 9.1
vertex 149.75413554836314 -90.43933982822028 9.1
endloop
endfacet
facet normal 0 0 1
outer loop
vertex 149.57867403075636 -90.1110744174511 9.1
vertex 149.75413554836314 -90.43933982822028 9.1
vertex 149.80969883127824 -90.5432914190873 9.1
endloop
endfacet
facet normal 0 0 1
outer loop
vertex 149.57867403075636 -90.1110744174511 9.1
vertex 149.80969883127824 -90.5432914190873 9.1
vertex 149.80969883127744 -90.5432914190868 4.6
endloop
endfacet
facet normal 0 0 1
outer loop
vertex 149.57867403075636 -90.1110744174511 9.1
vertex 149.80969883127744 -90.5432914190868 4.6
vertex 149.5786740307484 -90.11107441743715 4.6
endloop
endfacet
facet normal 0 0 -1
outer loop
vertex 149.26776695296647 -89.7322330470337 9.1
vertex 149.48751761215058 -89.99999999999945 9.1
vertex 149.51117128141695 -90.0288220793956 9.1
endloop
endfacet
facet normal 0 0 -1
outer loop
vertex 149.26776695296647 -89.7322330470337 9.1
vertex 149.51117128141695 -90.0288220793956 9.1
vertex 149.57867403075636 -90.1110744174511 9.1
endloop
endfacet
facet normal 0 0 -1
outer loop
vertex 149.26776695296647 -89.7322330470337 9.1
vertex 149.57867403075636 -90.1110744174511 9.1
vertex 149.5786740307484 -90.11107441743715 4.6
endloop
endfacet
facet normal 0 0 -1
outer loop
vertex 149.26776695296647 -89.7322330470337 9.1
vertex 149.5786740307484 -90.11107441743715 4.6
vertex 149.26776695297966 -89.7322330470456 4.6
endloop
endfacet
facet normal 0.6343932841636208 0.7730104533627572 0
outer loop
vertex 148.888925582549 -89.42132596924353 9.1
vertex 149.26776695296647 -89.7322330470337 9.1
vertex 149.26776695297966 -89.7322330470456 4.6
endloop
endfacet
facet normal 0.6343932841636208 0.7730104533627572 0
outer loop
vertex 148.888925582549 -89.42132596924353 9.1
vertex 149.26776695297966 -89.7322330470456 4.6
vertex 148.88892558254688 -89.42132596924293 4.6
endloop
endfacet
facet normal 0.4713967368260129 0.8819212643483468 0
outer loop
vertex 148.45670858091276 -89.19030116872182 9.1
vertex 148.888925582549 -89.42132596924353 9.1
vertex 148.88892558254688 -89.42132596924293 4.6
endloop
endfacet
facet normal 0.4713967368260129 0.8819212643483468 0
outer loop
vertex 148.45670858091276 -89.19030116872182 9.1
vertex 148.88892558254688 -89.42132596924293 4.6
vertex 148.45670858090514 -89.19030116871822 4.6
endloop
endfacet
facet normal 0.2902846772544479 0.9569403357322133 0
outer loop
vertex 147.9877258050402 -89.04803679899194 9.1
vertex 148.45670858091276 -89.19030116872182 9.1
vertex 148.45670858090514 -89.19030116871822 4.6
endloop
endfacet
facet normal 0.2902846772544479 0.9569403357322133 0
outer loop
vertex 147.9877258050402 -89.04803679899194 9.1
vertex 148.45670858090514 -89.19030116871822 4.6
vertex 147.98772580504635 -89.0480367989925 4.6
endloop
endfacet
facet normal 0.09801714032957423 0.9951847266721956 0
outer loop
vertex 147.50000000000009 -89 9.1
vertex 147.9877258050402 -89.04803679899194 9.1
vertex 147.98772580504635 -89.0480367989925 4.6
endloop
endfacet
facet normal 0.09801714032957423 0.9951847266721956 0
outer loop
vertex 147.50000000000009 -89 9.1
vertex 147.98772580504635 -89.0480367989925 4.6
vertex 147.5000000000005 -89 4.6
endloop
endfacet
facet normal -0.09801714032957415 0.9951847266721957 0
outer loop
vertex 147.01227419495967 -89.04803679899194 9.1
vertex 147.50000000000009 -89 9.1
vertex 147.5000000000005 -89 4.6
endloop
endfacet
facet normal -0.09801714032957415 0.9951847266721957 0
outer loop
vertex 147.01227419495967 -89.04803679899194 9.1
vertex 147.5000000000005 -89 4.6
vertex 147.01227419495842 -89.0480367989925 4.6
endloop
endfacet
facet normal -0.2902846772544629 0.9569403357322087 0
outer loop
vertex 146.54329141908744 -89.19030116872182 9.1
vertex 147.01227419495967 -89.04803679899194 9.1
vertex 147.01227419495842 -89.0480367989925 4.6
endloop
endfacet
facet normal -0.2902846772544629 0.9569403357322087 0
outer loop
vertex 146.54329141908744 -89.19030116872182 9.1
vertex 147.01227419495842 -89.0480367989925 4.6
vertex 146.54329141908906 -89.19030116871822 4.6
endloop
endfacet
facet normal -0.4713967368259914 0.8819212643483584 0
outer loop
vertex 146.11107441745082 -89.42132596924353 9.1
vertex 146.54329141908744 -89.19030116872182 9.1
vertex 146.54329141908906 -89.19030116871822 4.6
endloop
endfacet
facet normal -0.4713967368259914 0.8819212643483584 0
outer loop
vertex 146.11107441745082 -89.42132596924353 9.1
vertex 146.54329141908906 -89.19030116871822 4.6
vertex 146.11107441744895 -89.42132596924293 4.6
endloop
endfacet
facet normal -0.6343932841636672 0.7730104533627191 0
outer loop
vertex 145.73223304703373 -89.7322330470337 9.1
vertex 146.11107441745082 -89.42132596924353 9.1
vertex 146.11107441744895 -89.42132596924293 4.6
endloop
endfacet
facet normal -0.6343932841636672 0.7730104533627191 0
outer loop
vertex 145.73223304703373 -89.7322330470337 9.1
vertex 146.11107441744895 -89.42132596924293 4.6
vertex 145.73223304703404 -89.7322330470456 4.6
endloop
endfacet
facet normal 0 0 1
outer loop
vertex 145.4213259692436 -90.1110744174511 9.1
vertex 145.48882871858328 -90.0288220793956 9.1
vertex 145.51248238784973 -89.99999999999945 9.1
endloop
endfacet
facet normal 0 0 1
outer loop
vertex 145.4213259692436 -90.1110744174511 9.1
vertex 145.51248238784973 -89.99999999999945 9.1
vertex 145.73223304703373 -89.7322330470337 9.1
endloop
endfacet
facet normal 0 0 1
outer loop
vertex 145.4213259692436 -90.1110744174511 9.1
vertex 145.73223304703373 -89.7322330470337 9.1
vertex 145.73223304703404 -89.7322330470456 4.6
endloop
endfacet
facet normal 0 0 1
outer loop
vertex 145.4213259692436 -90.1110744174511 9.1
vertex 145.73223304703404 -89.7322330470456 4.6
vertex 145.42132596924384 -90.11107441743715 4.6
endloop
endfacet
facet normal 0 0 -1
outer loop
vertex 145.19030116872176 -90.5432914190873 9.1
vertex 145.24586445163678 -90.43933982822028 9.1
vertex 145.34557442883656 -90.25279558154585 9.1
endloop
endfacet
facet normal 0 0 -1
outer loop
vertex 145.19030116872176 -90.5432914190873 9.1
vertex 145.34557442883656 -90.25279558154585 9.1
vertex 145.4196656259708 -90.11418070123361 9.1
endloop
endfacet
facet normal 0 0 -1
outer loop
vertex 145.19030116872176 -90.5432914190873 9.1
vertex 145.4196656259708 -90.11418070123361 9.1
vertex 145.4213259692436 -90.1110744174511 9.1
endloop
endfacet
facet normal 0 0 -1
outer loop
vertex 145.19030116872176 -90.5432914190873 9.1
vertex 145.4213259692436 -90.1110744174511 9.1
vertex 145.42132596924384 -90.11107441743715 4.6
endloop
endfacet
facet normal 0 0 -1
outer loop
vertex 145.19030116872176 -90.5432914190873 9.1
vertex 145.42132596924384 -90.11107441743715 4.6
vertex 145.19030116872096 -90.5432914190868 4.6
endloop
endfacet
facet normal 0 0 -1
outer loop
vertex 145.04803679899194 -91.01227419495963 9.1
vertex 145.0742154186397 -90.92597485145245 9.1
vertex 145.1528823750702 -90.66664465047056 9.1
endloop
endfacet
facet normal 0 0 -1
outer loop
vertex 145.04803679899194 -91.01227419495963 9.1
vertex 145.1528823750702 -90.66664465047056 9.1
vertex 145.19030116872176 -90.5432914190873 9.1
endloop
endfacet
facet normal 0 0 -1
outer loop
vertex 145.04803679899194 -91.01227419495963 9.1
vertex 145.19030116872176 -90.5432914190873 9.1
vertex 145.19030116872096 -90.5432914190868 4.6
endloop
endfacet
facet normal 0 0 -1
outer loop
vertex 145.04803679899194 -91.01227419495963 9.1
vertex 145.19030116872096 -90.5432914190868 4.6
vertex 145.04803679899192 -91.01227419496273 4.6
endloop
endfacet
facet normal 0 0 -1
outer loop
vertex 145 -91.49999999999994 9.1
vertex 145.02882207939504 -91.20736451697596 9.1
vertex 145.04803679899194 -91.01227419495963 9.1
endloop
endfacet
facet normal 0 0 -1
outer loop
vertex 145 -91.49999999999994 9.1
vertex 145.04803679899194 -91.01227419495963 9.1
vertex 145.04803679899192 -91.01227419496273 4.6
endloop
endfacet
facet normal 0 0 -1
outer loop
vertex 145 -91.49999999999994 9.1
vertex 145.04803679899192 -91.01227419496273 4.6
vertex 145.00000000000006 -91.49999999999984 4.6
endloop
endfacet
facet normal 0 0 1
outer loop
vertex 145.04803679899192 -91.98772580504044 9.1
vertex 145.0288220793955 -91.79263548302416 9.1
vertex 145 -91.49999999999994 9.1
endloop
endfacet
facet normal 0 0 1
outer loop
vertex 145.04803679899192 -91.98772580504044 9.1
vertex 145 -91.49999999999994 9.1
vertex 145.00000000000006 -91.49999999999984 4.6
endloop
endfacet
facet normal 0 0 1
outer loop
vertex 145.04803679899192 -91.98772580504044 9.1
vertex 145.00000000000006 -91.49999999999984 4.6
vertex 145.04803679899277 -91.98772580504658 4.6
endloop
endfacet
facet normal 0 0 1
outer loop
vertex 145.19030116872182 -92.4567085809126 9.1
vertex 145.1528823750713 -92.33335534952762 9.1
vertex 145.0742154186365 -92.07402514854772 9.1
endloop
endfacet
facet normal 0 0 1
outer loop
vertex 145.19030116872182 -92.4567085809126 9.1
vertex 145.0742154186365 -92.07402514854772 9.1
vertex 145.04803679899192 -91.98772580504044 9.1
endloop
endfacet
facet normal 0 0 1
outer loop
vertex 145.19030116872182 -92.4567085809126 9.1
vertex 145.04803679899192 -91.98772580504044 9.1
vertex 145.04803679899277 -91.98772580504658 4.6
endloop
endfacet
facet normal 0 0 1
outer loop
vertex 145.19030116872182 -92.4567085809126 9.1
vertex 145.04803679899277 -91.98772580504658 4.6
vertex 145.19030116872054 -92.45670858090897 4.6
endloop
endfacet
facet normal 0 0 1
outer loop
vertex 145.42132596924353 -92.888925582549 9.1
vertex 145.41966562597096 -92.88581929876435 9.1
vertex 145.34557442882956 -92.74720441845375 9.1
endloop
endfacet
facet normal 0 0 1
outer loop
vertex 145.42132596924353 -92.888925582549 9.1
vertex 145.34557442882956 -92.74720441845375 9.1
vertex 145.24586445164283 -92.56066017177855 9.1
endloop
endfacet
facet normal 0 0 1
outer loop
vertex 145.42132596924353 -92.888925582549 9.1
vertex 145.24586445164283 -92.56066017177855 9.1
vertex 145.19030116872182 -92.4567085809126 9.1
endloop
endfacet
facet normal 0 0 1
outer loop
vertex 145.42132596924353 -92.888925582549 9.1
vertex 145.19030116872182 -92.4567085809126 9.1
vertex 145.19030116872054 -92.45670858090897 4.6
endloop
endfacet
facet normal 0 0 1
outer loop
vertex 145.42132596924353 -92.888925582549 9.1
vertex 145.19030116872054 -92.45670858090897 4.6
vertex 145.4213259692405 -92.8889255825494 4.6
endloop
endfacet
facet normal 0 0 -1
outer loop
vertex 145.73223304703362 -93.26776695296634 9.1
vertex 145.5124823878494 -93.00000000000003 9.1
vertex 145.48882871858262 -92.9711779206034 9.1
endloop
endfacet
facet normal 0 0 -1
outer loop
vertex 145.73223304703362 -93.26776695296634 9.1
vertex 145.48882871858262 -92.9711779206034 9.1
vertex 145.42132596924353 -92.888925582549 9.1
endloop
endfacet
facet normal 0 0 -1
outer loop
vertex 145.73223304703362 -93.26776695296634 9.1
vertex 145.42132596924353 -92.888925582549 9.1
vertex 145.4213259692405 -92.8889255825494 4.6
endloop
endfacet
facet normal 0 0 -1
outer loop
vertex 145.73223304703362 -93.26776695296634 9.1
vertex 145.4213259692405 -92.8889255825494 4.6
vertex 145.73223304703427 -93.26776695296373 4.6
endloop
endfacet
facet normal -0.6343932841636218 -0.7730104533627565 0
outer loop
vertex 146.1110744174511 -93.5786740307564 9.1
vertex 145.73223304703362 -93.26776695296634 9.1
vertex 145.73223304703427 -93.26776695296373 4.6
endloop
endfacet
facet normal -0.6343932841636218 -0.7730104533627565 0
outer loop
vertex 146.1110744174511 -93.5786740307564 9.1
vertex 145.73223304703427 -93.26776695296373 4.6
vertex 146.11107441745264 -93.57867403075873 4.6
endloop
endfacet
facet normal -0.4713967368259909 -0.8819212643483587 0
outer loop
vertex 146.54329141908724 -93.8096988312782 9.1
vertex 146.1110744174511 -93.5786740307564 9.1
vertex 146.11107441745264 -93.57867403075873 4.6
endloop
endfacet
facet normal -0.4713967368259909 -0.8819212643483587 0
outer loop
vertex 146.54329141908724 -93.8096988312782 9.1
vertex 146.11107441745264 -93.57867403075873 4.6
vertex 146.54329141908784 -93.80969883128334 4.6
endloop
endfacet
facet normal -0.2902846772544689 -0.9569403357322068 0
outer loop
vertex 147.01227419495973 -93.95196320100807 9.1
vertex 146.54329141908724 -93.8096988312782 9.1
vertex 146.54329141908784 -93.80969883128334 4.6
endloop
endfacet
facet normal -0.2902846772544689 -0.9569403357322068 0
outer loop
vertex 147.01227419495973 -93.95196320100807 9.1
vertex 146.54329141908784 -93.80969883128334 4.6
vertex 147.01227419495714 -93.9519632010073 4.6
endloop
endfacet
facet normal -0.09801714032957423 -0.9951847266721956 0
outer loop
vertex 147.49999999999991 -94 9.1
vertex 147.01227419495973 -93.95196320100807 9.1
vertex 147.01227419495714 -93.9519632010073 4.6
endloop
endfacet
facet normal -0.09801714032957423 -0.9951847266721956 0
outer loop
vertex 147.49999999999991 -94 9.1
vertex 147.01227419495714 -93.9519632010073 4.6
vertex 147.49999999999986 -94.00000000000003 4.6
endloop
endfacet
facet normal 0.09801714032957415 -0.9951847266721957 0
outer loop
vertex 147.9877258050403 -93.95196320100807 9.1
vertex 147.49999999999991 -94 9.1
vertex 147.49999999999986 -94.00000000000003 4.6
endloop
endfacet
facet normal 0.09801714032957415 -0.9951847266721957 0
outer loop
vertex 147.9877258050403 -93.95196320100807 9.1
vertex 147.49999999999986 -94.00000000000003 4.6
vertex 147.98772580504772 -93.9519632010073 4.6
endloop
endfacet
facet normal 0.2902846772544479 -0.9569403357322133 0
outer loop
vertex 148.4567085809127 -93.8096988312782 9.1
vertex 147.9877258050403 -93.95196320100807 9.1
vertex 147.98772580504772 -93.9519632010073 4.6
endloop
endfacet
facet normal 0.2902846772544479 -0.9569403357322133 0
outer loop
vertex 148.4567085809127 -93.8096988312782 9.1
vertex 147.98772580504772 -93.9519632010073 4.6
vertex 148.45670858089707 -93.80969883128334 4.6
endloop
endfacet
facet normal 0.4713967368259914 -0.8819212643483584 0
outer loop
vertex 148.88892558254895 -93.5786740307564 9.1
vertex 148.4567085809127 -93.8096988312782 9.1
vertex 148.45670858089707 -93.80969883128334 4.6
endloop
endfacet
facet normal 0.4713967368259914 -0.8819212643483584 0
outer loop
vertex 148.88892558254895 -93.5786740307564 9.1
vertex 148.45670858089707 -93.80969883128334 4.6
vertex 148.8889255825447 -93.57867403075873 4.6
endloop
endfacet
facet normal 0.6343932841636518 -0.7730104533627319 0
outer loop
vertex 149.26776695296647 -93.26776695296634 9.1
vertex 148.88892558254895 -93.5786740307564 9.1
vertex 148.8889255825447 -93.57867403075873 4.6
endloop
endfacet
facet normal 0.6343932841636518 -0.7730104533627319 0
outer loop
vertex 149.26776695296647 -93.26776695296634 9.1
vertex 148.8889255825447 -93.57867403075873 4.6
vertex 149.26776695297195 -93.26776695296373 4.6
endloop
endfacet
facet normal 0 0 1
outer loop
vertex 149.57867403075642 -92.888925582549 9.1
vertex 149.51117128141746 -92.9711779206034 9.1
vertex 149.48751761215073 -93.00000000000003 9.1
endloop
endfacet
facet normal 0 0 1
outer loop
vertex 149.57867403075642 -92.888925582549 9.1
vertex 149.48751761215073 -93.00000000000003 9.1
vertex 149.26776695296647 -93.26776695296634 9.1
endloop
endfacet
facet normal 0 0 1
outer loop
vertex 149.57867403075642 -92.888925582549 9.1
vertex 149.26776695296647 -93.26776695296634 9.1
vertex 149.26776695297195 -93.26776695296373 4.6
endloop
endfacet
facet normal 0 0 1
outer loop
vertex 149.57867403075642 -92.888925582549 9.1
vertex 149.26776695297195 -93.26776695296373 4.6
vertex 149.5786740307544 -92.8889255825494 4.6
endloop
endfacet
facet normal 0 0 1
outer loop
vertex 149.80969883127813 -92.4567085809126 9.1
vertex 149.75413554835654 -92.56066017177855 9.1
vertex 149.65442557117012 -92.74720441845375 9.1
endloop
endfacet
facet normal 0 0 1
outer loop
vertex 149.80969883127813 -92.4567085809126 9.1
vertex 149.65442557117012 -92.74720441845375 9.1
vertex 149.58033437402898 -92.88581929876435 9.1
endloop
endfacet
facet normal 0 0 1
outer loop
vertex 149.80969883127813 -92.4567085809126 9.1
vertex 149.58033437402898 -92.88581929876435 9.1
vertex 149.57867403075642 -92.888925582549 9.1
endloop
endfacet
facet normal 0 0 1
outer loop
vertex 149.80969883127813 -92.4567085809126 9.1
vertex 149.57867403075642 -92.888925582549 9.1
vertex 149.5786740307544 -92.8889255825494 4.6
endloop
endfacet
facet normal 0 0 1
outer loop
vertex 149.80969883127813 -92.4567085809126 9.1
vertex 149.5786740307544 -92.8889255825494 4.6
vertex 149.80969883128037 -92.45670858090897 4.6
endloop
endfacet
facet normal 0 0 -1
outer loop
vertex 149.9519632010081 -91.98772580504044 9.1
vertex 149.92578458136362 -92.07402514854772 9.1
vertex 149.84711762492873 -92.33335534952762 9.1
endloop
endfacet
facet normal 0 0 -1
outer loop
vertex 149.9519632010081 -91.98772580504044 9.1
vertex 149.84711762492873 -92.33335534952762 9.1
vertex 149.80969883127813 -92.4567085809126 9.1
endloop
endfacet
facet normal 0 0 -1
outer loop
vertex 149.9519632010081 -91.98772580504044 9.1
vertex 149.80969883127813 -92.4567085809126 9.1
vertex 149.80969883128037 -92.45670858090897 4.6
endloop
endfacet
facet normal 0 0 -1
outer loop
vertex 149.9519632010081 -91.98772580504044 9.1
vertex 149.80969883128037 -92.45670858090897 4.6
vertex 149.95196320100797 -91.98772580504658 4.6
endloop
endfacet
facet normal 0 0 -1
outer loop
vertex 112 -153.24999999999991 9.1
vertex 111.97117792060546 -153.54263548302424 9.1
vertex 111.95196320100807 -153.73772580504036 9.1
endloop
endfacet
facet normal 0 0 -1
outer loop
vertex 112 -153.24999999999991 9.1
vertex 111.95196320100807 -153.73772580504036 9.1
vertex 111.95196320100759 -153.73772580504234 4.6
endloop
endfacet
facet normal 0 0 -1
outer loop
vertex 112 -153.24999999999991 9.1
vertex 111.95196320100759 -153.73772580504234 4.6
vertex 111.99999999999996 -153.25000000000003 4.6
endloop
endfacet
facet normal 0 0 1
outer loop
vertex 111.95196320100807 -152.7622741949597 9.1
vertex 111.97117792060398 -152.95736451697576 9.1
vertex 112 -153.24999999999991 9.1
endloop
endfacet
facet normal 0 0 1
outer loop
vertex 111.95196320100807 -152.7622741949597 9.1
vertex 112 -153.24999999999991 9.1
vertex 111.99999999999996 -153.25000000000003 4.6
endloop
endfacet
facet normal 0 0 1
outer loop
vertex 111.95196320100807 -152.7622741949597 9.1
vertex 111.99999999999996 -153.25000000000003 4.6
vertex 111.95196320100804 -152.7622741949592 4.6
endloop
endfacet
facet normal 0 0 -1
outer loop
vertex 111.57867403075636 -151.8610744174511 9.1
vertex 111.58033437403064 -151.86418070123375 9.1
vertex 111.65442557116516 -152.00279558154668 9.1
endloop
endfacet
facet normal 0 0 -1
outer loop
vertex 111.57867403075636 -151.8610744174511 9.1
vertex 111.65442557116516 -152.00279558154668 9.1
vertex 111.75413554835463 -152.18933982822048 9.1
endloop
endfacet
facet normal 0 0 -1
outer loop
vertex 111.57867403075636 -151.8610744174511 9.1
vertex 111.75413554835463 -152.18933982822048 9.1
vertex 111.80969883127815 -152.29329141908707 9.1
endloop
endfacet
facet normal 0 0 -1
outer loop
vertex 111.57867403075636 -151.8610744174511 9.1
vertex 111.80969883127815 -152.29329141908707 9.1
vertex 111.80969883128263 -152.2932914190966 4.6
endloop
endfacet
facet normal 0 0 -1
outer loop
vertex 111.57867403075636 -151.8610744174511 9.1
vertex 111.80969883128263 -152.2932914190966 4.6
vertex 111.5786740307566 -151.8610744174526 4.6
endloop
endfacet
facet normal 0 0 1
outer loop
vertex 111.26776695296635 -151.48223304703362 9.1
vertex 111.48751761215101 -151.7500000000019 9.1
vertex 111.51117128142015 -151.77882207939427 9.1
endloop
endfacet
facet normal 0 0 1
outer loop
vertex 111.26776695296635 -151.48223304703362 9.1
vertex 111.51117128142015 -151.77882207939427 9.1
vertex 111.57867403075636 -151.8610744174511 9.1
endloop
endfacet
facet normal 0 0 1
outer loop
vertex 111.26776695296635 -151.48223304703362 9.1
vertex 111.57867403075636 -151.8610744174511 9.1
vertex 111.5786740307566 -151.8610744174526 4.6
endloop
endfacet
facet normal 0 0 1
outer loop
vertex 111.26776695296635 -151.48223304703362 9.1
vertex 111.5786740307566 -151.8610744174526 4.6
vertex 111.26776695296437 -151.48223304703248 4.6
endloop
endfacet
facet normal 0.634393284163644 0.7730104533627382 0
outer loop
vertex 110.88892558254912 -151.17132596924355 9.1
vertex 111.26776695296635 -151.48223304703362 9.1
vertex 111.26776695296437 -151.48223304703248 4.6
endloop
endfacet
facet normal 0.634393284163644 0.7730104533627382 0
outer loop
vertex 110.88892558254912 -151.17132596924355 9.1
vertex 111.26776695296437 -151.48223304703248 4.6
vertex 110.88892558255964 -151.17132596924955 4.6
endloop
endfacet
facet normal 0.4713967368260224 0.8819212643483418 0
outer loop
vertex 110.45670858091256 -150.94030116872185 9.1
vertex 110.88892558254912 -151.17132596924355 9.1
vertex 110.88892558255964 -151.17132596924955 4.6
endloop
endfacet
facet normal 0.4713967368260224 0.8819212643483418 0
outer loop
vertex 110.45670858091256 -150.94030116872185 9.1
vertex 110.88892558255964 -151.17132596924955 4.6
vertex 110.4567085809094 -150.94030116872037 4.6
endloop
endfacet
facet normal 0.29028467725447593 0.9569403357322048 0
outer loop
vertex 109.98772580504033 -150.79803679899192 9.1
vertex 110.45670858091256 -150.94030116872185 9.1
vertex 110.4567085809094 -150.94030116872037 4.6
endloop
endfacet
facet normal 0.29028467725447593 0.9569403357322048 0
outer loop
vertex 109.98772580504033 -150.79803679899192 9.1
vertex 110.4567085809094 -150.94030116872037 4.6
vertex 109.98772580504435 -150.7980367989927 4.6
endloop
endfacet
facet normal 0.09801714032954582 0.9951847266721984 0
outer loop
vertex 109.49999999999989 -150.75 9.1
vertex 109.98772580504033 -150.79803679899192 9.1
vertex 109.98772580504435 -150.7980367989927 4.6
endloop
endfacet
facet normal 0.09801714032954582 0.9951847266721984 0
outer loop
vertex 109.49999999999989 -150.75 9.1
vertex 109.98772580504435 -150.7980367989927 4.6
vertex 109.4999999999981 -150.75000000000023 4.6
endloop
endfacet
facet normal -0.09801714032954581 0.9951847266721984 0
outer loop
vertex 109.01227419495972 -150.79803679899192 9.1
vertex 109.49999999999989 -150.75 9.1
vertex 109.4999999999981 -150.75000000000023 4.6
endloop
endfacet
facet normal -0.09801714032954581 0.9951847266721984 0
outer loop
vertex 109.01227419495972 -150.79803679899192 9.1
vertex 109.4999999999981 -150.75000000000023 4.6
vertex 109.01227419495737 -150.7980367989927 4.6
endloop
endfacet
facet normal -0.2902846772545039 0.9569403357321964 0
outer loop
vertex 108.54329141908734 -150.94030116872185 9.1
vertex 109.01227419495972 -150.79803679899192 9.1
vertex 109.01227419495737 -150.7980367989927 4.6
endloop
endfacet
facet normal -0.2902846772545039 0.9569403357321964 0
outer loop
vertex 108.54329141908734 -150.94030116872185 9.1
vertex 109.01227419495737 -150.7980367989927 4.6
vertex 108.54329141908991 -150.94030116872037 4.6
endloop
endfacet
facet normal -0.4713967368259914 0.8819212643483584 0
outer loop
vertex 108.11107441745085 -151.17132596924355 9.1
vertex 108.54329141908734 -150.94030116872185 9.1
vertex 108.54329141908991 -150.94030116872037 4.6
endloop
endfacet
facet normal -0.4713967368259914 0.8819212643483584 0
outer loop
vertex 108.11107441745085 -151.17132596924355 9.1
vertex 108.54329141908991 -150.94030116872037 4.6
vertex 108.11107441745006 -151.17132596924955 4.6
endloop
endfacet
facet normal -0.6343932841636208 0.7730104533627572 0
outer loop
vertex 107.73223304703383 -151.48223304703362 9.1
vertex 108.11107441745085 -151.17132596924355 9.1
vertex 108.11107441745006 -151.17132596924955 4.6
endloop
endfacet
facet normal -0.6343932841636208 0.7730104533627572 0
outer loop
vertex 107.73223304703383 -151.48223304703362 9.1
vertex 108.11107441745006 -151.17132596924955 4.6
vertex 107.732233047035 -151.48223304703248 4.6
endloop
endfacet
facet normal 0 0 -1
outer loop
vertex 107.42132596924351 -151.8610744174511 9.1
vertex 107.4888287185798 -151.77882207939427 9.1
vertex 107.51248238784895 -151.7500000000019 9.1
endloop
endfacet
facet normal 0 0 -1
outer loop
vertex 107.42132596924351 -151.8610744174511 9.1
vertex 107.51248238784895 -151.7500000000019 9.1
vertex 107.73223304703383 -151.48223304703362 9.1
endloop
endfacet
facet normal 0 0 -1
outer loop
vertex 107.42132596924351 -151.8610744174511 9.1
vertex 107.73223304703383 -151.48223304703362 9.1
vertex 107.732233047035 -151.48223304703248 4.6
endloop
endfacet
facet normal 0 0 -1
outer loop
vertex 107.42132596924351 -151.8610744174511 9.1
vertex 107.732233047035 -151.48223304703248 4.6
vertex 107.42132596924301 -151.8610744174526 4.6
endloop
endfacet
facet normal 0 0 1
outer loop
vertex 107.19030116872179 -152.29329141908707 9.1
vertex 107.2458644516453 -152.18933982822048 9.1
vertex 107.34557442883474 -152.00279558154668 9.1
endloop
endfacet
facet normal 0 0 1
outer loop
vertex 107.19030116872179 -152.29329141908707 9.1
vertex 107.34557442883474 -152.00279558154668 9.1
vertex 107.41966562596923 -151.86418070123375 9.1
endloop
endfacet
facet normal 0 0 1
outer loop
vertex 107.19030116872179 -152.29329141908707 9.1
vertex 107.41966562596923 -151.86418070123375 9.1
vertex 107.42132596924351 -151.8610744174511 9.1
endloop
endfacet
facet normal 0 0 1
outer loop
vertex 107.19030116872179 -152.29329141908707 9.1
vertex 107.42132596924351 -151.8610744174511 9.1
vertex 107.42132596924301 -151.8610744174526 4.6
endloop
endfacet
facet normal 0 0 1
outer loop
vertex 107.19030116872179 -152.29329141908707 9.1
vertex 107.42132596924301 -151.8610744174526 4.6
vertex 107.19030116872375 -152.2932914190966 4.6
endloop
endfacet
facet normal 0 0 1
outer loop
vertex 107.04803679899193 -152.7622741949597 9.1
vertex 107.0742154186448 -152.6759748514529 9.1
vertex 107.1528823750671 -152.41664465047106 9.1
endloop
endfacet
facet normal 0 0 1
outer loop
vertex 107.04803679899193 -152.7622741949597 9.1
vertex 107.1528823750671 -152.41664465047106 9.1
vertex 107.19030116872179 -152.29329141908707 9.1
endloop
endfacet
facet normal 0 0 1
outer loop
vertex 107.04803679899193 -152.7622741949597 9.1
vertex 107.19030116872179 -152.29329141908707 9.1
vertex 107.19030116872375 -152.2932914190966 4.6
endloop
endfacet
facet normal 0 0 1
outer loop
vertex 107.04803679899193 -152.7622741949597 9.1
vertex 107.19030116872375 -152.2932914190966 4.6
vertex 107.04803679899128 -152.7622741949592 4.6
endloop
endfacet
facet normal 0 0 1
outer loop
vertex 107 -153.24999999999991 9.1
vertex 107.02882207939602 -152.95736451697576 9.1
vertex 107.04803679899193 -152.7622741949597 9.1
endloop
endfacet
facet normal 0 0 1
outer loop
vertex 107 -153.24999999999991 9.1
vertex 107.04803679899193 -152.7622741949597 9.1
vertex 107.04803679899128 -152.7622741949592 4.6
endloop
endfacet
facet normal 0 0 1
outer loop
vertex 107 -153.24999999999991 9.1
vertex 107.04803679899128 -152.7622741949592 4.6
vertex 106.99999999999993 -153.25000000000003 4.6
endloop
endfacet
facet normal 0 0 -1
outer loop
vertex 107.04803679899193 -153.73772580504036 9.1
vertex 107.02882207939454 -153.54263548302424 9.1
vertex 107 -153.24999999999991 9.1
endloop
endfacet
facet normal 0 0 -1
outer loop
vertex 107.04803679899193 -153.73772580504036 9.1
vertex 107 -153.24999999999991 9.1
vertex 106.99999999999993 -153.25000000000003 4.6
endloop
endfacet
facet normal 0 0 -1
outer loop
vertex 107.04803679899193 -153.73772580504036 9.1
vertex 106.99999999999993 -153.25000000000003 4.6
vertex 107.04803679899116 -153.73772580504234 4.6
endloop
endfacet
facet normal 0 0 1
outer loop
vertex 107.19030116872183 -154.20670858091265 9.1
vertex 107.15288237507104 -154.08335534953 9.1
vertex 107.07421541864467 -153.8240251485475 9.1
endloop
endfacet
facet normal 0 0 1
outer loop
vertex 107.19030116872183 -154.20670858091265 9.1
vertex 107.07421541864467 -153.8240251485475 9.1
vertex 107.04803679899193 -153.73772580504036 9.1
endloop
endfacet
facet normal 0 0 1
outer loop
vertex 107.19030116872183 -154.20670858091265 9.1
vertex 107.04803679899193 -153.73772580504036 9.1
vertex 107.04803679899116 -153.73772580504234 4.6
endloop
endfacet
facet normal 0 0 1
outer loop
vertex 107.19030116872183 -154.20670858091265 9.1
vertex 107.04803679899116 -153.73772580504234 4.6
vertex 107.19030116872719 -154.2067085809092 4.6
endloop
endfacet
facet normal 0 0 1
outer loop
vertex 107.42132596924364 -154.63892558254912 9.1
vertex 107.419665625972 -154.63581929876528 9.1
vertex 107.34557442883059 -154.49720441845437 9.1
endloop
endfacet
facet normal 0 0 1
outer loop
vertex 107.42132596924364 -154.63892558254912 9.1
vertex 107.34557442883059 -154.49720441845437 9.1
vertex 107.24586445163781 -154.3106601717812 9.1
endloop
endfacet
facet normal 0 0 1
outer loop
vertex 107.42132596924364 -154.63892558254912 9.1
vertex 107.24586445163781 -154.3106601717812 9.1
vertex 107.19030116872183 -154.20670858091265 9.1
endloop
endfacet
facet normal 0 0 1
outer loop
vertex 107.42132596924364 -154.63892558254912 9.1
vertex 107.19030116872183 -154.20670858091265 9.1
vertex 107.19030116872719 -154.2067085809092 4.6
endloop
endfacet
facet normal 0 0 1
outer loop
vertex 107.42132596924364 -154.63892558254912 9.1
vertex 107.19030116872719 -154.2067085809092 4.6
vertex 107.42132596924206 -154.6389255825484 4.6
endloop
endfacet
facet normal 0 0 -1
outer loop
vertex 107.73223304703357 -155.0177669529662 9.1
vertex 107.51248238784946 -154.75000000000023 9.1
vertex 107.48882871858315 -154.7211779206047 9.1
endloop
endfacet
facet normal 0 0 -1
outer loop
vertex 107.73223304703357 -155.0177669529662 9.1
vertex 107.48882871858315 -154.7211779206047 9.1
vertex 107.42132596924364 -154.63892558254912 9.1
endloop
endfacet
facet normal 0 0 -1
outer loop
vertex 107.73223304703357 -155.0177669529662 9.1
vertex 107.42132596924364 -154.63892558254912 9.1
vertex 107.42132596924206 -154.6389255825484 4.6
endloop
endfacet
facet normal 0 0 -1
outer loop
vertex 107.73223304703357 -155.0177669529662 9.1
vertex 107.42132596924206 -154.6389255825484 4.6
vertex 107.73223304703332 -155.01776695296596 4.6
endloop
endfacet
facet normal -0.6343932841636836 -0.7730104533627059 0
outer loop
vertex 108.11107441745112 -155.32867403075642 9.1
vertex 107.73223304703357 -155.0177669529662 9.1
vertex 107.73223304703332 -155.01776695296596 4.6
endloop
endfacet
facet normal -0.6343932841636836 -0.7730104533627059 0
outer loop
vertex 108.11107441745112 -155.32867403075642 9.1
vertex 107.73223304703332 -155.01776695296596 4.6
vertex 108.11107441744754 -155.32867403075693 4.6
endloop
endfacet
facet normal -0.47139673682599437 -0.8819212643483567 0
outer loop
vertex 108.5432914190873 -155.55969883127827 9.1
vertex 108.11107441745112 -155.32867403075642 9.1
vertex 108.11107441744754 -155.32867403075693 4.6
endloop
endfacet
facet normal -0.47139673682599437 -0.8819212643483567 0
outer loop
vertex 108.5432914190873 -155.55969883127827 9.1
vertex 108.11107441744754 -155.32867403075693 4.6
vertex 108.54329141908646 -155.55969883127804 4.6
endloop
endfacet
facet normal -0.2902846772545039 -0.9569403357321963 0
outer loop
vertex 109.01227419495972 -155.70196320100808 9.1
vertex 108.5432914190873 -155.55969883127827 9.1
vertex 108.54329141908646 -155.55969883127804 4.6
endloop
endfacet
facet normal -0.2902846772545039 -0.9569403357321963 0
outer loop
vertex 109.01227419495972 -155.70196320100808 9.1
vertex 108.54329141908646 -155.55969883127804 4.6
vertex 109.01227419496225 -155.7019632010082 4.6
endloop
endfacet
facet normal -0.09801714032954582 -0.9951847266721984 0
outer loop
vertex 109.49999999999994 -155.75 9.1
vertex 109.01227419495972 -155.70196320100808 9.1
vertex 109.01227419496225 -155.7019632010082 4.6
endloop
endfacet
facet normal -0.09801714032954582 -0.9951847266721984 0
outer loop
vertex 109.49999999999994 -155.75 9.1
vertex 109.01227419496225 -155.7019632010082 4.6
vertex 109.49999999999756 -155.7500000000003 4.6
endloop
endfacet
facet normal 0.09801714032954582 -0.9951847266721984 0
outer loop
vertex 109.98772580504048 -155.70196320100808 9.1
vertex 109.49999999999994 -155.75 9.1
vertex 109.49999999999756 -155.7500000000003 4.6
endloop
endfacet
facet normal 0.09801714032954582 -0.9951847266721984 0
outer loop
vertex 109.98772580504048 -155.70196320100808 9.1
vertex 109.49999999999756 -155.7500000000003 4.6
vertex 109.98772580504003 -155.7019632010082 4.6
endloop
endfacet
facet normal 0.4713967368259914 -0.8819212643483584 0
outer loop
vertex 110.8889255825489 -155.32867403075642 9.1
vertex 110.45670858091262 -155.55969883127827 9.1
vertex 110.45670858091326 -155.55969883127804 4.6
endloop
endfacet
facet normal 0.4713967368259914 -0.8819212643483584 0
outer loop
vertex 110.8889255825489 -155.32867403075642 9.1
vertex 110.45670858091326 -155.55969883127804 4.6
vertex 110.88892558254813 -155.32867403075693 4.6
endloop
endfacet
facet normal 0.6343932841636208 -0.7730104533627572 0
outer loop
vertex 111.26776695296655 -155.0177669529662 9.1
vertex 110.8889255825489 -155.32867403075642 9.1
vertex 110.88892558254813 -155.32867403075693 4.6
endloop
endfacet
facet normal 0.6343932841636208 -0.7730104533627572 0
outer loop
vertex 111.26776695296655 -155.0177669529662 9.1
vertex 110.88892558254813 -155.32867403075693 4.6
vertex 111.26776695296681 -155.01776695296596 4.6
endloop
endfacet
facet normal 0 0 1
outer loop
vertex 111.57867403075629 -154.63892558254912 9.1
vertex 111.51117128141682 -154.7211779206047 9.1
vertex 111.48751761215053 -154.75000000000023 9.1
endloop
endfacet
facet normal 0 0 1
outer loop
vertex 111.57867403075629 -154.63892558254912 9.1
vertex 111.48751761215053 -154.75000000000023 9.1
vertex 111.26776695296655 -155.0177669529662 9.1
endloop
endfacet
facet normal 0 0 1
outer loop
vertex 111.57867403075629 -154.63892558254912 9.1
vertex 111.26776695296655 -155.0177669529662 9.1
vertex 111.26776695296681 -155.01776695296596 4.6
endloop
endfacet
facet normal 0 0 1
outer loop
vertex 111.57867403075629 -154.63892558254912 9.1
vertex 111.26776695296681 -155.01776695296596 4.6
vertex 111.57867403075727 -154.6389255825484 4.6
endloop
endfacet
facet normal 0 0 -1
outer loop
vertex 111.80969883127825 -154.20670858091265 9.1
vertex 111.75413554836224 -154.3106601717812 9.1
vertex 111.6544255711694 -154.49720441845437 9.1
endloop
endfacet
facet normal 0 0 -1
outer loop
vertex 111.80969883127825 -154.20670858091265 9.1
vertex 111.6544255711694 -154.49720441845437 9.1
vertex 111.58033437402793 -154.63581929876528 9.1
endloop
endfacet
facet normal 0 0 -1
outer loop
vertex 111.80969883127825 -154.20670858091265 9.1
vertex 111.58033437402793 -154.63581929876528 9.1
vertex 111.57867403075629 -154.63892558254912 9.1
endloop
endfacet
facet normal 0 0 -1
outer loop
vertex 111.80969883127825 -154.20670858091265 9.1
vertex 111.57867403075629 -154.63892558254912 9.1
vertex 111.57867403075727 -154.6389255825484 4.6
endloop
endfacet
facet normal 0 0 -1
outer loop
vertex 111.80969883127825 -154.20670858091265 9.1
vertex 111.57867403075727 -154.6389255825484 4.6
vertex 111.80969883127993 -154.2067085809092 4.6
endloop
endfacet
facet normal 0 0 1
outer loop
vertex 111.95196320100807 -153.73772580504036 9.1
vertex 111.92578458135534 -153.8240251485475 9.1
vertex 111.84711762492903 -154.08335534953 9.1
endloop
endfacet
facet normal 0 0 1
outer loop
vertex 111.95196320100807 -153.73772580504036 9.1
vertex 111.84711762492903 -154.08335534953 9.1
vertex 111.80969883127825 -154.20670858091265 9.1
endloop
endfacet
facet normal 0 0 1
outer loop
vertex 111.95196320100807 -153.73772580504036 9.1
vertex 111.80969883127825 -154.20670858091265 9.1
vertex 111.80969883127993 -154.2067085809092 4.6
endloop
endfacet
facet normal 0 0 1
outer loop
vertex 111.95196320100807 -153.73772580504036 9.1
vertex 111.80969883127993 -154.2067085809092 4.6
vertex 111.95196320100759 -153.73772580504234 4.6
endloop
endfacet
facet normal 0 0 -1
outer loop
vertex 150 -153.24999999999991 9.1
vertex 149.97117792060547 -153.54263548302424 9.1
vertex 149.95196320100808 -153.73772580504036 9.1
endloop
endfacet
facet normal 0 0 -1
outer loop
vertex 150 -153.24999999999991 9.1
vertex 149.95196320100808 -153.73772580504036 9.1
vertex 149.95196320100783 -153.73772580504234 4.6
endloop
endfacet
facet normal 0 0 -1
outer loop
vertex 150 -153.24999999999991 9.1
vertex 149.95196320100783 -153.73772580504234 4.6
vertex 150.00000000000003 -153.25000000000003 4.6
endloop
endfacet
facet normal 0 0 1
outer loop
vertex 149.95196320100808 -152.7622741949597 9.1
vertex 149.971177920604 -152.95736451697576 9.1
vertex 150 -153.24999999999991 9.1
endloop
endfacet
facet normal 0 0 1
outer loop
vertex 149.95196320100808 -152.7622741949597 9.1
vertex 150 -153.24999999999991 9.1
vertex 150.00000000000003 -153.25000000000003 4.6
endloop
endfacet
facet normal 0 0 1
outer loop
vertex 149.95196320100808 -152.7622741949597 9.1
vertex 150.00000000000003 -153.25000000000003 4.6
vertex 149.9519632010082 -152.7622741949592 4.6
endloop
endfacet
facet normal 0 0 -1
outer loop
vertex 149.80969883127813 -152.29329141908707 9.1
vertex 149.84711762493285 -152.41664465047106 9.1
vertex 149.9257845813552 -152.6759748514529 9.1
endloop
endfacet
facet normal 0 0 -1
outer loop
vertex 149.80969883127813 -152.29329141908707 9.1
vertex 149.9257845813552 -152.6759748514529 9.1
vertex 149.95196320100808 -152.7622741949597 9.1
endloop
endfacet
facet normal 0 0 -1
outer loop
vertex 149.80969883127813 -152.29329141908707 9.1
vertex 149.95196320100808 -152.7622741949597 9.1
vertex 149.9519632010082 -152.7622741949592 4.6
endloop
endfacet
facet normal 0 0 -1
outer loop
vertex 149.80969883127813 -152.29329141908707 9.1
vertex 149.9519632010082 -152.7622741949592 4.6
vertex 149.80969883128165 -152.2932914190966 4.6
endloop
endfacet
facet normal 0 0 -1
outer loop
vertex 149.57867403075645 -151.8610744174511 9.1
vertex 149.5803343740307 -151.86418070123375 9.1
vertex 149.6544255711652 -152.00279558154668 9.1
endloop
endfacet
facet normal 0 0 -1
outer loop
vertex 149.57867403075645 -151.8610744174511 9.1
vertex 149.6544255711652 -152.00279558154668 9.1
vertex 149.7541355483546 -152.18933982822048 9.1
endloop
endfacet
facet normal 0 0 -1
outer loop
vertex 149.57867403075645 -151.8610744174511 9.1
vertex 149.7541355483546 -152.18933982822048 9.1
vertex 149.80969883127813 -152.29329141908707 9.1
endloop
endfacet
facet normal 0 0 -1
outer loop
vertex 149.57867403075645 -151.8610744174511 9.1
vertex 149.80969883127813 -152.29329141908707 9.1
vertex 149.80969883128165 -152.2932914190966 4.6
endloop
endfacet
facet normal 0 0 -1
outer loop
vertex 149.57867403075645 -151.8610744174511 9.1
vertex 149.80969883128165 -152.2932914190966 4.6
vertex 149.57867403075505 -151.8610744174526 4.6
endloop
endfacet
facet normal 0 0 1
outer loop
vertex 149.26776695296635 -151.48223304703362 9.1
vertex 149.48751761215107 -151.7500000000019 9.1
vertex 149.51117128142022 -151.77882207939427 9.1
endloop
endfacet
facet normal 0 0 1
outer loop
vertex 149.26776695296635 -151.48223304703362 9.1
vertex 149.51117128142022 -151.77882207939427 9.1
vertex 149.57867403075645 -151.8610744174511 9.1
endloop
endfacet
facet normal 0 0 1
outer loop
vertex 149.26776695296635 -151.48223304703362 9.1
vertex 149.57867403075645 -151.8610744174511 9.1
vertex 149.57867403075505 -151.8610744174526 4.6
endloop
endfacet
facet normal 0 0 1
outer loop
vertex 149.26776695296635 -151.48223304703362 9.1
vertex 149.57867403075505 -151.8610744174526 4.6
vertex 149.2677669529632 -151.48223304703248 4.6
endloop
endfacet
facet normal 0.6343932841636509 0.7730104533627326 0
outer loop
vertex 148.88892558254892 -151.17132596924355 9.1
vertex 149.26776695296635 -151.48223304703362 9.1
vertex 149.2677669529632 -151.48223304703248 4.6
endloop
endfacet
facet normal 0.6343932841636509 0.7730104533627326 0
outer loop
vertex 148.88892558254892 -151.17132596924355 9.1
vertex 149.2677669529632 -151.48223304703248 4.6
vertex 148.88892558255975 -151.17132596924955 4.6
endloop
endfacet
facet normal 0.4713967368259944 0.8819212643483568 0
outer loop
vertex 148.4567085809129 -150.94030116872185 9.1
vertex 148.88892558254892 -151.17132596924355 9.1
vertex 148.88892558255975 -151.17132596924955 4.6
endloop
endfacet
facet normal 0.4713967368259944 0.8819212643483568 0
outer loop
vertex 148.4567085809129 -150.94030116872185 9.1
vertex 148.88892558255975 -151.17132596924955 4.6
vertex 148.45670858090946 -150.94030116872037 4.6
endloop
endfacet
facet normal 0.29028467725453294 0.9569403357321875 0
outer loop
vertex 147.9877258050403 -150.79803679899192 9.1
vertex 148.4567085809129 -150.94030116872185 9.1
vertex 148.45670858090946 -150.94030116872037 4.6
endloop
endfacet
facet normal 0.29028467725453294 0.9569403357321875 0
outer loop
vertex 147.9877258050403 -150.79803679899192 9.1
vertex 148.45670858090946 -150.94030116872037 4.6
vertex 147.98772580504502 -150.7980367989927 4.6
endloop
endfacet
facet normal 0.09801714032954582 0.9951847266721984 0
outer loop
vertex 147.50000000000003 -150.75 9.1
vertex 147.9877258050403 -150.79803679899192 9.1
vertex 147.98772580504502 -150.7980367989927 4.6
endloop
endfacet
facet normal 0.09801714032954582 0.9951847266721984 0
outer loop
vertex 147.50000000000003 -150.75 9.1
vertex 147.98772580504502 -150.7980367989927 4.6
vertex 147.4999999999978 -150.75000000000023 4.6
endloop
endfacet
facet normal -0.09801714032954566 0.9951847266721985 0
outer loop
vertex 147.0122741949598 -150.79803679899192 9.1
vertex 147.50000000000003 -150.75 9.1
vertex 147.4999999999978 -150.75000000000023 4.6
endloop
endfacet
facet normal -0.09801714032954566 0.9951847266721985 0
outer loop
vertex 147.0122741949598 -150.79803679899192 9.1
vertex 147.4999999999978 -150.75000000000023 4.6
vertex 147.01227419496303 -150.7980367989927 4.6
endloop
endfacet
facet normal -0.29028467725447593 0.9569403357322048 0
outer loop
vertex 146.54329141908715 -150.94030116872185 9.1
vertex 147.0122741949598 -150.79803679899192 9.1
vertex 147.01227419496303 -150.7980367989927 4.6
endloop
endfacet
facet normal -0.29028467725447593 0.9569403357322048 0
outer loop
vertex 146.54329141908715 -150.94030116872185 9.1
vertex 147.01227419496303 -150.7980367989927 4.6
vertex 146.54329141908553 -150.94030116872037 4.6
endloop
endfacet
facet normal -0.4713967368259914 0.8819212643483584 0
outer loop
vertex 146.11107441745108 -151.17132596924355 9.1
vertex 146.54329141908715 -150.94030116872185 9.1
vertex 146.54329141908553 -150.94030116872037 4.6
endloop
endfacet
facet normal -0.4713967368259914 0.8819212643483584 0
outer loop
vertex 146.11107441745108 -151.17132596924355 9.1
vertex 146.54329141908553 -150.94030116872037 4.6
vertex 146.1110744174484 -151.17132596924955 4.6
endloop
endfacet
facet normal -0.6343932841636518 0.7730104533627319 0
outer loop
vertex 145.7322330470336 -151.48223304703362 9.1
vertex 146.11107441745108 -151.17132596924355 9.1
vertex 146.1110744174484 -151.17132596924955 4.6
endloop
endfacet
facet normal -0.6343932841636518 0.7730104533627319 0
outer loop
vertex 145.7322330470336 -151.48223304703362 9.1
vertex 146.1110744174484 -151.17132596924955 4.6
vertex 145.73223304703453 -151.48223304703248 4.6
endloop
endfacet
facet normal 0 0 -1
outer loop
vertex 145.42132596924372 -151.8610744174511 9.1
vertex 145.48882871858004 -151.77882207939427 9.1
vertex 145.5124823878492 -151.7500000000019 9.1
endloop
endfacet
facet normal 0 0 -1
outer loop
vertex 145.42132596924372 -151.8610744174511 9.1
vertex 145.5124823878492 -151.7500000000019 9.1
vertex 145.7322330470336 -151.48223304703362 9.1
endloop
endfacet
facet normal 0 0 -1
outer loop
vertex 145.42132596924372 -151.8610744174511 9.1
vertex 145.7322330470336 -151.48223304703362 9.1
vertex 145.73223304703453 -151.48223304703248 4.6
endloop
endfacet
facet normal 0 0 -1
outer loop
vertex 145.42132596924372 -151.8610744174511 9.1
vertex 145.73223304703453 -151.48223304703248 4.6
vertex 145.42132596924506 -151.8610744174526 4.6
endloop
endfacet
facet normal 0 0 1
outer loop
vertex 145.19030116872173 -152.29329141908707 9.1
vertex 145.2458644516453 -152.18933982822048 9.1
vertex 145.3455744288348 -152.00279558154668 9.1
endloop
endfacet
facet normal 0 0 1
outer loop
vertex 145.19030116872173 -152.29329141908707 9.1
vertex 145.3455744288348 -152.00279558154668 9.1
vertex 145.41966562596943 -151.86418070123375 9.1
endloop
endfacet
facet normal 0 0 1
outer loop
vertex 145.19030116872173 -152.29329141908707 9.1
vertex 145.41966562596943 -151.86418070123375 9.1
vertex 145.42132596924372 -151.8610744174511 9.1
endloop
endfacet
facet normal 0 0 1
outer loop
vertex 145.19030116872173 -152.29329141908707 9.1
vertex 145.42132596924372 -151.8610744174511 9.1
vertex 145.42132596924506 -151.8610744174526 4.6
endloop
endfacet
facet normal 0 0 1
outer loop
vertex 145.19030116872173 -152.29329141908707 9.1
vertex 145.42132596924506 -151.8610744174526 4.6
vertex 145.19030116872244 -152.2932914190966 4.6
endloop
endfacet
facet normal 0 0 1
outer loop
vertex 145.04803679899192 -152.7622741949597 9.1
vertex 145.0742154186448 -152.6759748514529 9.1
vertex 145.1528823750671 -152.41664465047106 9.1
endloop
endfacet
facet normal 0 0 1
outer loop
vertex 145.04803679899192 -152.7622741949597 9.1
vertex 145.1528823750671 -152.41664465047106 9.1
vertex 145.19030116872173 -152.29329141908707 9.1
endloop
endfacet
facet normal 0 0 1
outer loop
vertex 145.04803679899192 -152.7622741949597 9.1
vertex 145.19030116872173 -152.29329141908707 9.1
vertex 145.19030116872244 -152.2932914190966 4.6
endloop
endfacet
facet normal 0 0 1
outer loop
vertex 145.04803679899192 -152.7622741949597 9.1
vertex 145.19030116872244 -152.2932914190966 4.6
vertex 145.0480367989913 -152.7622741949592 4.6
endloop
endfacet
facet normal 0 0 1
outer loop
vertex 145 -153.24999999999991 9.1
vertex 145.0288220793961 -152.95736451697576 9.1
vertex 145.04803679899192 -152.7622741949597 9.1
endloop
endfacet
facet normal 0 0 1
outer loop
vertex 145 -153.24999999999991 9.1
vertex 145.04803679899192 -152.7622741949597 9.1
vertex 145.0480367989913 -152.7622741949592 4.6
endloop
endfacet
facet normal 0 0 1
outer loop
vertex 145 -153.24999999999991 9.1
vertex 145.0480367989913 -152.7622741949592 4.6
vertex 145.0000000000001 -153.25000000000003 4.6
endloop
endfacet
facet normal 0 0 -1
outer loop
vertex 145.04803679899192 -153.73772580504036 9.1
vertex 145.0288220793945 -153.54263548302424 9.1
vertex 145 -153.24999999999991 9.1
endloop
endfacet
facet normal 0 0 -1
outer loop
vertex 145.04803679899192 -153.73772580504036 9.1
vertex 145 -153.24999999999991 9.1
vertex 145.0000000000001 -153.25000000000003 4.6
endloop
endfacet
facet normal 0 0 -1
outer loop
vertex 145.04803679899192 -153.73772580504036 9.1
vertex 145.0000000000001 -153.25000000000003 4.6
vertex 145.04803679899257 -153.73772580504234 4.6
endloop
endfacet
facet normal 0 0 1
outer loop
vertex 145.19030116872182 -154.20670858091265 9.1
vertex 145.1528823750709 -154.08335534953 9.1
vertex 145.07421541864437 -153.8240251485475 9.1
endloop
endfacet
facet normal 0 0 1
outer loop
vertex 145.19030116872182 -154.20670858091265 9.1
vertex 145.07421541864437 -153.8240251485475 9.1
vertex 145.04803679899192 -153.73772580504036 9.1
endloop
endfacet
facet normal 0 0 1
outer loop
vertex 145.19030116872182 -154.20670858091265 9.1
vertex 145.04803679899192 -153.73772580504036 9.1
vertex 145.04803679899257 -153.73772580504234 4.6
endloop
endfacet
facet normal 0 0 1
outer loop
vertex 145.19030116872182 -154.20670858091265 9.1
vertex 145.04803679899257 -153.73772580504234 4.6
vertex 145.19030116872077 -154.2067085809092 4.6
endloop
endfacet
facet normal 0 0 1
outer loop
vertex 145.42132596924367 -154.63892558254912 9.1
vertex 145.41966562597202 -154.63581929876528 9.1
vertex 145.34557442883025 -154.49720441845437 9.1
endloop
endfacet
facet normal 0 0 1
outer loop
vertex 145.42132596924367 -154.63892558254912 9.1
vertex 145.34557442883025 -154.49720441845437 9.1
vertex 145.245864451637 -154.3106601717812 9.1
endloop
endfacet
facet normal 0 0 1
outer loop
vertex 145.42132596924367 -154.63892558254912 9.1
vertex 145.245864451637 -154.3106601717812 9.1
vertex 145.19030116872182 -154.20670858091265 9.1
endloop
endfacet
facet normal 0 0 1
outer loop
vertex 145.42132596924367 -154.63892558254912 9.1
vertex 145.19030116872182 -154.20670858091265 9.1
vertex 145.19030116872077 -154.2067085809092 4.6
endloop
endfacet
facet normal 0 0 1
outer loop
vertex 145.42132596924367 -154.63892558254912 9.1
vertex 145.19030116872077 -154.2067085809092 4.6
vertex 145.42132596924728 -154.6389255825484 4.6
endloop
endfacet
facet normal 0 0 -1
outer loop
vertex 145.7322330470336 -155.0177669529662 9.1
vertex 145.51248238784945 -154.75000000000023 9.1
vertex 145.48882871858314 -154.7211779206047 9.1
endloop
endfacet
facet normal 0 0 -1
outer loop
vertex 145.7322330470336 -155.0177669529662 9.1
vertex 145.48882871858314 -154.7211779206047 9.1
vertex 145.42132596924367 -154.63892558254912 9.1
endloop
endfacet
facet normal 0 0 -1
outer loop
vertex 145.7322330470336 -155.0177669529662 9.1
vertex 145.42132596924367 -154.63892558254912 9.1
vertex 145.42132596924728 -154.6389255825484 4.6
endloop
endfacet
facet normal 0 0 -1
outer loop
vertex 145.7322330470336 -155.0177669529662 9.1
vertex 145.42132596924728 -154.6389255825484 4.6
vertex 145.73223304703666 -155.01776695296596 4.6
endloop
endfacet
facet normal -0.6343932841636499 -0.7730104533627332 0
outer loop
vertex 146.1110744174511 -155.32867403075642 9.1
vertex 145.7322330470336 -155.0177669529662 9.1
vertex 145.73223304703666 -155.01776695296596 4.6
endloop
endfacet
facet normal -0.6343932841636499 -0.7730104533627332 0
outer loop
vertex 146.1110744174511 -155.32867403075642 9.1
vertex 145.73223304703666 -155.01776695296596 4.6
vertex 146.11107441743897 -155.32867403075693 4.6
endloop
endfacet
facet normal -0.4713967368260139 -0.8819212643483463 0
outer loop
vertex 146.54329141908732 -155.55969883127827 9.1
vertex 146.1110744174511 -155.32867403075642 9.1
vertex 146.11107441743897 -155.32867403075693 4.6
endloop
endfacet
facet normal -0.4713967368260139 -0.8819212643483463 0
outer loop
vertex 146.54329141908732 -155.55969883127827 9.1
vertex 146.11107441743897 -155.32867403075693 4.6
vertex 146.54329141910114 -155.55969883127804 4.6
endloop
endfacet
facet normal -0.2902846772545049 -0.9569403357321961 0
outer loop
vertex 147.01227419495962 -155.70196320100808 9.1
vertex 146.54329141908732 -155.55969883127827 9.1
vertex 146.54329141910114 -155.55969883127804 4.6
endloop
endfacet
facet normal -0.2902846772545049 -0.9569403357321961 0
outer loop
vertex 147.01227419495962 -155.70196320100808 9.1
vertex 146.54329141910114 -155.55969883127804 4.6
vertex 147.01227419495092 -155.7019632010082 4.6
endloop
endfacet
facet normal -0.09801714032954582 -0.9951847266721984 0
outer loop
vertex 147.50000000000003 -155.75 9.1
vertex 147.01227419495962 -155.70196320100808 9.1
vertex 147.01227419495092 -155.7019632010082 4.6
endloop
endfacet
facet normal -0.09801714032954582 -0.9951847266721984 0
outer loop
vertex 147.50000000000003 -155.75 9.1
vertex 147.01227419495092 -155.7019632010082 4.6
vertex 147.49999999999613 -155.7500000000003 4.6
endloop
endfacet
facet normal 0.09801714032954582 -0.9951847266721984 0
outer loop
vertex 147.98772580504024 -155.70196320100808 9.1
vertex 147.50000000000003 -155.75 9.1
vertex 147.49999999999613 -155.7500000000003 4.6
endloop
endfacet
facet normal 0.09801714032954582 -0.9951847266721984 0
outer loop
vertex 147.98772580504024 -155.70196320100808 9.1
vertex 147.49999999999613 -155.7500000000003 4.6
vertex 147.9877258050398 -155.7019632010082 4.6
endloop
endfacet
facet normal 0.2902846772545339 -0.9569403357321872 0
outer loop
vertex 148.45670858091276 -155.55969883127827 9.1
vertex 147.98772580504024 -155.70196320100808 9.1
vertex 147.9877258050398 -155.7019632010082 4.6
endloop
endfacet
facet normal 0.2902846772545339 -0.9569403357321872 0
outer loop
vertex 148.45670858091276 -155.55969883127827 9.1
vertex 147.9877258050398 -155.7019632010082 4.6
vertex 148.45670858091356 -155.55969883127804 4.6
endloop
endfacet
facet normal 0.47139673682596933 -0.8819212643483703 0
outer loop
vertex 148.888925582549 -155.32867403075642 9.1
vertex 148.45670858091276 -155.55969883127827 9.1
vertex 148.45670858091356 -155.55969883127804 4.6
endloop
endfacet
facet normal 0.47139673682596933 -0.8819212643483703 0
outer loop
vertex 148.888925582549 -155.32867403075642 9.1
vertex 148.45670858091356 -155.55969883127804 4.6
vertex 148.88892558254813 -155.32867403075693 4.6
endloop
endfacet
facet normal 0.6343932841636518 -0.7730104533627319 0
outer loop
vertex 149.26776695296635 -155.0177669529662 9.1
vertex 148.888925582549 -155.32867403075642 9.1
vertex 148.88892558254813 -155.32867403075693 4.6
endloop
endfacet
facet normal 0.6343932841636518 -0.7730104533627319 0
outer loop
vertex 149.26776695296635 -155.0177669529662 9.1
vertex 148.88892558254813 -155.32867403075693 4.6
vertex 149.26776695296655 -155.01776695296596 4.6
endloop
endfacet
facet normal 0 0 1
outer loop
vertex 149.57867403075622 -154.63892558254912 9.1
vertex 149.51117128141672 -154.7211779206047 9.1
vertex 149.4875176121504 -154.75000000000023 9.1
endloop
endfacet
facet normal 0 0 1
outer loop
vertex 149.57867403075622 -154.63892558254912 9.1
vertex 149.4875176121504 -154.75000000000023 9.1
vertex 149.26776695296635 -155.0177669529662 9.1
endloop
endfacet
facet normal 0 0 1
outer loop
vertex 149.57867403075622 -154.63892558254912 9.1
vertex 149.26776695296635 -155.0177669529662 9.1
vertex 149.26776695296655 -155.01776695296596 4.6
endloop
endfacet
facet normal 0 0 1
outer loop
vertex 149.57867403075622 -154.63892558254912 9.1
vertex 149.26776695296655 -155.01776695296596 4.6
vertex 149.57867403075673 -154.6389255825484 4.6
endloop
endfacet
facet normal 0 0 -1
outer loop
vertex 149.8096988312783 -154.20670858091265 9.1
vertex 149.75413554836226 -154.3106601717812 9.1
vertex 149.65442557116936 -154.49720441845437 9.1
endloop
endfacet
facet normal 0 0 -1
outer loop
vertex 149.8096988312783 -154.20670858091265 9.1
vertex 149.65442557116936 -154.49720441845437 9.1
vertex 149.58033437402784 -154.63581929876528 9.1
endloop
endfacet
facet normal 0 0 -1
outer loop
vertex 149.8096988312783 -154.20670858091265 9.1
vertex 149.58033437402784 -154.63581929876528 9.1
vertex 149.57867403075622 -154.63892558254912 9.1
endloop
endfacet
facet normal 0 0 -1
outer loop
vertex 149.8096988312783 -154.20670858091265 9.1
vertex 149.57867403075622 -154.63892558254912 9.1
vertex 149.57867403075673 -154.6389255825484 4.6
endloop
endfacet
facet normal 0 0 -1
outer loop
vertex 149.8096988312783 -154.20670858091265 9.1
vertex 149.57867403075673 -154.6389255825484 4.6
vertex 149.80969883128023 -154.2067085809092 4.6
endloop
endfacet
facet normal 0 0 1
outer loop
vertex 149.95196320100808 -153.73772580504036 9.1
vertex 149.92578458135537 -153.8240251485475 9.1
vertex 149.84711762492907 -154.08335534953 9.1
endloop
endfacet
facet normal 0 0 1
outer loop
vertex 149.95196320100808 -153.73772580504036 9.1
vertex 149.84711762492907 -154.08335534953 9.1
vertex 149.8096988312783 -154.20670858091265 9.1
endloop
endfacet
facet normal 0 0 1
outer loop
vertex 149.95196320100808 -153.73772580504036 9.1
vertex 149.8096988312783 -154.20670858091265 9.1
vertex 149.80969883128023 -154.2067085809092 4.6
endloop
endfacet
facet normal 0 0 1
outer loop
vertex 149.95196320100808 -153.73772580504036 9.1
vertex 149.80969883128023 -154.2067085809092 4.6
vertex 149.95196320100783 -153.73772580504234 4.6
endloop
endfacet
facet normal 0.29028467725447593 -0.9569403357322048 0
outer loop
vertex 110.45670858091262 -155.55969883127827 9.1
vertex 109.98772580504048 -155.70196320100808 9.1
vertex 109.98772580504003 -155.7019632010082 4.6
endloop
endfacet
facet normal 0.29028467725447593 -0.9569403357322048 0
outer loop
vertex 110.45670858091262 -155.55969883127827 9.1
vertex 109.98772580504003 -155.7019632010082 4.6
vertex 110.45670858091326 -155.55969883127804 4.6
endloop
endfacet
facet normal 0 0 -1
outer loop
vertex 111.80969883127815 -152.29329141908707 9.1
vertex 111.84711762493288 -152.41664465047106 9.1
vertex 111.92578458135519 -152.6759748514529 9.1
endloop
endfacet
facet normal 0 0 -1
outer loop
vertex 111.80969883127815 -152.29329141908707 9.1
vertex 111.92578458135519 -152.6759748514529 9.1
vertex 111.95196320100807 -152.7622741949597 9.1
endloop
endfacet
facet normal 0 0 -1
outer loop
vertex 111.80969883127815 -152.29329141908707 9.1
vertex 111.95196320100807 -152.7622741949597 9.1
vertex 111.95196320100804 -152.7622741949592 4.6
endloop
endfacet
facet normal 0 0 -1
outer loop
vertex 111.80969883127815 -152.29329141908707 9.1
vertex 111.95196320100804 -152.7622741949592 4.6
vertex 111.80969883128263 -152.2932914190966 4.6
endloop
endfacet
facet normal 0 0 1
outer loop
vertex 110.18281612705657 -156.68274848141124 4.6
vertex 110.83939201327766 -156.48357836378955 4.6
vertex 111.44449581556877 -156.1601436430588 4.6
endloop
endfacet
facet normal 0 0 1
outer loop
vertex 110.18281612705657 -156.68274848141124 4.6
vertex 111.44449581556877 -156.1601436430588 4.6
vertex 111.94425729063275 -155.7500000000005 4.6
endloop
endfacet
facet normal 0 0 1
outer loop
vertex 110.18281612705657 -156.68274848141124 4.6
vertex 111.94425729063275 -155.7500000000005 4.6
vertex 109.49999999999756 -155.7500000000003 4.6
endloop
endfacet
facet normal 0 0 1
outer loop
vertex 110.18281612705657 -156.68274848141124 4.6
vertex 109.49999999999756 -155.7500000000003 4.6
vertex 107.05574270936715 -155.7500000000005 4.6
endloop
endfacet
facet normal 0 0 1
outer loop
vertex 110.18281612705657 -156.68274848141124 4.6
vertex 107.05574270936715 -155.7500000000005 4.6
vertex 107.55550418443131 -156.1601436430588 4.6
endloop
endfacet
facet normal 0 0 1
outer loop
vertex 110.18281612705657 -156.68274848141124 4.6
vertex 107.55550418443131 -156.1601436430588 4.6
vertex 108.16060798672227 -156.48357836378955 4.6
endloop
endfacet
facet normal 0 0 1
outer loop
vertex 110.18281612705657 -156.68274848141124 4.6
vertex 108.16060798672227 -156.48357836378955 4.6
vertex 108.81718387294336 -156.68274848141124 4.6
endloop
endfacet
facet normal 0 0 1
outer loop
vertex 110.18281612705657 -156.68274848141124 4.6
vertex 108.81718387294336 -156.68274848141124 4.6
vertex 109.50000000000013 -156.74999999999997 4.6
endloop
endfacet
facet normal 0 0 1
outer loop
vertex 148.1828161270564 -156.68274848141124 4.6
vertex 148.83939201327783 -156.48357836378955 4.6
vertex 149.44449581556873 -156.1601436430588 4.6
endloop
endfacet
facet normal 0 0 1
outer loop
vertex 148.1828161270564 -156.68274848141124 4.6
vertex 149.44449581556873 -156.1601436430588 4.6
vertex 149.94425729063278 -155.7500000000005 4.6
endloop
endfacet
facet normal 0 0 1
outer loop
vertex 148.1828161270564 -156.68274848141124 4.6
vertex 149.94425729063278 -155.7500000000005 4.6
vertex 147.49999999999613 -155.7500000000003 4.6
endloop
endfacet
facet normal 0 0 1
outer loop
vertex 148.1828161270564 -156.68274848141124 4.6
vertex 147.49999999999613 -155.7500000000003 4.6
vertex 145.0557427093673 -155.7500000000005 4.6
endloop
endfacet
facet normal 0 0 1
outer loop
vertex 148.1828161270564 -156.68274848141124 4.6
vertex 145.0557427093673 -155.7500000000005 4.6
vertex 145.55550418443136 -156.1601436430588 4.6
endloop
endfacet
facet normal 0 0 1
outer loop
vertex 148.1828161270564 -156.68274848141124 4.6
vertex 145.55550418443136 -156.1601436430588 4.6
vertex 146.1606079867222 -156.48357836378955 4.6
endloop
endfacet
facet normal 0 0 1
outer loop
vertex 148.1828161270564 -156.68274848141124 4.6
vertex 146.1606079867222 -156.48357836378955 4.6
vertex 146.81718387294353 -156.68274848141124 4.6
endloop
endfacet
facet normal 0 0 1
outer loop
vertex 148.1828161270564 -156.68274848141124 4.6
vertex 146.81718387294353 -156.68274848141124 4.6
vertex 147.49999999999991 -156.74999999999997 4.6
endloop
endfacet
facet normal 0 0 1
outer loop
vertex 109.49999999999756 -155.7500000000003 4.6
vertex 109.01227419496225 -155.7019632010082 4.6
vertex 107.00632407720863 -155.7019632010082 4.6
endloop
endfacet
facet normal 0 0 1
outer loop
vertex 109.49999999999756 -155.7500000000003 4.6
vertex 107.00632407720863 -155.7019632010082 4.6
vertex 107.02512626584709 -155.72487373415302 4.6
endloop
endfacet
facet normal 0 0 1
outer loop
vertex 109.49999999999756 -155.7500000000003 4.6
vertex 107.02512626584709 -155.72487373415302 4.6
vertex 107.05574270936715 -155.7500000000005 4.6
endloop
endfacet
facet normal 0 0 1
outer loop
vertex 111.94425729063275 -155.7500000000005 4.6
vertex 111.9748737341528 -155.72487373415302 4.6
vertex 111.99367592279127 -155.7019632010082 4.6
endloop
endfacet
facet normal 0 0 1
outer loop
vertex 111.94425729063275 -155.7500000000005 4.6
vertex 111.99367592279127 -155.7019632010082 4.6
vertex 109.98772580504003 -155.7019632010082 4.6
endloop
endfacet
facet normal 0 0 1
outer loop
vertex 111.94425729063275 -155.7500000000005 4.6
vertex 109.98772580504003 -155.7019632010082 4.6
vertex 109.49999999999756 -155.7500000000003 4.6
endloop
endfacet
facet normal 0 0 1
outer loop
vertex 147.49999999999613 -155.7500000000003 4.6
vertex 147.01227419495092 -155.7019632010082 4.6
vertex 145.00632407720872 -155.7019632010082 4.6
endloop
endfacet
facet normal 0 0 1
outer loop
vertex 147.49999999999613 -155.7500000000003 4.6
vertex 145.00632407720872 -155.7019632010082 4.6
vertex 145.02512626584718 -155.72487373415302 4.6
endloop
endfacet
facet normal 0 0 1
outer loop
vertex 147.49999999999613 -155.7500000000003 4.6
vertex 145.02512626584718 -155.72487373415302 4.6
vertex 145.0557427093673 -155.7500000000005 4.6
endloop
endfacet
facet normal 0 0 1
outer loop
vertex 149.94425729063278 -155.7500000000005 4.6
vertex 149.9748737341528 -155.72487373415302 4.6
vertex 149.99367592279125 -155.7019632010082 4.6
endloop
endfacet
facet normal 0 0 1
outer loop
vertex 149.94425729063278 -155.7500000000005 4.6
vertex 149.99367592279125 -155.7019632010082 4.6
vertex 147.9877258050398 -155.7019632010082 4.6
endloop
endfacet
facet normal 0 0 1
outer loop
vertex 149.94425729063278 -155.7500000000005 4.6
vertex 147.9877258050398 -155.7019632010082 4.6
vertex 147.49999999999613 -155.7500000000003 4.6
endloop
endfacet
facet normal 0 0 1
outer loop
vertex 109.01227419496225 -155.7019632010082 4.6
vertex 108.54329141908646 -155.55969883127804 4.6
vertex 106.88957072628035 -155.55969883127804 4.6
endloop
endfacet
facet normal 0 0 1
outer loop
vertex 109.01227419496225 -155.7019632010082 4.6
vertex 106.88957072628035 -155.55969883127804 4.6
vertex 107.00632407720863 -155.7019632010082 4.6
endloop
endfacet
facet normal 0 0 1
outer loop
vertex 111.99367592279127 -155.7019632010082 4.6
vertex 112.1104292737196 -155.55969883127804 4.6
vertex 110.45670858091326 -155.55969883127804 4.6
endloop
endfacet
facet normal 0 0 1
outer loop
vertex 111.99367592279127 -155.7019632010082 4.6
vertex 110.45670858091326 -155.55969883127804 4.6
vertex 109.98772580504003 -155.7019632010082 4.6
endloop
endfacet
facet normal 0 0 1
outer loop
vertex 147.01227419495092 -155.7019632010082 4.6
vertex 146.54329141910114 -155.55969883127804 4.6
vertex 144.88957072628037 -155.55969883127804 4.6
endloop
endfacet
facet normal 0 0 1
outer loop
vertex 147.01227419495092 -155.7019632010082 4.6
vertex 144.88957072628037 -155.55969883127804 4.6
vertex 145.00632407720872 -155.7019632010082 4.6
endloop
endfacet
facet normal 0 0 1
outer loop
vertex 149.99367592279125 -155.7019632010082 4.6
vertex 150.1104292737196 -155.55969883127804 4.6
vertex 148.45670858091356 -155.55969883127804 4.6
endloop
endfacet
facet normal 0 0 1
outer loop
vertex 149.99367592279125 -155.7019632010082 4.6
vertex 148.45670858091356 -155.55969883127804 4.6
vertex 147.9877258050398 -155.7019632010082 4.6
endloop
endfacet
facet normal 0 0 1
outer loop
vertex 108.54329141908646 -155.55969883127804 4.6
vertex 108.11107441744754 -155.32867403075693 4.6
vertex 106.6999735723374 -155.32867403075693 4.6
endloop
endfacet
facet normal 0 0 1
outer loop
vertex 108.54329141908646 -155.55969883127804 4.6
vertex 106.6999735723374 -155.32867403075693 4.6
vertex 106.88957072628035 -155.55969883127804 4.6
endloop
endfacet
facet normal 0 0 1
outer loop
vertex 112.1104292737196 -155.55969883127804 4.6
vertex 112.30002642766262 -155.32867403075693 4.6
vertex 110.88892558254813 -155.32867403075693 4.6
endloop
endfacet
facet normal 0 0 1
outer loop
vertex 112.1104292737196 -155.55969883127804 4.6
vertex 110.88892558254813 -155.32867403075693 4.6
vertex 110.45670858091326 -155.55969883127804 4.6
endloop
endfacet
facet normal 0 0 1
outer loop
vertex 146.54329141910114 -155.55969883127804 4.6
vertex 146.11107441743897 -155.32867403075693 4.6
vertex 144.69997357233635 -155.32867403075693 4.6
endloop
endfacet
facet normal 0 0 1
outer loop
vertex 146.54329141910114 -155.55969883127804 4.6
vertex 144.69997357233635 -155.32867403075693 4.6
vertex 144.88957072628037 -155.55969883127804 4.6
endloop
endfacet
facet normal 0 0 1
outer loop
vertex 150.1104292737196 -155.55969883127804 4.6
vertex 150.3000264276626 -155.32867403075693 4.6
vertex 148.88892558254813 -155.32867403075693 4.6
endloop
endfacet
facet normal 0 0 1
outer loop
vertex 150.1104292737196 -155.55969883127804 4.6
vertex 148.88892558254813 -155.32867403075693 4.6
vertex 148.45670858091356 -155.55969883127804 4.6
endloop
endfacet
facet normal 0 0 1
outer loop
vertex 108.11107441744754 -155.32867403075693 4.6
vertex 107.73223304703332 -155.01776695296596 4.6
vertex 106.4953928118352 -155.01776695296596 4.6
endloop
endfacet
facet normal 0 0 1
outer loop
vertex 108.11107441744754 -155.32867403075693 4.6
vertex 106.4953928118352 -155.01776695296596 4.6
vertex 106.58985635694107 -155.1944958155686 4.6
endloop
endfacet
facet normal 0 0 1
outer loop
vertex 108.11107441744754 -155.32867403075693 4.6
vertex 106.58985635694107 -155.1944958155686 4.6
vertex 106.6999735723374 -155.32867403075693 4.6
endloop
endfacet
facet normal 0 0 1
outer loop
vertex 112.30002642766262 -155.32867403075693 4.6
vertex 112.41014364305902 -155.1944958155686 4.6
vertex 112.50460718816485 -155.01776695296596 4.6
endloop
endfacet
facet normal 0 0 1
outer loop
vertex 112.30002642766262 -155.32867403075693 4.6
vertex 112.50460718816485 -155.01776695296596 4.6
vertex 111.26776695296681 -155.01776695296596 4.6
endloop
endfacet
facet normal 0 0 1
outer loop
vertex 112.30002642766262 -155.32867403075693 4.6
vertex 111.26776695296681 -155.01776695296596 4.6
vertex 110.88892558254813 -155.32867403075693 4.6
endloop
endfacet
facet normal 0 0 1
outer loop
vertex 146.11107441743897 -155.32867403075693 4.6
vertex 145.73223304703666 -155.01776695296596 4.6
vertex 144.49539281183525 -155.01776695296596 4.6
endloop
endfacet
facet normal 0 0 1
outer loop
vertex 146.11107441743897 -155.32867403075693 4.6
vertex 144.49539281183525 -155.01776695296596 4.6
vertex 144.58985635694114 -155.1944958155686 4.6
endloop
endfacet
facet normal 0 0 1
outer loop
vertex 146.11107441743897 -155.32867403075693 4.6
vertex 144.58985635694114 -155.1944958155686 4.6
vertex 144.69997357233635 -155.32867403075693 4.6
endloop
endfacet
facet normal 0 0 1
outer loop
vertex 150.3000264276626 -155.32867403075693 4.6
vertex 150.410143643059 -155.1944958155686 4.6
vertex 150.50460718816487 -155.01776695296596 4.6
endloop
endfacet
facet normal 0 0 1
outer loop
vertex 150.3000264276626 -155.32867403075693 4.6
vertex 150.50460718816487 -155.01776695296596 4.6
vertex 149.26776695296655 -155.01776695296596 4.6
endloop
endfacet
facet normal 0 0 1
outer loop
vertex 150.3000264276626 -155.32867403075693 4.6
vertex 149.26776695296655 -155.01776695296596 4.6
vertex 148.88892558254813 -155.32867403075693 4.6
endloop
endfacet
facet normal 0 0 1
outer loop
vertex 107.73223304703332 -155.01776695296596 4.6
vertex 107.42132596924206 -154.6389255825484 4.6
vertex 106.29289788059005 -154.6389255825484 4.6
endloop
endfacet
facet normal 0 0 1
outer loop
vertex 107.73223304703332 -155.01776695296596 4.6
vertex 106.29289788059005 -154.6389255825484 4.6
vertex 106.4953928118352 -155.01776695296596 4.6
endloop
endfacet
facet normal 0 0 1
outer loop
vertex 112.50460718816485 -155.01776695296596 4.6
vertex 112.70710211940992 -154.6389255825484 4.6
vertex 111.57867403075727 -154.6389255825484 4.6
endloop
endfacet
facet normal 0 0 1
outer loop
vertex 112.50460718816485 -155.01776695296596 4.6
vertex 111.57867403075727 -154.6389255825484 4.6
vertex 111.26776695296681 -155.01776695296596 4.6
endloop
endfacet
facet normal 0 0 1
outer loop
vertex 145.73223304703666 -155.01776695296596 4.6
vertex 145.42132596924728 -154.6389255825484 4.6
vertex 144.29289788059 -154.6389255825484 4.6
endloop
endfacet
facet normal 0 0 1
outer loop
vertex 145.73223304703666 -155.01776695296596 4.6
vertex 144.29289788059 -154.6389255825484 4.6
vertex 144.49539281183525 -155.01776695296596 4.6
endloop
endfacet
facet normal 0 0 1
outer loop
vertex 150.50460718816487 -155.01776695296596 4.6
vertex 150.70710211941 -154.6389255825484 4.6
vertex 149.57867403075673 -154.6389255825484 4.6
endloop
endfacet
facet normal 0 0 1
outer loop
vertex 150.50460718816487 -155.01776695296596 4.6
vertex 149.57867403075673 -154.6389255825484 4.6
vertex 149.26776695296655 -155.01776695296596 4.6
endloop
endfacet
facet normal 0 0 1
outer loop
vertex 107.42132596924206 -154.6389255825484 4.6
vertex 107.19030116872719 -154.2067085809092 4.6
vertex 106.15033588612957 -154.2067085809092 4.6
endloop
endfacet
facet normal 0 0 1
outer loop
vertex 107.42132596924206 -154.6389255825484 4.6
vertex 106.15033588612957 -154.2067085809092 4.6
vertex 106.2664216362105 -154.5893920132778 4.6
endloop
endfacet
facet normal 0 0 1
outer loop
vertex 107.42132596924206 -154.6389255825484 4.6
vertex 106.2664216362105 -154.5893920132778 4.6
vertex 106.29289788059005 -154.6389255825484 4.6
endloop
endfacet
facet normal 0 0 1
outer loop
vertex 112.70710211940992 -154.6389255825484 4.6
vertex 112.73357836378946 -154.5893920132778 4.6
vertex 112.84966411387042 -154.2067085809092 4.6
endloop
endfacet
facet normal 0 0 1
outer loop
vertex 112.70710211940992 -154.6389255825484 4.6
vertex 112.84966411387042 -154.2067085809092 4.6
vertex 111.80969883127993 -154.2067085809092 4.6
endloop
endfacet
facet normal 0 0 1
outer loop
vertex 112.70710211940992 -154.6389255825484 4.6
vertex 111.80969883127993 -154.2067085809092 4.6
vertex 111.57867403075727 -154.6389255825484 4.6
endloop
endfacet
facet normal 0 0 1
outer loop
vertex 145.42132596924728 -154.6389255825484 4.6
vertex 145.19030116872077 -154.2067085809092 4.6
vertex 144.15033588612957 -154.2067085809092 4.6
endloop
endfacet
facet normal 0 0 1
outer loop
vertex 145.42132596924728 -154.6389255825484 4.6
vertex 144.15033588612957 -154.2067085809092 4.6
vertex 144.26642163621045 -154.5893920132778 4.6
endloop
endfacet
facet normal 0 0 1
outer loop
vertex 145.42132596924728 -154.6389255825484 4.6
vertex 144.26642163621045 -154.5893920132778 4.6
vertex 144.29289788059 -154.6389255825484 4.6
endloop
endfacet
facet normal 0 0 1
outer loop
vertex 150.70710211941 -154.6389255825484 4.6
vertex 150.73357836378955 -154.5893920132778 4.6
vertex 150.84966411387046 -154.2067085809092 4.6
endloop
endfacet
facet normal 0 0 1
outer loop
vertex 150.70710211941 -154.6389255825484 4.6
vertex 150.84966411387046 -154.2067085809092 4.6
vertex 149.80969883128023 -154.2067085809092 4.6
endloop
endfacet
facet normal 0 0 1
outer loop
vertex 150.70710211941 -154.6389255825484 4.6
vertex 149.80969883128023 -154.2067085809092 4.6
vertex 149.57867403075673 -154.6389255825484 4.6
endloop
endfacet
facet normal 0 0 1
outer loop
vertex 107.19030116872719 -154.2067085809092 4.6
vertex 107.04803679899116 -153.73772580504234 4.6
vertex 106.04803679899267 -153.73772580504234 4.6
endloop
endfacet
facet normal 0 0 1
outer loop
vertex 107.19030116872719 -154.2067085809092 4.6
vertex 106.04803679899267 -153.73772580504234 4.6
vertex 106.06725151858869 -153.9328161270564 4.6
endloop
endfacet
facet normal 0 0 1
outer loop
vertex 107.19030116872719 -154.2067085809092 4.6
vertex 106.06725151858869 -153.9328161270564 4.6
vertex 106.15033588612957 -154.2067085809092 4.6
endloop
endfacet
facet normal 0 0 1
outer loop
vertex 112.84966411387042 -154.2067085809092 4.6
vertex 112.93274848141131 -153.9328161270564 4.6
vertex 112.95196320100733 -153.73772580504234 4.6
endloop
endfacet
facet normal 0 0 1
outer loop
vertex 112.84966411387042 -154.2067085809092 4.6
vertex 112.95196320100733 -153.73772580504234 4.6
vertex 111.95196320100759 -153.73772580504234 4.6
endloop
endfacet
facet normal 0 0 1
outer loop
vertex 112.84966411387042 -154.2067085809092 4.6
vertex 111.95196320100759 -153.73772580504234 4.6
vertex 111.80969883127993 -154.2067085809092 4.6
endloop
endfacet
facet normal 0 0 1
outer loop
vertex 145.19030116872077 -154.2067085809092 4.6
vertex 145.04803679899257 -153.73772580504234 4.6
vertex 144.0480367989927 -153.73772580504234 4.6
endloop
endfacet
facet normal 0 0 1
outer loop
vertex 145.19030116872077 -154.2067085809092 4.6
vertex 144.0480367989927 -153.73772580504234 4.6
vertex 144.06725151858873 -153.9328161270564 4.6
endloop
endfacet
facet normal 0 0 1
outer loop
vertex 145.19030116872077 -154.2067085809092 4.6
vertex 144.06725151858873 -153.9328161270564 4.6
vertex 144.15033588612957 -154.2067085809092 4.6
endloop
endfacet
facet normal 0 0 1
outer loop
vertex 150.84966411387046 -154.2067085809092 4.6
vertex 150.9327484814113 -153.9328161270564 4.6
vertex 150.95196320100732 -153.73772580504234 4.6
endloop
endfacet
facet normal 0 0 1
outer loop
vertex 150.84966411387046 -154.2067085809092 4.6
vertex 150.95196320100732 -153.73772580504234 4.6
vertex 149.95196320100783 -153.73772580504234 4.6
endloop
endfacet
facet normal 0 0 1
outer loop
vertex 150.84966411387046 -154.2067085809092 4.6
vertex 149.95196320100783 -153.73772580504234 4.6
vertex 149.80969883128023 -154.2067085809092 4.6
endloop
endfacet
facet normal 0 0 1
outer loop
vertex 107.04803679899116 -153.73772580504234 4.6
vertex 106.99999999999993 -153.25000000000003 4.6
vertex 106 -153.25000000000003 4.6
endloop
endfacet
facet normal 0 0 1
outer loop
vertex 107.04803679899116 -153.73772580504234 4.6
vertex 106 -153.25000000000003 4.6
vertex 106.04803679899267 -153.73772580504234 4.6
endloop
endfacet
facet normal 0 0 1
outer loop
vertex 112.95196320100733 -153.73772580504234 4.6
vertex 113 -153.25000000000003 4.6
vertex 111.99999999999996 -153.25000000000003 4.6
endloop
endfacet
facet normal 0 0 1
outer loop
vertex 112.95196320100733 -153.73772580504234 4.6
vertex 111.99999999999996 -153.25000000000003 4.6
vertex 111.95196320100759 -153.73772580504234 4.6
endloop
endfacet
facet normal 0 0 1
outer loop
vertex 145.04803679899257 -153.73772580504234 4.6
vertex 145.0000000000001 -153.25000000000003 4.6
vertex 144.00000000000003 -153.25000000000003 4.6
endloop
endfacet
facet normal 0 0 1
outer loop
vertex 145.04803679899257 -153.73772580504234 4.6
vertex 144.00000000000003 -153.25000000000003 4.6
vertex 144.0480367989927 -153.73772580504234 4.6
endloop
endfacet
facet normal 0 0 1
outer loop
vertex 150.95196320100732 -153.73772580504234 4.6
vertex 151 -153.25000000000003 4.6
vertex 150.00000000000003 -153.25000000000003 4.6
endloop
endfacet
facet normal 0 0 1
outer loop
vertex 150.95196320100732 -153.73772580504234 4.6
vertex 150.00000000000003 -153.25000000000003 4.6
vertex 149.95196320100783 -153.73772580504234 4.6
endloop
endfacet
facet normal 0 0 1
outer loop
vertex 106.99999999999993 -153.25000000000003 4.6
vertex 107.04803679899128 -152.7622741949592 4.6
vertex 106.04803679899202 -152.7622741949592 4.6
endloop
endfacet
facet normal 0 0 1
outer loop
vertex 106.99999999999993 -153.25000000000003 4.6
vertex 106.04803679899202 -152.7622741949592 4.6
vertex 106 -153.25000000000003 4.6
endloop
endfacet
facet normal 0 0 1
outer loop
vertex 113 -153.25000000000003 4.6
vertex 112.951963201008 -152.7622741949592 4.6
vertex 111.95196320100804 -152.7622741949592 4.6
endloop
endfacet
facet normal 0 0 1
outer loop
vertex 113 -153.25000000000003 4.6
vertex 111.95196320100804 -152.7622741949592 4.6
vertex 111.99999999999996 -153.25000000000003 4.6
endloop
endfacet
facet normal 0 0 1
outer loop
vertex 145.0000000000001 -153.25000000000003 4.6
vertex 145.0480367989913 -152.7622741949592 4.6
vertex 144.04803679899206 -152.7622741949592 4.6
endloop
endfacet
facet normal 0 0 1
outer loop
vertex 145.0000000000001 -153.25000000000003 4.6
vertex 144.04803679899206 -152.7622741949592 4.6
vertex 144.00000000000003 -153.25000000000003 4.6
endloop
endfacet
facet normal 0 0 1
outer loop
vertex 151 -153.25000000000003 4.6
vertex 150.95196320100797 -152.7622741949592 4.6
vertex 149.9519632010082 -152.7622741949592 4.6
endloop
endfacet
facet normal 0 0 1
outer loop
vertex 151 -153.25000000000003 4.6
vertex 149.9519632010082 -152.7622741949592 4.6
vertex 150.00000000000003 -153.25000000000003 4.6
endloop
endfacet
facet normal 0 0 1
outer loop
vertex 107.04803679899128 -152.7622741949592 4.6
vertex 107.19030116872375 -152.2932914190966 4.6
vertex 106.15033588612866 -152.2932914190966 4.6
endloop
endfacet
facet normal 0 0 1
outer loop
vertex 107.04803679899128 -152.7622741949592 4.6
vertex 106.15033588612866 -152.2932914190966 4.6
vertex 106.06725151858869 -152.56718387294356 4.6
endloop
endfacet
facet normal 0 0 1
outer loop
vertex 107.04803679899128 -152.7622741949592 4.6
vertex 106.06725151858869 -152.56718387294356 4.6
vertex 106.04803679899202 -152.7622741949592 4.6
endloop
endfacet
facet normal 0 0 1
outer loop
vertex 112.951963201008 -152.7622741949592 4.6
vertex 112.93274848141132 -152.56718387294356 4.6
vertex 112.84966411387138 -152.2932914190966 4.6
endloop
endfacet
facet normal 0 0 1
outer loop
vertex 112.951963201008 -152.7622741949592 4.6
vertex 112.84966411387138 -152.2932914190966 4.6
vertex 111.80969883128263 -152.2932914190966 4.6
endloop
endfacet
facet normal 0 0 1
outer loop
vertex 112.951963201008 -152.7622741949592 4.6
vertex 111.80969883128263 -152.2932914190966 4.6
vertex 111.95196320100804 -152.7622741949592 4.6
endloop
endfacet
facet normal 0 0 1
outer loop
vertex 145.0480367989913 -152.7622741949592 4.6
vertex 145.19030116872244 -152.2932914190966 4.6
vertex 144.1503358861287 -152.2932914190966 4.6
endloop
endfacet
facet normal 0 0 1
outer loop
vertex 145.0480367989913 -152.7622741949592 4.6
vertex 144.1503358861287 -152.2932914190966 4.6
vertex 144.06725151858873 -152.56718387294356 4.6
endloop
endfacet
facet normal 0 0 1
outer loop
vertex 145.0480367989913 -152.7622741949592 4.6
vertex 144.06725151858873 -152.56718387294356 4.6
vertex 144.04803679899206 -152.7622741949592 4.6
endloop
endfacet
facet normal 0 0 1
outer loop
vertex 150.95196320100797 -152.7622741949592 4.6
vertex 150.9327484814113 -152.56718387294356 4.6
vertex 150.84966411387134 -152.2932914190966 4.6
endloop
endfacet
facet normal 0 0 1
outer loop
vertex 150.95196320100797 -152.7622741949592 4.6
vertex 150.84966411387134 -152.2932914190966 4.6
vertex 149.80969883128165 -152.2932914190966 4.6
endloop
endfacet
facet normal 0 0 1
outer loop
vertex 150.95196320100797 -152.7622741949592 4.6
vertex 149.80969883128165 -152.2932914190966 4.6
vertex 149.9519632010082 -152.7622741949592 4.6
endloop
endfacet
facet normal 0 0 1
outer loop
vertex 107.19030116872375 -152.2932914190966 4.6
vertex 107.42132596924301 -151.8610744174526 4.6
vertex 106.2928978805879 -151.8610744174526 4.6
endloop
endfacet
facet normal 0 0 1
outer loop
vertex 107.19030116872375 -152.2932914190966 4.6
vertex 106.2928978805879 -151.8610744174526 4.6
vertex 106.26642163621055 -151.91060798672203 4.6
endloop
endfacet
facet normal 0 0 1
outer loop
vertex 107.19030116872375 -152.2932914190966 4.6
vertex 106.26642163621055 -151.91060798672203 4.6
vertex 106.15033588612866 -152.2932914190966 4.6
endloop
endfacet
facet normal 0 0 1
outer loop
vertex 112.84966411387138 -152.2932914190966 4.6
vertex 112.73357836378953 -151.91060798672203 4.6
vertex 112.707102119412 -151.8610744174526 4.6
endloop
endfacet
facet normal 0 0 1
outer loop
vertex 112.84966411387138 -152.2932914190966 4.6
vertex 112.707102119412 -151.8610744174526 4.6
vertex 111.5786740307566 -151.8610744174526 4.6
endloop
endfacet
facet normal 0 0 1
outer loop
vertex 112.84966411387138 -152.2932914190966 4.6
vertex 111.5786740307566 -151.8610744174526 4.6
vertex 111.80969883128263 -152.2932914190966 4.6
endloop
endfacet
facet normal 0 0 1
outer loop
vertex 145.19030116872244 -152.2932914190966 4.6
vertex 145.42132596924506 -151.8610744174526 4.6
vertex 144.29289788058787 -151.8610744174526 4.6
endloop
endfacet
facet normal 0 0 1
outer loop
vertex 145.19030116872244 -152.2932914190966 4.6
vertex 144.29289788058787 -151.8610744174526 4.6
vertex 144.26642163621054 -151.91060798672203 4.6
endloop
endfacet
facet normal 0 0 1
outer loop
vertex 145.19030116872244 -152.2932914190966 4.6
vertex 144.26642163621054 -151.91060798672203 4.6
vertex 144.1503358861287 -152.2932914190966 4.6
endloop
endfacet
facet normal 0 0 1
outer loop
vertex 150.84966411387134 -152.2932914190966 4.6
vertex 150.7335783637895 -151.91060798672203 4.6
vertex 150.70710211941213 -151.8610744174526 4.6
endloop
endfacet
facet normal 0 0 1
outer loop
vertex 150.84966411387134 -152.2932914190966 4.6
vertex 150.70710211941213 -151.8610744174526 4.6
vertex 149.57867403075505 -151.8610744174526 4.6
endloop
endfacet
facet normal 0 0 1
outer loop
vertex 150.84966411387134 -152.2932914190966 4.6
vertex 149.57867403075505 -151.8610744174526 4.6
vertex 149.80969883128165 -152.2932914190966 4.6
endloop
endfacet
facet normal 0 0 1
outer loop
vertex 107.42132596924301 -151.8610744174526 4.6
vertex 107.732233047035 -151.48223304703248 4.6
vertex 106.4953928118461 -151.48223304703248 4.6
endloop
endfacet
facet normal 0 0 1
outer loop
vertex 107.42132596924301 -151.8610744174526 4.6
vertex 106.4953928118461 -151.48223304703248 4.6
vertex 106.2928978805879 -151.8610744174526 4.6
endloop
endfacet
facet normal 0 0 1
outer loop
vertex 112.707102119412 -151.8610744174526 4.6
vertex 112.50460718815316 -151.48223304703248 4.6
vertex 111.26776695296437 -151.48223304703248 4.6
endloop
endfacet
facet normal 0 0 1
outer loop
vertex 112.707102119412 -151.8610744174526 4.6
vertex 111.26776695296437 -151.48223304703248 4.6
vertex 111.5786740307566 -151.8610744174526 4.6
endloop
endfacet
facet normal 0 0 1
outer loop
vertex 145.42132596924506 -151.8610744174526 4.6
vertex 145.73223304703453 -151.48223304703248 4.6
vertex 144.4953928118461 -151.48223304703248 4.6
endloop
endfacet
facet normal 0 0 1
outer loop
vertex 145.42132596924506 -151.8610744174526 4.6
vertex 144.4953928118461 -151.48223304703248 4.6
vertex 144.29289788058787 -151.8610744174526 4.6
endloop
endfacet
facet normal 0 0 1
outer loop
vertex 150.70710211941213 -151.8610744174526 4.6
vertex 150.50460718815378 -151.48223304703248 4.6
vertex 149.2677669529632 -151.48223304703248 4.6
endloop
endfacet
facet normal 0 0 1
outer loop
vertex 150.70710211941213 -151.8610744174526 4.6
vertex 149.2677669529632 -151.48223304703248 4.6
vertex 149.57867403075505 -151.8610744174526 4.6
endloop
endfacet
facet normal 0 0 1
outer loop
vertex 107.732233047035 -151.48223304703248 4.6
vertex 108.11107441745006 -151.17132596924955 4.6
vertex 106.69997357232866 -151.17132596924955 4.6
endloop
endfacet
facet normal 0 0 1
outer loop
vertex 107.732233047035 -151.48223304703248 4.6
vertex 106.69997357232866 -151.17132596924955 4.6
vertex 106.589856356941 -151.3055041844315 4.6
endloop
endfacet
facet normal 0 0 1
outer loop
vertex 107.732233047035 -151.48223304703248 4.6
vertex 106.589856356941 -151.3055041844315 4.6
vertex 106.4953928118461 -151.48223304703248 4.6
endloop
endfacet
facet normal 0 0 1
outer loop
vertex 112.50460718815316 -151.48223304703248 4.6
vertex 112.41014364305887 -151.3055041844315 4.6
vertex 112.30002642767126 -151.17132596924955 4.6
endloop
endfacet
facet normal 0 0 1
outer loop
vertex 112.50460718815316 -151.48223304703248 4.6
vertex 112.30002642767126 -151.17132596924955 4.6
vertex 110.88892558255964 -151.17132596924955 4.6
endloop
endfacet
facet normal 0 0 1
outer loop
vertex 112.50460718815316 -151.48223304703248 4.6
vertex 110.88892558255964 -151.17132596924955 4.6
vertex 111.26776695296437 -151.48223304703248 4.6
endloop
endfacet
facet normal 0 0 1
outer loop
vertex 145.73223304703453 -151.48223304703248 4.6
vertex 146.1110744174484 -151.17132596924955 4.6
vertex 144.69997357232867 -151.17132596924955 4.6
endloop
endfacet
facet normal 0 0 1
outer loop
vertex 145.73223304703453 -151.48223304703248 4.6
vertex 144.69997357232867 -151.17132596924955 4.6
vertex 144.58985635694103 -151.3055041844315 4.6
endloop
endfacet
facet normal 0 0 1
outer loop
vertex 145.73223304703453 -151.48223304703248 4.6
vertex 144.58985635694103 -151.3055041844315 4.6
vertex 144.4953928118461 -151.48223304703248 4.6
endloop
endfacet
facet normal 0 0 1
outer loop
vertex 150.50460718815378 -151.48223304703248 4.6
vertex 150.41014364305883 -151.3055041844315 4.6
vertex 150.30002642767127 -151.17132596924955 4.6
endloop
endfacet
facet normal 0 0 1
outer loop
vertex 150.50460718815378 -151.48223304703248 4.6
vertex 150.30002642767127 -151.17132596924955 4.6
vertex 148.88892558255975 -151.17132596924955 4.6
endloop
endfacet
facet normal 0 0 1
outer loop
vertex 150.50460718815378 -151.48223304703248 4.6
vertex 148.88892558255975 -151.17132596924955 4.6
vertex 149.2677669529632 -151.48223304703248 4.6
endloop
endfacet
facet normal 0 0 1
outer loop
vertex 108.11107441745006 -151.17132596924955 4.6
vertex 108.54329141908991 -150.94030116872037 4.6
vertex 106.88957072628264 -150.94030116872037 4.6
endloop
endfacet
facet normal 0 0 1
outer loop
vertex 108.11107441745006 -151.17132596924955 4.6
vertex 106.88957072628264 -150.94030116872037 4.6
vertex 106.69997357232866 -151.17132596924955 4.6
endloop
endfacet
facet normal 0 0 1
outer loop
vertex 112.30002642767126 -151.17132596924955 4.6
vertex 112.11042927371734 -150.94030116872037 4.6
vertex 110.4567085809094 -150.94030116872037 4.6
endloop
endfacet
facet normal 0 0 1
outer loop
vertex 112.30002642767126 -151.17132596924955 4.6
vertex 110.4567085809094 -150.94030116872037 4.6
vertex 110.88892558255964 -151.17132596924955 4.6
endloop
endfacet
facet normal 0 0 1
outer loop
vertex 146.1110744174484 -151.17132596924955 4.6
vertex 146.54329141908553 -150.94030116872037 4.6
vertex 144.88957072628259 -150.94030116872037 4.6
endloop
endfacet
facet normal 0 0 1
outer loop
vertex 146.1110744174484 -151.17132596924955 4.6
vertex 144.88957072628259 -150.94030116872037 4.6
vertex 144.69997357232867 -151.17132596924955 4.6
endloop
endfacet
facet normal 0 0 1
outer loop
vertex 150.30002642767127 -151.17132596924955 4.6
vertex 150.1104292737174 -150.94030116872037 4.6
vertex 148.45670858090946 -150.94030116872037 4.6
endloop
endfacet
facet normal 0 0 1
outer loop
vertex 150.30002642767127 -151.17132596924955 4.6
vertex 148.45670858090946 -150.94030116872037 4.6
vertex 148.88892558255975 -151.17132596924955 4.6
endloop
endfacet
facet normal 0 0 1
outer loop
vertex 108.54329141908991 -150.94030116872037 4.6
vertex 109.01227419495737 -150.7980367989927 4.6
vertex 107.00632407720744 -150.7980367989927 4.6
endloop
endfacet
facet normal 0 0 1
outer loop
vertex 108.54329141908991 -150.94030116872037 4.6
vertex 107.00632407720744 -150.7980367989927 4.6
vertex 106.88957072628264 -150.94030116872037 4.6
endloop
endfacet
facet normal 0 0 1
outer loop
vertex 112.11042927371734 -150.94030116872037 4.6
vertex 111.9936759227926 -150.7980367989927 4.6
vertex 109.98772580504435 -150.7980367989927 4.6
endloop
endfacet
facet normal 0 0 1
outer loop
vertex 112.11042927371734 -150.94030116872037 4.6
vertex 109.98772580504435 -150.7980367989927 4.6
vertex 110.4567085809094 -150.94030116872037 4.6
endloop
endfacet
facet normal 0 0 1
outer loop
vertex 146.54329141908553 -150.94030116872037 4.6
vertex 147.01227419496303 -150.7980367989927 4.6
vertex 145.00632407720735 -150.7980367989927 4.6
endloop
endfacet
facet normal 0 0 1
outer loop
vertex 146.54329141908553 -150.94030116872037 4.6
vertex 145.00632407720735 -150.7980367989927 4.6
vertex 144.88957072628259 -150.94030116872037 4.6
endloop
endfacet
facet normal 0 0 1
outer loop
vertex 150.1104292737174 -150.94030116872037 4.6
vertex 149.9936759227926 -150.7980367989927 4.6
vertex 147.98772580504502 -150.7980367989927 4.6
endloop
endfacet
facet normal 0 0 1
outer loop
vertex 150.1104292737174 -150.94030116872037 4.6
vertex 147.98772580504502 -150.7980367989927 4.6
vertex 148.45670858090946 -150.94030116872037 4.6
endloop
endfacet
facet normal 0 0 1
outer loop
vertex 109.01227419495737 -150.7980367989927 4.6
vertex 109.4999999999981 -150.75000000000023 4.6
vertex 107.05574270936616 -150.75000000000023 4.6
endloop
endfacet
facet normal 0 0 1
outer loop
vertex 109.01227419495737 -150.7980367989927 4.6
vertex 107.05574270936616 -150.75000000000023 4.6
vertex 107.02512626584713 -150.77512626584704 4.6
endloop
endfacet
facet normal 0 0 1
outer loop
vertex 109.01227419495737 -150.7980367989927 4.6
vertex 107.02512626584713 -150.77512626584704 4.6
vertex 107.00632407720744 -150.7980367989927 4.6
endloop
endfacet
facet normal 0 0 1
outer loop
vertex 111.9936759227926 -150.7980367989927 4.6
vertex 111.97487373415291 -150.77512626584704 4.6
vertex 111.94425729063387 -150.75000000000023 4.6
endloop
endfacet
facet normal 0 0 1
outer loop
vertex 111.9936759227926 -150.7980367989927 4.6
vertex 111.94425729063387 -150.75000000000023 4.6
vertex 109.4999999999981 -150.75000000000023 4.6
endloop
endfacet
facet normal 0 0 1
outer loop
vertex 111.9936759227926 -150.7980367989927 4.6
vertex 109.4999999999981 -150.75000000000023 4.6
vertex 109.98772580504435 -150.7980367989927 4.6
endloop
endfacet
facet normal 0 0 1
outer loop
vertex 147.01227419496303 -150.7980367989927 4.6
vertex 147.4999999999978 -150.75000000000023 4.6
vertex 145.0557427093658 -150.75000000000023 4.6
endloop
endfacet
facet normal 0 0 1
outer loop
vertex 147.01227419496303 -150.7980367989927 4.6
vertex 145.0557427093658 -150.75000000000023 4.6
vertex 145.02512626584704 -150.77512626584704 4.6
endloop
endfacet
facet normal 0 0 1
outer loop
vertex 147.01227419496303 -150.7980367989927 4.6
vertex 145.02512626584704 -150.77512626584704 4.6
vertex 145.00632407720735 -150.7980367989927 4.6
endloop
endfacet
facet normal 0 0 1
outer loop
vertex 149.9936759227926 -150.7980367989927 4.6
vertex 149.97487373415288 -150.77512626584704 4.6
vertex 149.94425729063386 -150.75000000000023 4.6
endloop
endfacet
facet normal 0 0 1
outer loop
vertex 149.9936759227926 -150.7980367989927 4.6
vertex 149.94425729063386 -150.75000000000023 4.6
vertex 147.4999999999978 -150.75000000000023 4.6
endloop
endfacet
facet normal 0 0 1
outer loop
vertex 149.9936759227926 -150.7980367989927 4.6
vertex 147.4999999999978 -150.75000000000023 4.6
vertex 147.98772580504502 -150.7980367989927 4.6
endloop
endfacet
facet normal 0 0 1
outer loop
vertex 109.4999999999981 -150.75000000000023 4.6
vertex 111.94425729063387 -150.75000000000023 4.6
vertex 111.44449581556857 -150.33985635694106 4.6
endloop
endfacet
facet normal 0 0 1
outer loop
vertex 109.4999999999981 -150.75000000000023 4.6
vertex 111.44449581556857 -150.33985635694106 4.6
vertex 110.83939201327783 -150.0164216362105 4.6
endloop
endfacet
facet normal 0 0 1
outer loop
vertex 109.4999999999981 -150.75000000000023 4.6
vertex 110.83939201327783 -150.0164216362105 4.6
vertex 110.18281612705655 -149.81725151858873 4.6
endloop
endfacet
facet normal 0 0 1
outer loop
vertex 109.4999999999981 -150.75000000000023 4.6
vertex 110.18281612705655 -149.81725151858873 4.6
vertex 109.49999999999987 -149.75 4.6
endloop
endfacet
facet normal 0 0 1
outer loop
vertex 109.4999999999981 -150.75000000000023 4.6
vertex 109.49999999999987 -149.75 4.6
vertex 108.8171838729437 -149.81725151858873 4.6
endloop
endfacet
facet normal 0 0 1
outer loop
vertex 109.4999999999981 -150.75000000000023 4.6
vertex 108.8171838729437 -149.81725151858873 4.6
vertex 108.16060798672218 -150.0164216362105 4.6
endloop
endfacet
facet normal 0 0 1
outer loop
vertex 109.4999999999981 -150.75000000000023 4.6
vertex 108.16060798672218 -150.0164216362105 4.6
vertex 107.55550418443127 -150.33985635694106 4.6
endloop
endfacet
facet normal 0 0 1
outer loop
vertex 109.4999999999981 -150.75000000000023 4.6
vertex 107.55550418443127 -150.33985635694106 4.6
vertex 107.05574270936616 -150.75000000000023 4.6
endloop
endfacet
facet normal 0 0 1
outer loop
vertex 147.4999999999978 -150.75000000000023 4.6
vertex 149.94425729063386 -150.75000000000023 4.6
vertex 149.4444958155686 -150.33985635694106 4.6
endloop
endfacet
facet normal 0 0 1
outer loop
vertex 147.4999999999978 -150.75000000000023 4.6
vertex 149.4444958155686 -150.33985635694106 4.6
vertex 148.83939201327783 -150.0164216362105 4.6
endloop
endfacet
facet normal 0 0 1
outer loop
vertex 147.4999999999978 -150.75000000000023 4.6
vertex 148.83939201327783 -150.0164216362105 4.6
vertex 148.18281612705647 -149.81725151858873 4.6
endloop
endfacet
facet normal 0 0 1
outer loop
vertex 147.4999999999978 -150.75000000000023 4.6
vertex 148.18281612705647 -149.81725151858873 4.6
vertex 147.49999999999994 -149.75 4.6
endloop
endfacet
facet normal 0 0 1
outer loop
vertex 147.4999999999978 -150.75000000000023 4.6
vertex 147.49999999999994 -149.75 4.6
vertex 146.8171838729436 -149.81725151858873 4.6
endloop
endfacet
facet normal 0 0 1
outer loop
vertex 147.4999999999978 -150.75000000000023 4.6
vertex 146.8171838729436 -149.81725151858873 4.6
vertex 146.1606079867222 -150.0164216362105 4.6
endloop
endfacet
facet normal 0 0 1
outer loop
vertex 147.4999999999978 -150.75000000000023 4.6
vertex 146.1606079867222 -150.0164216362105 4.6
vertex 145.55550418443144 -150.33985635694106 4.6
endloop
endfacet
facet normal 0 0 1
outer loop
vertex 147.4999999999978 -150.75000000000023 4.6
vertex 145.55550418443144 -150.33985635694106 4.6
vertex 145.0557427093658 -150.75000000000023 4.6
endloop
endfacet
facet normal 0 0 1
outer loop
vertex 110.18281612705643 -94.93274848141131 4.6
vertex 110.83939201327783 -94.7335783637895 4.6
vertex 111.44449581556857 -94.41014364305894 4.6
endloop
endfacet
facet normal 0 0 1
outer loop
vertex 110.18281612705643 -94.93274848141131 4.6
vertex 111.44449581556857 -94.41014364305894 4.6
vertex 111.94425729063332 -94.00000000000006 4.6
endloop
endfacet
facet normal 0 0 1
outer loop
vertex 110.18281612705643 -94.93274848141131 4.6
vertex 111.94425729063332 -94.00000000000006 4.6
vertex 109.50000000000016 -94.00000000000003 4.6
endloop
endfacet
facet normal 0 0 1
outer loop
vertex 110.18281612705643 -94.93274848141131 4.6
vertex 109.50000000000016 -94.00000000000003 4.6
vertex 107.0557427093667 -94.00000000000006 4.6
endloop
endfacet
facet normal 0 0 1
outer loop
vertex 110.18281612705643 -94.93274848141131 4.6
vertex 107.0557427093667 -94.00000000000006 4.6
vertex 107.55550418443146 -94.41014364305894 4.6
endloop
endfacet
facet normal 0 0 1
outer loop
vertex 110.18281612705643 -94.93274848141131 4.6
vertex 107.55550418443146 -94.41014364305894 4.6
vertex 108.16060798672217 -94.7335783637895 4.6
endloop
endfacet
facet normal 0 0 1
outer loop
vertex 110.18281612705643 -94.93274848141131 4.6
vertex 108.16060798672217 -94.7335783637895 4.6
vertex 108.81718387294354 -94.93274848141131 4.6
endloop
endfacet
facet normal 0 0 1
outer loop
vertex 110.18281612705643 -94.93274848141131 4.6
vertex 108.81718387294354 -94.93274848141131 4.6
vertex 109.49999999999993 -95 4.6
endloop
endfacet
facet normal 0 0 1
outer loop
vertex 148.18281612705633 -94.93274848141131 4.6
vertex 148.83939201327794 -94.7335783637895 4.6
vertex 149.44449581556864 -94.41014364305894 4.6
endloop
endfacet
facet normal 0 0 1
outer loop
vertex 148.18281612705633 -94.93274848141131 4.6
vertex 149.44449581556864 -94.41014364305894 4.6
vertex 149.9442572906333 -94.00000000000006 4.6
endloop
endfacet
facet normal 0 0 1
outer loop
vertex 148.18281612705633 -94.93274848141131 4.6
vertex 149.9442572906333 -94.00000000000006 4.6
vertex 147.49999999999986 -94.00000000000003 4.6
endloop
endfacet
facet normal 0 0 1
outer loop
vertex 148.18281612705633 -94.93274848141131 4.6
vertex 147.49999999999986 -94.00000000000003 4.6
vertex 145.0557427093667 -94.00000000000006 4.6
endloop
endfacet
facet normal 0 0 1
outer loop
vertex 148.18281612705633 -94.93274848141131 4.6
vertex 145.0557427093667 -94.00000000000006 4.6
vertex 145.55550418443138 -94.41014364305894 4.6
endloop
endfacet
facet normal 0 0 1
outer loop
vertex 148.18281612705633 -94.93274848141131 4.6
vertex 145.55550418443138 -94.41014364305894 4.6
vertex 146.1606079867222 -94.7335783637895 4.6
endloop
endfacet
facet normal 0 0 1
outer loop
vertex 148.18281612705633 -94.93274848141131 4.6
vertex 146.1606079867222 -94.7335783637895 4.6
vertex 146.81718387294345 -94.93274848141131 4.6
endloop
endfacet
facet normal 0 0 1
outer loop
vertex 148.18281612705633 -94.93274848141131 4.6
vertex 146.81718387294345 -94.93274848141131 4.6
vertex 147.50000000000009 -95 4.6
endloop
endfacet
facet normal 0 0 1
outer loop
vertex 109.50000000000016 -94.00000000000003 4.6
vertex 109.01227419494994 -93.9519632010073 4.6
vertex 107.00632407720747 -93.9519632010073 4.6
endloop
endfacet
facet normal 0 0 1
outer loop
vertex 109.50000000000016 -94.00000000000003 4.6
vertex 107.00632407720747 -93.9519632010073 4.6
vertex 107.02512626584709 -93.97487373415291 4.6
endloop
endfacet
facet normal 0 0 1
outer loop
vertex 109.50000000000016 -94.00000000000003 4.6
vertex 107.02512626584709 -93.97487373415291 4.6
vertex 107.0557427093667 -94.00000000000006 4.6
endloop
endfacet
facet normal 0 0 1
outer loop
vertex 111.94425729063332 -94.00000000000006 4.6
vertex 111.97487373415294 -93.97487373415291 4.6
vertex 111.99367592279255 -93.9519632010073 4.6
endloop
endfacet
facet normal 0 0 1
outer loop
vertex 111.94425729063332 -94.00000000000006 4.6
vertex 111.99367592279255 -93.9519632010073 4.6
vertex 109.98772580504769 -93.9519632010073 4.6
endloop
endfacet
facet normal 0 0 1
outer loop
vertex 111.94425729063332 -94.00000000000006 4.6
vertex 109.98772580504769 -93.9519632010073 4.6
vertex 109.50000000000016 -94.00000000000003 4.6
endloop
endfacet
facet normal 0 0 1
outer loop
vertex 147.49999999999986 -94.00000000000003 4.6
vertex 147.01227419495714 -93.9519632010073 4.6
vertex 145.00632407720744 -93.9519632010073 4.6
endloop
endfacet
facet normal 0 0 1
outer loop
vertex 147.49999999999986 -94.00000000000003 4.6
vertex 145.00632407720744 -93.9519632010073 4.6
vertex 145.02512626584706 -93.97487373415291 4.6
endloop
endfacet
facet normal 0 0 1
outer loop
vertex 147.49999999999986 -94.00000000000003 4.6
vertex 145.02512626584706 -93.97487373415291 4.6
vertex 145.0557427093667 -94.00000000000006 4.6
endloop
endfacet
facet normal 0 0 1
outer loop
vertex 149.9442572906333 -94.00000000000006 4.6
vertex 149.97487373415288 -93.97487373415291 4.6
vertex 149.9936759227925 -93.9519632010073 4.6
endloop
endfacet
facet normal 0 0 1
outer loop
vertex 149.9442572906333 -94.00000000000006 4.6
vertex 149.9936759227925 -93.9519632010073 4.6
vertex 147.98772580504772 -93.9519632010073 4.6
endloop
endfacet
facet normal 0 0 1
outer loop
vertex 149.9442572906333 -94.00000000000006 4.6
vertex 147.98772580504772 -93.9519632010073 4.6
vertex 147.49999999999986 -94.00000000000003 4.6
endloop
endfacet
facet normal 0 0 1
outer loop
vertex 109.01227419494994 -93.9519632010073 4.6
vertex 108.543291419097 -93.80969883128334 4.6
vertex 106.88957072628777 -93.80969883128334 4.6
endloop
endfacet
facet normal 0 0 1
outer loop
vertex 109.01227419494994 -93.9519632010073 4.6
vertex 106.88957072628777 -93.80969883128334 4.6
vertex 107.00632407720747 -93.9519632010073 4.6
endloop
endfacet
facet normal 0 0 1
outer loop
vertex 111.99367592279255 -93.9519632010073 4.6
vertex 112.11042927371224 -93.80969883128334 4.6
vertex 110.45670858089623 -93.80969883128334 4.6
endloop
endfacet
facet normal 0 0 1
outer loop
vertex 111.99367592279255 -93.9519632010073 4.6
vertex 110.45670858089623 -93.80969883128334 4.6
vertex 109.98772580504769 -93.9519632010073 4.6
endloop
endfacet
facet normal 0 0 1
outer loop
vertex 147.01227419495714 -93.9519632010073 4.6
vertex 146.54329141908784 -93.80969883128334 4.6
vertex 144.88957072628764 -93.80969883128334 4.6
endloop
endfacet
facet normal 0 0 1
outer loop
vertex 147.01227419495714 -93.9519632010073 4.6
vertex 144.88957072628764 -93.80969883128334 4.6
vertex 145.00632407720744 -93.9519632010073 4.6
endloop
endfacet
facet normal 0 0 1
outer loop
vertex 149.9936759227925 -93.9519632010073 4.6
vertex 150.11042927371224 -93.80969883128334 4.6
vertex 148.45670858089707 -93.80969883128334 4.6
endloop
endfacet
facet normal 0 0 1
outer loop
vertex 149.9936759227925 -93.9519632010073 4.6
vertex 148.45670858089707 -93.80969883128334 4.6
vertex 147.98772580504772 -93.9519632010073 4.6
endloop
endfacet
facet normal 0 0 1
outer loop
vertex 108.543291419097 -93.80969883128334 4.6
vertex 108.1110744174556 -93.57867403075873 4.6
vertex 106.69997357234013 -93.57867403075873 4.6
endloop
endfacet
facet normal 0 0 1
outer loop
vertex 108.543291419097 -93.80969883128334 4.6
vertex 106.69997357234013 -93.57867403075873 4.6
vertex 106.88957072628777 -93.80969883128334 4.6
endloop
endfacet
facet normal 0 0 1
outer loop
vertex 112.11042927371224 -93.80969883128334 4.6
vertex 112.30002642765983 -93.57867403075873 4.6
vertex 110.88892558254472 -93.57867403075873 4.6
endloop
endfacet
facet normal 0 0 1
outer loop
vertex 112.11042927371224 -93.80969883128334 4.6
vertex 110.88892558254472 -93.57867403075873 4.6
vertex 110.45670858089623 -93.80969883128334 4.6
endloop
endfacet
facet normal 0 0 1
outer loop
vertex 146.54329141908784 -93.80969883128334 4.6
vertex 146.11107441745264 -93.57867403075873 4.6
vertex 144.69997357234004 -93.57867403075873 4.6
endloop
endfacet
facet normal 0 0 1
outer loop
vertex 146.54329141908784 -93.80969883128334 4.6
vertex 144.69997357234004 -93.57867403075873 4.6
vertex 144.88957072628764 -93.80969883128334 4.6
endloop
endfacet
facet normal 0 0 1
outer loop
vertex 150.11042927371224 -93.80969883128334 4.6
vertex 150.30002642765987 -93.57867403075873 4.6
vertex 148.8889255825447 -93.57867403075873 4.6
endloop
endfacet
facet normal 0 0 1
outer loop
vertex 150.11042927371224 -93.80969883128334 4.6
vertex 148.8889255825447 -93.57867403075873 4.6
vertex 148.45670858089707 -93.80969883128334 4.6
endloop
endfacet
facet normal 0 0 1
outer loop
vertex 108.1110744174556 -93.57867403075873 4.6
vertex 107.73223304703212 -93.26776695296373 4.6
vertex 106.49539281183387 -93.26776695296373 4.6
endloop
endfacet
facet normal 0 0 1
outer loop
vertex 108.1110744174556 -93.57867403075873 4.6
vertex 106.49539281183387 -93.26776695296373 4.6
vertex 106.58985635694108 -93.44449581556871 4.6
endloop
endfacet
facet normal 0 0 1
outer loop
vertex 108.1110744174556 -93.57867403075873 4.6
vertex 106.58985635694108 -93.44449581556871 4.6
vertex 106.69997357234013 -93.57867403075873 4.6
endloop
endfacet
facet normal 0 0 1
outer loop
vertex 112.30002642765983 -93.57867403075873 4.6
vertex 112.4101436430588 -93.44449581556871 4.6
vertex 112.50460718816606 -93.26776695296373 4.6
endloop
endfacet
facet normal 0 0 1
outer loop
vertex 112.30002642765983 -93.57867403075873 4.6
vertex 112.50460718816606 -93.26776695296373 4.6
vertex 111.26776695297173 -93.26776695296373 4.6
endloop
endfacet
facet normal 0 0 1
outer loop
vertex 112.30002642765983 -93.57867403075873 4.6
vertex 111.26776695297173 -93.26776695296373 4.6
vertex 110.88892558254472 -93.57867403075873 4.6
endloop
endfacet
facet normal 0 0 1
outer loop
vertex 146.11107441745264 -93.57867403075873 4.6
vertex 145.73223304703427 -93.26776695296373 4.6
vertex 144.49539281183348 -93.26776695296373 4.6
endloop
endfacet
facet normal 0 0 1
outer loop
vertex 146.11107441745264 -93.57867403075873 4.6
vertex 144.49539281183348 -93.26776695296373 4.6
vertex 144.5898563569411 -93.44449581556871 4.6
endloop
endfacet
facet normal 0 0 1
outer loop
vertex 146.11107441745264 -93.57867403075873 4.6
vertex 144.5898563569411 -93.44449581556871 4.6
vertex 144.69997357234004 -93.57867403075873 4.6
endloop
endfacet
facet normal 0 0 1
outer loop
vertex 150.30002642765987 -93.57867403075873 4.6
vertex 150.4101436430589 -93.44449581556871 4.6
vertex 150.50460718816612 -93.26776695296373 4.6
endloop
endfacet
facet normal 0 0 1
outer loop
vertex 150.30002642765987 -93.57867403075873 4.6
vertex 150.50460718816612 -93.26776695296373 4.6
vertex 149.26776695297195 -93.26776695296373 4.6
endloop
endfacet
facet normal 0 0 1
outer loop
vertex 150.30002642765987 -93.57867403075873 4.6
vertex 149.26776695297195 -93.26776695296373 4.6
vertex 148.8889255825447 -93.57867403075873 4.6
endloop
endfacet
facet normal 0 0 1
outer loop
vertex 107.73223304703212 -93.26776695296373 4.6
vertex 107.42132596924463 -92.8889255825494 4.6
vertex 106.29289788058979 -92.8889255825494 4.6
endloop
endfacet
facet normal 0 0 1
outer loop
vertex 107.73223304703212 -93.26776695296373 4.6
vertex 106.29289788058979 -92.8889255825494 4.6
vertex 106.49539281183387 -93.26776695296373 4.6
endloop
endfacet
facet normal 0 0 1
outer loop
vertex 112.50460718816606 -93.26776695296373 4.6
vertex 112.70710211941025 -92.8889255825494 4.6
vertex 111.57867403075504 -92.8889255825494 4.6
endloop
endfacet
facet normal 0 0 1
outer loop
vertex 112.50460718816606 -93.26776695296373 4.6
vertex 111.57867403075504 -92.8889255825494 4.6
vertex 111.26776695297173 -93.26776695296373 4.6
endloop
endfacet
facet normal 0 0 1
outer loop
vertex 145.73223304703427 -93.26776695296373 4.6
vertex 145.4213259692405 -92.8889255825494 4.6
vertex 144.2928978805896 -92.8889255825494 4.6
endloop
endfacet
facet normal 0 0 1
outer loop
vertex 145.73223304703427 -93.26776695296373 4.6
vertex 144.2928978805896 -92.8889255825494 4.6
vertex 144.49539281183348 -93.26776695296373 4.6
endloop
endfacet
facet normal 0 0 1
outer loop
vertex 150.50460718816612 -93.26776695296373 4.6
vertex 150.70710211941025 -92.8889255825494 4.6
vertex 149.5786740307544 -92.8889255825494 4.6
endloop
endfacet
facet normal 0 0 1
outer loop
vertex 150.50460718816612 -93.26776695296373 4.6
vertex 149.5786740307544 -92.8889255825494 4.6
vertex 149.26776695297195 -93.26776695296373 4.6
endloop
endfacet
facet normal 0 0 1
outer loop
vertex 107.42132596924463 -92.8889255825494 4.6
vertex 107.19030116872057 -92.45670858090897 4.6
vertex 106.15033588612917 -92.45670858090897 4.6
endloop
endfacet
facet normal 0 0 1
outer loop
vertex 107.42132596924463 -92.8889255825494 4.6
vertex 106.15033588612917 -92.45670858090897 4.6
vertex 106.26642163621051 -92.83939201327769 4.6
endloop
endfacet
facet normal 0 0 1
outer loop
vertex 107.42132596924463 -92.8889255825494 4.6
vertex 106.26642163621051 -92.83939201327769 4.6
vertex 106.29289788058979 -92.8889255825494 4.6
endloop
endfacet
facet normal 0 0 1
outer loop
vertex 112.70710211941025 -92.8889255825494 4.6
vertex 112.73357836378955 -92.83939201327769 4.6
vertex 112.84966411387083 -92.45670858090897 4.6
endloop
endfacet
facet normal 0 0 1
outer loop
vertex 112.70710211941025 -92.8889255825494 4.6
vertex 112.84966411387083 -92.45670858090897 4.6
vertex 111.80969883128053 -92.45670858090897 4.6
endloop
endfacet
facet normal 0 0 1
outer loop
vertex 112.70710211941025 -92.8889255825494 4.6
vertex 111.80969883128053 -92.45670858090897 4.6
vertex 111.57867403075504 -92.8889255825494 4.6
endloop
endfacet
facet normal 0 0 1
outer loop
vertex 145.4213259692405 -92.8889255825494 4.6
vertex 145.19030116872054 -92.45670858090897 4.6
vertex 144.150335886129 -92.45670858090897 4.6
endloop
endfacet
facet normal 0 0 1
outer loop
vertex 145.4213259692405 -92.8889255825494 4.6
vertex 144.150335886129 -92.45670858090897 4.6
vertex 144.26642163621045 -92.83939201327769 4.6
endloop
endfacet
facet normal 0 0 1
outer loop
vertex 145.4213259692405 -92.8889255825494 4.6
vertex 144.26642163621045 -92.83939201327769 4.6
vertex 144.2928978805896 -92.8889255825494 4.6
endloop
endfacet
facet normal 0 0 1
outer loop
vertex 150.70710211941025 -92.8889255825494 4.6
vertex 150.73357836378955 -92.83939201327769 4.6
vertex 150.8496641138708 -92.45670858090897 4.6
endloop
endfacet
facet normal 0 0 1
outer loop
vertex 150.70710211941025 -92.8889255825494 4.6
vertex 150.8496641138708 -92.45670858090897 4.6
vertex 149.80969883128037 -92.45670858090897 4.6
endloop
endfacet
facet normal 0 0 1
outer loop
vertex 150.70710211941025 -92.8889255825494 4.6
vertex 149.80969883128037 -92.45670858090897 4.6
vertex 149.5786740307544 -92.8889255825494 4.6
endloop
endfacet
facet normal 0 0 1
outer loop
vertex 107.19030116872057 -92.45670858090897 4.6
vertex 107.04803679899204 -91.98772580504658 4.6
vertex 106.04803679899202 -91.98772580504658 4.6
endloop
endfacet
facet normal 0 0 1
outer loop
vertex 107.19030116872057 -92.45670858090897 4.6
vertex 106.04803679899202 -91.98772580504658 4.6
vertex 106.06725151858868 -92.18281612705646 4.6
endloop
endfacet
facet normal 0 0 1
outer loop
vertex 107.19030116872057 -92.45670858090897 4.6
vertex 106.06725151858868 -92.18281612705646 4.6
vertex 106.15033588612917 -92.45670858090897 4.6
endloop
endfacet
facet normal 0 0 1
outer loop
vertex 112.84966411387083 -92.45670858090897 4.6
vertex 112.93274848141131 -92.18281612705646 4.6
vertex 112.95196320100797 -91.98772580504658 4.6
endloop
endfacet
facet normal 0 0 1
outer loop
vertex 112.84966411387083 -92.45670858090897 4.6
vertex 112.95196320100797 -91.98772580504658 4.6
vertex 111.95196320100798 -91.98772580504658 4.6
endloop
endfacet
facet normal 0 0 1
outer loop
vertex 112.84966411387083 -92.45670858090897 4.6
vertex 111.95196320100798 -91.98772580504658 4.6
vertex 111.80969883128053 -92.45670858090897 4.6
endloop
endfacet
facet normal 0 0 1
outer loop
vertex 145.19030116872054 -92.45670858090897 4.6
vertex 145.04803679899277 -91.98772580504658 4.6
vertex 144.04803679899203 -91.98772580504658 4.6
endloop
endfacet
facet normal 0 0 1
outer loop
vertex 145.19030116872054 -92.45670858090897 4.6
vertex 144.04803679899203 -91.98772580504658 4.6
vertex 144.0672515185887 -92.18281612705646 4.6
endloop
endfacet
facet normal 0 0 1
outer loop
vertex 145.19030116872054 -92.45670858090897 4.6
vertex 144.0672515185887 -92.18281612705646 4.6
vertex 144.150335886129 -92.45670858090897 4.6
endloop
endfacet
facet normal 0 0 1
outer loop
vertex 150.8496641138708 -92.45670858090897 4.6
vertex 150.93274848141127 -92.18281612705646 4.6
vertex 150.95196320100794 -91.98772580504658 4.6
endloop
endfacet
facet normal 0 0 1
outer loop
vertex 150.8496641138708 -92.45670858090897 4.6
vertex 150.95196320100794 -91.98772580504658 4.6
vertex 149.95196320100797 -91.98772580504658 4.6
endloop
endfacet
facet normal 0 0 1
outer loop
vertex 150.8496641138708 -92.45670858090897 4.6
vertex 149.95196320100797 -91.98772580504658 4.6
vertex 149.80969883128037 -92.45670858090897 4.6
endloop
endfacet
facet normal 0 0 1
outer loop
vertex 107.04803679899204 -91.98772580504658 4.6
vertex 107.00000000000003 -91.49999999999984 4.6
vertex 105.99999999999999 -91.49999999999984 4.6
endloop
endfacet
facet normal 0 0 1
outer loop
vertex 107.04803679899204 -91.98772580504658 4.6
vertex 105.99999999999999 -91.49999999999984 4.6
vertex 106.04803679899202 -91.98772580504658 4.6
endloop
endfacet
facet normal 0 0 1
outer loop
vertex 112.95196320100797 -91.98772580504658 4.6
vertex 112.99999999999999 -91.49999999999984 4.6
vertex 111.99999999999993 -91.49999999999984 4.6
endloop
endfacet
facet normal 0 0 1
outer loop
vertex 112.95196320100797 -91.98772580504658 4.6
vertex 111.99999999999993 -91.49999999999984 4.6
vertex 111.95196320100798 -91.98772580504658 4.6
endloop
endfacet
facet normal 0 0 1
outer loop
vertex 145.04803679899277 -91.98772580504658 4.6
vertex 145.00000000000006 -91.49999999999984 4.6
vertex 144 -91.49999999999984 4.6
endloop
endfacet
facet normal 0 0 1
outer loop
vertex 145.04803679899277 -91.98772580504658 4.6
vertex 144 -91.49999999999984 4.6
vertex 144.04803679899203 -91.98772580504658 4.6
endloop
endfacet
facet normal 0 0 1
outer loop
vertex 150.95196320100794 -91.98772580504658 4.6
vertex 151 -91.49999999999984 4.6
vertex 149.99999999999997 -91.49999999999984 4.6
endloop
endfacet
facet normal 0 0 1
outer loop
vertex 150.95196320100794 -91.98772580504658 4.6
vertex 149.99999999999997 -91.49999999999984 4.6
vertex 149.95196320100797 -91.98772580504658 4.6
endloop
endfacet
facet normal 0 0 1
outer loop
vertex 107.00000000000003 -91.49999999999984 4.6
vertex 107.04803679899187 -91.01227419496273 4.6
vertex 106.04803679899149 -91.01227419496273 4.6
endloop
endfacet
facet normal 0 0 1
outer loop
vertex 107.00000000000003 -91.49999999999984 4.6
vertex 106.04803679899149 -91.01227419496273 4.6
vertex 105.99999999999999 -91.49999999999984 4.6
endloop
endfacet
facet normal 0 0 1
outer loop
vertex 112.99999999999999 -91.49999999999984 4.6
vertex 112.95196320100845 -91.01227419496273 4.6
vertex 111.9519632010085 -91.01227419496273 4.6
endloop
endfacet
facet normal 0 0 1
outer loop
vertex 112.99999999999999 -91.49999999999984 4.6
vertex 111.9519632010085 -91.01227419496273 4.6
vertex 111.99999999999993 -91.49999999999984 4.6
endloop
endfacet
facet normal 0 0 1
outer loop
vertex 145.00000000000006 -91.49999999999984 4.6
vertex 145.04803679899192 -91.01227419496273 4.6
vertex 144.04803679899157 -91.01227419496273 4.6
endloop
endfacet
facet normal 0 0 1
outer loop
vertex 145.00000000000006 -91.49999999999984 4.6
vertex 144.04803679899157 -91.01227419496273 4.6
vertex 144 -91.49999999999984 4.6
endloop
endfacet
facet normal 0 0 1
outer loop
vertex 151 -91.49999999999984 4.6
vertex 150.95196320100848 -91.01227419496273 4.6
vertex 149.95196320100837 -91.01227419496273 4.6
endloop
endfacet
facet normal 0 0 1
outer loop
vertex 151 -91.49999999999984 4.6
vertex 149.95196320100837 -91.01227419496273 4.6
vertex 149.99999999999997 -91.49999999999984 4.6
endloop
endfacet
facet normal 0 0 1
outer loop
vertex 107.04803679899187 -91.01227419496273 4.6
vertex 107.19030116872193 -90.5432914190868 4.6
vertex 106.15033588613157 -90.5432914190868 4.6
endloop
endfacet
facet normal 0 0 1
outer loop
vertex 107.04803679899187 -91.01227419496273 4.6
vertex 106.15033588613157 -90.5432914190868 4.6
vertex 106.06725151858866 -90.8171838729434 4.6
endloop
endfacet
facet normal 0 0 1
outer loop
vertex 107.04803679899187 -91.01227419496273 4.6
vertex 106.06725151858866 -90.8171838729434 4.6
vertex 106.04803679899149 -91.01227419496273 4.6
endloop
endfacet
facet normal 0 0 1
outer loop
vertex 112.95196320100845 -91.01227419496273 4.6
vertex 112.93274848141127 -90.8171838729434 4.6
vertex 112.84966411386843 -90.5432914190868 4.6
endloop
endfacet
facet normal 0 0 1
outer loop
vertex 112.95196320100845 -91.01227419496273 4.6
vertex 112.84966411386843 -90.5432914190868 4.6
vertex 111.80969883127763 -90.5432914190868 4.6
endloop
endfacet
facet normal 0 0 1
outer loop
vertex 112.95196320100845 -91.01227419496273 4.6
vertex 111.80969883127763 -90.5432914190868 4.6
vertex 111.9519632010085 -91.01227419496273 4.6
endloop
endfacet
facet normal 0 0 1
outer loop
vertex 145.04803679899192 -91.01227419496273 4.6
vertex 145.19030116872096 -90.5432914190868 4.6
vertex 144.15033588613161 -90.5432914190868 4.6
endloop
endfacet
facet normal 0 0 1
outer loop
vertex 145.04803679899192 -91.01227419496273 4.6
vertex 144.15033588613161 -90.5432914190868 4.6
vertex 144.06725151858873 -90.8171838729434 4.6
endloop
endfacet
facet normal 0 0 1
outer loop
vertex 145.04803679899192 -91.01227419496273 4.6
vertex 144.06725151858873 -90.8171838729434 4.6
vertex 144.04803679899157 -91.01227419496273 4.6
endloop
endfacet
facet normal 0 0 1
outer loop
vertex 150.95196320100848 -91.01227419496273 4.6
vertex 150.9327484814113 -90.8171838729434 4.6
vertex 150.84966411386839 -90.5432914190868 4.6
endloop
endfacet
facet normal 0 0 1
outer loop
vertex 150.95196320100848 -91.01227419496273 4.6
vertex 150.84966411386839 -90.5432914190868 4.6
vertex 149.80969883127744 -90.5432914190868 4.6
endloop
endfacet
facet normal 0 0 1
outer loop
vertex 150.95196320100848 -91.01227419496273 4.6
vertex 149.80969883127744 -90.5432914190868 4.6
vertex 149.95196320100837 -91.01227419496273 4.6
endloop
endfacet
facet normal 0 0 1
outer loop
vertex 107.19030116872193 -90.5432914190868 4.6
vertex 107.42132596924442 -90.11107441743715 4.6
vertex 106.2928978805884 -90.11107441743715 4.6
endloop
endfacet
facet normal 0 0 1
outer loop
vertex 107.19030116872193 -90.5432914190868 4.6
vertex 106.2928978805884 -90.11107441743715 4.6
vertex 106.2664216362105 -90.16060798672223 4.6
endloop
endfacet
facet normal 0 0 1
outer loop
vertex 107.19030116872193 -90.5432914190868 4.6
vertex 106.2664216362105 -90.16060798672223 4.6
vertex 106.15033588613157 -90.5432914190868 4.6
endloop
endfacet
facet normal 0 0 1
outer loop
vertex 112.84966411386843 -90.5432914190868 4.6
vertex 112.73357836378952 -90.16060798672223 4.6
vertex 112.70710211941162 -90.11107441743715 4.6
endloop
endfacet
facet normal 0 0 1
outer loop
vertex 112.84966411386843 -90.5432914190868 4.6
vertex 112.70710211941162 -90.11107441743715 4.6
vertex 111.57867403074862 -90.11107441743715 4.6
endloop
endfacet
facet normal 0 0 1
outer loop
vertex 112.84966411386843 -90.5432914190868 4.6
vertex 111.57867403074862 -90.11107441743715 4.6
vertex 111.80969883127763 -90.5432914190868 4.6
endloop
endfacet
facet normal 0 0 1
outer loop
vertex 145.19030116872096 -90.5432914190868 4.6
vertex 145.42132596924384 -90.11107441743715 4.6
vertex 144.2928978805884 -90.11107441743715 4.6
endloop
endfacet
facet normal 0 0 1
outer loop
vertex 145.19030116872096 -90.5432914190868 4.6
vertex 144.2928978805884 -90.11107441743715 4.6
vertex 144.2664216362105 -90.16060798672223 4.6
endloop
endfacet
facet normal 0 0 1
outer loop
vertex 145.19030116872096 -90.5432914190868 4.6
vertex 144.2664216362105 -90.16060798672223 4.6
vertex 144.15033588613161 -90.5432914190868 4.6
endloop
endfacet
facet normal 0 0 1
outer loop
vertex 150.84966411386839 -90.5432914190868 4.6
vertex 150.7335783637894 -90.16060798672223 4.6
vertex 150.70710211941153 -90.11107441743715 4.6
endloop
endfacet
facet normal 0 0 1
outer loop
vertex 150.84966411386839 -90.5432914190868 4.6
vertex 150.70710211941153 -90.11107441743715 4.6
vertex 149.5786740307484 -90.11107441743715 4.6
endloop
endfacet
facet normal 0 0 1
outer loop
vertex 150.84966411386839 -90.5432914190868 4.6
vertex 149.5786740307484 -90.11107441743715 4.6
vertex 149.80969883127744 -90.5432914190868 4.6
endloop
endfacet
facet normal 0 0 1
outer loop
vertex 107.42132596924442 -90.11107441743715 4.6
vertex 107.73223304703377 -89.7322330470456 4.6
vertex 106.49539281184245 -89.7322330470456 4.6
endloop
endfacet
facet normal 0 0 1
outer loop
vertex 107.42132596924442 -90.11107441743715 4.6
vertex 106.49539281184245 -89.7322330470456 4.6
vertex 106.2928978805884 -90.11107441743715 4.6
endloop
endfacet
facet normal 0 0 1
outer loop
vertex 112.70710211941162 -90.11107441743715 4.6
vertex 112.50460718815754 -89.7322330470456 4.6
vertex 111.26776695298109 -89.7322330470456 4.6
endloop
endfacet
facet normal 0 0 1
outer loop
vertex 112.70710211941162 -90.11107441743715 4.6
vertex 111.26776695298109 -89.7322330470456 4.6
vertex 111.57867403074862 -90.11107441743715 4.6
endloop
endfacet
facet normal 0 0 1
outer loop
vertex 145.42132596924384 -90.11107441743715 4.6
vertex 145.73223304703404 -89.7322330470456 4.6
vertex 144.4953928118425 -89.7322330470456 4.6
endloop
endfacet
facet normal 0 0 1
outer loop
vertex 145.42132596924384 -90.11107441743715 4.6
vertex 144.4953928118425 -89.7322330470456 4.6
vertex 144.2928978805884 -90.11107441743715 4.6
endloop
endfacet
facet normal 0 0 1
outer loop
vertex 150.70710211941153 -90.11107441743715 4.6
vertex 150.50460718815756 -89.7322330470456 4.6
vertex 149.26776695297966 -89.7322330470456 4.6
endloop
endfacet
facet normal 0 0 1
outer loop
vertex 150.70710211941153 -90.11107441743715 4.6
vertex 149.26776695297966 -89.7322330470456 4.6
vertex 149.5786740307484 -90.11107441743715 4.6
endloop
endfacet
facet normal 0 0 1
outer loop
vertex 107.73223304703377 -89.7322330470456 4.6
vertex 108.11107441744981 -89.42132596924293 4.6
vertex 106.69997357233429 -89.42132596924293 4.6
endloop
endfacet
facet normal 0 0 1
outer loop
vertex 107.73223304703377 -89.7322330470456 4.6
vertex 106.69997357233429 -89.42132596924293 4.6
vertex 106.58985635694111 -89.55550418443136 4.6
endloop
endfacet
facet normal 0 0 1
outer loop
vertex 107.73223304703377 -89.7322330470456 4.6
vertex 106.58985635694111 -89.55550418443136 4.6
vertex 106.49539281184245 -89.7322330470456 4.6
endloop
endfacet
facet normal 0 0 1
outer loop
vertex 112.50460718815754 -89.7322330470456 4.6
vertex 112.41014364305887 -89.55550418443136 4.6
vertex 112.3000264276657 -89.42132596924293 4.6
endloop
endfacet
facet normal 0 0 1
outer loop
vertex 112.50460718815754 -89.7322330470456 4.6
vertex 112.3000264276657 -89.42132596924293 4.6
vertex 110.8889255825467 -89.42132596924293 4.6
endloop
endfacet
facet normal 0 0 1
outer loop
vertex 112.50460718815754 -89.7322330470456 4.6
vertex 110.8889255825467 -89.42132596924293 4.6
vertex 111.26776695298109 -89.7322330470456 4.6
endloop
endfacet
facet normal 0 0 1
outer loop
vertex 145.73223304703404 -89.7322330470456 4.6
vertex 146.11107441744895 -89.42132596924293 4.6
vertex 144.69997357233416 -89.42132596924293 4.6
endloop
endfacet
facet normal 0 0 1
outer loop
vertex 145.73223304703404 -89.7322330470456 4.6
vertex 144.69997357233416 -89.42132596924293 4.6
vertex 144.58985635694103 -89.55550418443136 4.6
endloop
endfacet
facet normal 0 0 1
outer loop
vertex 145.73223304703404 -89.7322330470456 4.6
vertex 144.58985635694103 -89.55550418443136 4.6
vertex 144.4953928118425 -89.7322330470456 4.6
endloop
endfacet
facet normal 0 0 1
outer loop
vertex 150.50460718815756 -89.7322330470456 4.6
vertex 150.41014364305894 -89.55550418443136 4.6
vertex 150.30002642766573 -89.42132596924293 4.6
endloop
endfacet
facet normal 0 0 1
outer loop
vertex 150.50460718815756 -89.7322330470456 4.6
vertex 150.30002642766573 -89.42132596924293 4.6
vertex 148.88892558254688 -89.42132596924293 4.6
endloop
endfacet
facet normal 0 0 1
outer loop
vertex 150.50460718815756 -89.7322330470456 4.6
vertex 148.88892558254688 -89.42132596924293 4.6
vertex 149.26776695297966 -89.7322330470456 4.6
endloop
endfacet
facet normal 0 0 1
outer loop
vertex 108.11107441744981 -89.42132596924293 4.6
vertex 108.54329141908875 -89.19030116871822 4.6
vertex 106.88957072627527 -89.19030116871822 4.6
endloop
endfacet
facet normal 0 0 1
outer loop
vertex 108.11107441744981 -89.42132596924293 4.6
vertex 106.88957072627527 -89.19030116871822 4.6
vertex 106.69997357233429 -89.42132596924293 4.6
endloop
endfacet
facet normal 0 0 1
outer loop
vertex 112.3000264276657 -89.42132596924293 4.6
vertex 112.11042927372473 -89.19030116871822 4.6
vertex 110.45670858090482 -89.19030116871822 4.6
endloop
endfacet
facet normal 0 0 1
outer loop
vertex 112.3000264276657 -89.42132596924293 4.6
vertex 110.45670858090482 -89.19030116871822 4.6
vertex 110.8889255825467 -89.42132596924293 4.6
endloop
endfacet
facet normal 0 0 1
outer loop
vertex 146.11107441744895 -89.42132596924293 4.6
vertex 146.54329141908906 -89.19030116871822 4.6
vertex 144.8895707262751 -89.19030116871822 4.6
endloop
endfacet
facet normal 0 0 1
outer loop
vertex 146.11107441744895 -89.42132596924293 4.6
vertex 144.8895707262751 -89.19030116871822 4.6
vertex 144.69997357233416 -89.42132596924293 4.6
endloop
endfacet
facet normal 0 0 1
outer loop
vertex 150.30002642766573 -89.42132596924293 4.6
vertex 150.11042927372475 -89.19030116871822 4.6
vertex 148.45670858090514 -89.19030116871822 4.6
endloop
endfacet
facet normal 0 0 1
outer loop
vertex 150.30002642766573 -89.42132596924293 4.6
vertex 148.45670858090514 -89.19030116871822 4.6
vertex 148.88892558254688 -89.42132596924293 4.6
endloop
endfacet
facet normal 0 0 1
outer loop
vertex 108.54329141908875 -89.19030116871822 4.6
vertex 109.01227419495967 -89.0480367989925 4.6
vertex 107.00632407720907 -89.0480367989925 4.6
endloop
endfacet
facet normal 0 0 1
outer loop
vertex 108.54329141908875 -89.19030116871822 4.6
vertex 107.00632407720907 -89.0480367989925 4.6
vertex 106.88957072627527 -89.19030116871822 4.6
endloop
endfacet
facet normal 0 0 1
outer loop
vertex 112.11042927372473 -89.19030116871822 4.6
vertex 111.99367592279094 -89.0480367989925 4.6
vertex 109.98772580504789 -89.0480367989925 4.6
endloop
endfacet
facet normal 0 0 1
outer loop
vertex 112.11042927372473 -89.19030116871822 4.6
vertex 109.98772580504789 -89.0480367989925 4.6
vertex 110.45670858090482 -89.19030116871822 4.6
endloop
endfacet
facet normal 0 0 1
outer loop
vertex 146.54329141908906 -89.19030116871822 4.6
vertex 147.01227419495842 -89.0480367989925 4.6
vertex 145.00632407720897 -89.0480367989925 4.6
endloop
endfacet
facet normal 0 0 1
outer loop
vertex 146.54329141908906 -89.19030116871822 4.6
vertex 145.00632407720897 -89.0480367989925 4.6
vertex 144.8895707262751 -89.19030116871822 4.6
endloop
endfacet
facet normal 0 0 1
outer loop
vertex 150.11042927372475 -89.19030116871822 4.6
vertex 149.99367592279094 -89.0480367989925 4.6
vertex 147.98772580504635 -89.0480367989925 4.6
endloop
endfacet
facet normal 0 0 1
outer loop
vertex 150.11042927372475 -89.19030116871822 4.6
vertex 147.98772580504635 -89.0480367989925 4.6
vertex 148.45670858090514 -89.19030116871822 4.6
endloop
endfacet
facet normal 0 0 1
outer loop
vertex 109.01227419495967 -89.0480367989925 4.6
vertex 109.49999999999878 -89 4.6
vertex 107.05574270936654 -89 4.6
endloop
endfacet
facet normal 0 0 1
outer loop
vertex 109.01227419495967 -89.0480367989925 4.6
vertex 107.05574270936654 -89 4.6
vertex 107.02512626584708 -89.02512626584708 4.6
endloop
endfacet
facet normal 0 0 1
outer loop
vertex 109.01227419495967 -89.0480367989925 4.6
vertex 107.02512626584708 -89.02512626584708 4.6
vertex 107.00632407720907 -89.0480367989925 4.6
endloop
endfacet
facet normal 0 0 1
outer loop
vertex 111.99367592279094 -89.0480367989925 4.6
vertex 111.97487373415294 -89.02512626584708 4.6
vertex 111.94425729063347 -89 4.6
endloop
endfacet
facet normal 0 0 1
outer loop
vertex 111.99367592279094 -89.0480367989925 4.6
vertex 111.94425729063347 -89 4.6
vertex 109.49999999999878 -89 4.6
endloop
endfacet
facet normal 0 0 1
outer loop
vertex 111.99367592279094 -89.0480367989925 4.6
vertex 109.49999999999878 -89 4.6
vertex 109.98772580504789 -89.0480367989925 4.6
endloop
endfacet
facet normal 0 0 1
outer loop
vertex 147.01227419495842 -89.0480367989925 4.6
vertex 147.5000000000005 -89 4.6
vertex 145.05574270936648 -89 4.6
endloop
endfacet
facet normal 0 0 1
outer loop
vertex 147.01227419495842 -89.0480367989925 4.6
vertex 145.05574270936648 -89 4.6
vertex 145.02512626584698 -89.02512626584708 4.6
endloop
endfacet
facet normal 0 0 1
outer loop
vertex 147.01227419495842 -89.0480367989925 4.6
vertex 145.02512626584698 -89.02512626584708 4.6
vertex 145.00632407720897 -89.0480367989925 4.6
endloop
endfacet
facet normal 0 0 1
outer loop
vertex 149.99367592279094 -89.0480367989925 4.6
vertex 149.97487373415294 -89.02512626584708 4.6
vertex 149.9442572906334 -89 4.6
endloop
endfacet
facet normal 0 0 1
outer loop
vertex 149.99367592279094 -89.0480367989925 4.6
vertex 149.9442572906334 -89 4.6
vertex 147.5000000000005 -89 4.6
endloop
endfacet
facet normal 0 0 1
outer loop
vertex 149.99367592279094 -89.0480367989925 4.6
vertex 147.5000000000005 -89 4.6
vertex 147.98772580504635 -89.0480367989925 4.6
endloop
endfacet
facet normal 0 0 1
outer loop
vertex 109.49999999999878 -89 4.6
vertex 111.94425729063347 -89 4.6
vertex 111.44449581556864 -88.58985635694111 4.6
endloop
endfacet
facet normal 0 0 1
outer loop
vertex 109.49999999999878 -89 4.6
vertex 111.44449581556864 -88.58985635694111 4.6
vertex 110.83939201327783 -88.2664216362105 4.6
endloop
endfacet
facet normal 0 0 1
outer loop
vertex 109.49999999999878 -89 4.6
vertex 110.83939201327783 -88.2664216362105 4.6
vertex 110.18281612705651 -88.0672515185887 4.6
endloop
endfacet
facet normal 0 0 1
outer loop
vertex 109.49999999999878 -89 4.6
vertex 110.18281612705651 -88.0672515185887 4.6
vertex 109.49999999999999 -88.00000000000001 4.6
endloop
endfacet
facet normal 0 0 1
outer loop
vertex 109.49999999999878 -89 4.6
vertex 109.49999999999999 -88.00000000000001 4.6
vertex 108.81718387294349 -88.0672515185887 4.6
endloop
endfacet
facet normal 0 0 1
outer loop
vertex 109.49999999999878 -89 4.6
vertex 108.81718387294349 -88.0672515185887 4.6
vertex 108.16060798672225 -88.2664216362105 4.6
endloop
endfacet
facet normal 0 0 1
outer loop
vertex 109.49999999999878 -89 4.6
vertex 108.16060798672225 -88.2664216362105 4.6
vertex 107.55550418443137 -88.58985635694111 4.6
endloop
endfacet
facet normal 0 0 1
outer loop
vertex 109.49999999999878 -89 4.6
vertex 107.55550418443137 -88.58985635694111 4.6
vertex 107.05574270936654 -89 4.6
endloop
endfacet
facet normal 0 0 1
outer loop
vertex 147.5000000000005 -89 4.6
vertex 149.9442572906334 -89 4.6
vertex 149.44449581556856 -88.58985635694111 4.6
endloop
endfacet
facet normal 0 0 1
outer loop
vertex 147.5000000000005 -89 4.6
vertex 149.44449581556856 -88.58985635694111 4.6
vertex 148.83939201327783 -88.2664216362105 4.6
endloop
endfacet
facet normal 0 0 1
outer loop
vertex 147.5000000000005 -89 4.6
vertex 148.83939201327783 -88.2664216362105 4.6
vertex 148.18281612705655 -88.0672515185887 4.6
endloop
endfacet
facet normal 0 0 1
outer loop
vertex 147.5000000000005 -89 4.6
vertex 148.18281612705655 -88.0672515185887 4.6
vertex 147.49999999999994 -88.00000000000001 4.6
endloop
endfacet
facet normal 0 0 1
outer loop
vertex 147.5000000000005 -89 4.6
vertex 147.49999999999994 -88.00000000000001 4.6
vertex 146.81718387294347 -88.0672515185887 4.6
endloop
endfacet
facet normal 0 0 1
outer loop
vertex 147.5000000000005 -89 4.6
vertex 146.81718387294347 -88.0672515185887 4.6
vertex 146.16060798672237 -88.2664216362105 4.6
endloop
endfacet
facet normal 0 0 1
outer loop
vertex 147.5000000000005 -89 4.6
vertex 146.16060798672237 -88.2664216362105 4.6
vertex 145.55550418443138 -88.58985635694111 4.6
endloop
endfacet
facet normal 0 0 1
outer loop
vertex 147.5000000000005 -89 4.6
vertex 145.55550418443138 -88.58985635694111 4.6
vertex 145.05574270936648 -89 4.6
endloop
endfacet
facet normal 0 0 -1
outer loop
vertex 112.99999999999999 -91.49999999999984 4.6
vertex 112.95196320100797 -91.98772580504658 4.6
vertex 112.93274848141131 -92.18281612705646 4.6
endloop
endfacet
facet normal 0 0 -1
outer loop
vertex 112.99999999999999 -91.49999999999984 4.6
vertex 112.93274848141131 -92.18281612705646 4.6
vertex 112.93274848141137 -92.1828161270529 1.5
endloop
endfacet
facet normal 0 0 -1
outer loop
vertex 112.99999999999999 -91.49999999999984 4.6
vertex 112.93274848141137 -92.1828161270529 1.5
vertex 112.99999999999972 -91.49999999999979 1.5
endloop
endfacet
facet normal 0 0 -1
outer loop
vertex 112.93274848141127 -90.8171838729434 4.6
vertex 112.95196320100845 -91.01227419496273 4.6
vertex 112.99999999999999 -91.49999999999984 4.6
endloop
endfacet
facet normal 0 0 -1
outer loop
vertex 112.93274848141127 -90.8171838729434 4.6
vertex 112.99999999999999 -91.49999999999984 4.6
vertex 112.99999999999972 -91.49999999999979 1.5
endloop
endfacet
facet normal 0 0 -1
outer loop
vertex 112.93274848141127 -90.8171838729434 4.6
vertex 112.99999999999972 -91.49999999999979 1.5
vertex 112.93274848141252 -90.81718387294922 1.5
endloop
endfacet
facet normal 0 0 1
outer loop
vertex 112.73357836378952 -90.16060798672223 4.6
vertex 112.84966411386843 -90.5432914190868 4.6
vertex 112.93274848141127 -90.8171838729434 4.6
endloop
endfacet
facet normal 0 0 1
outer loop
vertex 112.73357836378952 -90.16060798672223 4.6
vertex 112.93274848141127 -90.8171838729434 4.6
vertex 112.93274848141252 -90.81718387294922 1.5
endloop
endfacet
facet normal 0 0 1
outer loop
vertex 112.73357836378952 -90.16060798672223 4.6
vertex 112.93274848141252 -90.81718387294922 1.5
vertex 112.73357836378561 -90.16060798671101 1.5
endloop
endfacet
facet normal 0 0 1
outer loop
vertex 112.41014364305887 -89.55550418443136 4.6
vertex 112.50460718815754 -89.7322330470456 4.6
vertex 112.70710211941162 -90.11107441743715 4.6
endloop
endfacet
facet normal 0 0 1
outer loop
vertex 112.41014364305887 -89.55550418443136 4.6
vertex 112.70710211941162 -90.11107441743715 4.6
vertex 112.73357836378952 -90.16060798672223 4.6
endloop
endfacet
facet normal 0 0 1
outer loop
vertex 112.41014364305887 -89.55550418443136 4.6
vertex 112.73357836378952 -90.16060798672223 4.6
vertex 112.73357836378561 -90.16060798671101 1.5
endloop
endfacet
facet normal 0 0 1
outer loop
vertex 112.41014364305887 -89.55550418443136 4.6
vertex 112.73357836378561 -90.16060798671101 1.5
vertex 112.41014364306693 -89.55550418444257 1.5
endloop
endfacet
facet normal 0 0 1
outer loop
vertex 111.97487373415294 -89.02512626584708 4.6
vertex 111.99367592279094 -89.0480367989925 4.6
vertex 112.11042927372473 -89.19030116871822 4.6
endloop
endfacet
facet normal 0 0 1
outer loop
vertex 111.97487373415294 -89.02512626584708 4.6
vertex 112.11042927372473 -89.19030116871822 4.6
vertex 112.3000264276657 -89.42132596924293 4.6
endloop
endfacet
facet normal 0 0 1
outer loop
vertex 111.97487373415294 -89.02512626584708 4.6
vertex 112.3000264276657 -89.42132596924293 4.6
vertex 112.41014364305887 -89.55550418443136 4.6
endloop
endfacet
facet normal 0 0 1
outer loop
vertex 111.97487373415294 -89.02512626584708 4.6
vertex 112.41014364305887 -89.55550418443136 4.6
vertex 112.41014364306693 -89.55550418444257 1.5
endloop
endfacet
facet normal 0 0 1
outer loop
vertex 111.97487373415294 -89.02512626584708 4.6
vertex 112.41014364306693 -89.55550418444257 1.5
vertex 111.97487373415096 -89.02512626584608 1.5
endloop
endfacet
facet normal 0 0 -1
outer loop
vertex 111.44449581556864 -88.58985635694111 4.6
vertex 111.94425729063347 -89 4.6
vertex 111.97487373415294 -89.02512626584708 4.6
endloop
endfacet
facet normal 0 0 -1
outer loop
vertex 111.44449581556864 -88.58985635694111 4.6
vertex 111.97487373415294 -89.02512626584708 4.6
vertex 111.97487373415096 -89.02512626584608 1.5
endloop
endfacet
facet normal 0 0 -1
outer loop
vertex 111.44449581556864 -88.58985635694111 4.6
vertex 111.97487373415096 -89.02512626584608 1.5
vertex 111.4444958155748 -88.58985635694715 1.5
endloop
endfacet
facet normal 0.4713967368259909 0.8819212643483587 0
outer loop
vertex 110.83939201327783 -88.2664216362105 4.6
vertex 111.44449581556864 -88.58985635694111 4.6
vertex 111.4444958155748 -88.58985635694715 1.5
endloop
endfacet
facet normal 0.4713967368259909 0.8819212643483587 0
outer loop
vertex 110.83939201327783 -88.2664216362105 4.6
vertex 111.4444958155748 -88.58985635694715 1.5
vertex 110.83939201327786 -88.26642163621327 1.5
endloop
endfacet
facet normal 0.29028467725448986 0.9569403357322005 0
outer loop
vertex 110.18281612705651 -88.0672515185887 4.6
vertex 110.83939201327783 -88.2664216362105 4.6
vertex 110.83939201327786 -88.26642163621327 1.5
endloop
endfacet
facet normal 0.29028467725448986 0.9569403357322005 0
outer loop
vertex 110.18281612705651 -88.0672515185887 4.6
vertex 110.83939201327786 -88.26642163621327 1.5
vertex 110.1828161270435 -88.06725151858751 1.5
endloop
endfacet
facet normal 0.09801714032955997 0.9951847266721969 0
outer loop
vertex 109.49999999999999 -88.00000000000001 4.6
vertex 110.18281612705651 -88.0672515185887 4.6
vertex 110.1828161270435 -88.06725151858751 1.5
endloop
endfacet
facet normal 0.09801714032955997 0.9951847266721969 0
outer loop
vertex 109.49999999999999 -88.00000000000001 4.6
vertex 110.1828161270435 -88.06725151858751 1.5
vertex 109.49999999999716 -87.99999999999982 1.5
endloop
endfacet
facet normal -0.09801714032954582 0.9951847266721984 0
outer loop
vertex 108.81718387294349 -88.0672515185887 4.6
vertex 109.49999999999999 -88.00000000000001 4.6
vertex 109.49999999999716 -87.99999999999982 1.5
endloop
endfacet
facet normal -0.09801714032954582 0.9951847266721984 0
outer loop
vertex 108.81718387294349 -88.0672515185887 4.6
vertex 109.49999999999716 -87.99999999999982 1.5
vertex 108.81718387294528 -88.06725151858751 1.5
endloop
endfacet
facet normal -0.2902846772544479 0.9569403357322133 0
outer loop
vertex 108.16060798672225 -88.2664216362105 4.6
vertex 108.81718387294349 -88.0672515185887 4.6
vertex 108.81718387294528 -88.06725151858751 1.5
endloop
endfacet
facet normal -0.2902846772544479 0.9569403357322133 0
outer loop
vertex 108.16060798672225 -88.2664216362105 4.6
vertex 108.81718387294528 -88.06725151858751 1.5
vertex 108.16060798672123 -88.26642163621327 1.5
endloop
endfacet
facet normal -0.4713967368259944 0.8819212643483568 0
outer loop
vertex 107.55550418443137 -88.58985635694111 4.6
vertex 108.16060798672225 -88.2664216362105 4.6
vertex 108.16060798672123 -88.26642163621327 1.5
endloop
endfacet
facet normal -0.4713967368259944 0.8819212643483568 0
outer loop
vertex 107.55550418443137 -88.58985635694111 4.6
vertex 108.16060798672123 -88.26642163621327 1.5
vertex 107.55550418443198 -88.58985635694715 1.5
endloop
endfacet
facet normal 0 0 -1
outer loop
vertex 107.02512626584708 -89.02512626584708 4.6
vertex 107.05574270936654 -89 4.6
vertex 107.55550418443137 -88.58985635694111 4.6
endloop
endfacet
facet normal 0 0 -1
outer loop
vertex 107.02512626584708 -89.02512626584708 4.6
vertex 107.55550418443137 -88.58985635694111 4.6
vertex 107.55550418443198 -88.58985635694715 1.5
endloop
endfacet
facet normal 0 0 -1
outer loop
vertex 107.02512626584708 -89.02512626584708 4.6
vertex 107.55550418443198 -88.58985635694715 1.5
vertex 107.02512626584806 -89.02512626584608 1.5
endloop
endfacet
facet normal 0 0 -1
outer loop
vertex 106.58985635694111 -89.55550418443136 4.6
vertex 106.69997357233429 -89.42132596924293 4.6
vertex 106.88957072627527 -89.19030116871822 4.6
endloop
endfacet
facet normal 0 0 -1
outer loop
vertex 106.58985635694111 -89.55550418443136 4.6
vertex 106.88957072627527 -89.19030116871822 4.6
vertex 107.00632407720907 -89.0480367989925 4.6
endloop
endfacet
facet normal 0 0 -1
outer loop
vertex 106.58985635694111 -89.55550418443136 4.6
vertex 107.00632407720907 -89.0480367989925 4.6
vertex 107.02512626584708 -89.02512626584708 4.6
endloop
endfacet
facet normal 0 0 -1
outer loop
vertex 106.58985635694111 -89.55550418443136 4.6
vertex 107.02512626584708 -89.02512626584708 4.6
vertex 107.02512626584806 -89.02512626584608 1.5
endloop
endfacet
facet normal 0 0 -1
outer loop
vertex 106.58985635694111 -89.55550418443136 4.6
vertex 107.02512626584806 -89.02512626584608 1.5
vertex 106.58985635694117 -89.55550418444257 1.5
endloop
endfacet
facet normal 0 0 -1
outer loop
vertex 106.2664216362105 -90.16060798672223 4.6
vertex 106.2928978805884 -90.11107441743715 4.6
vertex 106.49539281184245 -89.7322330470456 4.6
endloop
endfacet
facet normal 0 0 -1
outer loop
vertex 106.2664216362105 -90.16060798672223 4.6
vertex 106.49539281184245 -89.7322330470456 4.6
vertex 106.58985635694111 -89.55550418443136 4.6
endloop
endfacet
facet normal 0 0 -1
outer loop
vertex 106.2664216362105 -90.16060798672223 4.6
vertex 106.58985635694111 -89.55550418443136 4.6
vertex 106.58985635694117 -89.55550418444257 1.5
endloop
endfacet
facet normal 0 0 -1
outer loop
vertex 106.2664216362105 -90.16060798672223 4.6
vertex 106.58985635694117 -89.55550418444257 1.5
vertex 106.26642163621092 -90.16060798671101 1.5
endloop
endfacet
facet normal 0 0 1
outer loop
vertex 106.06725151858866 -90.8171838729434 4.6
vertex 106.15033588613157 -90.5432914190868 4.6
vertex 106.2664216362105 -90.16060798672223 4.6
endloop
endfacet
facet normal 0 0 1
outer loop
vertex 106.06725151858866 -90.8171838729434 4.6
vertex 106.2664216362105 -90.16060798672223 4.6
vertex 106.26642163621092 -90.16060798671101 1.5
endloop
endfacet
facet normal 0 0 1
outer loop
vertex 106.06725151858866 -90.8171838729434 4.6
vertex 106.26642163621092 -90.16060798671101 1.5
vertex 106.06725151858876 -90.81718387294922 1.5
endloop
endfacet
facet normal 0 0 -1
outer loop
vertex 105.99999999999999 -91.49999999999984 4.6
vertex 106.04803679899149 -91.01227419496273 4.6
vertex 106.06725151858866 -90.8171838729434 4.6
endloop
endfacet
facet normal 0 0 -1
outer loop
vertex 105.99999999999999 -91.49999999999984 4.6
vertex 106.06725151858866 -90.8171838729434 4.6
vertex 106.06725151858876 -90.81718387294922 1.5
endloop
endfacet
facet normal 0 0 -1
outer loop
vertex 105.99999999999999 -91.49999999999984 4.6
vertex 106.06725151858876 -90.81718387294922 1.5
vertex 106.0000000000007 -91.49999999999979 1.5
endloop
endfacet
facet normal 0 0 -1
outer loop
vertex 106.06725151858868 -92.18281612705646 4.6
vertex 106.04803679899202 -91.98772580504658 4.6
vertex 105.99999999999999 -91.49999999999984 4.6
endloop
endfacet
facet normal 0 0 -1
outer loop
vertex 106.06725151858868 -92.18281612705646 4.6
vertex 105.99999999999999 -91.49999999999984 4.6
vertex 106.0000000000007 -91.49999999999979 1.5
endloop
endfacet
facet normal 0 0 -1
outer loop
vertex 106.06725151858868 -92.18281612705646 4.6
vertex 106.0000000000007 -91.49999999999979 1.5
vertex 106.06725151858998 -92.1828161270529 1.5
endloop
endfacet
facet normal 0 0 -1
outer loop
vertex 106.26642163621051 -92.83939201327769 4.6
vertex 106.15033588612917 -92.45670858090897 4.6
vertex 106.06725151858868 -92.18281612705646 4.6
endloop
endfacet
facet normal 0 0 -1
outer loop
vertex 106.26642163621051 -92.83939201327769 4.6
vertex 106.06725151858868 -92.18281612705646 4.6
vertex 106.06725151858998 -92.1828161270529 1.5
endloop
endfacet
facet normal 0 0 -1
outer loop
vertex 106.26642163621051 -92.83939201327769 4.6
vertex 106.06725151858998 -92.1828161270529 1.5
vertex 106.26642163621143 -92.83939201328475 1.5
endloop
endfacet
facet normal 0 0 -1
outer loop
vertex 106.58985635694108 -93.44449581556871 4.6
vertex 106.49539281183387 -93.26776695296373 4.6
vertex 106.29289788058979 -92.8889255825494 4.6
endloop
endfacet
facet normal 0 0 -1
outer loop
vertex 106.58985635694108 -93.44449581556871 4.6
vertex 106.29289788058979 -92.8889255825494 4.6
vertex 106.26642163621051 -92.83939201327769 4.6
endloop
endfacet
facet normal 0 0 -1
outer loop
vertex 106.58985635694108 -93.44449581556871 4.6
vertex 106.26642163621051 -92.83939201327769 4.6
vertex 106.26642163621143 -92.83939201328475 1.5
endloop
endfacet
facet normal 0 0 -1
outer loop
vertex 106.58985635694108 -93.44449581556871 4.6
vertex 106.26642163621143 -92.83939201328475 1.5
vertex 106.58985635694077 -93.44449581556658 1.5
endloop
endfacet
facet normal 0 0 -1
outer loop
vertex 107.02512626584709 -93.97487373415291 4.6
vertex 107.00632407720747 -93.9519632010073 4.6
vertex 106.88957072628777 -93.80969883128334 4.6
endloop
endfacet
facet normal 0 0 -1
outer loop
vertex 107.02512626584709 -93.97487373415291 4.6
vertex 106.88957072628777 -93.80969883128334 4.6
vertex 106.69997357234013 -93.57867403075873 4.6
endloop
endfacet
facet normal 0 0 -1
outer loop
vertex 107.02512626584709 -93.97487373415291 4.6
vertex 106.69997357234013 -93.57867403075873 4.6
vertex 106.58985635694108 -93.44449581556871 4.6
endloop
endfacet
facet normal 0 0 -1
outer loop
vertex 107.02512626584709 -93.97487373415291 4.6
vertex 106.58985635694108 -93.44449581556871 4.6
vertex 106.58985635694077 -93.44449581556658 1.5
endloop
endfacet
facet normal 0 0 -1
outer loop
vertex 107.02512626584709 -93.97487373415291 4.6
vertex 106.58985635694077 -93.44449581556658 1.5
vertex 107.02512626583705 -93.9748737341534 1.5
endloop
endfacet
facet normal 0 0 -1
outer loop
vertex 107.55550418443146 -94.41014364305894 4.6
vertex 107.0557427093667 -94.00000000000006 4.6
vertex 107.02512626584709 -93.97487373415291 4.6
endloop
endfacet
facet normal 0 0 -1
outer loop
vertex 107.55550418443146 -94.41014364305894 4.6
vertex 107.02512626584709 -93.97487373415291 4.6
vertex 107.02512626583705 -93.9748737341534 1.5
endloop
endfacet
facet normal 0 0 -1
outer loop
vertex 107.55550418443146 -94.41014364305894 4.6
vertex 107.02512626583705 -93.9748737341534 1.5
vertex 107.55550418443752 -94.4101436430627 1.5
endloop
endfacet
facet normal -0.4713967368260365 -0.8819212643483344 0
outer loop
vertex 108.16060798672217 -94.7335783637895 4.6
vertex 107.55550418443146 -94.41014364305894 4.6
vertex 107.55550418443752 -94.4101436430627 1.5
endloop
endfacet
facet normal -0.4713967368260365 -0.8819212643483344 0
outer loop
vertex 108.16060798672217 -94.7335783637895 4.6
vertex 107.55550418443752 -94.4101436430627 1.5
vertex 108.16060798673215 -94.73357836379535 1.5
endloop
endfacet
facet normal -0.29028467725447593 -0.9569403357322048 0
outer loop
vertex 108.81718387294354 -94.93274848141131 4.6
vertex 108.16060798672217 -94.7335783637895 4.6
vertex 108.16060798673215 -94.73357836379535 1.5
endloop
endfacet
facet normal -0.29028467725447593 -0.9569403357322048 0
outer loop
vertex 108.81718387294354 -94.93274848141131 4.6
vertex 108.16060798673215 -94.73357836379535 1.5
vertex 108.81718387293057 -94.9327484814102 1.5
endloop
endfacet
facet normal -0.09801714032957415 -0.9951847266721956 0
outer loop
vertex 109.49999999999993 -95 4.6
vertex 108.81718387294354 -94.93274848141131 4.6
vertex 108.81718387293057 -94.9327484814102 1.5
endloop
endfacet
facet normal -0.09801714032957415 -0.9951847266721956 0
outer loop
vertex 109.49999999999993 -95 4.6
vertex 108.81718387293057 -94.9327484814102 1.5
vertex 109.49999999999785 -94.99999999999997 1.5
endloop
endfacet
facet normal 0.09801714032957415 -0.9951847266721956 0
outer loop
vertex 110.18281612705643 -94.93274848141131 4.6
vertex 109.49999999999993 -95 4.6
vertex 109.49999999999785 -94.99999999999997 1.5
endloop
endfacet
facet normal 0.09801714032957415 -0.9951847266721956 0
outer loop
vertex 110.18281612705643 -94.93274848141131 4.6
vertex 109.49999999999785 -94.99999999999997 1.5
vertex 110.18281612706524 -94.9327484814102 1.5
endloop
endfacet
facet normal 0.2902846772544629 -0.9569403357322087 0
outer loop
vertex 110.83939201327783 -94.7335783637895 4.6
vertex 110.18281612705643 -94.93274848141131 4.6
vertex 110.18281612706524 -94.9327484814102 1.5
endloop
endfacet
facet normal 0.2902846772544629 -0.9569403357322087 0
outer loop
vertex 110.83939201327783 -94.7335783637895 4.6
vertex 110.18281612706524 -94.9327484814102 1.5
vertex 110.83939201325946 -94.73357836379535 1.5
endloop
endfacet
facet normal 0.47139673682598043 -0.8819212643483643 0
outer loop
vertex 111.44449581556857 -94.41014364305894 4.6
vertex 110.83939201327783 -94.7335783637895 4.6
vertex 110.83939201325946 -94.73357836379535 1.5
endloop
endfacet
facet normal 0.47139673682598043 -0.8819212643483643 0
outer loop
vertex 111.44449581556857 -94.41014364305894 4.6
vertex 110.83939201325946 -94.73357836379535 1.5
vertex 111.44449581556727 -94.4101436430627 1.5
endloop
endfacet
facet normal 0 0 1
outer loop
vertex 111.97487373415294 -93.97487373415291 4.6
vertex 111.94425729063332 -94.00000000000006 4.6
vertex 111.44449581556857 -94.41014364305894 4.6
endloop
endfacet
facet normal 0 0 1
outer loop
vertex 111.97487373415294 -93.97487373415291 4.6
vertex 111.44449581556857 -94.41014364305894 4.6
vertex 111.44449581556727 -94.4101436430627 1.5
endloop
endfacet
facet normal 0 0 1
outer loop
vertex 111.97487373415294 -93.97487373415291 4.6
vertex 111.44449581556727 -94.4101436430627 1.5
vertex 111.97487373415251 -93.9748737341534 1.5
endloop
endfacet
facet normal 0 0 1
outer loop
vertex 112.4101436430588 -93.44449581556871 4.6
vertex 112.30002642765983 -93.57867403075873 4.6
vertex 112.11042927371224 -93.80969883128334 4.6
endloop
endfacet
facet normal 0 0 1
outer loop
vertex 112.4101436430588 -93.44449581556871 4.6
vertex 112.11042927371224 -93.80969883128334 4.6
vertex 111.99367592279255 -93.9519632010073 4.6
endloop
endfacet
facet normal 0 0 1
outer loop
vertex 112.4101436430588 -93.44449581556871 4.6
vertex 111.99367592279255 -93.9519632010073 4.6
vertex 111.97487373415294 -93.97487373415291 4.6
endloop
endfacet
facet normal 0 0 1
outer loop
vertex 112.4101436430588 -93.44449581556871 4.6
vertex 111.97487373415294 -93.97487373415291 4.6
vertex 111.97487373415251 -93.9748737341534 1.5
endloop
endfacet
facet normal 0 0 1
outer loop
vertex 112.4101436430588 -93.44449581556871 4.6
vertex 111.97487373415251 -93.9748737341534 1.5
vertex 112.41014364306054 -93.44449581556658 1.5
endloop
endfacet
facet normal 0 0 1
outer loop
vertex 112.73357836378955 -92.83939201327769 4.6
vertex 112.70710211941025 -92.8889255825494 4.6
vertex 112.50460718816606 -93.26776695296373 4.6
endloop
endfacet
facet normal 0 0 1
outer loop
vertex 112.73357836378955 -92.83939201327769 4.6
vertex 112.50460718816606 -93.26776695296373 4.6
vertex 112.4101436430588 -93.44449581556871 4.6
endloop
endfacet
facet normal 0 0 1
outer loop
vertex 112.73357836378955 -92.83939201327769 4.6
vertex 112.4101436430588 -93.44449581556871 4.6
vertex 112.41014364306054 -93.44449581556658 1.5
endloop
endfacet
facet normal 0 0 1
outer loop
vertex 112.73357836378955 -92.83939201327769 4.6
vertex 112.41014364306054 -93.44449581556658 1.5
vertex 112.73357836378635 -92.83939201328475 1.5
endloop
endfacet
facet normal 0 0 -1
outer loop
vertex 112.93274848141131 -92.18281612705646 4.6
vertex 112.84966411387083 -92.45670858090897 4.6
vertex 112.73357836378955 -92.83939201327769 4.6
endloop
endfacet
facet normal 0 0 -1
outer loop
vertex 112.93274848141131 -92.18281612705646 4.6
vertex 112.73357836378955 -92.83939201327769 4.6
vertex 112.73357836378635 -92.83939201328475 1.5
endloop
endfacet
facet normal 0 0 -1
outer loop
vertex 112.93274848141131 -92.18281612705646 4.6
vertex 112.73357836378635 -92.83939201328475 1.5
vertex 112.93274848141137 -92.1828161270529 1.5
endloop
endfacet
facet normal 0 0 -1
outer loop
vertex 151 -91.49999999999984 4.6
vertex 150.95196320100794 -91.98772580504658 4.6
vertex 150.93274848141127 -92.18281612705646 4.6
endloop
endfacet
facet normal 0 0 -1
outer loop
vertex 151 -91.49999999999984 4.6
vertex 150.93274848141127 -92.18281612705646 4.6
vertex 150.9327484814114 -92.1828161270529 1.5
endloop
endfacet
facet normal 0 0 -1
outer loop
vertex 151 -91.49999999999984 4.6
vertex 150.9327484814114 -92.1828161270529 1.5
vertex 151.0000000000003 -91.49999999999979 1.5
endloop
endfacet
facet normal 0 0 -1
outer loop
vertex 150.9327484814113 -90.8171838729434 4.6
vertex 150.95196320100848 -91.01227419496273 4.6
vertex 151 -91.49999999999984 4.6
endloop
endfacet
facet normal 0 0 -1
outer loop
vertex 150.9327484814113 -90.8171838729434 4.6
vertex 151 -91.49999999999984 4.6
vertex 151.0000000000003 -91.49999999999979 1.5
endloop
endfacet
facet normal 0 0 -1
outer loop
vertex 150.9327484814113 -90.8171838729434 4.6
vertex 151.0000000000003 -91.49999999999979 1.5
vertex 150.93274848141164 -90.81718387294922 1.5
endloop
endfacet
facet normal 0 0 1
outer loop
vertex 150.7335783637894 -90.16060798672223 4.6
vertex 150.84966411386839 -90.5432914190868 4.6
vertex 150.9327484814113 -90.8171838729434 4.6
endloop
endfacet
facet normal 0 0 1
outer loop
vertex 150.7335783637894 -90.16060798672223 4.6
vertex 150.9327484814113 -90.8171838729434 4.6
vertex 150.93274848141164 -90.81718387294922 1.5
endloop
endfacet
facet normal 0 0 1
outer loop
vertex 150.7335783637894 -90.16060798672223 4.6
vertex 150.93274848141164 -90.81718387294922 1.5
vertex 150.73357836378574 -90.16060798671101 1.5
endloop
endfacet
facet normal 0 0 1
outer loop
vertex 150.41014364305894 -89.55550418443136 4.6
vertex 150.50460718815756 -89.7322330470456 4.6
vertex 150.70710211941153 -90.11107441743715 4.6
endloop
endfacet
facet normal 0 0 1
outer loop
vertex 150.41014364305894 -89.55550418443136 4.6
vertex 150.70710211941153 -90.11107441743715 4.6
vertex 150.7335783637894 -90.16060798672223 4.6
endloop
endfacet
facet normal 0 0 1
outer loop
vertex 150.41014364305894 -89.55550418443136 4.6
vertex 150.7335783637894 -90.16060798672223 4.6
vertex 150.73357836378574 -90.16060798671101 1.5
endloop
endfacet
facet normal 0 0 1
outer loop
vertex 150.41014364305894 -89.55550418443136 4.6
vertex 150.73357836378574 -90.16060798671101 1.5
vertex 150.41014364306616 -89.55550418444257 1.5
endloop
endfacet
facet normal 0 0 1
outer loop
vertex 149.97487373415294 -89.02512626584708 4.6
vertex 149.99367592279094 -89.0480367989925 4.6
vertex 150.11042927372475 -89.19030116871822 4.6
endloop
endfacet
facet normal 0 0 1
outer loop
vertex 149.97487373415294 -89.02512626584708 4.6
vertex 150.11042927372475 -89.19030116871822 4.6
vertex 150.30002642766573 -89.42132596924293 4.6
endloop
endfacet
facet normal 0 0 1
outer loop
vertex 149.97487373415294 -89.02512626584708 4.6
vertex 150.30002642766573 -89.42132596924293 4.6
vertex 150.41014364305894 -89.55550418443136 4.6
endloop
endfacet
facet normal 0 0 1
outer loop
vertex 149.97487373415294 -89.02512626584708 4.6
vertex 150.41014364305894 -89.55550418443136 4.6
vertex 150.41014364306616 -89.55550418444257 1.5
endloop
endfacet
facet normal 0 0 1
outer loop
vertex 149.97487373415294 -89.02512626584708 4.6
vertex 150.41014364306616 -89.55550418444257 1.5
vertex 149.97487373414862 -89.02512626584608 1.5
endloop
endfacet
facet normal 0 0 1
outer loop
vertex 149.44449581556856 -88.58985635694111 4.6
vertex 149.9442572906334 -89 4.6
vertex 149.97487373415294 -89.02512626584708 4.6
endloop
endfacet
facet normal 0 0 1
outer loop
vertex 149.44449581556856 -88.58985635694111 4.6
vertex 149.97487373415294 -89.02512626584708 4.6
vertex 149.97487373414862 -89.02512626584608 1.5
endloop
endfacet
facet normal 0 0 1
outer loop
vertex 149.44449581556856 -88.58985635694111 4.6
vertex 149.97487373414862 -89.02512626584608 1.5
vertex 149.4444958155746 -88.58985635694715 1.5
endloop
endfacet
facet normal 0.4713967368260147 0.8819212643483458 0
outer loop
vertex 148.83939201327783 -88.2664216362105 4.6
vertex 149.44449581556856 -88.58985635694111 4.6
vertex 149.4444958155746 -88.58985635694715 1.5
endloop
endfacet
facet normal 0.4713967368260147 0.8819212643483458 0
outer loop
vertex 148.83939201327783 -88.2664216362105 4.6
vertex 149.4444958155746 -88.58985635694715 1.5
vertex 148.83939201327405 -88.26642163621327 1.5
endloop
endfacet
facet normal 0.2902846772544974 0.9569403357321982 0
outer loop
vertex 148.18281612705655 -88.0672515185887 4.6
vertex 148.83939201327783 -88.2664216362105 4.6
vertex 148.83939201327405 -88.26642163621327 1.5
endloop
endfacet
facet normal 0.2902846772544974 0.9569403357321982 0
outer loop
vertex 148.18281612705655 -88.0672515185887 4.6
vertex 148.83939201327405 -88.26642163621327 1.5
vertex 148.18281612704936 -88.06725151858751 1.5
endloop
endfacet
facet normal 0.09801714032955997 0.9951847266721969 0
outer loop
vertex 147.49999999999994 -88.00000000000001 4.6
vertex 148.18281612705655 -88.0672515185887 4.6
vertex 148.18281612704936 -88.06725151858751 1.5
endloop
endfacet
facet normal 0.09801714032955997 0.9951847266721969 0
outer loop
vertex 147.49999999999994 -88.00000000000001 4.6
vertex 148.18281612704936 -88.06725151858751 1.5
vertex 147.49999999999795 -87.99999999999982 1.5
endloop
endfacet
facet normal -0.09801714032954582 0.9951847266721984 0
outer loop
vertex 146.81718387294347 -88.0672515185887 4.6
vertex 147.49999999999994 -88.00000000000001 4.6
vertex 147.49999999999795 -87.99999999999982 1.5
endloop
endfacet
facet normal -0.09801714032954582 0.9951847266721984 0
outer loop
vertex 146.81718387294347 -88.0672515185887 4.6
vertex 147.49999999999795 -87.99999999999982 1.5
vertex 146.81718387294876 -88.06725151858751 1.5
endloop
endfacet
facet normal -0.2902846772544479 0.9569403357322133 0
outer loop
vertex 146.16060798672237 -88.2664216362105 4.6
vertex 146.81718387294347 -88.0672515185887 4.6
vertex 146.81718387294876 -88.06725151858751 1.5
endloop
endfacet
facet normal -0.2902846772544479 0.9569403357322133 0
outer loop
vertex 146.16060798672237 -88.2664216362105 4.6
vertex 146.81718387294876 -88.06725151858751 1.5
vertex 146.16060798672373 -88.26642163621327 1.5
endloop
endfacet
facet normal -0.47139673682596345 0.8819212643483734 0
outer loop
vertex 145.55550418443138 -88.58985635694111 4.6
vertex 146.16060798672237 -88.2664216362105 4.6
vertex 146.16060798672373 -88.26642163621327 1.5
endloop
endfacet
facet normal -0.47139673682596345 0.8819212643483734 0
outer loop
vertex 145.55550418443138 -88.58985635694111 4.6
vertex 146.16060798672373 -88.26642163621327 1.5
vertex 145.55550418442638 -88.58985635694715 1.5
endloop
endfacet
facet normal 0 0 -1
outer loop
vertex 145.02512626584698 -89.02512626584708 4.6
vertex 145.05574270936648 -89 4.6
vertex 145.55550418443138 -88.58985635694111 4.6
endloop
endfacet
facet normal 0 0 -1
outer loop
vertex 145.02512626584698 -89.02512626584708 4.6
vertex 145.55550418443138 -88.58985635694111 4.6
vertex 145.55550418442638 -88.58985635694715 1.5
endloop
endfacet
facet normal 0 0 -1
outer loop
vertex 145.02512626584698 -89.02512626584708 4.6
vertex 145.55550418442638 -88.58985635694715 1.5
vertex 145.02512626584834 -89.02512626584608 1.5
endloop
endfacet
facet normal 0 0 -1
outer loop
vertex 144.58985635694103 -89.55550418443136 4.6
vertex 144.69997357233416 -89.42132596924293 4.6
vertex 144.8895707262751 -89.19030116871822 4.6
endloop
endfacet
facet normal 0 0 -1
outer loop
vertex 144.58985635694103 -89.55550418443136 4.6
vertex 144.8895707262751 -89.19030116871822 4.6
vertex 145.00632407720897 -89.0480367989925 4.6
endloop
endfacet
facet normal 0 0 -1
outer loop
vertex 144.58985635694103 -89.55550418443136 4.6
vertex 145.00632407720897 -89.0480367989925 4.6
vertex 145.02512626584698 -89.02512626584708 4.6
endloop
endfacet
facet normal 0 0 -1
outer loop
vertex 144.58985635694103 -89.55550418443136 4.6
vertex 145.02512626584698 -89.02512626584708 4.6
vertex 145.02512626584834 -89.02512626584608 1.5
endloop
endfacet
facet normal 0 0 -1
outer loop
vertex 144.58985635694103 -89.55550418443136 4.6
vertex 145.02512626584834 -89.02512626584608 1.5
vertex 144.58985635694202 -89.55550418444257 1.5
endloop
endfacet
facet normal 0 0 -1
outer loop
vertex 144.2664216362105 -90.16060798672223 4.6
vertex 144.2928978805884 -90.11107441743715 4.6
vertex 144.4953928118425 -89.7322330470456 4.6
endloop
endfacet
facet normal 0 0 -1
outer loop
vertex 144.2664216362105 -90.16060798672223 4.6
vertex 144.4953928118425 -89.7322330470456 4.6
vertex 144.58985635694103 -89.55550418443136 4.6
endloop
endfacet
facet normal 0 0 -1
outer loop
vertex 144.2664216362105 -90.16060798672223 4.6
vertex 144.58985635694103 -89.55550418443136 4.6
vertex 144.58985635694202 -89.55550418444257 1.5
endloop
endfacet
facet normal 0 0 -1
outer loop
vertex 144.2664216362105 -90.16060798672223 4.6
vertex 144.58985635694202 -89.55550418444257 1.5
vertex 144.2664216362066 -90.16060798671101 1.5
endloop
endfacet
facet normal 0 0 1
outer loop
vertex 144.06725151858873 -90.8171838729434 4.6
vertex 144.15033588613161 -90.5432914190868 4.6
vertex 144.2664216362105 -90.16060798672223 4.6
endloop
endfacet
facet normal 0 0 1
outer loop
vertex 144.06725151858873 -90.8171838729434 4.6
vertex 144.2664216362105 -90.16060798672223 4.6
vertex 144.2664216362066 -90.16060798671101 1.5
endloop
endfacet
facet normal 0 0 1
outer loop
vertex 144.06725151858873 -90.8171838729434 4.6
vertex 144.2664216362066 -90.16060798671101 1.5
vertex 144.06725151858944 -90.81718387294922 1.5
endloop
endfacet
facet normal 0 0 -1
outer loop
vertex 144 -91.49999999999984 4.6
vertex 144.04803679899157 -91.01227419496273 4.6
vertex 144.06725151858873 -90.8171838729434 4.6
endloop
endfacet
facet normal 0 0 -1
outer loop
vertex 144 -91.49999999999984 4.6
vertex 144.06725151858873 -90.8171838729434 4.6
vertex 144.06725151858944 -90.81718387294922 1.5
endloop
endfacet
facet normal 0 0 -1
outer loop
vertex 144 -91.49999999999984 4.6
vertex 144.06725151858944 -90.81718387294922 1.5
vertex 143.99999999999991 -91.49999999999979 1.5
endloop
endfacet
facet normal 0 0 -1
outer loop
vertex 144.0672515185887 -92.18281612705646 4.6
vertex 144.04803679899203 -91.98772580504658 4.6
vertex 144 -91.49999999999984 4.6
endloop
endfacet
facet normal 0 0 -1
outer loop
vertex 144.0672515185887 -92.18281612705646 4.6
vertex 144 -91.49999999999984 4.6
vertex 143.99999999999991 -91.49999999999979 1.5
endloop
endfacet
facet normal 0 0 -1
outer loop
vertex 144.0672515185887 -92.18281612705646 4.6
vertex 143.99999999999991 -91.49999999999979 1.5
vertex 144.06725151858862 -92.1828161270529 1.5
endloop
endfacet
facet normal 0 0 -1
outer loop
vertex 144.26642163621045 -92.83939201327769 4.6
vertex 144.150335886129 -92.45670858090897 4.6
vertex 144.0672515185887 -92.18281612705646 4.6
endloop
endfacet
facet normal 0 0 -1
outer loop
vertex 144.26642163621045 -92.83939201327769 4.6
vertex 144.0672515185887 -92.18281612705646 4.6
vertex 144.06725151858862 -92.1828161270529 1.5
endloop
endfacet
facet normal 0 0 -1
outer loop
vertex 144.26642163621045 -92.83939201327769 4.6
vertex 144.06725151858862 -92.1828161270529 1.5
vertex 144.26642163621057 -92.83939201328475 1.5
endloop
endfacet
facet normal 0 0 -1
outer loop
vertex 144.5898563569411 -93.44449581556871 4.6
vertex 144.49539281183348 -93.26776695296373 4.6
vertex 144.2928978805896 -92.8889255825494 4.6
endloop
endfacet
facet normal 0 0 -1
outer loop
vertex 144.5898563569411 -93.44449581556871 4.6
vertex 144.2928978805896 -92.8889255825494 4.6
vertex 144.26642163621045 -92.83939201327769 4.6
endloop
endfacet
facet normal 0 0 -1
outer loop
vertex 144.5898563569411 -93.44449581556871 4.6
vertex 144.26642163621045 -92.83939201327769 4.6
vertex 144.26642163621057 -92.83939201328475 1.5
endloop
endfacet
facet normal 0 0 -1
outer loop
vertex 144.5898563569411 -93.44449581556871 4.6
vertex 144.26642163621057 -92.83939201328475 1.5
vertex 144.58985635694546 -93.44449581556658 1.5
endloop
endfacet
facet normal 0 0 -1
outer loop
vertex 145.02512626584706 -93.97487373415291 4.6
vertex 145.00632407720744 -93.9519632010073 4.6
vertex 144.88957072628764 -93.80969883128334 4.6
endloop
endfacet
facet normal 0 0 -1
outer loop
vertex 145.02512626584706 -93.97487373415291 4.6
vertex 144.88957072628764 -93.80969883128334 4.6
vertex 144.69997357234004 -93.57867403075873 4.6
endloop
endfacet
facet normal 0 0 -1
outer loop
vertex 145.02512626584706 -93.97487373415291 4.6
vertex 144.69997357234004 -93.57867403075873 4.6
vertex 144.5898563569411 -93.44449581556871 4.6
endloop
endfacet
facet normal 0 0 -1
outer loop
vertex 145.02512626584706 -93.97487373415291 4.6
vertex 144.5898563569411 -93.44449581556871 4.6
vertex 144.58985635694546 -93.44449581556658 1.5
endloop
endfacet
facet normal 0 0 -1
outer loop
vertex 145.02512626584706 -93.97487373415291 4.6
vertex 144.58985635694546 -93.44449581556658 1.5
vertex 145.0251262658407 -93.9748737341534 1.5
endloop
endfacet
facet normal 0 0 1
outer loop
vertex 145.55550418443138 -94.41014364305894 4.6
vertex 145.0557427093667 -94.00000000000006 4.6
vertex 145.02512626584706 -93.97487373415291 4.6
endloop
endfacet
facet normal 0 0 1
outer loop
vertex 145.55550418443138 -94.41014364305894 4.6
vertex 145.02512626584706 -93.97487373415291 4.6
vertex 145.0251262658407 -93.9748737341534 1.5
endloop
endfacet
facet normal 0 0 1
outer loop
vertex 145.55550418443138 -94.41014364305894 4.6
vertex 145.0251262658407 -93.9748737341534 1.5
vertex 145.5555041844319 -94.4101436430627 1.5
endloop
endfacet
facet normal -0.4713967368259909 -0.8819212643483587 0
outer loop
vertex 146.1606079867222 -94.7335783637895 4.6
vertex 145.55550418443138 -94.41014364305894 4.6
vertex 145.5555041844319 -94.4101436430627 1.5
endloop
endfacet
facet normal -0.4713967368259909 -0.8819212643483587 0
outer loop
vertex 146.1606079867222 -94.7335783637895 4.6
vertex 145.5555041844319 -94.4101436430627 1.5
vertex 146.16060798673033 -94.73357836379535 1.5
endloop
endfacet
facet normal -0.2902846772544974 -0.9569403357321982 0
outer loop
vertex 146.81718387294345 -94.93274848141131 4.6
vertex 146.1606079867222 -94.7335783637895 4.6
vertex 146.16060798673033 -94.73357836379535 1.5
endloop
endfacet
facet normal -0.2902846772544974 -0.9569403357321982 0
outer loop
vertex 146.81718387294345 -94.93274848141131 4.6
vertex 146.16060798673033 -94.73357836379535 1.5
vertex 146.81718387292594 -94.9327484814102 1.5
endloop
endfacet
facet normal -0.09801714032954574 -0.9951847266721985 0
outer loop
vertex 147.50000000000009 -95 4.6
vertex 146.81718387294345 -94.93274848141131 4.6
vertex 146.81718387292594 -94.9327484814102 1.5
endloop
endfacet
facet normal -0.09801714032954574 -0.9951847266721985 0
outer loop
vertex 147.50000000000009 -95 4.6
vertex 146.81718387292594 -94.9327484814102 1.5
vertex 147.49999999999415 -94.99999999999997 1.5
endloop
endfacet
facet normal 0.09801714032954582 -0.9951847266721984 0
outer loop
vertex 148.18281612705633 -94.93274848141131 4.6
vertex 147.50000000000009 -95 4.6
vertex 147.49999999999415 -94.99999999999997 1.5
endloop
endfacet
facet normal 0.09801714032954582 -0.9951847266721984 0
outer loop
vertex 148.18281612705633 -94.93274848141131 4.6
vertex 147.49999999999415 -94.99999999999997 1.5
vertex 148.18281612706775 -94.9327484814102 1.5
endloop
endfacet
facet normal 0.29028467725447593 -0.9569403357322048 0
outer loop
vertex 148.83939201327794 -94.7335783637895 4.6
vertex 148.18281612705633 -94.93274848141131 4.6
vertex 148.18281612706775 -94.9327484814102 1.5
endloop
endfacet
facet normal 0.29028467725447593 -0.9569403357322048 0
outer loop
vertex 148.83939201327794 -94.7335783637895 4.6
vertex 148.18281612706775 -94.9327484814102 1.5
vertex 148.83939201325097 -94.73357836379535 1.5
endloop
endfacet
facet normal 0.47139673682596933 -0.8819212643483701 0
outer loop
vertex 149.44449581556864 -94.41014364305894 4.6
vertex 148.83939201327794 -94.7335783637895 4.6
vertex 148.83939201325097 -94.73357836379535 1.5
endloop
endfacet
facet normal 0.47139673682596933 -0.8819212643483701 0
outer loop
vertex 149.44449581556864 -94.41014364305894 4.6
vertex 148.83939201325097 -94.73357836379535 1.5
vertex 149.44449581557683 -94.4101436430627 1.5
endloop
endfacet
facet normal 0 0 -1
outer loop
vertex 149.97487373415288 -93.97487373415291 4.6
vertex 149.9442572906333 -94.00000000000006 4.6
vertex 149.44449581556864 -94.41014364305894 4.6
endloop
endfacet
facet normal 0 0 -1
outer loop
vertex 149.97487373415288 -93.97487373415291 4.6
vertex 149.44449581556864 -94.41014364305894 4.6
vertex 149.44449581557683 -94.4101436430627 1.5
endloop
endfacet
facet normal 0 0 -1
outer loop
vertex 149.97487373415288 -93.97487373415291 4.6
vertex 149.44449581557683 -94.4101436430627 1.5
vertex 149.97487373415328 -93.9748737341534 1.5
endloop
endfacet
facet normal 0 0 1
outer loop
vertex 150.4101436430589 -93.44449581556871 4.6
vertex 150.30002642765987 -93.57867403075873 4.6
vertex 150.11042927371224 -93.80969883128334 4.6
endloop
endfacet
facet normal 0 0 1
outer loop
vertex 150.4101436430589 -93.44449581556871 4.6
vertex 150.11042927371224 -93.80969883128334 4.6
vertex 149.9936759227925 -93.9519632010073 4.6
endloop
endfacet
facet normal 0 0 1
outer loop
vertex 150.4101436430589 -93.44449581556871 4.6
vertex 149.9936759227925 -93.9519632010073 4.6
vertex 149.97487373415288 -93.97487373415291 4.6
endloop
endfacet
facet normal 0 0 1
outer loop
vertex 150.4101436430589 -93.44449581556871 4.6
vertex 149.97487373415288 -93.97487373415291 4.6
vertex 149.97487373415328 -93.9748737341534 1.5
endloop
endfacet
facet normal 0 0 1
outer loop
vertex 150.4101436430589 -93.44449581556871 4.6
vertex 149.97487373415328 -93.9748737341534 1.5
vertex 150.41014364306014 -93.44449581556658 1.5
endloop
endfacet
facet normal 0 0 1
outer loop
vertex 150.73357836378955 -92.83939201327769 4.6
vertex 150.70710211941025 -92.8889255825494 4.6
vertex 150.50460718816612 -93.26776695296373 4.6
endloop
endfacet
facet normal 0 0 1
outer loop
vertex 150.73357836378955 -92.83939201327769 4.6
vertex 150.50460718816612 -93.26776695296373 4.6
vertex 150.4101436430589 -93.44449581556871 4.6
endloop
endfacet
facet normal 0 0 1
outer loop
vertex 150.73357836378955 -92.83939201327769 4.6
vertex 150.4101436430589 -93.44449581556871 4.6
vertex 150.41014364306014 -93.44449581556658 1.5
endloop
endfacet
facet normal 0 0 1
outer loop
vertex 150.73357836378955 -92.83939201327769 4.6
vertex 150.41014364306014 -93.44449581556658 1.5
vertex 150.7335783637868 -92.83939201328475 1.5
endloop
endfacet
facet normal 0 0 -1
outer loop
vertex 150.93274848141127 -92.18281612705646 4.6
vertex 150.8496641138708 -92.45670858090897 4.6
vertex 150.73357836378955 -92.83939201327769 4.6
endloop
endfacet
facet normal 0 0 -1
outer loop
vertex 150.93274848141127 -92.18281612705646 4.6
vertex 150.73357836378955 -92.83939201327769 4.6
vertex 150.7335783637868 -92.83939201328475 1.5
endloop
endfacet
facet normal 0 0 -1
outer loop
vertex 150.93274848141127 -92.18281612705646 4.6
vertex 150.7335783637868 -92.83939201328475 1.5
vertex 150.9327484814114 -92.1828161270529 1.5
endloop
endfacet
facet normal 0 0 1
outer loop
vertex 113 -153.25000000000003 4.6
vertex 112.95196320100733 -153.73772580504234 4.6
vertex 112.93274848141131 -153.9328161270564 4.6
endloop
endfacet
facet normal 0 0 1
outer loop
vertex 113 -153.25000000000003 4.6
vertex 112.93274848141131 -153.9328161270564 4.6
vertex 112.93274848141158 -153.93281612705323 1.5
endloop
endfacet
facet normal 0 0 1
outer loop
vertex 113 -153.25000000000003 4.6
vertex 112.93274848141158 -153.93281612705323 1.5
vertex 112.99999999999987 -153.25000000000009 1.5
endloop
endfacet
facet normal 0 0 1
outer loop
vertex 112.93274848141132 -152.56718387294356 4.6
vertex 112.951963201008 -152.7622741949592 4.6
vertex 113 -153.25000000000003 4.6
endloop
endfacet
facet normal 0 0 1
outer loop
vertex 112.93274848141132 -152.56718387294356 4.6
vertex 113 -153.25000000000003 4.6
vertex 112.99999999999987 -153.25000000000009 1.5
endloop
endfacet
facet normal 0 0 1
outer loop
vertex 112.93274848141132 -152.56718387294356 4.6
vertex 112.99999999999987 -153.25000000000009 1.5
vertex 112.93274848141172 -152.5671838729442 1.5
endloop
endfacet
facet normal 0 0 1
outer loop
vertex 112.73357836378953 -151.91060798672203 4.6
vertex 112.84966411387138 -152.2932914190966 4.6
vertex 112.93274848141132 -152.56718387294356 4.6
endloop
endfacet
facet normal 0 0 1
outer loop
vertex 112.73357836378953 -151.91060798672203 4.6
vertex 112.93274848141132 -152.56718387294356 4.6
vertex 112.93274848141172 -152.5671838729442 1.5
endloop
endfacet
facet normal 0 0 1
outer loop
vertex 112.73357836378953 -151.91060798672203 4.6
vertex 112.93274848141172 -152.5671838729442 1.5
vertex 112.733578363787 -151.9106079867182 1.5
endloop
endfacet
facet normal 0 0 1
outer loop
vertex 112.41014364305887 -151.3055041844315 4.6
vertex 112.50460718815316 -151.48223304703248 4.6
vertex 112.707102119412 -151.8610744174526 4.6
endloop
endfacet
facet normal 0 0 1
outer loop
vertex 112.41014364305887 -151.3055041844315 4.6
vertex 112.707102119412 -151.8610744174526 4.6
vertex 112.73357836378953 -151.91060798672203 4.6
endloop
endfacet
facet normal 0 0 1
outer loop
vertex 112.41014364305887 -151.3055041844315 4.6
vertex 112.73357836378953 -151.91060798672203 4.6
vertex 112.733578363787 -151.9106079867182 1.5
endloop
endfacet
facet normal 0 0 1
outer loop
vertex 112.41014364305887 -151.3055041844315 4.6
vertex 112.733578363787 -151.9106079867182 1.5
vertex 112.41014364306066 -151.3055041844315 1.5
endloop
endfacet
facet normal 0 0 -1
outer loop
vertex 111.97487373415291 -150.77512626584704 4.6
vertex 111.9936759227926 -150.7980367989927 4.6
vertex 112.11042927371734 -150.94030116872037 4.6
endloop
endfacet
facet normal 0 0 -1
outer loop
vertex 111.97487373415291 -150.77512626584704 4.6
vertex 112.11042927371734 -150.94030116872037 4.6
vertex 112.30002642767126 -151.17132596924955 4.6
endloop
endfacet
facet normal 0 0 -1
outer loop
vertex 111.97487373415291 -150.77512626584704 4.6
vertex 112.30002642767126 -151.17132596924955 4.6
vertex 112.41014364305887 -151.3055041844315 4.6
endloop
endfacet
facet normal 0 0 -1
outer loop
vertex 111.97487373415291 -150.77512626584704 4.6
vertex 112.41014364305887 -151.3055041844315 4.6
vertex 112.41014364306066 -151.3055041844315 1.5
endloop
endfacet
facet normal 0 0 -1
outer loop
vertex 111.97487373415291 -150.77512626584704 4.6
vertex 112.41014364306066 -151.3055041844315 1.5
vertex 111.97487373414751 -150.77512626584522 1.5
endloop
endfacet
facet normal 0.4713967368259664 0.8819212643483718 0
outer loop
vertex 110.83939201327783 -150.0164216362105 4.6
vertex 111.44449581556857 -150.33985635694106 4.6
vertex 111.4444958155644 -150.33985635694054 1.5
endloop
endfacet
facet normal 0.4713967368259664 0.8819212643483718 0
outer loop
vertex 110.83939201327783 -150.0164216362105 4.6
vertex 111.4444958155644 -150.33985635694054 1.5
vertex 110.8393920132646 -150.01642163620517 1.5
endloop
endfacet
facet normal 0.2902846772544479 0.9569403357322133 0
outer loop
vertex 110.18281612705655 -149.81725151858873 4.6
vertex 110.83939201327783 -150.0164216362105 4.6
vertex 110.8393920132646 -150.01642163620517 1.5
endloop
endfacet
facet normal 0.2902846772544479 0.9569403357322133 0
outer loop
vertex 110.18281612705655 -149.81725151858873 4.6
vertex 110.8393920132646 -150.01642163620517 1.5
vertex 110.18281612706288 -149.81725151858933 1.5
endloop
endfacet
facet normal 0.09801714032960263 0.9951847266721927 0
outer loop
vertex 109.49999999999987 -149.75 4.6
vertex 110.18281612705655 -149.81725151858873 4.6
vertex 110.18281612706288 -149.81725151858933 1.5
endloop
endfacet
facet normal 0.09801714032960263 0.9951847266721927 0
outer loop
vertex 109.49999999999987 -149.75 4.6
vertex 110.18281612706288 -149.81725151858933 1.5
vertex 109.50000000000153 -149.75000000000014 1.5
endloop
endfacet
facet normal -0.09801714032957431 0.9951847266721956 0
outer loop
vertex 108.8171838729437 -149.81725151858873 4.6
vertex 109.49999999999987 -149.75 4.6
vertex 109.50000000000153 -149.75000000000014 1.5
endloop
endfacet
facet normal -0.09801714032957431 0.9951847266721956 0
outer loop
vertex 108.8171838729437 -149.81725151858873 4.6
vertex 109.50000000000153 -149.75000000000014 1.5
vertex 108.81718387293763 -149.81725151858933 1.5
endloop
endfacet
facet normal -0.29028467725447593 0.9569403357322049 0
outer loop
vertex 108.16060798672218 -150.0164216362105 4.6
vertex 108.8171838729437 -149.81725151858873 4.6
vertex 108.81718387293763 -149.81725151858933 1.5
endloop
endfacet
facet normal -0.29028467725447593 0.9569403357322049 0
outer loop
vertex 108.16060798672218 -150.0164216362105 4.6
vertex 108.81718387293763 -149.81725151858933 1.5
vertex 108.16060798672751 -150.01642163620517 1.5
endloop
endfacet
facet normal -0.47139673682596933 0.8819212643483703 0
outer loop
vertex 107.55550418443127 -150.33985635694106 4.6
vertex 108.16060798672218 -150.0164216362105 4.6
vertex 108.16060798672751 -150.01642163620517 1.5
endloop
endfacet
facet normal -0.47139673682596933 0.8819212643483703 0
outer loop
vertex 107.55550418443127 -150.33985635694106 4.6
vertex 108.16060798672751 -150.01642163620517 1.5
vertex 107.55550418443094 -150.33985635694054 1.5
endloop
endfacet
facet normal 0 0 -1
outer loop
vertex 107.02512626584713 -150.77512626584704 4.6
vertex 107.05574270936616 -150.75000000000023 4.6
vertex 107.55550418443127 -150.33985635694106 4.6
endloop
endfacet
facet normal 0 0 -1
outer loop
vertex 107.02512626584713 -150.77512626584704 4.6
vertex 107.55550418443127 -150.33985635694106 4.6
vertex 107.55550418443094 -150.33985635694054 1.5
endloop
endfacet
facet normal 0 0 -1
outer loop
vertex 107.02512626584713 -150.77512626584704 4.6
vertex 107.55550418443094 -150.33985635694054 1.5
vertex 107.02512626584961 -150.77512626584522 1.5
endloop
endfacet
facet normal 0 0 -1
outer loop
vertex 106.589856356941 -151.3055041844315 4.6
vertex 106.69997357232866 -151.17132596924955 4.6
vertex 106.88957072628264 -150.94030116872037 4.6
endloop
endfacet
facet normal 0 0 -1
outer loop
vertex 106.589856356941 -151.3055041844315 4.6
vertex 106.88957072628264 -150.94030116872037 4.6
vertex 107.00632407720744 -150.7980367989927 4.6
endloop
endfacet
facet normal 0 0 -1
outer loop
vertex 106.589856356941 -151.3055041844315 4.6
vertex 107.00632407720744 -150.7980367989927 4.6
vertex 107.02512626584713 -150.77512626584704 4.6
endloop
endfacet
facet normal 0 0 -1
outer loop
vertex 106.589856356941 -151.3055041844315 4.6
vertex 107.02512626584713 -150.77512626584704 4.6
vertex 107.02512626584961 -150.77512626584522 1.5
endloop
endfacet
facet normal 0 0 -1
outer loop
vertex 106.589856356941 -151.3055041844315 4.6
vertex 107.02512626584961 -150.77512626584522 1.5
vertex 106.58985635694197 -151.3055041844315 1.5
endloop
endfacet
facet normal 0 0 -1
outer loop
vertex 106.26642163621055 -151.91060798672203 4.6
vertex 106.2928978805879 -151.8610744174526 4.6
vertex 106.4953928118461 -151.48223304703248 4.6
endloop
endfacet
facet normal 0 0 -1
outer loop
vertex 106.26642163621055 -151.91060798672203 4.6
vertex 106.4953928118461 -151.48223304703248 4.6
vertex 106.589856356941 -151.3055041844315 4.6
endloop
endfacet
facet normal 0 0 -1
outer loop
vertex 106.26642163621055 -151.91060798672203 4.6
vertex 106.589856356941 -151.3055041844315 4.6
vertex 106.58985635694197 -151.3055041844315 1.5
endloop
endfacet
facet normal 0 0 -1
outer loop
vertex 106.26642163621055 -151.91060798672203 4.6
vertex 106.58985635694197 -151.3055041844315 1.5
vertex 106.2664216362079 -151.9106079867182 1.5
endloop
endfacet
facet normal 0 0 1
outer loop
vertex 106.06725151858869 -152.56718387294356 4.6
vertex 106.15033588612866 -152.2932914190966 4.6
vertex 106.26642163621055 -151.91060798672203 4.6
endloop
endfacet
facet normal 0 0 1
outer loop
vertex 106.06725151858869 -152.56718387294356 4.6
vertex 106.26642163621055 -151.91060798672203 4.6
vertex 106.2664216362079 -151.9106079867182 1.5
endloop
endfacet
facet normal 0 0 1
outer loop
vertex 106.06725151858869 -152.56718387294356 4.6
vertex 106.2664216362079 -151.9106079867182 1.5
vertex 106.06725151858817 -152.5671838729442 1.5
endloop
endfacet
facet normal 0 0 1
outer loop
vertex 106 -153.25000000000003 4.6
vertex 106.04803679899202 -152.7622741949592 4.6
vertex 106.06725151858869 -152.56718387294356 4.6
endloop
endfacet
facet normal 0 0 1
outer loop
vertex 106 -153.25000000000003 4.6
vertex 106.06725151858869 -152.56718387294356 4.6
vertex 106.06725151858817 -152.5671838729442 1.5
endloop
endfacet
facet normal 0 0 1
outer loop
vertex 106 -153.25000000000003 4.6
vertex 106.06725151858817 -152.5671838729442 1.5
vertex 106.00000000000033 -153.25000000000009 1.5
endloop
endfacet
facet normal 0 0 1
outer loop
vertex 106.06725151858869 -153.9328161270564 4.6
vertex 106.04803679899267 -153.73772580504234 4.6
vertex 106 -153.25000000000003 4.6
endloop
endfacet
facet normal 0 0 1
outer loop
vertex 106.06725151858869 -153.9328161270564 4.6
vertex 106 -153.25000000000003 4.6
vertex 106.00000000000033 -153.25000000000009 1.5
endloop
endfacet
facet normal 0 0 1
outer loop
vertex 106.06725151858869 -153.9328161270564 4.6
vertex 106.00000000000033 -153.25000000000009 1.5
vertex 106.06725151858983 -153.93281612705323 1.5
endloop
endfacet
facet normal 0 0 -1
outer loop
vertex 106.2664216362105 -154.5893920132778 4.6
vertex 106.15033588612957 -154.2067085809092 4.6
vertex 106.06725151858869 -153.9328161270564 4.6
endloop
endfacet
facet normal 0 0 -1
outer loop
vertex 106.2664216362105 -154.5893920132778 4.6
vertex 106.06725151858869 -153.9328161270564 4.6
vertex 106.06725151858983 -153.93281612705323 1.5
endloop
endfacet
facet normal 0 0 -1
outer loop
vertex 106.2664216362105 -154.5893920132778 4.6
vertex 106.06725151858983 -153.93281612705323 1.5
vertex 106.16346819453848 -154.25 1.5
endloop
endfacet
facet normal 0 0 -1
outer loop
vertex 106.2664216362105 -154.5893920132778 4.6
vertex 106.16346819453848 -154.25 1.5
vertex 106.26642163621813 -154.58939201328045 1.5
endloop
endfacet
facet normal 0 0 -1
outer loop
vertex 106.58985635694107 -155.1944958155686 4.6
vertex 106.4953928118352 -155.01776695296596 4.6
vertex 106.29289788059005 -154.6389255825484 4.6
endloop
endfacet
facet normal 0 0 -1
outer loop
vertex 106.58985635694107 -155.1944958155686 4.6
vertex 106.29289788059005 -154.6389255825484 4.6
vertex 106.2664216362105 -154.5893920132778 4.6
endloop
endfacet
facet normal 0 0 -1
outer loop
vertex 106.58985635694107 -155.1944958155686 4.6
vertex 106.2664216362105 -154.5893920132778 4.6
vertex 106.26642163621813 -154.58939201328045 1.5
endloop
endfacet
facet normal 0 0 -1
outer loop
vertex 106.58985635694107 -155.1944958155686 4.6
vertex 106.26642163621813 -154.58939201328045 1.5
vertex 106.58985635692109 -155.19449581556995 1.5
endloop
endfacet
facet normal 0 0 1
outer loop
vertex 107.55550418443131 -156.1601436430588 4.6
vertex 107.05574270936715 -155.7500000000005 4.6
vertex 107.02512626584709 -155.72487373415302 4.6
endloop
endfacet
facet normal 0 0 1
outer loop
vertex 107.55550418443131 -156.1601436430588 4.6
vertex 107.02512626584709 -155.72487373415302 4.6
vertex 107.02512626584092 -155.7248737341633 1.5
endloop
endfacet
facet normal 0 0 1
outer loop
vertex 107.55550418443131 -156.1601436430588 4.6
vertex 107.02512626584092 -155.7248737341633 1.5
vertex 107.55550418443451 -156.16014364304033 1.5
endloop
endfacet
facet normal -0.4713967368259944 -0.8819212643483568 0
outer loop
vertex 108.16060798672227 -156.48357836378955 4.6
vertex 107.55550418443131 -156.1601436430588 4.6
vertex 107.55550418443451 -156.16014364304033 1.5
endloop
endfacet
facet normal -0.4713967368259944 -0.8819212643483568 0
outer loop
vertex 108.16060798672227 -156.48357836378955 4.6
vertex 107.55550418443451 -156.16014364304033 1.5
vertex 108.16060798671523 -156.48357836379313 1.5
endloop
endfacet
facet normal -0.29028467725447593 -0.9569403357322048 0
outer loop
vertex 108.81718387294336 -156.68274848141124 4.6
vertex 108.16060798672227 -156.48357836378955 4.6
vertex 108.16060798671523 -156.48357836379313 1.5
endloop
endfacet
facet normal -0.29028467725447593 -0.9569403357322048 0
outer loop
vertex 108.81718387294336 -156.68274848141124 4.6
vertex 108.16060798671523 -156.48357836379313 1.5
vertex 108.8171838729463 -156.6827484814114 1.5
endloop
endfacet
facet normal -0.09801714032954582 -0.9951847266721984 0
outer loop
vertex 109.50000000000013 -156.74999999999997 4.6
vertex 108.81718387294336 -156.68274848141124 4.6
vertex 108.8171838729463 -156.6827484814114 1.5
endloop
endfacet
facet normal -0.09801714032954582 -0.9951847266721984 0
outer loop
vertex 109.50000000000013 -156.74999999999997 4.6
vertex 108.8171838729463 -156.6827484814114 1.5
vertex 109.50000000000556 -156.75000000000037 1.5
endloop
endfacet
facet normal 0.09801714032960263 -0.9951847266721927 0
outer loop
vertex 110.18281612705657 -156.68274848141124 4.6
vertex 109.50000000000013 -156.74999999999997 4.6
vertex 109.50000000000556 -156.75000000000037 1.5
endloop
endfacet
facet normal 0.09801714032960263 -0.9951847266721927 0
outer loop
vertex 110.18281612705657 -156.68274848141124 4.6
vertex 109.50000000000556 -156.75000000000037 1.5
vertex 110.18281612706438 -156.6827484814114 1.5
endloop
endfacet
facet normal 0.2902846772544199 -0.9569403357322217 0
outer loop
vertex 110.83939201327766 -156.48357836378955 4.6
vertex 110.18281612705657 -156.68274848141124 4.6
vertex 110.18281612706438 -156.6827484814114 1.5
endloop
endfacet
facet normal 0.2902846772544199 -0.9569403357322217 0
outer loop
vertex 110.83939201327766 -156.48357836378955 4.6
vertex 110.18281612706438 -156.6827484814114 1.5
vertex 110.83939201325768 -156.48357836379313 1.5
endloop
endfacet
facet normal 0.47139673682596933 -0.8819212643483703 0
outer loop
vertex 111.44449581556877 -156.1601436430588 4.6
vertex 110.83939201327766 -156.48357836378955 4.6
vertex 110.83939201325768 -156.48357836379313 1.5
endloop
endfacet
facet normal 0.47139673682596933 -0.8819212643483703 0
outer loop
vertex 111.44449581556877 -156.1601436430588 4.6
vertex 110.83939201325768 -156.48357836379313 1.5
vertex 111.44449581560997 -156.16014364304033 1.5
endloop
endfacet
facet normal 0 0 1
outer loop
vertex 111.9748737341528 -155.72487373415302 4.6
vertex 111.94425729063275 -155.7500000000005 4.6
vertex 111.44449581556877 -156.1601436430588 4.6
endloop
endfacet
facet normal 0 0 1
outer loop
vertex 111.9748737341528 -155.72487373415302 4.6
vertex 111.44449581556877 -156.1601436430588 4.6
vertex 111.44449581560997 -156.16014364304033 1.5
endloop
endfacet
facet normal 0 0 1
outer loop
vertex 111.9748737341528 -155.72487373415302 4.6
vertex 111.44449581560997 -156.16014364304033 1.5
vertex 111.97487373414008 -155.7248737341633 1.5
endloop
endfacet
facet normal 0 0 1
outer loop
vertex 112.41014364305902 -155.1944958155686 4.6
vertex 112.30002642766262 -155.32867403075693 4.6
vertex 112.1104292737196 -155.55969883127804 4.6
endloop
endfacet
facet normal 0 0 1
outer loop
vertex 112.41014364305902 -155.1944958155686 4.6
vertex 112.1104292737196 -155.55969883127804 4.6
vertex 111.99367592279127 -155.7019632010082 4.6
endloop
endfacet
facet normal 0 0 1
outer loop
vertex 112.41014364305902 -155.1944958155686 4.6
vertex 111.99367592279127 -155.7019632010082 4.6
vertex 111.9748737341528 -155.72487373415302 4.6
endloop
endfacet
facet normal 0 0 1
outer loop
vertex 112.41014364305902 -155.1944958155686 4.6
vertex 111.9748737341528 -155.72487373415302 4.6
vertex 111.97487373414008 -155.7248737341633 1.5
endloop
endfacet
facet normal 0 0 1
outer loop
vertex 112.41014364305902 -155.1944958155686 4.6
vertex 111.97487373414008 -155.7248737341633 1.5
vertex 112.41014364305755 -155.19449581556995 1.5
endloop
endfacet
facet normal 0 0 1
outer loop
vertex 112.73357836378946 -154.5893920132778 4.6
vertex 112.70710211940992 -154.6389255825484 4.6
vertex 112.50460718816485 -155.01776695296596 4.6
endloop
endfacet
facet normal 0 0 1
outer loop
vertex 112.73357836378946 -154.5893920132778 4.6
vertex 112.50460718816485 -155.01776695296596 4.6
vertex 112.41014364305902 -155.1944958155686 4.6
endloop
endfacet
facet normal 0 0 1
outer loop
vertex 112.73357836378946 -154.5893920132778 4.6
vertex 112.41014364305902 -155.1944958155686 4.6
vertex 112.41014364305755 -155.19449581556995 1.5
endloop
endfacet
facet normal 0 0 1
outer loop
vertex 112.73357836378946 -154.5893920132778 4.6
vertex 112.41014364305755 -155.19449581556995 1.5
vertex 112.73357836378787 -154.58939201328045 1.5
endloop
endfacet
facet normal 0 0 -1
outer loop
vertex 112.93274848141131 -153.9328161270564 4.6
vertex 112.84966411387042 -154.2067085809092 4.6
vertex 112.73357836378946 -154.5893920132778 4.6
endloop
endfacet
facet normal 0 0 -1
outer loop
vertex 112.93274848141131 -153.9328161270564 4.6
vertex 112.73357836378946 -154.5893920132778 4.6
vertex 112.73357836378787 -154.58939201328045 1.5
endloop
endfacet
facet normal 0 0 -1
outer loop
vertex 112.93274848141131 -153.9328161270564 4.6
vertex 112.73357836378787 -154.58939201328045 1.5
vertex 112.93274848141158 -153.93281612705323 1.5
endloop
endfacet
facet normal 0 0 1
outer loop
vertex 151 -153.25000000000003 4.6
vertex 150.95196320100732 -153.73772580504234 4.6
vertex 150.9327484814113 -153.9328161270564 4.6
endloop
endfacet
facet normal 0 0 1
outer loop
vertex 151 -153.25000000000003 4.6
vertex 150.9327484814113 -153.9328161270564 4.6
vertex 150.9327484814113 -153.93281612705323 1.5
endloop
endfacet
facet normal 0 0 1
outer loop
vertex 151 -153.25000000000003 4.6
vertex 150.9327484814113 -153.93281612705323 1.5
vertex 150.99999999999972 -153.25000000000009 1.5
endloop
endfacet
facet normal 0 0 1
outer loop
vertex 150.9327484814113 -152.56718387294356 4.6
vertex 150.95196320100797 -152.7622741949592 4.6
vertex 151 -153.25000000000003 4.6
endloop
endfacet
facet normal 0 0 1
outer loop
vertex 150.9327484814113 -152.56718387294356 4.6
vertex 151 -153.25000000000003 4.6
vertex 150.99999999999972 -153.25000000000009 1.5
endloop
endfacet
facet normal 0 0 1
outer loop
vertex 150.9327484814113 -152.56718387294356 4.6
vertex 150.99999999999972 -153.25000000000009 1.5
vertex 150.9327484814109 -152.5671838729442 1.5
endloop
endfacet
facet normal 0 0 1
outer loop
vertex 150.7335783637895 -151.91060798672203 4.6
vertex 150.84966411387134 -152.2932914190966 4.6
vertex 150.9327484814113 -152.56718387294356 4.6
endloop
endfacet
facet normal 0 0 1
outer loop
vertex 150.7335783637895 -151.91060798672203 4.6
vertex 150.9327484814113 -152.56718387294356 4.6
vertex 150.9327484814109 -152.5671838729442 1.5
endloop
endfacet
facet normal 0 0 1
outer loop
vertex 150.7335783637895 -151.91060798672203 4.6
vertex 150.9327484814109 -152.5671838729442 1.5
vertex 150.73357836378767 -151.9106079867182 1.5
endloop
endfacet
facet normal 0 0 1
outer loop
vertex 150.41014364305883 -151.3055041844315 4.6
vertex 150.50460718815378 -151.48223304703248 4.6
vertex 150.70710211941213 -151.8610744174526 4.6
endloop
endfacet
facet normal 0 0 1
outer loop
vertex 150.41014364305883 -151.3055041844315 4.6
vertex 150.70710211941213 -151.8610744174526 4.6
vertex 150.7335783637895 -151.91060798672203 4.6
endloop
endfacet
facet normal 0 0 1
outer loop
vertex 150.41014364305883 -151.3055041844315 4.6
vertex 150.7335783637895 -151.91060798672203 4.6
vertex 150.73357836378767 -151.9106079867182 1.5
endloop
endfacet
facet normal 0 0 1
outer loop
vertex 150.41014364305883 -151.3055041844315 4.6
vertex 150.73357836378767 -151.9106079867182 1.5
vertex 150.4101436430593 -151.3055041844315 1.5
endloop
endfacet
facet normal 0 0 -1
outer loop
vertex 149.97487373415288 -150.77512626584704 4.6
vertex 149.9936759227926 -150.7980367989927 4.6
vertex 150.1104292737174 -150.94030116872037 4.6
endloop
endfacet
facet normal 0 0 -1
outer loop
vertex 149.97487373415288 -150.77512626584704 4.6
vertex 150.1104292737174 -150.94030116872037 4.6
vertex 150.30002642767127 -151.17132596924955 4.6
endloop
endfacet
facet normal 0 0 -1
outer loop
vertex 149.97487373415288 -150.77512626584704 4.6
vertex 150.30002642767127 -151.17132596924955 4.6
vertex 150.41014364305883 -151.3055041844315 4.6
endloop
endfacet
facet normal 0 0 -1
outer loop
vertex 149.97487373415288 -150.77512626584704 4.6
vertex 150.41014364305883 -151.3055041844315 4.6
vertex 150.4101436430593 -151.3055041844315 1.5
endloop
endfacet
facet normal 0 0 -1
outer loop
vertex 149.97487373415288 -150.77512626584704 4.6
vertex 150.4101436430593 -151.3055041844315 1.5
vertex 149.97487373414688 -150.77512626584522 1.5
endloop
endfacet
facet normal 0 0 -1
outer loop
vertex 149.4444958155686 -150.33985635694106 4.6
vertex 149.94425729063386 -150.75000000000023 4.6
vertex 149.97487373415288 -150.77512626584704 4.6
endloop
endfacet
facet normal 0 0 -1
outer loop
vertex 149.4444958155686 -150.33985635694106 4.6
vertex 149.97487373415288 -150.77512626584704 4.6
vertex 149.97487373414688 -150.77512626584522 1.5
endloop
endfacet
facet normal 0 0 -1
outer loop
vertex 149.4444958155686 -150.33985635694106 4.6
vertex 149.97487373414688 -150.77512626584522 1.5
vertex 149.44449581556592 -150.33985635694054 1.5
endloop
endfacet
facet normal 0.4713967368259664 0.8819212643483717 0
outer loop
vertex 148.83939201327783 -150.0164216362105 4.6
vertex 149.4444958155686 -150.33985635694106 4.6
vertex 149.44449581556592 -150.33985635694054 1.5
endloop
endfacet
facet normal 0.4713967368259664 0.8819212643483717 0
outer loop
vertex 148.83939201327783 -150.0164216362105 4.6
vertex 149.44449581556592 -150.33985635694054 1.5
vertex 148.8393920132629 -150.01642163620517 1.5
endloop
endfacet
facet normal 0.2902846772544479 0.9569403357322133 0
outer loop
vertex 148.18281612705647 -149.81725151858873 4.6
vertex 148.83939201327783 -150.0164216362105 4.6
vertex 148.8393920132629 -150.01642163620517 1.5
endloop
endfacet
facet normal 0.2902846772544479 0.9569403357322133 0
outer loop
vertex 148.18281612705647 -149.81725151858873 4.6
vertex 148.8393920132629 -150.01642163620517 1.5
vertex 148.1828161270696 -149.81725151858933 1.5
endloop
endfacet
facet normal 0.09801714032960263 0.9951847266721927 0
outer loop
vertex 147.49999999999994 -149.75 4.6
vertex 148.18281612705647 -149.81725151858873 4.6
vertex 148.1828161270696 -149.81725151858933 1.5
endloop
endfacet
facet normal 0.09801714032960263 0.9951847266721927 0
outer loop
vertex 147.49999999999994 -149.75 4.6
vertex 148.1828161270696 -149.81725151858933 1.5
vertex 147.50000000000665 -149.75000000000014 1.5
endloop
endfacet
facet normal -0.09801714032957415 0.9951847266721956 0
outer loop
vertex 146.8171838729436 -149.81725151858873 4.6
vertex 147.49999999999994 -149.75 4.6
vertex 147.50000000000665 -149.75000000000014 1.5
endloop
endfacet
facet normal -0.09801714032957415 0.9951847266721956 0
outer loop
vertex 146.8171838729436 -149.81725151858873 4.6
vertex 147.50000000000665 -149.75000000000014 1.5
vertex 146.81718387294032 -149.81725151858933 1.5
endloop
endfacet
facet normal -0.2902846772544479 0.9569403357322133 0
outer loop
vertex 146.1606079867222 -150.0164216362105 4.6
vertex 146.8171838729436 -149.81725151858873 4.6
vertex 146.81718387294032 -149.81725151858933 1.5
endloop
endfacet
facet normal -0.2902846772544479 0.9569403357322133 0
outer loop
vertex 146.1606079867222 -150.0164216362105 4.6
vertex 146.81718387294032 -149.81725151858933 1.5
vertex 146.16060798672538 -150.01642163620517 1.5
endloop
endfacet
facet normal -0.4713967368259354 0.8819212643483884 0
outer loop
vertex 145.55550418443144 -150.33985635694106 4.6
vertex 146.1606079867222 -150.0164216362105 4.6
vertex 146.16060798672538 -150.01642163620517 1.5
endloop
endfacet
facet normal -0.4713967368259354 0.8819212643483884 0
outer loop
vertex 145.55550418443144 -150.33985635694106 4.6
vertex 146.16060798672538 -150.01642163620517 1.5
vertex 145.55550418442883 -150.33985635694054 1.5
endloop
endfacet
facet normal 0 0 -1
outer loop
vertex 145.02512626584704 -150.77512626584704 4.6
vertex 145.0557427093658 -150.75000000000023 4.6
vertex 145.55550418443144 -150.33985635694106 4.6
endloop
endfacet
facet normal 0 0 -1
outer loop
vertex 145.02512626584704 -150.77512626584704 4.6
vertex 145.55550418443144 -150.33985635694106 4.6
vertex 145.55550418442883 -150.33985635694054 1.5
endloop
endfacet
facet normal 0 0 -1
outer loop
vertex 145.02512626584704 -150.77512626584704 4.6
vertex 145.55550418442883 -150.33985635694054 1.5
vertex 145.02512626584766 -150.77512626584522 1.5
endloop
endfacet
facet normal 0 0 -1
outer loop
vertex 144.58985635694103 -151.3055041844315 4.6
vertex 144.69997357232867 -151.17132596924955 4.6
vertex 144.88957072628259 -150.94030116872037 4.6
endloop
endfacet
facet normal 0 0 -1
outer loop
vertex 144.58985635694103 -151.3055041844315 4.6
vertex 144.88957072628259 -150.94030116872037 4.6
vertex 145.00632407720735 -150.7980367989927 4.6
endloop
endfacet
facet normal 0 0 -1
outer loop
vertex 144.58985635694103 -151.3055041844315 4.6
vertex 145.00632407720735 -150.7980367989927 4.6
vertex 145.02512626584704 -150.77512626584704 4.6
endloop
endfacet
facet normal 0 0 -1
outer loop
vertex 144.58985635694103 -151.3055041844315 4.6
vertex 145.02512626584704 -150.77512626584704 4.6
vertex 145.02512626584766 -150.77512626584522 1.5
endloop
endfacet
facet normal 0 0 -1
outer loop
vertex 144.58985635694103 -151.3055041844315 4.6
vertex 145.02512626584766 -150.77512626584522 1.5
vertex 144.5898563569397 -151.3055041844315 1.5
endloop
endfacet
facet normal 0 0 -1
outer loop
vertex 144.26642163621054 -151.91060798672203 4.6
vertex 144.29289788058787 -151.8610744174526 4.6
vertex 144.4953928118461 -151.48223304703248 4.6
endloop
endfacet
facet normal 0 0 -1
outer loop
vertex 144.26642163621054 -151.91060798672203 4.6
vertex 144.4953928118461 -151.48223304703248 4.6
vertex 144.58985635694103 -151.3055041844315 4.6
endloop
endfacet
facet normal 0 0 -1
outer loop
vertex 144.26642163621054 -151.91060798672203 4.6
vertex 144.58985635694103 -151.3055041844315 4.6
vertex 144.5898563569397 -151.3055041844315 1.5
endloop
endfacet
facet normal 0 0 -1
outer loop
vertex 144.26642163621054 -151.91060798672203 4.6
vertex 144.5898563569397 -151.3055041844315 1.5
vertex 144.26642163620764 -151.9106079867182 1.5
endloop
endfacet
facet normal 0 0 1
outer loop
vertex 144.06725151858873 -152.56718387294356 4.6
vertex 144.1503358861287 -152.2932914190966 4.6
vertex 144.26642163621054 -151.91060798672203 4.6
endloop
endfacet
facet normal 0 0 1
outer loop
vertex 144.06725151858873 -152.56718387294356 4.6
vertex 144.26642163621054 -151.91060798672203 4.6
vertex 144.26642163620764 -151.9106079867182 1.5
endloop
endfacet
facet normal 0 0 1
outer loop
vertex 144.06725151858873 -152.56718387294356 4.6
vertex 144.26642163620764 -151.9106079867182 1.5
vertex 144.06725151859186 -152.5671838729442 1.5
endloop
endfacet
facet normal 0 0 1
outer loop
vertex 144.00000000000003 -153.25000000000003 4.6
vertex 144.04803679899206 -152.7622741949592 4.6
vertex 144.06725151858873 -152.56718387294356 4.6
endloop
endfacet
facet normal 0 0 1
outer loop
vertex 144.00000000000003 -153.25000000000003 4.6
vertex 144.06725151858873 -152.56718387294356 4.6
vertex 144.06725151859186 -152.5671838729442 1.5
endloop
endfacet
facet normal 0 0 1
outer loop
vertex 144.00000000000003 -153.25000000000003 4.6
vertex 144.06725151859186 -152.5671838729442 1.5
vertex 144.00000000000045 -153.25000000000009 1.5
endloop
endfacet
facet normal 0 0 1
outer loop
vertex 144.06725151858873 -153.9328161270564 4.6
vertex 144.0480367989927 -153.73772580504234 4.6
vertex 144.00000000000003 -153.25000000000003 4.6
endloop
endfacet
facet normal 0 0 1
outer loop
vertex 144.06725151858873 -153.9328161270564 4.6
vertex 144.00000000000003 -153.25000000000003 4.6
vertex 144.00000000000045 -153.25000000000009 1.5
endloop
endfacet
facet normal 0 0 1
outer loop
vertex 144.06725151858873 -153.9328161270564 4.6
vertex 144.00000000000045 -153.25000000000009 1.5
vertex 144.06725151858578 -153.93281612705323 1.5
endloop
endfacet
facet normal 0 0 -1
outer loop
vertex 144.26642163621045 -154.5893920132778 4.6
vertex 144.15033588612957 -154.2067085809092 4.6
vertex 144.06725151858873 -153.9328161270564 4.6
endloop
endfacet
facet normal 0 0 -1
outer loop
vertex 144.26642163621045 -154.5893920132778 4.6
vertex 144.06725151858873 -153.9328161270564 4.6
vertex 144.06725151858578 -153.93281612705323 1.5
endloop
endfacet
facet normal 0 0 -1
outer loop
vertex 144.26642163621045 -154.5893920132778 4.6
vertex 144.06725151858578 -153.93281612705323 1.5
vertex 144.26642163621696 -154.58939201328045 1.5
endloop
endfacet
facet normal 0 0 -1
outer loop
vertex 144.58985635694114 -155.1944958155686 4.6
vertex 144.49539281183525 -155.01776695296596 4.6
vertex 144.29289788059 -154.6389255825484 4.6
endloop
endfacet
facet normal 0 0 -1
outer loop
vertex 144.58985635694114 -155.1944958155686 4.6
vertex 144.29289788059 -154.6389255825484 4.6
vertex 144.26642163621045 -154.5893920132778 4.6
endloop
endfacet
facet normal 0 0 -1
outer loop
vertex 144.58985635694114 -155.1944958155686 4.6
vertex 144.26642163621045 -154.5893920132778 4.6
vertex 144.26642163621696 -154.58939201328045 1.5
endloop
endfacet
facet normal 0 0 -1
outer loop
vertex 144.58985635694114 -155.1944958155686 4.6
vertex 144.26642163621696 -154.58939201328045 1.5
vertex 144.5898563569456 -155.19449581556995 1.5
endloop
endfacet
facet normal 0 0 1
outer loop
vertex 145.55550418443136 -156.1601436430588 4.6
vertex 145.0557427093673 -155.7500000000005 4.6
vertex 145.02512626584718 -155.72487373415302 4.6
endloop
endfacet
facet normal 0 0 1
outer loop
vertex 145.55550418443136 -156.1601436430588 4.6
vertex 145.02512626584718 -155.72487373415302 4.6
vertex 145.02512626585522 -155.7248737341633 1.5
endloop
endfacet
facet normal 0 0 1
outer loop
vertex 145.55550418443136 -156.1601436430588 4.6
vertex 145.02512626585522 -155.7248737341633 1.5
vertex 145.5555041844042 -156.16014364304033 1.5
endloop
endfacet
facet normal -0.4713967368259664 -0.8819212643483717 0
outer loop
vertex 146.1606079867222 -156.48357836378955 4.6
vertex 145.55550418443136 -156.1601436430588 4.6
vertex 145.5555041844042 -156.16014364304033 1.5
endloop
endfacet
facet normal -0.4713967368259664 -0.8819212643483717 0
outer loop
vertex 146.1606079867222 -156.48357836378955 4.6
vertex 145.5555041844042 -156.16014364304033 1.5
vertex 146.1606079867366 -156.48357836379313 1.5
endloop
endfacet
facet normal -0.29028467725447693 -0.9569403357322045 0
outer loop
vertex 146.81718387294353 -156.68274848141124 4.6
vertex 146.1606079867222 -156.48357836378955 4.6
vertex 146.1606079867366 -156.48357836379313 1.5
endloop
endfacet
facet normal -0.29028467725447693 -0.9569403357322045 0
outer loop
vertex 146.81718387294353 -156.68274848141124 4.6
vertex 146.1606079867366 -156.48357836379313 1.5
vertex 146.8171838729448 -156.6827484814114 1.5
endloop
endfacet
facet normal -0.09801714032957415 -0.9951847266721956 0
outer loop
vertex 147.49999999999991 -156.74999999999997 4.6
vertex 146.81718387294353 -156.68274848141124 4.6
vertex 146.8171838729448 -156.6827484814114 1.5
endloop
endfacet
facet normal -0.09801714032957415 -0.9951847266721956 0
outer loop
vertex 147.49999999999991 -156.74999999999997 4.6
vertex 146.8171838729448 -156.6827484814114 1.5
vertex 147.50000000000426 -156.75000000000037 1.5
endloop
endfacet
facet normal 0.09801714032957415 -0.9951847266721956 0
outer loop
vertex 148.1828161270564 -156.68274848141124 4.6
vertex 147.49999999999991 -156.74999999999997 4.6
vertex 147.50000000000426 -156.75000000000037 1.5
endloop
endfacet
facet normal 0.09801714032957415 -0.9951847266721956 0
outer loop
vertex 148.1828161270564 -156.68274848141124 4.6
vertex 147.50000000000426 -156.75000000000037 1.5
vertex 148.18281612706463 -156.6827484814114 1.5
endloop
endfacet
facet normal 0.29028467725447593 -0.9569403357322048 0
outer loop
vertex 148.83939201327783 -156.48357836378955 4.6
vertex 148.1828161270564 -156.68274848141124 4.6
vertex 148.18281612706463 -156.6827484814114 1.5
endloop
endfacet
facet normal 0.29028467725447593 -0.9569403357322048 0
outer loop
vertex 148.83939201327783 -156.48357836378955 4.6
vertex 148.18281612706463 -156.6827484814114 1.5
vertex 148.83939201326328 -156.48357836379313 1.5
endloop
endfacet
facet normal 0.47139673682596345 -0.8819212643483734 0
outer loop
vertex 149.44449581556873 -156.1601436430588 4.6
vertex 148.83939201327783 -156.48357836378955 4.6
vertex 148.83939201326328 -156.48357836379313 1.5
endloop
endfacet
facet normal 0.47139673682596345 -0.8819212643483734 0
outer loop
vertex 149.44449581556873 -156.1601436430588 4.6
vertex 148.83939201326328 -156.48357836379313 1.5
vertex 149.44449581560548 -156.16014364304033 1.5
endloop
endfacet
facet normal 0 0 -1
outer loop
vertex 149.9748737341528 -155.72487373415302 4.6
vertex 149.94425729063278 -155.7500000000005 4.6
vertex 149.44449581556873 -156.1601436430588 4.6
endloop
endfacet
facet normal 0 0 -1
outer loop
vertex 149.9748737341528 -155.72487373415302 4.6
vertex 149.44449581556873 -156.1601436430588 4.6
vertex 149.44449581560548 -156.16014364304033 1.5
endloop
endfacet
facet normal 0 0 -1
outer loop
vertex 149.9748737341528 -155.72487373415302 4.6
vertex 149.44449581560548 -156.16014364304033 1.5
vertex 149.97487373414026 -155.7248737341633 1.5
endloop
endfacet
facet normal 0 0 1
outer loop
vertex 150.410143643059 -155.1944958155686 4.6
vertex 150.3000264276626 -155.32867403075693 4.6
vertex 150.1104292737196 -155.55969883127804 4.6
endloop
endfacet
facet normal 0 0 1
outer loop
vertex 150.410143643059 -155.1944958155686 4.6
vertex 150.1104292737196 -155.55969883127804 4.6
vertex 149.99367592279125 -155.7019632010082 4.6
endloop
endfacet
facet normal 0 0 1
outer loop
vertex 150.410143643059 -155.1944958155686 4.6
vertex 149.99367592279125 -155.7019632010082 4.6
vertex 149.9748737341528 -155.72487373415302 4.6
endloop
endfacet
facet normal 0 0 1
outer loop
vertex 150.410143643059 -155.1944958155686 4.6
vertex 149.9748737341528 -155.72487373415302 4.6
vertex 149.97487373414026 -155.7248737341633 1.5
endloop
endfacet
facet normal 0 0 1
outer loop
vertex 150.410143643059 -155.1944958155686 4.6
vertex 149.97487373414026 -155.7248737341633 1.5
vertex 150.41014364305786 -155.19449581556995 1.5
endloop
endfacet
facet normal 0 0 1
outer loop
vertex 150.73357836378955 -154.5893920132778 4.6
vertex 150.70710211941 -154.6389255825484 4.6
vertex 150.50460718816487 -155.01776695296596 4.6
endloop
endfacet
facet normal 0 0 1
outer loop
vertex 150.73357836378955 -154.5893920132778 4.6
vertex 150.50460718816487 -155.01776695296596 4.6
vertex 150.410143643059 -155.1944958155686 4.6
endloop
endfacet
facet normal 0 0 1
outer loop
vertex 150.73357836378955 -154.5893920132778 4.6
vertex 150.410143643059 -155.1944958155686 4.6
vertex 150.41014364305786 -155.19449581556995 1.5
endloop
endfacet
facet normal 0 0 1
outer loop
vertex 150.73357836378955 -154.5893920132778 4.6
vertex 150.41014364305786 -155.19449581556995 1.5
vertex 150.7335783637877 -154.58939201328045 1.5
endloop
endfacet
facet normal 0 0 -1
outer loop
vertex 150.9327484814113 -153.9328161270564 4.6
vertex 150.84966411387046 -154.2067085809092 4.6
vertex 150.73357836378955 -154.5893920132778 4.6
endloop
endfacet
facet normal 0 0 -1
outer loop
vertex 150.9327484814113 -153.9328161270564 4.6
vertex 150.73357836378955 -154.5893920132778 4.6
vertex 150.7335783637877 -154.58939201328045 1.5
endloop
endfacet
facet normal 0 0 -1
outer loop
vertex 150.9327484814113 -153.9328161270564 4.6
vertex 150.7335783637877 -154.58939201328045 1.5
vertex 150.83653180545915 -154.25 1.5
endloop
endfacet
facet normal 0 0 -1
outer loop
vertex 150.9327484814113 -153.9328161270564 4.6
vertex 150.83653180545915 -154.25 1.5
vertex 150.9327484814113 -153.93281612705323 1.5
endloop
endfacet
facet normal 0 0 -1
outer loop
vertex 111.44449581556857 -150.33985635694106 4.6
vertex 111.94425729063387 -150.75000000000023 4.6
vertex 111.97487373415291 -150.77512626584704 4.6
endloop
endfacet
facet normal 0 0 -1
outer loop
vertex 111.44449581556857 -150.33985635694106 4.6
vertex 111.97487373415291 -150.77512626584704 4.6
vertex 111.97487373414751 -150.77512626584522 1.5
endloop
endfacet
facet normal 0 0 -1
outer loop
vertex 111.44449581556857 -150.33985635694106 4.6
vertex 111.97487373414751 -150.77512626584522 1.5
vertex 111.4444958155644 -150.33985635694054 1.5
endloop
endfacet
facet normal 0 0 1
outer loop
vertex 107.02512626584709 -155.72487373415302 4.6
vertex 107.00632407720863 -155.7019632010082 4.6
vertex 106.88957072628035 -155.55969883127804 4.6
endloop
endfacet
facet normal 0 0 1
outer loop
vertex 107.02512626584709 -155.72487373415302 4.6
vertex 106.88957072628035 -155.55969883127804 4.6
vertex 106.6999735723374 -155.32867403075693 4.6
endloop
endfacet
facet normal 0 0 1
outer loop
vertex 107.02512626584709 -155.72487373415302 4.6
vertex 106.6999735723374 -155.32867403075693 4.6
vertex 106.58985635694107 -155.1944958155686 4.6
endloop
endfacet
facet normal 0 0 1
outer loop
vertex 107.02512626584709 -155.72487373415302 4.6
vertex 106.58985635694107 -155.1944958155686 4.6
vertex 106.58985635692109 -155.19449581556995 1.5
endloop
endfacet
facet normal 0 0 1
outer loop
vertex 107.02512626584709 -155.72487373415302 4.6
vertex 106.58985635692109 -155.19449581556995 1.5
vertex 107.02512626584092 -155.7248737341633 1.5
endloop
endfacet
facet normal 0 0 1
outer loop
vertex 145.02512626584718 -155.72487373415302 4.6
vertex 145.00632407720872 -155.7019632010082 4.6
vertex 144.88957072628037 -155.55969883127804 4.6
endloop
endfacet
facet normal 0 0 1
outer loop
vertex 145.02512626584718 -155.72487373415302 4.6
vertex 144.88957072628037 -155.55969883127804 4.6
vertex 144.69997357233635 -155.32867403075693 4.6
endloop
endfacet
facet normal 0 0 1
outer loop
vertex 145.02512626584718 -155.72487373415302 4.6
vertex 144.69997357233635 -155.32867403075693 4.6
vertex 144.58985635694114 -155.1944958155686 4.6
endloop
endfacet
facet normal 0 0 1
outer loop
vertex 145.02512626584718 -155.72487373415302 4.6
vertex 144.58985635694114 -155.1944958155686 4.6
vertex 144.5898563569456 -155.19449581556995 1.5
endloop
endfacet
facet normal 0 0 1
outer loop
vertex 145.02512626584718 -155.72487373415302 4.6
vertex 144.5898563569456 -155.19449581556995 1.5
vertex 145.02512626585522 -155.7248737341633 1.5
endloop
endfacet
facet normal -0.9951847266721956 0.09801714032957415 0
outer loop
vertex 110.97117792060541 -91.79263548302427 9.1
vertex 111.00000000000057 -91.50000000000006 9.1
vertex 111.00000000000031 -91.50000000000269 0
endloop
endfacet
facet normal -0.9951847266721956 0.09801714032957415 0
outer loop
vertex 110.97117792060541 -91.79263548302427 9.1
vertex 111.00000000000031 -91.50000000000269 0
vertex 110.97117792060509 -91.79263548302772 0
endloop
endfacet
facet normal -0.9951847266721984 -0.09801714032954582 0
outer loop
vertex 111.00000000000057 -91.50000000000006 9.1
vertex 110.9711779206049 -91.20736451697579 9.1
vertex 110.9711779206049 -91.2073645169759 0
endloop
endfacet
facet normal -0.9951847266721984 -0.09801714032954582 0
outer loop
vertex 111.00000000000057 -91.50000000000006 9.1
vertex 110.9711779206049 -91.2073645169759 0
vertex 111.00000000000031 -91.50000000000269 0
endloop
endfacet
facet normal -0.956940335732209 -0.29028467725446194 0
outer loop
vertex 110.9711779206049 -91.20736451697579 9.1
vertex 110.88581929876696 -90.92597485145238 9.100000000000003
vertex 110.88581929876969 -90.9259748514614 0
endloop
endfacet
facet normal -0.956940335732209 -0.29028467725446194 0
outer loop
vertex 110.9711779206049 -91.20736451697579 9.1
vertex 110.88581929876969 -90.9259748514614 0
vertex 110.9711779206049 -91.2073645169759 0
endloop
endfacet
facet normal -0.8819212643483529 -0.47139673682600136 0
outer loop
vertex 110.88581929876696 -90.92597485145238 9.100000000000003
vertex 110.74720441845221 -90.66664465047147 9.1
vertex 110.74720441845089 -90.66664465046898 0
endloop
endfacet
facet normal -0.8819212643483529 -0.47139673682600136 0
outer loop
vertex 110.88581929876696 -90.92597485145238 9.100000000000003
vertex 110.74720441845089 -90.66664465046898 0
vertex 110.88581929876969 -90.9259748514614 0
endloop
endfacet
facet normal -0.7730104533627125 -0.6343932841636754 0
outer loop
vertex 110.74720441845221 -90.66664465047147 9.1
vertex 110.56066017177885 -90.43933982822097 9.1
vertex 110.56066017178314 -90.4393398282262 0
endloop
endfacet
facet normal -0.7730104533627125 -0.6343932841636754 0
outer loop
vertex 110.74720441845221 -90.66664465047147 9.1
vertex 110.56066017178314 -90.4393398282262 0
vertex 110.74720441845089 -90.66664465046898 0
endloop
endfacet
facet normal -0.6343932841636827 -0.7730104533627065 0
outer loop
vertex 110.56066017177885 -90.43933982822097 9.1
vertex 110.33335534952779 -90.25279558154814 9.1
vertex 110.33335534952103 -90.25279558154259 0
endloop
endfacet
facet normal -0.6343932841636827 -0.7730104533627065 0
outer loop
vertex 110.56066017177885 -90.43933982822097 9.1
vertex 110.33335534952103 -90.25279558154259 0
vertex 110.56066017178314 -90.4393398282262 0
endloop
endfacet
facet normal -0.47139673682601263 -0.8819212643483471 0
outer loop
vertex 110.33335534952779 -90.25279558154814 9.1
vertex 110.07402514854729 -90.11418070123376 9.100000000000003
vertex 110.07402514854572 -90.11418070123291 0
endloop
endfacet
facet normal -0.47139673682601263 -0.8819212643483471 0
outer loop
vertex 110.33335534952779 -90.25279558154814 9.1
vertex 110.07402514854572 -90.11418070123291 0
vertex 110.33335534952103 -90.25279558154259 0
endloop
endfacet
facet normal -0.29028467725446194 -0.956940335732209 0
outer loop
vertex 110.07402514854729 -90.11418070123376 9.100000000000003
vertex 109.79263548302409 -90.02882207939555 9.1
vertex 109.79263548301934 -90.0288220793941 0
endloop
endfacet
facet normal -0.29028467725446194 -0.956940335732209 0
outer loop
vertex 110.07402514854729 -90.11418070123376 9.100000000000003
vertex 109.79263548301934 -90.0288220793941 0
vertex 110.07402514854572 -90.11418070123291 0
endloop
endfacet
facet normal -0.09801714032956006 -0.9951847266721969 0
outer loop
vertex 109.79263548302409 -90.02882207939555 9.1
vertex 109.50000000000007 -89.99999999999945 9.1
vertex 109.50000000000509 -89.99999999999993 0
endloop
endfacet
facet normal -0.09801714032956006 -0.9951847266721969 0
outer loop
vertex 109.79263548302409 -90.02882207939555 9.1
vertex 109.50000000000509 -89.99999999999993 0
vertex 109.79263548301934 -90.0288220793941 0
endloop
endfacet
facet normal 0.09801714032957415 -0.9951847266721956 0
outer loop
vertex 109.50000000000007 -89.99999999999945 9.1
vertex 109.20736451697586 -90.0288220793956 9.1
vertex 109.20736451699088 -90.0288220793941 0
endloop
endfacet
facet normal 0.09801714032957415 -0.9951847266721956 0
outer loop
vertex 109.50000000000007 -89.99999999999945 9.1
vertex 109.20736451699088 -90.0288220793941 0
vertex 109.50000000000509 -89.99999999999993 0
endloop
endfacet
facet normal 0.29028467725447593 -0.9569403357322048 0
outer loop
vertex 109.20736451697586 -90.0288220793956 9.1
vertex 108.92597485145254 -90.11418070123361 9.100000000000003
vertex 108.92597485145023 -90.11418070123291 0
endloop
endfacet
facet normal 0.29028467725447593 -0.9569403357322048 0
outer loop
vertex 109.20736451697586 -90.0288220793956 9.1
vertex 108.92597485145023 -90.11418070123291 0
vertex 109.20736451699088 -90.0288220793941 0
endloop
endfacet
facet normal 0.4713967368259944 -0.8819212643483568 0
outer loop
vertex 108.92597485145254 -90.11418070123361 9.100000000000003
vertex 108.66664465047043 -90.25279558154585 9.100000000000003
vertex 108.66664465047262 -90.25279558154259 0
endloop
endfacet
facet normal 0.4713967368259944 -0.8819212643483568 0
outer loop
vertex 108.92597485145254 -90.11418070123361 9.100000000000003
vertex 108.66664465047262 -90.25279558154259 0
vertex 108.92597485145023 -90.11418070123291 0
endloop
endfacet
facet normal 0.6343932841636518 -0.7730104533627319 0
outer loop
vertex 108.66664465047043 -90.25279558154585 9.100000000000003
vertex 108.43933982822027 -90.43933982822028 9.1
vertex 108.4393398282107 -90.4393398282262 0
endloop
endfacet
facet normal 0.6343932841636518 -0.7730104533627319 0
outer loop
vertex 108.66664465047043 -90.25279558154585 9.100000000000003
vertex 108.4393398282107 -90.4393398282262 0
vertex 108.66664465047262 -90.25279558154259 0
endloop
endfacet
facet normal 0.7730104533627319 -0.6343932841636518 0
outer loop
vertex 108.43933982822027 -90.43933982822028 9.1
vertex 108.25279558154612 -90.66664465047056 9.100000000000003
vertex 108.25279558155155 -90.66664465046898 0
endloop
endfacet
facet normal 0.7730104533627319 -0.6343932841636518 0
outer loop
vertex 108.43933982822027 -90.43933982822028 9.1
vertex 108.25279558155155 -90.66664465046898 0
vertex 108.4393398282107 -90.4393398282262 0
endloop
endfacet
facet normal 0.8819212643483434 -0.47139673682601946 0
outer loop
vertex 108.25279558154612 -90.66664465047056 9.100000000000003
vertex 108.11418070123325 -90.92597485145245 9.1
vertex 108.11418070122826 -90.9259748514614 0
endloop
endfacet
facet normal 0.8819212643483434 -0.47139673682601946 0
outer loop
vertex 108.25279558154612 -90.66664465047056 9.100000000000003
vertex 108.11418070122826 -90.9259748514614 0
vertex 108.25279558155155 -90.66664465046898 0
endloop
endfacet
facet normal 0.9569403357322048 -0.29028467725447593 0
outer loop
vertex 108.11418070123325 -90.92597485145245 9.1
vertex 108.02882207939564 -91.20736451697596 9.100000000000003
vertex 108.02882207939872 -91.2073645169759 0
endloop
endfacet
facet normal 0.9569403357322048 -0.29028467725447593 0
outer loop
vertex 108.11418070123325 -90.92597485145245 9.1
vertex 108.02882207939872 -91.2073645169759 0
vertex 108.11418070122826 -90.9259748514614 0
endloop
endfacet
facet normal 0.9951847266721984 -0.09801714032954582 0
outer loop
vertex 108.02882207939564 -91.20736451697596 9.100000000000003
vertex 107.99999999999962 -91.49999999999996 9.1
vertex 107.99999999999893 -91.50000000000269 0
endloop
endfacet
facet normal 0.9951847266721984 -0.09801714032954582 0
outer loop
vertex 108.02882207939564 -91.20736451697596 9.100000000000003
vertex 107.99999999999893 -91.50000000000269 0
vertex 108.02882207939872 -91.2073645169759 0
endloop
endfacet
facet normal 0.9951847266721984 0.09801714032954582 0
outer loop
vertex 107.99999999999962 -91.49999999999996 9.1
vertex 108.02882207939562 -91.79263548302416 9.1
vertex 108.02882207939528 -91.79263548302772 0
endloop
endfacet
facet normal 0.9951847266721984 0.09801714032954582 0
outer loop
vertex 107.99999999999962 -91.49999999999996 9.1
vertex 108.02882207939528 -91.79263548302772 0
vertex 107.99999999999893 -91.50000000000269 0
endloop
endfacet
facet normal 0.9569403357322092 0.29028467725446194 0
outer loop
vertex 108.02882207939562 -91.79263548302416 9.1
vertex 108.11418070123284 -92.07402514854772 9.100000000000003
vertex 108.11418070122689 -92.07402514852807 0
endloop
endfacet
facet normal 0.9569403357322092 0.29028467725446194 0
outer loop
vertex 108.02882207939562 -91.79263548302416 9.1
vertex 108.11418070122689 -92.07402514852807 0
vertex 108.02882207939528 -91.79263548302772 0
endloop
endfacet
facet normal 0.881921264348342 0.47139673682602246 0
outer loop
vertex 108.11418070123284 -92.07402514854772 9.100000000000003
vertex 108.25279558154953 -92.33335534952762 9.1
vertex 108.25279558155361 -92.33335534953528 0
endloop
endfacet
facet normal 0.881921264348342 0.47139673682602246 0
outer loop
vertex 108.11418070123284 -92.07402514854772 9.100000000000003
vertex 108.25279558155361 -92.33335534953528 0
vertex 108.11418070122689 -92.07402514852807 0
endloop
endfacet
facet normal 0.7730104533626987 0.6343932841636921 0
outer loop
vertex 108.25279558154953 -92.33335534952762 9.1
vertex 108.43933982822176 -92.56066017177855 9.100000000000003
vertex 108.43933982822783 -92.56066017178594 0
endloop
endfacet
facet normal 0.7730104533626987 0.6343932841636921 0
outer loop
vertex 108.25279558154953 -92.33335534952762 9.1
vertex 108.43933982822783 -92.56066017178594 0
vertex 108.25279558155361 -92.33335534953528 0
endloop
endfacet
facet normal 0.6343932841636517 0.7730104533627318 0
outer loop
vertex 108.43933982822176 -92.56066017177855 9.100000000000003
vertex 108.66664465047069 -92.74720441845375 9.100000000000003
vertex 108.66664465045953 -92.74720441844458 0
endloop
endfacet
facet normal 0.6343932841636517 0.7730104533627318 0
outer loop
vertex 108.43933982822176 -92.56066017177855 9.100000000000003
vertex 108.66664465045953 -92.74720441844458 0
vertex 108.43933982822783 -92.56066017178594 0
endloop
endfacet
facet normal 0.4713967368260049 0.8819212643483512 0
outer loop
vertex 108.66664465047069 -92.74720441845375 9.100000000000003
vertex 108.92597485145376 -92.88581929876435 9.1
vertex 108.9259748514599 -92.88581929876764 0
endloop
endfacet
facet normal 0.4713967368260049 0.8819212643483512 0
outer loop
vertex 108.66664465047069 -92.74720441845375 9.100000000000003
vertex 108.9259748514599 -92.88581929876764 0
vertex 108.66664465045953 -92.74720441844458 0
endloop
endfacet
facet normal 0.2902846772544479 0.9569403357322133 0
outer loop
vertex 108.92597485145376 -92.88581929876435 9.1
vertex 109.20736451697624 -92.9711779206034 9.1
vertex 109.20736451698288 -92.97117792060541 0
endloop
endfacet
facet normal 0.2902846772544479 0.9569403357322133 0
outer loop
vertex 108.92597485145376 -92.88581929876435 9.1
vertex 109.20736451698288 -92.97117792060541 0
vertex 108.9259748514599 -92.88581929876764 0
endloop
endfacet
facet normal 0.09801714032954574 0.9951847266721985 0
outer loop
vertex 109.20736451697624 -92.9711779206034 9.1
vertex 109.50000000000003 -92.99999999999987 9.1
vertex 109.50000000000163 -93.00000000000003 0
endloop
endfacet
facet normal 0.09801714032954574 0.9951847266721985 0
outer loop
vertex 109.20736451697624 -92.9711779206034 9.1
vertex 109.50000000000163 -93.00000000000003 0
vertex 109.20736451698288 -92.97117792060541 0
endloop
endfacet
facet normal -0.09801714032954582 0.9951847266721984 0
outer loop
vertex 109.50000000000003 -92.99999999999987 9.1
vertex 109.79263548302421 -92.97117792060502 9.1
vertex 109.79263548302426 -92.97117792060541 0
endloop
endfacet
facet normal -0.09801714032954582 0.9951847266721984 0
outer loop
vertex 109.50000000000003 -92.99999999999987 9.1
vertex 109.79263548302426 -92.97117792060541 0
vertex 109.50000000000163 -93.00000000000003 0
endloop
endfacet
facet normal -0.29028467725447593 0.9569403357322048 0
outer loop
vertex 109.79263548302421 -92.97117792060502 9.1
vertex 110.07402514854769 -92.88581929876712 9.100000000000003
vertex 110.07402514854702 -92.88581929876764 0
endloop
endfacet
facet normal -0.29028467725447593 0.9569403357322048 0
outer loop
vertex 109.79263548302421 -92.97117792060502 9.1
vertex 110.07402514854702 -92.88581929876764 0
vertex 109.79263548302426 -92.97117792060541 0
endloop
endfacet
facet normal -0.4713967368259944 0.8819212643483568 0
outer loop
vertex 110.07402514854769 -92.88581929876712 9.100000000000003
vertex 110.33335534952943 -92.74720441845386 9.100000000000003
vertex 110.33335534952995 -92.74720441844458 0
endloop
endfacet
facet normal -0.4713967368259944 0.8819212643483568 0
outer loop
vertex 110.07402514854769 -92.88581929876712 9.100000000000003
vertex 110.33335534952995 -92.74720441844458 0
vertex 110.07402514854702 -92.88581929876764 0
endloop
endfacet
facet normal -0.6343932841636448 0.7730104533627374 0
outer loop
vertex 110.33335534952943 -92.74720441845386 9.100000000000003
vertex 110.56066017177994 -92.56066017177997 9.1
vertex 110.56066017177868 -92.56066017178594 0
endloop
endfacet
facet normal -0.6343932841636448 0.7730104533627374 0
outer loop
vertex 110.33335534952943 -92.74720441845386 9.100000000000003
vertex 110.56066017177868 -92.56066017178594 0
vertex 110.33335534952995 -92.74720441844458 0
endloop
endfacet
facet normal -0.7730104533627375 0.6343932841636448 0
outer loop
vertex 110.56066017177994 -92.56066017177997 9.1
vertex 110.74720441845373 -92.33335534952933 9.100000000000003
vertex 110.74720441845331 -92.33335534953528 0
endloop
endfacet
facet normal -0.7730104533627375 0.6343932841636448 0
outer loop
vertex 110.56066017177994 -92.56066017177997 9.1
vertex 110.74720441845331 -92.33335534953528 0
vertex 110.56066017177868 -92.56066017178594 0
endloop
endfacet
facet normal -0.8819212643483552 0.47139673682599736 0
outer loop
vertex 110.74720441845373 -92.33335534952933 9.100000000000003
vertex 110.88581929876669 -92.0740251485475 9.1
vertex 110.88581929876776 -92.07402514852807 0
endloop
endfacet
facet normal -0.8819212643483552 0.47139673682599736 0
outer loop
vertex 110.74720441845373 -92.33335534952933 9.100000000000003
vertex 110.88581929876776 -92.07402514852807 0
vertex 110.74720441845331 -92.33335534953528 0
endloop
endfacet
facet normal -0.9569403357322048 0.29028467725447593 0
outer loop
vertex 110.88581929876669 -92.0740251485475 9.1
vertex 110.97117792060541 -91.79263548302427 9.1
vertex 110.97117792060509 -91.79263548302772 0
endloop
endfacet
facet normal -0.9569403357322048 0.29028467725447593 0
outer loop
vertex 110.88581929876669 -92.0740251485475 9.1
vertex 110.97117792060509 -91.79263548302772 0
vertex 110.88581929876776 -92.07402514852807 0
endloop
endfacet
facet normal -0.9951847266721956 0.09801714032957415 0
outer loop
vertex 148.97117792060396 -91.79263548302413 9.1
vertex 148.99999999999915 -91.49999999999993 9.1
vertex 149.00000000000037 -91.50000000000269 0
endloop
endfacet
facet normal -0.9951847266721956 0.09801714032957415 0
outer loop
vertex 148.97117792060396 -91.79263548302413 9.1
vertex 149.00000000000037 -91.50000000000269 0
vertex 148.9711779206036 -91.79263548302772 0
endloop
endfacet
facet normal -0.9951847266721956 -0.09801714032957415 0
outer loop
vertex 148.99999999999915 -91.49999999999993 9.1
vertex 148.9711779206065 -91.20736451697567 9.100000000000003
vertex 148.9711779206071 -91.2073645169759 0
endloop
endfacet
facet normal -0.9951847266721956 -0.09801714032957415 0
outer loop
vertex 148.99999999999915 -91.49999999999993 9.1
vertex 148.9711779206071 -91.2073645169759 0
vertex 149.00000000000037 -91.50000000000269 0
endloop
endfacet
facet normal -0.9569403357322049 -0.29028467725447593 0
outer loop
vertex 148.9711779206065 -91.20736451697567 9.100000000000003
vertex 148.88581929876722 -90.92597485145231 9.100000000000003
vertex 148.88581929877066 -90.9259748514614 0
endloop
endfacet
facet normal -0.9569403357322049 -0.29028467725447593 0
outer loop
vertex 148.9711779206065 -91.20736451697567 9.100000000000003
vertex 148.88581929877066 -90.9259748514614 0
vertex 148.9711779206071 -91.2073645169759 0
endloop
endfacet
facet normal -0.8819212643483268 -0.47139673682605043 0
outer loop
vertex 148.88581929876722 -90.92597485145231 9.100000000000003
vertex 148.747204418452 -90.6666446504716 9.1
vertex 148.74720441844244 -90.66664465046898 0
endloop
endfacet
facet normal -0.8819212643483268 -0.47139673682605043 0
outer loop
vertex 148.88581929876722 -90.92597485145231 9.100000000000003
vertex 148.74720441844244 -90.66664465046898 0
vertex 148.88581929877066 -90.9259748514614 0
endloop
endfacet
facet normal -0.7730104533627572 -0.6343932841636208 0
outer loop
vertex 148.747204418452 -90.6666446504716 9.1
vertex 148.56066017178128 -90.43933982821896 9.1
vertex 148.5606601717808 -90.4393398282262 0
endloop
endfacet
facet normal -0.7730104533627572 -0.6343932841636208 0
outer loop
vertex 148.747204418452 -90.6666446504716 9.1
vertex 148.5606601717808 -90.4393398282262 0
vertex 148.74720441844244 -90.66664465046898 0
endloop
endfacet
facet normal -0.6343932841636218 -0.7730104533627565 0
outer loop
vertex 148.56066017178128 -90.43933982821896 9.1
vertex 148.3333553495307 -90.25279558154465 9.1
vertex 148.33335534953457 -90.25279558154259 0
endloop
endfacet
facet normal -0.6343932841636218 -0.7730104533627565 0
outer loop
vertex 148.56066017178128 -90.43933982821896 9.1
vertex 148.33335534953457 -90.25279558154259 0
vertex 148.5606601717808 -90.4393398282262 0
endloop
endfacet
facet normal -0.4713967368260368 -0.8819212643483342 0
outer loop
vertex 148.3333553495307 -90.25279558154465 9.1
vertex 148.07402514854815 -90.11418070123221 9.1
vertex 148.07402514855445 -90.11418070123291 0
endloop
endfacet
facet normal -0.4713967368260368 -0.8819212643483342 0
outer loop
vertex 148.3333553495307 -90.25279558154465 9.1
vertex 148.07402514855445 -90.11418070123291 0
vertex 148.33335534953457 -90.25279558154259 0
endloop
endfacet
facet normal -0.2902846772544479 -0.9569403357322133 0
outer loop
vertex 148.07402514854815 -90.11418070123221 9.1
vertex 147.79263548302404 -90.02882207939555 9.1
vertex 147.79263548301427 -90.0288220793941 0
endloop
endfacet
facet normal -0.2902846772544479 -0.9569403357322133 0
outer loop
vertex 148.07402514854815 -90.11418070123221 9.1
vertex 147.79263548301427 -90.0288220793941 0
vertex 148.07402514855445 -90.11418070123291 0
endloop
endfacet
facet normal -0.09801714032954574 -0.9951847266721985 0
outer loop
vertex 147.79263548302404 -90.02882207939555 9.1
vertex 147.50000000000017 -89.99999999999845 9.1
vertex 147.50000000001222 -89.99999999999993 0
endloop
endfacet
facet normal -0.09801714032954574 -0.9951847266721985 0
outer loop
vertex 147.79263548302404 -90.02882207939555 9.1
vertex 147.50000000001222 -89.99999999999993 0
vertex 147.79263548301427 -90.0288220793941 0
endloop
endfacet
facet normal 0.09801714032957415 -0.9951847266721956 0
outer loop
vertex 147.50000000000017 -89.99999999999845 9.1
vertex 147.2073645169759 -90.02882207939601 9.1
vertex 147.20736451699796 -90.0288220793941 0
endloop
endfacet
facet normal 0.09801714032957415 -0.9951847266721956 0
outer loop
vertex 147.50000000000017 -89.99999999999845 9.1
vertex 147.20736451699796 -90.0288220793941 0
vertex 147.50000000001222 -89.99999999999993 0
endloop
endfacet
facet normal 0.2902846772544479 -0.9569403357322133 0
outer loop
vertex 147.2073645169759 -90.02882207939601 9.1
vertex 146.92597485145228 -90.11418070123281 9.1
vertex 146.92597485144395 -90.11418070123291 0
endloop
endfacet
facet normal 0.2902846772544479 -0.9569403357322133 0
outer loop
vertex 147.2073645169759 -90.02882207939601 9.1
vertex 146.92597485144395 -90.11418070123291 0
vertex 147.20736451699796 -90.0288220793941 0
endloop
endfacet
facet normal 0.4713967368259914 -0.8819212643483584 0
outer loop
vertex 146.92597485145228 -90.11418070123281 9.1
vertex 146.66664465047103 -90.25279558154699 9.100000000000003
vertex 146.6666446504825 -90.25279558154259 0
endloop
endfacet
facet normal 0.4713967368259914 -0.8819212643483584 0
outer loop
vertex 146.92597485145228 -90.11418070123281 9.1
vertex 146.6666446504825 -90.25279558154259 0
vertex 146.92597485144395 -90.11418070123291 0
endloop
endfacet
facet normal 0.6343932841636208 -0.7730104533627572 0
outer loop
vertex 146.66664465047103 -90.25279558154699 9.100000000000003
vertex 146.43933982822026 -90.43933982822027 9.100000000000003
vertex 146.4393398282054 -90.4393398282262 0
endloop
endfacet
facet normal 0.6343932841636208 -0.7730104533627572 0
outer loop
vertex 146.66664465047103 -90.25279558154699 9.100000000000003
vertex 146.4393398282054 -90.4393398282262 0
vertex 146.6666446504825 -90.25279558154259 0
endloop
endfacet
facet normal 0.7730104533627769 -0.634393284163597 0
outer loop
vertex 146.43933982822026 -90.43933982822027 9.100000000000003
vertex 146.2527955815463 -90.6666446504707 9.1
vertex 146.25279558155276 -90.66664465046898 0
endloop
endfacet
facet normal 0.7730104533627769 -0.634393284163597 0
outer loop
vertex 146.43933982822026 -90.43933982822027 9.100000000000003
vertex 146.25279558155276 -90.66664465046898 0
vertex 146.4393398282054 -90.4393398282262 0
endloop
endfacet
facet normal 0.8819212643483402 -0.47139673682602534 0
outer loop
vertex 146.2527955815463 -90.6666446504707 9.1
vertex 146.11418070123236 -90.925974851452 9.1
vertex 146.11418070122443 -90.9259748514614 0
endloop
endfacet
facet normal 0.8819212643483402 -0.47139673682602534 0
outer loop
vertex 146.2527955815463 -90.6666446504707 9.1
vertex 146.11418070122443 -90.9259748514614 0
vertex 146.25279558155276 -90.66664465046898 0
endloop
endfacet
facet normal 0.9569403357322133 -0.2902846772544479 0
outer loop
vertex 146.11418070123236 -90.925974851452 9.1
vertex 146.02882207939567 -91.20736451697596 9.1
vertex 146.0288220794003 -91.2073645169759 0
endloop
endfacet
facet normal 0.9569403357322133 -0.2902846772544479 0
outer loop
vertex 146.11418070123236 -90.925974851452 9.1
vertex 146.0288220794003 -91.2073645169759 0
vertex 146.11418070122443 -90.9259748514614 0
endloop
endfacet
facet normal 0.9951847266721927 -0.09801714032960246 0
outer loop
vertex 146.02882207939567 -91.20736451697596 9.1
vertex 145.99999999999991 -91.5 9.1
vertex 145.99999999999935 -91.50000000000269 0
endloop
endfacet
facet normal 0.9951847266721927 -0.09801714032960246 0
outer loop
vertex 146.02882207939567 -91.20736451697596 9.1
vertex 145.99999999999935 -91.50000000000269 0
vertex 146.0288220794003 -91.2073645169759 0
endloop
endfacet
facet normal 0.9951847266721956 0.09801714032957415 0
outer loop
vertex 145.99999999999991 -91.5 9.1
vertex 146.02882207939618 -91.7926354830241 9.1
vertex 146.02882207939572 -91.79263548302772 0
endloop
endfacet
facet normal 0.9951847266721956 0.09801714032957415 0
outer loop
vertex 145.99999999999991 -91.5 9.1
vertex 146.02882207939572 -91.79263548302772 0
vertex 145.99999999999935 -91.50000000000269 0
endloop
endfacet
facet normal 0.9569403357322133 0.2902846772544479 0
outer loop
vertex 146.02882207939618 -91.7926354830241 9.1
vertex 146.114180701233 -92.07402514854765 9.1
vertex 146.11418070122758 -92.07402514852807 0
endloop
endfacet
facet normal 0.9569403357322133 0.2902846772544479 0
outer loop
vertex 146.02882207939618 -91.7926354830241 9.1
vertex 146.11418070122758 -92.07402514852807 0
vertex 146.02882207939572 -91.79263548302772 0
endloop
endfacet
facet normal 0.8819212643483268 0.47139673682605043 0
outer loop
vertex 146.114180701233 -92.07402514854765 9.1
vertex 146.25279558154438 -92.33335534953036 9.1
vertex 146.25279558156214 -92.33335534953528 0
endloop
endfacet
facet normal 0.8819212643483268 0.47139673682605043 0
outer loop
vertex 146.114180701233 -92.07402514854765 9.1
vertex 146.25279558156214 -92.33335534953528 0
vertex 146.11418070122758 -92.07402514852807 0
endloop
endfacet
facet normal 0.7730104533627699 0.6343932841636054 0
outer loop
vertex 146.25279558154438 -92.33335534953036 9.1
vertex 146.43933982822085 -92.56066017177932 9.100000000000003
vertex 146.43933982821275 -92.56066017178594 0
endloop
endfacet
facet normal 0.7730104533627699 0.6343932841636054 0
outer loop
vertex 146.25279558154438 -92.33335534953036 9.1
vertex 146.43933982821275 -92.56066017178594 0
vertex 146.25279558156214 -92.33335534953528 0
endloop
endfacet
facet normal 0.634393284163652 0.7730104533627318 0
outer loop
vertex 146.43933982822085 -92.56066017177932 9.100000000000003
vertex 146.66664465047054 -92.74720441845392 9.1
vertex 146.66664465045585 -92.74720441844458 0
endloop
endfacet
facet normal 0.634393284163652 0.7730104533627318 0
outer loop
vertex 146.43933982822085 -92.56066017177932 9.100000000000003
vertex 146.66664465045585 -92.74720441844458 0
vertex 146.43933982821275 -92.56066017178594 0
endloop
endfacet
facet normal 0.4713967368259695 0.88192126434837 0
outer loop
vertex 146.66664465047054 -92.74720441845392 9.1
vertex 146.9259748514538 -92.88581929876429 9.1
vertex 146.9259748514587 -92.88581929876764 0
endloop
endfacet
facet normal 0.4713967368259695 0.88192126434837 0
outer loop
vertex 146.66664465047054 -92.74720441845392 9.1
vertex 146.9259748514587 -92.88581929876764 0
vertex 146.66664465045585 -92.74720441844458 0
endloop
endfacet
facet normal 0.2902846772544479 0.9569403357322133 0
outer loop
vertex 146.9259748514538 -92.88581929876429 9.1
vertex 147.2073645169757 -92.97117792060527 9.1
vertex 147.2073645169904 -92.97117792060541 0
endloop
endfacet
facet normal 0.2902846772544479 0.9569403357322133 0
outer loop
vertex 146.9259748514538 -92.88581929876429 9.1
vertex 147.2073645169904 -92.97117792060541 0
vertex 146.9259748514587 -92.88581929876764 0
endloop
endfacet
facet normal 0.09801714032954574 0.9951847266721985 0
outer loop
vertex 147.2073645169757 -92.97117792060527 9.1
vertex 147.50000000000017 -92.99999999999844 9.100000000000003
vertex 147.49999999998735 -93.00000000000003 0
endloop
endfacet
facet normal 0.09801714032954574 0.9951847266721985 0
outer loop
vertex 147.2073645169757 -92.97117792060527 9.1
vertex 147.49999999998735 -93.00000000000003 0
vertex 147.2073645169904 -92.97117792060541 0
endloop
endfacet
facet normal -0.09801714032956006 0.9951847266721969 0
outer loop
vertex 147.50000000000017 -92.99999999999844 9.100000000000003
vertex 147.79263548302427 -92.97117792060573 9.1
vertex 147.7926354830184 -92.97117792060541 0
endloop
endfacet
facet normal -0.09801714032956006 0.9951847266721969 0
outer loop
vertex 147.50000000000017 -92.99999999999844 9.100000000000003
vertex 147.7926354830184 -92.97117792060541 0
vertex 147.49999999998735 -93.00000000000003 0
endloop
endfacet
facet normal -0.2902846772544479 0.9569403357322133 0
outer loop
vertex 147.79263548302427 -92.97117792060573 9.1
vertex 148.07402514854755 -92.88581929876669 9.1
vertex 148.07402514855434 -92.88581929876764 0
endloop
endfacet
facet normal -0.2902846772544479 0.9569403357322133 0
outer loop
vertex 147.79263548302427 -92.97117792060573 9.1
vertex 148.07402514855434 -92.88581929876764 0
vertex 147.7926354830184 -92.97117792060541 0
endloop
endfacet
facet normal -0.4713967368259914 0.8819212643483584 0
outer loop
vertex 148.07402514854755 -92.88581929876669 9.1
vertex 148.33335534952994 -92.74720441845483 9.1
vertex 148.3333553495213 -92.74720441844458 0
endloop
endfacet
facet normal -0.4713967368259914 0.8819212643483584 0
outer loop
vertex 148.07402514854755 -92.88581929876669 9.1
vertex 148.3333553495213 -92.74720441844458 0
vertex 148.07402514855434 -92.88581929876764 0
endloop
endfacet
facet normal -0.6343932841636364 0.7730104533627445 0
outer loop
vertex 148.33335534952994 -92.74720441845483 9.1
vertex 148.56066017177932 -92.56066017177919 9.1
vertex 148.56066017178242 -92.56066017178594 0
endloop
endfacet
facet normal -0.6343932841636364 0.7730104533627445 0
outer loop
vertex 148.33335534952994 -92.74720441845483 9.1
vertex 148.56066017178242 -92.56066017178594 0
vertex 148.3333553495213 -92.74720441844458 0
endloop
endfacet
facet normal -0.7730104533627769 0.634393284163597 0
outer loop
vertex 148.56066017177932 -92.56066017177919 9.1
vertex 148.74720441845383 -92.3333553495294 9.1
vertex 148.74720441845412 -92.33335534953528 0
endloop
endfacet
facet normal -0.7730104533627769 0.634393284163597 0
outer loop
vertex 148.56066017177932 -92.56066017177919 9.1
vertex 148.74720441845412 -92.33335534953528 0
vertex 148.56066017178242 -92.56066017178594 0
endloop
endfacet
facet normal -0.8819212643483253 0.47139673682605343 0
outer loop
vertex 148.74720441845383 -92.3333553495294 9.1
vertex 148.885819298767 -92.07402514854768 9.1
vertex 148.88581929876807 -92.07402514852807 0
endloop
endfacet
facet normal -0.8819212643483253 0.47139673682605343 0
outer loop
vertex 148.74720441845383 -92.3333553495294 9.1
vertex 148.88581929876807 -92.07402514852807 0
vertex 148.74720441845412 -92.33335534953528 0
endloop
endfacet
facet normal -0.9569403357322133 0.2902846772544479 0
outer loop
vertex 148.885819298767 -92.07402514854768 9.1
vertex 148.97117792060396 -91.79263548302413 9.1
vertex 148.9711779206036 -91.79263548302772 0
endloop
endfacet
facet normal -0.9569403357322133 0.2902846772544479 0
outer loop
vertex 148.885819298767 -92.07402514854768 9.1
vertex 148.9711779206036 -91.79263548302772 0
vertex 148.88581929876807 -92.07402514852807 0
endloop
endfacet
facet normal -0.9951847266721969 0.09801714032956006 0
outer loop
vertex 110.97117792060565 -153.54263548302424 9.1
vertex 111.00000000000081 -153.25000000000009 9.1
vertex 110.99999999999973 -153.2499999999936 0
endloop
endfacet
facet normal -0.9951847266721969 0.09801714032956006 0
outer loop
vertex 110.97117792060565 -153.54263548302424 9.1
vertex 110.99999999999973 -153.2499999999936 0
vertex 110.97117792060514 -153.54263548302944 0
endloop
endfacet
facet normal -0.9951847266721984 -0.09801714032954582 0
outer loop
vertex 111.00000000000081 -153.25000000000009 9.1
vertex 110.97117792060351 -152.95736451697596 9.1
vertex 110.97117792060263 -152.95736451698062 0
endloop
endfacet
facet normal -0.9951847266721984 -0.09801714032954582 0
outer loop
vertex 111.00000000000081 -153.25000000000009 9.1
vertex 110.97117792060263 -152.95736451698062 0
vertex 110.99999999999973 -153.2499999999936 0
endloop
endfacet
facet normal -0.9569403357322133 -0.2902846772544479 0
outer loop
vertex 110.97117792060351 -152.95736451697596 9.1
vertex 110.88581929876733 -152.67597485145222 9.1
vertex 110.88581929876491 -152.67597485145893 0
endloop
endfacet
facet normal -0.9569403357322133 -0.2902846772544479 0
outer loop
vertex 110.97117792060351 -152.95736451697596 9.1
vertex 110.88581929876491 -152.67597485145893 0
vertex 110.97117792060263 -152.95736451698062 0
endloop
endfacet
facet normal -0.8819212643483401 -0.47139673682602595 0
outer loop
vertex 110.88581929876733 -152.67597485145222 9.1
vertex 110.74720441845564 -152.4166446504697 9.100000000000003
vertex 110.74720441846016 -152.41664465046642 0
endloop
endfacet
facet normal -0.8819212643483401 -0.47139673682602595 0
outer loop
vertex 110.88581929876733 -152.67597485145222 9.1
vertex 110.74720441846016 -152.41664465046642 0
vertex 110.88581929876491 -152.67597485145893 0
endloop
endfacet
facet normal -0.7730104533627317 -0.634393284163652 0
outer loop
vertex 110.74720441845564 -152.4166446504697 9.100000000000003
vertex 110.56066017177993 -152.1893398282201 9.100000000000003
vertex 110.56066017177177 -152.1893398282194 0
endloop
endfacet
facet normal -0.7730104533627317 -0.634393284163652 0
outer loop
vertex 110.74720441845564 -152.4166446504697 9.100000000000003
vertex 110.56066017177177 -152.1893398282194 0
vertex 110.74720441846016 -152.41664465046642 0
endloop
endfacet
facet normal -0.634393284163572 -0.7730104533627973 0
outer loop
vertex 110.56066017177993 -152.1893398282201 9.100000000000003
vertex 110.33335534953108 -152.0027955815442 9.100000000000003
vertex 110.33335534953356 -152.0027955815528 0
endloop
endfacet
facet normal -0.634393284163572 -0.7730104533627973 0
outer loop
vertex 110.56066017177993 -152.1893398282201 9.100000000000003
vertex 110.33335534953356 -152.0027955815528 0
vertex 110.56066017177177 -152.1893398282194 0
endloop
endfacet
facet normal -0.4713967368260224 -0.8819212643483418 0
outer loop
vertex 110.33335534953108 -152.0027955815442 9.100000000000003
vertex 110.07402514854856 -151.8641807012314 9.1
vertex 110.07402514855669 -151.8641807012315 0
endloop
endfacet
facet normal -0.4713967368260224 -0.8819212643483418 0
outer loop
vertex 110.33335534953108 -152.0027955815442 9.100000000000003
vertex 110.07402514855669 -151.8641807012315 0
vertex 110.33335534953356 -152.0027955815528 0
endloop
endfacet
facet normal -0.29028467725447593 -0.9569403357322048 0
outer loop
vertex 110.07402514854856 -151.8641807012314 9.1
vertex 109.79263548302423 -151.77882207939507 9.100000000000003
vertex 109.79263548303393 -151.77882207939692 0
endloop
endfacet
facet normal -0.29028467725447593 -0.9569403357322048 0
outer loop
vertex 110.07402514854856 -151.8641807012314 9.1
vertex 109.79263548303393 -151.77882207939692 0
vertex 110.07402514855669 -151.8641807012315 0
endloop
endfacet
facet normal -0.09801714032954582 -0.9951847266721984 0
outer loop
vertex 109.79263548302423 -151.77882207939507 9.100000000000003
vertex 109.49999999999984 -151.7500000000019 9.100000000000003
vertex 109.49999999998585 -151.75000000000028 0
endloop
endfacet
facet normal -0.09801714032954582 -0.9951847266721984 0
outer loop
vertex 109.79263548302423 -151.77882207939507 9.100000000000003
vertex 109.49999999998585 -151.75000000000028 0
vertex 109.79263548303393 -151.77882207939692 0
endloop
endfacet
facet normal 0.09801714032954581 -0.9951847266721984 0
outer loop
vertex 109.49999999999984 -151.7500000000019 9.100000000000003
vertex 109.20736451697573 -151.77882207939427 9.100000000000003
vertex 109.207364516947 -151.77882207939692 0
endloop
endfacet
facet normal 0.09801714032954581 -0.9951847266721984 0
outer loop
vertex 109.49999999999984 -151.7500000000019 9.100000000000003
vertex 109.207364516947 -151.77882207939692 0
vertex 109.49999999998585 -151.75000000000028 0
endloop
endfacet
facet normal 0.2902846772544479 -0.9569403357322133 0
outer loop
vertex 109.20736451697573 -151.77882207939427 9.100000000000003
vertex 108.92597485145257 -151.86418070123375 9.1
vertex 108.92597485147058 -151.8641807012315 0
endloop
endfacet
facet normal 0.2902846772544479 -0.9569403357322133 0
outer loop
vertex 109.20736451697573 -151.77882207939427 9.100000000000003
vertex 108.92597485147058 -151.8641807012315 0
vertex 109.207364516947 -151.77882207939692 0
endloop
endfacet
facet normal 0.47139673682604755 -0.8819212643483285 0
outer loop
vertex 108.92597485145257 -151.86418070123375 9.1
vertex 108.66664465047087 -152.00279558154668 9.1
vertex 108.6666446504552 -152.0027955815528 0
endloop
endfacet
facet normal 0.47139673682604755 -0.8819212643483285 0
outer loop
vertex 108.92597485145257 -151.86418070123375 9.1
vertex 108.6666446504552 -152.0027955815528 0
vertex 108.92597485147058 -151.8641807012315 0
endloop
endfacet
facet normal 0.6343932841636208 -0.7730104533627572 0
outer loop
vertex 108.66664465047087 -152.00279558154668 9.1
vertex 108.43933982822044 -152.18933982822048 9.1
vertex 108.43933982822823 -152.1893398282194 0
endloop
endfacet
facet normal 0.6343932841636208 -0.7730104533627572 0
outer loop
vertex 108.66664465047087 -152.00279558154668 9.1
vertex 108.43933982822823 -152.1893398282194 0
vertex 108.6666446504552 -152.0027955815528 0
endloop
endfacet
facet normal 0.7730104533627572 -0.6343932841636208 0
outer loop
vertex 108.43933982822044 -152.18933982822048 9.1
vertex 108.25279558154676 -152.41664465047106 9.1
vertex 108.25279558155056 -152.41664465046642 0
endloop
endfacet
facet normal 0.7730104533627572 -0.6343932841636208 0
outer loop
vertex 108.43933982822044 -152.18933982822048 9.1
vertex 108.25279558155056 -152.41664465046642 0
vertex 108.43933982822823 -152.1893398282194 0
endloop
endfacet
facet normal 0.8819212643483552 -0.47139673682599736 0
outer loop
vertex 108.25279558154676 -152.41664465047106 9.1
vertex 108.11418070123408 -152.6759748514529 9.1
vertex 108.11418070122939 -152.67597485145893 0
endloop
endfacet
facet normal 0.8819212643483552 -0.47139673682599736 0
outer loop
vertex 108.25279558154676 -152.41664465047106 9.1
vertex 108.11418070122939 -152.67597485145893 0
vertex 108.25279558155056 -152.41664465046642 0
endloop
endfacet
facet normal 0.9569403357322133 -0.2902846772544479 0
outer loop
vertex 108.11418070123408 -152.6759748514529 9.1
vertex 108.02882207939497 -152.95736451697576 9.1
vertex 108.02882207939352 -152.95736451698062 0
endloop
endfacet
facet normal 0.9569403357322133 -0.2902846772544479 0
outer loop
vertex 108.11418070123408 -152.6759748514529 9.1
vertex 108.02882207939352 -152.95736451698062 0
vertex 108.11418070122939 -152.67597485145893 0
endloop
endfacet
facet normal 0.9951847266721969 -0.09801714032956006 0
outer loop
vertex 108.02882207939497 -152.95736451697576 9.1
vertex 108.00000000000087 -153.25000000000009 9.1
vertex 108.00000000000166 -153.2499999999936 0
endloop
endfacet
facet normal 0.9951847266721969 -0.09801714032956006 0
outer loop
vertex 108.02882207939497 -152.95736451697576 9.1
vertex 108.00000000000166 -153.2499999999936 0
vertex 108.02882207939352 -152.95736451698062 0
endloop
endfacet
facet normal 0.9951847266721984 0.09801714032954582 0
outer loop
vertex 108.00000000000087 -153.25000000000009 9.1
vertex 108.02882207939433 -153.54263548302424 9.1
vertex 108.02882207939545 -153.54263548302944 0
endloop
endfacet
facet normal 0.9951847266721984 0.09801714032954582 0
outer loop
vertex 108.00000000000087 -153.25000000000009 9.1
vertex 108.02882207939545 -153.54263548302944 0
vertex 108.00000000000166 -153.2499999999936 0
endloop
endfacet
facet normal 0.9569403357322133 0.2902846772544479 0
outer loop
vertex 108.02882207939433 -153.54263548302424 9.1
vertex 108.1141807012335 -153.8240251485475 9.1
vertex 108.11418070123796 -153.8240251485692 0
endloop
endfacet
facet normal 0.9569403357322133 0.2902846772544479 0
outer loop
vertex 108.02882207939433 -153.54263548302424 9.1
vertex 108.11418070123796 -153.8240251485692 0
vertex 108.02882207939545 -153.54263548302944 0
endloop
endfacet
facet normal 0.8819212643483704 0.47139673682596916 0
outer loop
vertex 108.1141807012335 -153.8240251485475 9.1
vertex 108.2527955815452 -154.08335534953 9.100000000000003
vertex 108.2527955815375 -154.08335534952107 0
endloop
endfacet
facet normal 0.8819212643483704 0.47139673682596916 0
outer loop
vertex 108.1141807012335 -153.8240251485475 9.1
vertex 108.2527955815375 -154.08335534952107 0
vertex 108.11418070123796 -153.8240251485692 0
endloop
endfacet
facet normal 0.7730104533627565 0.6343932841636218 0
outer loop
vertex 108.2527955815452 -154.08335534953 9.100000000000003
vertex 108.43933982821854 -154.3106601717812 9.100000000000003
vertex 108.43933982821508 -154.31066017177693 0
endloop
endfacet
facet normal 0.7730104533627565 0.6343932841636218 0
outer loop
vertex 108.2527955815452 -154.08335534953 9.100000000000003
vertex 108.43933982821508 -154.31066017177693 0
vertex 108.2527955815375 -154.08335534952107 0
endloop
endfacet
facet normal 0.6343932841635994 0.7730104533627747 0
outer loop
vertex 108.43933982821854 -154.3106601717812 9.100000000000003
vertex 108.66664465047019 -154.49720441845437 9.100000000000003
vertex 108.66664465046125 -154.497204418448 0
endloop
endfacet
facet normal 0.6343932841635994 0.7730104533627747 0
outer loop
vertex 108.43933982821854 -154.3106601717812 9.100000000000003
vertex 108.66664465046125 -154.497204418448 0
vertex 108.43933982821508 -154.31066017177693 0
endloop
endfacet
facet normal 0.4713967368260505 0.881921264348327 0
outer loop
vertex 108.66664465047019 -154.49720441845437 9.100000000000003
vertex 108.9259748514533 -154.63581929876528 9.100000000000003
vertex 108.9259748514589 -154.63581929877006 0
endloop
endfacet
facet normal 0.4713967368260505 0.881921264348327 0
outer loop
vertex 108.66664465047019 -154.49720441845437 9.100000000000003
vertex 108.9259748514589 -154.63581929877006 0
vertex 108.66664465046125 -154.497204418448 0
endloop
endfacet
facet normal 0.2902846772544479 0.9569403357322133 0
outer loop
vertex 108.9259748514533 -154.63581929876528 9.100000000000003
vertex 109.20736451697584 -154.7211779206047 9.1
vertex 109.20736451698167 -154.721177920607 0
endloop
endfacet
facet normal 0.2902846772544479 0.9569403357322133 0
outer loop
vertex 108.9259748514533 -154.63581929876528 9.100000000000003
vertex 109.20736451698167 -154.721177920607 0
vertex 108.9259748514589 -154.63581929877006 0
endloop
endfacet
facet normal 0.09801714032960263 0.9951847266721927 0
outer loop
vertex 109.20736451697584 -154.7211779206047 9.1
vertex 109.49999999999994 -154.75000000000082 9.1
vertex 109.49999999998738 -154.7500000000004 0
endloop
endfacet
facet normal 0.09801714032960263 0.9951847266721927 0
outer loop
vertex 109.20736451697584 -154.7211779206047 9.1
vertex 109.49999999998738 -154.7500000000004 0
vertex 109.20736451698167 -154.721177920607 0
endloop
endfacet
facet normal -0.09801714032960263 0.9951847266721927 0
outer loop
vertex 109.49999999999994 -154.75000000000082 9.1
vertex 109.79263548302417 -154.72117792060442 9.1
vertex 109.79263548303014 -154.721177920607 0
endloop
endfacet
facet normal -0.09801714032960263 0.9951847266721927 0
outer loop
vertex 109.49999999999994 -154.75000000000082 9.1
vertex 109.79263548303014 -154.721177920607 0
vertex 109.49999999998738 -154.7500000000004 0
endloop
endfacet
facet normal -0.2902846772544479 0.9569403357322133 0
outer loop
vertex 109.79263548302417 -154.72117792060442 9.1
vertex 110.07402514854786 -154.63581929876767 9.1
vertex 110.0740251485443 -154.63581929877006 0
endloop
endfacet
facet normal -0.2902846772544479 0.9569403357322133 0
outer loop
vertex 109.79263548302417 -154.72117792060442 9.1
vertex 110.0740251485443 -154.63581929877006 0
vertex 109.79263548303014 -154.721177920607 0
endloop
endfacet
facet normal -0.47139673682604744 0.8819212643483284 0
outer loop
vertex 110.07402514854786 -154.63581929876767 9.1
vertex 110.33335534952943 -154.49720441845383 9.1
vertex 110.33335534952724 -154.497204418448 0
endloop
endfacet
facet normal -0.47139673682604744 0.8819212643483284 0
outer loop
vertex 110.07402514854786 -154.63581929876767 9.1
vertex 110.33335534952724 -154.497204418448 0
vertex 110.0740251485443 -154.63581929877006 0
endloop
endfacet
facet normal -0.634393284163566 0.7730104533628022 0
outer loop
vertex 110.33335534952943 -154.49720441845383 9.1
vertex 110.56066017177953 -154.31066017177946 9.1
vertex 110.56066017178374 -154.31066017177693 0
endloop
endfacet
facet normal -0.634393284163566 0.7730104533628022 0
outer loop
vertex 110.33335534952943 -154.49720441845383 9.1
vertex 110.56066017178374 -154.31066017177693 0
vertex 110.33335534952724 -154.497204418448 0
endloop
endfacet
facet normal -0.7730104533627572 0.6343932841636208 0
outer loop
vertex 110.56066017177953 -154.31066017177946 9.1
vertex 110.74720441845433 -154.0833553495298 9.1
vertex 110.747204418455 -154.08335534952107 0
endloop
endfacet
facet normal -0.7730104533627572 0.6343932841636208 0
outer loop
vertex 110.56066017177953 -154.31066017177946 9.1
vertex 110.747204418455 -154.08335534952107 0
vertex 110.56066017178374 -154.31066017177693 0
endloop
endfacet
facet normal -0.8819212643483552 0.47139673682599736 0
outer loop
vertex 110.74720441845433 -154.0833553495298 9.1
vertex 110.8858192987677 -153.824025148548 9.1
vertex 110.88581929876509 -153.8240251485692 0
endloop
endfacet
facet normal -0.8819212643483552 0.47139673682599736 0
outer loop
vertex 110.74720441845433 -154.0833553495298 9.1
vertex 110.88581929876509 -153.8240251485692 0
vertex 110.747204418455 -154.08335534952107 0
endloop
endfacet
facet normal -0.9569403357322133 0.2902846772544479 0
outer loop
vertex 110.8858192987677 -153.824025148548 9.1
vertex 110.97117792060565 -153.54263548302424 9.1
vertex 110.97117792060514 -153.54263548302944 0
endloop
endfacet
facet normal -0.9569403357322133 0.2902846772544479 0
outer loop
vertex 110.8858192987677 -153.824025148548 9.1
vertex 110.97117792060514 -153.54263548302944 0
vertex 110.88581929876509 -153.8240251485692 0
endloop
endfacet
facet normal -0.9951847266721957 0.09801714032957415 0
outer loop
vertex 148.97117792060385 -153.54263548302407 9.1
vertex 148.999999999999 -153.24999999999991 9.1
vertex 149.00000000000023 -153.2499999999936 0
endloop
endfacet
facet normal -0.9951847266721957 0.09801714032957415 0
outer loop
vertex 148.97117792060385 -153.54263548302407 9.1
vertex 149.00000000000023 -153.2499999999936 0
vertex 148.97117792060334 -153.54263548302944 0
endloop
endfacet
facet normal -0.9951847266721957 -0.09801714032957415 0
outer loop
vertex 148.999999999999 -153.24999999999991 9.1
vertex 148.9711779206063 -152.9573645169757 9.1
vertex 148.97117792060678 -152.95736451698062 0
endloop
endfacet
facet normal -0.9951847266721957 -0.09801714032957415 0
outer loop
vertex 148.999999999999 -153.24999999999991 9.1
vertex 148.97117792060678 -152.95736451698062 0
vertex 149.00000000000023 -153.2499999999936 0
endloop
endfacet
facet normal -0.9569403357322133 -0.2902846772544479 0
outer loop
vertex 148.9711779206063 -152.9573645169757 9.1
vertex 148.8858192987674 -152.6759748514522 9.1
vertex 148.8858192987694 -152.67597485145893 0
endloop
endfacet
facet normal -0.9569403357322133 -0.2902846772544479 0
outer loop
vertex 148.9711779206063 -152.9573645169757 9.1
vertex 148.8858192987694 -152.67597485145893 0
vertex 148.97117792060678 -152.95736451698062 0
endloop
endfacet
facet normal -0.8819212643483223 -0.47139673682605887 0
outer loop
vertex 148.8858192987674 -152.6759748514522 9.1
vertex 148.747204418453 -152.41664465047106 9.1
vertex 148.74720441845054 -152.41664465046642 0
endloop
endfacet
facet normal -0.8819212643483223 -0.47139673682605887 0
outer loop
vertex 148.8858192987674 -152.6759748514522 9.1
vertex 148.74720441845054 -152.41664465046642 0
vertex 148.8858192987694 -152.67597485145893 0
endloop
endfacet
facet normal -0.7730104533627885 -0.6343932841635828 0
outer loop
vertex 148.747204418453 -152.41664465047106 9.1
vertex 148.56066017177994 -152.18933982822014 9.100000000000003
vertex 148.56066017177938 -152.1893398282194 0
endloop
endfacet
facet normal -0.7730104533627885 -0.6343932841635828 0
outer loop
vertex 148.747204418453 -152.41664465047106 9.1
vertex 148.56066017177938 -152.1893398282194 0
vertex 148.74720441845054 -152.41664465046642 0
endloop
endfacet
facet normal -0.6343932841635651 -0.7730104533628029 0
outer loop
vertex 148.56066017177994 -152.18933982822014 9.100000000000003
vertex 148.33335534952957 -152.00279558154597 9.1
vertex 148.33335534953792 -152.0027955815528 0
endloop
endfacet
facet normal -0.6343932841635651 -0.7730104533628029 0
outer loop
vertex 148.56066017177994 -152.18933982822014 9.100000000000003
vertex 148.33335534953792 -152.0027955815528 0
vertex 148.56066017177938 -152.1893398282194 0
endloop
endfacet
facet normal -0.47139673682605193 -0.8819212643483261 0
outer loop
vertex 148.33335534952957 -152.00279558154597 9.1
vertex 148.0740251485468 -151.86418070123466 9.1
vertex 148.0740251485409 -151.8641807012315 0
endloop
endfacet
facet normal -0.47139673682605193 -0.8819212643483261 0
outer loop
vertex 148.33335534952957 -152.00279558154597 9.1
vertex 148.0740251485409 -151.8641807012315 0
vertex 148.33335534953792 -152.0027955815528 0
endloop
endfacet
facet normal -0.2902846772544479 -0.9569403357322133 0
outer loop
vertex 148.0740251485468 -151.86418070123466 9.1
vertex 147.79263548302407 -151.77882207939558 9.1
vertex 147.79263548302842 -151.77882207939692 0
endloop
endfacet
facet normal -0.2902846772544479 -0.9569403357322133 0
outer loop
vertex 148.0740251485468 -151.86418070123466 9.1
vertex 147.79263548302842 -151.77882207939692 0
vertex 148.0740251485409 -151.8641807012315 0
endloop
endfacet
facet normal -0.09801714032960263 -0.9951847266721927 0
outer loop
vertex 147.79263548302407 -151.77882207939558 9.1
vertex 147.4999999999999 -151.75000000000134 9.1
vertex 147.4999999999893 -151.75000000000028 0
endloop
endfacet
facet normal -0.09801714032960263 -0.9951847266721927 0
outer loop
vertex 147.79263548302407 -151.77882207939558 9.1
vertex 147.4999999999893 -151.75000000000028 0
vertex 147.79263548302842 -151.77882207939692 0
endloop
endfacet
facet normal 0.09801714032957415 -0.9951847266721956 0
outer loop
vertex 147.4999999999999 -151.75000000000134 9.1
vertex 147.20736451697573 -151.7788220793944 9.1
vertex 147.20736451695012 -151.77882207939692 0
endloop
endfacet
facet normal 0.09801714032957415 -0.9951847266721956 0
outer loop
vertex 147.4999999999999 -151.75000000000134 9.1
vertex 147.20736451695012 -151.77882207939692 0
vertex 147.4999999999893 -151.75000000000028 0
endloop
endfacet
facet normal 0.2902846772544199 -0.9569403357322217 0
outer loop
vertex 147.20736451697573 -151.7788220793944 9.1
vertex 146.9259748514525 -151.8641807012336 9.1
vertex 146.92597485146936 -151.8641807012315 0
endloop
endfacet
facet normal 0.2902846772544199 -0.9569403357322217 0
outer loop
vertex 147.20736451697573 -151.7788220793944 9.1
vertex 146.92597485146936 -151.8641807012315 0
vertex 147.20736451695012 -151.77882207939692 0
endloop
endfacet
facet normal 0.47139673682604755 -0.8819212643483285 0
outer loop
vertex 146.9259748514525 -151.8641807012336 9.1
vertex 146.66664465047054 -152.00279558154605 9.1
vertex 146.66664465045233 -152.0027955815528 0
endloop
endfacet
facet normal 0.47139673682604755 -0.8819212643483285 0
outer loop
vertex 146.9259748514525 -151.8641807012336 9.1
vertex 146.66664465045233 -152.0027955815528 0
vertex 146.92597485146936 -151.8641807012315 0
endloop
endfacet
facet normal 0.63439328416359 -0.7730104533627825 0
outer loop
vertex 146.66664465047054 -152.00279558154605 9.1
vertex 146.43933982822006 -152.18933982822 9.1
vertex 146.4393398282282 -152.1893398282194 0
endloop
endfacet
facet normal 0.63439328416359 -0.7730104533627825 0
outer loop
vertex 146.66664465047054 -152.00279558154605 9.1
vertex 146.4393398282282 -152.1893398282194 0
vertex 146.66664465045233 -152.0027955815528 0
endloop
endfacet
facet normal 0.7730104533627825 -0.63439328416359 0
outer loop
vertex 146.43933982822006 -152.18933982822 9.1
vertex 146.25279558154594 -152.4166446504704 9.1
vertex 146.25279558154844 -152.41664465046642 0
endloop
endfacet
facet normal 0.7730104533627825 -0.63439328416359 0
outer loop
vertex 146.43933982822006 -152.18933982822 9.1
vertex 146.25279558154844 -152.41664465046642 0
vertex 146.4393398282282 -152.1893398282194 0
endloop
endfacet
facet normal 0.8819212643483284 -0.47139673682604744 0
outer loop
vertex 146.25279558154594 -152.4166446504704 9.1
vertex 146.11418070123287 -152.67597485145228 9.1
vertex 146.11418070122767 -152.67597485145893 0
endloop
endfacet
facet normal 0.8819212643483284 -0.47139673682604744 0
outer loop
vertex 146.25279558154594 -152.4166446504704 9.1
vertex 146.11418070122767 -152.67597485145893 0
vertex 146.25279558154844 -152.41664465046642 0
endloop
endfacet
facet normal 0.9569403357322133 -0.2902846772544479 0
outer loop
vertex 146.11418070123287 -152.67597485145228 9.1
vertex 146.02882207939498 -152.95736451697576 9.1
vertex 146.02882207939516 -152.95736451698062 0
endloop
endfacet
facet normal 0.9569403357322133 -0.2902846772544479 0
outer loop
vertex 146.11418070123287 -152.67597485145228 9.1
vertex 146.02882207939516 -152.95736451698062 0
vertex 146.11418070122767 -152.67597485145893 0
endloop
endfacet
facet normal 0.9951847266721956 -0.09801714032957415 0
outer loop
vertex 146.02882207939498 -152.95736451697576 9.1
vertex 145.99999999999923 -153.24999999999991 9.1
vertex 145.99999999999932 -153.2499999999936 0
endloop
endfacet
facet normal 0.9951847266721956 -0.09801714032957415 0
outer loop
vertex 146.02882207939498 -152.95736451697576 9.1
vertex 145.99999999999932 -153.2499999999936 0
vertex 146.02882207939516 -152.95736451698062 0
endloop
endfacet
facet normal 0.9951847266721956 0.09801714032957415 0
outer loop
vertex 145.99999999999923 -153.24999999999991 9.1
vertex 146.02882207939672 -153.54263548302404 9.1
vertex 146.0288220793964 -153.54263548302944 0
endloop
endfacet
facet normal 0.9951847266721956 0.09801714032957415 0
outer loop
vertex 145.99999999999923 -153.24999999999991 9.1
vertex 146.0288220793964 -153.54263548302944 0
vertex 145.99999999999932 -153.2499999999936 0
endloop
endfacet
facet normal 0.9569403357322133 0.2902846772544479 0
outer loop
vertex 146.02882207939672 -153.54263548302404 9.1
vertex 146.11418070123352 -153.8240251485475 9.1
vertex 146.1141807012401 -153.8240251485692 0
endloop
endfacet
facet normal 0.9569403357322133 0.2902846772544479 0
outer loop
vertex 146.02882207939672 -153.54263548302404 9.1
vertex 146.1141807012401 -153.8240251485692 0
vertex 146.0288220793964 -153.54263548302944 0
endloop
endfacet
facet normal 0.8819212643483344 0.4713967368260365 0
outer loop
vertex 146.11418070123352 -153.8240251485475 9.1
vertex 146.2527955815427 -154.0833553495313 9.1
vertex 146.25279558153724 -154.08335534952107 0
endloop
endfacet
facet normal 0.8819212643483344 0.4713967368260365 0
outer loop
vertex 146.11418070123352 -153.8240251485475 9.1
vertex 146.25279558153724 -154.08335534952107 0
vertex 146.1141807012401 -153.8240251485692 0
endloop
endfacet
facet normal 0.7730104533628022 0.6343932841635662 0
outer loop
vertex 146.2527955815427 -154.0833553495313 9.1
vertex 146.43933982821892 -154.31066017178094 9.100000000000003
vertex 146.43933982821568 -154.31066017177693 0
endloop
endfacet
facet normal 0.7730104533628022 0.6343932841635662 0
outer loop
vertex 146.2527955815427 -154.0833553495313 9.1
vertex 146.43933982821568 -154.31066017177693 0
vertex 146.25279558153724 -154.08335534952107 0
endloop
endfacet
facet normal 0.6343932841635896 0.7730104533627828 0
outer loop
vertex 146.43933982821892 -154.31066017178094 9.100000000000003
vertex 146.66664465047026 -154.49720441845432 9.100000000000003
vertex 146.66664465046256 -154.497204418448 0
endloop
endfacet
facet normal 0.6343932841635896 0.7730104533627828 0
outer loop
vertex 146.43933982821892 -154.31066017178094 9.100000000000003
vertex 146.66664465046256 -154.497204418448 0
vertex 146.43933982821568 -154.31066017177693 0
endloop
endfacet
facet normal 0.47139673682604494 0.8819212643483298 0
outer loop
vertex 146.66664465047026 -154.49720441845432 9.100000000000003
vertex 146.92597485145296 -154.63581929876574 9.1
vertex 146.92597485146104 -154.63581929877006 0
endloop
endfacet
facet normal 0.47139673682604494 0.8819212643483298 0
outer loop
vertex 146.66664465047026 -154.49720441845432 9.100000000000003
vertex 146.92597485146104 -154.63581929877006 0
vertex 146.66664465046256 -154.497204418448 0
endloop
endfacet
facet normal 0.2902846772544479 0.9569403357322133 0
outer loop
vertex 146.92597485145296 -154.63581929876574 9.1
vertex 147.20736451697567 -154.7211779206053 9.1
vertex 147.20736451698133 -154.721177920607 0
endloop
endfacet
facet normal 0.2902846772544479 0.9569403357322133 0
outer loop
vertex 146.92597485145296 -154.63581929876574 9.1
vertex 147.20736451698133 -154.721177920607 0
vertex 146.92597485146104 -154.63581929877006 0
endloop
endfacet
facet normal 0.09801714032960263 0.9951847266721927 0
outer loop
vertex 147.20736451697567 -154.7211779206053 9.1
vertex 147.49999999999986 -154.75000000000162 9.1
vertex 147.49999999998764 -154.7500000000004 0
endloop
endfacet
facet normal 0.09801714032960263 0.9951847266721927 0
outer loop
vertex 147.20736451697567 -154.7211779206053 9.1
vertex 147.49999999998764 -154.7500000000004 0
vertex 147.20736451698133 -154.721177920607 0
endloop
endfacet
facet normal -0.09801714032957415 0.9951847266721956 0
outer loop
vertex 147.49999999999986 -154.75000000000162 9.1
vertex 147.79263548302413 -154.72117792060405 9.1
vertex 147.79263548302967 -154.721177920607 0
endloop
endfacet
facet normal -0.09801714032957415 0.9951847266721956 0
outer loop
vertex 147.49999999999986 -154.75000000000162 9.1
vertex 147.79263548302967 -154.721177920607 0
vertex 147.49999999998764 -154.7500000000004 0
endloop
endfacet
facet normal -0.2902846772544199 0.9569403357322217 0
outer loop
vertex 147.79263548302413 -154.72117792060405 9.1
vertex 148.0740251485477 -154.63581929876722 9.1
vertex 148.07402514854454 -154.63581929877006 0
endloop
endfacet
facet normal -0.2902846772544199 0.9569403357322217 0
outer loop
vertex 147.79263548302413 -154.72117792060405 9.1
vertex 148.07402514854454 -154.63581929877006 0
vertex 147.79263548302967 -154.721177920607 0
endloop
endfacet
facet normal -0.47139673682602534 0.8819212643483402 0
outer loop
vertex 148.0740251485477 -154.63581929876722 9.1
vertex 148.33335534952926 -154.49720441845346 9.1
vertex 148.33335534952985 -154.497204418448 0
endloop
endfacet
facet normal -0.47139673682602534 0.8819212643483402 0
outer loop
vertex 148.0740251485477 -154.63581929876722 9.1
vertex 148.33335534952985 -154.497204418448 0
vertex 148.07402514854454 -154.63581929877006 0
endloop
endfacet
facet normal -0.63439328416359 0.7730104533627825 0
outer loop
vertex 148.33335534952926 -154.49720441845346 9.1
vertex 148.5606601717797 -154.31066017177963 9.1
vertex 148.5606601717794 -154.31066017177693 0
endloop
endfacet
facet normal -0.63439328416359 0.7730104533627825 0
outer loop
vertex 148.33335534952926 -154.49720441845346 9.1
vertex 148.5606601717794 -154.31066017177693 0
vertex 148.33335534952985 -154.497204418448 0
endloop
endfacet
facet normal -0.7730104533627711 0.6343932841636039 0
outer loop
vertex 148.5606601717797 -154.31066017177963 9.1
vertex 148.74720441845358 -154.0833553495292 9.1
vertex 148.74720441845415 -154.08335534952107 0
endloop
endfacet
facet normal -0.7730104533627711 0.6343932841636039 0
outer loop
vertex 148.5606601717797 -154.31066017177963 9.1
vertex 148.74720441845415 -154.08335534952107 0
vertex 148.5606601717794 -154.31066017177693 0
endloop
endfacet
facet normal -0.8819212643483285 0.47139673682604755 0
outer loop
vertex 148.74720441845358 -154.0833553495292 9.1
vertex 148.88581929876682 -153.8240251485476 9.1
vertex 148.88581929876656 -153.8240251485692 0
endloop
endfacet
facet normal -0.8819212643483285 0.47139673682604755 0
outer loop
vertex 148.74720441845358 -154.0833553495292 9.1
vertex 148.88581929876656 -153.8240251485692 0
vertex 148.74720441845415 -154.08335534952107 0
endloop
endfacet
facet normal -0.9569403357322133 0.2902846772544479 0
outer loop
vertex 148.88581929876682 -153.8240251485476 9.1
vertex 148.97117792060385 -153.54263548302407 9.1
vertex 148.97117792060334 -153.54263548302944 0
endloop
endfacet
facet normal -0.9569403357322133 0.2902846772544479 0
outer loop
vertex 148.88581929876682 -153.8240251485476 9.1
vertex 148.97117792060334 -153.54263548302944 0
vertex 148.88581929876656 -153.8240251485692 0
endloop
endfacet
facet normal 0 0 1
outer loop
vertex 109.98772580504048 -155.70196320100808 9.1
vertex 110.45670858091262 -155.55969883127827 9.1
vertex 110.8889255825489 -155.32867403075642 9.1
endloop
endfacet
facet normal 0 0 1
outer loop
vertex 109.98772580504048 -155.70196320100808 9.1
vertex 110.8889255825489 -155.32867403075642 9.1
vertex 111.26776695296655 -155.0177669529662 9.1
endloop
endfacet
facet normal 0 0 1
outer loop
vertex 109.98772580504048 -155.70196320100808 9.1
vertex 111.26776695296655 -155.0177669529662 9.1
vertex 111.48751761215053 -154.75000000000023 9.1
endloop
endfacet
facet normal 0 0 1
outer loop
vertex 109.98772580504048 -155.70196320100808 9.1
vertex 111.48751761215053 -154.75000000000023 9.1
vertex 109.49999999999994 -154.75000000000082 9.1
endloop
endfacet
facet normal 0 0 1
outer loop
vertex 109.98772580504048 -155.70196320100808 9.1
vertex 109.49999999999994 -154.75000000000082 9.1
vertex 107.51248238784946 -154.75000000000023 9.1
endloop
endfacet
facet normal 0 0 1
outer loop
vertex 109.98772580504048 -155.70196320100808 9.1
vertex 107.51248238784946 -154.75000000000023 9.1
vertex 107.73223304703357 -155.0177669529662 9.1
endloop
endfacet
facet normal 0 0 1
outer loop
vertex 109.98772580504048 -155.70196320100808 9.1
vertex 107.73223304703357 -155.0177669529662 9.1
vertex 108.11107441745112 -155.32867403075642 9.1
endloop
endfacet
facet normal 0 0 1
outer loop
vertex 109.98772580504048 -155.70196320100808 9.1
vertex 108.11107441745112 -155.32867403075642 9.1
vertex 108.5432914190873 -155.55969883127827 9.1
endloop
endfacet
facet normal 0 0 1
outer loop
vertex 109.98772580504048 -155.70196320100808 9.1
vertex 108.5432914190873 -155.55969883127827 9.1
vertex 109.01227419495972 -155.70196320100808 9.1
endloop
endfacet
facet normal 0 0 1
outer loop
vertex 109.98772580504048 -155.70196320100808 9.1
vertex 109.01227419495972 -155.70196320100808 9.1
vertex 109.49999999999994 -155.75 9.1
endloop
endfacet
facet normal 0 0 1
outer loop
vertex 147.98772580504024 -155.70196320100808 9.1
vertex 148.45670858091276 -155.55969883127827 9.1
vertex 148.888925582549 -155.32867403075642 9.1
endloop
endfacet
facet normal 0 0 1
outer loop
vertex 147.98772580504024 -155.70196320100808 9.1
vertex 148.888925582549 -155.32867403075642 9.1
vertex 149.26776695296635 -155.0177669529662 9.1
endloop
endfacet
facet normal 0 0 1
outer loop
vertex 147.98772580504024 -155.70196320100808 9.1
vertex 149.26776695296635 -155.0177669529662 9.1
vertex 149.4875176121504 -154.75000000000023 9.1
endloop
endfacet
facet normal 0 0 1
outer loop
vertex 147.98772580504024 -155.70196320100808 9.1
vertex 149.4875176121504 -154.75000000000023 9.1
vertex 147.49999999999986 -154.75000000000162 9.1
endloop
endfacet
facet normal 0 0 1
outer loop
vertex 147.98772580504024 -155.70196320100808 9.1
vertex 147.49999999999986 -154.75000000000162 9.1
vertex 145.51248238784945 -154.75000000000023 9.1
endloop
endfacet
facet normal 0 0 1
outer loop
vertex 147.98772580504024 -155.70196320100808 9.1
vertex 145.51248238784945 -154.75000000000023 9.1
vertex 145.7322330470336 -155.0177669529662 9.1
endloop
endfacet
facet normal 0 0 1
outer loop
vertex 147.98772580504024 -155.70196320100808 9.1
vertex 145.7322330470336 -155.0177669529662 9.1
vertex 146.1110744174511 -155.32867403075642 9.1
endloop
endfacet
facet normal 0 0 1
outer loop
vertex 147.98772580504024 -155.70196320100808 9.1
vertex 146.1110744174511 -155.32867403075642 9.1
vertex 146.54329141908732 -155.55969883127827 9.1
endloop
endfacet
facet normal 0 0 1
outer loop
vertex 147.98772580504024 -155.70196320100808 9.1
vertex 146.54329141908732 -155.55969883127827 9.1
vertex 147.01227419495962 -155.70196320100808 9.1
endloop
endfacet
facet normal 0 0 1
outer loop
vertex 147.98772580504024 -155.70196320100808 9.1
vertex 147.01227419495962 -155.70196320100808 9.1
vertex 147.50000000000003 -155.75 9.1
endloop
endfacet
facet normal 0 0 1
outer loop
vertex 109.49999999999994 -154.75000000000082 9.1
vertex 109.20736451697584 -154.7211779206047 9.1
vertex 107.48882871858315 -154.7211779206047 9.1
endloop
endfacet
facet normal 0 0 1
outer loop
vertex 109.49999999999994 -154.75000000000082 9.1
vertex 107.48882871858315 -154.7211779206047 9.1
vertex 107.51248238784946 -154.75000000000023 9.1
endloop
endfacet
facet normal 0 0 1
outer loop
vertex 111.48751761215053 -154.75000000000023 9.1
vertex 111.51117128141682 -154.7211779206047 9.1
vertex 109.79263548302417 -154.72117792060442 9.1
endloop
endfacet
facet normal 0 0 1
outer loop
vertex 111.48751761215053 -154.75000000000023 9.1
vertex 109.79263548302417 -154.72117792060442 9.1
vertex 109.49999999999994 -154.75000000000082 9.1
endloop
endfacet
facet normal 0 0 1
outer loop
vertex 147.49999999999986 -154.75000000000162 9.1
vertex 147.20736451697567 -154.7211779206053 9.1
vertex 145.48882871858314 -154.7211779206047 9.1
endloop
endfacet
facet normal 0 0 1
outer loop
vertex 147.49999999999986 -154.75000000000162 9.1
vertex 145.48882871858314 -154.7211779206047 9.1
vertex 145.51248238784945 -154.75000000000023 9.1
endloop
endfacet
facet normal 0 0 1
outer loop
vertex 149.4875176121504 -154.75000000000023 9.1
vertex 149.51117128141672 -154.7211779206047 9.1
vertex 147.79263548302413 -154.72117792060405 9.1
endloop
endfacet
facet normal 0 0 1
outer loop
vertex 149.4875176121504 -154.75000000000023 9.1
vertex 147.79263548302413 -154.72117792060405 9.1
vertex 147.49999999999986 -154.75000000000162 9.1
endloop
endfacet
facet normal 0 0 1
outer loop
vertex 109.20736451697584 -154.7211779206047 9.1
vertex 108.9259748514533 -154.63581929876528 9.100000000000003
vertex 107.419665625972 -154.63581929876528 9.1
endloop
endfacet
facet normal 0 0 1
outer loop
vertex 109.20736451697584 -154.7211779206047 9.1
vertex 107.419665625972 -154.63581929876528 9.1
vertex 107.42132596924364 -154.63892558254912 9.1
endloop
endfacet
facet normal 0 0 1
outer loop
vertex 109.20736451697584 -154.7211779206047 9.1
vertex 107.42132596924364 -154.63892558254912 9.1
vertex 107.48882871858315 -154.7211779206047 9.1
endloop
endfacet
facet normal 0 0 1
outer loop
vertex 111.51117128141682 -154.7211779206047 9.1
vertex 111.57867403075629 -154.63892558254912 9.1
vertex 111.58033437402793 -154.63581929876528 9.1
endloop
endfacet
facet normal 0 0 1
outer loop
vertex 111.51117128141682 -154.7211779206047 9.1
vertex 111.58033437402793 -154.63581929876528 9.1
vertex 110.07402514854786 -154.63581929876767 9.1
endloop
endfacet
facet normal 0 0 1
outer loop
vertex 111.51117128141682 -154.7211779206047 9.1
vertex 110.07402514854786 -154.63581929876767 9.1
vertex 109.79263548302417 -154.72117792060442 9.1
endloop
endfacet
facet normal 0 0 1
outer loop
vertex 147.20736451697567 -154.7211779206053 9.1
vertex 146.92597485145296 -154.63581929876574 9.1
vertex 145.41966562597202 -154.63581929876528 9.1
endloop
endfacet
facet normal 0 0 1
outer loop
vertex 147.20736451697567 -154.7211779206053 9.1
vertex 145.41966562597202 -154.63581929876528 9.1
vertex 145.42132596924367 -154.63892558254912 9.1
endloop
endfacet
facet normal 0 0 1
outer loop
vertex 147.20736451697567 -154.7211779206053 9.1
vertex 145.42132596924367 -154.63892558254912 9.1
vertex 145.48882871858314 -154.7211779206047 9.1
endloop
endfacet
facet normal 0 0 1
outer loop
vertex 149.51117128141672 -154.7211779206047 9.1
vertex 149.57867403075622 -154.63892558254912 9.1
vertex 149.58033437402784 -154.63581929876528 9.1
endloop
endfacet
facet normal 0 0 1
outer loop
vertex 149.51117128141672 -154.7211779206047 9.1
vertex 149.58033437402784 -154.63581929876528 9.1
vertex 148.0740251485477 -154.63581929876722 9.1
endloop
endfacet
facet normal 0 0 1
outer loop
vertex 149.51117128141672 -154.7211779206047 9.1
vertex 148.0740251485477 -154.63581929876722 9.1
vertex 147.79263548302413 -154.72117792060405 9.1
endloop
endfacet
facet normal 0 0 1
outer loop
vertex 108.9259748514533 -154.63581929876528 9.100000000000003
vertex 108.66664465047019 -154.49720441845437 9.100000000000003
vertex 107.34557442883059 -154.49720441845437 9.1
endloop
endfacet
facet normal 0 0 1
outer loop
vertex 108.9259748514533 -154.63581929876528 9.100000000000003
vertex 107.34557442883059 -154.49720441845437 9.1
vertex 107.419665625972 -154.63581929876528 9.1
endloop
endfacet
facet normal 0 0 1
outer loop
vertex 111.58033437402793 -154.63581929876528 9.1
vertex 111.6544255711694 -154.49720441845437 9.1
vertex 110.33335534952943 -154.49720441845383 9.1
endloop
endfacet
facet normal 0 0 1
outer loop
vertex 111.58033437402793 -154.63581929876528 9.1
vertex 110.33335534952943 -154.49720441845383 9.1
vertex 110.07402514854786 -154.63581929876767 9.1
endloop
endfacet
facet normal 0 0 1
outer loop
vertex 146.92597485145296 -154.63581929876574 9.1
vertex 146.66664465047026 -154.49720441845432 9.100000000000003
vertex 145.34557442883025 -154.49720441845437 9.1
endloop
endfacet
facet normal 0 0 1
outer loop
vertex 146.92597485145296 -154.63581929876574 9.1
vertex 145.34557442883025 -154.49720441845437 9.1
vertex 145.41966562597202 -154.63581929876528 9.1
endloop
endfacet
facet normal 0 0 1
outer loop
vertex 149.58033437402784 -154.63581929876528 9.1
vertex 149.65442557116936 -154.49720441845437 9.1
vertex 148.33335534952926 -154.49720441845346 9.1
endloop
endfacet
facet normal 0 0 1
outer loop
vertex 149.58033437402784 -154.63581929876528 9.1
vertex 148.33335534952926 -154.49720441845346 9.1
vertex 148.0740251485477 -154.63581929876722 9.1
endloop
endfacet
facet normal 0 0 1
outer loop
vertex 108.66664465047019 -154.49720441845437 9.100000000000003
vertex 108.43933982821854 -154.3106601717812 9.100000000000003
vertex 107.24586445163781 -154.3106601717812 9.1
endloop
endfacet
facet normal 0 0 1
outer loop
vertex 108.66664465047019 -154.49720441845437 9.100000000000003
vertex 107.24586445163781 -154.3106601717812 9.1
vertex 107.34557442883059 -154.49720441845437 9.1
endloop
endfacet
facet normal 0 0 1
outer loop
vertex 111.6544255711694 -154.49720441845437 9.1
vertex 111.75413554836224 -154.3106601717812 9.1
vertex 110.56066017177953 -154.31066017177946 9.1
endloop
endfacet
facet normal 0 0 1
outer loop
vertex 111.6544255711694 -154.49720441845437 9.1
vertex 110.56066017177953 -154.31066017177946 9.1
vertex 110.33335534952943 -154.49720441845383 9.1
endloop
endfacet
facet normal 0 0 1
outer loop
vertex 146.66664465047026 -154.49720441845432 9.100000000000003
vertex 146.43933982821892 -154.31066017178094 9.100000000000003
vertex 145.245864451637 -154.3106601717812 9.1
endloop
endfacet
facet normal 0 0 1
outer loop
vertex 146.66664465047026 -154.49720441845432 9.100000000000003
vertex 145.245864451637 -154.3106601717812 9.1
vertex 145.34557442883025 -154.49720441845437 9.1
endloop
endfacet
facet normal 0 0 1
outer loop
vertex 149.65442557116936 -154.49720441845437 9.1
vertex 149.75413554836226 -154.3106601717812 9.1
vertex 148.5606601717797 -154.31066017177963 9.1
endloop
endfacet
facet normal 0 0 1
outer loop
vertex 149.65442557116936 -154.49720441845437 9.1
vertex 148.5606601717797 -154.31066017177963 9.1
vertex 148.33335534952926 -154.49720441845346 9.1
endloop
endfacet
facet normal 0 0 1
outer loop
vertex 108.43933982821854 -154.3106601717812 9.100000000000003
vertex 108.2527955815452 -154.08335534953 9.100000000000003
vertex 107.15288237507104 -154.08335534953 9.1
endloop
endfacet
facet normal 0 0 1
outer loop
vertex 108.43933982821854 -154.3106601717812 9.100000000000003
vertex 107.15288237507104 -154.08335534953 9.1
vertex 107.19030116872183 -154.20670858091265 9.1
endloop
endfacet
facet normal 0 0 1
outer loop
vertex 108.43933982821854 -154.3106601717812 9.100000000000003
vertex 107.19030116872183 -154.20670858091265 9.1
vertex 107.24586445163781 -154.3106601717812 9.1
endloop
endfacet
facet normal 0 0 1
outer loop
vertex 111.75413554836224 -154.3106601717812 9.1
vertex 111.80969883127825 -154.20670858091265 9.1
vertex 111.84711762492903 -154.08335534953 9.1
endloop
endfacet
facet normal 0 0 1
outer loop
vertex 111.75413554836224 -154.3106601717812 9.1
vertex 111.84711762492903 -154.08335534953 9.1
vertex 110.74720441845433 -154.0833553495298 9.1
endloop
endfacet
facet normal 0 0 1
outer loop
vertex 111.75413554836224 -154.3106601717812 9.1
vertex 110.74720441845433 -154.0833553495298 9.1
vertex 110.56066017177953 -154.31066017177946 9.1
endloop
endfacet
facet normal 0 0 1
outer loop
vertex 146.43933982821892 -154.31066017178094 9.100000000000003
vertex 146.2527955815427 -154.0833553495313 9.1
vertex 145.1528823750709 -154.08335534953 9.1
endloop
endfacet
facet normal 0 0 1
outer loop
vertex 146.43933982821892 -154.31066017178094 9.100000000000003
vertex 145.1528823750709 -154.08335534953 9.1
vertex 145.19030116872182 -154.20670858091265 9.1
endloop
endfacet
facet normal 0 0 1
outer loop
vertex 146.43933982821892 -154.31066017178094 9.100000000000003
vertex 145.19030116872182 -154.20670858091265 9.1
vertex 145.245864451637 -154.3106601717812 9.1
endloop
endfacet
facet normal 0 0 1
outer loop
vertex 149.75413554836226 -154.3106601717812 9.1
vertex 149.8096988312783 -154.20670858091265 9.1
vertex 149.84711762492907 -154.08335534953 9.1
endloop
endfacet
facet normal 0 0 1
outer loop
vertex 149.75413554836226 -154.3106601717812 9.1
vertex 149.84711762492907 -154.08335534953 9.1
vertex 148.74720441845358 -154.0833553495292 9.1
endloop
endfacet
facet normal 0 0 1
outer loop
vertex 149.75413554836226 -154.3106601717812 9.1
vertex 148.74720441845358 -154.0833553495292 9.1
vertex 148.5606601717797 -154.31066017177963 9.1
endloop
endfacet
facet normal 0 0 1
outer loop
vertex 108.2527955815452 -154.08335534953 9.100000000000003
vertex 108.1141807012335 -153.8240251485475 9.1
vertex 107.07421541864467 -153.8240251485475 9.1
endloop
endfacet
facet normal 0 0 1
outer loop
vertex 108.2527955815452 -154.08335534953 9.100000000000003
vertex 107.07421541864467 -153.8240251485475 9.1
vertex 107.15288237507104 -154.08335534953 9.1
endloop
endfacet
facet normal 0 0 1
outer loop
vertex 111.84711762492903 -154.08335534953 9.1
vertex 111.92578458135534 -153.8240251485475 9.1
vertex 110.8858192987677 -153.824025148548 9.1
endloop
endfacet
facet normal 0 0 1
outer loop
vertex 111.84711762492903 -154.08335534953 9.1
vertex 110.8858192987677 -153.824025148548 9.1
vertex 110.74720441845433 -154.0833553495298 9.1
endloop
endfacet
facet normal 0 0 1
outer loop
vertex 146.2527955815427 -154.0833553495313 9.1
vertex 146.11418070123352 -153.8240251485475 9.1
vertex 145.07421541864437 -153.8240251485475 9.1
endloop
endfacet
facet normal 0 0 1
outer loop
vertex 146.2527955815427 -154.0833553495313 9.1
vertex 145.07421541864437 -153.8240251485475 9.1
vertex 145.1528823750709 -154.08335534953 9.1
endloop
endfacet
facet normal 0 0 1
outer loop
vertex 149.84711762492907 -154.08335534953 9.1
vertex 149.92578458135537 -153.8240251485475 9.1
vertex 148.88581929876682 -153.8240251485476 9.1
endloop
endfacet
facet normal 0 0 1
outer loop
vertex 149.84711762492907 -154.08335534953 9.1
vertex 148.88581929876682 -153.8240251485476 9.1
vertex 148.74720441845358 -154.0833553495292 9.1
endloop
endfacet
facet normal 0 0 1
outer loop
vertex 108.1141807012335 -153.8240251485475 9.1
vertex 108.02882207939433 -153.54263548302424 9.1
vertex 107.02882207939454 -153.54263548302424 9.1
endloop
endfacet
facet normal 0 0 1
outer loop
vertex 108.1141807012335 -153.8240251485475 9.1
vertex 107.02882207939454 -153.54263548302424 9.1
vertex 107.04803679899193 -153.73772580504036 9.1
endloop
endfacet
facet normal 0 0 1
outer loop
vertex 108.1141807012335 -153.8240251485475 9.1
vertex 107.04803679899193 -153.73772580504036 9.1
vertex 107.07421541864467 -153.8240251485475 9.1
endloop
endfacet
facet normal 0 0 1
outer loop
vertex 111.92578458135534 -153.8240251485475 9.1
vertex 111.95196320100807 -153.73772580504036 9.1
vertex 111.97117792060546 -153.54263548302424 9.1
endloop
endfacet
facet normal 0 0 1
outer loop
vertex 111.92578458135534 -153.8240251485475 9.1
vertex 111.97117792060546 -153.54263548302424 9.1
vertex 110.97117792060565 -153.54263548302424 9.1
endloop
endfacet
facet normal 0 0 1
outer loop
vertex 111.92578458135534 -153.8240251485475 9.1
vertex 110.97117792060565 -153.54263548302424 9.1
vertex 110.8858192987677 -153.824025148548 9.1
endloop
endfacet
facet normal 0 0 1
outer loop
vertex 146.11418070123352 -153.8240251485475 9.1
vertex 146.02882207939672 -153.54263548302404 9.1
vertex 145.0288220793945 -153.54263548302424 9.1
endloop
endfacet
facet normal 0 0 1
outer loop
vertex 146.11418070123352 -153.8240251485475 9.1
vertex 145.0288220793945 -153.54263548302424 9.1
vertex 145.04803679899192 -153.73772580504036 9.1
endloop
endfacet
facet normal 0 0 1
outer loop
vertex 146.11418070123352 -153.8240251485475 9.1
vertex 145.04803679899192 -153.73772580504036 9.1
vertex 145.07421541864437 -153.8240251485475 9.1
endloop
endfacet
facet normal 0 0 1
outer loop
vertex 149.92578458135537 -153.8240251485475 9.1
vertex 149.95196320100808 -153.73772580504036 9.1
vertex 149.97117792060547 -153.54263548302424 9.1
endloop
endfacet
facet normal 0 0 1
outer loop
vertex 149.92578458135537 -153.8240251485475 9.1
vertex 149.97117792060547 -153.54263548302424 9.1
vertex 148.97117792060385 -153.54263548302407 9.1
endloop
endfacet
facet normal 0 0 1
outer loop
vertex 149.92578458135537 -153.8240251485475 9.1
vertex 148.97117792060385 -153.54263548302407 9.1
vertex 148.88581929876682 -153.8240251485476 9.1
endloop
endfacet
facet normal 0 0 1
outer loop
vertex 108.02882207939433 -153.54263548302424 9.1
vertex 108.00000000000087 -153.25000000000009 9.1
vertex 107 -153.24999999999991 9.1
endloop
endfacet
facet normal 0 0 1
outer loop
vertex 108.02882207939433 -153.54263548302424 9.1
vertex 107 -153.24999999999991 9.1
vertex 107.02882207939454 -153.54263548302424 9.1
endloop
endfacet
facet normal 0 0 1
outer loop
vertex 111.97117792060546 -153.54263548302424 9.1
vertex 112 -153.24999999999991 9.1
vertex 111.00000000000081 -153.25000000000009 9.1
endloop
endfacet
facet normal 0 0 1
outer loop
vertex 111.97117792060546 -153.54263548302424 9.1
vertex 111.00000000000081 -153.25000000000009 9.1
vertex 110.97117792060565 -153.54263548302424 9.1
endloop
endfacet
facet normal 0 0 1
outer loop
vertex 146.02882207939672 -153.54263548302404 9.1
vertex 145.99999999999923 -153.24999999999991 9.1
vertex 145 -153.24999999999991 9.1
endloop
endfacet
facet normal 0 0 1
outer loop
vertex 146.02882207939672 -153.54263548302404 9.1
vertex 145 -153.24999999999991 9.1
vertex 145.0288220793945 -153.54263548302424 9.1
endloop
endfacet
facet normal 0 0 1
outer loop
vertex 149.97117792060547 -153.54263548302424 9.1
vertex 150 -153.24999999999991 9.1
vertex 148.999999999999 -153.24999999999991 9.1
endloop
endfacet
facet normal 0 0 1
outer loop
vertex 149.97117792060547 -153.54263548302424 9.1
vertex 148.999999999999 -153.24999999999991 9.1
vertex 148.97117792060385 -153.54263548302407 9.1
endloop
endfacet
facet normal 0 0 1
outer loop
vertex 108.00000000000087 -153.25000000000009 9.1
vertex 108.02882207939497 -152.95736451697576 9.1
vertex 107.02882207939602 -152.95736451697576 9.1
endloop
endfacet
facet normal 0 0 1
outer loop
vertex 108.00000000000087 -153.25000000000009 9.1
vertex 107.02882207939602 -152.95736451697576 9.1
vertex 107 -153.24999999999991 9.1
endloop
endfacet
facet normal 0 0 1
outer loop
vertex 112 -153.24999999999991 9.1
vertex 111.97117792060398 -152.95736451697576 9.1
vertex 110.97117792060351 -152.95736451697596 9.1
endloop
endfacet
facet normal 0 0 1
outer loop
vertex 112 -153.24999999999991 9.1
vertex 110.97117792060351 -152.95736451697596 9.1
vertex 111.00000000000081 -153.25000000000009 9.1
endloop
endfacet
facet normal 0 0 1
outer loop
vertex 145.99999999999923 -153.24999999999991 9.1
vertex 146.02882207939498 -152.95736451697576 9.1
vertex 145.0288220793961 -152.95736451697576 9.1
endloop
endfacet
facet normal 0 0 1
outer loop
vertex 145.99999999999923 -153.24999999999991 9.1
vertex 145.0288220793961 -152.95736451697576 9.1
vertex 145 -153.24999999999991 9.1
endloop
endfacet
facet normal 0 0 1
outer loop
vertex 150 -153.24999999999991 9.1
vertex 149.971177920604 -152.95736451697576 9.1
vertex 148.9711779206063 -152.9573645169757 9.1
endloop
endfacet
facet normal 0 0 1
outer loop
vertex 150 -153.24999999999991 9.1
vertex 148.9711779206063 -152.9573645169757 9.1
vertex 148.999999999999 -153.24999999999991 9.1
endloop
endfacet
facet normal 0 0 1
outer loop
vertex 108.02882207939497 -152.95736451697576 9.1
vertex 108.11418070123408 -152.6759748514529 9.1
vertex 107.0742154186448 -152.6759748514529 9.1
endloop
endfacet
facet normal 0 0 1
outer loop
vertex 108.02882207939497 -152.95736451697576 9.1
vertex 107.0742154186448 -152.6759748514529 9.1
vertex 107.04803679899193 -152.7622741949597 9.1
endloop
endfacet
facet normal 0 0 1
outer loop
vertex 108.02882207939497 -152.95736451697576 9.1
vertex 107.04803679899193 -152.7622741949597 9.1
vertex 107.02882207939602 -152.95736451697576 9.1
endloop
endfacet
facet normal 0 0 1
outer loop
vertex 111.97117792060398 -152.95736451697576 9.1
vertex 111.95196320100807 -152.7622741949597 9.1
vertex 111.92578458135519 -152.6759748514529 9.1
endloop
endfacet
facet normal 0 0 1
outer loop
vertex 111.97117792060398 -152.95736451697576 9.1
vertex 111.92578458135519 -152.6759748514529 9.1
vertex 110.88581929876733 -152.67597485145222 9.1
endloop
endfacet
facet normal 0 0 1
outer loop
vertex 111.97117792060398 -152.95736451697576 9.1
vertex 110.88581929876733 -152.67597485145222 9.1
vertex 110.97117792060351 -152.95736451697596 9.1
endloop
endfacet
facet normal 0 0 1
outer loop
vertex 146.02882207939498 -152.95736451697576 9.1
vertex 146.11418070123287 -152.67597485145228 9.1
vertex 145.0742154186448 -152.6759748514529 9.1
endloop
endfacet
facet normal 0 0 1
outer loop
vertex 146.02882207939498 -152.95736451697576 9.1
vertex 145.0742154186448 -152.6759748514529 9.1
vertex 145.04803679899192 -152.7622741949597 9.1
endloop
endfacet
facet normal 0 0 1
outer loop
vertex 146.02882207939498 -152.95736451697576 9.1
vertex 145.04803679899192 -152.7622741949597 9.1
vertex 145.0288220793961 -152.95736451697576 9.1
endloop
endfacet
facet normal 0 0 1
outer loop
vertex 149.971177920604 -152.95736451697576 9.1
vertex 149.95196320100808 -152.7622741949597 9.1
vertex 149.9257845813552 -152.6759748514529 9.1
endloop
endfacet
facet normal 0 0 1
outer loop
vertex 149.971177920604 -152.95736451697576 9.1
vertex 149.9257845813552 -152.6759748514529 9.1
vertex 148.8858192987674 -152.6759748514522 9.1
endloop
endfacet
facet normal 0 0 1
outer loop
vertex 149.971177920604 -152.95736451697576 9.1
vertex 148.8858192987674 -152.6759748514522 9.1
vertex 148.9711779206063 -152.9573645169757 9.1
endloop
endfacet
facet normal 0 0 1
outer loop
vertex 108.11418070123408 -152.6759748514529 9.1
vertex 108.25279558154676 -152.41664465047106 9.1
vertex 107.1528823750671 -152.41664465047106 9.1
endloop
endfacet
facet normal 0 0 1
outer loop
vertex 108.11418070123408 -152.6759748514529 9.1
vertex 107.1528823750671 -152.41664465047106 9.1
vertex 107.0742154186448 -152.6759748514529 9.1
endloop
endfacet
facet normal 0 0 1
outer loop
vertex 111.92578458135519 -152.6759748514529 9.1
vertex 111.84711762493288 -152.41664465047106 9.1
vertex 110.74720441845564 -152.4166446504697 9.100000000000003
endloop
endfacet
facet normal 0 0 1
outer loop
vertex 111.92578458135519 -152.6759748514529 9.1
vertex 110.74720441845564 -152.4166446504697 9.100000000000003
vertex 110.88581929876733 -152.67597485145222 9.1
endloop
endfacet
facet normal 0 0 1
outer loop
vertex 146.11418070123287 -152.67597485145228 9.1
vertex 146.25279558154594 -152.4166446504704 9.1
vertex 145.1528823750671 -152.41664465047106 9.1
endloop
endfacet
facet normal 0 0 1
outer loop
vertex 146.11418070123287 -152.67597485145228 9.1
vertex 145.1528823750671 -152.41664465047106 9.1
vertex 145.0742154186448 -152.6759748514529 9.1
endloop
endfacet
facet normal 0 0 1
outer loop
vertex 149.9257845813552 -152.6759748514529 9.1
vertex 149.84711762493285 -152.41664465047106 9.1
vertex 148.747204418453 -152.41664465047106 9.1
endloop
endfacet
facet normal 0 0 1
outer loop
vertex 149.9257845813552 -152.6759748514529 9.1
vertex 148.747204418453 -152.41664465047106 9.1
vertex 148.8858192987674 -152.6759748514522 9.1
endloop
endfacet
facet normal 0 0 1
outer loop
vertex 108.25279558154676 -152.41664465047106 9.1
vertex 108.43933982822044 -152.18933982822048 9.1
vertex 107.2458644516453 -152.18933982822048 9.1
endloop
endfacet
facet normal 0 0 1
outer loop
vertex 108.25279558154676 -152.41664465047106 9.1
vertex 107.2458644516453 -152.18933982822048 9.1
vertex 107.19030116872179 -152.29329141908707 9.1
endloop
endfacet
facet normal 0 0 1
outer loop
vertex 108.25279558154676 -152.41664465047106 9.1
vertex 107.19030116872179 -152.29329141908707 9.1
vertex 107.1528823750671 -152.41664465047106 9.1
endloop
endfacet
facet normal 0 0 1
outer loop
vertex 111.84711762493288 -152.41664465047106 9.1
vertex 111.80969883127815 -152.29329141908707 9.1
vertex 111.75413554835463 -152.18933982822048 9.1
endloop
endfacet
facet normal 0 0 1
outer loop
vertex 111.84711762493288 -152.41664465047106 9.1
vertex 111.75413554835463 -152.18933982822048 9.1
vertex 110.56066017177993 -152.1893398282201 9.100000000000003
endloop
endfacet
facet normal 0 0 1
outer loop
vertex 111.84711762493288 -152.41664465047106 9.1
vertex 110.56066017177993 -152.1893398282201 9.100000000000003
vertex 110.74720441845564 -152.4166446504697 9.100000000000003
endloop
endfacet
facet normal 0 0 1
outer loop
vertex 146.25279558154594 -152.4166446504704 9.1
vertex 146.43933982822006 -152.18933982822 9.1
vertex 145.2458644516453 -152.18933982822048 9.1
endloop
endfacet
facet normal 0 0 1
outer loop
vertex 146.25279558154594 -152.4166446504704 9.1
vertex 145.2458644516453 -152.18933982822048 9.1
vertex 145.19030116872173 -152.29329141908707 9.1
endloop
endfacet
facet normal 0 0 1
outer loop
vertex 146.25279558154594 -152.4166446504704 9.1
vertex 145.19030116872173 -152.29329141908707 9.1
vertex 145.1528823750671 -152.41664465047106 9.1
endloop
endfacet
facet normal 0 0 1
outer loop
vertex 149.84711762493285 -152.41664465047106 9.1
vertex 149.80969883127813 -152.29329141908707 9.1
vertex 149.7541355483546 -152.18933982822048 9.1
endloop
endfacet
facet normal 0 0 1
outer loop
vertex 149.84711762493285 -152.41664465047106 9.1
vertex 149.7541355483546 -152.18933982822048 9.1
vertex 148.56066017177994 -152.18933982822014 9.100000000000003
endloop
endfacet
facet normal 0 0 1
outer loop
vertex 149.84711762493285 -152.41664465047106 9.1
vertex 148.56066017177994 -152.18933982822014 9.100000000000003
vertex 148.747204418453 -152.41664465047106 9.1
endloop
endfacet
facet normal 0 0 1
outer loop
vertex 108.43933982822044 -152.18933982822048 9.1
vertex 108.66664465047087 -152.00279558154668 9.1
vertex 107.34557442883474 -152.00279558154668 9.1
endloop
endfacet
facet normal 0 0 1
outer loop
vertex 108.43933982822044 -152.18933982822048 9.1
vertex 107.34557442883474 -152.00279558154668 9.1
vertex 107.2458644516453 -152.18933982822048 9.1
endloop
endfacet
facet normal 0 0 1
outer loop
vertex 111.75413554835463 -152.18933982822048 9.1
vertex 111.65442557116516 -152.00279558154668 9.1
vertex 110.33335534953108 -152.0027955815442 9.100000000000003
endloop
endfacet
facet normal 0 0 1
outer loop
vertex 111.75413554835463 -152.18933982822048 9.1
vertex 110.33335534953108 -152.0027955815442 9.100000000000003
vertex 110.56066017177993 -152.1893398282201 9.100000000000003
endloop
endfacet
facet normal 0 0 1
outer loop
vertex 146.43933982822006 -152.18933982822 9.1
vertex 146.66664465047054 -152.00279558154605 9.1
vertex 145.3455744288348 -152.00279558154668 9.1
endloop
endfacet
facet normal 0 0 1
outer loop
vertex 146.43933982822006 -152.18933982822 9.1
vertex 145.3455744288348 -152.00279558154668 9.1
vertex 145.2458644516453 -152.18933982822048 9.1
endloop
endfacet
facet normal 0 0 1
outer loop
vertex 149.7541355483546 -152.18933982822048 9.1
vertex 149.6544255711652 -152.00279558154668 9.1
vertex 148.33335534952957 -152.00279558154597 9.1
endloop
endfacet
facet normal 0 0 1
outer loop
vertex 149.7541355483546 -152.18933982822048 9.1
vertex 148.33335534952957 -152.00279558154597 9.1
vertex 148.56066017177994 -152.18933982822014 9.100000000000003
endloop
endfacet
facet normal 0 0 1
outer loop
vertex 108.66664465047087 -152.00279558154668 9.1
vertex 108.92597485145257 -151.86418070123375 9.1
vertex 107.41966562596923 -151.86418070123375 9.1
endloop
endfacet
facet normal 0 0 1
outer loop
vertex 108.66664465047087 -152.00279558154668 9.1
vertex 107.41966562596923 -151.86418070123375 9.1
vertex 107.34557442883474 -152.00279558154668 9.1
endloop
endfacet
facet normal 0 0 1
outer loop
vertex 111.65442557116516 -152.00279558154668 9.1
vertex 111.58033437403064 -151.86418070123375 9.1
vertex 110.07402514854856 -151.8641807012314 9.1
endloop
endfacet
facet normal 0 0 1
outer loop
vertex 111.65442557116516 -152.00279558154668 9.1
vertex 110.07402514854856 -151.8641807012314 9.1
vertex 110.33335534953108 -152.0027955815442 9.100000000000003
endloop
endfacet
facet normal 0 0 1
outer loop
vertex 146.66664465047054 -152.00279558154605 9.1
vertex 146.9259748514525 -151.8641807012336 9.1
vertex 145.41966562596943 -151.86418070123375 9.1
endloop
endfacet
facet normal 0 0 1
outer loop
vertex 146.66664465047054 -152.00279558154605 9.1
vertex 145.41966562596943 -151.86418070123375 9.1
vertex 145.3455744288348 -152.00279558154668 9.1
endloop
endfacet
facet normal 0 0 1
outer loop
vertex 149.6544255711652 -152.00279558154668 9.1
vertex 149.5803343740307 -151.86418070123375 9.1
vertex 148.0740251485468 -151.86418070123466 9.1
endloop
endfacet
facet normal 0 0 1
outer loop
vertex 149.6544255711652 -152.00279558154668 9.1
vertex 148.0740251485468 -151.86418070123466 9.1
vertex 148.33335534952957 -152.00279558154597 9.1
endloop
endfacet
facet normal 0 0 1
outer loop
vertex 108.92597485145257 -151.86418070123375 9.1
vertex 109.20736451697573 -151.77882207939427 9.100000000000003
vertex 107.4888287185798 -151.77882207939427 9.1
endloop
endfacet
facet normal 0 0 1
outer loop
vertex 108.92597485145257 -151.86418070123375 9.1
vertex 107.4888287185798 -151.77882207939427 9.1
vertex 107.42132596924351 -151.8610744174511 9.1
endloop
endfacet
facet normal 0 0 1
outer loop
vertex 108.92597485145257 -151.86418070123375 9.1
vertex 107.42132596924351 -151.8610744174511 9.1
vertex 107.41966562596923 -151.86418070123375 9.1
endloop
endfacet
facet normal 0 0 1
outer loop
vertex 111.58033437403064 -151.86418070123375 9.1
vertex 111.57867403075636 -151.8610744174511 9.1
vertex 111.51117128142015 -151.77882207939427 9.1
endloop
endfacet
facet normal 0 0 1
outer loop
vertex 111.58033437403064 -151.86418070123375 9.1
vertex 111.51117128142015 -151.77882207939427 9.1
vertex 109.79263548302423 -151.77882207939507 9.100000000000003
endloop
endfacet
facet normal 0 0 1
outer loop
vertex 111.58033437403064 -151.86418070123375 9.1
vertex 109.79263548302423 -151.77882207939507 9.100000000000003
vertex 110.07402514854856 -151.8641807012314 9.1
endloop
endfacet
facet normal 0 0 1
outer loop
vertex 146.9259748514525 -151.8641807012336 9.1
vertex 147.20736451697573 -151.7788220793944 9.1
vertex 145.48882871858004 -151.77882207939427 9.1
endloop
endfacet
facet normal 0 0 1
outer loop
vertex 146.9259748514525 -151.8641807012336 9.1
vertex 145.48882871858004 -151.77882207939427 9.1
vertex 145.42132596924372 -151.8610744174511 9.1
endloop
endfacet
facet normal 0 0 1
outer loop
vertex 146.9259748514525 -151.8641807012336 9.1
vertex 145.42132596924372 -151.8610744174511 9.1
vertex 145.41966562596943 -151.86418070123375 9.1
endloop
endfacet
facet normal 0 0 1
outer loop
vertex 149.5803343740307 -151.86418070123375 9.1
vertex 149.57867403075645 -151.8610744174511 9.1
vertex 149.51117128142022 -151.77882207939427 9.1
endloop
endfacet
facet normal 0 0 1
outer loop
vertex 149.5803343740307 -151.86418070123375 9.1
vertex 149.51117128142022 -151.77882207939427 9.1
vertex 147.79263548302407 -151.77882207939558 9.1
endloop
endfacet
facet normal 0 0 1
outer loop
vertex 149.5803343740307 -151.86418070123375 9.1
vertex 147.79263548302407 -151.77882207939558 9.1
vertex 148.0740251485468 -151.86418070123466 9.1
endloop
endfacet
facet normal 0 0 1
outer loop
vertex 109.20736451697573 -151.77882207939427 9.100000000000003
vertex 109.49999999999984 -151.7500000000019 9.100000000000003
vertex 107.51248238784895 -151.7500000000019 9.1
endloop
endfacet
facet normal 0 0 1
outer loop
vertex 109.20736451697573 -151.77882207939427 9.100000000000003
vertex 107.51248238784895 -151.7500000000019 9.1
vertex 107.4888287185798 -151.77882207939427 9.1
endloop
endfacet
facet normal 0 0 1
outer loop
vertex 111.51117128142015 -151.77882207939427 9.1
vertex 111.48751761215101 -151.7500000000019 9.1
vertex 109.49999999999984 -151.7500000000019 9.100000000000003
endloop
endfacet
facet normal 0 0 1
outer loop
vertex 111.51117128142015 -151.77882207939427 9.1
vertex 109.49999999999984 -151.7500000000019 9.100000000000003
vertex 109.79263548302423 -151.77882207939507 9.100000000000003
endloop
endfacet
facet normal 0 0 1
outer loop
vertex 147.20736451697573 -151.7788220793944 9.1
vertex 147.4999999999999 -151.75000000000134 9.1
vertex 145.5124823878492 -151.7500000000019 9.1
endloop
endfacet
facet normal 0 0 1
outer loop
vertex 147.20736451697573 -151.7788220793944 9.1
vertex 145.5124823878492 -151.7500000000019 9.1
vertex 145.48882871858004 -151.77882207939427 9.1
endloop
endfacet
facet normal 0 0 1
outer loop
vertex 149.51117128142022 -151.77882207939427 9.1
vertex 149.48751761215107 -151.7500000000019 9.1
vertex 147.4999999999999 -151.75000000000134 9.1
endloop
endfacet
facet normal 0 0 1
outer loop
vertex 149.51117128142022 -151.77882207939427 9.1
vertex 147.4999999999999 -151.75000000000134 9.1
vertex 147.79263548302407 -151.77882207939558 9.1
endloop
endfacet
facet normal 1.7875130550190518e-15 1.4669740525752419e-15 1
outer loop
vertex 109.49999999999984 -151.7500000000019 9.100000000000003
vertex 111.48751761215101 -151.7500000000019 9.1
vertex 111.26776695296635 -151.48223304703362 9.1
endloop
endfacet
facet normal 1.7875130550190518e-15 1.4669740525752419e-15 1
outer loop
vertex 109.49999999999984 -151.7500000000019 9.100000000000003
vertex 111.26776695296635 -151.48223304703362 9.1
vertex 110.88892558254912 -151.17132596924355 9.1
endloop
endfacet
facet normal 1.7875130550190518e-15 1.4669740525752419e-15 1
outer loop
vertex 109.49999999999984 -151.7500000000019 9.100000000000003
vertex 110.88892558254912 -151.17132596924355 9.1
vertex 110.45670858091256 -150.94030116872185 9.1
endloop
endfacet
facet normal 1.7875130550190518e-15 1.4669740525752419e-15 1
outer loop
vertex 109.49999999999984 -151.7500000000019 9.100000000000003
vertex 110.45670858091256 -150.94030116872185 9.1
vertex 109.98772580504033 -150.79803679899192 9.1
endloop
endfacet
facet normal 1.7875130550190518e-15 1.4669740525752419e-15 1
outer loop
vertex 109.49999999999984 -151.7500000000019 9.100000000000003
vertex 109.98772580504033 -150.79803679899192 9.1
vertex 109.49999999999989 -150.75 9.1
endloop
endfacet
facet normal 1.7875130550190518e-15 1.4669740525752419e-15 1
outer loop
vertex 109.49999999999984 -151.7500000000019 9.100000000000003
vertex 109.49999999999989 -150.75 9.1
vertex 109.01227419495972 -150.79803679899192 9.1
endloop
endfacet
facet normal 1.7875130550190518e-15 1.4669740525752419e-15 1
outer loop
vertex 109.49999999999984 -151.7500000000019 9.100000000000003
vertex 109.01227419495972 -150.79803679899192 9.1
vertex 108.54329141908734 -150.94030116872185 9.1
endloop
endfacet
facet normal 1.7875130550190518e-15 1.4669740525752419e-15 1
outer loop
vertex 109.49999999999984 -151.7500000000019 9.100000000000003
vertex 108.54329141908734 -150.94030116872185 9.1
vertex 108.11107441745085 -151.17132596924355 9.1
endloop
endfacet
facet normal 1.7875130550190518e-15 1.4669740525752419e-15 1
outer loop
vertex 109.49999999999984 -151.7500000000019 9.100000000000003
vertex 108.11107441745085 -151.17132596924355 9.1
vertex 107.73223304703383 -151.48223304703362 9.1
endloop
endfacet
facet normal 1.7875130550190518e-15 1.4669740525752419e-15 1
outer loop
vertex 109.49999999999984 -151.7500000000019 9.100000000000003
vertex 107.73223304703383 -151.48223304703362 9.1
vertex 107.51248238784895 -151.7500000000019 9.1
endloop
endfacet
facet normal 0 0 1
outer loop
vertex 147.4999999999999 -151.75000000000134 9.1
vertex 149.48751761215107 -151.7500000000019 9.1
vertex 149.26776695296635 -151.48223304703362 9.1
endloop
endfacet
facet normal 0 0 1
outer loop
vertex 147.4999999999999 -151.75000000000134 9.1
vertex 149.26776695296635 -151.48223304703362 9.1
vertex 148.88892558254892 -151.17132596924355 9.1
endloop
endfacet
facet normal 0 0 1
outer loop
vertex 147.4999999999999 -151.75000000000134 9.1
vertex 148.88892558254892 -151.17132596924355 9.1
vertex 148.4567085809129 -150.94030116872185 9.1
endloop
endfacet
facet normal 0 0 1
outer loop
vertex 147.4999999999999 -151.75000000000134 9.1
vertex 148.4567085809129 -150.94030116872185 9.1
vertex 147.9877258050403 -150.79803679899192 9.1
endloop
endfacet
facet normal 0 0 1
outer loop
vertex 147.4999999999999 -151.75000000000134 9.1
vertex 147.9877258050403 -150.79803679899192 9.1
vertex 147.50000000000003 -150.75 9.1
endloop
endfacet
facet normal 0 0 1
outer loop
vertex 147.4999999999999 -151.75000000000134 9.1
vertex 147.50000000000003 -150.75 9.1
vertex 147.0122741949598 -150.79803679899192 9.1
endloop
endfacet
facet normal 0 0 1
outer loop
vertex 147.4999999999999 -151.75000000000134 9.1
vertex 147.0122741949598 -150.79803679899192 9.1
vertex 146.54329141908715 -150.94030116872185 9.1
endloop
endfacet
facet normal 0 0 1
outer loop
vertex 147.4999999999999 -151.75000000000134 9.1
vertex 146.54329141908715 -150.94030116872185 9.1
vertex 146.11107441745108 -151.17132596924355 9.1
endloop
endfacet
facet normal 0 0 1
outer loop
vertex 147.4999999999999 -151.75000000000134 9.1
vertex 146.11107441745108 -151.17132596924355 9.1
vertex 145.7322330470336 -151.48223304703362 9.1
endloop
endfacet
facet normal 0 0 1
outer loop
vertex 147.4999999999999 -151.75000000000134 9.1
vertex 145.7322330470336 -151.48223304703362 9.1
vertex 145.5124823878492 -151.7500000000019 9.1
endloop
endfacet
facet normal 0 0 1
outer loop
vertex 109.9877258050404 -93.95196320100807 9.1
vertex 110.45670858091269 -93.8096988312782 9.1
vertex 110.88892558254902 -93.5786740307564 9.1
endloop
endfacet
facet normal 0 0 1
outer loop
vertex 109.9877258050404 -93.95196320100807 9.1
vertex 110.88892558254902 -93.5786740307564 9.1
vertex 111.26776695296631 -93.26776695296634 9.1
endloop
endfacet
facet normal 0 0 1
outer loop
vertex 109.9877258050404 -93.95196320100807 9.1
vertex 111.26776695296631 -93.26776695296634 9.1
vertex 111.48751761215061 -93.00000000000003 9.1
endloop
endfacet
facet normal 0 0 1
outer loop
vertex 109.9877258050404 -93.95196320100807 9.1
vertex 111.48751761215061 -93.00000000000003 9.1
vertex 109.50000000000003 -92.99999999999987 9.1
endloop
endfacet
facet normal 0 0 1
outer loop
vertex 109.9877258050404 -93.95196320100807 9.1
vertex 109.50000000000003 -92.99999999999987 9.1
vertex 107.51248238784933 -93.00000000000003 9.1
endloop
endfacet
facet normal 0 0 1
outer loop
vertex 109.9877258050404 -93.95196320100807 9.1
vertex 107.51248238784933 -93.00000000000003 9.1
vertex 107.7322330470336 -93.26776695296634 9.1
endloop
endfacet
facet normal 0 0 1
outer loop
vertex 109.9877258050404 -93.95196320100807 9.1
vertex 107.7322330470336 -93.26776695296634 9.1
vertex 108.11107441745105 -93.5786740307564 9.1
endloop
endfacet
facet normal 0 0 1
outer loop
vertex 109.9877258050404 -93.95196320100807 9.1
vertex 108.11107441745105 -93.5786740307564 9.1
vertex 108.54329141908723 -93.8096988312782 9.1
endloop
endfacet
facet normal 0 0 1
outer loop
vertex 109.9877258050404 -93.95196320100807 9.1
vertex 108.54329141908723 -93.8096988312782 9.1
vertex 109.01227419495969 -93.95196320100807 9.1
endloop
endfacet
facet normal 0 0 1
outer loop
vertex 109.9877258050404 -93.95196320100807 9.1
vertex 109.01227419495969 -93.95196320100807 9.1
vertex 109.49999999999999 -94 9.1
endloop
endfacet
facet normal 0 0 1
outer loop
vertex 147.9877258050403 -93.95196320100807 9.1
vertex 148.4567085809127 -93.8096988312782 9.1
vertex 148.88892558254895 -93.5786740307564 9.1
endloop
endfacet
facet normal 0 0 1
outer loop
vertex 147.9877258050403 -93.95196320100807 9.1
vertex 148.88892558254895 -93.5786740307564 9.1
vertex 149.26776695296647 -93.26776695296634 9.1
endloop
endfacet
facet normal 0 0 1
outer loop
vertex 147.9877258050403 -93.95196320100807 9.1
vertex 149.26776695296647 -93.26776695296634 9.1
vertex 149.48751761215073 -93.00000000000003 9.1
endloop
endfacet
facet normal 0 0 1
outer loop
vertex 147.9877258050403 -93.95196320100807 9.1
vertex 149.48751761215073 -93.00000000000003 9.1
vertex 147.50000000000017 -92.99999999999844 9.100000000000003
endloop
endfacet
facet normal 0 0 1
outer loop
vertex 147.9877258050403 -93.95196320100807 9.1
vertex 147.50000000000017 -92.99999999999844 9.100000000000003
vertex 145.5124823878494 -93.00000000000003 9.1
endloop
endfacet
facet normal 0 0 1
outer loop
vertex 147.9877258050403 -93.95196320100807 9.1
vertex 145.5124823878494 -93.00000000000003 9.1
vertex 145.73223304703362 -93.26776695296634 9.1
endloop
endfacet
facet normal 0 0 1
outer loop
vertex 147.9877258050403 -93.95196320100807 9.1
vertex 145.73223304703362 -93.26776695296634 9.1
vertex 146.1110744174511 -93.5786740307564 9.1
endloop
endfacet
facet normal 0 0 1
outer loop
vertex 147.9877258050403 -93.95196320100807 9.1
vertex 146.1110744174511 -93.5786740307564 9.1
vertex 146.54329141908724 -93.8096988312782 9.1
endloop
endfacet
facet normal 0 0 1
outer loop
vertex 147.9877258050403 -93.95196320100807 9.1
vertex 146.54329141908724 -93.8096988312782 9.1
vertex 147.01227419495973 -93.95196320100807 9.1
endloop
endfacet
facet normal 0 0 1
outer loop
vertex 147.9877258050403 -93.95196320100807 9.1
vertex 147.01227419495973 -93.95196320100807 9.1
vertex 147.49999999999991 -94 9.1
endloop
endfacet
facet normal 0 0 1
outer loop
vertex 109.50000000000003 -92.99999999999987 9.1
vertex 109.20736451697624 -92.9711779206034 9.1
vertex 107.48882871858258 -92.9711779206034 9.1
endloop
endfacet
facet normal 0 0 1
outer loop
vertex 109.50000000000003 -92.99999999999987 9.1
vertex 107.48882871858258 -92.9711779206034 9.1
vertex 107.51248238784933 -93.00000000000003 9.1
endloop
endfacet
facet normal 0 0 1
outer loop
vertex 111.48751761215061 -93.00000000000003 9.1
vertex 111.51117128141736 -92.9711779206034 9.1
vertex 109.79263548302421 -92.97117792060502 9.1
endloop
endfacet
facet normal 0 0 1
outer loop
vertex 111.48751761215061 -93.00000000000003 9.1
vertex 109.79263548302421 -92.97117792060502 9.1
vertex 109.50000000000003 -92.99999999999987 9.1
endloop
endfacet
facet normal 0 0 1
outer loop
vertex 147.50000000000017 -92.99999999999844 9.100000000000003
vertex 147.2073645169757 -92.97117792060527 9.1
vertex 145.48882871858262 -92.9711779206034 9.1
endloop
endfacet
facet normal 0 0 1
outer loop
vertex 147.50000000000017 -92.99999999999844 9.100000000000003
vertex 145.48882871858262 -92.9711779206034 9.1
vertex 145.5124823878494 -93.00000000000003 9.1
endloop
endfacet
facet normal 0 0 1
outer loop
vertex 149.48751761215073 -93.00000000000003 9.1
vertex 149.51117128141746 -92.9711779206034 9.1
vertex 147.79263548302427 -92.97117792060573 9.1
endloop
endfacet
facet normal 0 0 1
outer loop
vertex 149.48751761215073 -93.00000000000003 9.1
vertex 147.79263548302427 -92.97117792060573 9.1
vertex 147.50000000000017 -92.99999999999844 9.100000000000003
endloop
endfacet
facet normal 0 0 1
outer loop
vertex 109.20736451697624 -92.9711779206034 9.1
vertex 108.92597485145376 -92.88581929876435 9.1
vertex 107.41966562597109 -92.88581929876435 9.1
endloop
endfacet
facet normal 0 0 1
outer loop
vertex 109.20736451697624 -92.9711779206034 9.1
vertex 107.41966562597109 -92.88581929876435 9.1
vertex 107.42132596924364 -92.888925582549 9.1
endloop
endfacet
facet normal 0 0 1
outer loop
vertex 109.20736451697624 -92.9711779206034 9.1
vertex 107.42132596924364 -92.888925582549 9.1
vertex 107.48882871858258 -92.9711779206034 9.1
endloop
endfacet
facet normal 0 0 1
outer loop
vertex 111.51117128141736 -92.9711779206034 9.1
vertex 111.57867403075632 -92.888925582549 9.1
vertex 111.58033437402887 -92.88581929876435 9.1
endloop
endfacet
facet normal 0 0 1
outer loop
vertex 111.51117128141736 -92.9711779206034 9.1
vertex 111.58033437402887 -92.88581929876435 9.1
vertex 110.07402514854769 -92.88581929876712 9.100000000000003
endloop
endfacet
facet normal 0 0 1
outer loop
vertex 111.51117128141736 -92.9711779206034 9.1
vertex 110.07402514854769 -92.88581929876712 9.100000000000003
vertex 109.79263548302421 -92.97117792060502 9.1
endloop
endfacet
facet normal 0 0 1
outer loop
vertex 147.2073645169757 -92.97117792060527 9.1
vertex 146.9259748514538 -92.88581929876429 9.1
vertex 145.41966562597096 -92.88581929876435 9.1
endloop
endfacet
facet normal 0 0 1
outer loop
vertex 147.2073645169757 -92.97117792060527 9.1
vertex 145.41966562597096 -92.88581929876435 9.1
vertex 145.42132596924353 -92.888925582549 9.1
endloop
endfacet
facet normal 0 0 1
outer loop
vertex 147.2073645169757 -92.97117792060527 9.1
vertex 145.42132596924353 -92.888925582549 9.1
vertex 145.48882871858262 -92.9711779206034 9.1
endloop
endfacet
facet normal 0 0 1
outer loop
vertex 149.51117128141746 -92.9711779206034 9.1
vertex 149.57867403075642 -92.888925582549 9.1
vertex 149.58033437402898 -92.88581929876435 9.1
endloop
endfacet
facet normal 0 0 1
outer loop
vertex 149.51117128141746 -92.9711779206034 9.1
vertex 149.58033437402898 -92.88581929876435 9.1
vertex 148.07402514854755 -92.88581929876669 9.1
endloop
endfacet
facet normal 0 0 1
outer loop
vertex 149.51117128141746 -92.9711779206034 9.1
vertex 148.07402514854755 -92.88581929876669 9.1
vertex 147.79263548302427 -92.97117792060573 9.1
endloop
endfacet
facet normal 0 0 1
outer loop
vertex 108.92597485145376 -92.88581929876435 9.1
vertex 108.66664465047069 -92.74720441845375 9.100000000000003
vertex 107.34557442882988 -92.74720441845375 9.1
endloop
endfacet
facet normal 0 0 1
outer loop
vertex 108.92597485145376 -92.88581929876435 9.1
vertex 107.34557442882988 -92.74720441845375 9.1
vertex 107.41966562597109 -92.88581929876435 9.1
endloop
endfacet
facet normal 0 0 1
outer loop
vertex 111.58033437402887 -92.88581929876435 9.1
vertex 111.6544255711701 -92.74720441845375 9.1
vertex 110.33335534952943 -92.74720441845386 9.100000000000003
endloop
endfacet
facet normal 0 0 1
outer loop
vertex 111.58033437402887 -92.88581929876435 9.1
vertex 110.33335534952943 -92.74720441845386 9.100000000000003
vertex 110.07402514854769 -92.88581929876712 9.100000000000003
endloop
endfacet
facet normal 0 0 1
outer loop
vertex 146.9259748514538 -92.88581929876429 9.1
vertex 146.66664465047054 -92.74720441845392 9.1
vertex 145.34557442882956 -92.74720441845375 9.1
endloop
endfacet
facet normal 0 0 1
outer loop
vertex 146.9259748514538 -92.88581929876429 9.1
vertex 145.34557442882956 -92.74720441845375 9.1
vertex 145.41966562597096 -92.88581929876435 9.1
endloop
endfacet
facet normal 0 0 1
outer loop
vertex 149.58033437402898 -92.88581929876435 9.1
vertex 149.65442557117012 -92.74720441845375 9.1
vertex 148.33335534952994 -92.74720441845483 9.1
endloop
endfacet
facet normal 0 0 1
outer loop
vertex 149.58033437402898 -92.88581929876435 9.1
vertex 148.33335534952994 -92.74720441845483 9.1
vertex 148.07402514854755 -92.88581929876669 9.1
endloop
endfacet
facet normal 0 0 1
outer loop
vertex 108.66664465047069 -92.74720441845375 9.100000000000003
vertex 108.43933982822176 -92.56066017177855 9.100000000000003
vertex 107.24586445164337 -92.56066017177855 9.1
endloop
endfacet
facet normal 0 0 1
outer loop
vertex 108.66664465047069 -92.74720441845375 9.100000000000003
vertex 107.24586445164337 -92.56066017177855 9.1
vertex 107.34557442882988 -92.74720441845375 9.1
endloop
endfacet
facet normal 0 0 1
outer loop
vertex 111.6544255711701 -92.74720441845375 9.1
vertex 111.7541355483566 -92.56066017177855 9.1
vertex 110.56066017177994 -92.56066017177997 9.1
endloop
endfacet
facet normal 0 0 1
outer loop
vertex 111.6544255711701 -92.74720441845375 9.1
vertex 110.56066017177994 -92.56066017177997 9.1
vertex 110.33335534952943 -92.74720441845386 9.100000000000003
endloop
endfacet
facet normal 0 0 1
outer loop
vertex 146.66664465047054 -92.74720441845392 9.1
vertex 146.43933982822085 -92.56066017177932 9.100000000000003
vertex 145.24586445164283 -92.56066017177855 9.1
endloop
endfacet
facet normal 0 0 1
outer loop
vertex 146.66664465047054 -92.74720441845392 9.1
vertex 145.24586445164283 -92.56066017177855 9.1
vertex 145.34557442882956 -92.74720441845375 9.1
endloop
endfacet
facet normal 0 0 1
outer loop
vertex 149.65442557117012 -92.74720441845375 9.1
vertex 149.75413554835654 -92.56066017177855 9.1
vertex 148.56066017177932 -92.56066017177919 9.1
endloop
endfacet
facet normal 0 0 1
outer loop
vertex 149.65442557117012 -92.74720441845375 9.1
vertex 148.56066017177932 -92.56066017177919 9.1
vertex 148.33335534952994 -92.74720441845483 9.1
endloop
endfacet
facet normal 0 0 1
outer loop
vertex 108.43933982822176 -92.56066017177855 9.100000000000003
vertex 108.25279558154953 -92.33335534952762 9.1
vertex 107.15288237507119 -92.33335534952762 9.1
endloop
endfacet
facet normal 0 0 1
outer loop
vertex 108.43933982822176 -92.56066017177855 9.100000000000003
vertex 107.15288237507119 -92.33335534952762 9.1
vertex 107.19030116872173 -92.4567085809126 9.1
endloop
endfacet
facet normal 0 0 1
outer loop
vertex 108.43933982822176 -92.56066017177855 9.100000000000003
vertex 107.19030116872173 -92.4567085809126 9.1
vertex 107.24586445164337 -92.56066017177855 9.1
endloop
endfacet
facet normal 0 0 1
outer loop
vertex 111.7541355483566 -92.56066017177855 9.1
vertex 111.80969883127824 -92.4567085809126 9.1
vertex 111.8471176249288 -92.33335534952762 9.1
endloop
endfacet
facet normal 0 0 1
outer loop
vertex 111.7541355483566 -92.56066017177855 9.1
vertex 111.8471176249288 -92.33335534952762 9.1
vertex 110.74720441845373 -92.33335534952933 9.100000000000003
endloop
endfacet
facet normal 0 0 1
outer loop
vertex 111.7541355483566 -92.56066017177855 9.1
vertex 110.74720441845373 -92.33335534952933 9.100000000000003
vertex 110.56066017177994 -92.56066017177997 9.1
endloop
endfacet
facet normal 0 0 1
outer loop
vertex 146.43933982822085 -92.56066017177932 9.100000000000003
vertex 146.25279558154438 -92.33335534953036 9.1
vertex 145.1528823750713 -92.33335534952762 9.1
endloop
endfacet
facet normal 0 0 1
outer loop
vertex 146.43933982822085 -92.56066017177932 9.100000000000003
vertex 145.1528823750713 -92.33335534952762 9.1
vertex 145.19030116872182 -92.4567085809126 9.1
endloop
endfacet
facet normal 0 0 1
outer loop
vertex 146.43933982822085 -92.56066017177932 9.100000000000003
vertex 145.19030116872182 -92.4567085809126 9.1
vertex 145.24586445164283 -92.56066017177855 9.1
endloop
endfacet
facet normal 0 0 1
outer loop
vertex 149.75413554835654 -92.56066017177855 9.1
vertex 149.80969883127813 -92.4567085809126 9.1
vertex 149.84711762492873 -92.33335534952762 9.1
endloop
endfacet
facet normal 0 0 1
outer loop
vertex 149.75413554835654 -92.56066017177855 9.1
vertex 149.84711762492873 -92.33335534952762 9.1
vertex 148.74720441845383 -92.3333553495294 9.1
endloop
endfacet
facet normal 0 0 1
outer loop
vertex 149.75413554835654 -92.56066017177855 9.1
vertex 148.74720441845383 -92.3333553495294 9.1
vertex 148.56066017177932 -92.56066017177919 9.1
endloop
endfacet
facet normal 0 0 1
outer loop
vertex 108.25279558154953 -92.33335534952762 9.1
vertex 108.11418070123284 -92.07402514854772 9.100000000000003
vertex 107.0742154186364 -92.07402514854772 9.1
endloop
endfacet
facet normal 0 0 1
outer loop
vertex 108.25279558154953 -92.33335534952762 9.1
vertex 107.0742154186364 -92.07402514854772 9.1
vertex 107.15288237507119 -92.33335534952762 9.1
endloop
endfacet
facet normal 0 0 1
outer loop
vertex 111.8471176249288 -92.33335534952762 9.1
vertex 111.92578458136362 -92.07402514854772 9.1
vertex 110.88581929876669 -92.0740251485475 9.1
endloop
endfacet
facet normal 0 0 1
outer loop
vertex 111.8471176249288 -92.33335534952762 9.1
vertex 110.88581929876669 -92.0740251485475 9.1
vertex 110.74720441845373 -92.33335534952933 9.100000000000003
endloop
endfacet
facet normal 0 0 1
outer loop
vertex 146.25279558154438 -92.33335534953036 9.1
vertex 146.114180701233 -92.07402514854765 9.1
vertex 145.0742154186365 -92.07402514854772 9.1
endloop
endfacet
facet normal 0 0 1
outer loop
vertex 146.25279558154438 -92.33335534953036 9.1
vertex 145.0742154186365 -92.07402514854772 9.1
vertex 145.1528823750713 -92.33335534952762 9.1
endloop
endfacet
facet normal 0 0 1
outer loop
vertex 149.84711762492873 -92.33335534952762 9.1
vertex 149.92578458136362 -92.07402514854772 9.1
vertex 148.885819298767 -92.07402514854768 9.1
endloop
endfacet
facet normal 0 0 1
outer loop
vertex 149.84711762492873 -92.33335534952762 9.1
vertex 148.885819298767 -92.07402514854768 9.1
vertex 148.74720441845383 -92.3333553495294 9.1
endloop
endfacet
facet normal 0 0 1
outer loop
vertex 108.11418070123284 -92.07402514854772 9.100000000000003
vertex 108.02882207939562 -91.79263548302416 9.1
vertex 107.02882207939551 -91.79263548302416 9.1
endloop
endfacet
facet normal 0 0 1
outer loop
vertex 108.11418070123284 -92.07402514854772 9.100000000000003
vertex 107.02882207939551 -91.79263548302416 9.1
vertex 107.04803679899194 -91.98772580504044 9.1
endloop
endfacet
facet normal 0 0 1
outer loop
vertex 108.11418070123284 -92.07402514854772 9.100000000000003
vertex 107.04803679899194 -91.98772580504044 9.1
vertex 107.0742154186364 -92.07402514854772 9.1
endloop
endfacet
facet normal 0 0 1
outer loop
vertex 111.92578458136362 -92.07402514854772 9.1
vertex 111.95196320100807 -91.98772580504044 9.1
vertex 111.9711779206045 -91.79263548302416 9.1
endloop
endfacet
facet normal 0 0 1
outer loop
vertex 111.92578458136362 -92.07402514854772 9.1
vertex 111.9711779206045 -91.79263548302416 9.1
vertex 110.97117792060541 -91.79263548302427 9.1
endloop
endfacet
facet normal 0 0 1
outer loop
vertex 111.92578458136362 -92.07402514854772 9.1
vertex 110.97117792060541 -91.79263548302427 9.1
vertex 110.88581929876669 -92.0740251485475 9.1
endloop
endfacet
facet normal 0 0 1
outer loop
vertex 146.114180701233 -92.07402514854765 9.1
vertex 146.02882207939618 -91.7926354830241 9.1
vertex 145.0288220793955 -91.79263548302416 9.1
endloop
endfacet
facet normal 0 0 1
outer loop
vertex 146.114180701233 -92.07402514854765 9.1
vertex 145.0288220793955 -91.79263548302416 9.1
vertex 145.04803679899192 -91.98772580504044 9.1
endloop
endfacet
facet normal 0 0 1
outer loop
vertex 146.114180701233 -92.07402514854765 9.1
vertex 145.04803679899192 -91.98772580504044 9.1
vertex 145.0742154186365 -92.07402514854772 9.1
endloop
endfacet
facet normal 0 0 1
outer loop
vertex 149.92578458136362 -92.07402514854772 9.1
vertex 149.9519632010081 -91.98772580504044 9.1
vertex 149.97117792060453 -91.79263548302416 9.1
endloop
endfacet
facet normal 0 0 1
outer loop
vertex 149.92578458136362 -92.07402514854772 9.1
vertex 149.97117792060453 -91.79263548302416 9.1
vertex 148.97117792060396 -91.79263548302413 9.1
endloop
endfacet
facet normal 0 0 1
outer loop
vertex 149.92578458136362 -92.07402514854772 9.1
vertex 148.97117792060396 -91.79263548302413 9.1
vertex 148.885819298767 -92.07402514854768 9.1
endloop
endfacet
facet normal 0 0 1
outer loop
vertex 108.02882207939562 -91.79263548302416 9.1
vertex 107.99999999999962 -91.49999999999996 9.1
vertex 107 -91.49999999999994 9.1
endloop
endfacet
facet normal 0 0 1
outer loop
vertex 108.02882207939562 -91.79263548302416 9.1
vertex 107 -91.49999999999994 9.1
vertex 107.02882207939551 -91.79263548302416 9.1
endloop
endfacet
facet normal 0 0 1
outer loop
vertex 111.9711779206045 -91.79263548302416 9.1
vertex 112 -91.49999999999994 9.1
vertex 111.00000000000057 -91.50000000000006 9.1
endloop
endfacet
facet normal 0 0 1
outer loop
vertex 111.9711779206045 -91.79263548302416 9.1
vertex 111.00000000000057 -91.50000000000006 9.1
vertex 110.97117792060541 -91.79263548302427 9.1
endloop
endfacet
facet normal 0 0 1
outer loop
vertex 146.02882207939618 -91.7926354830241 9.1
vertex 145.99999999999991 -91.5 9.1
vertex 145 -91.49999999999994 9.1
endloop
endfacet
facet normal 0 0 1
outer loop
vertex 146.02882207939618 -91.7926354830241 9.1
vertex 145 -91.49999999999994 9.1
vertex 145.0288220793955 -91.79263548302416 9.1
endloop
endfacet
facet normal 0 0 1
outer loop
vertex 149.97117792060453 -91.79263548302416 9.1
vertex 150 -91.49999999999994 9.1
vertex 148.99999999999915 -91.49999999999993 9.1
endloop
endfacet
facet normal 0 0 1
outer loop
vertex 149.97117792060453 -91.79263548302416 9.1
vertex 148.99999999999915 -91.49999999999993 9.1
vertex 148.97117792060396 -91.79263548302413 9.1
endloop
endfacet
facet normal 0 0 1
outer loop
vertex 107.99999999999962 -91.49999999999996 9.1
vertex 108.02882207939564 -91.20736451697596 9.100000000000003
vertex 107.02882207939513 -91.20736451697596 9.1
endloop
endfacet
facet normal 0 0 1
outer loop
vertex 107.99999999999962 -91.49999999999996 9.1
vertex 107.02882207939513 -91.20736451697596 9.1
vertex 107 -91.49999999999994 9.1
endloop
endfacet
facet normal 0 0 1
outer loop
vertex 112 -91.49999999999994 9.1
vertex 111.97117792060487 -91.20736451697596 9.1
vertex 110.9711779206049 -91.20736451697579 9.1
endloop
endfacet
facet normal 0 0 1
outer loop
vertex 112 -91.49999999999994 9.1
vertex 110.9711779206049 -91.20736451697579 9.1
vertex 111.00000000000057 -91.50000000000006 9.1
endloop
endfacet
facet normal 0 0 1
outer loop
vertex 145.99999999999991 -91.5 9.1
vertex 146.02882207939567 -91.20736451697596 9.1
vertex 145.02882207939504 -91.20736451697596 9.1
endloop
endfacet
facet normal 0 0 1
outer loop
vertex 145.99999999999991 -91.5 9.1
vertex 145.02882207939504 -91.20736451697596 9.1
vertex 145 -91.49999999999994 9.1
endloop
endfacet
facet normal 0 0 1
outer loop
vertex 150 -91.49999999999994 9.1
vertex 149.97117792060487 -91.20736451697596 9.1
vertex 148.9711779206065 -91.20736451697567 9.100000000000003
endloop
endfacet
facet normal 0 0 1
outer loop
vertex 150 -91.49999999999994 9.1
vertex 148.9711779206065 -91.20736451697567 9.100000000000003
vertex 148.99999999999915 -91.49999999999993 9.1
endloop
endfacet
facet normal 0 0 1
outer loop
vertex 108.02882207939564 -91.20736451697596 9.100000000000003
vertex 108.11418070123325 -90.92597485145245 9.1
vertex 107.07421541863962 -90.92597485145245 9.1
endloop
endfacet
facet normal 0 0 1
outer loop
vertex 108.02882207939564 -91.20736451697596 9.100000000000003
vertex 107.07421541863962 -90.92597485145245 9.1
vertex 107.04803679899193 -91.01227419495963 9.1
endloop
endfacet
facet normal 0 0 1
outer loop
vertex 108.02882207939564 -91.20736451697596 9.100000000000003
vertex 107.04803679899193 -91.01227419495963 9.1
vertex 107.02882207939513 -91.20736451697596 9.1
endloop
endfacet
facet normal 0 0 1
outer loop
vertex 111.97117792060487 -91.20736451697596 9.1
vertex 111.95196320100807 -91.01227419495963 9.1
vertex 111.92578458136038 -90.92597485145245 9.1
endloop
endfacet
facet normal 0 0 1
outer loop
vertex 111.97117792060487 -91.20736451697596 9.1
vertex 111.92578458136038 -90.92597485145245 9.1
vertex 110.88581929876696 -90.92597485145238 9.100000000000003
endloop
endfacet
facet normal 0 0 1
outer loop
vertex 111.97117792060487 -91.20736451697596 9.1
vertex 110.88581929876696 -90.92597485145238 9.100000000000003
vertex 110.9711779206049 -91.20736451697579 9.1
endloop
endfacet
facet normal 0 0 1
outer loop
vertex 146.02882207939567 -91.20736451697596 9.1
vertex 146.11418070123236 -90.925974851452 9.1
vertex 145.0742154186397 -90.92597485145245 9.1
endloop
endfacet
facet normal 0 0 1
outer loop
vertex 146.02882207939567 -91.20736451697596 9.1
vertex 145.0742154186397 -90.92597485145245 9.1
vertex 145.04803679899194 -91.01227419495963 9.1
endloop
endfacet
facet normal 0 0 1
outer loop
vertex 146.02882207939567 -91.20736451697596 9.1
vertex 145.04803679899194 -91.01227419495963 9.1
vertex 145.02882207939504 -91.20736451697596 9.1
endloop
endfacet
facet normal 0 0 1
outer loop
vertex 149.97117792060487 -91.20736451697596 9.1
vertex 149.95196320100808 -91.01227419495963 9.1
vertex 149.92578458136038 -90.92597485145245 9.1
endloop
endfacet
facet normal 0 0 1
outer loop
vertex 149.97117792060487 -91.20736451697596 9.1
vertex 149.92578458136038 -90.92597485145245 9.1
vertex 148.88581929876722 -90.92597485145231 9.100000000000003
endloop
endfacet
facet normal 0 0 1
outer loop
vertex 149.97117792060487 -91.20736451697596 9.1
vertex 148.88581929876722 -90.92597485145231 9.100000000000003
vertex 148.9711779206065 -91.20736451697567 9.100000000000003
endloop
endfacet
facet normal 0 0 1
outer loop
vertex 108.11418070123325 -90.92597485145245 9.1
vertex 108.25279558154612 -90.66664465047056 9.100000000000003
vertex 107.15288237506988 -90.66664465047056 9.1
endloop
endfacet
facet normal 0 0 1
outer loop
vertex 108.11418070123325 -90.92597485145245 9.1
vertex 107.15288237506988 -90.66664465047056 9.1
vertex 107.07421541863962 -90.92597485145245 9.1
endloop
endfacet
facet normal 0 0 1
outer loop
vertex 111.92578458136038 -90.92597485145245 9.1
vertex 111.84711762493014 -90.66664465047056 9.1
vertex 110.74720441845221 -90.66664465047147 9.1
endloop
endfacet
facet normal 0 0 1
outer loop
vertex 111.92578458136038 -90.92597485145245 9.1
vertex 110.74720441845221 -90.66664465047147 9.1
vertex 110.88581929876696 -90.92597485145238 9.100000000000003
endloop
endfacet
facet normal 0 0 1
outer loop
vertex 146.11418070123236 -90.925974851452 9.1
vertex 146.2527955815463 -90.6666446504707 9.1
vertex 145.1528823750702 -90.66664465047056 9.1
endloop
endfacet
facet normal 0 0 1
outer loop
vertex 146.11418070123236 -90.925974851452 9.1
vertex 145.1528823750702 -90.66664465047056 9.1
vertex 145.0742154186397 -90.92597485145245 9.1
endloop
endfacet
facet normal 0 0 1
outer loop
vertex 149.92578458136038 -90.92597485145245 9.1
vertex 149.84711762493015 -90.66664465047056 9.1
vertex 148.747204418452 -90.6666446504716 9.1
endloop
endfacet
facet normal 0 0 1
outer loop
vertex 149.92578458136038 -90.92597485145245 9.1
vertex 148.747204418452 -90.6666446504716 9.1
vertex 148.88581929876722 -90.92597485145231 9.100000000000003
endloop
endfacet
facet normal 0 0 1
outer loop
vertex 108.25279558154612 -90.66664465047056 9.100000000000003
vertex 108.43933982822027 -90.43933982822028 9.1
vertex 107.24586445163685 -90.43933982822028 9.1
endloop
endfacet
facet normal 0 0 1
outer loop
vertex 108.25279558154612 -90.66664465047056 9.100000000000003
vertex 107.24586445163685 -90.43933982822028 9.1
vertex 107.19030116872177 -90.5432914190873 9.1
endloop
endfacet
facet normal 0 0 1
outer loop
vertex 108.25279558154612 -90.66664465047056 9.100000000000003
vertex 107.19030116872177 -90.5432914190873 9.1
vertex 107.15288237506988 -90.66664465047056 9.1
endloop
endfacet
facet normal 0 0 1
outer loop
vertex 111.84711762493014 -90.66664465047056 9.1
vertex 111.80969883127824 -90.5432914190873 9.1
vertex 111.75413554836314 -90.43933982822028 9.1
endloop
endfacet
facet normal 0 0 1
outer loop
vertex 111.84711762493014 -90.66664465047056 9.1
vertex 111.75413554836314 -90.43933982822028 9.1
vertex 110.56066017177885 -90.43933982822097 9.1
endloop
endfacet
facet normal 0 0 1
outer loop
vertex 111.84711762493014 -90.66664465047056 9.1
vertex 110.56066017177885 -90.43933982822097 9.1
vertex 110.74720441845221 -90.66664465047147 9.1
endloop
endfacet
facet normal 0 0 1
outer loop
vertex 146.2527955815463 -90.6666446504707 9.1
vertex 146.43933982822026 -90.43933982822027 9.100000000000003
vertex 145.24586445163678 -90.43933982822028 9.1
endloop
endfacet
facet normal 0 0 1
outer loop
vertex 146.2527955815463 -90.6666446504707 9.1
vertex 145.24586445163678 -90.43933982822028 9.1
vertex 145.19030116872176 -90.5432914190873 9.1
endloop
endfacet
facet normal 0 0 1
outer loop
vertex 146.2527955815463 -90.6666446504707 9.1
vertex 145.19030116872176 -90.5432914190873 9.1
vertex 145.1528823750702 -90.66664465047056 9.1
endloop
endfacet
facet normal 0 0 1
outer loop
vertex 149.84711762493015 -90.66664465047056 9.1
vertex 149.80969883127824 -90.5432914190873 9.1
vertex 149.75413554836314 -90.43933982822028 9.1
endloop
endfacet
facet normal 0 0 1
outer loop
vertex 149.84711762493015 -90.66664465047056 9.1
vertex 149.75413554836314 -90.43933982822028 9.1
vertex 148.56066017178128 -90.43933982821896 9.1
endloop
endfacet
facet normal 0 0 1
outer loop
vertex 149.84711762493015 -90.66664465047056 9.1
vertex 148.56066017178128 -90.43933982821896 9.1
vertex 148.747204418452 -90.6666446504716 9.1
endloop
endfacet
facet normal 0 0 1
outer loop
vertex 108.43933982822027 -90.43933982822028 9.1
vertex 108.66664465047043 -90.25279558154585 9.100000000000003
vertex 107.34557442883673 -90.25279558154585 9.1
endloop
endfacet
facet normal 0 0 1
outer loop
vertex 108.43933982822027 -90.43933982822028 9.1
vertex 107.34557442883673 -90.25279558154585 9.1
vertex 107.24586445163685 -90.43933982822028 9.1
endloop
endfacet
facet normal 0 0 1
outer loop
vertex 111.75413554836314 -90.43933982822028 9.1
vertex 111.65442557116323 -90.25279558154585 9.1
vertex 110.33335534952779 -90.25279558154814 9.1
endloop
endfacet
facet normal 0 0 1
outer loop
vertex 111.75413554836314 -90.43933982822028 9.1
vertex 110.33335534952779 -90.25279558154814 9.1
vertex 110.56066017177885 -90.43933982822097 9.1
endloop
endfacet
facet normal 0 0 1
outer loop
vertex 146.43933982822026 -90.43933982822027 9.100000000000003
vertex 146.66664465047103 -90.25279558154699 9.100000000000003
vertex 145.34557442883656 -90.25279558154585 9.1
endloop
endfacet
facet normal 0 0 1
outer loop
vertex 146.43933982822026 -90.43933982822027 9.100000000000003
vertex 145.34557442883656 -90.25279558154585 9.1
vertex 145.24586445163678 -90.43933982822028 9.1
endloop
endfacet
facet normal 0 0 1
outer loop
vertex 149.75413554836314 -90.43933982822028 9.1
vertex 149.65442557116322 -90.25279558154585 9.1
vertex 148.3333553495307 -90.25279558154465 9.1
endloop
endfacet
facet normal 0 0 1
outer loop
vertex 149.75413554836314 -90.43933982822028 9.1
vertex 148.3333553495307 -90.25279558154465 9.1
vertex 148.56066017178128 -90.43933982821896 9.1
endloop
endfacet
facet normal 0 0 1
outer loop
vertex 108.66664465047043 -90.25279558154585 9.100000000000003
vertex 108.92597485145254 -90.11418070123361 9.100000000000003
vertex 107.41966562597077 -90.11418070123361 9.1
endloop
endfacet
facet normal 0 0 1
outer loop
vertex 108.66664465047043 -90.25279558154585 9.100000000000003
vertex 107.41966562597077 -90.11418070123361 9.1
vertex 107.34557442883673 -90.25279558154585 9.1
endloop
endfacet
facet normal 0 0 1
outer loop
vertex 111.65442557116323 -90.25279558154585 9.1
vertex 111.58033437402918 -90.11418070123361 9.1
vertex 110.07402514854729 -90.11418070123376 9.100000000000003
endloop
endfacet
facet normal 0 0 1
outer loop
vertex 111.65442557116323 -90.25279558154585 9.1
vertex 110.07402514854729 -90.11418070123376 9.100000000000003
vertex 110.33335534952779 -90.25279558154814 9.1
endloop
endfacet
facet normal 0 0 1
outer loop
vertex 146.66664465047103 -90.25279558154699 9.100000000000003
vertex 146.92597485145228 -90.11418070123281 9.1
vertex 145.4196656259708 -90.11418070123361 9.1
endloop
endfacet
facet normal 0 0 1
outer loop
vertex 146.66664465047103 -90.25279558154699 9.100000000000003
vertex 145.4196656259708 -90.11418070123361 9.1
vertex 145.34557442883656 -90.25279558154585 9.1
endloop
endfacet
facet normal 0 0 1
outer loop
vertex 149.65442557116322 -90.25279558154585 9.1
vertex 149.58033437402918 -90.11418070123361 9.1
vertex 148.07402514854815 -90.11418070123221 9.1
endloop
endfacet
facet normal 0 0 1
outer loop
vertex 149.65442557116322 -90.25279558154585 9.1
vertex 148.07402514854815 -90.11418070123221 9.1
vertex 148.3333553495307 -90.25279558154465 9.1
endloop
endfacet
facet normal 0 0 1
outer loop
vertex 108.92597485145254 -90.11418070123361 9.100000000000003
vertex 109.20736451697586 -90.0288220793956 9.1
vertex 107.48882871858302 -90.0288220793956 9.1
endloop
endfacet
facet normal 0 0 1
outer loop
vertex 108.92597485145254 -90.11418070123361 9.100000000000003
vertex 107.48882871858302 -90.0288220793956 9.1
vertex 107.42132596924357 -90.1110744174511 9.1
endloop
endfacet
facet normal 0 0 1
outer loop
vertex 108.92597485145254 -90.11418070123361 9.100000000000003
vertex 107.42132596924357 -90.1110744174511 9.1
vertex 107.41966562597077 -90.11418070123361 9.1
endloop
endfacet
facet normal 0 0 1
outer loop
vertex 111.58033437402918 -90.11418070123361 9.1
vertex 111.57867403075637 -90.1110744174511 9.1
vertex 111.51117128141692 -90.0288220793956 9.1
endloop
endfacet
facet normal 0 0 1
outer loop
vertex 111.58033437402918 -90.11418070123361 9.1
vertex 111.51117128141692 -90.0288220793956 9.1
vertex 109.79263548302409 -90.02882207939555 9.1
endloop
endfacet
facet normal 0 0 1
outer loop
vertex 111.58033437402918 -90.11418070123361 9.1
vertex 109.79263548302409 -90.02882207939555 9.1
vertex 110.07402514854729 -90.11418070123376 9.100000000000003
endloop
endfacet
facet normal 0 0 1
outer loop
vertex 146.92597485145228 -90.11418070123281 9.1
vertex 147.2073645169759 -90.02882207939601 9.1
vertex 145.48882871858328 -90.0288220793956 9.1
endloop
endfacet
facet normal 0 0 1
outer loop
vertex 146.92597485145228 -90.11418070123281 9.1
vertex 145.48882871858328 -90.0288220793956 9.1
vertex 145.4213259692436 -90.1110744174511 9.1
endloop
endfacet
facet normal 0 0 1
outer loop
vertex 146.92597485145228 -90.11418070123281 9.1
vertex 145.4213259692436 -90.1110744174511 9.1
vertex 145.4196656259708 -90.11418070123361 9.1
endloop
endfacet
facet normal 0 0 1
outer loop
vertex 149.58033437402918 -90.11418070123361 9.1
vertex 149.57867403075636 -90.1110744174511 9.1
vertex 149.51117128141695 -90.0288220793956 9.1
endloop
endfacet
facet normal 0 0 1
outer loop
vertex 149.58033437402918 -90.11418070123361 9.1
vertex 149.51117128141695 -90.0288220793956 9.1
vertex 147.79263548302404 -90.02882207939555 9.1
endloop
endfacet
facet normal 0 0 1
outer loop
vertex 149.58033437402918 -90.11418070123361 9.1
vertex 147.79263548302404 -90.02882207939555 9.1
vertex 148.07402514854815 -90.11418070123221 9.1
endloop
endfacet
facet normal 0 0 1
outer loop
vertex 109.20736451697586 -90.0288220793956 9.1
vertex 109.50000000000007 -89.99999999999945 9.1
vertex 107.5124823878494 -89.99999999999945 9.1
endloop
endfacet
facet normal 0 0 1
outer loop
vertex 109.20736451697586 -90.0288220793956 9.1
vertex 107.5124823878494 -89.99999999999945 9.1
vertex 107.48882871858302 -90.0288220793956 9.1
endloop
endfacet
facet normal 0 0 1
outer loop
vertex 111.51117128141692 -90.0288220793956 9.1
vertex 111.48751761215054 -89.99999999999945 9.1
vertex 109.50000000000007 -89.99999999999945 9.1
endloop
endfacet
facet normal 0 0 1
outer loop
vertex 111.51117128141692 -90.0288220793956 9.1
vertex 109.50000000000007 -89.99999999999945 9.1
vertex 109.79263548302409 -90.02882207939555 9.1
endloop
endfacet
facet normal 0 0 1
outer loop
vertex 147.2073645169759 -90.02882207939601 9.1
vertex 147.50000000000017 -89.99999999999845 9.1
vertex 145.51248238784973 -89.99999999999945 9.1
endloop
endfacet
facet normal 0 0 1
outer loop
vertex 147.2073645169759 -90.02882207939601 9.1
vertex 145.51248238784973 -89.99999999999945 9.1
vertex 145.48882871858328 -90.0288220793956 9.1
endloop
endfacet
facet normal 0 0 1
outer loop
vertex 149.51117128141695 -90.0288220793956 9.1
vertex 149.48751761215058 -89.99999999999945 9.1
vertex 147.50000000000017 -89.99999999999845 9.1
endloop
endfacet
facet normal 0 0 1
outer loop
vertex 149.51117128141695 -90.0288220793956 9.1
vertex 147.50000000000017 -89.99999999999845 9.1
vertex 147.79263548302404 -90.02882207939555 9.1
endloop
endfacet
facet normal 0 0 1
outer loop
vertex 109.50000000000007 -89.99999999999945 9.1
vertex 111.48751761215054 -89.99999999999945 9.1
vertex 111.26776695296635 -89.7322330470337 9.1
endloop
endfacet
facet normal 0 0 1
outer loop
vertex 109.50000000000007 -89.99999999999945 9.1
vertex 111.26776695296635 -89.7322330470337 9.1
vertex 110.88892558254896 -89.42132596924353 9.1
endloop
endfacet
facet normal 0 0 1
outer loop
vertex 109.50000000000007 -89.99999999999945 9.1
vertex 110.88892558254896 -89.42132596924353 9.1
vertex 110.45670858091273 -89.19030116872182 9.1
endloop
endfacet
facet normal 0 0 1
outer loop
vertex 109.50000000000007 -89.99999999999945 9.1
vertex 110.45670858091273 -89.19030116872182 9.1
vertex 109.98772580504028 -89.04803679899194 9.1
endloop
endfacet
facet normal 0 0 1
outer loop
vertex 109.50000000000007 -89.99999999999945 9.1
vertex 109.98772580504028 -89.04803679899194 9.1
vertex 109.5000000000001 -89 9.1
endloop
endfacet
facet normal 0 0 1
outer loop
vertex 109.50000000000007 -89.99999999999945 9.1
vertex 109.5000000000001 -89 9.1
vertex 109.01227419495967 -89.04803679899194 9.1
endloop
endfacet
facet normal 0 0 1
outer loop
vertex 109.50000000000007 -89.99999999999945 9.1
vertex 109.01227419495967 -89.04803679899194 9.1
vertex 108.54329141908721 -89.19030116872182 9.1
endloop
endfacet
facet normal 0 0 1
outer loop
vertex 109.50000000000007 -89.99999999999945 9.1
vertex 108.54329141908721 -89.19030116872182 9.1
vertex 108.11107441745119 -89.42132596924353 9.1
endloop
endfacet
facet normal 0 0 1
outer loop
vertex 109.50000000000007 -89.99999999999945 9.1
vertex 108.11107441745119 -89.42132596924353 9.1
vertex 107.7322330470336 -89.7322330470337 9.1
endloop
endfacet
facet normal 0 0 1
outer loop
vertex 109.50000000000007 -89.99999999999945 9.1
vertex 107.7322330470336 -89.7322330470337 9.1
vertex 107.5124823878494 -89.99999999999945 9.1
endloop
endfacet
facet normal 0 0 1
outer loop
vertex 147.50000000000017 -89.99999999999845 9.1
vertex 149.48751761215058 -89.99999999999945 9.1
vertex 149.26776695296647 -89.7322330470337 9.1
endloop
endfacet
facet normal 0 0 1
outer loop
vertex 147.50000000000017 -89.99999999999845 9.1
vertex 149.26776695296647 -89.7322330470337 9.1
vertex 148.888925582549 -89.42132596924353 9.1
endloop
endfacet
facet normal 0 0 1
outer loop
vertex 147.50000000000017 -89.99999999999845 9.1
vertex 148.888925582549 -89.42132596924353 9.1
vertex 148.45670858091276 -89.19030116872182 9.1
endloop
endfacet
facet normal 0 0 1
outer loop
vertex 147.50000000000017 -89.99999999999845 9.1
vertex 148.45670858091276 -89.19030116872182 9.1
vertex 147.9877258050402 -89.04803679899194 9.1
endloop
endfacet
facet normal 0 0 1
outer loop
vertex 147.50000000000017 -89.99999999999845 9.1
vertex 147.9877258050402 -89.04803679899194 9.1
vertex 147.50000000000009 -89 9.1
endloop
endfacet
facet normal 0 0 1
outer loop
vertex 147.50000000000017 -89.99999999999845 9.1
vertex 147.50000000000009 -89 9.1
vertex 147.01227419495967 -89.04803679899194 9.1
endloop
endfacet
facet normal 0 0 1
outer loop
vertex 147.50000000000017 -89.99999999999845 9.1
vertex 147.01227419495967 -89.04803679899194 9.1
vertex 146.54329141908744 -89.19030116872182 9.1
endloop
endfacet
facet normal 0 0 1
outer loop
vertex 147.50000000000017 -89.99999999999845 9.1
vertex 146.54329141908744 -89.19030116872182 9.1
vertex 146.11107441745082 -89.42132596924353 9.1
endloop
endfacet
facet normal 0 0 1
outer loop
vertex 147.50000000000017 -89.99999999999845 9.1
vertex 146.11107441745082 -89.42132596924353 9.1
vertex 145.73223304703373 -89.7322330470337 9.1
endloop
endfacet
facet normal 0 0 1
outer loop
vertex 147.50000000000017 -89.99999999999845 9.1
vertex 145.73223304703373 -89.7322330470337 9.1
vertex 145.51248238784973 -89.99999999999945 9.1
endloop
endfacet
endsolid csg.js
