solid csg.js
facet normal 0 0 -1
outer loop
vertex 165.49999999999994 -71.5 0
vertex 165.84729635533398 -71.5303844939756 0
vertex 166.1840402866514 -71.62061475842819 0
endloop
endfacet
facet normal 0 0 -1
outer loop
vertex 165.49999999999994 -71.5 0
vertex 166.1840402866514 -71.62061475842819 0
vertex 166.49999999999991 -71.76794919243106 0
endloop
endfacet
facet normal 0 0 -1
outer loop
vertex 165.49999999999994 -71.5 0
vertex 166.49999999999991 -71.76794919243106 0
vertex 166.78557521937316 -71.96791111376211 0
endloop
endfacet
facet normal 0 0 -1
outer loop
vertex 165.49999999999994 -71.5 0
vertex 166.78557521937316 -71.96791111376211 0
vertex 167.03208888623803 -72.214424780627 0
endloop
endfacet
facet normal 0 0 -1
outer loop
vertex 165.49999999999994 -71.5 0
vertex 167.03208888623803 -72.214424780627 0
vertex 167.2320508075688 -72.49999999999989 0
endloop
endfacet
facet normal 0 0 -1
outer loop
vertex 165.49999999999994 -71.5 0
vertex 167.2320508075688 -72.49999999999989 0
vertex 167.37938524157184 -72.81595971334875 0
endloop
endfacet
facet normal 0 0 -1
outer loop
vertex 165.49999999999994 -71.5 0
vertex 167.37938524157184 -72.81595971334875 0
vertex 167.4696155060244 -73.15270364466606 0
endloop
endfacet
facet normal 0 0 -1
outer loop
vertex 165.49999999999994 -71.5 0
vertex 167.4696155060244 -73.15270364466606 0
vertex 167.5 -73.49999999999977 0
endloop
endfacet
facet normal 0 0 -1
outer loop
vertex 165.49999999999994 -71.5 0
vertex 167.5 -73.49999999999977 0
vertex 167.5 -75 0
endloop
endfacet
facet normal 0 0 -1
outer loop
vertex 165.49999999999994 -71.5 0
vertex 167.5 -75 0
vertex 164 -75 0
endloop
endfacet
facet normal 0 0 -1
outer loop
vertex 165.49999999999994 -71.5 0
vertex 164 -75 0
vertex 150 -75 0
endloop
endfacet
facet normal 0 0 -1
outer loop
vertex 165.49999999999994 -71.5 0
vertex 150 -75 0
vertex 145 -75 0
endloop
endfacet
facet normal 0 0 -1
outer loop
vertex 165.49999999999994 -71.5 0
vertex 145 -75 0
vertex 131 -75 0
endloop
endfacet
facet normal 0 0 -1
outer loop
vertex 165.49999999999994 -71.5 0
vertex 131 -75 0
vertex 126 -75 0
endloop
endfacet
facet normal 0 0 -1
outer loop
vertex 165.49999999999994 -71.5 0
vertex 126 -75 0
vertex 112 -75 0
endloop
endfacet
facet normal 0 0 -1
outer loop
vertex 165.49999999999994 -71.5 0
vertex 112 -75 0
vertex 107 -75 0
endloop
endfacet
facet normal 0 0 -1
outer loop
vertex 165.49999999999994 -71.5 0
vertex 107 -75 0
vertex 93 -75 0
endloop
endfacet
facet normal 0 0 -1
outer loop
vertex 165.49999999999994 -71.5 0
vertex 93 -75 0
vertex 89.5 -75 0
endloop
endfacet
facet normal 0 0 -1
outer loop
vertex 165.49999999999994 -71.5 0
vertex 89.5 -75 0
vertex 89.5 -73.49999999999977 0
endloop
endfacet
facet normal 0 0 -1
outer loop
vertex 165.49999999999994 -71.5 0
vertex 89.5 -73.49999999999977 0
vertex 89.53038449397557 -73.15270364466606 0
endloop
endfacet
facet normal 0 0 -1
outer loop
vertex 165.49999999999994 -71.5 0
vertex 89.53038449397557 -73.15270364466606 0
vertex 89.62061475842818 -72.81595971334875 0
endloop
endfacet
facet normal 0 0 -1
outer loop
vertex 165.49999999999994 -71.5 0
vertex 89.62061475842818 -72.81595971334875 0
vertex 89.76794919243116 -72.49999999999989 0
endloop
endfacet
facet normal 0 0 -1
outer loop
vertex 165.49999999999994 -71.5 0
vertex 89.76794919243116 -72.49999999999989 0
vertex 89.96791111376194 -72.214424780627 0
endloop
endfacet
facet normal 0 0 -1
outer loop
vertex 165.49999999999994 -71.5 0
vertex 89.96791111376194 -72.214424780627 0
vertex 90.21442478062694 -71.96791111376211 0
endloop
endfacet
facet normal 0 0 -1
outer loop
vertex 165.49999999999994 -71.5 0
vertex 90.21442478062694 -71.96791111376211 0
vertex 90.50000000000003 -71.76794919243106 0
endloop
endfacet
facet normal 0 0 -1
outer loop
vertex 165.49999999999994 -71.5 0
vertex 90.50000000000003 -71.76794919243106 0
vertex 90.81595971334866 -71.62061475842819 0
endloop
endfacet
facet normal 0 0 -1
outer loop
vertex 165.49999999999994 -71.5 0
vertex 90.81595971334866 -71.62061475842819 0
vertex 91.1527036446661 -71.5303844939756 0
endloop
endfacet
facet normal 0 0 -1
outer loop
vertex 165.49999999999994 -71.5 0
vertex 91.1527036446661 -71.5303844939756 0
vertex 91.50000000000011 -71.5 0
endloop
endfacet
facet normal 0 0 -1
outer loop
vertex 93 -75 0
vertex 93 -89 0
vertex 89.5 -89 0
endloop
endfacet
facet normal 0 0 -1
outer loop
vertex 93 -75 0
vertex 89.5 -89 0
vertex 89.5 -75 0
endloop
endfacet
facet normal 0 0 -1
outer loop
vertex 112 -75 0
vertex 112 -89 0
vertex 107 -89 0
endloop
endfacet
facet normal 0 0 -1
outer loop
vertex 112 -75 0
vertex 107 -89 0
vertex 107 -75 0
endloop
endfacet
facet normal 0 0 -1
outer loop
vertex 131 -75 0
vertex 131 -89 0
vertex 126 -89 0
endloop
endfacet
facet normal 0 0 -1
outer loop
vertex 131 -75 0
vertex 126 -89 0
vertex 126 -75 0
endloop
endfacet
facet normal 0 0 -1
outer loop
vertex 150 -75 0
vertex 150 -89 0
vertex 145 -89 0
endloop
endfacet
facet normal 0 0 -1
outer loop
vertex 150 -75 0
vertex 145 -89 0
vertex 145 -75 0
endloop
endfacet
facet normal 0 0 -1
outer loop
vertex 167.5 -75 0
vertex 167.5 -89 0
vertex 164 -89 0
endloop
endfacet
facet normal 0 0 -1
outer loop
vertex 167.5 -75 0
vertex 164 -89 0
vertex 164 -75 0
endloop
endfacet
facet normal 0 0 -1
outer loop
vertex 93 -89 0
vertex 107 -89 0
vertex 112 -89 0
endloop
endfacet
facet normal 0 0 -1
outer loop
vertex 93 -89 0
vertex 112 -89 0
vertex 126 -89 0
endloop
endfacet
facet normal 0 0 -1
outer loop
vertex 93 -89 0
vertex 126 -89 0
vertex 131 -89 0
endloop
endfacet
facet normal 0 0 -1
outer loop
vertex 93 -89 0
vertex 131 -89 0
vertex 145 -89 0
endloop
endfacet
facet normal 0 0 -1
outer loop
vertex 93 -89 0
vertex 145 -89 0
vertex 150 -89 0
endloop
endfacet
facet normal 0 0 -1
outer loop
vertex 93 -89 0
vertex 150 -89 0
vertex 164 -89 0
endloop
endfacet
facet normal 0 0 -1
outer loop
vertex 93 -89 0
vertex 164 -89 0
vertex 167.5 -89 0
endloop
endfacet
facet normal 0 0 -1
outer loop
vertex 93 -89 0
vertex 167.5 -89 0
vertex 167.5 -90 0
endloop
endfacet
facet normal 0 0 -1
outer loop
vertex 93 -89 0
vertex 167.5 -90 0
vertex 147.50000000000006 -90 0
endloop
endfacet
facet normal 0 0 -1
outer loop
vertex 93 -89 0
vertex 147.50000000000006 -90 0
vertex 109.50000000000001 -90 0
endloop
endfacet
facet normal 0 0 -1
outer loop
vertex 93 -89 0
vertex 109.50000000000001 -90 0
vertex 89.5 -90 0
endloop
endfacet
facet normal 0 0 -1
outer loop
vertex 93 -89 0
vertex 89.5 -90 0
vertex 89.5 -89 0
endloop
endfacet
facet normal 0 0 -1
outer loop
vertex 109.50000000000001 -90 0
vertex 109.20736451697582 -90.02882207939516 0
vertex 89.5 -90.02882207939516 0
endloop
endfacet
facet normal 0 0 -1
outer loop
vertex 109.50000000000001 -90 0
vertex 89.5 -90.02882207939516 0
vertex 89.5 -90 0
endloop
endfacet
facet normal 0 0 -1
outer loop
vertex 147.50000000000006 -90 0
vertex 147.20736451697587 -90.02882207939516 0
vertex 109.79263548302413 -90.02882207939516 0
endloop
endfacet
facet normal 0 0 -1
outer loop
vertex 147.50000000000006 -90 0
vertex 109.79263548302413 -90.02882207939516 0
vertex 109.50000000000001 -90 0
endloop
endfacet
facet normal 0 0 -1
outer loop
vertex 167.5 -90 0
vertex 167.5 -90.02882207939516 0
vertex 147.79263548302424 -90.02882207939516 0
endloop
endfacet
facet normal 0 0 -1
outer loop
vertex 167.5 -90 0
vertex 147.79263548302424 -90.02882207939516 0
vertex 147.50000000000006 -90 0
endloop
endfacet
facet normal 0 0 -1
outer loop
vertex 109.20736451697582 -90.02882207939516 0
vertex 108.9259748514524 -90.11418070123304 0
vertex 89.5 -90.11418070123304 0
endloop
endfacet
facet normal 0 0 -1
outer loop
vertex 109.20736451697582 -90.02882207939516 0
vertex 89.5 -90.11418070123304 0
vertex 89.5 -90.02882207939516 0
endloop
endfacet
facet normal 0 0 -1
outer loop
vertex 147.20736451697587 -90.02882207939516 0
vertex 146.9259748514523 -90.11418070123304 0
vertex 110.07402514854758 -90.11418070123304 0
endloop
endfacet
facet normal 0 0 -1
outer loop
vertex 147.20736451697587 -90.02882207939516 0
vertex 110.07402514854758 -90.11418070123304 0
vertex 109.79263548302413 -90.02882207939516 0
endloop
endfacet
facet normal 0 0 -1
outer loop
vertex 167.5 -90.02882207939516 0
vertex 167.5 -90.11418070123304 0
vertex 148.07402514854758 -90.11418070123304 0
endloop
endfacet
facet normal 0 0 -1
outer loop
vertex 167.5 -90.02882207939516 0
vertex 148.07402514854758 -90.11418070123304 0
vertex 147.79263548302424 -90.02882207939516 0
endloop
endfacet
facet normal 0 0 -1
outer loop
vertex 108.9259748514524 -90.11418070123304 0
vertex 108.66664465047043 -90.25279558154621 0
vertex 89.5 -90.25279558154621 0
endloop
endfacet
facet normal 0 0 -1
outer loop
vertex 108.9259748514524 -90.11418070123304 0
vertex 89.5 -90.25279558154621 0
vertex 89.5 -90.11418070123304 0
endloop
endfacet
facet normal 0 0 -1
outer loop
vertex 146.9259748514523 -90.11418070123304 0
vertex 146.66664465047052 -90.25279558154621 0
vertex 110.33335534952943 -90.25279558154621 0
endloop
endfacet
facet normal 0 0 -1
outer loop
vertex 146.9259748514523 -90.11418070123304 0
vertex 110.33335534952943 -90.25279558154621 0
vertex 110.07402514854758 -90.11418070123304 0
endloop
endfacet
facet normal 0 0 -1
outer loop
vertex 167.5 -90.11418070123304 0
vertex 167.5 -90.25279558154621 0
vertex 148.33335534952943 -90.25279558154621 0
endloop
endfacet
facet normal 0 0 -1
outer loop
vertex 167.5 -90.11418070123304 0
vertex 148.33335534952943 -90.25279558154621 0
vertex 148.07402514854758 -90.11418070123304 0
endloop
endfacet
facet normal 0 0 -1
outer loop
vertex 108.66664465047043 -90.25279558154621 0
vertex 108.43933982822038 -90.43933982822018 0
vertex 89.5 -90.43933982822018 0
endloop
endfacet
facet normal 0 0 -1
outer loop
vertex 108.66664465047043 -90.25279558154621 0
vertex 89.5 -90.43933982822018 0
vertex 89.5 -90.25279558154621 0
endloop
endfacet
facet normal 0 0 -1
outer loop
vertex 146.66664465047052 -90.25279558154621 0
vertex 146.4393398282203 -90.43933982822018 0
vertex 110.5606601717798 -90.43933982822018 0
endloop
endfacet
facet normal 0 0 -1
outer loop
vertex 146.66664465047052 -90.25279558154621 0
vertex 110.5606601717798 -90.43933982822018 0
vertex 110.33335534952943 -90.25279558154621 0
endloop
endfacet
facet normal 0 0 -1
outer loop
vertex 167.5 -90.25279558154621 0
vertex 167.5 -90.43933982822018 0
vertex 148.56066017177983 -90.43933982822018 0
endloop
endfacet
facet normal 0 0 -1
outer loop
vertex 167.5 -90.25279558154621 0
vertex 148.56066017177983 -90.43933982822018 0
vertex 148.33335534952943 -90.25279558154621 0
endloop
endfacet
facet normal 0 0 -1
outer loop
vertex 108.43933982822038 -90.43933982822018 0
vertex 108.25279558154605 -90.66664465047066 0
vertex 89.5 -90.66664465047066 0
endloop
endfacet
facet normal 0 0 -1
outer loop
vertex 108.43933982822038 -90.43933982822018 0
vertex 89.5 -90.66664465047066 0
vertex 89.5 -90.43933982822018 0
endloop
endfacet
facet normal 0 0 -1
outer loop
vertex 146.4393398282203 -90.43933982822018 0
vertex 146.25279558154622 -90.66664465047066 0
vertex 110.7472044184538 -90.66664465047066 0
endloop
endfacet
facet normal 0 0 -1
outer loop
vertex 146.4393398282203 -90.43933982822018 0
vertex 110.7472044184538 -90.66664465047066 0
vertex 110.5606601717798 -90.43933982822018 0
endloop
endfacet
facet normal 0 0 -1
outer loop
vertex 167.5 -90.43933982822018 0
vertex 167.5 -90.66664465047066 0
vertex 148.74720441845383 -90.66664465047066 0
endloop
endfacet
facet normal 0 0 -1
outer loop
vertex 167.5 -90.43933982822018 0
vertex 148.74720441845383 -90.66664465047066 0
vertex 148.56066017177983 -90.43933982822018 0
endloop
endfacet
facet normal 0 0 -1
outer loop
vertex 108.25279558154605 -90.66664465047066 0
vertex 108.11418070123305 -90.92597485145247 0
vertex 89.5 -90.92597485145247 0
endloop
endfacet
facet normal 0 0 -1
outer loop
vertex 108.25279558154605 -90.66664465047066 0
vertex 89.5 -90.92597485145247 0
vertex 89.5 -90.66664465047066 0
endloop
endfacet
facet normal 0 0 -1
outer loop
vertex 146.25279558154622 -90.66664465047066 0
vertex 146.114180701233 -90.92597485145247 0
vertex 110.88581929876695 -90.92597485145247 0
endloop
endfacet
facet normal 0 0 -1
outer loop
vertex 146.25279558154622 -90.66664465047066 0
vertex 110.88581929876695 -90.92597485145247 0
vertex 110.7472044184538 -90.66664465047066 0
endloop
endfacet
facet normal 0 0 -1
outer loop
vertex 167.5 -90.66664465047066 0
vertex 167.5 -90.92597485145247 0
vertex 148.885819298767 -90.92597485145247 0
endloop
endfacet
facet normal 0 0 -1
outer loop
vertex 167.5 -90.66664465047066 0
vertex 148.885819298767 -90.92597485145247 0
vertex 148.74720441845383 -90.66664465047066 0
endloop
endfacet
facet normal 0 0 -1
outer loop
vertex 108.11418070123305 -90.92597485145247 0
vertex 108.02882207939521 -91.20736451697576 0
vertex 89.5 -91.20736451697576 0
endloop
endfacet
facet normal 0 0 -1
outer loop
vertex 108.11418070123305 -90.92597485145247 0
vertex 89.5 -91.20736451697576 0
vertex 89.5 -90.92597485145247 0
endloop
endfacet
facet normal 0 0 -1
outer loop
vertex 146.114180701233 -90.92597485145247 0
vertex 146.02882207939518 -91.20736451697576 0
vertex 110.97117792060484 -91.20736451697576 0
endloop
endfacet
facet normal 0 0 -1
outer loop
vertex 146.114180701233 -90.92597485145247 0
vertex 110.97117792060484 -91.20736451697576 0
vertex 110.88581929876695 -90.92597485145247 0
endloop
endfacet
facet normal 0 0 -1
outer loop
vertex 167.5 -90.92597485145247 0
vertex 167.5 -91.20736451697576 0
vertex 148.97117792060484 -91.20736451697576 0
endloop
endfacet
facet normal 0 0 -1
outer loop
vertex 167.5 -90.92597485145247 0
vertex 148.97117792060484 -91.20736451697576 0
vertex 148.885819298767 -90.92597485145247 0
endloop
endfacet
facet normal 0 0 -1
outer loop
vertex 108.02882207939521 -91.20736451697576 0
vertex 108.00000000000003 -91.49999999999984 0
vertex 89.5 -91.49999999999984 0
endloop
endfacet
facet normal 0 0 -1
outer loop
vertex 108.02882207939521 -91.20736451697576 0
vertex 89.5 -91.49999999999984 0
vertex 89.5 -91.20736451697576 0
endloop
endfacet
facet normal 0 0 -1
outer loop
vertex 146.02882207939518 -91.20736451697576 0
vertex 146 -91.49999999999984 0
vertex 111 -91.49999999999984 0
endloop
endfacet
facet normal 0 0 -1
outer loop
vertex 146.02882207939518 -91.20736451697576 0
vertex 111 -91.49999999999984 0
vertex 110.97117792060484 -91.20736451697576 0
endloop
endfacet
facet normal 0 0 -1
outer loop
vertex 167.5 -91.20736451697576 0
vertex 167.5 -91.49999999999984 0
vertex 149 -91.49999999999984 0
endloop
endfacet
facet normal 0 0 -1
outer loop
vertex 167.5 -91.20736451697576 0
vertex 149 -91.49999999999984 0
vertex 148.97117792060484 -91.20736451697576 0
endloop
endfacet
facet normal 0 0 -1
outer loop
vertex 108.00000000000003 -91.49999999999984 0
vertex 108.02882207939517 -91.79263548302414 0
vertex 89.5 -91.79263548302414 0
endloop
endfacet
facet normal 0 0 -1
outer loop
vertex 108.00000000000003 -91.49999999999984 0
vertex 89.5 -91.79263548302414 0
vertex 89.5 -91.49999999999984 0
endloop
endfacet
facet normal 0 0 -1
outer loop
vertex 146 -91.49999999999984 0
vertex 146.02882207939516 -91.79263548302414 0
vertex 110.97117792060484 -91.79263548302414 0
endloop
endfacet
facet normal 0 0 -1
outer loop
vertex 146 -91.49999999999984 0
vertex 110.97117792060484 -91.79263548302414 0
vertex 111 -91.49999999999984 0
endloop
endfacet
facet normal 0 0 -1
outer loop
vertex 167.5 -91.49999999999984 0
vertex 167.5 -91.79263548302414 0
vertex 148.97117792060484 -91.79263548302414 0
endloop
endfacet
facet normal 0 0 -1
outer loop
vertex 167.5 -91.49999999999984 0
vertex 148.97117792060484 -91.79263548302414 0
vertex 149 -91.49999999999984 0
endloop
endfacet
facet normal 0 0 -1
outer loop
vertex 108.02882207939517 -91.79263548302414 0
vertex 108.11418070123308 -92.07402514854765 0
vertex 89.5 -92.07402514854765 0
endloop
endfacet
facet normal 0 0 -1
outer loop
vertex 108.02882207939517 -91.79263548302414 0
vertex 89.5 -92.07402514854765 0
vertex 89.5 -91.79263548302414 0
endloop
endfacet
facet normal 0 0 -1
outer loop
vertex 146.02882207939516 -91.79263548302414 0
vertex 146.1141807012331 -92.07402514854765 0
vertex 110.88581929876686 -92.07402514854765 0
endloop
endfacet
facet normal 0 0 -1
outer loop
vertex 146.02882207939516 -91.79263548302414 0
vertex 110.88581929876686 -92.07402514854765 0
vertex 110.97117792060484 -91.79263548302414 0
endloop
endfacet
facet normal 0 0 -1
outer loop
vertex 167.5 -91.79263548302414 0
vertex 167.5 -92.07402514854765 0
vertex 148.88581929876688 -92.07402514854765 0
endloop
endfacet
facet normal 0 0 -1
outer loop
vertex 167.5 -91.79263548302414 0
vertex 148.88581929876688 -92.07402514854765 0
vertex 148.97117792060484 -91.79263548302414 0
endloop
endfacet
facet normal 0 0 -1
outer loop
vertex 108.11418070123308 -92.07402514854765 0
vertex 108.25279558154615 -92.33335534952943 0
vertex 89.5 -92.33335534952943 0
endloop
endfacet
facet normal 0 0 -1
outer loop
vertex 108.11418070123308 -92.07402514854765 0
vertex 89.5 -92.33335534952943 0
vertex 89.5 -92.07402514854765 0
endloop
endfacet
facet normal 0 0 -1
outer loop
vertex 146.1141807012331 -92.07402514854765 0
vertex 146.25279558154622 -92.33335534952943 0
vertex 110.74720441845378 -92.33335534952943 0
endloop
endfacet
facet normal 0 0 -1
outer loop
vertex 146.1141807012331 -92.07402514854765 0
vertex 110.74720441845378 -92.33335534952943 0
vertex 110.88581929876686 -92.07402514854765 0
endloop
endfacet
facet normal 0 0 -1
outer loop
vertex 167.5 -92.07402514854765 0
vertex 167.5 -92.33335534952943 0
vertex 148.7472044184538 -92.33335534952943 0
endloop
endfacet
facet normal 0 0 -1
outer loop
vertex 167.5 -92.07402514854765 0
vertex 148.7472044184538 -92.33335534952943 0
vertex 148.88581929876688 -92.07402514854765 0
endloop
endfacet
facet normal 0 0 -1
outer loop
vertex 108.25279558154615 -92.33335534952943 0
vertex 108.43933982822017 -92.56066017177983 0
vertex 89.5 -92.56066017177983 0
endloop
endfacet
facet normal 0 0 -1
outer loop
vertex 108.25279558154615 -92.33335534952943 0
vertex 89.5 -92.56066017177983 0
vertex 89.5 -92.33335534952943 0
endloop
endfacet
facet normal 0 0 -1
outer loop
vertex 146.25279558154622 -92.33335534952943 0
vertex 146.43933982822017 -92.56066017177983 0
vertex 110.56066017177987 -92.56066017177983 0
endloop
endfacet
facet normal 0 0 -1
outer loop
vertex 146.25279558154622 -92.33335534952943 0
vertex 110.56066017177987 -92.56066017177983 0
vertex 110.74720441845378 -92.33335534952943 0
endloop
endfacet
facet normal 0 0 -1
outer loop
vertex 167.5 -92.33335534952943 0
vertex 167.5 -92.56066017177983 0
vertex 148.56066017177977 -92.56066017177983 0
endloop
endfacet
facet normal 0 0 -1
outer loop
vertex 167.5 -92.33335534952943 0
vertex 148.56066017177977 -92.56066017177983 0
vertex 148.7472044184538 -92.33335534952943 0
endloop
endfacet
facet normal 0 0 -1
outer loop
vertex 108.43933982822017 -92.56066017177983 0
vertex 108.66664465047069 -92.74720441845385 0
vertex 89.5 -92.74720441845385 0
endloop
endfacet
facet normal 0 0 -1
outer loop
vertex 108.43933982822017 -92.56066017177983 0
vertex 89.5 -92.74720441845385 0
vertex 89.5 -92.56066017177983 0
endloop
endfacet
facet normal 0 0 -1
outer loop
vertex 146.43933982822017 -92.56066017177983 0
vertex 146.66664465047066 -92.74720441845385 0
vertex 110.33335534952933 -92.74720441845385 0
endloop
endfacet
facet normal 0 0 -1
outer loop
vertex 146.43933982822017 -92.56066017177983 0
vertex 110.33335534952933 -92.74720441845385 0
vertex 110.56066017177987 -92.56066017177983 0
endloop
endfacet
facet normal 0 0 -1
outer loop
vertex 167.5 -92.56066017177983 0
vertex 167.5 -92.74720441845385 0
vertex 148.3333553495293 -92.74720441845385 0
endloop
endfacet
facet normal 0 0 -1
outer loop
vertex 167.5 -92.56066017177983 0
vertex 148.3333553495293 -92.74720441845385 0
vertex 148.56066017177977 -92.56066017177983 0
endloop
endfacet
facet normal 0 0 -1
outer loop
vertex 108.66664465047069 -92.74720441845385 0
vertex 108.92597485145218 -92.88581929876689 0
vertex 89.5 -92.88581929876689 0
endloop
endfacet
facet normal 0 0 -1
outer loop
vertex 108.66664465047069 -92.74720441845385 0
vertex 89.5 -92.88581929876689 0
vertex 89.5 -92.74720441845385 0
endloop
endfacet
facet normal 0 0 -1
outer loop
vertex 146.66664465047066 -92.74720441845385 0
vertex 146.92597485145225 -92.88581929876689 0
vertex 110.07402514854768 -92.88581929876689 0
endloop
endfacet
facet normal 0 0 -1
outer loop
vertex 146.66664465047066 -92.74720441845385 0
vertex 110.07402514854768 -92.88581929876689 0
vertex 110.33335534952933 -92.74720441845385 0
endloop
endfacet
facet normal 0 0 -1
outer loop
vertex 167.5 -92.74720441845385 0
vertex 167.5 -92.88581929876689 0
vertex 148.07402514854775 -92.88581929876689 0
endloop
endfacet
facet normal 0 0 -1
outer loop
vertex 167.5 -92.74720441845385 0
vertex 148.07402514854775 -92.88581929876689 0
vertex 148.3333553495293 -92.74720441845385 0
endloop
endfacet
facet normal 0 0 -1
outer loop
vertex 108.92597485145218 -92.88581929876689 0
vertex 109.20736451697599 -92.97117792060486 0
vertex 89.5 -92.97117792060486 0
endloop
endfacet
facet normal 0 0 -1
outer loop
vertex 108.92597485145218 -92.88581929876689 0
vertex 89.5 -92.97117792060486 0
vertex 89.5 -92.88581929876689 0
endloop
endfacet
facet normal 0 0 -1
outer loop
vertex 146.92597485145225 -92.88581929876689 0
vertex 147.2073645169759 -92.97117792060486 0
vertex 109.79263548302423 -92.97117792060486 0
endloop
endfacet
facet normal 0 0 -1
outer loop
vertex 146.92597485145225 -92.88581929876689 0
vertex 109.79263548302423 -92.97117792060486 0
vertex 110.07402514854768 -92.88581929876689 0
endloop
endfacet
facet normal 0 0 -1
outer loop
vertex 167.5 -92.88581929876689 0
vertex 167.5 -92.97117792060486 0
vertex 147.79263548302418 -92.97117792060486 0
endloop
endfacet
facet normal 0 0 -1
outer loop
vertex 167.5 -92.88581929876689 0
vertex 147.79263548302418 -92.97117792060486 0
vertex 148.07402514854775 -92.88581929876689 0
endloop
endfacet
facet normal 0 0 -1
outer loop
vertex 109.20736451697599 -92.97117792060486 0
vertex 109.49999999999987 -93 0
vertex 89.5 -93 0
endloop
endfacet
facet normal 0 0 -1
outer loop
vertex 109.20736451697599 -92.97117792060486 0
vertex 89.5 -93 0
vertex 89.5 -92.97117792060486 0
endloop
endfacet
facet normal 0 0 -1
outer loop
vertex 147.2073645169759 -92.97117792060486 0
vertex 147.49999999999994 -93 0
vertex 109.49999999999987 -93 0
endloop
endfacet
facet normal 0 0 -1
outer loop
vertex 147.2073645169759 -92.97117792060486 0
vertex 109.49999999999987 -93 0
vertex 109.79263548302423 -92.97117792060486 0
endloop
endfacet
facet normal 0 0 -1
outer loop
vertex 167.5 -92.97117792060486 0
vertex 167.5 -93 0
vertex 147.49999999999994 -93 0
endloop
endfacet
facet normal 0 0 -1
outer loop
vertex 167.5 -92.97117792060486 0
vertex 147.49999999999994 -93 0
vertex 147.79263548302418 -92.97117792060486 0
endloop
endfacet
facet normal 0 0 -1
outer loop
vertex 109.49999999999987 -93 0
vertex 147.49999999999994 -93 0
vertex 167.5 -93 0
endloop
endfacet
facet normal 0 0 -1
outer loop
vertex 109.49999999999987 -93 0
vertex 167.5 -93 0
vertex 167.5 -94 0
endloop
endfacet
facet normal 0 0 -1
outer loop
vertex 109.49999999999987 -93 0
vertex 167.5 -94 0
vertex 164 -94 0
endloop
endfacet
facet normal 0 0 -1
outer loop
vertex 109.49999999999987 -93 0
vertex 164 -94 0
vertex 150 -94 0
endloop
endfacet
facet normal 0 0 -1
outer loop
vertex 109.49999999999987 -93 0
vertex 150 -94 0
vertex 145 -94 0
endloop
endfacet
facet normal 0 0 -1
outer loop
vertex 109.49999999999987 -93 0
vertex 145 -94 0
vertex 131 -94 0
endloop
endfacet
facet normal 0 0 -1
outer loop
vertex 109.49999999999987 -93 0
vertex 131 -94 0
vertex 126 -94 0
endloop
endfacet
facet normal 0 0 -1
outer loop
vertex 109.49999999999987 -93 0
vertex 126 -94 0
vertex 112 -94 0
endloop
endfacet
facet normal 0 0 -1
outer loop
vertex 109.49999999999987 -93 0
vertex 112 -94 0
vertex 107 -94 0
endloop
endfacet
facet normal 0 0 -1
outer loop
vertex 109.49999999999987 -93 0
vertex 107 -94 0
vertex 93 -94 0
endloop
endfacet
facet normal 0 0 -1
outer loop
vertex 109.49999999999987 -93 0
vertex 93 -94 0
vertex 89.5 -94 0
endloop
endfacet
facet normal 0 0 -1
outer loop
vertex 109.49999999999987 -93 0
vertex 89.5 -94 0
vertex 89.5 -93 0
endloop
endfacet
facet normal 0 0 -1
outer loop
vertex 93 -94 0
vertex 93 -108 0
vertex 89.5 -108 0
endloop
endfacet
facet normal 0 0 -1
outer loop
vertex 93 -94 0
vertex 89.5 -108 0
vertex 89.5 -94 0
endloop
endfacet
facet normal 0 0 -1
outer loop
vertex 112 -94 0
vertex 112 -108 0
vertex 107 -108 0
endloop
endfacet
facet normal 0 0 -1
outer loop
vertex 112 -94 0
vertex 107 -108 0
vertex 107 -94 0
endloop
endfacet
facet normal 0 0 -1
outer loop
vertex 131 -94 0
vertex 131 -108 0
vertex 126 -108 0
endloop
endfacet
facet normal 0 0 -1
outer loop
vertex 131 -94 0
vertex 126 -108 0
vertex 126 -94 0
endloop
endfacet
facet normal 0 0 -1
outer loop
vertex 150 -94 0
vertex 150 -108 0
vertex 145 -108 0
endloop
endfacet
facet normal 0 0 -1
outer loop
vertex 150 -94 0
vertex 145 -108 0
vertex 145 -94 0
endloop
endfacet
facet normal 0 0 -1
outer loop
vertex 167.5 -94 0
vertex 167.5 -108 0
vertex 164 -108 0
endloop
endfacet
facet normal 0 0 -1
outer loop
vertex 167.5 -94 0
vertex 164 -108 0
vertex 164 -94 0
endloop
endfacet
facet normal 0 0 -1
outer loop
vertex 93 -108 0
vertex 107 -108 0
vertex 112 -108 0
endloop
endfacet
facet normal 0 0 -1
outer loop
vertex 93 -108 0
vertex 112 -108 0
vertex 126 -108 0
endloop
endfacet
facet normal 0 0 -1
outer loop
vertex 93 -108 0
vertex 126 -108 0
vertex 131 -108 0
endloop
endfacet
facet normal 0 0 -1
outer loop
vertex 93 -108 0
vertex 131 -108 0
vertex 145 -108 0
endloop
endfacet
facet normal 0 0 -1
outer loop
vertex 93 -108 0
vertex 145 -108 0
vertex 150 -108 0
endloop
endfacet
facet normal 0 0 -1
outer loop
vertex 93 -108 0
vertex 150 -108 0
vertex 164 -108 0
endloop
endfacet
facet normal 0 0 -1
outer loop
vertex 93 -108 0
vertex 164 -108 0
vertex 167.5 -108 0
endloop
endfacet
facet normal 0 0 -1
outer loop
vertex 93 -108 0
vertex 167.5 -108 0
vertex 167.5 -113 0
endloop
endfacet
facet normal 0 0 -1
outer loop
vertex 93 -108 0
vertex 167.5 -113 0
vertex 164 -113 0
endloop
endfacet
facet normal 0 0 -1
outer loop
vertex 93 -108 0
vertex 164 -113 0
vertex 150 -113 0
endloop
endfacet
facet normal 0 0 -1
outer loop
vertex 93 -108 0
vertex 150 -113 0
vertex 145 -113 0
endloop
endfacet
facet normal 0 0 -1
outer loop
vertex 93 -108 0
vertex 145 -113 0
vertex 131 -113 0
endloop
endfacet
facet normal 0 0 -1
outer loop
vertex 93 -108 0
vertex 131 -113 0
vertex 126 -113 0
endloop
endfacet
facet normal 0 0 -1
outer loop
vertex 93 -108 0
vertex 126 -113 0
vertex 112 -113 0
endloop
endfacet
facet normal 0 0 -1
outer loop
vertex 93 -108 0
vertex 112 -113 0
vertex 107 -113 0
endloop
endfacet
facet normal 0 0 -1
outer loop
vertex 93 -108 0
vertex 107 -113 0
vertex 93 -113 0
endloop
endfacet
facet normal 0 0 -1
outer loop
vertex 93 -108 0
vertex 93 -113 0
vertex 89.5 -113 0
endloop
endfacet
facet normal 0 0 -1
outer loop
vertex 93 -108 0
vertex 89.5 -113 0
vertex 89.5 -108 0
endloop
endfacet
facet normal 0 0 -1
outer loop
vertex 93 -113 0
vertex 93 -127 0
vertex 89.5 -127 0
endloop
endfacet
facet normal 0 0 -1
outer loop
vertex 93 -113 0
vertex 89.5 -127 0
vertex 89.5 -113 0
endloop
endfacet
facet normal 0 0 -1
outer loop
vertex 112 -113 0
vertex 112 -127 0
vertex 107 -127 0
endloop
endfacet
facet normal 0 0 -1
outer loop
vertex 112 -113 0
vertex 107 -127 0
vertex 107 -113 0
endloop
endfacet
facet normal 0 0 -1
outer loop
vertex 131 -113 0
vertex 131 -127 0
vertex 126 -127 0
endloop
endfacet
facet normal 0 0 -1
outer loop
vertex 131 -113 0
vertex 126 -127 0
vertex 126 -113 0
endloop
endfacet
facet normal 0 0 -1
outer loop
vertex 150 -113 0
vertex 150 -127 0
vertex 145 -127 0
endloop
endfacet
facet normal 0 0 -1
outer loop
vertex 150 -113 0
vertex 145 -127 0
vertex 145 -113 0
endloop
endfacet
facet normal 0 0 -1
outer loop
vertex 167.5 -113 0
vertex 167.5 -127 0
vertex 164 -127 0
endloop
endfacet
facet normal 0 0 -1
outer loop
vertex 167.5 -113 0
vertex 164 -127 0
vertex 164 -113 0
endloop
endfacet
facet normal 0 0 -1
outer loop
vertex 93 -127 0
vertex 107 -127 0
vertex 112 -127 0
endloop
endfacet
facet normal 0 0 -1
outer loop
vertex 93 -127 0
vertex 112 -127 0
vertex 126 -127 0
endloop
endfacet
facet normal 0 0 -1
outer loop
vertex 93 -127 0
vertex 126 -127 0
vertex 131 -127 0
endloop
endfacet
facet normal 0 0 -1
outer loop
vertex 93 -127 0
vertex 131 -127 0
vertex 145 -127 0
endloop
endfacet
facet normal 0 0 -1
outer loop
vertex 93 -127 0
vertex 145 -127 0
vertex 150 -127 0
endloop
endfacet
facet normal 0 0 -1
outer loop
vertex 93 -127 0
vertex 150 -127 0
vertex 164 -127 0
endloop
endfacet
facet normal 0 0 -1
outer loop
vertex 93 -127 0
vertex 164 -127 0
vertex 167.5 -127 0
endloop
endfacet
facet normal 0 0 -1
outer loop
vertex 93 -127 0
vertex 167.5 -127 0
vertex 167.5 -128.5 0
endloop
endfacet
facet normal 0 0 -1
outer loop
vertex 93 -127 0
vertex 167.5 -128.5 0
vertex 167.4776602717829 -128.79808788494574 0
endloop
endfacet
facet normal 0 0 -1
outer loop
vertex 93 -127 0
vertex 167.4776602717829 -128.79808788494574 0
vertex 167.41114333616164 -129.08951191798022 0
endloop
endfacet
facet normal 0 0 -1
outer loop
vertex 93 -127 0
vertex 167.41114333616164 -129.08951191798022 0
vertex 167.30193505625584 -129.36776733804157 0
endloop
endfacet
facet normal 0 0 -1
outer loop
vertex 93 -127 0
vertex 167.30193505625584 -129.36776733804157 0
vertex 167.15247493944733 -129.62663813554582 0
endloop
endfacet
facet normal 0 0 -1
outer loop
vertex 93 -127 0
vertex 167.15247493944733 -129.62663813554582 0
vertex 166.96610164337775 -129.86034193154958 0
endloop
endfacet
facet normal 0 0 -1
outer loop
vertex 93 -127 0
vertex 166.96610164337775 -129.86034193154958 0
vertex 166.74697839662218 -130.0636581199992 0
endloop
endfacet
facet normal 0 0 -1
outer loop
vertex 93 -127 0
vertex 166.74697839662218 -130.0636581199992 0
vertex 166.5 -130.232045 0
endloop
endfacet
facet normal 0 0 -1
outer loop
vertex 93 -127 0
vertex 166.5 -130.232045 0
vertex 90.49999149273606 -130.232045 0
endloop
endfacet
facet normal 0 0 -1
outer loop
vertex 93 -127 0
vertex 90.49999149273606 -130.232045 0
vertex 90.25301936957477 -130.06366673859918 0
endloop
endfacet
facet normal 0 0 -1
outer loop
vertex 93 -127 0
vertex 90.25301936957477 -130.06366673859918 0
vertex 90.03389446992298 -129.860348142681 0
endloop
endfacet
facet normal 0 0 -1
outer loop
vertex 93 -127 0
vertex 90.03389446992298 -129.860348142681 0
vertex 89.84752023209766 -129.62664145349854 0
endloop
endfacet
facet normal 0 0 -1
outer loop
vertex 93 -127 0
vertex 89.84752023209766 -129.62664145349854 0
vertex 89.69805998507563 -129.36776733804157 0
endloop
endfacet
facet normal 0 0 -1
outer loop
vertex 93 -127 0
vertex 89.69805998507563 -129.36776733804157 0
vertex 89.58885245305247 -129.08950866694022 0
endloop
endfacet
facet normal 0 0 -1
outer loop
vertex 93 -127 0
vertex 89.58885245305247 -129.08950866694022 0
vertex 89.52233717320824 -128.79808133356053 0
endloop
endfacet
facet normal 0 0 -1
outer loop
vertex 93 -127 0
vertex 89.52233717320824 -128.79808133356053 0
vertex 89.5 -128.49999540000002 0
endloop
endfacet
facet normal 0 0 -1
outer loop
vertex 93 -127 0
vertex 89.5 -128.49999540000002 0
vertex 89.5 -127 0
endloop
endfacet
facet normal 0 0 -1
outer loop
vertex 166.5 -130.232045 0
vertex 166.5 -133.5179492 0
vertex 90.5 -133.5179492 0
endloop
endfacet
facet normal 0 0 -1
outer loop
vertex 166.5 -130.232045 0
vertex 90.5 -133.5179492 0
vertex 90.49999149273606 -130.232045 0
endloop
endfacet
facet normal 0 0 -1
outer loop
vertex 166.5 -133.5179492 0
vertex 166.5000085072639 -133.51795499999997 0
vertex 90.5 -133.5179492 0
endloop
endfacet
facet normal 0 0 -1
outer loop
vertex 166.5000085072639 -133.51795499999997 0
vertex 166.74698063042518 -133.6863332614008 0
vertex 166.9661055300771 -133.8896518573191 0
endloop
endfacet
facet normal 0 0 -1
outer loop
vertex 166.5000085072639 -133.51795499999997 0
vertex 166.9661055300771 -133.8896518573191 0
vertex 167.15247976790218 -134.12335854650127 0
endloop
endfacet
facet normal 0 0 -1
outer loop
vertex 166.5000085072639 -133.51795499999997 0
vertex 167.15247976790218 -134.12335854650127 0
vertex 167.3019400149245 -134.3822327651715 0
endloop
endfacet
facet normal 0 0 -1
outer loop
vertex 166.5000085072639 -133.51795499999997 0
vertex 167.3019400149245 -134.3822327651715 0
vertex 167.4111475469476 -134.6604913330599 0
endloop
endfacet
facet normal 0 0 -1
outer loop
vertex 166.5000085072639 -133.51795499999997 0
vertex 167.4111475469476 -134.6604913330599 0
vertex 167.47766282679171 -134.95191866643918 0
endloop
endfacet
facet normal 0 0 -1
outer loop
vertex 166.5000085072639 -133.51795499999997 0
vertex 167.47766282679171 -134.95191866643918 0
vertex 167.5 -135.25000460000015 0
endloop
endfacet
facet normal 0 0 -1
outer loop
vertex 166.5000085072639 -133.51795499999997 0
vertex 167.5 -135.25000460000015 0
vertex 167.5 -137.5 0
endloop
endfacet
facet normal 0 0 -1
outer loop
vertex 166.5000085072639 -133.51795499999997 0
vertex 167.5 -137.5 0
vertex 163.1 -137.5 0
endloop
endfacet
facet normal 0 0 -1
outer loop
vertex 166.5000085072639 -133.51795499999997 0
vertex 163.1 -137.5 0
vertex 150.9 -137.5 0
endloop
endfacet
facet normal 0 0 -1
outer loop
vertex 166.5000085072639 -133.51795499999997 0
vertex 150.9 -137.5 0
vertex 106.1 -137.5 0
endloop
endfacet
facet normal 0 0 -1
outer loop
vertex 166.5000085072639 -133.51795499999997 0
vertex 106.1 -137.5 0
vertex 93.9 -137.5 0
endloop
endfacet
facet normal 0 0 -1
outer loop
vertex 166.5000085072639 -133.51795499999997 0
vertex 93.9 -137.5 0
vertex 89.5 -137.5 0
endloop
endfacet
facet normal 0 0 -1
outer loop
vertex 166.5000085072639 -133.51795499999997 0
vertex 89.5 -137.5 0
vertex 89.5 -135.24999999999983 0
endloop
endfacet
facet normal 0 0 -1
outer loop
vertex 166.5000085072639 -133.51795499999997 0
vertex 89.5 -135.24999999999983 0
vertex 89.52233972821709 -134.9519121150542 0
endloop
endfacet
facet normal 0 0 -1
outer loop
vertex 166.5000085072639 -133.51795499999997 0
vertex 89.52233972821709 -134.9519121150542 0
vertex 89.58885666383834 -134.6604880820197 0
endloop
endfacet
facet normal 0 0 -1
outer loop
vertex 166.5000085072639 -133.51795499999997 0
vertex 89.58885666383834 -134.6604880820197 0
vertex 89.69806494374399 -134.3822327651715 0
endloop
endfacet
facet normal 0 0 -1
outer loop
vertex 166.5000085072639 -133.51795499999997 0
vertex 89.69806494374399 -134.3822327651715 0
vertex 89.84752506055261 -134.12336186445427 0
endloop
endfacet
facet normal 0 0 -1
outer loop
vertex 166.5000085072639 -133.51795499999997 0
vertex 89.84752506055261 -134.12336186445427 0
vertex 90.0338983566222 -133.88965806845047 0
endloop
endfacet
facet normal 0 0 -1
outer loop
vertex 166.5000085072639 -133.51795499999997 0
vertex 90.0338983566222 -133.88965806845047 0
vertex 90.25302160337793 -133.6863418800007 0
endloop
endfacet
facet normal 0 0 -1
outer loop
vertex 166.5000085072639 -133.51795499999997 0
vertex 90.25302160337793 -133.6863418800007 0
vertex 90.5 -133.5179492 0
endloop
endfacet
facet normal 0 0 -1
outer loop
vertex 150.9 -137.5 0
vertex 150.9 -141.5 0
vertex 135.5 -141.5 0
endloop
endfacet
facet normal 0 0 -1
outer loop
vertex 150.9 -137.5 0
vertex 135.5 -141.5 0
vertex 121.5 -141.5 0
endloop
endfacet
facet normal 0 0 -1
outer loop
vertex 150.9 -137.5 0
vertex 121.5 -141.5 0
vertex 106.1 -141.5 0
endloop
endfacet
facet normal 0 0 -1
outer loop
vertex 150.9 -137.5 0
vertex 106.1 -141.5 0
vertex 106.1 -137.5 0
endloop
endfacet
facet normal 0 0 -1
outer loop
vertex 93.9 -137.5 0
vertex 93.9 -150 0
vertex 89.5 -150 0
endloop
endfacet
facet normal 0 0 -1
outer loop
vertex 93.9 -137.5 0
vertex 89.5 -150 0
vertex 89.5 -137.5 0
endloop
endfacet
facet normal 0 0 -1
outer loop
vertex 121.5 -141.5 0
vertex 121.5 -150 0
vertex 106.1 -150 0
endloop
endfacet
facet normal 0 0 -1
outer loop
vertex 121.5 -141.5 0
vertex 106.1 -150 0
vertex 106.1 -141.5 0
endloop
endfacet
facet normal 0 0 -1
outer loop
vertex 150.9 -141.5 0
vertex 150.9 -150 0
vertex 135.5 -150 0
endloop
endfacet
facet normal 0 0 -1
outer loop
vertex 150.9 -141.5 0
vertex 135.5 -150 0
vertex 135.5 -141.5 0
endloop
endfacet
facet normal 0 0 -1
outer loop
vertex 167.5 -137.5 0
vertex 167.5 -150 0
vertex 163.1 -150 0
endloop
endfacet
facet normal 0 0 -1
outer loop
vertex 167.5 -137.5 0
vertex 163.1 -150 0
vertex 163.1 -137.5 0
endloop
endfacet
facet normal 0 0 -1
outer loop
vertex 93.9 -150 0
vertex 106.1 -150 0
vertex 121.5 -150 0
endloop
endfacet
facet normal 0 0 -1
outer loop
vertex 93.9 -150 0
vertex 121.5 -150 0
vertex 121.5 -151.75 0
endloop
endfacet
facet normal 0 0 -1
outer loop
vertex 93.9 -150 0
vertex 121.5 -151.75 0
vertex 109.49999999999997 -151.75 0
endloop
endfacet
facet normal 0 0 -1
outer loop
vertex 93.9 -150 0
vertex 109.49999999999997 -151.75 0
vertex 89.5 -151.75 0
endloop
endfacet
facet normal 0 0 -1
outer loop
vertex 93.9 -150 0
vertex 89.5 -151.75 0
vertex 89.5 -150 0
endloop
endfacet
facet normal 0 0 -1
outer loop
vertex 150.9 -150 0
vertex 163.1 -150 0
vertex 167.5 -150 0
endloop
endfacet
facet normal 0 0 -1
outer loop
vertex 150.9 -150 0
vertex 167.5 -150 0
vertex 167.5 -151.75 0
endloop
endfacet
facet normal 0 0 -1
outer loop
vertex 150.9 -150 0
vertex 167.5 -151.75 0
vertex 147.49999999999994 -151.75 0
endloop
endfacet
facet normal 0 0 -1
outer loop
vertex 150.9 -150 0
vertex 147.49999999999994 -151.75 0
vertex 135.5 -151.75 0
endloop
endfacet
facet normal 0 0 -1
outer loop
vertex 150.9 -150 0
vertex 135.5 -151.75 0
vertex 135.5 -150 0
endloop
endfacet
facet normal 0 0 -1
outer loop
vertex 109.49999999999997 -151.75 0
vertex 109.20736451697576 -151.77882207939516 0
vertex 89.5 -151.77882207939516 0
endloop
endfacet
facet normal 0 0 -1
outer loop
vertex 109.49999999999997 -151.75 0
vertex 89.5 -151.77882207939516 0
vertex 89.5 -151.75 0
endloop
endfacet
facet normal 0 0 -1
outer loop
vertex 121.5 -151.75 0
vertex 121.5 -151.77882207939516 0
vertex 109.79263548302418 -151.77882207939516 0
endloop
endfacet
facet normal 0 0 -1
outer loop
vertex 121.5 -151.75 0
vertex 109.79263548302418 -151.77882207939516 0
vertex 109.49999999999997 -151.75 0
endloop
endfacet
facet normal 0 0 -1
outer loop
vertex 147.49999999999994 -151.75 0
vertex 147.20736451697576 -151.77882207939516 0
vertex 135.5 -151.77882207939516 0
endloop
endfacet
facet normal 0 0 -1
outer loop
vertex 147.49999999999994 -151.75 0
vertex 135.5 -151.77882207939516 0
vertex 135.5 -151.75 0
endloop
endfacet
facet normal 0 0 -1
outer loop
vertex 167.5 -151.75 0
vertex 167.5 -151.77882207939516 0
vertex 147.79263548302427 -151.77882207939516 0
endloop
endfacet
facet normal 0 0 -1
outer loop
vertex 167.5 -151.75 0
vertex 147.79263548302427 -151.77882207939516 0
vertex 147.49999999999994 -151.75 0
endloop
endfacet
facet normal 0 0 -1
outer loop
vertex 109.20736451697576 -151.77882207939516 0
vertex 108.92597485145255 -151.86418070123304 0
vertex 89.5 -151.86418070123304 0
endloop
endfacet
facet normal 0 0 -1
outer loop
vertex 109.20736451697576 -151.77882207939516 0
vertex 89.5 -151.86418070123304 0
vertex 89.5 -151.77882207939516 0
endloop
endfacet
facet normal 0 0 -1
outer loop
vertex 121.5 -151.77882207939516 0
vertex 121.5 -151.86418070123304 0
vertex 110.0740251485475 -151.86418070123304 0
endloop
endfacet
facet normal 0 0 -1
outer loop
vertex 121.5 -151.77882207939516 0
vertex 110.0740251485475 -151.86418070123304 0
vertex 109.79263548302418 -151.77882207939516 0
endloop
endfacet
facet normal 0 0 -1
outer loop
vertex 147.20736451697576 -151.77882207939516 0
vertex 146.92597485145265 -151.86418070123304 0
vertex 135.5 -151.86418070123304 0
endloop
endfacet
facet normal 0 0 -1
outer loop
vertex 147.20736451697576 -151.77882207939516 0
vertex 135.5 -151.86418070123304 0
vertex 135.5 -151.77882207939516 0
endloop
endfacet
facet normal 0 0 -1
outer loop
vertex 167.5 -151.77882207939516 0
vertex 167.5 -151.86418070123304 0
vertex 148.0740251485476 -151.86418070123304 0
endloop
endfacet
facet normal 0 0 -1
outer loop
vertex 167.5 -151.77882207939516 0
vertex 148.0740251485476 -151.86418070123304 0
vertex 147.79263548302427 -151.77882207939516 0
endloop
endfacet
facet normal 0 0 -1
outer loop
vertex 108.92597485145255 -151.86418070123304 0
vertex 108.66664465047049 -152.00279558154625 0
vertex 89.5 -152.00279558154625 0
endloop
endfacet
facet normal 0 0 -1
outer loop
vertex 108.92597485145255 -151.86418070123304 0
vertex 89.5 -152.00279558154625 0
vertex 89.5 -151.86418070123304 0
endloop
endfacet
facet normal 0 0 -1
outer loop
vertex 121.5 -151.86418070123304 0
vertex 121.5 -152.00279558154625 0
vertex 110.33335534952946 -152.00279558154625 0
endloop
endfacet
facet normal 0 0 -1
outer loop
vertex 121.5 -151.86418070123304 0
vertex 110.33335534952946 -152.00279558154625 0
vertex 110.0740251485475 -151.86418070123304 0
endloop
endfacet
facet normal 0 0 -1
outer loop
vertex 146.92597485145265 -151.86418070123304 0
vertex 146.66664465047035 -152.00279558154625 0
vertex 135.5 -152.00279558154625 0
endloop
endfacet
facet normal 0 0 -1
outer loop
vertex 146.92597485145265 -151.86418070123304 0
vertex 135.5 -152.00279558154625 0
vertex 135.5 -151.86418070123304 0
endloop
endfacet
facet normal 0 0 -1
outer loop
vertex 167.5 -151.86418070123304 0
vertex 167.5 -152.00279558154625 0
vertex 148.33335534952934 -152.00279558154625 0
endloop
endfacet
facet normal 0 0 -1
outer loop
vertex 167.5 -151.86418070123304 0
vertex 148.33335534952934 -152.00279558154625 0
vertex 148.0740251485476 -151.86418070123304 0
endloop
endfacet
facet normal 0 0 -1
outer loop
vertex 108.66664465047049 -152.00279558154625 0
vertex 108.43933982822014 -152.1893398282202 0
vertex 89.5 -152.1893398282202 0
endloop
endfacet
facet normal 0 0 -1
outer loop
vertex 108.66664465047049 -152.00279558154625 0
vertex 89.5 -152.1893398282202 0
vertex 89.5 -152.00279558154625 0
endloop
endfacet
facet normal 0 0 -1
outer loop
vertex 121.5 -152.00279558154625 0
vertex 121.5 -152.1893398282202 0
vertex 110.56066017177984 -152.1893398282202 0
endloop
endfacet
facet normal 0 0 -1
outer loop
vertex 121.5 -152.00279558154625 0
vertex 110.56066017177984 -152.1893398282202 0
vertex 110.33335534952946 -152.00279558154625 0
endloop
endfacet
facet normal 0 0 -1
outer loop
vertex 146.66664465047035 -152.00279558154625 0
vertex 146.43933982822028 -152.1893398282202 0
vertex 135.5 -152.1893398282202 0
endloop
endfacet
facet normal 0 0 -1
outer loop
vertex 146.66664465047035 -152.00279558154625 0
vertex 135.5 -152.1893398282202 0
vertex 135.5 -152.00279558154625 0
endloop
endfacet
facet normal 0 0 -1
outer loop
vertex 167.5 -152.00279558154625 0
vertex 167.5 -152.1893398282202 0
vertex 148.56066017177983 -152.1893398282202 0
endloop
endfacet
facet normal 0 0 -1
outer loop
vertex 167.5 -152.00279558154625 0
vertex 148.56066017177983 -152.1893398282202 0
vertex 148.33335534952934 -152.00279558154625 0
endloop
endfacet
facet normal 0 0 -1
outer loop
vertex 108.43933982822014 -152.1893398282202 0
vertex 108.25279558154612 -152.41664465047066 0
vertex 89.51457951775342 -152.41664465047066 0
endloop
endfacet
facet normal 0 0 -1
outer loop
vertex 108.43933982822014 -152.1893398282202 0
vertex 89.51457951775342 -152.41664465047066 0
vertex 89.5 -152.25 0
endloop
endfacet
facet normal 0 0 -1
outer loop
vertex 108.43933982822014 -152.1893398282202 0
vertex 89.5 -152.25 0
vertex 89.5 -152.1893398282202 0
endloop
endfacet
facet normal 0 0 -1
outer loop
vertex 121.5 -152.1893398282202 0
vertex 121.5 -152.41664465047066 0
vertex 110.74720441845388 -152.41664465047066 0
endloop
endfacet
facet normal 0 0 -1
outer loop
vertex 121.5 -152.1893398282202 0
vertex 110.74720441845388 -152.41664465047066 0
vertex 110.56066017177984 -152.1893398282202 0
endloop
endfacet
facet normal 0 0 -1
outer loop
vertex 146.43933982822028 -152.1893398282202 0
vertex 146.25279558154622 -152.41664465047066 0
vertex 135.5 -152.41664465047066 0
endloop
endfacet
facet normal 0 0 -1
outer loop
vertex 146.43933982822028 -152.1893398282202 0
vertex 135.5 -152.41664465047066 0
vertex 135.5 -152.1893398282202 0
endloop
endfacet
facet normal 0 0 -1
outer loop
vertex 167.5 -152.1893398282202 0
vertex 167.5 -152.25 0
vertex 167.48542048224658 -152.41664465047066 0
endloop
endfacet
facet normal 0 0 -1
outer loop
vertex 167.5 -152.1893398282202 0
vertex 167.48542048224658 -152.41664465047066 0
vertex 148.7472044184539 -152.41664465047066 0
endloop
endfacet
facet normal 0 0 -1
outer loop
vertex 167.5 -152.1893398282202 0
vertex 148.7472044184539 -152.41664465047066 0
vertex 148.56066017177983 -152.1893398282202 0
endloop
endfacet
facet normal 0 0 -1
outer loop
vertex 108.25279558154612 -152.41664465047066 0
vertex 108.11418070123298 -152.6759748514526 0
vertex 89.5514663334723 -152.6759748514526 0
endloop
endfacet
facet normal 0 0 -1
outer loop
vertex 108.25279558154612 -152.41664465047066 0
vertex 89.5514663334723 -152.6759748514526 0
vertex 89.53038449397559 -152.59729635533387 0
endloop
endfacet
facet normal 0 0 -1
outer loop
vertex 108.25279558154612 -152.41664465047066 0
vertex 89.53038449397559 -152.59729635533387 0
vertex 89.51457951775342 -152.41664465047066 0
endloop
endfacet
facet normal 0 0 -1
outer loop
vertex 121.5 -152.41664465047066 0
vertex 121.5 -152.6759748514526 0
vertex 110.8858192987669 -152.6759748514526 0
endloop
endfacet
facet normal 0 0 -1
outer loop
vertex 121.5 -152.41664465047066 0
vertex 110.8858192987669 -152.6759748514526 0
vertex 110.74720441845388 -152.41664465047066 0
endloop
endfacet
facet normal 0 0 -1
outer loop
vertex 146.25279558154622 -152.41664465047066 0
vertex 146.114180701233 -152.6759748514526 0
vertex 135.5 -152.6759748514526 0
endloop
endfacet
facet normal 0 0 -1
outer loop
vertex 146.25279558154622 -152.41664465047066 0
vertex 135.5 -152.6759748514526 0
vertex 135.5 -152.41664465047066 0
endloop
endfacet
facet normal 0 0 -1
outer loop
vertex 167.48542048224658 -152.41664465047066 0
vertex 167.4696155060244 -152.59729635533387 0
vertex 167.4485336665277 -152.6759748514526 0
endloop
endfacet
facet normal 0 0 -1
outer loop
vertex 167.48542048224658 -152.41664465047066 0
vertex 167.4485336665277 -152.6759748514526 0
vertex 148.88581929876682 -152.6759748514526 0
endloop
endfacet
facet normal 0 0 -1
outer loop
vertex 167.48542048224658 -152.41664465047066 0
vertex 148.88581929876682 -152.6759748514526 0
vertex 148.7472044184539 -152.41664465047066 0
endloop
endfacet
facet normal 0 0 -1
outer loop
vertex 108.11418070123298 -152.6759748514526 0
vertex 108.02882207939516 -152.9573645169758 0
vertex 89.63149102564907 -152.9573645169758 0
endloop
endfacet
facet normal 0 0 -1
outer loop
vertex 108.11418070123298 -152.6759748514526 0
vertex 89.63149102564907 -152.9573645169758 0
vertex 89.62061475842819 -152.9340402866513 0
endloop
endfacet
facet normal 0 0 -1
outer loop
vertex 108.11418070123298 -152.6759748514526 0
vertex 89.62061475842819 -152.9340402866513 0
vertex 89.5514663334723 -152.6759748514526 0
endloop
endfacet
facet normal 0 0 -1
outer loop
vertex 121.5 -152.6759748514526 0
vertex 121.5 -152.9573645169758 0
vertex 110.97117792060484 -152.9573645169758 0
endloop
endfacet
facet normal 0 0 -1
outer loop
vertex 121.5 -152.6759748514526 0
vertex 110.97117792060484 -152.9573645169758 0
vertex 110.8858192987669 -152.6759748514526 0
endloop
endfacet
facet normal 0 0 -1
outer loop
vertex 146.114180701233 -152.6759748514526 0
vertex 146.02882207939516 -152.9573645169758 0
vertex 135.5 -152.9573645169758 0
endloop
endfacet
facet normal 0 0 -1
outer loop
vertex 146.114180701233 -152.6759748514526 0
vertex 135.5 -152.9573645169758 0
vertex 135.5 -152.6759748514526 0
endloop
endfacet
facet normal 0 0 -1
outer loop
vertex 167.4485336665277 -152.6759748514526 0
vertex 167.3793852415719 -152.9340402866513 0
vertex 167.36850897435102 -152.9573645169758 0
endloop
endfacet
facet normal 0 0 -1
outer loop
vertex 167.4485336665277 -152.6759748514526 0
vertex 167.36850897435102 -152.9573645169758 0
vertex 148.97117792060487 -152.9573645169758 0
endloop
endfacet
facet normal 0 0 -1
outer loop
vertex 167.4485336665277 -152.6759748514526 0
vertex 148.97117792060487 -152.9573645169758 0
vertex 148.88581929876682 -152.6759748514526 0
endloop
endfacet
facet normal 0 0 -1
outer loop
vertex 108.02882207939516 -152.9573645169758 0
vertex 108 -153.25 0
vertex 89.76794919243117 -153.25 0
endloop
endfacet
facet normal 0 0 -1
outer loop
vertex 108.02882207939516 -152.9573645169758 0
vertex 89.76794919243117 -153.25 0
vertex 89.63149102564907 -152.9573645169758 0
endloop
endfacet
facet normal 0 0 -1
outer loop
vertex 121.5 -152.9573645169758 0
vertex 121.5 -153.25 0
vertex 111 -153.25 0
endloop
endfacet
facet normal 0 0 -1
outer loop
vertex 121.5 -152.9573645169758 0
vertex 111 -153.25 0
vertex 110.97117792060484 -152.9573645169758 0
endloop
endfacet
facet normal 0 0 -1
outer loop
vertex 146.02882207939516 -152.9573645169758 0
vertex 146.00000000000003 -153.25 0
vertex 135.5 -153.25 0
endloop
endfacet
facet normal 0 0 -1
outer loop
vertex 146.02882207939516 -152.9573645169758 0
vertex 135.5 -153.25 0
vertex 135.5 -152.9573645169758 0
endloop
endfacet
facet normal 0 0 -1
outer loop
vertex 167.36850897435102 -152.9573645169758 0
vertex 167.23205080756875 -153.25 0
vertex 149.00000000000003 -153.25 0
endloop
endfacet
facet normal 0 0 -1
outer loop
vertex 167.36850897435102 -152.9573645169758 0
vertex 149.00000000000003 -153.25 0
vertex 148.97117792060487 -152.9573645169758 0
endloop
endfacet
facet normal 0 0 -1
outer loop
vertex 108 -153.25 0
vertex 108.02882207939516 -153.54263548302418 0
vertex 89.97497137741313 -153.54263548302418 0
endloop
endfacet
facet normal 0 0 -1
outer loop
vertex 108 -153.25 0
vertex 89.97497137741313 -153.54263548302418 0
vertex 89.96791111376207 -153.53557521937313 0
endloop
endfacet
facet normal 0 0 -1
outer loop
vertex 108 -153.25 0
vertex 89.96791111376207 -153.53557521937313 0
vertex 89.76794919243117 -153.25 0
endloop
endfacet
facet normal 0 0 -1
outer loop
vertex 121.5 -153.25 0
vertex 121.5 -153.54263548302418 0
vertex 110.97117792060484 -153.54263548302418 0
endloop
endfacet
facet normal 0 0 -1
outer loop
vertex 121.5 -153.25 0
vertex 110.97117792060484 -153.54263548302418 0
vertex 111 -153.25 0
endloop
endfacet
facet normal 0 0 -1
outer loop
vertex 146.00000000000003 -153.25 0
vertex 146.02882207939516 -153.54263548302418 0
vertex 135.5 -153.54263548302418 0
endloop
endfacet
facet normal 0 0 -1
outer loop
vertex 146.00000000000003 -153.25 0
vertex 135.5 -153.54263548302418 0
vertex 135.5 -153.25 0
endloop
endfacet
facet normal 0 0 -1
outer loop
vertex 167.23205080756875 -153.25 0
vertex 167.03208888623803 -153.53557521937313 0
vertex 167.02502862258697 -153.54263548302418 0
endloop
endfacet
facet normal 0 0 -1
outer loop
vertex 167.23205080756875 -153.25 0
vertex 167.02502862258697 -153.54263548302418 0
vertex 148.97117792060487 -153.54263548302418 0
endloop
endfacet
facet normal 0 0 -1
outer loop
vertex 167.23205080756875 -153.25 0
vertex 148.97117792060487 -153.54263548302418 0
vertex 149.00000000000003 -153.25 0
endloop
endfacet
facet normal 0 0 -1
outer loop
vertex 108.02882207939516 -153.54263548302418 0
vertex 108.11418070123305 -153.8240251485476 0
vertex 90.27431597005469 -153.8240251485476 0
endloop
endfacet
facet normal 0 0 -1
outer loop
vertex 108.02882207939516 -153.54263548302418 0
vertex 90.27431597005469 -153.8240251485476 0
vertex 90.21442478062686 -153.7820888862379 0
endloop
endfacet
facet normal 0 0 -1
outer loop
vertex 108.02882207939516 -153.54263548302418 0
vertex 90.21442478062686 -153.7820888862379 0
vertex 89.97497137741313 -153.54263548302418 0
endloop
endfacet
facet normal 0 0 -1
outer loop
vertex 121.5 -153.54263548302418 0
vertex 121.5 -153.8240251485476 0
vertex 110.88581929876693 -153.8240251485476 0
endloop
endfacet
facet normal 0 0 -1
outer loop
vertex 121.5 -153.54263548302418 0
vertex 110.88581929876693 -153.8240251485476 0
vertex 110.97117792060484 -153.54263548302418 0
endloop
endfacet
facet normal 0 0 -1
outer loop
vertex 146.02882207939516 -153.54263548302418 0
vertex 146.1141807012331 -153.8240251485476 0
vertex 135.5 -153.8240251485476 0
endloop
endfacet
facet normal 0 0 -1
outer loop
vertex 146.02882207939516 -153.54263548302418 0
vertex 135.5 -153.8240251485476 0
vertex 135.5 -153.54263548302418 0
endloop
endfacet
facet normal 0 0 -1
outer loop
vertex 167.02502862258697 -153.54263548302418 0
vertex 166.78557521937313 -153.7820888862379 0
vertex 166.72568402994528 -153.8240251485476 0
endloop
endfacet
facet normal 0 0 -1
outer loop
vertex 167.02502862258697 -153.54263548302418 0
vertex 166.72568402994528 -153.8240251485476 0
vertex 148.88581929876693 -153.8240251485476 0
endloop
endfacet
facet normal 0 0 -1
outer loop
vertex 167.02502862258697 -153.54263548302418 0
vertex 148.88581929876693 -153.8240251485476 0
vertex 148.97117792060487 -153.54263548302418 0
endloop
endfacet
facet normal 0 0 -1
outer loop
vertex 108.11418070123305 -153.8240251485476 0
vertex 108.25279558154615 -154.08335534952934 0
vertex 90.71724829131327 -154.08335534952934 0
endloop
endfacet
facet normal 0 0 -1
outer loop
vertex 108.11418070123305 -153.8240251485476 0
vertex 90.71724829131327 -154.08335534952934 0
vertex 90.50000000000004 -153.9820508075689 0
endloop
endfacet
facet normal 0 0 -1
outer loop
vertex 108.11418070123305 -153.8240251485476 0
vertex 90.50000000000004 -153.9820508075689 0
vertex 90.27431597005469 -153.8240251485476 0
endloop
endfacet
facet normal 0 0 -1
outer loop
vertex 121.5 -153.8240251485476 0
vertex 121.5 -154.08335534952934 0
vertex 110.74720441845385 -154.08335534952934 0
endloop
endfacet
facet normal 0 0 -1
outer loop
vertex 121.5 -153.8240251485476 0
vertex 110.74720441845385 -154.08335534952934 0
vertex 110.88581929876693 -153.8240251485476 0
endloop
endfacet
facet normal 0 0 -1
outer loop
vertex 146.1141807012331 -153.8240251485476 0
vertex 146.25279558154617 -154.08335534952934 0
vertex 135.5 -154.08335534952934 0
endloop
endfacet
facet normal 0 0 -1
outer loop
vertex 146.1141807012331 -153.8240251485476 0
vertex 135.5 -154.08335534952934 0
vertex 135.5 -153.8240251485476 0
endloop
endfacet
facet normal 0 0 -1
outer loop
vertex 166.72568402994528 -153.8240251485476 0
vertex 166.49999999999991 -153.9820508075689 0
vertex 166.28275170868673 -154.08335534952934 0
endloop
endfacet
facet normal 0 0 -1
outer loop
vertex 166.72568402994528 -153.8240251485476 0
vertex 166.28275170868673 -154.08335534952934 0
vertex 148.7472044184538 -154.08335534952934 0
endloop
endfacet
facet normal 0 0 -1
outer loop
vertex 166.72568402994528 -153.8240251485476 0
vertex 148.7472044184538 -154.08335534952934 0
vertex 148.88581929876693 -153.8240251485476 0
endloop
endfacet
facet normal 0 0 -1
outer loop
vertex 108.25279558154615 -154.08335534952934 0
vertex 108.38955731179247 -154.25 0
vertex 94.69999999999999 -154.25 0
endloop
endfacet
facet normal 0 0 -1
outer loop
vertex 108.25279558154615 -154.08335534952934 0
vertex 94.69999999999999 -154.25 0
vertex 91.49999999999997 -154.25 0
endloop
endfacet
facet normal 0 0 -1
outer loop
vertex 108.25279558154615 -154.08335534952934 0
vertex 91.49999999999997 -154.25 0
vertex 91.15270364466632 -154.21961550602447 0
endloop
endfacet
facet normal 0 0 -1
outer loop
vertex 108.25279558154615 -154.08335534952934 0
vertex 91.15270364466632 -154.21961550602447 0
vertex 90.81595971334859 -154.12938524157178 0
endloop
endfacet
facet normal 0 0 -1
outer loop
vertex 108.25279558154615 -154.08335534952934 0
vertex 90.81595971334859 -154.12938524157178 0
vertex 90.71724829131327 -154.08335534952934 0
endloop
endfacet
facet normal 0 0 -1
outer loop
vertex 166.28275170868673 -154.08335534952934 0
vertex 166.18404028665142 -154.12938524157178 0
vertex 165.84729635533395 -154.21961550602447 0
endloop
endfacet
facet normal 0 0 -1
outer loop
vertex 166.28275170868673 -154.08335534952934 0
vertex 165.84729635533395 -154.21961550602447 0
vertex 165.49999999999994 -154.25 0
endloop
endfacet
facet normal 0 0 -1
outer loop
vertex 166.28275170868673 -154.08335534952934 0
vertex 165.49999999999994 -154.25 0
vertex 162.3 -154.25 0
endloop
endfacet
facet normal 0 0 -1
outer loop
vertex 166.28275170868673 -154.08335534952934 0
vertex 162.3 -154.25 0
vertex 148.61044268820754 -154.25 0
endloop
endfacet
facet normal 0 0 -1
outer loop
vertex 166.28275170868673 -154.08335534952934 0
vertex 148.61044268820754 -154.25 0
vertex 148.7472044184538 -154.08335534952934 0
endloop
endfacet
facet normal 0 0 -1
outer loop
vertex 108.38955731179247 -154.25 0
vertex 108.43933982822023 -154.31066017177986 0
vertex 94.72426405093964 -154.31066017177986 0
endloop
endfacet
facet normal 0 0 -1
outer loop
vertex 108.38955731179247 -154.25 0
vertex 94.72426405093964 -154.31066017177986 0
vertex 94.69999999999999 -154.25 0
endloop
endfacet
facet normal 0 0 -1
outer loop
vertex 121.5 -154.08335534952934 0
vertex 121.5 -154.31066017177986 0
vertex 110.56066017177989 -154.31066017177986 0
endloop
endfacet
facet normal 0 0 -1
outer loop
vertex 121.5 -154.08335534952934 0
vertex 110.56066017177989 -154.31066017177986 0
vertex 110.74720441845385 -154.08335534952934 0
endloop
endfacet
facet normal 0 0 -1
outer loop
vertex 146.25279558154617 -154.08335534952934 0
vertex 146.4393398282202 -154.31066017177986 0
vertex 135.5 -154.31066017177986 0
endloop
endfacet
facet normal 0 0 -1
outer loop
vertex 146.25279558154617 -154.08335534952934 0
vertex 135.5 -154.31066017177986 0
vertex 135.5 -154.08335534952934 0
endloop
endfacet
facet normal 0 0 -1
outer loop
vertex 162.3 -154.25 0
vertex 162.27573593104626 -154.31066017177986 0
vertex 148.5606601717797 -154.31066017177986 0
endloop
endfacet
facet normal 0 0 -1
outer loop
vertex 162.3 -154.25 0
vertex 148.5606601717797 -154.31066017177986 0
vertex 148.61044268820754 -154.25 0
endloop
endfacet
facet normal 0 0 -1
outer loop
vertex 108.43933982822023 -154.31066017177986 0
vertex 108.66664465047064 -154.49720441845383 0
vertex 94.79888169495526 -154.49720441845383 0
endloop
endfacet
facet normal 0 0 -1
outer loop
vertex 108.43933982822023 -154.31066017177986 0
vertex 94.79888169495526 -154.49720441845383 0
vertex 94.72426405093964 -154.31066017177986 0
endloop
endfacet
facet normal 0 0 -1
outer loop
vertex 121.5 -154.31066017177986 0
vertex 121.5 -154.49720441845383 0
vertex 110.33335534952943 -154.49720441845383 0
endloop
endfacet
facet normal 0 0 -1
outer loop
vertex 121.5 -154.31066017177986 0
vertex 110.33335534952943 -154.49720441845383 0
vertex 110.56066017177989 -154.31066017177986 0
endloop
endfacet
facet normal 0 0 -1
outer loop
vertex 146.4393398282202 -154.31066017177986 0
vertex 146.66664465047063 -154.49720441845383 0
vertex 135.5 -154.49720441845383 0
endloop
endfacet
facet normal 0 0 -1
outer loop
vertex 146.4393398282202 -154.31066017177986 0
vertex 135.5 -154.49720441845383 0
vertex 135.5 -154.31066017177986 0
endloop
endfacet
facet normal 0 0 -1
outer loop
vertex 162.27573593104626 -154.31066017177986 0
vertex 162.20111823163307 -154.49720441845383 0
vertex 148.3333553495294 -154.49720441845383 0
endloop
endfacet
facet normal 0 0 -1
outer loop
vertex 162.27573593104626 -154.31066017177986 0
vertex 148.3333553495294 -154.49720441845383 0
vertex 148.5606601717797 -154.31066017177986 0
endloop
endfacet
facet normal 0 0 -1
outer loop
vertex 108.66664465047064 -154.49720441845383 0
vertex 108.92597485145241 -154.63581929876696 0
vertex 94.85432760646893 -154.63581929876696 0
endloop
endfacet
facet normal 0 0 -1
outer loop
vertex 108.66664465047064 -154.49720441845383 0
vertex 94.85432760646893 -154.63581929876696 0
vertex 94.79888169495526 -154.49720441845383 0
endloop
endfacet
facet normal 0 0 -1
outer loop
vertex 121.5 -154.49720441845383 0
vertex 121.5 -154.63581929876696 0
vertex 110.07402514854752 -154.63581929876696 0
endloop
endfacet
facet normal 0 0 -1
outer loop
vertex 121.5 -154.49720441845383 0
vertex 110.07402514854752 -154.63581929876696 0
vertex 110.33335534952943 -154.49720441845383 0
endloop
endfacet
facet normal 0 0 -1
outer loop
vertex 146.66664465047063 -154.49720441845383 0
vertex 146.9259748514524 -154.63581929876696 0
vertex 135.5 -154.63581929876696 0
endloop
endfacet
facet normal 0 0 -1
outer loop
vertex 146.66664465047063 -154.49720441845383 0
vertex 135.5 -154.63581929876696 0
vertex 135.5 -154.49720441845383 0
endloop
endfacet
facet normal 0 0 -1
outer loop
vertex 162.20111823163307 -154.49720441845383 0
vertex 162.1456722789553 -154.63581929876696 0
vertex 148.07402514854752 -154.63581929876696 0
endloop
endfacet
facet normal 0 0 -1
outer loop
vertex 162.20111823163307 -154.49720441845383 0
vertex 148.07402514854752 -154.63581929876696 0
vertex 148.3333553495294 -154.49720441845383 0
endloop
endfacet
facet normal 0 0 -1
outer loop
vertex 108.92597485145241 -154.63581929876696 0
vertex 109.20736451697563 -154.72117792060484 0
vertex 94.8884710301956 -154.72117792060484 0
endloop
endfacet
facet normal 0 0 -1
outer loop
vertex 108.92597485145241 -154.63581929876696 0
vertex 94.8884710301956 -154.72117792060484 0
vertex 94.85432760646893 -154.63581929876696 0
endloop
endfacet
facet normal 0 0 -1
outer loop
vertex 121.5 -154.63581929876696 0
vertex 121.5 -154.72117792060484 0
vertex 109.79263548302426 -154.72117792060484 0
endloop
endfacet
facet normal 0 0 -1
outer loop
vertex 121.5 -154.63581929876696 0
vertex 109.79263548302426 -154.72117792060484 0
vertex 110.07402514854752 -154.63581929876696 0
endloop
endfacet
facet normal 0 0 -1
outer loop
vertex 146.9259748514524 -154.63581929876696 0
vertex 147.20736451697573 -154.72117792060484 0
vertex 135.5 -154.72117792060484 0
endloop
endfacet
facet normal 0 0 -1
outer loop
vertex 146.9259748514524 -154.63581929876696 0
vertex 135.5 -154.72117792060484 0
vertex 135.5 -154.63581929876696 0
endloop
endfacet
facet normal 0 0 -1
outer loop
vertex 162.1456722789553 -154.63581929876696 0
vertex 162.1115288298799 -154.72117792060484 0
vertex 147.7926354830244 -154.72117792060484 0
endloop
endfacet
facet normal 0 0 -1
outer loop
vertex 162.1456722789553 -154.63581929876696 0
vertex 147.7926354830244 -154.72117792060484 0
vertex 148.07402514854752 -154.63581929876696 0
endloop
endfacet
facet normal 0 0 -1
outer loop
vertex 109.20736451697563 -154.72117792060484 0
vertex 109.50000000000013 -154.75 0
vertex 94.89999985350933 -154.75 0
endloop
endfacet
facet normal 0 0 -1
outer loop
vertex 109.20736451697563 -154.72117792060484 0
vertex 94.89999985350933 -154.75 0
vertex 94.8884710301956 -154.72117792060484 0
endloop
endfacet
facet normal 0 0 -1
outer loop
vertex 121.5 -154.72117792060484 0
vertex 121.5 -154.75 0
vertex 109.50000000000013 -154.75 0
endloop
endfacet
facet normal 0 0 -1
outer loop
vertex 121.5 -154.72117792060484 0
vertex 109.50000000000013 -154.75 0
vertex 109.79263548302426 -154.72117792060484 0
endloop
endfacet
facet normal 0 0 -1
outer loop
vertex 147.20736451697573 -154.72117792060484 0
vertex 147.4999999999999 -154.75 0
vertex 135.5 -154.75 0
endloop
endfacet
facet normal 0 0 -1
outer loop
vertex 147.20736451697573 -154.72117792060484 0
vertex 135.5 -154.75 0
vertex 135.5 -154.72117792060484 0
endloop
endfacet
facet normal 0 0 -1
outer loop
vertex 162.1115288298799 -154.72117792060484 0
vertex 162.09999999800695 -154.75 0
vertex 147.4999999999999 -154.75 0
endloop
endfacet
facet normal 0 0 -1
outer loop
vertex 162.1115288298799 -154.72117792060484 0
vertex 147.4999999999999 -154.75 0
vertex 147.7926354830244 -154.72117792060484 0
endloop
endfacet
facet normal 0 0 -1
outer loop
vertex 109.50000000000013 -154.75 0
vertex 121.5 -154.75 0
vertex 121.5 -155.5 0
endloop
endfacet
facet normal 0 0 -1
outer loop
vertex 109.50000000000013 -154.75 0
vertex 121.5 -155.5 0
vertex 95.19999963377334 -155.5 0
endloop
endfacet
facet normal 0 0 -1
outer loop
vertex 109.50000000000013 -154.75 0
vertex 95.19999963377334 -155.5 0
vertex 94.89999985350933 -154.75 0
endloop
endfacet
facet normal 0 0 -1
outer loop
vertex 147.4999999999999 -154.75 0
vertex 162.09999999800695 -154.75 0
vertex 161.79999999501734 -155.5 0
endloop
endfacet
facet normal 0 0 -1
outer loop
vertex 147.4999999999999 -154.75 0
vertex 161.79999999501734 -155.5 0
vertex 135.5 -155.5 0
endloop
endfacet
facet normal 0 0 -1
outer loop
vertex 147.4999999999999 -154.75 0
vertex 135.5 -155.5 0
vertex 135.5 -154.75 0
endloop
endfacet
facet normal 0 0 -1
outer loop
vertex 121.5 -155.5 0
vertex 135.5 -155.5 0
vertex 161.79999999501734 -155.5 0
endloop
endfacet
facet normal 0 0 -1
outer loop
vertex 121.5 -155.5 0
vertex 161.79999999501734 -155.5 0
vertex 159.79999997508662 -160.5 0
endloop
endfacet
facet normal 0 0 -1
outer loop
vertex 121.5 -155.5 0
vertex 159.79999997508662 -160.5 0
vertex 154.5 -160.5 0
endloop
endfacet
facet normal 0 0 -1
outer loop
vertex 121.5 -155.5 0
vertex 154.5 -160.5 0
vertex 140.5 -160.5 0
endloop
endfacet
facet normal 0 0 -1
outer loop
vertex 121.5 -155.5 0
vertex 140.5 -160.5 0
vertex 135.5 -160.5 0
endloop
endfacet
facet normal 0 0 -1
outer loop
vertex 121.5 -155.5 0
vertex 135.5 -160.5 0
vertex 121.5 -160.5 0
endloop
endfacet
facet normal 0 0 -1
outer loop
vertex 121.5 -155.5 0
vertex 121.5 -160.5 0
vertex 116.5 -160.5 0
endloop
endfacet
facet normal 0 0 -1
outer loop
vertex 121.5 -155.5 0
vertex 116.5 -160.5 0
vertex 102.5 -160.5 0
endloop
endfacet
facet normal 0 0 -1
outer loop
vertex 121.5 -155.5 0
vertex 102.5 -160.5 0
vertex 97.19999816886681 -160.5 0
endloop
endfacet
facet normal 0 0 -1
outer loop
vertex 121.5 -155.5 0
vertex 97.19999816886681 -160.5 0
vertex 95.19999963377334 -155.5 0
endloop
endfacet
facet normal 0 0 -1
outer loop
vertex 159.79999997508662 -160.5 0
vertex 158.2860932000001 -164.28476689999974 0
vertex 154.5 -164.28476689999974 0
endloop
endfacet
facet normal 0 0 -1
outer loop
vertex 159.79999997508662 -160.5 0
vertex 154.5 -164.28476689999974 0
vertex 154.5 -160.5 0
endloop
endfacet
facet normal 0 0 -1
outer loop
vertex 102.5 -160.5 0
vertex 102.5 -164.2847698500001 0
vertex 98.71390500000003 -164.2847698500001 0
endloop
endfacet
facet normal 0 0 -1
outer loop
vertex 102.5 -160.5 0
vertex 98.71390500000003 -164.2847698500001 0
vertex 97.19999816886681 -160.5 0
endloop
endfacet
facet normal 0 0 -1
outer loop
vertex 158.2860932000001 -164.28476689999974 0
vertex 158.12801050472967 -164.76649365331673 0
vertex 154.5 -164.76649365331673 0
endloop
endfacet
facet normal 0 0 -1
outer loop
vertex 158.2860932000001 -164.28476689999974 0
vertex 154.5 -164.76649365331673 0
vertex 154.5 -164.28476689999974 0
endloop
endfacet
facet normal 0 0 -1
outer loop
vertex 102.5 -164.2847698500001 0
vertex 102.5 -164.76649505331682 0
vertex 98.87199109527036 -164.76649505331682 0
endloop
endfacet
facet normal 0 0 -1
outer loop
vertex 102.5 -164.2847698500001 0
vertex 98.87199109527036 -164.76649505331682 0
vertex 98.71390500000003 -164.2847698500001 0
endloop
endfacet
facet normal 0 0 -1
outer loop
vertex 102.5 -164.76649505331682 0
vertex 102.5 -165.26434782931176 0
vertex 98.96787122075311 -165.26434782931176 0
endloop
endfacet
facet normal 0 0 -1
outer loop
vertex 102.5 -164.76649505331682 0
vertex 98.96787122075311 -165.26434782931176 0
vertex 98.87199109527036 -164.76649505331682 0
endloop
endfacet
facet normal 0 0 -1
outer loop
vertex 158.12801050472967 -164.76649365331673 0
vertex 158.03213037924687 -165.26434782931176 0
vertex 154.5 -165.26434782931176 0
endloop
endfacet
facet normal 0 0 -1
outer loop
vertex 158.12801050472967 -164.76649365331673 0
vertex 154.5 -165.26434782931176 0
vertex 154.5 -164.76649365331673 0
endloop
endfacet
facet normal 0 0 -1
outer loop
vertex 102.5 -165.26434782931176 0
vertex 102.5 -165.7703297 0
vertex 99 -165.7703297 0
endloop
endfacet
facet normal 0 0 -1
outer loop
vertex 102.5 -165.26434782931176 0
vertex 99 -165.7703297 0
vertex 98.96787122075311 -165.26434782931176 0
endloop
endfacet
facet normal 0 0 -1
outer loop
vertex 158.03213037924687 -165.26434782931176 0
vertex 157.99999659999997 -165.7703297 0
vertex 154.5 -165.7703297 0
endloop
endfacet
facet normal 0 0 -1
outer loop
vertex 158.03213037924687 -165.26434782931176 0
vertex 154.5 -165.7703297 0
vertex 154.5 -165.26434782931176 0
endloop
endfacet
facet normal 0 0 -1
outer loop
vertex 102.5 -165.7703297 0
vertex 102.5 -174.5 0
vertex 99 -174.5 0
endloop
endfacet
facet normal 0 0 -1
outer loop
vertex 102.5 -165.7703297 0
vertex 99 -174.5 0
vertex 99 -165.7703297 0
endloop
endfacet
facet normal 0 0 -1
outer loop
vertex 121.5 -160.5 0
vertex 121.5 -174.5 0
vertex 116.5 -174.5 0
endloop
endfacet
facet normal 0 0 -1
outer loop
vertex 121.5 -160.5 0
vertex 116.5 -174.5 0
vertex 116.5 -160.5 0
endloop
endfacet
facet normal 0 0 -1
outer loop
vertex 140.5 -160.5 0
vertex 140.5 -174.5 0
vertex 135.5 -174.5 0
endloop
endfacet
facet normal 0 0 -1
outer loop
vertex 140.5 -160.5 0
vertex 135.5 -174.5 0
vertex 135.5 -160.5 0
endloop
endfacet
facet normal 0 0 -1
outer loop
vertex 157.99999659999997 -165.7703297 0
vertex 157.99999950145028 -174.5 0
vertex 154.5 -174.5 0
endloop
endfacet
facet normal 0 0 -1
outer loop
vertex 157.99999659999997 -165.7703297 0
vertex 154.5 -174.5 0
vertex 154.5 -165.7703297 0
endloop
endfacet
facet normal 0 0 -1
outer loop
vertex 102.5 -174.5 0
vertex 116.5 -174.5 0
vertex 121.5 -174.5 0
endloop
endfacet
facet normal 0 0 -1
outer loop
vertex 102.5 -174.5 0
vertex 121.5 -174.5 0
vertex 135.5 -174.5 0
endloop
endfacet
facet normal 0 0 -1
outer loop
vertex 102.5 -174.5 0
vertex 135.5 -174.5 0
vertex 140.5 -174.5 0
endloop
endfacet
facet normal 0 0 -1
outer loop
vertex 102.5 -174.5 0
vertex 140.5 -174.5 0
vertex 154.5 -174.5 0
endloop
endfacet
facet normal 0 0 -1
outer loop
vertex 102.5 -174.5 0
vertex 154.5 -174.5 0
vertex 157.99999950145028 -174.5 0
endloop
endfacet
facet normal 0 0 -1
outer loop
vertex 102.5 -174.5 0
vertex 157.99999950145028 -174.5 0
vertex 158 -175.9999999999997 0
endloop
endfacet
facet normal 0 0 -1
outer loop
vertex 102.5 -174.5 0
vertex 158 -175.9999999999997 0
vertex 157.9696155060244 -176.34729635533387 0
endloop
endfacet
facet normal 0 0 -1
outer loop
vertex 102.5 -174.5 0
vertex 157.9696155060244 -176.34729635533387 0
vertex 157.8793852415718 -176.68404028665125 0
endloop
endfacet
facet normal 0 0 -1
outer loop
vertex 102.5 -174.5 0
vertex 157.8793852415718 -176.68404028665125 0
vertex 157.7320508075689 -176.99999999999997 0
endloop
endfacet
facet normal 0 0 -1
outer loop
vertex 102.5 -174.5 0
vertex 157.7320508075689 -176.99999999999997 0
vertex 157.53208888623772 -177.28557521937307 0
endloop
endfacet
facet normal 0 0 -1
outer loop
vertex 102.5 -174.5 0
vertex 157.53208888623772 -177.28557521937307 0
vertex 157.28557521937313 -177.53208888623794 0
endloop
endfacet
facet normal 0 0 -1
outer loop
vertex 102.5 -174.5 0
vertex 157.28557521937313 -177.53208888623794 0
vertex 157 -177.73205080756892 0
endloop
endfacet
facet normal 0 0 -1
outer loop
vertex 102.5 -174.5 0
vertex 157 -177.73205080756892 0
vertex 156.68404028665137 -177.87938524157173 0
endloop
endfacet
facet normal 0 0 -1
outer loop
vertex 102.5 -174.5 0
vertex 156.68404028665137 -177.87938524157173 0
vertex 156.34729635533375 -177.9696155060244 0
endloop
endfacet
facet normal 0 0 -1
outer loop
vertex 102.5 -174.5 0
vertex 156.34729635533375 -177.9696155060244 0
vertex 156.0000000000002 -178 0
endloop
endfacet
facet normal 0 0 -1
outer loop
vertex 102.5 -174.5 0
vertex 156.0000000000002 -178 0
vertex 101.00000000000016 -178 0
endloop
endfacet
facet normal 0 0 -1
outer loop
vertex 102.5 -174.5 0
vertex 101.00000000000016 -178 0
vertex 100.65270364466603 -177.9696155060244 0
endloop
endfacet
facet normal 0 0 -1
outer loop
vertex 102.5 -174.5 0
vertex 100.65270364466603 -177.9696155060244 0
vertex 100.3159597133484 -177.87938524157173 0
endloop
endfacet
facet normal 0 0 -1
outer loop
vertex 102.5 -174.5 0
vertex 100.3159597133484 -177.87938524157173 0
vertex 100.00000000000007 -177.73205080756892 0
endloop
endfacet
facet normal 0 0 -1
outer loop
vertex 102.5 -174.5 0
vertex 100.00000000000007 -177.73205080756892 0
vertex 99.71442478062693 -177.53208888623794 0
endloop
endfacet
facet normal 0 0 -1
outer loop
vertex 102.5 -174.5 0
vertex 99.71442478062693 -177.53208888623794 0
vertex 99.46791111376204 -177.28557521937307 0
endloop
endfacet
facet normal 0 0 -1
outer loop
vertex 102.5 -174.5 0
vertex 99.46791111376204 -177.28557521937307 0
vertex 99.2679491924311 -176.99999999999997 0
endloop
endfacet
facet normal 0 0 -1
outer loop
vertex 102.5 -174.5 0
vertex 99.2679491924311 -176.99999999999997 0
vertex 99.12061475842815 -176.68404028665125 0
endloop
endfacet
facet normal 0 0 -1
outer loop
vertex 102.5 -174.5 0
vertex 99.12061475842815 -176.68404028665125 0
vertex 99.03038449397557 -176.34729635533387 0
endloop
endfacet
facet normal 0 0 -1
outer loop
vertex 102.5 -174.5 0
vertex 99.03038449397557 -176.34729635533387 0
vertex 99 -175.9999999999997 0
endloop
endfacet
facet normal 0 0 -1
outer loop
vertex 102.5 -174.5 0
vertex 99 -175.9999999999997 0
vertex 99 -174.5 0
endloop
endfacet
facet normal 0 0 1
outer loop
vertex 155.99999999999997 -178 3
vertex 156.34729635533378 -177.9696155060244 3
vertex 156.6840402866514 -177.8793852415718 3
endloop
endfacet
facet normal 0 0 1
outer loop
vertex 155.99999999999997 -178 3
vertex 156.6840402866514 -177.8793852415718 3
vertex 157.00000000000003 -177.73205080756895 3
endloop
endfacet
facet normal 0 0 1
outer loop
vertex 155.99999999999997 -178 3
vertex 157.00000000000003 -177.73205080756895 3
vertex 157.28557521937316 -177.53208888623797 3
endloop
endfacet
facet normal 0 0 1
outer loop
vertex 155.99999999999997 -178 3
vertex 157.28557521937316 -177.53208888623797 3
vertex 157.5320888862378 -177.285575219373 3
endloop
endfacet
facet normal 0 0 1
outer loop
vertex 155.99999999999997 -178 3
vertex 157.5320888862378 -177.285575219373 3
vertex 157.73205080756892 -177.00000000000006 3
endloop
endfacet
facet normal 0 0 1
outer loop
vertex 155.99999999999997 -178 3
vertex 157.73205080756892 -177.00000000000006 3
vertex 157.87938524157178 -176.68404028665134 3
endloop
endfacet
facet normal 0 0 1
outer loop
vertex 155.99999999999997 -178 3
vertex 157.87938524157178 -176.68404028665134 3
vertex 157.96961550602438 -176.3472963553339 3
endloop
endfacet
facet normal 0 0 1
outer loop
vertex 155.99999999999997 -178 3
vertex 157.96961550602438 -176.3472963553339 3
vertex 157.99999999999997 -176.00000000000003 3
endloop
endfacet
facet normal 0 0 1
outer loop
vertex 155.99999999999997 -178 3
vertex 157.99999999999997 -176.00000000000003 3
vertex 157.99999950145025 -174.5 3
endloop
endfacet
facet normal 0 0 1
outer loop
vertex 155.99999999999997 -178 3
vertex 157.99999950145025 -174.5 3
vertex 154.5 -174.5 3
endloop
endfacet
facet normal 0 0 1
outer loop
vertex 155.99999999999997 -178 3
vertex 154.5 -174.5 3
vertex 140.5 -174.5 3
endloop
endfacet
facet normal 0 0 1
outer loop
vertex 155.99999999999997 -178 3
vertex 140.5 -174.5 3
vertex 135.5 -174.5 3
endloop
endfacet
facet normal 0 0 1
outer loop
vertex 155.99999999999997 -178 3
vertex 135.5 -174.5 3
vertex 121.5 -174.5 3
endloop
endfacet
facet normal 0 0 1
outer loop
vertex 155.99999999999997 -178 3
vertex 121.5 -174.5 3
vertex 116.5 -174.5 3
endloop
endfacet
facet normal 0 0 1
outer loop
vertex 155.99999999999997 -178 3
vertex 116.5 -174.5 3
vertex 102.5 -174.5 3
endloop
endfacet
facet normal 0 0 1
outer loop
vertex 155.99999999999997 -178 3
vertex 102.5 -174.5 3
vertex 99 -174.5 3
endloop
endfacet
facet normal 0 0 1
outer loop
vertex 155.99999999999997 -178 3
vertex 99 -174.5 3
vertex 99 -176.00000000000003 3
endloop
endfacet
facet normal 0 0 1
outer loop
vertex 155.99999999999997 -178 3
vertex 99 -176.00000000000003 3
vertex 99.0303844939756 -176.3472963553339 3
endloop
endfacet
facet normal 0 0 1
outer loop
vertex 155.99999999999997 -178 3
vertex 99.0303844939756 -176.3472963553339 3
vertex 99.12061475842819 -176.68404028665134 3
endloop
endfacet
facet normal 0 0 1
outer loop
vertex 155.99999999999997 -178 3
vertex 99.12061475842819 -176.68404028665134 3
vertex 99.26794919243115 -177.00000000000006 3
endloop
endfacet
facet normal 0 0 1
outer loop
vertex 155.99999999999997 -178 3
vertex 99.26794919243115 -177.00000000000006 3
vertex 99.46791111376197 -177.285575219373 3
endloop
endfacet
facet normal 0 0 1
outer loop
vertex 155.99999999999997 -178 3
vertex 99.46791111376197 -177.285575219373 3
vertex 99.71442478062697 -177.53208888623797 3
endloop
endfacet
facet normal 0 0 1
outer loop
vertex 155.99999999999997 -178 3
vertex 99.71442478062697 -177.53208888623797 3
vertex 100.00000000000014 -177.73205080756895 3
endloop
endfacet
facet normal 0 0 1
outer loop
vertex 155.99999999999997 -178 3
vertex 100.00000000000014 -177.73205080756895 3
vertex 100.31595971334862 -177.8793852415718 3
endloop
endfacet
facet normal 0 0 1
outer loop
vertex 155.99999999999997 -178 3
vertex 100.31595971334862 -177.8793852415718 3
vertex 100.65270364466625 -177.9696155060244 3
endloop
endfacet
facet normal 0 0 1
outer loop
vertex 155.99999999999997 -178 3
vertex 100.65270364466625 -177.9696155060244 3
vertex 101.00000000000023 -178 3
endloop
endfacet
facet normal 0 0 1
outer loop
vertex 102.5 -174.5 3
vertex 102.5 -165.77032969999993 3
vertex 99 -165.77032969999993 3
endloop
endfacet
facet normal 0 0 1
outer loop
vertex 102.5 -174.5 3
vertex 99 -165.77032969999993 3
vertex 99 -174.5 3
endloop
endfacet
facet normal 0 0 1
outer loop
vertex 157.99999950145025 -174.5 3
vertex 157.9999966000004 -165.77032969999993 3
vertex 154.5 -165.77032969999993 3
endloop
endfacet
facet normal 0 0 1
outer loop
vertex 157.99999950145025 -174.5 3
vertex 154.5 -165.77032969999993 3
vertex 154.5 -174.5 3
endloop
endfacet
facet normal 0 0 1
outer loop
vertex 102.5 -165.77032969999993 3
vertex 102.5 -165.26434782931193 3
vertex 98.96787122075312 -165.26434782931193 3
endloop
endfacet
facet normal 0 0 1
outer loop
vertex 102.5 -165.77032969999993 3
vertex 98.96787122075312 -165.26434782931193 3
vertex 99 -165.77032969999993 3
endloop
endfacet
facet normal 0 0 1
outer loop
vertex 157.9999966000004 -165.77032969999993 3
vertex 158.03213036623404 -165.26434782931193 3
vertex 154.5 -165.26434782931193 3
endloop
endfacet
facet normal 0 0 1
outer loop
vertex 157.9999966000004 -165.77032969999993 3
vertex 154.5 -165.26434782931193 3
vertex 154.5 -165.77032969999993 3
endloop
endfacet
facet normal 0 0 1
outer loop
vertex 102.5 -165.26434782931193 3
vertex 102.5 -164.7664950533167 3
vertex 98.87199109527032 -164.7664950533167 3
endloop
endfacet
facet normal 0 0 1
outer loop
vertex 102.5 -165.26434782931193 3
vertex 98.87199109527032 -164.7664950533167 3
vertex 98.96787122075312 -165.26434782931193 3
endloop
endfacet
facet normal 0 0 1
outer loop
vertex 158.03213036623404 -165.26434782931193 3
vertex 158.1280107587998 -164.76649365331645 3
vertex 154.5 -164.76649365331645 3
endloop
endfacet
facet normal 0 0 1
outer loop
vertex 158.03213036623404 -165.26434782931193 3
vertex 154.5 -164.76649365331645 3
vertex 154.5 -165.26434782931193 3
endloop
endfacet
facet normal 0 0 1
outer loop
vertex 102.5 -164.7664950533167 3
vertex 102.5 -164.2847698500001 3
vertex 98.71390500000003 -164.2847698500001 3
endloop
endfacet
facet normal 0 0 1
outer loop
vertex 102.5 -164.7664950533167 3
vertex 98.71390500000003 -164.2847698500001 3
vertex 98.87199109527032 -164.7664950533167 3
endloop
endfacet
facet normal 0 0 1
outer loop
vertex 158.1280107587998 -164.76649365331645 3
vertex 158.2860932 -164.28476689999997 3
vertex 154.5 -164.28476689999997 3
endloop
endfacet
facet normal 0 0 1
outer loop
vertex 158.1280107587998 -164.76649365331645 3
vertex 154.5 -164.28476689999997 3
vertex 154.5 -164.76649365331645 3
endloop
endfacet
facet normal 0 0 1
outer loop
vertex 102.5 -164.2847698500001 3
vertex 102.5 -160.5 3
vertex 97.19999816886684 -160.5 3
endloop
endfacet
facet normal 0 0 1
outer loop
vertex 102.5 -164.2847698500001 3
vertex 97.19999816886684 -160.5 3
vertex 98.71390500000003 -164.2847698500001 3
endloop
endfacet
facet normal 0 0 1
outer loop
vertex 121.5 -174.5 3
vertex 121.5 -160.5 3
vertex 116.5 -160.5 3
endloop
endfacet
facet normal 0 0 1
outer loop
vertex 121.5 -174.5 3
vertex 116.5 -160.5 3
vertex 116.5 -174.5 3
endloop
endfacet
facet normal 0 0 1
outer loop
vertex 140.5 -174.5 3
vertex 140.5 -160.5 3
vertex 135.5 -160.5 3
endloop
endfacet
facet normal 0 0 1
outer loop
vertex 140.5 -174.5 3
vertex 135.5 -160.5 3
vertex 135.5 -174.5 3
endloop
endfacet
facet normal 0 0 1
outer loop
vertex 158.2860932 -164.28476689999997 3
vertex 159.79999997508662 -160.5 3
vertex 154.5 -160.5 3
endloop
endfacet
facet normal 0 0 1
outer loop
vertex 158.2860932 -164.28476689999997 3
vertex 154.5 -160.5 3
vertex 154.5 -164.28476689999997 3
endloop
endfacet
facet normal 0 0 1
outer loop
vertex 102.5 -160.5 3
vertex 116.5 -160.5 3
vertex 121.5 -160.5 3
endloop
endfacet
facet normal 0 0 1
outer loop
vertex 102.5 -160.5 3
vertex 121.5 -160.5 3
vertex 135.5 -160.5 3
endloop
endfacet
facet normal 0 0 1
outer loop
vertex 102.5 -160.5 3
vertex 135.5 -160.5 3
vertex 140.5 -160.5 3
endloop
endfacet
facet normal 0 0 1
outer loop
vertex 102.5 -160.5 3
vertex 140.5 -160.5 3
vertex 154.5 -160.5 3
endloop
endfacet
facet normal 0 0 1
outer loop
vertex 102.5 -160.5 3
vertex 154.5 -160.5 3
vertex 159.79999997508662 -160.5 3
endloop
endfacet
facet normal 0 0 1
outer loop
vertex 102.5 -160.5 3
vertex 159.79999997508662 -160.5 3
vertex 161.79999999501734 -155.5 3
endloop
endfacet
facet normal 0 0 1
outer loop
vertex 102.5 -160.5 3
vertex 161.79999999501734 -155.5 3
vertex 135.5 -155.5 3
endloop
endfacet
facet normal 0 0 1
outer loop
vertex 102.5 -160.5 3
vertex 135.5 -155.5 3
vertex 121.5 -155.5 3
endloop
endfacet
facet normal 0 0 1
outer loop
vertex 102.5 -160.5 3
vertex 121.5 -155.5 3
vertex 95.19999963377336 -155.5 3
endloop
endfacet
facet normal 0 0 1
outer loop
vertex 102.5 -160.5 3
vertex 95.19999963377336 -155.5 3
vertex 97.19999816886684 -160.5 3
endloop
endfacet
facet normal 0 0 1
outer loop
vertex 121.5 -155.5 3
vertex 121.5 -154.75 3
vertex 109.5 -154.75 3
endloop
endfacet
facet normal 0 0 1
outer loop
vertex 121.5 -155.5 3
vertex 109.5 -154.75 3
vertex 94.89999985350933 -154.75 3
endloop
endfacet
facet normal 0 0 1
outer loop
vertex 121.5 -155.5 3
vertex 94.89999985350933 -154.75 3
vertex 95.19999963377336 -155.5 3
endloop
endfacet
facet normal 0 0 1
outer loop
vertex 161.79999999501734 -155.5 3
vertex 162.09999999800695 -154.75 3
vertex 147.49999999999997 -154.75 3
endloop
endfacet
facet normal 0 0 1
outer loop
vertex 161.79999999501734 -155.5 3
vertex 147.49999999999997 -154.75 3
vertex 135.5 -154.75 3
endloop
endfacet
facet normal 0 0 1
outer loop
vertex 161.79999999501734 -155.5 3
vertex 135.5 -154.75 3
vertex 135.5 -155.5 3
endloop
endfacet
facet normal 0 0 1
outer loop
vertex 109.5 -154.75 3
vertex 109.20736451697576 -154.72117792060484 3
vertex 94.8884710301956 -154.72117792060484 3
endloop
endfacet
facet normal 0 0 1
outer loop
vertex 109.5 -154.75 3
vertex 94.8884710301956 -154.72117792060484 3
vertex 94.89999985350933 -154.75 3
endloop
endfacet
facet normal 0 0 1
outer loop
vertex 121.5 -154.75 3
vertex 121.5 -154.72117792060484 3
vertex 109.79263548302434 -154.72117792060484 3
endloop
endfacet
facet normal 0 0 1
outer loop
vertex 121.5 -154.75 3
vertex 109.79263548302434 -154.72117792060484 3
vertex 109.5 -154.75 3
endloop
endfacet
facet normal 0 0 1
outer loop
vertex 147.49999999999997 -154.75 3
vertex 147.2073645169758 -154.72117792060484 3
vertex 135.5 -154.72117792060484 3
endloop
endfacet
facet normal 0 0 1
outer loop
vertex 147.49999999999997 -154.75 3
vertex 135.5 -154.72117792060484 3
vertex 135.5 -154.75 3
endloop
endfacet
facet normal 0 0 1
outer loop
vertex 162.09999999800695 -154.75 3
vertex 162.1115288298799 -154.72117792060484 3
vertex 147.79263548302401 -154.72117792060484 3
endloop
endfacet
facet normal 0 0 1
outer loop
vertex 162.09999999800695 -154.75 3
vertex 147.79263548302401 -154.72117792060484 3
vertex 147.49999999999997 -154.75 3
endloop
endfacet
facet normal 0 0 1
outer loop
vertex 109.20736451697576 -154.72117792060484 3
vertex 108.92597485145222 -154.63581929876696 3
vertex 94.85432760646893 -154.63581929876696 3
endloop
endfacet
facet normal 0 0 1
outer loop
vertex 109.20736451697576 -154.72117792060484 3
vertex 94.85432760646893 -154.63581929876696 3
vertex 94.8884710301956 -154.72117792060484 3
endloop
endfacet
facet normal 0 0 1
outer loop
vertex 121.5 -154.72117792060484 3
vertex 121.5 -154.63581929876696 3
vertex 110.07402514854762 -154.63581929876696 3
endloop
endfacet
facet normal 0 0 1
outer loop
vertex 121.5 -154.72117792060484 3
vertex 110.07402514854762 -154.63581929876696 3
vertex 109.79263548302434 -154.72117792060484 3
endloop
endfacet
facet normal 0 0 1
outer loop
vertex 147.2073645169758 -154.72117792060484 3
vertex 146.9259748514524 -154.63581929876696 3
vertex 135.5 -154.63581929876696 3
endloop
endfacet
facet normal 0 0 1
outer loop
vertex 147.2073645169758 -154.72117792060484 3
vertex 135.5 -154.63581929876696 3
vertex 135.5 -154.72117792060484 3
endloop
endfacet
facet normal 0 0 1
outer loop
vertex 162.1115288298799 -154.72117792060484 3
vertex 162.1456722789553 -154.63581929876696 3
vertex 148.07402514854763 -154.63581929876696 3
endloop
endfacet
facet normal 0 0 1
outer loop
vertex 162.1115288298799 -154.72117792060484 3
vertex 148.07402514854763 -154.63581929876696 3
vertex 147.79263548302401 -154.72117792060484 3
endloop
endfacet
facet normal 0 0 1
outer loop
vertex 108.92597485145222 -154.63581929876696 3
vertex 108.66664465047063 -154.4972044184538 3
vertex 94.79888169495524 -154.4972044184538 3
endloop
endfacet
facet normal 0 0 1
outer loop
vertex 108.92597485145222 -154.63581929876696 3
vertex 94.79888169495524 -154.4972044184538 3
vertex 94.85432760646893 -154.63581929876696 3
endloop
endfacet
facet normal 0 0 1
outer loop
vertex 121.5 -154.63581929876696 3
vertex 121.5 -154.4972044184538 3
vertex 110.33335534952938 -154.4972044184538 3
endloop
endfacet
facet normal 0 0 1
outer loop
vertex 121.5 -154.63581929876696 3
vertex 110.33335534952938 -154.4972044184538 3
vertex 110.07402514854762 -154.63581929876696 3
endloop
endfacet
facet normal 0 0 1
outer loop
vertex 146.9259748514524 -154.63581929876696 3
vertex 146.66664465047057 -154.4972044184538 3
vertex 135.5 -154.4972044184538 3
endloop
endfacet
facet normal 0 0 1
outer loop
vertex 146.9259748514524 -154.63581929876696 3
vertex 135.5 -154.4972044184538 3
vertex 135.5 -154.63581929876696 3
endloop
endfacet
facet normal 0 0 1
outer loop
vertex 162.1456722789553 -154.63581929876696 3
vertex 162.2011182316331 -154.4972044184538 3
vertex 148.33335534952934 -154.4972044184538 3
endloop
endfacet
facet normal 0 0 1
outer loop
vertex 162.1456722789553 -154.63581929876696 3
vertex 148.33335534952934 -154.4972044184538 3
vertex 148.07402514854763 -154.63581929876696 3
endloop
endfacet
facet normal 0 0 1
outer loop
vertex 108.66664465047063 -154.4972044184538 3
vertex 108.43933982822024 -154.3106601717799 3
vertex 94.72426405093965 -154.3106601717799 3
endloop
endfacet
facet normal 0 0 1
outer loop
vertex 108.66664465047063 -154.4972044184538 3
vertex 94.72426405093965 -154.3106601717799 3
vertex 94.79888169495524 -154.4972044184538 3
endloop
endfacet
facet normal 0 0 1
outer loop
vertex 121.5 -154.4972044184538 3
vertex 121.5 -154.3106601717799 3
vertex 110.56066017177974 -154.3106601717799 3
endloop
endfacet
facet normal 0 0 1
outer loop
vertex 121.5 -154.4972044184538 3
vertex 110.56066017177974 -154.3106601717799 3
vertex 110.33335534952938 -154.4972044184538 3
endloop
endfacet
facet normal 0 0 1
outer loop
vertex 146.66664465047057 -154.4972044184538 3
vertex 146.43933982822023 -154.3106601717799 3
vertex 135.5 -154.3106601717799 3
endloop
endfacet
facet normal 0 0 1
outer loop
vertex 146.66664465047057 -154.4972044184538 3
vertex 135.5 -154.3106601717799 3
vertex 135.5 -154.4972044184538 3
endloop
endfacet
facet normal 0 0 1
outer loop
vertex 162.2011182316331 -154.4972044184538 3
vertex 162.27573593104626 -154.3106601717799 3
vertex 148.56066017177977 -154.3106601717799 3
endloop
endfacet
facet normal 0 0 1
outer loop
vertex 162.2011182316331 -154.4972044184538 3
vertex 148.56066017177977 -154.3106601717799 3
vertex 148.33335534952934 -154.4972044184538 3
endloop
endfacet
facet normal 0 0 1
outer loop
vertex 108.43933982822024 -154.3106601717799 3
vertex 108.38955731179246 -154.25 3
vertex 94.69999999999999 -154.25 3
endloop
endfacet
facet normal 0 0 1
outer loop
vertex 108.43933982822024 -154.3106601717799 3
vertex 94.69999999999999 -154.25 3
vertex 94.72426405093965 -154.3106601717799 3
endloop
endfacet
facet normal 0 0 1
outer loop
vertex 162.27573593104626 -154.3106601717799 3
vertex 162.3 -154.25 3
vertex 148.61044268820754 -154.25 3
endloop
endfacet
facet normal 0 0 1
outer loop
vertex 162.27573593104626 -154.3106601717799 3
vertex 148.61044268820754 -154.25 3
vertex 148.56066017177977 -154.3106601717799 3
endloop
endfacet
facet normal 0 0 1
outer loop
vertex 94.69999999999999 -154.25 3
vertex 108.38955731179246 -154.25 3
vertex 108.25279558154617 -154.08335534952937 3
endloop
endfacet
facet normal 0 0 1
outer loop
vertex 94.69999999999999 -154.25 3
vertex 108.25279558154617 -154.08335534952937 3
vertex 90.71724829131335 -154.08335534952937 3
endloop
endfacet
facet normal 0 0 1
outer loop
vertex 94.69999999999999 -154.25 3
vertex 90.71724829131335 -154.08335534952937 3
vertex 90.81595971334875 -154.12938524157184 3
endloop
endfacet
facet normal 0 0 1
outer loop
vertex 94.69999999999999 -154.25 3
vertex 90.81595971334875 -154.12938524157184 3
vertex 91.15270364466622 -154.21961550602444 3
endloop
endfacet
facet normal 0 0 1
outer loop
vertex 94.69999999999999 -154.25 3
vertex 91.15270364466622 -154.21961550602444 3
vertex 91.49999999999997 -154.25 3
endloop
endfacet
facet normal 0 0 1
outer loop
vertex 121.5 -154.3106601717799 3
vertex 121.5 -154.08335534952937 3
vertex 110.74720441845386 -154.08335534952937 3
endloop
endfacet
facet normal 0 0 1
outer loop
vertex 121.5 -154.3106601717799 3
vertex 110.74720441845386 -154.08335534952937 3
vertex 110.56066017177974 -154.3106601717799 3
endloop
endfacet
facet normal 0 0 1
outer loop
vertex 146.43933982822023 -154.3106601717799 3
vertex 146.25279558154617 -154.08335534952937 3
vertex 135.5 -154.08335534952937 3
endloop
endfacet
facet normal 0 0 1
outer loop
vertex 146.43933982822023 -154.3106601717799 3
vertex 135.5 -154.08335534952937 3
vertex 135.5 -154.3106601717799 3
endloop
endfacet
facet normal 0 0 1
outer loop
vertex 162.3 -154.25 3
vertex 165.49999999999991 -154.25 3
vertex 165.84729635533387 -154.21961550602444 3
endloop
endfacet
facet normal 0 0 1
outer loop
vertex 162.3 -154.25 3
vertex 165.84729635533387 -154.21961550602444 3
vertex 166.1840402866514 -154.12938524157184 3
endloop
endfacet
facet normal 0 0 1
outer loop
vertex 162.3 -154.25 3
vertex 166.1840402866514 -154.12938524157184 3
vertex 166.28275170868676 -154.08335534952937 3
endloop
endfacet
facet normal 0 0 1
outer loop
vertex 162.3 -154.25 3
vertex 166.28275170868676 -154.08335534952937 3
vertex 148.74720441845383 -154.08335534952937 3
endloop
endfacet
facet normal 0 0 1
outer loop
vertex 162.3 -154.25 3
vertex 148.74720441845383 -154.08335534952937 3
vertex 148.61044268820754 -154.25 3
endloop
endfacet
facet normal 0 0 1
outer loop
vertex 108.25279558154617 -154.08335534952937 3
vertex 108.11418070123308 -153.82402514854766 3
vertex 90.27431597005476 -153.82402514854766 3
endloop
endfacet
facet normal 0 0 1
outer loop
vertex 108.25279558154617 -154.08335534952937 3
vertex 90.27431597005476 -153.82402514854766 3
vertex 90.49999999999994 -153.98205080756884 3
endloop
endfacet
facet normal 0 0 1
outer loop
vertex 108.25279558154617 -154.08335534952937 3
vertex 90.49999999999994 -153.98205080756884 3
vertex 90.71724829131335 -154.08335534952937 3
endloop
endfacet
facet normal 0 0 1
outer loop
vertex 121.5 -154.08335534952937 3
vertex 121.5 -153.82402514854766 3
vertex 110.8858192987669 -153.82402514854766 3
endloop
endfacet
facet normal 0 0 1
outer loop
vertex 121.5 -154.08335534952937 3
vertex 110.8858192987669 -153.82402514854766 3
vertex 110.74720441845386 -154.08335534952937 3
endloop
endfacet
facet normal 0 0 1
outer loop
vertex 146.25279558154617 -154.08335534952937 3
vertex 146.1141807012331 -153.82402514854766 3
vertex 135.5 -153.82402514854766 3
endloop
endfacet
facet normal 0 0 1
outer loop
vertex 146.25279558154617 -154.08335534952937 3
vertex 135.5 -153.82402514854766 3
vertex 135.5 -154.08335534952937 3
endloop
endfacet
facet normal 0 0 1
outer loop
vertex 166.28275170868676 -154.08335534952937 3
vertex 166.5000000000001 -153.98205080756884 3
vertex 166.72568402994517 -153.82402514854766 3
endloop
endfacet
facet normal 0 0 1
outer loop
vertex 166.28275170868676 -154.08335534952937 3
vertex 166.72568402994517 -153.82402514854766 3
vertex 148.88581929876685 -153.82402514854766 3
endloop
endfacet
facet normal 0 0 1
outer loop
vertex 166.28275170868676 -154.08335534952937 3
vertex 148.88581929876685 -153.82402514854766 3
vertex 148.74720441845383 -154.08335534952937 3
endloop
endfacet
facet normal 0 0 1
outer loop
vertex 108.11418070123308 -153.82402514854766 3
vertex 108.02882207939514 -153.54263548302413 3
vertex 89.9749713774131 -153.54263548302413 3
endloop
endfacet
facet normal 0 0 1
outer loop
vertex 108.11418070123308 -153.82402514854766 3
vertex 89.9749713774131 -153.54263548302413 3
vertex 90.21442478062693 -153.78208888623794 3
endloop
endfacet
facet normal 0 0 1
outer loop
vertex 108.11418070123308 -153.82402514854766 3
vertex 90.21442478062693 -153.78208888623794 3
vertex 90.27431597005476 -153.82402514854766 3
endloop
endfacet
facet normal 0 0 1
outer loop
vertex 121.5 -153.82402514854766 3
vertex 121.5 -153.54263548302413 3
vertex 110.97117792060486 -153.54263548302413 3
endloop
endfacet
facet normal 0 0 1
outer loop
vertex 121.5 -153.82402514854766 3
vertex 110.97117792060486 -153.54263548302413 3
vertex 110.8858192987669 -153.82402514854766 3
endloop
endfacet
facet normal 0 0 1
outer loop
vertex 146.1141807012331 -153.82402514854766 3
vertex 146.02882207939513 -153.54263548302413 3
vertex 135.5 -153.54263548302413 3
endloop
endfacet
facet normal 0 0 1
outer loop
vertex 146.1141807012331 -153.82402514854766 3
vertex 135.5 -153.54263548302413 3
vertex 135.5 -153.82402514854766 3
endloop
endfacet
facet normal 0 0 1
outer loop
vertex 166.72568402994517 -153.82402514854766 3
vertex 166.785575219373 -153.78208888623794 3
vertex 167.02502862258683 -153.54263548302413 3
endloop
endfacet
facet normal 0 0 1
outer loop
vertex 166.72568402994517 -153.82402514854766 3
vertex 167.02502862258683 -153.54263548302413 3
vertex 148.97117792060482 -153.54263548302413 3
endloop
endfacet
facet normal 0 0 1
outer loop
vertex 166.72568402994517 -153.82402514854766 3
vertex 148.97117792060482 -153.54263548302413 3
vertex 148.88581929876685 -153.82402514854766 3
endloop
endfacet
facet normal 0 0 1
outer loop
vertex 108.02882207939514 -153.54263548302413 3
vertex 108 -153.24999999999997 3
vertex 89.76794919243117 -153.24999999999997 3
endloop
endfacet
facet normal 0 0 1
outer loop
vertex 108.02882207939514 -153.54263548302413 3
vertex 89.76794919243117 -153.24999999999997 3
vertex 89.96791111376207 -153.5355752193731 3
endloop
endfacet
facet normal 0 0 1
outer loop
vertex 108.02882207939514 -153.54263548302413 3
vertex 89.96791111376207 -153.5355752193731 3
vertex 89.9749713774131 -153.54263548302413 3
endloop
endfacet
facet normal 0 0 1
outer loop
vertex 121.5 -153.54263548302413 3
vertex 121.5 -153.24999999999997 3
vertex 111.00000000000001 -153.24999999999997 3
endloop
endfacet
facet normal 0 0 1
outer loop
vertex 121.5 -153.54263548302413 3
vertex 111.00000000000001 -153.24999999999997 3
vertex 110.97117792060486 -153.54263548302413 3
endloop
endfacet
facet normal 0 0 1
outer loop
vertex 146.02882207939513 -153.54263548302413 3
vertex 146 -153.24999999999997 3
vertex 135.5 -153.24999999999997 3
endloop
endfacet
facet normal 0 0 1
outer loop
vertex 146.02882207939513 -153.54263548302413 3
vertex 135.5 -153.24999999999997 3
vertex 135.5 -153.54263548302413 3
endloop
endfacet
facet normal 0 0 1
outer loop
vertex 167.02502862258683 -153.54263548302413 3
vertex 167.03208888623786 -153.5355752193731 3
vertex 167.23205080756892 -153.24999999999997 3
endloop
endfacet
facet normal 0 0 1
outer loop
vertex 167.02502862258683 -153.54263548302413 3
vertex 167.23205080756892 -153.24999999999997 3
vertex 149 -153.24999999999997 3
endloop
endfacet
facet normal 0 0 1
outer loop
vertex 167.02502862258683 -153.54263548302413 3
vertex 149 -153.24999999999997 3
vertex 148.97117792060482 -153.54263548302413 3
endloop
endfacet
facet normal 0 0 1
outer loop
vertex 108 -153.24999999999997 3
vertex 108.02882207939517 -152.95736451697576 3
vertex 89.63149102564905 -152.95736451697576 3
endloop
endfacet
facet normal 0 0 1
outer loop
vertex 108 -153.24999999999997 3
vertex 89.63149102564905 -152.95736451697576 3
vertex 89.76794919243117 -153.24999999999997 3
endloop
endfacet
facet normal 0 0 1
outer loop
vertex 121.5 -153.24999999999997 3
vertex 121.5 -152.95736451697576 3
vertex 110.97117792060486 -152.95736451697576 3
endloop
endfacet
facet normal 0 0 1
outer loop
vertex 121.5 -153.24999999999997 3
vertex 110.97117792060486 -152.95736451697576 3
vertex 111.00000000000001 -153.24999999999997 3
endloop
endfacet
facet normal 0 0 1
outer loop
vertex 146 -153.24999999999997 3
vertex 146.02882207939518 -152.95736451697576 3
vertex 135.5 -152.95736451697576 3
endloop
endfacet
facet normal 0 0 1
outer loop
vertex 146 -153.24999999999997 3
vertex 135.5 -152.95736451697576 3
vertex 135.5 -153.24999999999997 3
endloop
endfacet
facet normal 0 0 1
outer loop
vertex 167.23205080756892 -153.24999999999997 3
vertex 167.368508974351 -152.95736451697576 3
vertex 148.97117792060484 -152.95736451697576 3
endloop
endfacet
facet normal 0 0 1
outer loop
vertex 167.23205080756892 -153.24999999999997 3
vertex 148.97117792060484 -152.95736451697576 3
vertex 149 -153.24999999999997 3
endloop
endfacet
facet normal 0 0 1
outer loop
vertex 108.02882207939517 -152.95736451697576 3
vertex 108.11418070123301 -152.67597485145254 3
vertex 89.55146633347229 -152.67597485145254 3
endloop
endfacet
facet normal 0 0 1
outer loop
vertex 108.02882207939517 -152.95736451697576 3
vertex 89.55146633347229 -152.67597485145254 3
vertex 89.6206147584282 -152.93404028665134 3
endloop
endfacet
facet normal 0 0 1
outer loop
vertex 108.02882207939517 -152.95736451697576 3
vertex 89.6206147584282 -152.93404028665134 3
vertex 89.63149102564905 -152.95736451697576 3
endloop
endfacet
facet normal 0 0 1
outer loop
vertex 121.5 -152.95736451697576 3
vertex 121.5 -152.67597485145254 3
vertex 110.88581929876703 -152.67597485145254 3
endloop
endfacet
facet normal 0 0 1
outer loop
vertex 121.5 -152.95736451697576 3
vertex 110.88581929876703 -152.67597485145254 3
vertex 110.97117792060486 -152.95736451697576 3
endloop
endfacet
facet normal 0 0 1
outer loop
vertex 146.02882207939518 -152.95736451697576 3
vertex 146.11418070123298 -152.67597485145254 3
vertex 135.5 -152.67597485145254 3
endloop
endfacet
facet normal 0 0 1
outer loop
vertex 146.02882207939518 -152.95736451697576 3
vertex 135.5 -152.67597485145254 3
vertex 135.5 -152.95736451697576 3
endloop
endfacet
facet normal 0 0 1
outer loop
vertex 167.368508974351 -152.95736451697576 3
vertex 167.37938524157184 -152.93404028665134 3
vertex 167.44853366652774 -152.67597485145254 3
endloop
endfacet
facet normal 0 0 1
outer loop
vertex 167.368508974351 -152.95736451697576 3
vertex 167.44853366652774 -152.67597485145254 3
vertex 148.88581929876702 -152.67597485145254 3
endloop
endfacet
facet normal 0 0 1
outer loop
vertex 167.368508974351 -152.95736451697576 3
vertex 148.88581929876702 -152.67597485145254 3
vertex 148.97117792060484 -152.95736451697576 3
endloop
endfacet
facet normal 0 0 1
outer loop
vertex 108.11418070123301 -152.67597485145254 3
vertex 108.25279558154627 -152.41664465047066 3
vertex 89.51457951775343 -152.41664465047066 3
endloop
endfacet
facet normal 0 0 1
outer loop
vertex 108.11418070123301 -152.67597485145254 3
vertex 89.51457951775343 -152.41664465047066 3
vertex 89.5303844939756 -152.5972963553339 3
endloop
endfacet
facet normal 0 0 1
outer loop
vertex 108.11418070123301 -152.67597485145254 3
vertex 89.5303844939756 -152.5972963553339 3
vertex 89.55146633347229 -152.67597485145254 3
endloop
endfacet
facet normal 0 0 1
outer loop
vertex 121.5 -152.67597485145254 3
vertex 121.5 -152.41664465047066 3
vertex 110.74720441845373 -152.41664465047066 3
endloop
endfacet
facet normal 0 0 1
outer loop
vertex 121.5 -152.67597485145254 3
vertex 110.74720441845373 -152.41664465047066 3
vertex 110.88581929876703 -152.67597485145254 3
endloop
endfacet
facet normal 0 0 1
outer loop
vertex 146.11418070123298 -152.67597485145254 3
vertex 146.25279558154622 -152.41664465047066 3
vertex 135.5 -152.41664465047066 3
endloop
endfacet
facet normal 0 0 1
outer loop
vertex 146.11418070123298 -152.67597485145254 3
vertex 135.5 -152.41664465047066 3
vertex 135.5 -152.67597485145254 3
endloop
endfacet
facet normal 0 0 1
outer loop
vertex 167.44853366652774 -152.67597485145254 3
vertex 167.4696155060244 -152.5972963553339 3
vertex 167.48542048224658 -152.41664465047066 3
endloop
endfacet
facet normal 0 0 1
outer loop
vertex 167.44853366652774 -152.67597485145254 3
vertex 167.48542048224658 -152.41664465047066 3
vertex 148.74720441845378 -152.41664465047066 3
endloop
endfacet
facet normal 0 0 1
outer loop
vertex 167.44853366652774 -152.67597485145254 3
vertex 148.74720441845378 -152.41664465047066 3
vertex 148.88581929876702 -152.67597485145254 3
endloop
endfacet
facet normal 0 0 1
outer loop
vertex 108.25279558154627 -152.41664465047066 3
vertex 108.43933982822014 -152.1893398282202 3
vertex 89.5 -152.1893398282202 3
endloop
endfacet
facet normal 0 0 1
outer loop
vertex 108.25279558154627 -152.41664465047066 3
vertex 89.5 -152.1893398282202 3
vertex 89.5 -152.24999999999991 3
endloop
endfacet
facet normal 0 0 1
outer loop
vertex 108.25279558154627 -152.41664465047066 3
vertex 89.5 -152.24999999999991 3
vertex 89.51457951775343 -152.41664465047066 3
endloop
endfacet
facet normal 0 0 1
outer loop
vertex 121.5 -152.41664465047066 3
vertex 121.5 -152.1893398282202 3
vertex 110.56066017177983 -152.1893398282202 3
endloop
endfacet
facet normal 0 0 1
outer loop
vertex 121.5 -152.41664465047066 3
vertex 110.56066017177983 -152.1893398282202 3
vertex 110.74720441845373 -152.41664465047066 3
endloop
endfacet
facet normal 0 0 1
outer loop
vertex 146.25279558154622 -152.41664465047066 3
vertex 146.43933982822017 -152.1893398282202 3
vertex 135.5 -152.1893398282202 3
endloop
endfacet
facet normal 0 0 1
outer loop
vertex 146.25279558154622 -152.41664465047066 3
vertex 135.5 -152.1893398282202 3
vertex 135.5 -152.41664465047066 3
endloop
endfacet
facet normal 0 0 1
outer loop
vertex 167.48542048224658 -152.41664465047066 3
vertex 167.5 -152.24999999999991 3
vertex 167.5 -152.1893398282202 3
endloop
endfacet
facet normal 0 0 1
outer loop
vertex 167.48542048224658 -152.41664465047066 3
vertex 167.5 -152.1893398282202 3
vertex 148.56066017177986 -152.1893398282202 3
endloop
endfacet
facet normal 0 0 1
outer loop
vertex 167.48542048224658 -152.41664465047066 3
vertex 148.56066017177986 -152.1893398282202 3
vertex 148.74720441845378 -152.41664465047066 3
endloop
endfacet
facet normal 0 0 1
outer loop
vertex 108.43933982822014 -152.1893398282202 3
vertex 108.66664465047067 -152.00279558154622 3
vertex 89.5 -152.00279558154622 3
endloop
endfacet
facet normal 0 0 1
outer loop
vertex 108.43933982822014 -152.1893398282202 3
vertex 89.5 -152.00279558154622 3
vertex 89.5 -152.1893398282202 3
endloop
endfacet
facet normal 0 0 1
outer loop
vertex 121.5 -152.1893398282202 3
vertex 121.5 -152.00279558154622 3
vertex 110.33335534952941 -152.00279558154622 3
endloop
endfacet
facet normal 0 0 1
outer loop
vertex 121.5 -152.1893398282202 3
vertex 110.33335534952941 -152.00279558154622 3
vertex 110.56066017177983 -152.1893398282202 3
endloop
endfacet
facet normal 0 0 1
outer loop
vertex 146.43933982822017 -152.1893398282202 3
vertex 146.66664465047066 -152.00279558154622 3
vertex 135.5 -152.00279558154622 3
endloop
endfacet
facet normal 0 0 1
outer loop
vertex 146.43933982822017 -152.1893398282202 3
vertex 135.5 -152.00279558154622 3
vertex 135.5 -152.1893398282202 3
endloop
endfacet
facet normal 0 0 1
outer loop
vertex 167.5 -152.1893398282202 3
vertex 167.5 -152.00279558154622 3
vertex 148.33335534952937 -152.00279558154622 3
endloop
endfacet
facet normal 0 0 1
outer loop
vertex 167.5 -152.1893398282202 3
vertex 148.33335534952937 -152.00279558154622 3
vertex 148.56066017177986 -152.1893398282202 3
endloop
endfacet
facet normal 0 0 1
outer loop
vertex 108.66664465047067 -152.00279558154622 3
vertex 108.92597485145228 -151.86418070123304 3
vertex 89.5 -151.86418070123304 3
endloop
endfacet
facet normal 0 0 1
outer loop
vertex 108.66664465047067 -152.00279558154622 3
vertex 89.5 -151.86418070123304 3
vertex 89.5 -152.00279558154622 3
endloop
endfacet
facet normal 0 0 1
outer loop
vertex 121.5 -152.00279558154622 3
vertex 121.5 -151.86418070123304 3
vertex 110.07402514854753 -151.86418070123304 3
endloop
endfacet
facet normal 0 0 1
outer loop
vertex 121.5 -152.00279558154622 3
vertex 110.07402514854753 -151.86418070123304 3
vertex 110.33335534952941 -152.00279558154622 3
endloop
endfacet
facet normal 0 0 1
outer loop
vertex 146.66664465047066 -152.00279558154622 3
vertex 146.92597485145228 -151.86418070123304 3
vertex 135.5 -151.86418070123304 3
endloop
endfacet
facet normal 0 0 1
outer loop
vertex 146.66664465047066 -152.00279558154622 3
vertex 135.5 -151.86418070123304 3
vertex 135.5 -152.00279558154622 3
endloop
endfacet
facet normal 0 0 1
outer loop
vertex 167.5 -152.00279558154622 3
vertex 167.5 -151.86418070123304 3
vertex 148.07402514854752 -151.86418070123304 3
endloop
endfacet
facet normal 0 0 1
outer loop
vertex 167.5 -152.00279558154622 3
vertex 148.07402514854752 -151.86418070123304 3
vertex 148.33335534952937 -152.00279558154622 3
endloop
endfacet
facet normal 0 0 1
outer loop
vertex 108.92597485145228 -151.86418070123304 3
vertex 109.20736451697593 -151.77882207939518 3
vertex 89.5 -151.77882207939518 3
endloop
endfacet
facet normal 0 0 1
outer loop
vertex 108.92597485145228 -151.86418070123304 3
vertex 89.5 -151.77882207939518 3
vertex 89.5 -151.86418070123304 3
endloop
endfacet
facet normal 0 0 1
outer loop
vertex 121.5 -151.86418070123304 3
vertex 121.5 -151.77882207939518 3
vertex 109.79263548302428 -151.77882207939518 3
endloop
endfacet
facet normal 0 0 1
outer loop
vertex 121.5 -151.86418070123304 3
vertex 109.79263548302428 -151.77882207939518 3
vertex 110.07402514854753 -151.86418070123304 3
endloop
endfacet
facet normal 0 0 1
outer loop
vertex 146.92597485145228 -151.86418070123304 3
vertex 147.20736451697582 -151.77882207939518 3
vertex 135.5 -151.77882207939518 3
endloop
endfacet
facet normal 0 0 1
outer loop
vertex 146.92597485145228 -151.86418070123304 3
vertex 135.5 -151.77882207939518 3
vertex 135.5 -151.86418070123304 3
endloop
endfacet
facet normal 0 0 1
outer loop
vertex 167.5 -151.86418070123304 3
vertex 167.5 -151.77882207939518 3
vertex 147.79263548302433 -151.77882207939518 3
endloop
endfacet
facet normal 0 0 1
outer loop
vertex 167.5 -151.86418070123304 3
vertex 147.79263548302433 -151.77882207939518 3
vertex 148.07402514854752 -151.86418070123304 3
endloop
endfacet
facet normal 0 0 1
outer loop
vertex 109.20736451697593 -151.77882207939518 3
vertex 109.49999999999986 -151.75 3
vertex 89.5 -151.75 3
endloop
endfacet
facet normal 0 0 1
outer loop
vertex 109.20736451697593 -151.77882207939518 3
vertex 89.5 -151.75 3
vertex 89.5 -151.77882207939518 3
endloop
endfacet
facet normal 0 0 1
outer loop
vertex 121.5 -151.77882207939518 3
vertex 121.5 -151.75 3
vertex 109.49999999999986 -151.75 3
endloop
endfacet
facet normal 0 0 1
outer loop
vertex 121.5 -151.77882207939518 3
vertex 109.49999999999986 -151.75 3
vertex 109.79263548302428 -151.77882207939518 3
endloop
endfacet
facet normal 0 0 1
outer loop
vertex 147.20736451697582 -151.77882207939518 3
vertex 147.49999999999997 -151.75 3
vertex 135.5 -151.75 3
endloop
endfacet
facet normal 0 0 1
outer loop
vertex 147.20736451697582 -151.77882207939518 3
vertex 135.5 -151.75 3
vertex 135.5 -151.77882207939518 3
endloop
endfacet
facet normal 0 0 1
outer loop
vertex 167.5 -151.77882207939518 3
vertex 167.5 -151.75 3
vertex 147.49999999999997 -151.75 3
endloop
endfacet
facet normal 0 0 1
outer loop
vertex 167.5 -151.77882207939518 3
vertex 147.49999999999997 -151.75 3
vertex 147.79263548302433 -151.77882207939518 3
endloop
endfacet
facet normal 0 0 1
outer loop
vertex 109.49999999999986 -151.75 3
vertex 121.5 -151.75 3
vertex 121.5 -150 3
endloop
endfacet
facet normal 0 0 1
outer loop
vertex 109.49999999999986 -151.75 3
vertex 121.5 -150 3
vertex 106.1 -150 3
endloop
endfacet
facet normal 0 0 1
outer loop
vertex 109.49999999999986 -151.75 3
vertex 106.1 -150 3
vertex 93.9 -150 3
endloop
endfacet
facet normal 0 0 1
outer loop
vertex 109.49999999999986 -151.75 3
vertex 93.9 -150 3
vertex 89.5 -150 3
endloop
endfacet
facet normal 0 0 1
outer loop
vertex 109.49999999999986 -151.75 3
vertex 89.5 -150 3
vertex 89.5 -151.75 3
endloop
endfacet
facet normal 0 0 1
outer loop
vertex 147.49999999999997 -151.75 3
vertex 167.5 -151.75 3
vertex 167.5 -150 3
endloop
endfacet
facet normal 0 0 1
outer loop
vertex 147.49999999999997 -151.75 3
vertex 167.5 -150 3
vertex 163.1 -150 3
endloop
endfacet
facet normal 0 0 1
outer loop
vertex 147.49999999999997 -151.75 3
vertex 163.1 -150 3
vertex 150.9 -150 3
endloop
endfacet
facet normal 0 0 1
outer loop
vertex 147.49999999999997 -151.75 3
vertex 150.9 -150 3
vertex 135.5 -150 3
endloop
endfacet
facet normal 0 0 1
outer loop
vertex 147.49999999999997 -151.75 3
vertex 135.5 -150 3
vertex 135.5 -151.75 3
endloop
endfacet
facet normal 0 0 1
outer loop
vertex 121.5 -150 3
vertex 121.5 -141.5 3
vertex 106.1 -141.5 3
endloop
endfacet
facet normal 0 0 1
outer loop
vertex 121.5 -150 3
vertex 106.1 -141.5 3
vertex 106.1 -150 3
endloop
endfacet
facet normal 0 0 1
outer loop
vertex 150.9 -150 3
vertex 150.9 -141.5 3
vertex 135.5 -141.5 3
endloop
endfacet
facet normal 0 0 1
outer loop
vertex 150.9 -150 3
vertex 135.5 -141.5 3
vertex 135.5 -150 3
endloop
endfacet
facet normal 0 0 1
outer loop
vertex 93.9 -150 3
vertex 93.9 -137.5 3
vertex 89.5 -137.5 3
endloop
endfacet
facet normal 0 0 1
outer loop
vertex 93.9 -150 3
vertex 89.5 -137.5 3
vertex 89.5 -150 3
endloop
endfacet
facet normal 0 0 1
outer loop
vertex 121.5 -141.5 3
vertex 135.5 -141.5 3
vertex 150.9 -141.5 3
endloop
endfacet
facet normal 0 0 1
outer loop
vertex 121.5 -141.5 3
vertex 150.9 -141.5 3
vertex 150.9 -137.5 3
endloop
endfacet
facet normal 0 0 1
outer loop
vertex 121.5 -141.5 3
vertex 150.9 -137.5 3
vertex 106.1 -137.5 3
endloop
endfacet
facet normal 0 0 1
outer loop
vertex 121.5 -141.5 3
vertex 106.1 -137.5 3
vertex 106.1 -141.5 3
endloop
endfacet
facet normal 0 0 1
outer loop
vertex 167.5 -150 3
vertex 167.5 -137.5 3
vertex 163.1 -137.5 3
endloop
endfacet
facet normal 0 0 1
outer loop
vertex 167.5 -150 3
vertex 163.1 -137.5 3
vertex 163.1 -150 3
endloop
endfacet
facet normal 0 0 1
outer loop
vertex 93.9 -137.5 3
vertex 106.1 -137.5 3
vertex 150.9 -137.5 3
endloop
endfacet
facet normal 0 0 1
outer loop
vertex 93.9 -137.5 3
vertex 150.9 -137.5 3
vertex 163.1 -137.5 3
endloop
endfacet
facet normal 0 0 1
outer loop
vertex 93.9 -137.5 3
vertex 163.1 -137.5 3
vertex 167.5 -137.5 3
endloop
endfacet
facet normal 0 0 1
outer loop
vertex 93.9 -137.5 3
vertex 167.5 -137.5 3
vertex 167.5 -135.2500046000003 3
endloop
endfacet
facet normal 0 0 1
outer loop
vertex 93.9 -137.5 3
vertex 167.5 -135.2500046000003 3
vertex 167.47766282679171 -134.95191866643927 3
endloop
endfacet
facet normal 0 0 1
outer loop
vertex 93.9 -137.5 3
vertex 167.47766282679171 -134.95191866643927 3
vertex 167.41114754694757 -134.66049133305984 3
endloop
endfacet
facet normal 0 0 1
outer loop
vertex 93.9 -137.5 3
vertex 167.41114754694757 -134.66049133305984 3
vertex 167.30194001492447 -134.3822327651713 3
endloop
endfacet
facet normal 0 0 1
outer loop
vertex 93.9 -137.5 3
vertex 167.30194001492447 -134.3822327651713 3
vertex 167.1524797679022 -134.1233585465013 3
endloop
endfacet
facet normal 0 0 1
outer loop
vertex 93.9 -137.5 3
vertex 167.1524797679022 -134.1233585465013 3
vertex 166.96610553007713 -133.88965185731914 3
endloop
endfacet
facet normal 0 0 1
outer loop
vertex 93.9 -137.5 3
vertex 166.96610553007713 -133.88965185731914 3
vertex 166.74698063042513 -133.68633326140076 3
endloop
endfacet
facet normal 0 0 1
outer loop
vertex 93.9 -137.5 3
vertex 166.74698063042513 -133.68633326140076 3
vertex 166.50000850726389 -133.51795499999997 3
endloop
endfacet
facet normal 0 0 1
outer loop
vertex 93.9 -137.5 3
vertex 166.50000850726389 -133.51795499999997 3
vertex 90.5 -133.51795499999997 3
endloop
endfacet
facet normal 0 0 1
outer loop
vertex 93.9 -137.5 3
vertex 90.5 -133.51795499999997 3
vertex 90.25302160337795 -133.6863418800007 3
endloop
endfacet
facet normal 0 0 1
outer loop
vertex 93.9 -137.5 3
vertex 90.25302160337795 -133.6863418800007 3
vertex 90.03389835662215 -133.8896580684505 3
endloop
endfacet
facet normal 0 0 1
outer loop
vertex 93.9 -137.5 3
vertex 90.03389835662215 -133.8896580684505 3
vertex 89.8475250605527 -134.12336186445413 3
endloop
endfacet
facet normal 0 0 1
outer loop
vertex 93.9 -137.5 3
vertex 89.8475250605527 -134.12336186445413 3
vertex 89.69806494374409 -134.3822327651713 3
endloop
endfacet
facet normal 0 0 1
outer loop
vertex 93.9 -137.5 3
vertex 89.69806494374409 -134.3822327651713 3
vertex 89.58885666383829 -134.6604880820199 3
endloop
endfacet
facet normal 0 0 1
outer loop
vertex 93.9 -137.5 3
vertex 89.58885666383829 -134.6604880820199 3
vertex 89.52233972821712 -134.95191211505409 3
endloop
endfacet
facet normal 0 0 1
outer loop
vertex 93.9 -137.5 3
vertex 89.52233972821712 -134.95191211505409 3
vertex 89.5 -135.2500000000001 3
endloop
endfacet
facet normal 0 0 1
outer loop
vertex 93.9 -137.5 3
vertex 89.5 -135.2500000000001 3
vertex 89.5 -137.5 3
endloop
endfacet
facet normal 0 0 1
outer loop
vertex 166.50000850726389 -133.51795499999997 3
vertex 166.5 -130.23205080000002 3
vertex 90.5 -130.23205080000002 3
endloop
endfacet
facet normal 0 0 1
outer loop
vertex 166.50000850726389 -133.51795499999997 3
vertex 90.5 -130.23205080000002 3
vertex 90.5 -133.51795499999997 3
endloop
endfacet
facet normal 0 0 1
outer loop
vertex 90.5 -130.23205080000002 3
vertex 166.5 -130.23205080000002 3
vertex 166.5 -130.232045 3
endloop
endfacet
facet normal 0 0 1
outer loop
vertex 90.5 -130.23205080000002 3
vertex 166.5 -130.232045 3
vertex 90.49999149273602 -130.232045 3
endloop
endfacet
facet normal 0 0 1
outer loop
vertex 166.5 -130.232045 3
vertex 166.74697839662235 -130.06365811999908 3
vertex 166.96610164337787 -129.86034193154947 3
endloop
endfacet
facet normal 0 0 1
outer loop
vertex 166.5 -130.232045 3
vertex 166.96610164337787 -129.86034193154947 3
vertex 167.15247493944736 -129.62663813554576 3
endloop
endfacet
facet normal 0 0 1
outer loop
vertex 166.5 -130.232045 3
vertex 167.15247493944736 -129.62663813554576 3
vertex 167.3019350562559 -129.36776733804157 3
endloop
endfacet
facet normal 0 0 1
outer loop
vertex 166.5 -130.232045 3
vertex 167.3019350562559 -129.36776733804157 3
vertex 167.4111433361617 -129.08951191798008 3
endloop
endfacet
facet normal 0 0 1
outer loop
vertex 166.5 -130.232045 3
vertex 167.4111433361617 -129.08951191798008 3
vertex 167.4776602717829 -128.79808788494583 3
endloop
endfacet
facet normal 0 0 1
outer loop
vertex 166.5 -130.232045 3
vertex 167.4776602717829 -128.79808788494583 3
vertex 167.5 -128.50000000000028 3
endloop
endfacet
facet normal 0 0 1
outer loop
vertex 166.5 -130.232045 3
vertex 167.5 -128.50000000000028 3
vertex 167.5 -127 3
endloop
endfacet
facet normal 0 0 1
outer loop
vertex 166.5 -130.232045 3
vertex 167.5 -127 3
vertex 164 -127 3
endloop
endfacet
facet normal 0 0 1
outer loop
vertex 166.5 -130.232045 3
vertex 164 -127 3
vertex 150 -127 3
endloop
endfacet
facet normal 0 0 1
outer loop
vertex 166.5 -130.232045 3
vertex 150 -127 3
vertex 145 -127 3
endloop
endfacet
facet normal 0 0 1
outer loop
vertex 166.5 -130.232045 3
vertex 145 -127 3
vertex 131 -127 3
endloop
endfacet
facet normal 0 0 1
outer loop
vertex 166.5 -130.232045 3
vertex 131 -127 3
vertex 126 -127 3
endloop
endfacet
facet normal 0 0 1
outer loop
vertex 166.5 -130.232045 3
vertex 126 -127 3
vertex 112 -127 3
endloop
endfacet
facet normal 0 0 1
outer loop
vertex 166.5 -130.232045 3
vertex 112 -127 3
vertex 107 -127 3
endloop
endfacet
facet normal 0 0 1
outer loop
vertex 166.5 -130.232045 3
vertex 107 -127 3
vertex 93 -127 3
endloop
endfacet
facet normal 0 0 1
outer loop
vertex 166.5 -130.232045 3
vertex 93 -127 3
vertex 89.5 -127 3
endloop
endfacet
facet normal 0 0 1
outer loop
vertex 166.5 -130.232045 3
vertex 89.5 -127 3
vertex 89.5 -128.49999540000002 3
endloop
endfacet
facet normal 0 0 1
outer loop
vertex 166.5 -130.232045 3
vertex 89.5 -128.49999540000002 3
vertex 89.52233717320824 -128.79808133356053 3
endloop
endfacet
facet normal 0 0 1
outer loop
vertex 166.5 -130.232045 3
vertex 89.52233717320824 -128.79808133356053 3
vertex 89.58885245305247 -129.0895086669402 3
endloop
endfacet
facet normal 0 0 1
outer loop
vertex 166.5 -130.232045 3
vertex 89.58885245305247 -129.0895086669402 3
vertex 89.69805998507564 -129.36776733804157 3
endloop
endfacet
facet normal 0 0 1
outer loop
vertex 166.5 -130.232045 3
vertex 89.69805998507564 -129.36776733804157 3
vertex 89.84752023209771 -129.6266414534986 3
endloop
endfacet
facet normal 0 0 1
outer loop
vertex 166.5 -130.232045 3
vertex 89.84752023209771 -129.6266414534986 3
vertex 90.03389446992303 -129.86034814268106 3
endloop
endfacet
facet normal 0 0 1
outer loop
vertex 166.5 -130.232045 3
vertex 90.03389446992303 -129.86034814268106 3
vertex 90.25301936957477 -130.0636667385992 3
endloop
endfacet
facet normal 0 0 1
outer loop
vertex 166.5 -130.232045 3
vertex 90.25301936957477 -130.0636667385992 3
vertex 90.49999149273602 -130.232045 3
endloop
endfacet
facet normal 0 0 1
outer loop
vertex 93 -127 3
vertex 93 -113 3
vertex 89.5 -113 3
endloop
endfacet
facet normal 0 0 1
outer loop
vertex 93 -127 3
vertex 89.5 -113 3
vertex 89.5 -127 3
endloop
endfacet
facet normal 0 0 1
outer loop
vertex 112 -127 3
vertex 112 -113 3
vertex 107 -113 3
endloop
endfacet
facet normal 0 0 1
outer loop
vertex 112 -127 3
vertex 107 -113 3
vertex 107 -127 3
endloop
endfacet
facet normal 0 0 1
outer loop
vertex 131 -127 3
vertex 131 -113 3
vertex 126 -113 3
endloop
endfacet
facet normal 0 0 1
outer loop
vertex 131 -127 3
vertex 126 -113 3
vertex 126 -127 3
endloop
endfacet
facet normal 0 0 1
outer loop
vertex 150 -127 3
vertex 150 -113 3
vertex 145 -113 3
endloop
endfacet
facet normal 0 0 1
outer loop
vertex 150 -127 3
vertex 145 -113 3
vertex 145 -127 3
endloop
endfacet
facet normal 0 0 1
outer loop
vertex 167.5 -127 3
vertex 167.5 -113 3
vertex 164 -113 3
endloop
endfacet
facet normal 0 0 1
outer loop
vertex 167.5 -127 3
vertex 164 -113 3
vertex 164 -127 3
endloop
endfacet
facet normal 0 0 1
outer loop
vertex 93 -113 3
vertex 107 -113 3
vertex 112 -113 3
endloop
endfacet
facet normal 0 0 1
outer loop
vertex 93 -113 3
vertex 112 -113 3
vertex 126 -113 3
endloop
endfacet
facet normal 0 0 1
outer loop
vertex 93 -113 3
vertex 126 -113 3
vertex 131 -113 3
endloop
endfacet
facet normal 0 0 1
outer loop
vertex 93 -113 3
vertex 131 -113 3
vertex 145 -113 3
endloop
endfacet
facet normal 0 0 1
outer loop
vertex 93 -113 3
vertex 145 -113 3
vertex 150 -113 3
endloop
endfacet
facet normal 0 0 1
outer loop
vertex 93 -113 3
vertex 150 -113 3
vertex 164 -113 3
endloop
endfacet
facet normal 0 0 1
outer loop
vertex 93 -113 3
vertex 164 -113 3
vertex 167.5 -113 3
endloop
endfacet
facet normal 0 0 1
outer loop
vertex 93 -113 3
vertex 167.5 -113 3
vertex 167.5 -108 3
endloop
endfacet
facet normal 0 0 1
outer loop
vertex 93 -113 3
vertex 167.5 -108 3
vertex 164 -108 3
endloop
endfacet
facet normal 0 0 1
outer loop
vertex 93 -113 3
vertex 164 -108 3
vertex 150 -108 3
endloop
endfacet
facet normal 0 0 1
outer loop
vertex 93 -113 3
vertex 150 -108 3
vertex 145 -108 3
endloop
endfacet
facet normal 0 0 1
outer loop
vertex 93 -113 3
vertex 145 -108 3
vertex 131 -108 3
endloop
endfacet
facet normal 0 0 1
outer loop
vertex 93 -113 3
vertex 131 -108 3
vertex 126 -108 3
endloop
endfacet
facet normal 0 0 1
outer loop
vertex 93 -113 3
vertex 126 -108 3
vertex 112 -108 3
endloop
endfacet
facet normal 0 0 1
outer loop
vertex 93 -113 3
vertex 112 -108 3
vertex 107 -108 3
endloop
endfacet
facet normal 0 0 1
outer loop
vertex 93 -113 3
vertex 107 -108 3
vertex 93 -108 3
endloop
endfacet
facet normal 0 0 1
outer loop
vertex 93 -113 3
vertex 93 -108 3
vertex 89.5 -108 3
endloop
endfacet
facet normal 0 0 1
outer loop
vertex 93 -113 3
vertex 89.5 -108 3
vertex 89.5 -113 3
endloop
endfacet
facet normal 0 0 1
outer loop
vertex 93 -108 3
vertex 93 -94 3
vertex 89.5 -94 3
endloop
endfacet
facet normal 0 0 1
outer loop
vertex 93 -108 3
vertex 89.5 -94 3
vertex 89.5 -108 3
endloop
endfacet
facet normal 0 0 1
outer loop
vertex 112 -108 3
vertex 112 -94 3
vertex 107 -94 3
endloop
endfacet
facet normal 0 0 1
outer loop
vertex 112 -108 3
vertex 107 -94 3
vertex 107 -108 3
endloop
endfacet
facet normal 0 0 1
outer loop
vertex 131 -108 3
vertex 131 -94 3
vertex 126 -94 3
endloop
endfacet
facet normal 0 0 1
outer loop
vertex 131 -108 3
vertex 126 -94 3
vertex 126 -108 3
endloop
endfacet
facet normal 0 0 1
outer loop
vertex 150 -108 3
vertex 150 -94 3
vertex 145 -94 3
endloop
endfacet
facet normal 0 0 1
outer loop
vertex 150 -108 3
vertex 145 -94 3
vertex 145 -108 3
endloop
endfacet
facet normal 0 0 1
outer loop
vertex 167.5 -108 3
vertex 167.5 -94 3
vertex 164 -94 3
endloop
endfacet
facet normal 0 0 1
outer loop
vertex 167.5 -108 3
vertex 164 -94 3
vertex 164 -108 3
endloop
endfacet
facet normal 0 0 1
outer loop
vertex 93 -94 3
vertex 107 -94 3
vertex 112 -94 3
endloop
endfacet
facet normal 0 0 1
outer loop
vertex 93 -94 3
vertex 112 -94 3
vertex 126 -94 3
endloop
endfacet
facet normal 0 0 1
outer loop
vertex 93 -94 3
vertex 126 -94 3
vertex 131 -94 3
endloop
endfacet
facet normal 0 0 1
outer loop
vertex 93 -94 3
vertex 131 -94 3
vertex 145 -94 3
endloop
endfacet
facet normal 0 0 1
outer loop
vertex 93 -94 3
vertex 145 -94 3
vertex 150 -94 3
endloop
endfacet
facet normal 0 0 1
outer loop
vertex 93 -94 3
vertex 150 -94 3
vertex 164 -94 3
endloop
endfacet
facet normal 0 0 1
outer loop
vertex 93 -94 3
vertex 164 -94 3
vertex 167.5 -94 3
endloop
endfacet
facet normal 0 0 1
outer loop
vertex 93 -94 3
vertex 167.5 -94 3
vertex 167.5 -92.99999999999999 3
endloop
endfacet
facet normal 0 0 1
outer loop
vertex 93 -94 3
vertex 167.5 -92.99999999999999 3
vertex 147.49999999999994 -92.99999999999999 3
endloop
endfacet
facet normal 0 0 1
outer loop
vertex 93 -94 3
vertex 147.49999999999994 -92.99999999999999 3
vertex 109.49999999999989 -92.99999999999999 3
endloop
endfacet
facet normal 0 0 1
outer loop
vertex 93 -94 3
vertex 109.49999999999989 -92.99999999999999 3
vertex 89.5 -92.99999999999999 3
endloop
endfacet
facet normal 0 0 1
outer loop
vertex 93 -94 3
vertex 89.5 -92.99999999999999 3
vertex 89.5 -94 3
endloop
endfacet
facet normal 0 0 1
outer loop
vertex 109.49999999999989 -92.99999999999999 3
vertex 109.20736451697569 -92.97117792060483 3
vertex 89.5 -92.97117792060483 3
endloop
endfacet
facet normal 0 0 1
outer loop
vertex 109.49999999999989 -92.99999999999999 3
vertex 89.5 -92.97117792060483 3
vertex 89.5 -92.99999999999999 3
endloop
endfacet
facet normal 0 0 1
outer loop
vertex 147.49999999999994 -92.99999999999999 3
vertex 147.20736451697576 -92.97117792060483 3
vertex 109.7926354830242 -92.97117792060483 3
endloop
endfacet
facet normal 0 0 1
outer loop
vertex 147.49999999999994 -92.99999999999999 3
vertex 109.7926354830242 -92.97117792060483 3
vertex 109.49999999999989 -92.99999999999999 3
endloop
endfacet
facet normal 0 0 1
outer loop
vertex 167.5 -92.99999999999999 3
vertex 167.5 -92.97117792060483 3
vertex 147.7926354830242 -92.97117792060483 3
endloop
endfacet
facet normal 0 0 1
outer loop
vertex 167.5 -92.99999999999999 3
vertex 147.7926354830242 -92.97117792060483 3
vertex 147.49999999999994 -92.99999999999999 3
endloop
endfacet
facet normal 0 0 1
outer loop
vertex 109.20736451697569 -92.97117792060483 3
vertex 108.92597485145237 -92.88581929876693 3
vertex 89.5 -92.88581929876693 3
endloop
endfacet
facet normal 0 0 1
outer loop
vertex 109.20736451697569 -92.97117792060483 3
vertex 89.5 -92.88581929876693 3
vertex 89.5 -92.97117792060483 3
endloop
endfacet
facet normal 0 0 1
outer loop
vertex 147.20736451697576 -92.97117792060483 3
vertex 146.92597485145234 -92.88581929876693 3
vertex 110.07402514854759 -92.88581929876693 3
endloop
endfacet
facet normal 0 0 1
outer loop
vertex 147.20736451697576 -92.97117792060483 3
vertex 110.07402514854759 -92.88581929876693 3
vertex 109.7926354830242 -92.97117792060483 3
endloop
endfacet
facet normal 0 0 1
outer loop
vertex 167.5 -92.97117792060483 3
vertex 167.5 -92.88581929876693 3
vertex 148.0740251485476 -92.88581929876693 3
endloop
endfacet
facet normal 0 0 1
outer loop
vertex 167.5 -92.97117792060483 3
vertex 148.0740251485476 -92.88581929876693 3
vertex 147.7926354830242 -92.97117792060483 3
endloop
endfacet
facet normal 0 0 1
outer loop
vertex 108.92597485145237 -92.88581929876693 3
vertex 108.66664465047056 -92.74720441845388 3
vertex 89.5 -92.74720441845388 3
endloop
endfacet
facet normal 0 0 1
outer loop
vertex 108.92597485145237 -92.88581929876693 3
vertex 89.5 -92.74720441845388 3
vertex 89.5 -92.88581929876693 3
endloop
endfacet
facet normal 0 0 1
outer loop
vertex 146.92597485145234 -92.88581929876693 3
vertex 146.6666446504707 -92.74720441845388 3
vertex 110.3333553495293 -92.74720441845388 3
endloop
endfacet
facet normal 0 0 1
outer loop
vertex 146.92597485145234 -92.88581929876693 3
vertex 110.3333553495293 -92.74720441845388 3
vertex 110.07402514854759 -92.88581929876693 3
endloop
endfacet
facet normal 0 0 1
outer loop
vertex 167.5 -92.88581929876693 3
vertex 167.5 -92.74720441845388 3
vertex 148.33335534952937 -92.74720441845388 3
endloop
endfacet
facet normal 0 0 1
outer loop
vertex 167.5 -92.88581929876693 3
vertex 148.33335534952937 -92.74720441845388 3
vertex 148.0740251485476 -92.88581929876693 3
endloop
endfacet
facet normal 0 0 1
outer loop
vertex 108.66664465047056 -92.74720441845388 3
vertex 108.43933982822023 -92.5606601717798 3
vertex 89.5 -92.5606601717798 3
endloop
endfacet
facet normal 0 0 1
outer loop
vertex 108.66664465047056 -92.74720441845388 3
vertex 89.5 -92.5606601717798 3
vertex 89.5 -92.74720441845388 3
endloop
endfacet
facet normal 0 0 1
outer loop
vertex 146.6666446504707 -92.74720441845388 3
vertex 146.43933982822017 -92.5606601717798 3
vertex 110.56066017177983 -92.5606601717798 3
endloop
endfacet
facet normal 0 0 1
outer loop
vertex 146.6666446504707 -92.74720441845388 3
vertex 110.56066017177983 -92.5606601717798 3
vertex 110.3333553495293 -92.74720441845388 3
endloop
endfacet
facet normal 0 0 1
outer loop
vertex 167.5 -92.74720441845388 3
vertex 167.5 -92.5606601717798 3
vertex 148.56066017177986 -92.5606601717798 3
endloop
endfacet
facet normal 0 0 1
outer loop
vertex 167.5 -92.74720441845388 3
vertex 148.56066017177986 -92.5606601717798 3
vertex 148.33335534952937 -92.74720441845388 3
endloop
endfacet
facet normal 0 0 1
outer loop
vertex 108.43933982822023 -92.5606601717798 3
vertex 108.2527955815462 -92.33335534952936 3
vertex 89.5 -92.33335534952936 3
endloop
endfacet
facet normal 0 0 1
outer loop
vertex 108.43933982822023 -92.5606601717798 3
vertex 89.5 -92.33335534952936 3
vertex 89.5 -92.5606601717798 3
endloop
endfacet
facet normal 0 0 1
outer loop
vertex 146.43933982822017 -92.5606601717798 3
vertex 146.25279558154617 -92.33335534952936 3
vertex 110.74720441845383 -92.33335534952936 3
endloop
endfacet
facet normal 0 0 1
outer loop
vertex 146.43933982822017 -92.5606601717798 3
vertex 110.74720441845383 -92.33335534952936 3
vertex 110.56066017177983 -92.5606601717798 3
endloop
endfacet
facet normal 0 0 1
outer loop
vertex 167.5 -92.5606601717798 3
vertex 167.5 -92.33335534952936 3
vertex 148.7472044184538 -92.33335534952936 3
endloop
endfacet
facet normal 0 0 1
outer loop
vertex 167.5 -92.5606601717798 3
vertex 148.7472044184538 -92.33335534952936 3
vertex 148.56066017177986 -92.5606601717798 3
endloop
endfacet
facet normal 0 0 1
outer loop
vertex 108.2527955815462 -92.33335534952936 3
vertex 108.11418070123307 -92.07402514854772 3
vertex 89.5 -92.07402514854772 3
endloop
endfacet
facet normal 0 0 1
outer loop
vertex 108.2527955815462 -92.33335534952936 3
vertex 89.5 -92.07402514854772 3
vertex 89.5 -92.33335534952936 3
endloop
endfacet
facet normal 0 0 1
outer loop
vertex 146.25279558154617 -92.33335534952936 3
vertex 146.1141807012331 -92.07402514854772 3
vertex 110.88581929876686 -92.07402514854772 3
endloop
endfacet
facet normal 0 0 1
outer loop
vertex 146.25279558154617 -92.33335534952936 3
vertex 110.88581929876686 -92.07402514854772 3
vertex 110.74720441845383 -92.33335534952936 3
endloop
endfacet
facet normal 0 0 1
outer loop
vertex 167.5 -92.33335534952936 3
vertex 167.5 -92.07402514854772 3
vertex 148.88581929876688 -92.07402514854772 3
endloop
endfacet
facet normal 0 0 1
outer loop
vertex 167.5 -92.33335534952936 3
vertex 148.88581929876688 -92.07402514854772 3
vertex 148.7472044184538 -92.33335534952936 3
endloop
endfacet
facet normal 0 0 1
outer loop
vertex 108.11418070123307 -92.07402514854772 3
vertex 108.02882207939516 -91.79263548302421 3
vertex 89.5 -91.79263548302421 3
endloop
endfacet
facet normal 0 0 1
outer loop
vertex 108.11418070123307 -92.07402514854772 3
vertex 89.5 -91.79263548302421 3
vertex 89.5 -92.07402514854772 3
endloop
endfacet
facet normal 0 0 1
outer loop
vertex 146.1141807012331 -92.07402514854772 3
vertex 146.02882207939516 -91.79263548302421 3
vertex 110.97117792060484 -91.79263548302421 3
endloop
endfacet
facet normal 0 0 1
outer loop
vertex 146.1141807012331 -92.07402514854772 3
vertex 110.97117792060484 -91.79263548302421 3
vertex 110.88581929876686 -92.07402514854772 3
endloop
endfacet
facet normal 0 0 1
outer loop
vertex 167.5 -92.07402514854772 3
vertex 167.5 -91.79263548302421 3
vertex 148.97117792060487 -91.79263548302421 3
endloop
endfacet
facet normal 0 0 1
outer loop
vertex 167.5 -92.07402514854772 3
vertex 148.97117792060487 -91.79263548302421 3
vertex 148.88581929876688 -92.07402514854772 3
endloop
endfacet
facet normal 0 0 1
outer loop
vertex 108.02882207939516 -91.79263548302421 3
vertex 108 -91.50000000000009 3
vertex 89.5 -91.50000000000009 3
endloop
endfacet
facet normal 0 0 1
outer loop
vertex 108.02882207939516 -91.79263548302421 3
vertex 89.5 -91.50000000000009 3
vertex 89.5 -91.79263548302421 3
endloop
endfacet
facet normal 0 0 1
outer loop
vertex 146.02882207939516 -91.79263548302421 3
vertex 146 -91.50000000000009 3
vertex 110.99999999999999 -91.50000000000009 3
endloop
endfacet
facet normal 0 0 1
outer loop
vertex 146.02882207939516 -91.79263548302421 3
vertex 110.99999999999999 -91.50000000000009 3
vertex 110.97117792060484 -91.79263548302421 3
endloop
endfacet
facet normal 0 0 1
outer loop
vertex 167.5 -91.79263548302421 3
vertex 167.5 -91.50000000000009 3
vertex 149 -91.50000000000009 3
endloop
endfacet
facet normal 0 0 1
outer loop
vertex 167.5 -91.79263548302421 3
vertex 149 -91.50000000000009 3
vertex 148.97117792060487 -91.79263548302421 3
endloop
endfacet
facet normal 0 0 1
outer loop
vertex 108 -91.50000000000009 3
vertex 108.02882207939517 -91.20736451697566 3
vertex 89.5 -91.20736451697566 3
endloop
endfacet
facet normal 0 0 1
outer loop
vertex 108 -91.50000000000009 3
vertex 89.5 -91.20736451697566 3
vertex 89.5 -91.50000000000009 3
endloop
endfacet
facet normal 0 0 1
outer loop
vertex 146 -91.50000000000009 3
vertex 146.02882207939516 -91.20736451697566 3
vertex 110.97117792060482 -91.20736451697566 3
endloop
endfacet
facet normal 0 0 1
outer loop
vertex 146 -91.50000000000009 3
vertex 110.97117792060482 -91.20736451697566 3
vertex 110.99999999999999 -91.50000000000009 3
endloop
endfacet
facet normal 0 0 1
outer loop
vertex 167.5 -91.50000000000009 3
vertex 167.5 -91.20736451697566 3
vertex 148.97117792060482 -91.20736451697566 3
endloop
endfacet
facet normal 0 0 1
outer loop
vertex 167.5 -91.50000000000009 3
vertex 148.97117792060482 -91.20736451697566 3
vertex 149 -91.50000000000009 3
endloop
endfacet
facet normal 0 0 1
outer loop
vertex 108.02882207939517 -91.20736451697566 3
vertex 108.11418070123304 -90.92597485145235 3
vertex 89.5 -90.92597485145235 3
endloop
endfacet
facet normal 0 0 1
outer loop
vertex 108.02882207939517 -91.20736451697566 3
vertex 89.5 -90.92597485145235 3
vertex 89.5 -91.20736451697566 3
endloop
endfacet
facet normal 0 0 1
outer loop
vertex 146.02882207939516 -91.20736451697566 3
vertex 146.114180701233 -90.92597485145235 3
vertex 110.88581929876696 -90.92597485145235 3
endloop
endfacet
facet normal 0 0 1
outer loop
vertex 146.02882207939516 -91.20736451697566 3
vertex 110.88581929876696 -90.92597485145235 3
vertex 110.97117792060482 -91.20736451697566 3
endloop
endfacet
facet normal 0 0 1
outer loop
vertex 167.5 -91.20736451697566 3
vertex 167.5 -90.92597485145235 3
vertex 148.88581929876693 -90.92597485145235 3
endloop
endfacet
facet normal 0 0 1
outer loop
vertex 167.5 -91.20736451697566 3
vertex 148.88581929876693 -90.92597485145235 3
vertex 148.97117792060482 -91.20736451697566 3
endloop
endfacet
facet normal 0 0 1
outer loop
vertex 108.11418070123304 -90.92597485145235 3
vertex 108.25279558154617 -90.66664465047062 3
vertex 89.5 -90.66664465047062 3
endloop
endfacet
facet normal 0 0 1
outer loop
vertex 108.11418070123304 -90.92597485145235 3
vertex 89.5 -90.66664465047062 3
vertex 89.5 -90.92597485145235 3
endloop
endfacet
facet normal 0 0 1
outer loop
vertex 146.114180701233 -90.92597485145235 3
vertex 146.25279558154622 -90.66664465047062 3
vertex 110.74720441845385 -90.66664465047062 3
endloop
endfacet
facet normal 0 0 1
outer loop
vertex 146.114180701233 -90.92597485145235 3
vertex 110.74720441845385 -90.66664465047062 3
vertex 110.88581929876696 -90.92597485145235 3
endloop
endfacet
facet normal 0 0 1
outer loop
vertex 167.5 -90.92597485145235 3
vertex 167.5 -90.66664465047062 3
vertex 148.74720441845383 -90.66664465047062 3
endloop
endfacet
facet normal 0 0 1
outer loop
vertex 167.5 -90.92597485145235 3
vertex 148.74720441845383 -90.66664465047062 3
vertex 148.88581929876693 -90.92597485145235 3
endloop
endfacet
facet normal 0 0 1
outer loop
vertex 108.25279558154617 -90.66664465047062 3
vertex 108.43933982822016 -90.4393398282202 3
vertex 89.5 -90.4393398282202 3
endloop
endfacet
facet normal 0 0 1
outer loop
vertex 108.25279558154617 -90.66664465047062 3
vertex 89.5 -90.4393398282202 3
vertex 89.5 -90.66664465047062 3
endloop
endfacet
facet normal 0 0 1
outer loop
vertex 146.25279558154622 -90.66664465047062 3
vertex 146.43933982822017 -90.4393398282202 3
vertex 110.56066017177982 -90.4393398282202 3
endloop
endfacet
facet normal 0 0 1
outer loop
vertex 146.25279558154622 -90.66664465047062 3
vertex 110.56066017177982 -90.4393398282202 3
vertex 110.74720441845385 -90.66664465047062 3
endloop
endfacet
facet normal 0 0 1
outer loop
vertex 167.5 -90.66664465047062 3
vertex 167.5 -90.4393398282202 3
vertex 148.56066017177986 -90.4393398282202 3
endloop
endfacet
facet normal 0 0 1
outer loop
vertex 167.5 -90.66664465047062 3
vertex 148.56066017177986 -90.4393398282202 3
vertex 148.74720441845383 -90.66664465047062 3
endloop
endfacet
facet normal 0 0 1
outer loop
vertex 108.43933982822016 -90.4393398282202 3
vertex 108.66664465047073 -90.25279558154621 3
vertex 89.5 -90.25279558154621 3
endloop
endfacet
facet normal 0 0 1
outer loop
vertex 108.43933982822016 -90.4393398282202 3
vertex 89.5 -90.25279558154621 3
vertex 89.5 -90.4393398282202 3
endloop
endfacet
facet normal 0 0 1
outer loop
vertex 146.43933982822017 -90.4393398282202 3
vertex 146.6666446504708 -90.25279558154621 3
vertex 110.33335534952936 -90.25279558154621 3
endloop
endfacet
facet normal 0 0 1
outer loop
vertex 146.43933982822017 -90.4393398282202 3
vertex 110.33335534952936 -90.25279558154621 3
vertex 110.56066017177982 -90.4393398282202 3
endloop
endfacet
facet normal 0 0 1
outer loop
vertex 167.5 -90.4393398282202 3
vertex 167.5 -90.25279558154621 3
vertex 148.33335534952946 -90.25279558154621 3
endloop
endfacet
facet normal 0 0 1
outer loop
vertex 167.5 -90.4393398282202 3
vertex 148.33335534952946 -90.25279558154621 3
vertex 148.56066017177986 -90.4393398282202 3
endloop
endfacet
facet normal 0 0 1
outer loop
vertex 108.66664465047073 -90.25279558154621 3
vertex 108.92597485145225 -90.11418070123305 3
vertex 89.5 -90.11418070123305 3
endloop
endfacet
facet normal 0 0 1
outer loop
vertex 108.66664465047073 -90.25279558154621 3
vertex 89.5 -90.11418070123305 3
vertex 89.5 -90.25279558154621 3
endloop
endfacet
facet normal 0 0 1
outer loop
vertex 146.6666446504708 -90.25279558154621 3
vertex 146.92597485145225 -90.11418070123305 3
vertex 110.07402514854762 -90.11418070123305 3
endloop
endfacet
facet normal 0 0 1
outer loop
vertex 146.6666446504708 -90.25279558154621 3
vertex 110.07402514854762 -90.11418070123305 3
vertex 110.33335534952936 -90.25279558154621 3
endloop
endfacet
facet normal 0 0 1
outer loop
vertex 167.5 -90.25279558154621 3
vertex 167.5 -90.11418070123305 3
vertex 148.0740251485476 -90.11418070123305 3
endloop
endfacet
facet normal 0 0 1
outer loop
vertex 167.5 -90.25279558154621 3
vertex 148.0740251485476 -90.11418070123305 3
vertex 148.33335534952946 -90.25279558154621 3
endloop
endfacet
facet normal 0 0 1
outer loop
vertex 108.92597485145225 -90.11418070123305 3
vertex 109.20736451697576 -90.02882207939516 3
vertex 89.5 -90.02882207939516 3
endloop
endfacet
facet normal 0 0 1
outer loop
vertex 108.92597485145225 -90.11418070123305 3
vertex 89.5 -90.02882207939516 3
vertex 89.5 -90.11418070123305 3
endloop
endfacet
facet normal 0 0 1
outer loop
vertex 146.92597485145225 -90.11418070123305 3
vertex 147.20736451697573 -90.02882207939516 3
vertex 109.79263548302424 -90.02882207939516 3
endloop
endfacet
facet normal 0 0 1
outer loop
vertex 146.92597485145225 -90.11418070123305 3
vertex 109.79263548302424 -90.02882207939516 3
vertex 110.07402514854762 -90.11418070123305 3
endloop
endfacet
facet normal 0 0 1
outer loop
vertex 167.5 -90.11418070123305 3
vertex 167.5 -90.02882207939516 3
vertex 147.7926354830242 -90.02882207939516 3
endloop
endfacet
facet normal 0 0 1
outer loop
vertex 167.5 -90.11418070123305 3
vertex 147.7926354830242 -90.02882207939516 3
vertex 148.0740251485476 -90.11418070123305 3
endloop
endfacet
facet normal 0 0 1
outer loop
vertex 109.20736451697576 -90.02882207939516 3
vertex 109.50000000000006 -90 3
vertex 89.5 -90 3
endloop
endfacet
facet normal 0 0 1
outer loop
vertex 109.20736451697576 -90.02882207939516 3
vertex 89.5 -90 3
vertex 89.5 -90.02882207939516 3
endloop
endfacet
facet normal 0 0 1
outer loop
vertex 147.20736451697573 -90.02882207939516 3
vertex 147.50000000000006 -90 3
vertex 109.50000000000006 -90 3
endloop
endfacet
facet normal 0 0 1
outer loop
vertex 147.20736451697573 -90.02882207939516 3
vertex 109.50000000000006 -90 3
vertex 109.79263548302424 -90.02882207939516 3
endloop
endfacet
facet normal 0 0 1
outer loop
vertex 167.5 -90.02882207939516 3
vertex 167.5 -90 3
vertex 147.50000000000006 -90 3
endloop
endfacet
facet normal 0 0 1
outer loop
vertex 167.5 -90.02882207939516 3
vertex 147.50000000000006 -90 3
vertex 147.7926354830242 -90.02882207939516 3
endloop
endfacet
facet normal 0 0 1
outer loop
vertex 109.50000000000006 -90 3
vertex 147.50000000000006 -90 3
vertex 167.5 -90 3
endloop
endfacet
facet normal 0 0 1
outer loop
vertex 109.50000000000006 -90 3
vertex 167.5 -90 3
vertex 167.5 -89 3
endloop
endfacet
facet normal 0 0 1
outer loop
vertex 109.50000000000006 -90 3
vertex 167.5 -89 3
vertex 164 -89 3
endloop
endfacet
facet normal 0 0 1
outer loop
vertex 109.50000000000006 -90 3
vertex 164 -89 3
vertex 150 -89 3
endloop
endfacet
facet normal 0 0 1
outer loop
vertex 109.50000000000006 -90 3
vertex 150 -89 3
vertex 145 -89 3
endloop
endfacet
facet normal 0 0 1
outer loop
vertex 109.50000000000006 -90 3
vertex 145 -89 3
vertex 131 -89 3
endloop
endfacet
facet normal 0 0 1
outer loop
vertex 109.50000000000006 -90 3
vertex 131 -89 3
vertex 126 -89 3
endloop
endfacet
facet normal 0 0 1
outer loop
vertex 109.50000000000006 -90 3
vertex 126 -89 3
vertex 112 -89 3
endloop
endfacet
facet normal 0 0 1
outer loop
vertex 109.50000000000006 -90 3
vertex 112 -89 3
vertex 107 -89 3
endloop
endfacet
facet normal 0 0 1
outer loop
vertex 109.50000000000006 -90 3
vertex 107 -89 3
vertex 93 -89 3
endloop
endfacet
facet normal 0 0 1
outer loop
vertex 109.50000000000006 -90 3
vertex 93 -89 3
vertex 89.5 -89 3
endloop
endfacet
facet normal 0 0 1
outer loop
vertex 109.50000000000006 -90 3
vertex 89.5 -89 3
vertex 89.5 -90 3
endloop
endfacet
facet normal 0 0 1
outer loop
vertex 93 -89 3
vertex 93 -75 3
vertex 89.5 -75 3
endloop
endfacet
facet normal 0 0 1
outer loop
vertex 93 -89 3
vertex 89.5 -75 3
vertex 89.5 -89 3
endloop
endfacet
facet normal 0 0 1
outer loop
vertex 112 -89 3
vertex 112 -75 3
vertex 107 -75 3
endloop
endfacet
facet normal 0 0 1
outer loop
vertex 112 -89 3
vertex 107 -75 3
vertex 107 -89 3
endloop
endfacet
facet normal 0 0 1
outer loop
vertex 131 -89 3
vertex 131 -75 3
vertex 126 -75 3
endloop
endfacet
facet normal 0 0 1
outer loop
vertex 131 -89 3
vertex 126 -75 3
vertex 126 -89 3
endloop
endfacet
facet normal 0 0 1
outer loop
vertex 150 -89 3
vertex 150 -75 3
vertex 145 -75 3
endloop
endfacet
facet normal 0 0 1
outer loop
vertex 150 -89 3
vertex 145 -75 3
vertex 145 -89 3
endloop
endfacet
facet normal 0 0 1
outer loop
vertex 167.5 -89 3
vertex 167.5 -75 3
vertex 164 -75 3
endloop
endfacet
facet normal 0 0 1
outer loop
vertex 167.5 -89 3
vertex 164 -75 3
vertex 164 -89 3
endloop
endfacet
facet normal 0 0 1
outer loop
vertex 93 -75 3
vertex 107 -75 3
vertex 112 -75 3
endloop
endfacet
facet normal 0 0 1
outer loop
vertex 93 -75 3
vertex 112 -75 3
vertex 126 -75 3
endloop
endfacet
facet normal 0 0 1
outer loop
vertex 93 -75 3
vertex 126 -75 3
vertex 131 -75 3
endloop
endfacet
facet normal 0 0 1
outer loop
vertex 93 -75 3
vertex 131 -75 3
vertex 145 -75 3
endloop
endfacet
facet normal 0 0 1
outer loop
vertex 93 -75 3
vertex 145 -75 3
vertex 150 -75 3
endloop
endfacet
facet normal 0 0 1
outer loop
vertex 93 -75 3
vertex 150 -75 3
vertex 164 -75 3
endloop
endfacet
facet normal 0 0 1
outer loop
vertex 93 -75 3
vertex 164 -75 3
vertex 167.5 -75 3
endloop
endfacet
facet normal 0 0 1
outer loop
vertex 93 -75 3
vertex 167.5 -75 3
vertex 167.5 -73.50000000000007 3
endloop
endfacet
facet normal 0 0 1
outer loop
vertex 93 -75 3
vertex 167.5 -73.50000000000007 3
vertex 167.4696155060244 -73.15270364466613 3
endloop
endfacet
facet normal 0 0 1
outer loop
vertex 93 -75 3
vertex 167.4696155060244 -73.15270364466613 3
vertex 167.3793852415718 -72.81595971334868 3
endloop
endfacet
facet normal 0 0 1
outer loop
vertex 93 -75 3
vertex 167.3793852415718 -72.81595971334868 3
vertex 167.23205080756884 -72.49999999999997 3
endloop
endfacet
facet normal 0 0 1
outer loop
vertex 93 -75 3
vertex 167.23205080756884 -72.49999999999997 3
vertex 167.03208888623794 -72.21442478062694 3
endloop
endfacet
facet normal 0 0 1
outer loop
vertex 93 -75 3
vertex 167.03208888623794 -72.21442478062694 3
vertex 166.78557521937304 -71.96791111376203 3
endloop
endfacet
facet normal 0 0 1
outer loop
vertex 93 -75 3
vertex 166.78557521937304 -71.96791111376203 3
vertex 166.49999999999991 -71.76794919243108 3
endloop
endfacet
facet normal 0 0 1
outer loop
vertex 93 -75 3
vertex 166.49999999999991 -71.76794919243108 3
vertex 166.18404028665137 -71.62061475842819 3
endloop
endfacet
facet normal 0 0 1
outer loop
vertex 93 -75 3
vertex 166.18404028665137 -71.62061475842819 3
vertex 165.84729635533392 -71.5303844939756 3
endloop
endfacet
facet normal 0 0 1
outer loop
vertex 93 -75 3
vertex 165.84729635533392 -71.5303844939756 3
vertex 165.4999999999999 -71.5 3
endloop
endfacet
facet normal 0 0 1
outer loop
vertex 93 -75 3
vertex 165.4999999999999 -71.5 3
vertex 91.5000000000001 -71.5 3
endloop
endfacet
facet normal 0 0 1
outer loop
vertex 93 -75 3
vertex 91.5000000000001 -71.5 3
vertex 91.15270364466609 -71.5303844939756 3
endloop
endfacet
facet normal 0 0 1
outer loop
vertex 93 -75 3
vertex 91.15270364466609 -71.5303844939756 3
vertex 90.81595971334863 -71.62061475842819 3
endloop
endfacet
facet normal 0 0 1
outer loop
vertex 93 -75 3
vertex 90.81595971334863 -71.62061475842819 3
vertex 90.50000000000003 -71.76794919243108 3
endloop
endfacet
facet normal 0 0 1
outer loop
vertex 93 -75 3
vertex 90.50000000000003 -71.76794919243108 3
vertex 90.21442478062698 -71.96791111376203 3
endloop
endfacet
facet normal 0 0 1
outer loop
vertex 93 -75 3
vertex 90.21442478062698 -71.96791111376203 3
vertex 89.96791111376204 -72.21442478062694 3
endloop
endfacet
facet normal 0 0 1
outer loop
vertex 93 -75 3
vertex 89.96791111376204 -72.21442478062694 3
vertex 89.76794919243109 -72.49999999999997 3
endloop
endfacet
facet normal 0 0 1
outer loop
vertex 93 -75 3
vertex 89.76794919243109 -72.49999999999997 3
vertex 89.62061475842818 -72.81595971334868 3
endloop
endfacet
facet normal 0 0 1
outer loop
vertex 93 -75 3
vertex 89.62061475842818 -72.81595971334868 3
vertex 89.53038449397559 -73.15270364466613 3
endloop
endfacet
facet normal 0 0 1
outer loop
vertex 93 -75 3
vertex 89.53038449397559 -73.15270364466613 3
vertex 89.5 -73.50000000000007 3
endloop
endfacet
facet normal 0 0 1
outer loop
vertex 93 -75 3
vertex 89.5 -73.50000000000007 3
vertex 89.5 -75 3
endloop
endfacet
facet normal -0.9972041161132561 -0.07472583761176567 0
outer loop
vertex 89.52233717320824 -128.79808133356053 3
vertex 89.5 -128.49999540000002 3
vertex 89.5 -128.49999540000002 0
endloop
endfacet
facet normal -0.9972041161132561 -0.07472583761176567 0
outer loop
vertex 89.52233717320824 -128.79808133356053 3
vertex 89.5 -128.49999540000002 0
vertex 89.52233717320824 -128.79808133356053 0
endloop
endfacet
facet normal -0.9749287157663924 -0.22251741319297486 0
outer loop
vertex 89.58885245305247 -129.0895086669402 3
vertex 89.52233717320824 -128.79808133356053 3
vertex 89.52233717320824 -128.79808133356053 0
endloop
endfacet
facet normal -0.9749287157663924 -0.22251741319297486 0
outer loop
vertex 89.58885245305247 -129.0895086669402 3
vertex 89.52233717320824 -128.79808133356053 0
vertex 89.58885245305247 -129.08950866694022 0
endloop
endfacet
facet normal -0.9308748281139037 -0.3653382739105097 0
outer loop
vertex 89.69805998507564 -129.36776733804157 3
vertex 89.58885245305247 -129.0895086669402 3
vertex 89.58885245305247 -129.08950866694022 0
endloop
endfacet
facet normal -0.9308748281139037 -0.3653382739105097 0
outer loop
vertex 89.69805998507564 -129.36776733804157 3
vertex 89.58885245305247 -129.08950866694022 0
vertex 89.69805998507563 -129.36776733804157 0
endloop
endfacet
facet normal -0.8660265528314648 -0.49999800978688924 0
outer loop
vertex 89.84752023209771 -129.6266414534986 3
vertex 89.69805998507564 -129.36776733804157 3
vertex 89.69805998507563 -129.36776733804157 0
endloop
endfacet
facet normal -0.8660265528314648 -0.49999800978688924 0
outer loop
vertex 89.84752023209771 -129.6266414534986 3
vertex 89.69805998507563 -129.36776733804157 0
vertex 89.84752023209766 -129.62664145349854 0
endloop
endfacet
facet normal -0.7818325059227067 -0.6234885184850006 0
outer loop
vertex 90.03389446992303 -129.86034814268106 3
vertex 89.84752023209771 -129.6266414534986 3
vertex 89.84752023209766 -129.62664145349854 0
endloop
endfacet
facet normal -0.7818325059227067 -0.6234885184850006 0
outer loop
vertex 90.03389446992303 -129.86034814268106 3
vertex 89.84752023209766 -129.62664145349854 0
vertex 90.03389446992298 -129.860348142681 0
endloop
endfacet
facet normal -0.6801734597478355 -0.7330512019324841 0
outer loop
vertex 90.25301936957477 -130.0636667385992 3
vertex 90.03389446992303 -129.86034814268106 3
vertex 90.03389446992298 -129.860348142681 0
endloop
endfacet
facet normal -0.6801734597478355 -0.7330512019324841 0
outer loop
vertex 90.25301936957477 -130.0636667385992 3
vertex 90.03389446992298 -129.860348142681 0
vertex 90.25301936957477 -130.06366673859918 0
endloop
endfacet
facet normal -0.5633098238021134 -0.8262457518244993 0
outer loop
vertex 90.49999149273602 -130.232045 3
vertex 90.25301936957477 -130.0636667385992 3
vertex 90.25301936957477 -130.06366673859918 0
endloop
endfacet
facet normal -0.5633098238021134 -0.8262457518244993 0
outer loop
vertex 90.49999149273602 -130.232045 3
vertex 90.25301936957477 -130.06366673859918 0
vertex 90.49999149273606 -130.232045 0
endloop
endfacet
facet normal -0.5633098242057344 -0.8262457515493224 -8.005113901448194e-15
outer loop
vertex 90.5 -130.23205080000002 3
vertex 90.49999149273602 -130.232045 3
vertex 90.49999149273606 -130.232045 0
endloop
endfacet
facet normal -0.5633098242057344 -0.8262457515493224 -8.005113901448194e-15
outer loop
vertex 90.5 -130.23205080000002 3
vertex 90.49999149273606 -130.232045 0
vertex 90.5 -133.5179492 0
endloop
endfacet
facet normal -0.5633098242057344 -0.8262457515493224 -8.005113901448194e-15
outer loop
vertex 90.5 -130.23205080000002 3
vertex 90.5 -133.5179492 0
vertex 90.5 -133.51795499999997 3
endloop
endfacet
facet normal -0.5633197391347252 0.8262389917579449 0
outer loop
vertex 90.25302160337795 -133.6863418800007 3
vertex 90.5 -133.51795499999997 3
vertex 90.5 -133.5179492 0
endloop
endfacet
facet normal -0.5633197391347252 0.8262389917579449 0
outer loop
vertex 90.25302160337795 -133.6863418800007 3
vertex 90.5 -133.5179492 0
vertex 90.25302160337793 -133.6863418800007 0
endloop
endfacet
facet normal -0.6801718889192617 0.7330526594481488 0
outer loop
vertex 90.03389835662215 -133.8896580684505 3
vertex 90.25302160337795 -133.6863418800007 3
vertex 90.25302160337793 -133.6863418800007 0
endloop
endfacet
facet normal -0.6801718889192617 0.7330526594481488 0
outer loop
vertex 90.03389835662215 -133.8896580684505 3
vertex 90.25302160337793 -133.6863418800007 0
vertex 90.0338983566222 -133.88965806845047 0
endloop
endfacet
facet normal -0.7818302791705929 0.6234913107430069 0
outer loop
vertex 89.8475250605527 -134.12336186445413 3
vertex 90.03389835662215 -133.8896580684505 3
vertex 90.0338983566222 -133.88965806845047 0
endloop
endfacet
facet normal -0.7818302791705929 0.6234913107430069 0
outer loop
vertex 89.8475250605527 -134.12336186445413 3
vertex 90.0338983566222 -133.88965806845047 0
vertex 89.84752506055261 -134.12336186445427 0
endloop
endfacet
facet normal -0.8660240528288484 0.5000023399164207 0
outer loop
vertex 89.69806494374409 -134.3822327651713 3
vertex 89.8475250605527 -134.12336186445413 3
vertex 89.84752506055261 -134.12336186445427 0
endloop
endfacet
facet normal -0.8660240528288484 0.5000023399164207 0
outer loop
vertex 89.69806494374409 -134.3822327651713 3
vertex 89.84752506055261 -134.12336186445427 0
vertex 89.69806494374399 -134.3822327651715 0
endloop
endfacet
facet normal -0.9308724794903056 0.3653442581012745 0
outer loop
vertex 89.58885666383829 -134.6604880820199 3
vertex 89.69806494374409 -134.3822327651713 3
vertex 89.69806494374399 -134.3822327651715 0
endloop
endfacet
facet normal -0.9308724794903056 0.3653442581012745 0
outer loop
vertex 89.58885666383829 -134.6604880820199 3
vertex 89.69806494374399 -134.3822327651715 0
vertex 89.58885666383834 -134.6604880820197 0
endloop
endfacet
facet normal -0.9749269673845713 0.22252507334303548 0
outer loop
vertex 89.52233972821712 -134.95191211505409 3
vertex 89.58885666383829 -134.6604880820199 3
vertex 89.58885666383834 -134.6604880820197 0
endloop
endfacet
facet normal -0.9749269673845713 0.22252507334303548 0
outer loop
vertex 89.52233972821712 -134.95191211505409 3
vertex 89.58885666383834 -134.6604880820197 0
vertex 89.52233972821709 -134.9519121150542 0
endloop
endfacet
facet normal -0.9972035156105707 0.07473385079011051 0
outer loop
vertex 89.5 -135.2500000000001 3
vertex 89.52233972821712 -134.95191211505409 3
vertex 89.52233972821709 -134.9519121150542 0
endloop
endfacet
facet normal -0.9972035156105707 0.07473385079011051 0
outer loop
vertex 89.5 -135.2500000000001 3
vertex 89.52233972821709 -134.9519121150542 0
vertex 89.5 -135.24999999999983 0
endloop
endfacet
facet normal -1 0 0
outer loop
vertex 89.5 -152.1893398282202 3
vertex 89.5 -152.00279558154622 3
vertex 89.5 -151.86418070123304 3
endloop
endfacet
facet normal -1 0 0
outer loop
vertex 89.5 -152.1893398282202 3
vertex 89.5 -151.86418070123304 3
vertex 89.5 -151.77882207939518 3
endloop
endfacet
facet normal -1 0 0
outer loop
vertex 89.5 -152.1893398282202 3
vertex 89.5 -151.77882207939518 3
vertex 89.5 -151.75 3
endloop
endfacet
facet normal -1 0 0
outer loop
vertex 89.5 -152.1893398282202 3
vertex 89.5 -151.75 3
vertex 89.5 -150 3
endloop
endfacet
facet normal -1 0 0
outer loop
vertex 89.5 -152.1893398282202 3
vertex 89.5 -150 3
vertex 89.5 -137.5 3
endloop
endfacet
facet normal -1 0 0
outer loop
vertex 89.5 -152.1893398282202 3
vertex 89.5 -137.5 3
vertex 89.5 -135.2500000000001 3
endloop
endfacet
facet normal -1 0 0
outer loop
vertex 89.5 -152.1893398282202 3
vertex 89.5 -135.2500000000001 3
vertex 89.5 -135.24999999999983 0
endloop
endfacet
facet normal -1 0 0
outer loop
vertex 89.5 -152.1893398282202 3
vertex 89.5 -135.24999999999983 0
vertex 89.5 -137.5 0
endloop
endfacet
facet normal -1 0 0
outer loop
vertex 89.5 -152.1893398282202 3
vertex 89.5 -137.5 0
vertex 89.5 -150 0
endloop
endfacet
facet normal -1 0 0
outer loop
vertex 89.5 -152.1893398282202 3
vertex 89.5 -150 0
vertex 89.5 -151.75 0
endloop
endfacet
facet normal -1 0 0
outer loop
vertex 89.5 -152.1893398282202 3
vertex 89.5 -151.75 0
vertex 89.5 -151.77882207939516 0
endloop
endfacet
facet normal -1 0 0
outer loop
vertex 89.5 -152.1893398282202 3
vertex 89.5 -151.77882207939516 0
vertex 89.5 -151.86418070123304 0
endloop
endfacet
facet normal -1 0 0
outer loop
vertex 89.5 -152.1893398282202 3
vertex 89.5 -151.86418070123304 0
vertex 89.5 -152.00279558154625 0
endloop
endfacet
facet normal -1 0 0
outer loop
vertex 89.5 -152.1893398282202 3
vertex 89.5 -152.00279558154625 0
vertex 89.5 -152.1893398282202 0
endloop
endfacet
facet normal -1 0 0
outer loop
vertex 89.5 -152.1893398282202 3
vertex 89.5 -152.1893398282202 0
vertex 89.5 -152.25 0
endloop
endfacet
facet normal -1 0 0
outer loop
vertex 89.5 -152.1893398282202 3
vertex 89.5 -152.25 0
vertex 89.5 -152.24999999999991 3
endloop
endfacet
facet normal -1 0 0
outer loop
vertex 89.5 -127 3
vertex 89.5 -113 3
vertex 89.5 -108 3
endloop
endfacet
facet normal -1 0 0
outer loop
vertex 89.5 -127 3
vertex 89.5 -108 3
vertex 89.5 -94 3
endloop
endfacet
facet normal -1 0 0
outer loop
vertex 89.5 -127 3
vertex 89.5 -94 3
vertex 89.5 -92.99999999999999 3
endloop
endfacet
facet normal -1 0 0
outer loop
vertex 89.5 -127 3
vertex 89.5 -92.99999999999999 3
vertex 89.5 -92.97117792060483 3
endloop
endfacet
facet normal -1 0 0
outer loop
vertex 89.5 -127 3
vertex 89.5 -92.97117792060483 3
vertex 89.5 -92.88581929876693 3
endloop
endfacet
facet normal -1 0 0
outer loop
vertex 89.5 -127 3
vertex 89.5 -92.88581929876693 3
vertex 89.5 -92.74720441845388 3
endloop
endfacet
facet normal -1 0 0
outer loop
vertex 89.5 -127 3
vertex 89.5 -92.74720441845388 3
vertex 89.5 -92.5606601717798 3
endloop
endfacet
facet normal -1 0 0
outer loop
vertex 89.5 -127 3
vertex 89.5 -92.5606601717798 3
vertex 89.5 -92.33335534952936 3
endloop
endfacet
facet normal -1 0 0
outer loop
vertex 89.5 -127 3
vertex 89.5 -92.33335534952936 3
vertex 89.5 -92.07402514854772 3
endloop
endfacet
facet normal -1 0 0
outer loop
vertex 89.5 -127 3
vertex 89.5 -92.07402514854772 3
vertex 89.5 -91.79263548302421 3
endloop
endfacet
facet normal -1 0 0
outer loop
vertex 89.5 -127 3
vertex 89.5 -91.79263548302421 3
vertex 89.5 -91.50000000000009 3
endloop
endfacet
facet normal -1 0 0
outer loop
vertex 89.5 -127 3
vertex 89.5 -91.50000000000009 3
vertex 89.5 -91.20736451697566 3
endloop
endfacet
facet normal -1 0 0
outer loop
vertex 89.5 -127 3
vertex 89.5 -91.20736451697566 3
vertex 89.5 -90.92597485145235 3
endloop
endfacet
facet normal -1 0 0
outer loop
vertex 89.5 -127 3
vertex 89.5 -90.92597485145235 3
vertex 89.5 -90.66664465047062 3
endloop
endfacet
facet normal -1 0 0
outer loop
vertex 89.5 -127 3
vertex 89.5 -90.66664465047062 3
vertex 89.5 -90.4393398282202 3
endloop
endfacet
facet normal -1 0 0
outer loop
vertex 89.5 -127 3
vertex 89.5 -90.4393398282202 3
vertex 89.5 -90.25279558154621 3
endloop
endfacet
facet normal -1 0 0
outer loop
vertex 89.5 -127 3
vertex 89.5 -90.25279558154621 3
vertex 89.5 -90.11418070123305 3
endloop
endfacet
facet normal -1 0 0
outer loop
vertex 89.5 -127 3
vertex 89.5 -90.11418070123305 3
vertex 89.5 -90.02882207939516 3
endloop
endfacet
facet normal -1 0 0
outer loop
vertex 89.5 -127 3
vertex 89.5 -90.02882207939516 3
vertex 89.5 -90 3
endloop
endfacet
facet normal -1 0 0
outer loop
vertex 89.5 -127 3
vertex 89.5 -90 3
vertex 89.5 -89 3
endloop
endfacet
facet normal -1 0 0
outer loop
vertex 89.5 -127 3
vertex 89.5 -89 3
vertex 89.5 -75 3
endloop
endfacet
facet normal -1 0 0
outer loop
vertex 89.5 -127 3
vertex 89.5 -75 3
vertex 89.5 -73.50000000000007 3
endloop
endfacet
facet normal -1 0 0
outer loop
vertex 89.5 -127 3
vertex 89.5 -73.50000000000007 3
vertex 89.5 -73.49999999999977 0
endloop
endfacet
facet normal -1 0 0
outer loop
vertex 89.5 -127 3
vertex 89.5 -73.49999999999977 0
vertex 89.5 -75 0
endloop
endfacet
facet normal -1 0 0
outer loop
vertex 89.5 -127 3
vertex 89.5 -75 0
vertex 89.5 -89 0
endloop
endfacet
facet normal -1 0 0
outer loop
vertex 89.5 -127 3
vertex 89.5 -89 0
vertex 89.5 -90 0
endloop
endfacet
facet normal -1 0 0
outer loop
vertex 89.5 -127 3
vertex 89.5 -90 0
vertex 89.5 -90.02882207939516 0
endloop
endfacet
facet normal -1 0 0
outer loop
vertex 89.5 -127 3
vertex 89.5 -90.02882207939516 0
vertex 89.5 -90.11418070123304 0
endloop
endfacet
facet normal -1 0 0
outer loop
vertex 89.5 -127 3
vertex 89.5 -90.11418070123304 0
vertex 89.5 -90.25279558154621 0
endloop
endfacet
facet normal -1 0 0
outer loop
vertex 89.5 -127 3
vertex 89.5 -90.25279558154621 0
vertex 89.5 -90.43933982822018 0
endloop
endfacet
facet normal -1 0 0
outer loop
vertex 89.5 -127 3
vertex 89.5 -90.43933982822018 0
vertex 89.5 -90.66664465047066 0
endloop
endfacet
facet normal -1 0 0
outer loop
vertex 89.5 -127 3
vertex 89.5 -90.66664465047066 0
vertex 89.5 -90.92597485145247 0
endloop
endfacet
facet normal -1 0 0
outer loop
vertex 89.5 -127 3
vertex 89.5 -90.92597485145247 0
vertex 89.5 -91.20736451697576 0
endloop
endfacet
facet normal -1 0 0
outer loop
vertex 89.5 -127 3
vertex 89.5 -91.20736451697576 0
vertex 89.5 -91.49999999999984 0
endloop
endfacet
facet normal -1 0 0
outer loop
vertex 89.5 -127 3
vertex 89.5 -91.49999999999984 0
vertex 89.5 -91.79263548302414 0
endloop
endfacet
facet normal -1 0 0
outer loop
vertex 89.5 -127 3
vertex 89.5 -91.79263548302414 0
vertex 89.5 -92.07402514854765 0
endloop
endfacet
facet normal -1 0 0
outer loop
vertex 89.5 -127 3
vertex 89.5 -92.07402514854765 0
vertex 89.5 -92.33335534952943 0
endloop
endfacet
facet normal -1 0 0
outer loop
vertex 89.5 -127 3
vertex 89.5 -92.33335534952943 0
vertex 89.5 -92.56066017177983 0
endloop
endfacet
facet normal -1 0 0
outer loop
vertex 89.5 -127 3
vertex 89.5 -92.56066017177983 0
vertex 89.5 -92.74720441845385 0
endloop
endfacet
facet normal -1 0 0
outer loop
vertex 89.5 -127 3
vertex 89.5 -92.74720441845385 0
vertex 89.5 -92.88581929876689 0
endloop
endfacet
facet normal -1 0 0
outer loop
vertex 89.5 -127 3
vertex 89.5 -92.88581929876689 0
vertex 89.5 -92.97117792060486 0
endloop
endfacet
facet normal -1 0 0
outer loop
vertex 89.5 -127 3
vertex 89.5 -92.97117792060486 0
vertex 89.5 -93 0
endloop
endfacet
facet normal -1 0 0
outer loop
vertex 89.5 -127 3
vertex 89.5 -93 0
vertex 89.5 -94 0
endloop
endfacet
facet normal -1 0 0
outer loop
vertex 89.5 -127 3
vertex 89.5 -94 0
vertex 89.5 -108 0
endloop
endfacet
facet normal -1 0 0
outer loop
vertex 89.5 -127 3
vertex 89.5 -108 0
vertex 89.5 -113 0
endloop
endfacet
facet normal -1 0 0
outer loop
vertex 89.5 -127 3
vertex 89.5 -113 0
vertex 89.5 -127 0
endloop
endfacet
facet normal -1 0 0
outer loop
vertex 89.5 -127 3
vertex 89.5 -127 0
vertex 89.5 -128.49999540000002 0
endloop
endfacet
facet normal -1 0 0
outer loop
vertex 89.5 -127 3
vertex 89.5 -128.49999540000002 0
vertex 89.5 -128.49999540000002 3
endloop
endfacet
facet normal 0 0 -1
outer loop
vertex 89.5303844939756 -152.5972963553339 3
vertex 89.51457951775343 -152.41664465047066 3
vertex 89.5 -152.24999999999991 3
endloop
endfacet
facet normal 0 0 -1
outer loop
vertex 89.5303844939756 -152.5972963553339 3
vertex 89.5 -152.24999999999991 3
vertex 89.5 -152.25 0
endloop
endfacet
facet normal 0 0 -1
outer loop
vertex 89.5303844939756 -152.5972963553339 3
vertex 89.5 -152.25 0
vertex 89.51457951775342 -152.41664465047066 0
endloop
endfacet
facet normal 0 0 -1
outer loop
vertex 89.5303844939756 -152.5972963553339 3
vertex 89.51457951775342 -152.41664465047066 0
vertex 89.53038449397559 -152.59729635533387 0
endloop
endfacet
facet normal 0 0 1
outer loop
vertex 89.6206147584282 -152.93404028665134 3
vertex 89.55146633347229 -152.67597485145254 3
vertex 89.5303844939756 -152.5972963553339 3
endloop
endfacet
facet normal 0 0 1
outer loop
vertex 89.6206147584282 -152.93404028665134 3
vertex 89.5303844939756 -152.5972963553339 3
vertex 89.53038449397559 -152.59729635533387 0
endloop
endfacet
facet normal 0 0 1
outer loop
vertex 89.6206147584282 -152.93404028665134 3
vertex 89.53038449397559 -152.59729635533387 0
vertex 89.5514663334723 -152.6759748514526 0
endloop
endfacet
facet normal 0 0 1
outer loop
vertex 89.6206147584282 -152.93404028665134 3
vertex 89.5514663334723 -152.6759748514526 0
vertex 89.62061475842819 -152.9340402866513 0
endloop
endfacet
facet normal 0 0 1
outer loop
vertex 89.76794919243117 -153.24999999999997 3
vertex 89.63149102564905 -152.95736451697576 3
vertex 89.6206147584282 -152.93404028665134 3
endloop
endfacet
facet normal 0 0 1
outer loop
vertex 89.76794919243117 -153.24999999999997 3
vertex 89.6206147584282 -152.93404028665134 3
vertex 89.62061475842819 -152.9340402866513 0
endloop
endfacet
facet normal 0 0 1
outer loop
vertex 89.76794919243117 -153.24999999999997 3
vertex 89.62061475842819 -152.9340402866513 0
vertex 89.63149102564907 -152.9573645169758 0
endloop
endfacet
facet normal 0 0 1
outer loop
vertex 89.76794919243117 -153.24999999999997 3
vertex 89.63149102564907 -152.9573645169758 0
vertex 89.76794919243117 -153.25 0
endloop
endfacet
facet normal -0.8191520442889824 -0.5735764363510596 0
outer loop
vertex 89.96791111376207 -153.5355752193731 3
vertex 89.76794919243117 -153.24999999999997 3
vertex 89.76794919243117 -153.25 0
endloop
endfacet
facet normal -0.8191520442889824 -0.5735764363510596 0
outer loop
vertex 89.96791111376207 -153.5355752193731 3
vertex 89.76794919243117 -153.25 0
vertex 89.96791111376207 -153.53557521937313 0
endloop
endfacet
facet normal 0 0 -1
outer loop
vertex 90.21442478062693 -153.78208888623794 3
vertex 89.9749713774131 -153.54263548302413 3
vertex 89.96791111376207 -153.5355752193731 3
endloop
endfacet
facet normal 0 0 -1
outer loop
vertex 90.21442478062693 -153.78208888623794 3
vertex 89.96791111376207 -153.5355752193731 3
vertex 89.96791111376207 -153.53557521937313 0
endloop
endfacet
facet normal 0 0 -1
outer loop
vertex 90.21442478062693 -153.78208888623794 3
vertex 89.96791111376207 -153.53557521937313 0
vertex 89.97497137741313 -153.54263548302418 0
endloop
endfacet
facet normal 0 0 -1
outer loop
vertex 90.21442478062693 -153.78208888623794 3
vertex 89.97497137741313 -153.54263548302418 0
vertex 90.21442478062686 -153.7820888862379 0
endloop
endfacet
facet normal 0 0 -1
outer loop
vertex 90.49999999999994 -153.98205080756884 3
vertex 90.27431597005476 -153.82402514854766 3
vertex 90.21442478062693 -153.78208888623794 3
endloop
endfacet
facet normal 0 0 -1
outer loop
vertex 90.49999999999994 -153.98205080756884 3
vertex 90.21442478062693 -153.78208888623794 3
vertex 90.21442478062686 -153.7820888862379 0
endloop
endfacet
facet normal 0 0 -1
outer loop
vertex 90.49999999999994 -153.98205080756884 3
vertex 90.21442478062686 -153.7820888862379 0
vertex 90.27431597005469 -153.8240251485476 0
endloop
endfacet
facet normal 0 0 -1
outer loop
vertex 90.49999999999994 -153.98205080756884 3
vertex 90.27431597005469 -153.8240251485476 0
vertex 90.50000000000004 -153.9820508075689 0
endloop
endfacet
facet normal 0 0 -1
outer loop
vertex 90.81595971334875 -154.12938524157184 3
vertex 90.71724829131335 -154.08335534952937 3
vertex 90.49999999999994 -153.98205080756884 3
endloop
endfacet
facet normal 0 0 -1
outer loop
vertex 90.81595971334875 -154.12938524157184 3
vertex 90.49999999999994 -153.98205080756884 3
vertex 90.50000000000004 -153.9820508075689 0
endloop
endfacet
facet normal 0 0 -1
outer loop
vertex 90.81595971334875 -154.12938524157184 3
vertex 90.50000000000004 -153.9820508075689 0
vertex 90.71724829131327 -154.08335534952934 0
endloop
endfacet
facet normal 0 0 -1
outer loop
vertex 90.81595971334875 -154.12938524157184 3
vertex 90.71724829131327 -154.08335534952934 0
vertex 90.81595971334859 -154.12938524157178 0
endloop
endfacet
facet normal -0.25881904510251214 -0.9659258262890708 0
outer loop
vertex 91.15270364466622 -154.21961550602444 3
vertex 90.81595971334875 -154.12938524157184 3
vertex 90.81595971334859 -154.12938524157178 0
endloop
endfacet
facet normal -0.25881904510251214 -0.9659258262890708 0
outer loop
vertex 91.15270364466622 -154.21961550602444 3
vertex 90.81595971334859 -154.12938524157178 0
vertex 91.15270364466632 -154.21961550602447 0
endloop
endfacet
facet normal -0.08715574274771135 -0.9961946980917409 0
outer loop
vertex 91.49999999999997 -154.25 3
vertex 91.15270364466622 -154.21961550602444 3
vertex 91.15270364466632 -154.21961550602447 0
endloop
endfacet
facet normal -0.08715574274771135 -0.9961946980917409 0
outer loop
vertex 91.49999999999997 -154.25 3
vertex 91.15270364466632 -154.21961550602447 0
vertex 91.49999999999997 -154.25 0
endloop
endfacet
facet normal 0 -1 0
outer loop
vertex 94.69999999999999 -154.25 0
vertex 94.69999999999999 -154.25 3
vertex 91.49999999999997 -154.25 3
endloop
endfacet
facet normal 0 -1 0
outer loop
vertex 94.69999999999999 -154.25 0
vertex 91.49999999999997 -154.25 3
vertex 91.49999999999997 -154.25 0
endloop
endfacet
facet normal 0 -1 0
outer loop
vertex 165.49999999999994 -154.25 0
vertex 165.49999999999991 -154.25 3
vertex 162.3 -154.25 3
endloop
endfacet
facet normal 0 -1 0
outer loop
vertex 165.49999999999994 -154.25 0
vertex 162.3 -154.25 3
vertex 162.3 -154.25 0
endloop
endfacet
facet normal 0 0 1
outer loop
vertex 98.71390500000003 -164.2847698500001 3
vertex 97.19999816886684 -160.5 3
vertex 95.19999963377336 -155.5 3
endloop
endfacet
facet normal 0 0 1
outer loop
vertex 98.71390500000003 -164.2847698500001 3
vertex 95.19999963377336 -155.5 3
vertex 94.89999985350933 -154.75 3
endloop
endfacet
facet normal 0 0 1
outer loop
vertex 98.71390500000003 -164.2847698500001 3
vertex 94.89999985350933 -154.75 3
vertex 94.8884710301956 -154.72117792060484 3
endloop
endfacet
facet normal 0 0 1
outer loop
vertex 98.71390500000003 -164.2847698500001 3
vertex 94.8884710301956 -154.72117792060484 3
vertex 94.85432760646893 -154.63581929876696 3
endloop
endfacet
facet normal 0 0 1
outer loop
vertex 98.71390500000003 -164.2847698500001 3
vertex 94.85432760646893 -154.63581929876696 3
vertex 94.79888169495524 -154.4972044184538 3
endloop
endfacet
facet normal 0 0 1
outer loop
vertex 98.71390500000003 -164.2847698500001 3
vertex 94.79888169495524 -154.4972044184538 3
vertex 94.72426405093965 -154.3106601717799 3
endloop
endfacet
facet normal 0 0 1
outer loop
vertex 98.71390500000003 -164.2847698500001 3
vertex 94.72426405093965 -154.3106601717799 3
vertex 94.69999999999999 -154.25 3
endloop
endfacet
facet normal 0 0 1
outer loop
vertex 98.71390500000003 -164.2847698500001 3
vertex 94.69999999999999 -154.25 3
vertex 94.69999999999999 -154.25 0
endloop
endfacet
facet normal 0 0 1
outer loop
vertex 98.71390500000003 -164.2847698500001 3
vertex 94.69999999999999 -154.25 0
vertex 94.72426405093964 -154.31066017177986 0
endloop
endfacet
facet normal 0 0 1
outer loop
vertex 98.71390500000003 -164.2847698500001 3
vertex 94.72426405093964 -154.31066017177986 0
vertex 94.79888169495526 -154.49720441845383 0
endloop
endfacet
facet normal 0 0 1
outer loop
vertex 98.71390500000003 -164.2847698500001 3
vertex 94.79888169495526 -154.49720441845383 0
vertex 94.85432760646893 -154.63581929876696 0
endloop
endfacet
facet normal 0 0 1
outer loop
vertex 98.71390500000003 -164.2847698500001 3
vertex 94.85432760646893 -154.63581929876696 0
vertex 94.8884710301956 -154.72117792060484 0
endloop
endfacet
facet normal 0 0 1
outer loop
vertex 98.71390500000003 -164.2847698500001 3
vertex 94.8884710301956 -154.72117792060484 0
vertex 94.89999985350933 -154.75 0
endloop
endfacet
facet normal 0 0 1
outer loop
vertex 98.71390500000003 -164.2847698500001 3
vertex 94.89999985350933 -154.75 0
vertex 95.19999963377334 -155.5 0
endloop
endfacet
facet normal 0 0 1
outer loop
vertex 98.71390500000003 -164.2847698500001 3
vertex 95.19999963377334 -155.5 0
vertex 97.19999816886681 -160.5 0
endloop
endfacet
facet normal 0 0 1
outer loop
vertex 98.71390500000003 -164.2847698500001 3
vertex 97.19999816886681 -160.5 0
vertex 98.71390500000003 -164.2847698500001 0
endloop
endfacet
facet normal -0.9501457702346388 -0.3118060539906577 0
outer loop
vertex 98.87199109527032 -164.7664950533167 3
vertex 98.71390500000003 -164.2847698500001 3
vertex 98.71390500000003 -164.2847698500001 0
endloop
endfacet
facet normal -0.9501457702346388 -0.3118060539906577 0
outer loop
vertex 98.87199109527032 -164.7664950533167 3
vertex 98.71390500000003 -164.2847698500001 0
vertex 98.87199109527036 -164.76649505331682 0
endloop
endfacet
facet normal -0.981955492580016 -0.18911216405069825 0
outer loop
vertex 98.96787122075312 -165.26434782931193 3
vertex 98.87199109527032 -164.7664950533167 3
vertex 98.87199109527036 -164.76649505331682 0
endloop
endfacet
facet normal -0.981955492580016 -0.18911216405069825 0
outer loop
vertex 98.96787122075312 -165.26434782931193 3
vertex 98.87199109527036 -164.76649505331682 0
vertex 98.96787122075311 -165.26434782931176 0
endloop
endfacet
facet normal -0.9979900851403821 -0.06337026086022493 0
outer loop
vertex 99 -165.77032969999993 3
vertex 98.96787122075312 -165.26434782931193 3
vertex 98.96787122075311 -165.26434782931176 0
endloop
endfacet
facet normal -0.9979900851403821 -0.06337026086022493 0
outer loop
vertex 99 -165.77032969999993 3
vertex 98.96787122075311 -165.26434782931176 0
vertex 99 -165.7703297 0
endloop
endfacet
facet normal -1 0 0
outer loop
vertex 99 -174.5 3
vertex 99 -165.77032969999993 3
vertex 99 -165.7703297 0
endloop
endfacet
facet normal -1 0 0
outer loop
vertex 99 -174.5 3
vertex 99 -165.7703297 0
vertex 99 -174.5 0
endloop
endfacet
facet normal -1 0 0
outer loop
vertex 99 -174.5 3
vertex 99 -174.5 0
vertex 99 -175.9999999999997 0
endloop
endfacet
facet normal -1 0 0
outer loop
vertex 99 -174.5 3
vertex 99 -175.9999999999997 0
vertex 99 -176.00000000000003 3
endloop
endfacet
facet normal -0.9961946980917447 -0.08715574274766881 0
outer loop
vertex 99.0303844939756 -176.3472963553339 3
vertex 99 -176.00000000000003 3
vertex 99 -175.9999999999997 0
endloop
endfacet
facet normal -0.9961946980917447 -0.08715574274766881 0
outer loop
vertex 99.0303844939756 -176.3472963553339 3
vertex 99 -175.9999999999997 0
vertex 99.03038449397557 -176.34729635533387 0
endloop
endfacet
facet normal -0.9659258262890648 -0.25881904510253423 0
outer loop
vertex 99.12061475842819 -176.68404028665134 3
vertex 99.0303844939756 -176.3472963553339 3
vertex 99.03038449397557 -176.34729635533387 0
endloop
endfacet
facet normal -0.9659258262890648 -0.25881904510253423 0
outer loop
vertex 99.12061475842819 -176.68404028665134 3
vertex 99.03038449397557 -176.34729635533387 0
vertex 99.12061475842815 -176.68404028665125 0
endloop
endfacet
facet normal -0.9063077870366655 -0.42261826174066613 0
outer loop
vertex 99.26794919243115 -177.00000000000006 3
vertex 99.12061475842819 -176.68404028665134 3
vertex 99.12061475842815 -176.68404028665125 0
endloop
endfacet
facet normal -0.9063077870366655 -0.42261826174066613 0
outer loop
vertex 99.26794919243115 -177.00000000000006 3
vertex 99.12061475842815 -176.68404028665125 0
vertex 99.2679491924311 -176.99999999999997 0
endloop
endfacet
facet normal -0.8191520442889816 -0.5735764363510608 0
outer loop
vertex 99.46791111376197 -177.285575219373 3
vertex 99.26794919243115 -177.00000000000006 3
vertex 99.2679491924311 -176.99999999999997 0
endloop
endfacet
facet normal -0.8191520442889816 -0.5735764363510608 0
outer loop
vertex 99.46791111376197 -177.285575219373 3
vertex 99.2679491924311 -176.99999999999997 0
vertex 99.46791111376204 -177.28557521937307 0
endloop
endfacet
facet normal -0.7071067811865048 -0.7071067811865901 0
outer loop
vertex 99.71442478062697 -177.53208888623797 3
vertex 99.46791111376197 -177.285575219373 3
vertex 99.46791111376204 -177.28557521937307 0
endloop
endfacet
facet normal -0.7071067811865048 -0.7071067811865901 0
outer loop
vertex 99.71442478062697 -177.53208888623797 3
vertex 99.46791111376204 -177.28557521937307 0
vertex 99.71442478062693 -177.53208888623794 0
endloop
endfacet
facet normal -0.5735764363510599 -0.8191520442889821 0
outer loop
vertex 100.00000000000014 -177.73205080756895 3
vertex 99.71442478062697 -177.53208888623797 3
vertex 99.71442478062693 -177.53208888623794 0
endloop
endfacet
facet normal -0.5735764363510599 -0.8191520442889821 0
outer loop
vertex 100.00000000000014 -177.73205080756895 3
vertex 99.71442478062693 -177.53208888623794 0
vertex 100.00000000000007 -177.73205080756892 0
endloop
endfacet
facet normal -0.4226182617407234 -0.9063077870366388 0
outer loop
vertex 100.31595971334862 -177.8793852415718 3
vertex 100.00000000000014 -177.73205080756895 3
vertex 100.00000000000007 -177.73205080756892 0
endloop
endfacet
facet normal -0.4226182617407234 -0.9063077870366388 0
outer loop
vertex 100.31595971334862 -177.8793852415718 3
vertex 100.00000000000007 -177.73205080756892 0
vertex 100.3159597133484 -177.87938524157173 0
endloop
endfacet
facet normal -0.2588190451025404 -0.9659258262890631 0
outer loop
vertex 100.65270364466625 -177.9696155060244 3
vertex 100.31595971334862 -177.8793852415718 3
vertex 100.3159597133484 -177.87938524157173 0
endloop
endfacet
facet normal -0.2588190451025404 -0.9659258262890631 0
outer loop
vertex 100.65270364466625 -177.9696155060244 3
vertex 100.3159597133484 -177.87938524157173 0
vertex 100.65270364466603 -177.9696155060244 0
endloop
endfacet
facet normal -0.08715574274768298 -0.9961946980917433 0
outer loop
vertex 101.00000000000023 -178 3
vertex 100.65270364466625 -177.9696155060244 3
vertex 100.65270364466603 -177.9696155060244 0
endloop
endfacet
facet normal -0.08715574274768298 -0.9961946980917433 0
outer loop
vertex 101.00000000000023 -178 3
vertex 100.65270364466603 -177.9696155060244 0
vertex 101.00000000000016 -178 0
endloop
endfacet
facet normal 0 -1 0
outer loop
vertex 156.0000000000002 -178 0
vertex 155.99999999999997 -178 3
vertex 101.00000000000023 -178 3
endloop
endfacet
facet normal 0 -1 0
outer loop
vertex 156.0000000000002 -178 0
vertex 101.00000000000023 -178 3
vertex 101.00000000000016 -178 0
endloop
endfacet
facet normal 0.087155742747683 -0.9961946980917433 0
outer loop
vertex 156.34729635533378 -177.9696155060244 3
vertex 155.99999999999997 -178 3
vertex 156.0000000000002 -178 0
endloop
endfacet
facet normal 0.087155742747683 -0.9961946980917433 0
outer loop
vertex 156.34729635533378 -177.9696155060244 3
vertex 156.0000000000002 -178 0
vertex 156.34729635533375 -177.9696155060244 0
endloop
endfacet
facet normal 0.25881904510254217 -0.9659258262890627 0
outer loop
vertex 156.6840402866514 -177.8793852415718 3
vertex 156.34729635533378 -177.9696155060244 3
vertex 156.34729635533375 -177.9696155060244 0
endloop
endfacet
facet normal 0.25881904510254217 -0.9659258262890627 0
outer loop
vertex 156.6840402866514 -177.8793852415718 3
vertex 156.34729635533375 -177.9696155060244 0
vertex 156.68404028665137 -177.87938524157173 0
endloop
endfacet
facet normal 0.42261826174069467 -0.9063077870366523 0
outer loop
vertex 157.00000000000003 -177.73205080756895 3
vertex 156.6840402866514 -177.8793852415718 3
vertex 156.68404028665137 -177.87938524157173 0
endloop
endfacet
facet normal 0.42261826174069467 -0.9063077870366523 0
outer loop
vertex 157.00000000000003 -177.73205080756895 3
vertex 156.68404028665137 -177.87938524157173 0
vertex 157 -177.73205080756892 0
endloop
endfacet
facet normal 0.5735764363510599 -0.8191520442889821 0
outer loop
vertex 157.28557521937316 -177.53208888623797 3
vertex 157.00000000000003 -177.73205080756895 3
vertex 157 -177.73205080756892 0
endloop
endfacet
facet normal 0.5735764363510599 -0.8191520442889821 0
outer loop
vertex 157.28557521937316 -177.53208888623797 3
vertex 157 -177.73205080756892 0
vertex 157.28557521937313 -177.53208888623794 0
endloop
endfacet
facet normal 0.7071067811865476 -0.7071067811865476 0
outer loop
vertex 157.5320888862378 -177.285575219373 3
vertex 157.28557521937316 -177.53208888623797 3
vertex 157.28557521937313 -177.53208888623794 0
endloop
endfacet
facet normal 0.7071067811865476 -0.7071067811865476 0
outer loop
vertex 157.5320888862378 -177.285575219373 3
vertex 157.28557521937313 -177.53208888623794 0
vertex 157.53208888623772 -177.28557521937307 0
endloop
endfacet
facet normal 0.8191520442889821 -0.5735764363510599 0
outer loop
vertex 157.73205080756892 -177.00000000000006 3
vertex 157.5320888862378 -177.285575219373 3
vertex 157.53208888623772 -177.28557521937307 0
endloop
endfacet
facet normal 0.8191520442889821 -0.5735764363510599 0
outer loop
vertex 157.73205080756892 -177.00000000000006 3
vertex 157.53208888623772 -177.28557521937307 0
vertex 157.7320508075689 -176.99999999999997 0
endloop
endfacet
facet normal 0.9063077870366524 -0.42261826174069467 0
outer loop
vertex 157.87938524157178 -176.68404028665134 3
vertex 157.73205080756892 -177.00000000000006 3
vertex 157.7320508075689 -176.99999999999997 0
endloop
endfacet
facet normal 0.9063077870366524 -0.42261826174069467 0
outer loop
vertex 157.87938524157178 -176.68404028665134 3
vertex 157.7320508075689 -176.99999999999997 0
vertex 157.8793852415718 -176.68404028665125 0
endloop
endfacet
facet normal 0.9659258262890631 -0.2588190451025404 0
outer loop
vertex 157.96961550602438 -176.3472963553339 3
vertex 157.87938524157178 -176.68404028665134 3
vertex 157.8793852415718 -176.68404028665125 0
endloop
endfacet
facet normal 0.9659258262890631 -0.2588190451025404 0
outer loop
vertex 157.96961550602438 -176.3472963553339 3
vertex 157.8793852415718 -176.68404028665125 0
vertex 157.9696155060244 -176.34729635533387 0
endloop
endfacet
facet normal 0.9961946980917433 -0.08715574274768298 0
outer loop
vertex 157.99999999999997 -176.00000000000003 3
vertex 157.96961550602438 -176.3472963553339 3
vertex 157.9696155060244 -176.34729635533387 0
endloop
endfacet
facet normal 0.9961946980917433 -0.08715574274768298 0
outer loop
vertex 157.99999999999997 -176.00000000000003 3
vertex 157.9696155060244 -176.34729635533387 0
vertex 158 -175.9999999999997 0
endloop
endfacet
facet normal 0 0 -1
outer loop
vertex 157.9999966000004 -165.77032969999993 3
vertex 157.99999950145025 -174.5 3
vertex 157.99999999999997 -176.00000000000003 3
endloop
endfacet
facet normal 0 0 -1
outer loop
vertex 157.9999966000004 -165.77032969999993 3
vertex 157.99999999999997 -176.00000000000003 3
vertex 158 -175.9999999999997 0
endloop
endfacet
facet normal 0 0 -1
outer loop
vertex 157.9999966000004 -165.77032969999993 3
vertex 158 -175.9999999999997 0
vertex 157.99999950145028 -174.5 0
endloop
endfacet
facet normal 0 0 -1
outer loop
vertex 157.9999966000004 -165.77032969999993 3
vertex 157.99999950145028 -174.5 0
vertex 157.99999659999997 -165.7703297 0
endloop
endfacet
facet normal 0.9979894625848494 -0.06338006444934766 0
outer loop
vertex 158.03213036623404 -165.26434782931193 3
vertex 157.9999966000004 -165.77032969999993 3
vertex 157.99999659999997 -165.7703297 0
endloop
endfacet
facet normal 0.9979894625848494 -0.06338006444934766 0
outer loop
vertex 158.03213036623404 -165.26434782931193 3
vertex 157.99999659999997 -165.7703297 0
vertex 158.03213037924687 -165.26434782931176 0
endloop
endfacet
facet normal 0.9819554925800159 -0.18911216405069858 0
outer loop
vertex 158.1280107587998 -164.76649365331645 3
vertex 158.03213036623404 -165.26434782931193 3
vertex 158.03213037924687 -165.26434782931176 0
endloop
endfacet
facet normal 0.9819554925800159 -0.18911216405069858 0
outer loop
vertex 158.1280107587998 -164.76649365331645 3
vertex 158.03213037924687 -165.26434782931176 0
vertex 158.12801050472967 -164.76649365331673 0
endloop
endfacet
facet normal 0.9501480541927793 -0.3117990941514673 0
outer loop
vertex 158.2860932 -164.28476689999997 3
vertex 158.1280107587998 -164.76649365331645 3
vertex 158.12801050472967 -164.76649365331673 0
endloop
endfacet
facet normal 0.9501480541927793 -0.3117990941514673 0
outer loop
vertex 158.2860932 -164.28476689999997 3
vertex 158.12801050472967 -164.76649365331673 0
vertex 158.2860932000001 -164.28476689999974 0
endloop
endfacet
facet normal 0 0 1
outer loop
vertex 162.3 -154.25 3
vertex 162.27573593104626 -154.3106601717799 3
vertex 162.2011182316331 -154.4972044184538 3
endloop
endfacet
facet normal 0 0 1
outer loop
vertex 162.3 -154.25 3
vertex 162.2011182316331 -154.4972044184538 3
vertex 162.1456722789553 -154.63581929876696 3
endloop
endfacet
facet normal 0 0 1
outer loop
vertex 162.3 -154.25 3
vertex 162.1456722789553 -154.63581929876696 3
vertex 162.1115288298799 -154.72117792060484 3
endloop
endfacet
facet normal 0 0 1
outer loop
vertex 162.3 -154.25 3
vertex 162.1115288298799 -154.72117792060484 3
vertex 162.09999999800695 -154.75 3
endloop
endfacet
facet normal 0 0 1
outer loop
vertex 162.3 -154.25 3
vertex 162.09999999800695 -154.75 3
vertex 161.79999999501734 -155.5 3
endloop
endfacet
facet normal 0 0 1
outer loop
vertex 162.3 -154.25 3
vertex 161.79999999501734 -155.5 3
vertex 159.79999997508662 -160.5 3
endloop
endfacet
facet normal 0 0 1
outer loop
vertex 162.3 -154.25 3
vertex 159.79999997508662 -160.5 3
vertex 158.2860932 -164.28476689999997 3
endloop
endfacet
facet normal 0 0 1
outer loop
vertex 162.3 -154.25 3
vertex 158.2860932 -164.28476689999997 3
vertex 158.2860932000001 -164.28476689999974 0
endloop
endfacet
facet normal 0 0 1
outer loop
vertex 162.3 -154.25 3
vertex 158.2860932000001 -164.28476689999974 0
vertex 159.79999997508662 -160.5 0
endloop
endfacet
facet normal 0 0 1
outer loop
vertex 162.3 -154.25 3
vertex 159.79999997508662 -160.5 0
vertex 161.79999999501734 -155.5 0
endloop
endfacet
facet normal 0 0 1
outer loop
vertex 162.3 -154.25 3
vertex 161.79999999501734 -155.5 0
vertex 162.09999999800695 -154.75 0
endloop
endfacet
facet normal 0 0 1
outer loop
vertex 162.3 -154.25 3
vertex 162.09999999800695 -154.75 0
vertex 162.1115288298799 -154.72117792060484 0
endloop
endfacet
facet normal 0 0 1
outer loop
vertex 162.3 -154.25 3
vertex 162.1115288298799 -154.72117792060484 0
vertex 162.1456722789553 -154.63581929876696 0
endloop
endfacet
facet normal 0 0 1
outer loop
vertex 162.3 -154.25 3
vertex 162.1456722789553 -154.63581929876696 0
vertex 162.20111823163307 -154.49720441845383 0
endloop
endfacet
facet normal 0 0 1
outer loop
vertex 162.3 -154.25 3
vertex 162.20111823163307 -154.49720441845383 0
vertex 162.27573593104626 -154.31066017177986 0
endloop
endfacet
facet normal 0 0 1
outer loop
vertex 162.3 -154.25 3
vertex 162.27573593104626 -154.31066017177986 0
vertex 162.3 -154.25 0
endloop
endfacet
facet normal 0.08715574274771135 -0.9961946980917409 0
outer loop
vertex 165.84729635533387 -154.21961550602444 3
vertex 165.49999999999991 -154.25 3
vertex 165.49999999999994 -154.25 0
endloop
endfacet
facet normal 0.08715574274771135 -0.9961946980917409 0
outer loop
vertex 165.84729635533387 -154.21961550602444 3
vertex 165.49999999999994 -154.25 0
vertex 165.84729635533395 -154.21961550602447 0
endloop
endfacet
facet normal 0.2588190451025404 -0.9659258262890631 0
outer loop
vertex 166.1840402866514 -154.12938524157184 3
vertex 165.84729635533387 -154.21961550602444 3
vertex 165.84729635533395 -154.21961550602447 0
endloop
endfacet
facet normal 0.2588190451025404 -0.9659258262890631 0
outer loop
vertex 166.1840402866514 -154.12938524157184 3
vertex 165.84729635533395 -154.21961550602447 0
vertex 166.18404028665142 -154.12938524157178 0
endloop
endfacet
facet normal 0 0 -1
outer loop
vertex 166.5000000000001 -153.98205080756884 3
vertex 166.28275170868676 -154.08335534952937 3
vertex 166.1840402866514 -154.12938524157184 3
endloop
endfacet
facet normal 0 0 -1
outer loop
vertex 166.5000000000001 -153.98205080756884 3
vertex 166.1840402866514 -154.12938524157184 3
vertex 166.18404028665142 -154.12938524157178 0
endloop
endfacet
facet normal 0 0 -1
outer loop
vertex 166.5000000000001 -153.98205080756884 3
vertex 166.18404028665142 -154.12938524157178 0
vertex 166.28275170868673 -154.08335534952934 0
endloop
endfacet
facet normal 0 0 -1
outer loop
vertex 166.5000000000001 -153.98205080756884 3
vertex 166.28275170868673 -154.08335534952934 0
vertex 166.49999999999991 -153.9820508075689 0
endloop
endfacet
facet normal 0 0 1
outer loop
vertex 166.785575219373 -153.78208888623794 3
vertex 166.72568402994517 -153.82402514854766 3
vertex 166.5000000000001 -153.98205080756884 3
endloop
endfacet
facet normal 0 0 1
outer loop
vertex 166.785575219373 -153.78208888623794 3
vertex 166.5000000000001 -153.98205080756884 3
vertex 166.49999999999991 -153.9820508075689 0
endloop
endfacet
facet normal 0 0 1
outer loop
vertex 166.785575219373 -153.78208888623794 3
vertex 166.49999999999991 -153.9820508075689 0
vertex 166.72568402994528 -153.8240251485476 0
endloop
endfacet
facet normal 0 0 1
outer loop
vertex 166.785575219373 -153.78208888623794 3
vertex 166.72568402994528 -153.8240251485476 0
vertex 166.78557521937313 -153.7820888862379 0
endloop
endfacet
facet normal 0 0 -1
outer loop
vertex 167.03208888623786 -153.5355752193731 3
vertex 167.02502862258683 -153.54263548302413 3
vertex 166.785575219373 -153.78208888623794 3
endloop
endfacet
facet normal 0 0 -1
outer loop
vertex 167.03208888623786 -153.5355752193731 3
vertex 166.785575219373 -153.78208888623794 3
vertex 166.78557521937313 -153.7820888862379 0
endloop
endfacet
facet normal 0 0 -1
outer loop
vertex 167.03208888623786 -153.5355752193731 3
vertex 166.78557521937313 -153.7820888862379 0
vertex 167.02502862258697 -153.54263548302418 0
endloop
endfacet
facet normal 0 0 -1
outer loop
vertex 167.03208888623786 -153.5355752193731 3
vertex 167.02502862258697 -153.54263548302418 0
vertex 167.03208888623803 -153.53557521937313 0
endloop
endfacet
facet normal 0.8191520442889821 -0.5735764363510599 0
outer loop
vertex 167.23205080756892 -153.24999999999997 3
vertex 167.03208888623786 -153.5355752193731 3
vertex 167.03208888623803 -153.53557521937313 0
endloop
endfacet
facet normal 0.8191520442889821 -0.5735764363510599 0
outer loop
vertex 167.23205080756892 -153.24999999999997 3
vertex 167.03208888623803 -153.53557521937313 0
vertex 167.23205080756875 -153.25 0
endloop
endfacet
facet normal 0 0 1
outer loop
vertex 167.37938524157184 -152.93404028665134 3
vertex 167.368508974351 -152.95736451697576 3
vertex 167.23205080756892 -153.24999999999997 3
endloop
endfacet
facet normal 0 0 1
outer loop
vertex 167.37938524157184 -152.93404028665134 3
vertex 167.23205080756892 -153.24999999999997 3
vertex 167.23205080756875 -153.25 0
endloop
endfacet
facet normal 0 0 1
outer loop
vertex 167.37938524157184 -152.93404028665134 3
vertex 167.23205080756875 -153.25 0
vertex 167.36850897435102 -152.9573645169758 0
endloop
endfacet
facet normal 0 0 1
outer loop
vertex 167.37938524157184 -152.93404028665134 3
vertex 167.36850897435102 -152.9573645169758 0
vertex 167.3793852415719 -152.9340402866513 0
endloop
endfacet
facet normal 0 0 -1
outer loop
vertex 167.4696155060244 -152.5972963553339 3
vertex 167.44853366652774 -152.67597485145254 3
vertex 167.37938524157184 -152.93404028665134 3
endloop
endfacet
facet normal 0 0 -1
outer loop
vertex 167.4696155060244 -152.5972963553339 3
vertex 167.37938524157184 -152.93404028665134 3
vertex 167.3793852415719 -152.9340402866513 0
endloop
endfacet
facet normal 0 0 -1
outer loop
vertex 167.4696155060244 -152.5972963553339 3
vertex 167.3793852415719 -152.9340402866513 0
vertex 167.4485336665277 -152.6759748514526 0
endloop
endfacet
facet normal 0 0 -1
outer loop
vertex 167.4696155060244 -152.5972963553339 3
vertex 167.4485336665277 -152.6759748514526 0
vertex 167.4696155060244 -152.59729635533387 0
endloop
endfacet
facet normal 0 0 -1
outer loop
vertex 167.5 -152.24999999999991 3
vertex 167.48542048224658 -152.41664465047066 3
vertex 167.4696155060244 -152.5972963553339 3
endloop
endfacet
facet normal 0 0 -1
outer loop
vertex 167.5 -152.24999999999991 3
vertex 167.4696155060244 -152.5972963553339 3
vertex 167.4696155060244 -152.59729635533387 0
endloop
endfacet
facet normal 0 0 -1
outer loop
vertex 167.5 -152.24999999999991 3
vertex 167.4696155060244 -152.59729635533387 0
vertex 167.48542048224658 -152.41664465047066 0
endloop
endfacet
facet normal 0 0 -1
outer loop
vertex 167.5 -152.24999999999991 3
vertex 167.48542048224658 -152.41664465047066 0
vertex 167.5 -152.25 0
endloop
endfacet
facet normal 1 0 0
outer loop
vertex 167.5 -152.1893398282202 0
vertex 167.5 -152.00279558154625 0
vertex 167.5 -151.86418070123304 0
endloop
endfacet
facet normal 1 0 0
outer loop
vertex 167.5 -152.1893398282202 0
vertex 167.5 -151.86418070123304 0
vertex 167.5 -151.77882207939516 0
endloop
endfacet
facet normal 1 0 0
outer loop
vertex 167.5 -152.1893398282202 0
vertex 167.5 -151.77882207939516 0
vertex 167.5 -151.75 0
endloop
endfacet
facet normal 1 0 0
outer loop
vertex 167.5 -152.1893398282202 0
vertex 167.5 -151.75 0
vertex 167.5 -150 0
endloop
endfacet
facet normal 1 0 0
outer loop
vertex 167.5 -152.1893398282202 0
vertex 167.5 -150 0
vertex 167.5 -137.5 0
endloop
endfacet
facet normal 1 0 0
outer loop
vertex 167.5 -152.1893398282202 0
vertex 167.5 -137.5 0
vertex 167.5 -135.25000460000015 0
endloop
endfacet
facet normal 1 0 0
outer loop
vertex 167.5 -152.1893398282202 0
vertex 167.5 -135.25000460000015 0
vertex 167.5 -135.2500046000003 3
endloop
endfacet
facet normal 1 0 0
outer loop
vertex 167.5 -152.1893398282202 0
vertex 167.5 -135.2500046000003 3
vertex 167.5 -137.5 3
endloop
endfacet
facet normal 1 0 0
outer loop
vertex 167.5 -152.1893398282202 0
vertex 167.5 -137.5 3
vertex 167.5 -150 3
endloop
endfacet
facet normal 1 0 0
outer loop
vertex 167.5 -152.1893398282202 0
vertex 167.5 -150 3
vertex 167.5 -151.75 3
endloop
endfacet
facet normal 1 0 0
outer loop
vertex 167.5 -152.1893398282202 0
vertex 167.5 -151.75 3
vertex 167.5 -151.77882207939518 3
endloop
endfacet
facet normal 1 0 0
outer loop
vertex 167.5 -152.1893398282202 0
vertex 167.5 -151.77882207939518 3
vertex 167.5 -151.86418070123304 3
endloop
endfacet
facet normal 1 0 0
outer loop
vertex 167.5 -152.1893398282202 0
vertex 167.5 -151.86418070123304 3
vertex 167.5 -152.00279558154622 3
endloop
endfacet
facet normal 1 0 0
outer loop
vertex 167.5 -152.1893398282202 0
vertex 167.5 -152.00279558154622 3
vertex 167.5 -152.1893398282202 3
endloop
endfacet
facet normal 1 0 0
outer loop
vertex 167.5 -152.1893398282202 0
vertex 167.5 -152.1893398282202 3
vertex 167.5 -152.24999999999991 3
endloop
endfacet
facet normal 1 0 0
outer loop
vertex 167.5 -152.1893398282202 0
vertex 167.5 -152.24999999999991 3
vertex 167.5 -152.25 0
endloop
endfacet
facet normal 1 0 0
outer loop
vertex 167.5 -127 0
vertex 167.5 -113 0
vertex 167.5 -108 0
endloop
endfacet
facet normal 1 0 0
outer loop
vertex 167.5 -127 0
vertex 167.5 -108 0
vertex 167.5 -94 0
endloop
endfacet
facet normal 1 0 0
outer loop
vertex 167.5 -127 0
vertex 167.5 -94 0
vertex 167.5 -93 0
endloop
endfacet
facet normal 1 0 0
outer loop
vertex 167.5 -127 0
vertex 167.5 -93 0
vertex 167.5 -92.97117792060486 0
endloop
endfacet
facet normal 1 0 0
outer loop
vertex 167.5 -127 0
vertex 167.5 -92.97117792060486 0
vertex 167.5 -92.88581929876689 0
endloop
endfacet
facet normal 1 0 0
outer loop
vertex 167.5 -127 0
vertex 167.5 -92.88581929876689 0
vertex 167.5 -92.74720441845385 0
endloop
endfacet
facet normal 1 0 0
outer loop
vertex 167.5 -127 0
vertex 167.5 -92.74720441845385 0
vertex 167.5 -92.56066017177983 0
endloop
endfacet
facet normal 1 0 0
outer loop
vertex 167.5 -127 0
vertex 167.5 -92.56066017177983 0
vertex 167.5 -92.33335534952943 0
endloop
endfacet
facet normal 1 0 0
outer loop
vertex 167.5 -127 0
vertex 167.5 -92.33335534952943 0
vertex 167.5 -92.07402514854765 0
endloop
endfacet
facet normal 1 0 0
outer loop
vertex 167.5 -127 0
vertex 167.5 -92.07402514854765 0
vertex 167.5 -91.79263548302414 0
endloop
endfacet
facet normal 1 0 0
outer loop
vertex 167.5 -127 0
vertex 167.5 -91.79263548302414 0
vertex 167.5 -91.49999999999984 0
endloop
endfacet
facet normal 1 0 0
outer loop
vertex 167.5 -127 0
vertex 167.5 -91.49999999999984 0
vertex 167.5 -91.20736451697576 0
endloop
endfacet
facet normal 1 0 0
outer loop
vertex 167.5 -127 0
vertex 167.5 -91.20736451697576 0
vertex 167.5 -90.92597485145247 0
endloop
endfacet
facet normal 1 0 0
outer loop
vertex 167.5 -127 0
vertex 167.5 -90.92597485145247 0
vertex 167.5 -90.66664465047066 0
endloop
endfacet
facet normal 1 0 0
outer loop
vertex 167.5 -127 0
vertex 167.5 -90.66664465047066 0
vertex 167.5 -90.43933982822018 0
endloop
endfacet
facet normal 1 0 0
outer loop
vertex 167.5 -127 0
vertex 167.5 -90.43933982822018 0
vertex 167.5 -90.25279558154621 0
endloop
endfacet
facet normal 1 0 0
outer loop
vertex 167.5 -127 0
vertex 167.5 -90.25279558154621 0
vertex 167.5 -90.11418070123304 0
endloop
endfacet
facet normal 1 0 0
outer loop
vertex 167.5 -127 0
vertex 167.5 -90.11418070123304 0
vertex 167.5 -90.02882207939516 0
endloop
endfacet
facet normal 1 0 0
outer loop
vertex 167.5 -127 0
vertex 167.5 -90.02882207939516 0
vertex 167.5 -90 0
endloop
endfacet
facet normal 1 0 0
outer loop
vertex 167.5 -127 0
vertex 167.5 -90 0
vertex 167.5 -89 0
endloop
endfacet
facet normal 1 0 0
outer loop
vertex 167.5 -127 0
vertex 167.5 -89 0
vertex 167.5 -75 0
endloop
endfacet
facet normal 1 0 0
outer loop
vertex 167.5 -127 0
vertex 167.5 -75 0
vertex 167.5 -73.49999999999977 0
endloop
endfacet
facet normal 1 0 0
outer loop
vertex 167.5 -127 0
vertex 167.5 -73.49999999999977 0
vertex 167.5 -73.50000000000007 3
endloop
endfacet
facet normal 1 0 0
outer loop
vertex 167.5 -127 0
vertex 167.5 -73.50000000000007 3
vertex 167.5 -75 3
endloop
endfacet
facet normal 1 0 0
outer loop
vertex 167.5 -127 0
vertex 167.5 -75 3
vertex 167.5 -89 3
endloop
endfacet
facet normal 1 0 0
outer loop
vertex 167.5 -127 0
vertex 167.5 -89 3
vertex 167.5 -90 3
endloop
endfacet
facet normal 1 0 0
outer loop
vertex 167.5 -127 0
vertex 167.5 -90 3
vertex 167.5 -90.02882207939516 3
endloop
endfacet
facet normal 1 0 0
outer loop
vertex 167.5 -127 0
vertex 167.5 -90.02882207939516 3
vertex 167.5 -90.11418070123305 3
endloop
endfacet
facet normal 1 0 0
outer loop
vertex 167.5 -127 0
vertex 167.5 -90.11418070123305 3
vertex 167.5 -90.25279558154621 3
endloop
endfacet
facet normal 1 0 0
outer loop
vertex 167.5 -127 0
vertex 167.5 -90.25279558154621 3
vertex 167.5 -90.4393398282202 3
endloop
endfacet
facet normal 1 0 0
outer loop
vertex 167.5 -127 0
vertex 167.5 -90.4393398282202 3
vertex 167.5 -90.66664465047062 3
endloop
endfacet
facet normal 1 0 0
outer loop
vertex 167.5 -127 0
vertex 167.5 -90.66664465047062 3
vertex 167.5 -90.92597485145235 3
endloop
endfacet
facet normal 1 0 0
outer loop
vertex 167.5 -127 0
vertex 167.5 -90.92597485145235 3
vertex 167.5 -91.20736451697566 3
endloop
endfacet
facet normal 1 0 0
outer loop
vertex 167.5 -127 0
vertex 167.5 -91.20736451697566 3
vertex 167.5 -91.50000000000009 3
endloop
endfacet
facet normal 1 0 0
outer loop
vertex 167.5 -127 0
vertex 167.5 -91.50000000000009 3
vertex 167.5 -91.79263548302421 3
endloop
endfacet
facet normal 1 0 0
outer loop
vertex 167.5 -127 0
vertex 167.5 -91.79263548302421 3
vertex 167.5 -92.07402514854772 3
endloop
endfacet
facet normal 1 0 0
outer loop
vertex 167.5 -127 0
vertex 167.5 -92.07402514854772 3
vertex 167.5 -92.33335534952936 3
endloop
endfacet
facet normal 1 0 0
outer loop
vertex 167.5 -127 0
vertex 167.5 -92.33335534952936 3
vertex 167.5 -92.5606601717798 3
endloop
endfacet
facet normal 1 0 0
outer loop
vertex 167.5 -127 0
vertex 167.5 -92.5606601717798 3
vertex 167.5 -92.74720441845388 3
endloop
endfacet
facet normal 1 0 0
outer loop
vertex 167.5 -127 0
vertex 167.5 -92.74720441845388 3
vertex 167.5 -92.88581929876693 3
endloop
endfacet
facet normal 1 0 0
outer loop
vertex 167.5 -127 0
vertex 167.5 -92.88581929876693 3
vertex 167.5 -92.97117792060483 3
endloop
endfacet
facet normal 1 0 0
outer loop
vertex 167.5 -127 0
vertex 167.5 -92.97117792060483 3
vertex 167.5 -92.99999999999999 3
endloop
endfacet
facet normal 1 0 0
outer loop
vertex 167.5 -127 0
vertex 167.5 -92.99999999999999 3
vertex 167.5 -94 3
endloop
endfacet
facet normal 1 0 0
outer loop
vertex 167.5 -127 0
vertex 167.5 -94 3
vertex 167.5 -108 3
endloop
endfacet
facet normal 1 0 0
outer loop
vertex 167.5 -127 0
vertex 167.5 -108 3
vertex 167.5 -113 3
endloop
endfacet
facet normal 1 0 0
outer loop
vertex 167.5 -127 0
vertex 167.5 -113 3
vertex 167.5 -127 3
endloop
endfacet
facet normal 1 0 0
outer loop
vertex 167.5 -127 0
vertex 167.5 -127 3
vertex 167.5 -128.50000000000028 3
endloop
endfacet
facet normal 1 0 0
outer loop
vertex 167.5 -127 0
vertex 167.5 -128.50000000000028 3
vertex 167.5 -128.5 0
endloop
endfacet
facet normal 0.9972041161132517 0.07472583761182244 0
outer loop
vertex 167.47766282679171 -134.95191866643927 3
vertex 167.5 -135.2500046000003 3
vertex 167.5 -135.25000460000015 0
endloop
endfacet
facet normal 0.9972041161132517 0.07472583761182244 0
outer loop
vertex 167.47766282679171 -134.95191866643927 3
vertex 167.5 -135.25000460000015 0
vertex 167.47766282679171 -134.95191866643918 0
endloop
endfacet
facet normal 0.9749287157664053 0.2225174131929177 0
outer loop
vertex 167.41114754694757 -134.66049133305984 3
vertex 167.47766282679171 -134.95191866643927 3
vertex 167.47766282679171 -134.95191866643918 0
endloop
endfacet
facet normal 0.9749287157664053 0.2225174131929177 0
outer loop
vertex 167.41114754694757 -134.66049133305984 3
vertex 167.47766282679171 -134.95191866643918 0
vertex 167.4111475469476 -134.6604913330599 0
endloop
endfacet
facet normal 0.9308748281138927 0.3653382739105379 0
outer loop
vertex 167.30194001492447 -134.3822327651713 3
vertex 167.41114754694757 -134.66049133305984 3
vertex 167.4111475469476 -134.6604913330599 0
endloop
endfacet
facet normal 0.9308748281138927 0.3653382739105379 0
outer loop
vertex 167.30194001492447 -134.3822327651713 3
vertex 167.4111475469476 -134.6604913330599 0
vertex 167.3019400149245 -134.3822327651715 0
endloop
endfacet
facet normal 0.8660265528314393 0.49999800978693354 0
outer loop
vertex 167.1524797679022 -134.1233585465013 3
vertex 167.30194001492447 -134.3822327651713 3
vertex 167.3019400149245 -134.3822327651715 0
endloop
endfacet
facet normal 0.8660265528314393 0.49999800978693354 0
outer loop
vertex 167.1524797679022 -134.1233585465013 3
vertex 167.3019400149245 -134.3822327651715 0
vertex 167.15247976790218 -134.12335854650127 0
endloop
endfacet
facet normal 0.7818325059227039 0.6234885184850041 0
outer loop
vertex 166.96610553007713 -133.88965185731914 3
vertex 167.1524797679022 -134.1233585465013 3
vertex 167.15247976790218 -134.12335854650127 0
endloop
endfacet
facet normal 0.7818325059227039 0.6234885184850041 0
outer loop
vertex 166.96610553007713 -133.88965185731914 3
vertex 167.15247976790218 -134.12335854650127 0
vertex 166.9661055300771 -133.8896518573191 0
endloop
endfacet
facet normal 0.6801734597478429 0.7330512019324772 0
outer loop
vertex 166.74698063042513 -133.68633326140076 3
vertex 166.96610553007713 -133.88965185731914 3
vertex 166.9661055300771 -133.8896518573191 0
endloop
endfacet
facet normal 0.6801734597478429 0.7330512019324772 0
outer loop
vertex 166.74698063042513 -133.68633326140076 3
vertex 166.9661055300771 -133.8896518573191 0
vertex 166.74698063042518 -133.6863332614008 0
endloop
endfacet
facet normal 0.5633098238021468 0.8262457518244766 0
outer loop
vertex 166.50000850726389 -133.51795499999997 3
vertex 166.74698063042513 -133.68633326140076 3
vertex 166.74698063042518 -133.6863332614008 0
endloop
endfacet
facet normal 0.5633098238021468 0.8262457518244766 0
outer loop
vertex 166.50000850726389 -133.51795499999997 3
vertex 166.74698063042518 -133.6863332614008 0
vertex 166.5000085072639 -133.51795499999997 0
endloop
endfacet
facet normal 1 0 0
outer loop
vertex 166.5 -133.5179492 0
vertex 166.5 -130.232045 0
vertex 166.5 -130.232045 3
endloop
endfacet
facet normal 1 0 0
outer loop
vertex 166.5 -133.5179492 0
vertex 166.5 -130.232045 3
vertex 166.5 -130.23205080000002 3
endloop
endfacet
facet normal 1 0 0
outer loop
vertex 166.5 -133.5179492 0
vertex 166.5 -130.23205080000002 3
vertex 166.50000850726389 -133.51795499999997 3
endloop
endfacet
facet normal 1 0 0
outer loop
vertex 166.5 -133.5179492 0
vertex 166.50000850726389 -133.51795499999997 3
vertex 166.5000085072639 -133.51795499999997 0
endloop
endfacet
facet normal 0.5633197391347579 -0.8262389917579226 0
outer loop
vertex 166.74697839662235 -130.06365811999908 3
vertex 166.5 -130.232045 3
vertex 166.5 -130.232045 0
endloop
endfacet
facet normal 0.5633197391347579 -0.8262389917579226 0
outer loop
vertex 166.74697839662235 -130.06365811999908 3
vertex 166.5 -130.232045 0
vertex 166.74697839662218 -130.0636581199992 0
endloop
endfacet
facet normal 0.6801718889192394 -0.7330526594481694 0
outer loop
vertex 166.96610164337787 -129.86034193154947 3
vertex 166.74697839662235 -130.06365811999908 3
vertex 166.74697839662218 -130.0636581199992 0
endloop
endfacet
facet normal 0.6801718889192394 -0.7330526594481694 0
outer loop
vertex 166.96610164337787 -129.86034193154947 3
vertex 166.74697839662218 -130.0636581199992 0
vertex 166.96610164337775 -129.86034193154958 0
endloop
endfacet
facet normal 0.7818302791706302 -0.62349131074296 0
outer loop
vertex 167.15247493944736 -129.62663813554576 3
vertex 166.96610164337787 -129.86034193154947 3
vertex 166.96610164337775 -129.86034193154958 0
endloop
endfacet
facet normal 0.7818302791706302 -0.62349131074296 0
outer loop
vertex 167.15247493944736 -129.62663813554576 3
vertex 166.96610164337775 -129.86034193154958 0
vertex 167.15247493944733 -129.62663813554582 0
endloop
endfacet
facet normal 0.8660240528288168 -0.5000023399164757 0
outer loop
vertex 167.3019350562559 -129.36776733804157 3
vertex 167.15247493944736 -129.62663813554576 3
vertex 167.15247493944733 -129.62663813554582 0
endloop
endfacet
facet normal 0.8660240528288168 -0.5000023399164757 0
outer loop
vertex 167.3019350562559 -129.36776733804157 3
vertex 167.15247493944733 -129.62663813554582 0
vertex 167.30193505625584 -129.36776733804157 0
endloop
endfacet
facet normal 0.9308724794903007 -0.36534425810128685 0
outer loop
vertex 167.4111433361617 -129.08951191798008 3
vertex 167.3019350562559 -129.36776733804157 3
vertex 167.30193505625584 -129.36776733804157 0
endloop
endfacet
facet normal 0.9308724794903007 -0.36534425810128685 0
outer loop
vertex 167.4111433361617 -129.08951191798008 3
vertex 167.30193505625584 -129.36776733804157 0
vertex 167.41114333616164 -129.08951191798022 0
endloop
endfacet
facet normal 0.9749269673845583 -0.2225250733430918 0
outer loop
vertex 167.4776602717829 -128.79808788494583 3
vertex 167.4111433361617 -129.08951191798008 3
vertex 167.41114333616164 -129.08951191798022 0
endloop
endfacet
facet normal 0.9749269673845583 -0.2225250733430918 0
outer loop
vertex 167.4776602717829 -128.79808788494583 3
vertex 167.41114333616164 -129.08951191798022 0
vertex 167.4776602717829 -128.79808788494574 0
endloop
endfacet
facet normal 0.9972035156105696 -0.0747338507901247 0
outer loop
vertex 167.5 -128.50000000000028 3
vertex 167.4776602717829 -128.79808788494583 3
vertex 167.4776602717829 -128.79808788494574 0
endloop
endfacet
facet normal 0.9972035156105696 -0.0747338507901247 0
outer loop
vertex 167.5 -128.50000000000028 3
vertex 167.4776602717829 -128.79808788494574 0
vertex 167.5 -128.5 0
endloop
endfacet
facet normal 0.9961946980917433 0.08715574274768298 0
outer loop
vertex 167.4696155060244 -73.15270364466613 3
vertex 167.5 -73.50000000000007 3
vertex 167.5 -73.49999999999977 0
endloop
endfacet
facet normal 0.9961946980917433 0.08715574274768298 0
outer loop
vertex 167.4696155060244 -73.15270364466613 3
vertex 167.5 -73.49999999999977 0
vertex 167.4696155060244 -73.15270364466606 0
endloop
endfacet
facet normal 0.9659258262890627 0.25881904510254217 0
outer loop
vertex 167.3793852415718 -72.81595971334868 3
vertex 167.4696155060244 -73.15270364466613 3
vertex 167.4696155060244 -73.15270364466606 0
endloop
endfacet
facet normal 0.9659258262890627 0.25881904510254217 0
outer loop
vertex 167.3793852415718 -72.81595971334868 3
vertex 167.4696155060244 -73.15270364466606 0
vertex 167.37938524157184 -72.81595971334875 0
endloop
endfacet
facet normal 0.9063077870366523 0.42261826174069467 0
outer loop
vertex 167.23205080756884 -72.49999999999997 3
vertex 167.3793852415718 -72.81595971334868 3
vertex 167.37938524157184 -72.81595971334875 0
endloop
endfacet
facet normal 0.9063077870366523 0.42261826174069467 0
outer loop
vertex 167.23205080756884 -72.49999999999997 3
vertex 167.37938524157184 -72.81595971334875 0
vertex 167.2320508075688 -72.49999999999989 0
endloop
endfacet
facet normal 0.8191520442890001 0.5735764363510342 0
outer loop
vertex 167.03208888623794 -72.21442478062694 3
vertex 167.23205080756884 -72.49999999999997 3
vertex 167.2320508075688 -72.49999999999989 0
endloop
endfacet
facet normal 0.8191520442890001 0.5735764363510342 0
outer loop
vertex 167.03208888623794 -72.21442478062694 3
vertex 167.2320508075688 -72.49999999999989 0
vertex 167.03208888623803 -72.214424780627 0
endloop
endfacet
facet normal 0.7071067811865688 0.7071067811865261 0
outer loop
vertex 166.78557521937304 -71.96791111376203 3
vertex 167.03208888623794 -72.21442478062694 3
vertex 167.03208888623803 -72.214424780627 0
endloop
endfacet
facet normal 0.7071067811865688 0.7071067811865261 0
outer loop
vertex 166.78557521937304 -71.96791111376203 3
vertex 167.03208888623803 -72.214424780627 0
vertex 166.78557521937316 -71.96791111376211 0
endloop
endfacet
facet normal 0.5735764363510826 0.8191520442889663 0
outer loop
vertex 166.49999999999991 -71.76794919243108 3
vertex 166.78557521937304 -71.96791111376203 3
vertex 166.78557521937316 -71.96791111376211 0
endloop
endfacet
facet normal 0.5735764363510826 0.8191520442889663 0
outer loop
vertex 166.49999999999991 -71.76794919243108 3
vertex 166.78557521937316 -71.96791111376211 0
vertex 166.49999999999991 -71.76794919243106 0
endloop
endfacet
facet normal 0.42261826174066563 0.9063077870366658 0
outer loop
vertex 166.18404028665137 -71.62061475842819 3
vertex 166.49999999999991 -71.76794919243108 3
vertex 166.49999999999991 -71.76794919243106 0
endloop
endfacet
facet normal 0.42261826174066563 0.9063077870366658 0
outer loop
vertex 166.18404028665137 -71.62061475842819 3
vertex 166.49999999999991 -71.76794919243106 0
vertex 166.1840402866514 -71.62061475842819 0
endloop
endfacet
facet normal 0.25881904510251275 0.9659258262890704 0
outer loop
vertex 165.84729635533392 -71.5303844939756 3
vertex 166.18404028665137 -71.62061475842819 3
vertex 166.1840402866514 -71.62061475842819 0
endloop
endfacet
facet normal 0.25881904510251275 0.9659258262890704 0
outer loop
vertex 165.84729635533392 -71.5303844939756 3
vertex 166.1840402866514 -71.62061475842819 0
vertex 165.84729635533398 -71.5303844939756 0
endloop
endfacet
facet normal 0.08715574274768298 0.9961946980917433 0
outer loop
vertex 165.4999999999999 -71.5 3
vertex 165.84729635533392 -71.5303844939756 3
vertex 165.84729635533398 -71.5303844939756 0
endloop
endfacet
facet normal 0.08715574274768298 0.9961946980917433 0
outer loop
vertex 165.4999999999999 -71.5 3
vertex 165.84729635533398 -71.5303844939756 0
vertex 165.49999999999994 -71.5 0
endloop
endfacet
facet normal 0 1 0
outer loop
vertex 165.4999999999999 -71.5 3
vertex 165.49999999999994 -71.5 0
vertex 91.50000000000011 -71.5 0
endloop
endfacet
facet normal 0 1 0
outer loop
vertex 165.4999999999999 -71.5 3
vertex 91.50000000000011 -71.5 0
vertex 91.5000000000001 -71.5 3
endloop
endfacet
facet normal -0.08715574274768298 0.9961946980917433 0
outer loop
vertex 91.15270364466609 -71.5303844939756 3
vertex 91.5000000000001 -71.5 3
vertex 91.50000000000011 -71.5 0
endloop
endfacet
facet normal -0.08715574274768298 0.9961946980917433 0
outer loop
vertex 91.15270364466609 -71.5303844939756 3
vertex 91.50000000000011 -71.5 0
vertex 91.1527036446661 -71.5303844939756 0
endloop
endfacet
facet normal -0.25881904510251297 0.9659258262890704 0
outer loop
vertex 90.81595971334863 -71.62061475842819 3
vertex 91.15270364466609 -71.5303844939756 3
vertex 91.1527036446661 -71.5303844939756 0
endloop
endfacet
facet normal -0.25881904510251297 0.9659258262890704 0
outer loop
vertex 90.81595971334863 -71.62061475842819 3
vertex 91.1527036446661 -71.5303844939756 0
vertex 90.81595971334866 -71.62061475842819 0
endloop
endfacet
facet normal -0.42261826174066586 0.9063077870366657 0
outer loop
vertex 90.50000000000003 -71.76794919243108 3
vertex 90.81595971334863 -71.62061475842819 3
vertex 90.81595971334866 -71.62061475842819 0
endloop
endfacet
facet normal -0.42261826174066586 0.9063077870366657 0
outer loop
vertex 90.50000000000003 -71.76794919243108 3
vertex 90.81595971334866 -71.62061475842819 0
vertex 90.50000000000003 -71.76794919243106 0
endloop
endfacet
facet normal -0.5735764363510633 0.8191520442889798 0
outer loop
vertex 90.21442478062698 -71.96791111376203 3
vertex 90.50000000000003 -71.76794919243108 3
vertex 90.50000000000003 -71.76794919243106 0
endloop
endfacet
facet normal -0.5735764363510633 0.8191520442889798 0
outer loop
vertex 90.21442478062698 -71.96791111376203 3
vertex 90.50000000000003 -71.76794919243106 0
vertex 90.21442478062694 -71.96791111376211 0
endloop
endfacet
facet normal -0.7071067811865476 0.7071067811865476 0
outer loop
vertex 89.96791111376204 -72.21442478062694 3
vertex 90.21442478062698 -71.96791111376203 3
vertex 90.21442478062694 -71.96791111376211 0
endloop
endfacet
facet normal -0.7071067811865476 0.7071067811865476 0
outer loop
vertex 89.96791111376204 -72.21442478062694 3
vertex 90.21442478062694 -71.96791111376211 0
vertex 89.96791111376194 -72.214424780627 0
endloop
endfacet
facet normal -0.8191520442889821 0.5735764363510599 0
outer loop
vertex 89.76794919243109 -72.49999999999997 3
vertex 89.96791111376204 -72.21442478062694 3
vertex 89.96791111376194 -72.214424780627 0
endloop
endfacet
facet normal -0.8191520442889821 0.5735764363510599 0
outer loop
vertex 89.76794919243109 -72.49999999999997 3
vertex 89.96791111376194 -72.214424780627 0
vertex 89.76794919243116 -72.49999999999989 0
endloop
endfacet
facet normal -0.9063077870366645 0.4226182617406686 0
outer loop
vertex 89.62061475842818 -72.81595971334868 3
vertex 89.76794919243109 -72.49999999999997 3
vertex 89.76794919243116 -72.49999999999989 0
endloop
endfacet
facet normal -0.9063077870366645 0.4226182617406686 0
outer loop
vertex 89.62061475842818 -72.81595971334868 3
vertex 89.76794919243116 -72.49999999999989 0
vertex 89.62061475842818 -72.81595971334875 0
endloop
endfacet
facet normal -0.9659258262890704 0.25881904510251297 0
outer loop
vertex 89.53038449397559 -73.15270364466613 3
vertex 89.62061475842818 -72.81595971334868 3
vertex 89.62061475842818 -72.81595971334875 0
endloop
endfacet
facet normal -0.9659258262890704 0.25881904510251297 0
outer loop
vertex 89.53038449397559 -73.15270364466613 3
vertex 89.62061475842818 -72.81595971334875 0
vertex 89.53038449397557 -73.15270364466606 0
endloop
endfacet
facet normal -0.996194698091746 0.08715574274765456 0
outer loop
vertex 89.5 -73.50000000000007 3
vertex 89.53038449397559 -73.15270364466613 3
vertex 89.53038449397557 -73.15270364466606 0
endloop
endfacet
facet normal -0.996194698091746 0.08715574274765456 0
outer loop
vertex 89.5 -73.50000000000007 3
vertex 89.53038449397557 -73.15270364466606 0
vertex 89.5 -73.49999999999977 0
endloop
endfacet
facet normal 0 1 0
outer loop
vertex 107 -127 3
vertex 107 -127 0
vertex 93 -127 0
endloop
endfacet
facet normal 0 1 0
outer loop
vertex 107 -127 3
vertex 93 -127 0
vertex 93 -127 3
endloop
endfacet
facet normal 0 1 0
outer loop
vertex 126 -127 3
vertex 126 -127 0
vertex 112 -127 0
endloop
endfacet
facet normal 0 1 0
outer loop
vertex 126 -127 3
vertex 112 -127 0
vertex 112 -127 3
endloop
endfacet
facet normal 0 1 0
outer loop
vertex 145 -127 3
vertex 145 -127 0
vertex 131 -127 0
endloop
endfacet
facet normal 0 1 0
outer loop
vertex 145 -127 3
vertex 131 -127 0
vertex 131 -127 3
endloop
endfacet
facet normal 0 1 0
outer loop
vertex 164 -127 3
vertex 164 -127 0
vertex 150 -127 0
endloop
endfacet
facet normal 0 1 0
outer loop
vertex 164 -127 3
vertex 150 -127 0
vertex 150 -127 3
endloop
endfacet
facet normal -1 0 0
outer loop
vertex 107 -113 3
vertex 107 -113 0
vertex 107 -127 0
endloop
endfacet
facet normal -1 0 0
outer loop
vertex 107 -113 3
vertex 107 -127 0
vertex 107 -127 3
endloop
endfacet
facet normal -1 0 0
outer loop
vertex 107 -94 3
vertex 107 -94 0
vertex 107 -108 0
endloop
endfacet
facet normal -1 0 0
outer loop
vertex 107 -94 3
vertex 107 -108 0
vertex 107 -108 3
endloop
endfacet
facet normal -1 0 0
outer loop
vertex 107 -75 3
vertex 107 -75 0
vertex 107 -89 0
endloop
endfacet
facet normal -1 0 0
outer loop
vertex 107 -75 3
vertex 107 -89 0
vertex 107 -89 3
endloop
endfacet
facet normal 0 -1 0
outer loop
vertex 107 -113 0
vertex 107 -113 3
vertex 93 -113 3
endloop
endfacet
facet normal 0 -1 0
outer loop
vertex 107 -113 0
vertex 93 -113 3
vertex 93 -113 0
endloop
endfacet
facet normal 0 -1 0
outer loop
vertex 126 -113 0
vertex 126 -113 3
vertex 112 -113 3
endloop
endfacet
facet normal 0 -1 0
outer loop
vertex 126 -113 0
vertex 112 -113 3
vertex 112 -113 0
endloop
endfacet
facet normal 0 -1 0
outer loop
vertex 145 -113 0
vertex 145 -113 3
vertex 131 -113 3
endloop
endfacet
facet normal 0 -1 0
outer loop
vertex 145 -113 0
vertex 131 -113 3
vertex 131 -113 0
endloop
endfacet
facet normal 0 -1 0
outer loop
vertex 164 -113 0
vertex 164 -113 3
vertex 150 -113 3
endloop
endfacet
facet normal 0 -1 0
outer loop
vertex 164 -113 0
vertex 150 -113 3
vertex 150 -113 0
endloop
endfacet
facet normal 1 0 0
outer loop
vertex 93 -113 0
vertex 93 -113 3
vertex 93 -127 3
endloop
endfacet
facet normal 1 0 0
outer loop
vertex 93 -113 0
vertex 93 -127 3
vertex 93 -127 0
endloop
endfacet
facet normal 1 0 0
outer loop
vertex 93 -94 0
vertex 93 -94 3
vertex 93 -108 3
endloop
endfacet
facet normal 1 0 0
outer loop
vertex 93 -94 0
vertex 93 -108 3
vertex 93 -108 0
endloop
endfacet
facet normal 1 0 0
outer loop
vertex 93 -75 0
vertex 93 -75 3
vertex 93 -89 3
endloop
endfacet
facet normal 1 0 0
outer loop
vertex 93 -75 0
vertex 93 -89 3
vertex 93 -89 0
endloop
endfacet
facet normal 0 1 0
outer loop
vertex 107 -108 3
vertex 107 -108 0
vertex 93 -108 0
endloop
endfacet
facet normal 0 1 0
outer loop
vertex 107 -108 3
vertex 93 -108 0
vertex 93 -108 3
endloop
endfacet
facet normal 0 1 0
outer loop
vertex 126 -108 3
vertex 126 -108 0
vertex 112 -108 0
endloop
endfacet
facet normal 0 1 0
outer loop
vertex 126 -108 3
vertex 112 -108 0
vertex 112 -108 3
endloop
endfacet
facet normal 0 1 0
outer loop
vertex 145 -108 3
vertex 145 -108 0
vertex 131 -108 0
endloop
endfacet
facet normal 0 1 0
outer loop
vertex 145 -108 3
vertex 131 -108 0
vertex 131 -108 3
endloop
endfacet
facet normal 0 1 0
outer loop
vertex 164 -108 3
vertex 164 -108 0
vertex 150 -108 0
endloop
endfacet
facet normal 0 1 0
outer loop
vertex 164 -108 3
vertex 150 -108 0
vertex 150 -108 3
endloop
endfacet
facet normal 0 -1 0
outer loop
vertex 107 -94 0
vertex 107 -94 3
vertex 93 -94 3
endloop
endfacet
facet normal 0 -1 0
outer loop
vertex 107 -94 0
vertex 93 -94 3
vertex 93 -94 0
endloop
endfacet
facet normal 0 -1 0
outer loop
vertex 126 -94 0
vertex 126 -94 3
vertex 112 -94 3
endloop
endfacet
facet normal 0 -1 0
outer loop
vertex 126 -94 0
vertex 112 -94 3
vertex 112 -94 0
endloop
endfacet
facet normal 0 -1 0
outer loop
vertex 145 -94 0
vertex 145 -94 3
vertex 131 -94 3
endloop
endfacet
facet normal 0 -1 0
outer loop
vertex 145 -94 0
vertex 131 -94 3
vertex 131 -94 0
endloop
endfacet
facet normal 0 -1 0
outer loop
vertex 164 -94 0
vertex 164 -94 3
vertex 150 -94 3
endloop
endfacet
facet normal 0 -1 0
outer loop
vertex 164 -94 0
vertex 150 -94 3
vertex 150 -94 0
endloop
endfacet
facet normal 0 1 0
outer loop
vertex 107 -89 3
vertex 107 -89 0
vertex 93 -89 0
endloop
endfacet
facet normal 0 1 0
outer loop
vertex 107 -89 3
vertex 93 -89 0
vertex 93 -89 3
endloop
endfacet
facet normal 0 1 0
outer loop
vertex 126 -89 3
vertex 126 -89 0
vertex 112 -89 0
endloop
endfacet
facet normal 0 1 0
outer loop
vertex 126 -89 3
vertex 112 -89 0
vertex 112 -89 3
endloop
endfacet
facet normal 0 1 0
outer loop
vertex 145 -89 3
vertex 145 -89 0
vertex 131 -89 0
endloop
endfacet
facet normal 0 1 0
outer loop
vertex 145 -89 3
vertex 131 -89 0
vertex 131 -89 3
endloop
endfacet
facet normal 0 1 0
outer loop
vertex 164 -89 3
vertex 164 -89 0
vertex 150 -89 0
endloop
endfacet
facet normal 0 1 0
outer loop
vertex 164 -89 3
vertex 150 -89 0
vertex 150 -89 3
endloop
endfacet
facet normal 0 -1 0
outer loop
vertex 107 -75 0
vertex 107 -75 3
vertex 93 -75 3
endloop
endfacet
facet normal 0 -1 0
outer loop
vertex 107 -75 0
vertex 93 -75 3
vertex 93 -75 0
endloop
endfacet
facet normal 0 -1 0
outer loop
vertex 126 -75 0
vertex 126 -75 3
vertex 112 -75 3
endloop
endfacet
facet normal 0 -1 0
outer loop
vertex 126 -75 0
vertex 112 -75 3
vertex 112 -75 0
endloop
endfacet
facet normal 0 -1 0
outer loop
vertex 145 -75 0
vertex 145 -75 3
vertex 131 -75 3
endloop
endfacet
facet normal 0 -1 0
outer loop
vertex 145 -75 0
vertex 131 -75 3
vertex 131 -75 0
endloop
endfacet
facet normal 0 -1 0
outer loop
vertex 164 -75 0
vertex 164 -75 3
vertex 150 -75 3
endloop
endfacet
facet normal 0 -1 0
outer loop
vertex 164 -75 0
vertex 150 -75 3
vertex 150 -75 0
endloop
endfacet
facet normal -1 0 0
outer loop
vertex 126 -113 3
vertex 126 -113 0
vertex 126 -127 0
endloop
endfacet
facet normal -1 0 0
outer loop
vertex 126 -113 3
vertex 126 -127 0
vertex 126 -127 3
endloop
endfacet
facet normal -1 0 0
outer loop
vertex 126 -94 3
vertex 126 -94 0
vertex 126 -108 0
endloop
endfacet
facet normal -1 0 0
outer loop
vertex 126 -94 3
vertex 126 -108 0
vertex 126 -108 3
endloop
endfacet
facet normal -1 0 0
outer loop
vertex 126 -75 3
vertex 126 -75 0
vertex 126 -89 0
endloop
endfacet
facet normal -1 0 0
outer loop
vertex 126 -75 3
vertex 126 -89 0
vertex 126 -89 3
endloop
endfacet
facet normal 1 0 0
outer loop
vertex 112 -113 0
vertex 112 -113 3
vertex 112 -127 3
endloop
endfacet
facet normal 1 0 0
outer loop
vertex 112 -113 0
vertex 112 -127 3
vertex 112 -127 0
endloop
endfacet
facet normal 1 0 0
outer loop
vertex 112 -94 0
vertex 112 -94 3
vertex 112 -108 3
endloop
endfacet
facet normal 1 0 0
outer loop
vertex 112 -94 0
vertex 112 -108 3
vertex 112 -108 0
endloop
endfacet
facet normal 1 0 0
outer loop
vertex 112 -75 0
vertex 112 -75 3
vertex 112 -89 3
endloop
endfacet
facet normal 1 0 0
outer loop
vertex 112 -75 0
vertex 112 -89 3
vertex 112 -89 0
endloop
endfacet
facet normal -1 0 0
outer loop
vertex 145 -113 3
vertex 145 -113 0
vertex 145 -127 0
endloop
endfacet
facet normal -1 0 0
outer loop
vertex 145 -113 3
vertex 145 -127 0
vertex 145 -127 3
endloop
endfacet
facet normal -1 0 0
outer loop
vertex 145 -94 3
vertex 145 -94 0
vertex 145 -108 0
endloop
endfacet
facet normal -1 0 0
outer loop
vertex 145 -94 3
vertex 145 -108 0
vertex 145 -108 3
endloop
endfacet
facet normal -1 0 0
outer loop
vertex 145 -75 3
vertex 145 -75 0
vertex 145 -89 0
endloop
endfacet
facet normal -1 0 0
outer loop
vertex 145 -75 3
vertex 145 -89 0
vertex 145 -89 3
endloop
endfacet
facet normal 1 0 0
outer loop
vertex 131 -113 0
vertex 131 -113 3
vertex 131 -127 3
endloop
endfacet
facet normal 1 0 0
outer loop
vertex 131 -113 0
vertex 131 -127 3
vertex 131 -127 0
endloop
endfacet
facet normal 1 0 0
outer loop
vertex 131 -94 0
vertex 131 -94 3
vertex 131 -108 3
endloop
endfacet
facet normal 1 0 0
outer loop
vertex 131 -94 0
vertex 131 -108 3
vertex 131 -108 0
endloop
endfacet
facet normal 1 0 0
outer loop
vertex 131 -75 0
vertex 131 -75 3
vertex 131 -89 3
endloop
endfacet
facet normal 1 0 0
outer loop
vertex 131 -75 0
vertex 131 -89 3
vertex 131 -89 0
endloop
endfacet
facet normal -1 0 0
outer loop
vertex 164 -113 3
vertex 164 -113 0
vertex 164 -127 0
endloop
endfacet
facet normal -1 0 0
outer loop
vertex 164 -113 3
vertex 164 -127 0
vertex 164 -127 3
endloop
endfacet
facet normal -1 0 0
outer loop
vertex 164 -94 3
vertex 164 -94 0
vertex 164 -108 0
endloop
endfacet
facet normal -1 0 0
outer loop
vertex 164 -94 3
vertex 164 -108 0
vertex 164 -108 3
endloop
endfacet
facet normal -1 0 0
outer loop
vertex 164 -75 3
vertex 164 -75 0
vertex 164 -89 0
endloop
endfacet
facet normal -1 0 0
outer loop
vertex 164 -75 3
vertex 164 -89 0
vertex 164 -89 3
endloop
endfacet
facet normal 1 0 0
outer loop
vertex 150 -113 0
vertex 150 -113 3
vertex 150 -127 3
endloop
endfacet
facet normal 1 0 0
outer loop
vertex 150 -113 0
vertex 150 -127 3
vertex 150 -127 0
endloop
endfacet
facet normal 1 0 0
outer loop
vertex 150 -94 0
vertex 150 -94 3
vertex 150 -108 3
endloop
endfacet
facet normal 1 0 0
outer loop
vertex 150 -94 0
vertex 150 -108 3
vertex 150 -108 0
endloop
endfacet
facet normal 1 0 0
outer loop
vertex 150 -75 0
vertex 150 -75 3
vertex 150 -89 3
endloop
endfacet
facet normal 1 0 0
outer loop
vertex 150 -75 0
vertex 150 -89 3
vertex 150 -89 0
endloop
endfacet
facet normal 0 1 0
outer loop
vertex 116.5 -174.5 3
vertex 116.5 -174.5 0
vertex 102.5 -174.5 0
endloop
endfacet
facet normal 0 1 0
outer loop
vertex 116.5 -174.5 3
vertex 102.5 -174.5 0
vertex 102.5 -174.5 3
endloop
endfacet
facet normal 0 1 0
outer loop
vertex 135.5 -174.5 3
vertex 135.5 -174.5 0
vertex 121.5 -174.5 0
endloop
endfacet
facet normal 0 1 0
outer loop
vertex 135.5 -174.5 3
vertex 121.5 -174.5 0
vertex 121.5 -174.5 3
endloop
endfacet
facet normal 0 1 0
outer loop
vertex 154.5 -174.5 3
vertex 154.5 -174.5 0
vertex 140.5 -174.5 0
endloop
endfacet
facet normal 0 1 0
outer loop
vertex 154.5 -174.5 3
vertex 140.5 -174.5 0
vertex 140.5 -174.5 3
endloop
endfacet
facet normal -1 0 0
outer loop
vertex 116.5 -160.5 3
vertex 116.5 -160.5 0
vertex 116.5 -174.5 0
endloop
endfacet
facet normal -1 0 0
outer loop
vertex 116.5 -160.5 3
vertex 116.5 -174.5 0
vertex 116.5 -174.5 3
endloop
endfacet
facet normal 0 -1 0
outer loop
vertex 116.5 -160.5 0
vertex 116.5 -160.5 3
vertex 102.5 -160.5 3
endloop
endfacet
facet normal 0 -1 0
outer loop
vertex 116.5 -160.5 0
vertex 102.5 -160.5 3
vertex 102.5 -160.5 0
endloop
endfacet
facet normal 0 -1 0
outer loop
vertex 135.5 -160.5 0
vertex 135.5 -160.5 3
vertex 121.5 -160.5 3
endloop
endfacet
facet normal 0 -1 0
outer loop
vertex 135.5 -160.5 0
vertex 121.5 -160.5 3
vertex 121.5 -160.5 0
endloop
endfacet
facet normal 0 -1 0
outer loop
vertex 154.5 -160.5 0
vertex 154.5 -160.5 3
vertex 140.5 -160.5 3
endloop
endfacet
facet normal 0 -1 0
outer loop
vertex 154.5 -160.5 0
vertex 140.5 -160.5 3
vertex 140.5 -160.5 0
endloop
endfacet
facet normal 1 0 0
outer loop
vertex 102.5 -165.7703297 0
vertex 102.5 -165.26434782931176 0
vertex 102.5 -164.76649505331682 0
endloop
endfacet
facet normal 1 0 0
outer loop
vertex 102.5 -165.7703297 0
vertex 102.5 -164.76649505331682 0
vertex 102.5 -164.2847698500001 0
endloop
endfacet
facet normal 1 0 0
outer loop
vertex 102.5 -165.7703297 0
vertex 102.5 -164.2847698500001 0
vertex 102.5 -160.5 0
endloop
endfacet
facet normal 1 0 0
outer loop
vertex 102.5 -165.7703297 0
vertex 102.5 -160.5 0
vertex 102.5 -160.5 3
endloop
endfacet
facet normal 1 0 0
outer loop
vertex 102.5 -165.7703297 0
vertex 102.5 -160.5 3
vertex 102.5 -164.2847698500001 3
endloop
endfacet
facet normal 1 0 0
outer loop
vertex 102.5 -165.7703297 0
vertex 102.5 -164.2847698500001 3
vertex 102.5 -164.7664950533167 3
endloop
endfacet
facet normal 1 0 0
outer loop
vertex 102.5 -165.7703297 0
vertex 102.5 -164.7664950533167 3
vertex 102.5 -165.26434782931193 3
endloop
endfacet
facet normal 1 0 0
outer loop
vertex 102.5 -165.7703297 0
vertex 102.5 -165.26434782931193 3
vertex 102.5 -165.77032969999993 3
endloop
endfacet
facet normal 1 0 0
outer loop
vertex 102.5 -165.7703297 0
vertex 102.5 -165.77032969999993 3
vertex 102.5 -174.5 3
endloop
endfacet
facet normal 1 0 0
outer loop
vertex 102.5 -165.7703297 0
vertex 102.5 -174.5 3
vertex 102.5 -174.5 0
endloop
endfacet
facet normal -1 0 0
outer loop
vertex 135.5 -160.5 3
vertex 135.5 -160.5 0
vertex 135.5 -174.5 0
endloop
endfacet
facet normal -1 0 0
outer loop
vertex 135.5 -160.5 3
vertex 135.5 -174.5 0
vertex 135.5 -174.5 3
endloop
endfacet
facet normal -1 0 0
outer loop
vertex 135.5 -154.75 3
vertex 135.5 -154.72117792060484 3
vertex 135.5 -154.63581929876696 3
endloop
endfacet
facet normal -1 0 0
outer loop
vertex 135.5 -154.75 3
vertex 135.5 -154.63581929876696 3
vertex 135.5 -154.4972044184538 3
endloop
endfacet
facet normal -1 0 0
outer loop
vertex 135.5 -154.75 3
vertex 135.5 -154.4972044184538 3
vertex 135.5 -154.3106601717799 3
endloop
endfacet
facet normal -1 0 0
outer loop
vertex 135.5 -154.75 3
vertex 135.5 -154.3106601717799 3
vertex 135.5 -154.08335534952937 3
endloop
endfacet
facet normal -1 0 0
outer loop
vertex 135.5 -154.75 3
vertex 135.5 -154.08335534952937 3
vertex 135.5 -153.82402514854766 3
endloop
endfacet
facet normal -1 0 0
outer loop
vertex 135.5 -154.75 3
vertex 135.5 -153.82402514854766 3
vertex 135.5 -153.54263548302413 3
endloop
endfacet
facet normal -1 0 0
outer loop
vertex 135.5 -154.75 3
vertex 135.5 -153.54263548302413 3
vertex 135.5 -153.24999999999997 3
endloop
endfacet
facet normal -1 0 0
outer loop
vertex 135.5 -154.75 3
vertex 135.5 -153.24999999999997 3
vertex 135.5 -152.95736451697576 3
endloop
endfacet
facet normal -1 0 0
outer loop
vertex 135.5 -154.75 3
vertex 135.5 -152.95736451697576 3
vertex 135.5 -152.67597485145254 3
endloop
endfacet
facet normal -1 0 0
outer loop
vertex 135.5 -154.75 3
vertex 135.5 -152.67597485145254 3
vertex 135.5 -152.41664465047066 3
endloop
endfacet
facet normal -1 0 0
outer loop
vertex 135.5 -154.75 3
vertex 135.5 -152.41664465047066 3
vertex 135.5 -152.1893398282202 3
endloop
endfacet
facet normal -1 0 0
outer loop
vertex 135.5 -154.75 3
vertex 135.5 -152.1893398282202 3
vertex 135.5 -152.00279558154622 3
endloop
endfacet
facet normal -1 0 0
outer loop
vertex 135.5 -154.75 3
vertex 135.5 -152.00279558154622 3
vertex 135.5 -151.86418070123304 3
endloop
endfacet
facet normal -1 0 0
outer loop
vertex 135.5 -154.75 3
vertex 135.5 -151.86418070123304 3
vertex 135.5 -151.77882207939518 3
endloop
endfacet
facet normal -1 0 0
outer loop
vertex 135.5 -154.75 3
vertex 135.5 -151.77882207939518 3
vertex 135.5 -151.75 3
endloop
endfacet
facet normal -1 0 0
outer loop
vertex 135.5 -154.75 3
vertex 135.5 -151.75 3
vertex 135.5 -150 3
endloop
endfacet
facet normal -1 0 0
outer loop
vertex 135.5 -154.75 3
vertex 135.5 -150 3
vertex 135.5 -141.5 3
endloop
endfacet
facet normal -1 0 0
outer loop
vertex 135.5 -154.75 3
vertex 135.5 -141.5 3
vertex 135.5 -141.5 0
endloop
endfacet
facet normal -1 0 0
outer loop
vertex 135.5 -154.75 3
vertex 135.5 -141.5 0
vertex 135.5 -150 0
endloop
endfacet
facet normal -1 0 0
outer loop
vertex 135.5 -154.75 3
vertex 135.5 -150 0
vertex 135.5 -151.75 0
endloop
endfacet
facet normal -1 0 0
outer loop
vertex 135.5 -154.75 3
vertex 135.5 -151.75 0
vertex 135.5 -151.77882207939516 0
endloop
endfacet
facet normal -1 0 0
outer loop
vertex 135.5 -154.75 3
vertex 135.5 -151.77882207939516 0
vertex 135.5 -151.86418070123304 0
endloop
endfacet
facet normal -1 0 0
outer loop
vertex 135.5 -154.75 3
vertex 135.5 -151.86418070123304 0
vertex 135.5 -152.00279558154625 0
endloop
endfacet
facet normal -1 0 0
outer loop
vertex 135.5 -154.75 3
vertex 135.5 -152.00279558154625 0
vertex 135.5 -152.1893398282202 0
endloop
endfacet
facet normal -1 0 0
outer loop
vertex 135.5 -154.75 3
vertex 135.5 -152.1893398282202 0
vertex 135.5 -152.41664465047066 0
endloop
endfacet
facet normal -1 0 0
outer loop
vertex 135.5 -154.75 3
vertex 135.5 -152.41664465047066 0
vertex 135.5 -152.6759748514526 0
endloop
endfacet
facet normal -1 0 0
outer loop
vertex 135.5 -154.75 3
vertex 135.5 -152.6759748514526 0
vertex 135.5 -152.9573645169758 0
endloop
endfacet
facet normal -1 0 0
outer loop
vertex 135.5 -154.75 3
vertex 135.5 -152.9573645169758 0
vertex 135.5 -153.25 0
endloop
endfacet
facet normal -1 0 0
outer loop
vertex 135.5 -154.75 3
vertex 135.5 -153.25 0
vertex 135.5 -153.54263548302418 0
endloop
endfacet
facet normal -1 0 0
outer loop
vertex 135.5 -154.75 3
vertex 135.5 -153.54263548302418 0
vertex 135.5 -153.8240251485476 0
endloop
endfacet
facet normal -1 0 0
outer loop
vertex 135.5 -154.75 3
vertex 135.5 -153.8240251485476 0
vertex 135.5 -154.08335534952934 0
endloop
endfacet
facet normal -1 0 0
outer loop
vertex 135.5 -154.75 3
vertex 135.5 -154.08335534952934 0
vertex 135.5 -154.31066017177986 0
endloop
endfacet
facet normal -1 0 0
outer loop
vertex 135.5 -154.75 3
vertex 135.5 -154.31066017177986 0
vertex 135.5 -154.49720441845383 0
endloop
endfacet
facet normal -1 0 0
outer loop
vertex 135.5 -154.75 3
vertex 135.5 -154.49720441845383 0
vertex 135.5 -154.63581929876696 0
endloop
endfacet
facet normal -1 0 0
outer loop
vertex 135.5 -154.75 3
vertex 135.5 -154.63581929876696 0
vertex 135.5 -154.72117792060484 0
endloop
endfacet
facet normal -1 0 0
outer loop
vertex 135.5 -154.75 3
vertex 135.5 -154.72117792060484 0
vertex 135.5 -154.75 0
endloop
endfacet
facet normal -1 0 0
outer loop
vertex 135.5 -154.75 3
vertex 135.5 -154.75 0
vertex 135.5 -155.5 0
endloop
endfacet
facet normal -1 0 0
outer loop
vertex 135.5 -154.75 3
vertex 135.5 -155.5 0
vertex 135.5 -155.5 3
endloop
endfacet
facet normal 1 0 0
outer loop
vertex 121.5 -160.5 0
vertex 121.5 -160.5 3
vertex 121.5 -174.5 3
endloop
endfacet
facet normal 1 0 0
outer loop
vertex 121.5 -160.5 0
vertex 121.5 -174.5 3
vertex 121.5 -174.5 0
endloop
endfacet
facet normal 1 0 0
outer loop
vertex 121.5 -154.75 0
vertex 121.5 -154.72117792060484 0
vertex 121.5 -154.63581929876696 0
endloop
endfacet
facet normal 1 0 0
outer loop
vertex 121.5 -154.75 0
vertex 121.5 -154.63581929876696 0
vertex 121.5 -154.49720441845383 0
endloop
endfacet
facet normal 1 0 0
outer loop
vertex 121.5 -154.75 0
vertex 121.5 -154.49720441845383 0
vertex 121.5 -154.31066017177986 0
endloop
endfacet
facet normal 1 0 0
outer loop
vertex 121.5 -154.75 0
vertex 121.5 -154.31066017177986 0
vertex 121.5 -154.08335534952934 0
endloop
endfacet
facet normal 1 0 0
outer loop
vertex 121.5 -154.75 0
vertex 121.5 -154.08335534952934 0
vertex 121.5 -153.8240251485476 0
endloop
endfacet
facet normal 1 0 0
outer loop
vertex 121.5 -154.75 0
vertex 121.5 -153.8240251485476 0
vertex 121.5 -153.54263548302418 0
endloop
endfacet
facet normal 1 0 0
outer loop
vertex 121.5 -154.75 0
vertex 121.5 -153.54263548302418 0
vertex 121.5 -153.25 0
endloop
endfacet
facet normal 1 0 0
outer loop
vertex 121.5 -154.75 0
vertex 121.5 -153.25 0
vertex 121.5 -152.9573645169758 0
endloop
endfacet
facet normal 1 0 0
outer loop
vertex 121.5 -154.75 0
vertex 121.5 -152.9573645169758 0
vertex 121.5 -152.6759748514526 0
endloop
endfacet
facet normal 1 0 0
outer loop
vertex 121.5 -154.75 0
vertex 121.5 -152.6759748514526 0
vertex 121.5 -152.41664465047066 0
endloop
endfacet
facet normal 1 0 0
outer loop
vertex 121.5 -154.75 0
vertex 121.5 -152.41664465047066 0
vertex 121.5 -152.1893398282202 0
endloop
endfacet
facet normal 1 0 0
outer loop
vertex 121.5 -154.75 0
vertex 121.5 -152.1893398282202 0
vertex 121.5 -152.00279558154625 0
endloop
endfacet
facet normal 1 0 0
outer loop
vertex 121.5 -154.75 0
vertex 121.5 -152.00279558154625 0
vertex 121.5 -151.86418070123304 0
endloop
endfacet
facet normal 1 0 0
outer loop
vertex 121.5 -154.75 0
vertex 121.5 -151.86418070123304 0
vertex 121.5 -151.77882207939516 0
endloop
endfacet
facet normal 1 0 0
outer loop
vertex 121.5 -154.75 0
vertex 121.5 -151.77882207939516 0
vertex 121.5 -151.75 0
endloop
endfacet
facet normal 1 0 0
outer loop
vertex 121.5 -154.75 0
vertex 121.5 -151.75 0
vertex 121.5 -150 0
endloop
endfacet
facet normal 1 0 0
outer loop
vertex 121.5 -154.75 0
vertex 121.5 -150 0
vertex 121.5 -141.5 0
endloop
endfacet
facet normal 1 0 0
outer loop
vertex 121.5 -154.75 0
vertex 121.5 -141.5 0
vertex 121.5 -141.5 3
endloop
endfacet
facet normal 1 0 0
outer loop
vertex 121.5 -154.75 0
vertex 121.5 -141.5 3
vertex 121.5 -150 3
endloop
endfacet
facet normal 1 0 0
outer loop
vertex 121.5 -154.75 0
vertex 121.5 -150 3
vertex 121.5 -151.75 3
endloop
endfacet
facet normal 1 0 0
outer loop
vertex 121.5 -154.75 0
vertex 121.5 -151.75 3
vertex 121.5 -151.77882207939518 3
endloop
endfacet
facet normal 1 0 0
outer loop
vertex 121.5 -154.75 0
vertex 121.5 -151.77882207939518 3
vertex 121.5 -151.86418070123304 3
endloop
endfacet
facet normal 1 0 0
outer loop
vertex 121.5 -154.75 0
vertex 121.5 -151.86418070123304 3
vertex 121.5 -152.00279558154622 3
endloop
endfacet
facet normal 1 0 0
outer loop
vertex 121.5 -154.75 0
vertex 121.5 -152.00279558154622 3
vertex 121.5 -152.1893398282202 3
endloop
endfacet
facet normal 1 0 0
outer loop
vertex 121.5 -154.75 0
vertex 121.5 -152.1893398282202 3
vertex 121.5 -152.41664465047066 3
endloop
endfacet
facet normal 1 0 0
outer loop
vertex 121.5 -154.75 0
vertex 121.5 -152.41664465047066 3
vertex 121.5 -152.67597485145254 3
endloop
endfacet
facet normal 1 0 0
outer loop
vertex 121.5 -154.75 0
vertex 121.5 -152.67597485145254 3
vertex 121.5 -152.95736451697576 3
endloop
endfacet
facet normal 1 0 0
outer loop
vertex 121.5 -154.75 0
vertex 121.5 -152.95736451697576 3
vertex 121.5 -153.24999999999997 3
endloop
endfacet
facet normal 1 0 0
outer loop
vertex 121.5 -154.75 0
vertex 121.5 -153.24999999999997 3
vertex 121.5 -153.54263548302413 3
endloop
endfacet
facet normal 1 0 0
outer loop
vertex 121.5 -154.75 0
vertex 121.5 -153.54263548302413 3
vertex 121.5 -153.82402514854766 3
endloop
endfacet
facet normal 1 0 0
outer loop
vertex 121.5 -154.75 0
vertex 121.5 -153.82402514854766 3
vertex 121.5 -154.08335534952937 3
endloop
endfacet
facet normal 1 0 0
outer loop
vertex 121.5 -154.75 0
vertex 121.5 -154.08335534952937 3
vertex 121.5 -154.3106601717799 3
endloop
endfacet
facet normal 1 0 0
outer loop
vertex 121.5 -154.75 0
vertex 121.5 -154.3106601717799 3
vertex 121.5 -154.4972044184538 3
endloop
endfacet
facet normal 1 0 0
outer loop
vertex 121.5 -154.75 0
vertex 121.5 -154.4972044184538 3
vertex 121.5 -154.63581929876696 3
endloop
endfacet
facet normal 1 0 0
outer loop
vertex 121.5 -154.75 0
vertex 121.5 -154.63581929876696 3
vertex 121.5 -154.72117792060484 3
endloop
endfacet
facet normal 1 0 0
outer loop
vertex 121.5 -154.75 0
vertex 121.5 -154.72117792060484 3
vertex 121.5 -154.75 3
endloop
endfacet
facet normal 1 0 0
outer loop
vertex 121.5 -154.75 0
vertex 121.5 -154.75 3
vertex 121.5 -155.5 3
endloop
endfacet
facet normal 1 0 0
outer loop
vertex 121.5 -154.75 0
vertex 121.5 -155.5 3
vertex 121.5 -155.5 0
endloop
endfacet
facet normal 0 1 0
outer loop
vertex 135.5 -155.5 3
vertex 135.5 -155.5 0
vertex 121.5 -155.5 0
endloop
endfacet
facet normal 0 1 0
outer loop
vertex 135.5 -155.5 3
vertex 121.5 -155.5 0
vertex 121.5 -155.5 3
endloop
endfacet
facet normal 0 -1 0
outer loop
vertex 135.5 -141.5 0
vertex 135.5 -141.5 3
vertex 121.5 -141.5 3
endloop
endfacet
facet normal 0 -1 0
outer loop
vertex 135.5 -141.5 0
vertex 121.5 -141.5 3
vertex 121.5 -141.5 0
endloop
endfacet
facet normal -1 0 0
outer loop
vertex 154.5 -165.77032969999993 3
vertex 154.5 -165.26434782931193 3
vertex 154.5 -164.76649365331645 3
endloop
endfacet
facet normal -1 0 0
outer loop
vertex 154.5 -165.77032969999993 3
vertex 154.5 -164.76649365331645 3
vertex 154.5 -164.28476689999997 3
endloop
endfacet
facet normal -1 0 0
outer loop
vertex 154.5 -165.77032969999993 3
vertex 154.5 -164.28476689999997 3
vertex 154.5 -160.5 3
endloop
endfacet
facet normal -1 0 0
outer loop
vertex 154.5 -165.77032969999993 3
vertex 154.5 -160.5 3
vertex 154.5 -160.5 0
endloop
endfacet
facet normal -1 0 0
outer loop
vertex 154.5 -165.77032969999993 3
vertex 154.5 -160.5 0
vertex 154.5 -164.28476689999974 0
endloop
endfacet
facet normal -1 0 0
outer loop
vertex 154.5 -165.77032969999993 3
vertex 154.5 -164.28476689999974 0
vertex 154.5 -164.76649365331673 0
endloop
endfacet
facet normal -1 0 0
outer loop
vertex 154.5 -165.77032969999993 3
vertex 154.5 -164.76649365331673 0
vertex 154.5 -165.26434782931176 0
endloop
endfacet
facet normal -1 0 0
outer loop
vertex 154.5 -165.77032969999993 3
vertex 154.5 -165.26434782931176 0
vertex 154.5 -165.7703297 0
endloop
endfacet
facet normal -1 0 0
outer loop
vertex 154.5 -165.77032969999993 3
vertex 154.5 -165.7703297 0
vertex 154.5 -174.5 0
endloop
endfacet
facet normal -1 0 0
outer loop
vertex 154.5 -165.77032969999993 3
vertex 154.5 -174.5 0
vertex 154.5 -174.5 3
endloop
endfacet
facet normal 1 0 0
outer loop
vertex 140.5 -160.5 0
vertex 140.5 -160.5 3
vertex 140.5 -174.5 3
endloop
endfacet
facet normal 1 0 0
outer loop
vertex 140.5 -160.5 0
vertex 140.5 -174.5 3
vertex 140.5 -174.5 0
endloop
endfacet
facet normal 0 1 0
outer loop
vertex 106.1 -150 3
vertex 106.1 -150 0
vertex 93.9 -150 0
endloop
endfacet
facet normal 0 1 0
outer loop
vertex 106.1 -150 3
vertex 93.9 -150 0
vertex 93.9 -150 3
endloop
endfacet
facet normal 0 1 0
outer loop
vertex 163.1 -150 3
vertex 163.1 -150 0
vertex 150.9 -150 0
endloop
endfacet
facet normal 0 1 0
outer loop
vertex 163.1 -150 3
vertex 150.9 -150 0
vertex 150.9 -150 3
endloop
endfacet
facet normal -1 0 0
outer loop
vertex 106.1 -141.5 3
vertex 106.1 -137.5 3
vertex 106.1 -137.5 0
endloop
endfacet
facet normal -1 0 0
outer loop
vertex 106.1 -141.5 3
vertex 106.1 -137.5 0
vertex 106.1 -141.5 0
endloop
endfacet
facet normal -1 0 0
outer loop
vertex 106.1 -141.5 3
vertex 106.1 -141.5 0
vertex 106.1 -150 0
endloop
endfacet
facet normal -1 0 0
outer loop
vertex 106.1 -141.5 3
vertex 106.1 -150 0
vertex 106.1 -150 3
endloop
endfacet
facet normal 0 -1 0
outer loop
vertex 106.1 -137.5 0
vertex 106.1 -137.5 3
vertex 93.9 -137.5 3
endloop
endfacet
facet normal 0 -1 0
outer loop
vertex 106.1 -137.5 0
vertex 93.9 -137.5 3
vertex 93.9 -137.5 0
endloop
endfacet
facet normal 0 -1 0
outer loop
vertex 163.1 -137.5 0
vertex 163.1 -137.5 3
vertex 150.9 -137.5 3
endloop
endfacet
facet normal 0 -1 0
outer loop
vertex 163.1 -137.5 0
vertex 150.9 -137.5 3
vertex 150.9 -137.5 0
endloop
endfacet
facet normal 1 0 0
outer loop
vertex 93.9 -137.5 0
vertex 93.9 -137.5 3
vertex 93.9 -150 3
endloop
endfacet
facet normal 1 0 0
outer loop
vertex 93.9 -137.5 0
vertex 93.9 -150 3
vertex 93.9 -150 0
endloop
endfacet
facet normal -1 0 0
outer loop
vertex 163.1 -137.5 3
vertex 163.1 -137.5 0
vertex 163.1 -150 0
endloop
endfacet
facet normal -1 0 0
outer loop
vertex 163.1 -137.5 3
vertex 163.1 -150 0
vertex 163.1 -150 3
endloop
endfacet
facet normal 1 0 0
outer loop
vertex 150.9 -141.5 0
vertex 150.9 -137.5 0
vertex 150.9 -137.5 3
endloop
endfacet
facet normal 1 0 0
outer loop
vertex 150.9 -141.5 0
vertex 150.9 -137.5 3
vertex 150.9 -141.5 3
endloop
endfacet
facet normal 1 0 0
outer loop
vertex 150.9 -141.5 0
vertex 150.9 -141.5 3
vertex 150.9 -150 3
endloop
endfacet
facet normal 1 0 0
outer loop
vertex 150.9 -141.5 0
vertex 150.9 -150 3
vertex 150.9 -150 0
endloop
endfacet
facet normal -0.9951847266721969 0.09801714032956006 0
outer loop
vertex 110.97117792060484 -91.79263548302421 3
vertex 110.99999999999999 -91.50000000000009 3
vertex 111 -91.49999999999984 0
endloop
endfacet
facet normal -0.9951847266721969 0.09801714032956006 0
outer loop
vertex 110.97117792060484 -91.79263548302421 3
vertex 111 -91.49999999999984 0
vertex 110.97117792060484 -91.79263548302414 0
endloop
endfacet
facet normal -0.9951847266721984 -0.09801714032954582 0
outer loop
vertex 110.99999999999999 -91.50000000000009 3
vertex 110.97117792060482 -91.20736451697566 3
vertex 110.97117792060484 -91.20736451697576 0
endloop
endfacet
facet normal -0.9951847266721984 -0.09801714032954582 0
outer loop
vertex 110.99999999999999 -91.50000000000009 3
vertex 110.97117792060484 -91.20736451697576 0
vertex 111 -91.49999999999984 0
endloop
endfacet
facet normal -0.956940335732209 -0.29028467725446194 0
outer loop
vertex 110.97117792060482 -91.20736451697566 3
vertex 110.88581929876696 -90.92597485145235 3
vertex 110.88581929876695 -90.92597485145247 0
endloop
endfacet
facet normal -0.956940335732209 -0.29028467725446194 0
outer loop
vertex 110.97117792060482 -91.20736451697566 3
vertex 110.88581929876695 -90.92597485145247 0
vertex 110.97117792060484 -91.20736451697576 0
endloop
endfacet
facet normal -0.881921264348341 -0.4713967368260239 0
outer loop
vertex 110.88581929876696 -90.92597485145235 3
vertex 110.74720441845385 -90.66664465047062 3
vertex 110.7472044184538 -90.66664465047066 0
endloop
endfacet
facet normal -0.881921264348341 -0.4713967368260239 0
outer loop
vertex 110.88581929876696 -90.92597485145235 3
vertex 110.7472044184538 -90.66664465047066 0
vertex 110.88581929876695 -90.92597485145247 0
endloop
endfacet
facet normal -0.7730104533627331 -0.63439328416365 0
outer loop
vertex 110.74720441845385 -90.66664465047062 3
vertex 110.56066017177982 -90.4393398282202 3
vertex 110.5606601717798 -90.43933982822018 0
endloop
endfacet
facet normal -0.7730104533627331 -0.63439328416365 0
outer loop
vertex 110.74720441845385 -90.66664465047062 3
vertex 110.5606601717798 -90.43933982822018 0
vertex 110.7472044184538 -90.66664465047066 0
endloop
endfacet
facet normal -0.6343932841636603 -0.7730104533627249 0
outer loop
vertex 110.56066017177982 -90.4393398282202 3
vertex 110.33335534952936 -90.25279558154621 3
vertex 110.33335534952943 -90.25279558154621 0
endloop
endfacet
facet normal -0.6343932841636603 -0.7730104533627249 0
outer loop
vertex 110.56066017177982 -90.4393398282202 3
vertex 110.33335534952943 -90.25279558154621 0
vertex 110.5606601717798 -90.43933982822018 0
endloop
endfacet
facet normal -0.4713967368259909 -0.8819212643483587 0
outer loop
vertex 110.33335534952936 -90.25279558154621 3
vertex 110.07402514854762 -90.11418070123305 3
vertex 110.07402514854758 -90.11418070123304 0
endloop
endfacet
facet normal -0.4713967368259909 -0.8819212643483587 0
outer loop
vertex 110.33335534952936 -90.25279558154621 3
vertex 110.07402514854758 -90.11418070123304 0
vertex 110.33335534952943 -90.25279558154621 0
endloop
endfacet
facet normal -0.2902846772544624 -0.9569403357322089 0
outer loop
vertex 110.07402514854762 -90.11418070123305 3
vertex 109.79263548302424 -90.02882207939516 3
vertex 109.79263548302413 -90.02882207939516 0
endloop
endfacet
facet normal -0.2902846772544624 -0.9569403357322089 0
outer loop
vertex 110.07402514854762 -90.11418070123305 3
vertex 109.79263548302413 -90.02882207939516 0
vertex 110.07402514854758 -90.11418070123304 0
endloop
endfacet
facet normal -0.09801714032954574 -0.9951847266721985 0
outer loop
vertex 109.79263548302424 -90.02882207939516 3
vertex 109.50000000000006 -90 3
vertex 109.50000000000001 -90 0
endloop
endfacet
facet normal -0.09801714032954574 -0.9951847266721985 0
outer loop
vertex 109.79263548302424 -90.02882207939516 3
vertex 109.50000000000001 -90 0
vertex 109.79263548302413 -90.02882207939516 0
endloop
endfacet
facet normal 0.09801714032957415 -0.9951847266721956 0
outer loop
vertex 109.50000000000006 -90 3
vertex 109.20736451697576 -90.02882207939516 3
vertex 109.20736451697582 -90.02882207939516 0
endloop
endfacet
facet normal 0.09801714032957415 -0.9951847266721956 0
outer loop
vertex 109.50000000000006 -90 3
vertex 109.20736451697582 -90.02882207939516 0
vertex 109.50000000000001 -90 0
endloop
endfacet
facet normal 0.29028467725447593 -0.9569403357322048 0
outer loop
vertex 109.20736451697576 -90.02882207939516 3
vertex 108.92597485145225 -90.11418070123305 3
vertex 108.9259748514524 -90.11418070123304 0
endloop
endfacet
facet normal 0.29028467725447593 -0.9569403357322048 0
outer loop
vertex 109.20736451697576 -90.02882207939516 3
vertex 108.9259748514524 -90.11418070123304 0
vertex 109.20736451697582 -90.02882207939516 0
endloop
endfacet
facet normal 0.47139673682602246 -0.881921264348342 0
outer loop
vertex 108.92597485145225 -90.11418070123305 3
vertex 108.66664465047073 -90.25279558154621 3
vertex 108.66664465047043 -90.25279558154621 0
endloop
endfacet
facet normal 0.47139673682602246 -0.881921264348342 0
outer loop
vertex 108.92597485145225 -90.11418070123305 3
vertex 108.66664465047043 -90.25279558154621 0
vertex 108.9259748514524 -90.11418070123304 0
endloop
endfacet
facet normal 0.6343932841636603 -0.7730104533627248 0
outer loop
vertex 108.66664465047073 -90.25279558154621 3
vertex 108.43933982822016 -90.4393398282202 3
vertex 108.43933982822038 -90.43933982822018 0
endloop
endfacet
facet normal 0.6343932841636603 -0.7730104533627248 0
outer loop
vertex 108.66664465047073 -90.25279558154621 3
vertex 108.43933982822038 -90.43933982822018 0
vertex 108.66664465047043 -90.25279558154621 0
endloop
endfacet
facet normal 0.7730104533627319 -0.6343932841636518 0
outer loop
vertex 108.43933982822016 -90.4393398282202 3
vertex 108.25279558154617 -90.66664465047062 3
vertex 108.25279558154605 -90.66664465047066 0
endloop
endfacet
facet normal 0.7730104533627319 -0.6343932841636518 0
outer loop
vertex 108.43933982822016 -90.4393398282202 3
vertex 108.25279558154605 -90.66664465047066 0
vertex 108.43933982822038 -90.43933982822018 0
endloop
endfacet
facet normal 0.8819212643483493 -0.47139673682600836 0
outer loop
vertex 108.25279558154617 -90.66664465047062 3
vertex 108.11418070123304 -90.92597485145235 3
vertex 108.11418070123305 -90.92597485145247 0
endloop
endfacet
facet normal 0.8819212643483493 -0.47139673682600836 0
outer loop
vertex 108.25279558154617 -90.66664465047062 3
vertex 108.11418070123305 -90.92597485145247 0
vertex 108.25279558154605 -90.66664465047066 0
endloop
endfacet
facet normal 0.9569403357322095 -0.29028467725446094 0
outer loop
vertex 108.11418070123304 -90.92597485145235 3
vertex 108.02882207939517 -91.20736451697566 3
vertex 108.02882207939521 -91.20736451697576 0
endloop
endfacet
facet normal 0.9569403357322095 -0.29028467725446094 0
outer loop
vertex 108.11418070123304 -90.92597485145235 3
vertex 108.02882207939521 -91.20736451697576 0
vertex 108.11418070123305 -90.92597485145247 0
endloop
endfacet
facet normal 0.9951847266721969 -0.09801714032956006 0
outer loop
vertex 108.02882207939517 -91.20736451697566 3
vertex 108 -91.50000000000009 3
vertex 108.00000000000003 -91.49999999999984 0
endloop
endfacet
facet normal 0.9951847266721969 -0.09801714032956006 0
outer loop
vertex 108.02882207939517 -91.20736451697566 3
vertex 108.00000000000003 -91.49999999999984 0
vertex 108.02882207939521 -91.20736451697576 0
endloop
endfacet
facet normal 0.9951847266721956 0.09801714032957415 0
outer loop
vertex 108 -91.50000000000009 3
vertex 108.02882207939516 -91.79263548302421 3
vertex 108.02882207939517 -91.79263548302414 0
endloop
endfacet
facet normal 0.9951847266721956 0.09801714032957415 0
outer loop
vertex 108 -91.50000000000009 3
vertex 108.02882207939517 -91.79263548302414 0
vertex 108.00000000000003 -91.49999999999984 0
endloop
endfacet
facet normal 0.956940335732209 0.29028467725446194 0
outer loop
vertex 108.02882207939516 -91.79263548302421 3
vertex 108.11418070123307 -92.07402514854772 3
vertex 108.11418070123308 -92.07402514854765 0
endloop
endfacet
facet normal 0.956940335732209 0.29028467725446194 0
outer loop
vertex 108.02882207939516 -91.79263548302421 3
vertex 108.11418070123308 -92.07402514854765 0
vertex 108.02882207939517 -91.79263548302414 0
endloop
endfacet
facet normal 0.8819212643483568 0.4713967368259944 0
outer loop
vertex 108.11418070123307 -92.07402514854772 3
vertex 108.2527955815462 -92.33335534952936 3
vertex 108.25279558154615 -92.33335534952943 0
endloop
endfacet
facet normal 0.8819212643483568 0.4713967368259944 0
outer loop
vertex 108.11418070123307 -92.07402514854772 3
vertex 108.25279558154615 -92.33335534952943 0
vertex 108.11418070123308 -92.07402514854765 0
endloop
endfacet
facet normal 0.7730104533627326 0.6343932841636509 0
outer loop
vertex 108.2527955815462 -92.33335534952936 3
vertex 108.43933982822023 -92.5606601717798 3
vertex 108.43933982822017 -92.56066017177983 0
endloop
endfacet
facet normal 0.7730104533627326 0.6343932841636509 0
outer loop
vertex 108.2527955815462 -92.33335534952936 3
vertex 108.43933982822017 -92.56066017177983 0
vertex 108.25279558154615 -92.33335534952943 0
endloop
endfacet
facet normal 0.6343932841636688 0.7730104533627179 0
outer loop
vertex 108.43933982822023 -92.5606601717798 3
vertex 108.66664465047056 -92.74720441845388 3
vertex 108.66664465047069 -92.74720441845385 0
endloop
endfacet
facet normal 0.6343932841636688 0.7730104533627179 0
outer loop
vertex 108.43933982822023 -92.5606601717798 3
vertex 108.66664465047069 -92.74720441845385 0
vertex 108.43933982822017 -92.56066017177983 0
endloop
endfacet
facet normal 0.4713967368259909 0.8819212643483587 0
outer loop
vertex 108.66664465047056 -92.74720441845388 3
vertex 108.92597485145237 -92.88581929876693 3
vertex 108.92597485145218 -92.88581929876689 0
endloop
endfacet
facet normal 0.4713967368259909 0.8819212643483587 0
outer loop
vertex 108.66664465047056 -92.74720441845388 3
vertex 108.92597485145218 -92.88581929876689 0
vertex 108.66664465047069 -92.74720441845385 0
endloop
endfacet
facet normal 0.29028467725447593 0.9569403357322048 0
outer loop
vertex 108.92597485145237 -92.88581929876693 3
vertex 109.20736451697569 -92.97117792060483 3
vertex 109.20736451697599 -92.97117792060486 0
endloop
endfacet
facet normal 0.29028467725447593 0.9569403357322048 0
outer loop
vertex 108.92597485145237 -92.88581929876693 3
vertex 109.20736451697599 -92.97117792060486 0
vertex 108.92597485145218 -92.88581929876689 0
endloop
endfacet
facet normal 0.09801714032955997 0.9951847266721969 0
outer loop
vertex 109.20736451697569 -92.97117792060483 3
vertex 109.49999999999989 -92.99999999999999 3
vertex 109.49999999999987 -93 0
endloop
endfacet
facet normal 0.09801714032955997 0.9951847266721969 0
outer loop
vertex 109.20736451697569 -92.97117792060483 3
vertex 109.49999999999987 -93 0
vertex 109.20736451697599 -92.97117792060486 0
endloop
endfacet
facet normal -0.09801714032956006 0.9951847266721969 0
outer loop
vertex 109.49999999999989 -92.99999999999999 3
vertex 109.7926354830242 -92.97117792060483 3
vertex 109.79263548302423 -92.97117792060486 0
endloop
endfacet
facet normal -0.09801714032956006 0.9951847266721969 0
outer loop
vertex 109.49999999999989 -92.99999999999999 3
vertex 109.79263548302423 -92.97117792060486 0
vertex 109.49999999999987 -93 0
endloop
endfacet
facet normal -0.29028467725447593 0.9569403357322048 0
outer loop
vertex 109.7926354830242 -92.97117792060483 3
vertex 110.07402514854759 -92.88581929876693 3
vertex 110.07402514854768 -92.88581929876689 0
endloop
endfacet
facet normal -0.29028467725447593 0.9569403357322048 0
outer loop
vertex 109.7926354830242 -92.97117792060483 3
vertex 110.07402514854768 -92.88581929876689 0
vertex 109.79263548302423 -92.97117792060486 0
endloop
endfacet
facet normal -0.47139673682602246 0.881921264348342 0
outer loop
vertex 110.07402514854759 -92.88581929876693 3
vertex 110.3333553495293 -92.74720441845388 3
vertex 110.33335534952933 -92.74720441845385 0
endloop
endfacet
facet normal -0.47139673682602246 0.881921264348342 0
outer loop
vertex 110.07402514854759 -92.88581929876693 3
vertex 110.33335534952933 -92.74720441845385 0
vertex 110.07402514854768 -92.88581929876689 0
endloop
endfacet
facet normal -0.6343932841636603 0.7730104533627248 0
outer loop
vertex 110.3333553495293 -92.74720441845388 3
vertex 110.56066017177983 -92.5606601717798 3
vertex 110.56066017177987 -92.56066017177983 0
endloop
endfacet
facet normal -0.6343932841636603 0.7730104533627248 0
outer loop
vertex 110.3333553495293 -92.74720441845388 3
vertex 110.56066017177987 -92.56066017177983 0
vertex 110.33335534952933 -92.74720441845385 0
endloop
endfacet
facet normal -0.7730104533627319 0.6343932841636518 0
outer loop
vertex 110.56066017177983 -92.5606601717798 3
vertex 110.74720441845383 -92.33335534952936 3
vertex 110.74720441845378 -92.33335534952943 0
endloop
endfacet
facet normal -0.7730104533627319 0.6343932841636518 0
outer loop
vertex 110.56066017177983 -92.5606601717798 3
vertex 110.74720441845378 -92.33335534952943 0
vertex 110.56066017177987 -92.56066017177983 0
endloop
endfacet
facet normal -0.8819212643483434 0.47139673682601946 0
outer loop
vertex 110.74720441845383 -92.33335534952936 3
vertex 110.88581929876686 -92.07402514854772 3
vertex 110.88581929876686 -92.07402514854765 0
endloop
endfacet
facet normal -0.8819212643483434 0.47139673682601946 0
outer loop
vertex 110.74720441845383 -92.33335534952936 3
vertex 110.88581929876686 -92.07402514854765 0
vertex 110.74720441845378 -92.33335534952943 0
endloop
endfacet
facet normal -0.9569403357322087 0.2902846772544629 0
outer loop
vertex 110.88581929876686 -92.07402514854772 3
vertex 110.97117792060484 -91.79263548302421 3
vertex 110.97117792060484 -91.79263548302414 0
endloop
endfacet
facet normal -0.9569403357322087 0.2902846772544629 0
outer loop
vertex 110.88581929876686 -92.07402514854772 3
vertex 110.97117792060484 -91.79263548302414 0
vertex 110.88581929876686 -92.07402514854765 0
endloop
endfacet
facet normal -0.9951847266721956 0.09801714032957415 0
outer loop
vertex 148.97117792060487 -91.79263548302421 3
vertex 149 -91.50000000000009 3
vertex 149 -91.49999999999984 0
endloop
endfacet
facet normal -0.9951847266721956 0.09801714032957415 0
outer loop
vertex 148.97117792060487 -91.79263548302421 3
vertex 149 -91.49999999999984 0
vertex 148.97117792060484 -91.79263548302414 0
endloop
endfacet
facet normal -0.9951847266721956 -0.09801714032957415 0
outer loop
vertex 149 -91.50000000000009 3
vertex 148.97117792060482 -91.20736451697566 3
vertex 148.97117792060484 -91.20736451697576 0
endloop
endfacet
facet normal -0.9951847266721956 -0.09801714032957415 0
outer loop
vertex 149 -91.50000000000009 3
vertex 148.97117792060484 -91.20736451697576 0
vertex 149 -91.49999999999984 0
endloop
endfacet
facet normal -0.9569403357322048 -0.29028467725447593 0
outer loop
vertex 148.97117792060482 -91.20736451697566 3
vertex 148.88581929876693 -90.92597485145235 3
vertex 148.885819298767 -90.92597485145247 0
endloop
endfacet
facet normal -0.9569403357322048 -0.29028467725447593 0
outer loop
vertex 148.97117792060482 -91.20736451697566 3
vertex 148.885819298767 -90.92597485145247 0
vertex 148.97117792060484 -91.20736451697576 0
endloop
endfacet
facet normal -0.881921264348327 -0.4713967368260505 0
outer loop
vertex 148.88581929876693 -90.92597485145235 3
vertex 148.74720441845383 -90.66664465047062 3
vertex 148.74720441845383 -90.66664465047066 0
endloop
endfacet
facet normal -0.881921264348327 -0.4713967368260505 0
outer loop
vertex 148.88581929876693 -90.92597485145235 3
vertex 148.74720441845383 -90.66664465047066 0
vertex 148.885819298767 -90.92597485145247 0
endloop
endfacet
facet normal -0.7730104533627572 -0.6343932841636208 0
outer loop
vertex 148.74720441845383 -90.66664465047062 3
vertex 148.56066017177986 -90.4393398282202 3
vertex 148.56066017177983 -90.43933982822018 0
endloop
endfacet
facet normal -0.7730104533627572 -0.6343932841636208 0
outer loop
vertex 148.74720441845383 -90.66664465047062 3
vertex 148.56066017177983 -90.43933982822018 0
vertex 148.74720441845383 -90.66664465047066 0
endloop
endfacet
facet normal -0.6343932841636509 -0.7730104533627326 0
outer loop
vertex 148.56066017177986 -90.4393398282202 3
vertex 148.33335534952946 -90.25279558154621 3
vertex 148.33335534952943 -90.25279558154621 0
endloop
endfacet
facet normal -0.6343932841636509 -0.7730104533627326 0
outer loop
vertex 148.56066017177986 -90.4393398282202 3
vertex 148.33335534952943 -90.25279558154621 0
vertex 148.56066017177983 -90.43933982822018 0
endloop
endfacet
facet normal -0.471396736826014 -0.8819212643483463 0
outer loop
vertex 148.33335534952946 -90.25279558154621 3
vertex 148.0740251485476 -90.11418070123305 3
vertex 148.07402514854758 -90.11418070123304 0
endloop
endfacet
facet normal -0.471396736826014 -0.8819212643483463 0
outer loop
vertex 148.33335534952946 -90.25279558154621 3
vertex 148.07402514854758 -90.11418070123304 0
vertex 148.33335534952943 -90.25279558154621 0
endloop
endfacet
facet normal -0.2902846772544479 -0.9569403357322133 0
outer loop
vertex 148.0740251485476 -90.11418070123305 3
vertex 147.7926354830242 -90.02882207939516 3
vertex 147.79263548302424 -90.02882207939516 0
endloop
endfacet
facet normal -0.2902846772544479 -0.9569403357322133 0
outer loop
vertex 148.0740251485476 -90.11418070123305 3
vertex 147.79263548302424 -90.02882207939516 0
vertex 148.07402514854758 -90.11418070123304 0
endloop
endfacet
facet normal -0.09801714032954582 -0.9951847266721984 0
outer loop
vertex 147.7926354830242 -90.02882207939516 3
vertex 147.50000000000006 -90 3
vertex 147.50000000000006 -90 0
endloop
endfacet
facet normal -0.09801714032954582 -0.9951847266721984 0
outer loop
vertex 147.7926354830242 -90.02882207939516 3
vertex 147.50000000000006 -90 0
vertex 147.79263548302424 -90.02882207939516 0
endloop
endfacet
facet normal 0.09801714032957415 -0.9951847266721956 0
outer loop
vertex 147.50000000000006 -90 3
vertex 147.20736451697573 -90.02882207939516 3
vertex 147.20736451697587 -90.02882207939516 0
endloop
endfacet
facet normal 0.09801714032957415 -0.9951847266721956 0
outer loop
vertex 147.50000000000006 -90 3
vertex 147.20736451697587 -90.02882207939516 0
vertex 147.50000000000006 -90 0
endloop
endfacet
facet normal 0.2902846772544479 -0.9569403357322133 0
outer loop
vertex 147.20736451697573 -90.02882207939516 3
vertex 146.92597485145225 -90.11418070123305 3
vertex 146.9259748514523 -90.11418070123304 0
endloop
endfacet
facet normal 0.2902846772544479 -0.9569403357322133 0
outer loop
vertex 147.20736451697573 -90.02882207939516 3
vertex 146.9259748514523 -90.11418070123304 0
vertex 147.20736451697587 -90.02882207939516 0
endloop
endfacet
facet normal 0.47139673682599736 -0.8819212643483552 0
outer loop
vertex 146.92597485145225 -90.11418070123305 3
vertex 146.6666446504708 -90.25279558154621 3
vertex 146.66664465047052 -90.25279558154621 0
endloop
endfacet
facet normal 0.47139673682599736 -0.8819212643483552 0
outer loop
vertex 146.92597485145225 -90.11418070123305 3
vertex 146.66664465047052 -90.25279558154621 0
vertex 146.9259748514523 -90.11418070123304 0
endloop
endfacet
facet normal 0.6343932841636364 -0.7730104533627445 0
outer loop
vertex 146.6666446504708 -90.25279558154621 3
vertex 146.43933982822017 -90.4393398282202 3
vertex 146.4393398282203 -90.43933982822018 0
endloop
endfacet
facet normal 0.6343932841636364 -0.7730104533627445 0
outer loop
vertex 146.6666446504708 -90.25279558154621 3
vertex 146.4393398282203 -90.43933982822018 0
vertex 146.66664465047052 -90.25279558154621 0
endloop
endfacet
facet normal 0.7730104533627769 -0.634393284163597 0
outer loop
vertex 146.43933982822017 -90.4393398282202 3
vertex 146.25279558154622 -90.66664465047062 3
vertex 146.25279558154622 -90.66664465047066 0
endloop
endfacet
facet normal 0.7730104533627769 -0.634393284163597 0
outer loop
vertex 146.43933982822017 -90.4393398282202 3
vertex 146.25279558154622 -90.66664465047066 0
vertex 146.4393398282203 -90.43933982822018 0
endloop
endfacet
facet normal 0.8819212643483284 -0.47139673682604744 0
outer loop
vertex 146.25279558154622 -90.66664465047062 3
vertex 146.114180701233 -90.92597485145235 3
vertex 146.114180701233 -90.92597485145247 0
endloop
endfacet
facet normal 0.8819212643483284 -0.47139673682604744 0
outer loop
vertex 146.25279558154622 -90.66664465047062 3
vertex 146.114180701233 -90.92597485145247 0
vertex 146.25279558154622 -90.66664465047066 0
endloop
endfacet
facet normal 0.9569403357322133 -0.2902846772544479 0
outer loop
vertex 146.114180701233 -90.92597485145235 3
vertex 146.02882207939516 -91.20736451697566 3
vertex 146.02882207939518 -91.20736451697576 0
endloop
endfacet
facet normal 0.9569403357322133 -0.2902846772544479 0
outer loop
vertex 146.114180701233 -90.92597485145235 3
vertex 146.02882207939518 -91.20736451697576 0
vertex 146.114180701233 -90.92597485145247 0
endloop
endfacet
facet normal 0.9951847266721956 -0.09801714032957415 0
outer loop
vertex 146.02882207939516 -91.20736451697566 3
vertex 146 -91.50000000000009 3
vertex 146 -91.49999999999984 0
endloop
endfacet
facet normal 0.9951847266721956 -0.09801714032957415 0
outer loop
vertex 146.02882207939516 -91.20736451697566 3
vertex 146 -91.49999999999984 0
vertex 146.02882207939518 -91.20736451697576 0
endloop
endfacet
facet normal 0.9951847266721956 0.09801714032957415 0
outer loop
vertex 146 -91.50000000000009 3
vertex 146.02882207939516 -91.79263548302421 3
vertex 146.02882207939516 -91.79263548302414 0
endloop
endfacet
facet normal 0.9951847266721956 0.09801714032957415 0
outer loop
vertex 146 -91.50000000000009 3
vertex 146.02882207939516 -91.79263548302414 0
vertex 146 -91.49999999999984 0
endloop
endfacet
facet normal 0.9569403357322048 0.29028467725447593 0
outer loop
vertex 146.02882207939516 -91.79263548302421 3
vertex 146.1141807012331 -92.07402514854772 3
vertex 146.1141807012331 -92.07402514854765 0
endloop
endfacet
facet normal 0.9569403357322048 0.29028467725447593 0
outer loop
vertex 146.02882207939516 -91.79263548302421 3
vertex 146.1141807012331 -92.07402514854765 0
vertex 146.02882207939516 -91.79263548302414 0
endloop
endfacet
facet normal 0.8819212643483417 0.4713967368260224 0
outer loop
vertex 146.1141807012331 -92.07402514854772 3
vertex 146.25279558154617 -92.33335534952936 3
vertex 146.25279558154622 -92.33335534952943 0
endloop
endfacet
facet normal 0.8819212643483417 0.4713967368260224 0
outer loop
vertex 146.1141807012331 -92.07402514854772 3
vertex 146.25279558154622 -92.33335534952943 0
vertex 146.1141807012331 -92.07402514854765 0
endloop
endfacet
facet normal 0.7730104533627797 0.6343932841635934 0
outer loop
vertex 146.25279558154617 -92.33335534952936 3
vertex 146.43933982822017 -92.5606601717798 3
vertex 146.43933982822017 -92.56066017177983 0
endloop
endfacet
facet normal 0.7730104533627797 0.6343932841635934 0
outer loop
vertex 146.25279558154617 -92.33335534952936 3
vertex 146.43933982822017 -92.56066017177983 0
vertex 146.25279558154622 -92.33335534952943 0
endloop
endfacet
facet normal 0.6343932841636345 0.7730104533627461 0
outer loop
vertex 146.43933982822017 -92.5606601717798 3
vertex 146.6666446504707 -92.74720441845388 3
vertex 146.66664465047066 -92.74720441845385 0
endloop
endfacet
facet normal 0.6343932841636345 0.7730104533627461 0
outer loop
vertex 146.43933982822017 -92.5606601717798 3
vertex 146.66664465047066 -92.74720441845385 0
vertex 146.43933982822017 -92.56066017177983 0
endloop
endfacet
facet normal 0.471396736826014 0.8819212643483463 0
outer loop
vertex 146.6666446504707 -92.74720441845388 3
vertex 146.92597485145234 -92.88581929876693 3
vertex 146.92597485145225 -92.88581929876689 0
endloop
endfacet
facet normal 0.471396736826014 0.8819212643483463 0
outer loop
vertex 146.6666446504707 -92.74720441845388 3
vertex 146.92597485145225 -92.88581929876689 0
vertex 146.66664465047066 -92.74720441845385 0
endloop
endfacet
facet normal 0.2902846772544479 0.9569403357322133 0
outer loop
vertex 146.92597485145234 -92.88581929876693 3
vertex 147.20736451697576 -92.97117792060483 3
vertex 147.2073645169759 -92.97117792060486 0
endloop
endfacet
facet normal 0.2902846772544479 0.9569403357322133 0
outer loop
vertex 146.92597485145234 -92.88581929876693 3
vertex 147.2073645169759 -92.97117792060486 0
vertex 146.92597485145225 -92.88581929876689 0
endloop
endfacet
facet normal 0.09801714032955997 0.9951847266721969 0
outer loop
vertex 147.20736451697576 -92.97117792060483 3
vertex 147.49999999999994 -92.99999999999999 3
vertex 147.49999999999994 -93 0
endloop
endfacet
facet normal 0.09801714032955997 0.9951847266721969 0
outer loop
vertex 147.20736451697576 -92.97117792060483 3
vertex 147.49999999999994 -93 0
vertex 147.2073645169759 -92.97117792060486 0
endloop
endfacet
facet normal -0.09801714032954582 0.9951847266721984 0
outer loop
vertex 147.49999999999994 -92.99999999999999 3
vertex 147.7926354830242 -92.97117792060483 3
vertex 147.79263548302418 -92.97117792060486 0
endloop
endfacet
facet normal -0.09801714032954582 0.9951847266721984 0
outer loop
vertex 147.49999999999994 -92.99999999999999 3
vertex 147.79263548302418 -92.97117792060486 0
vertex 147.49999999999994 -93 0
endloop
endfacet
facet normal -0.2902846772544479 0.9569403357322133 0
outer loop
vertex 147.7926354830242 -92.97117792060483 3
vertex 148.0740251485476 -92.88581929876693 3
vertex 148.07402514854775 -92.88581929876689 0
endloop
endfacet
facet normal -0.2902846772544479 0.9569403357322133 0
outer loop
vertex 147.7926354830242 -92.97117792060483 3
vertex 148.07402514854775 -92.88581929876689 0
vertex 147.79263548302418 -92.97117792060486 0
endloop
endfacet
facet normal -0.47139673682599736 0.8819212643483553 0
outer loop
vertex 148.0740251485476 -92.88581929876693 3
vertex 148.33335534952937 -92.74720441845388 3
vertex 148.3333553495293 -92.74720441845385 0
endloop
endfacet
facet normal -0.47139673682599736 0.8819212643483553 0
outer loop
vertex 148.0740251485476 -92.88581929876693 3
vertex 148.3333553495293 -92.74720441845385 0
vertex 148.07402514854775 -92.88581929876689 0
endloop
endfacet
facet normal -0.6343932841636364 0.7730104533627445 0
outer loop
vertex 148.33335534952937 -92.74720441845388 3
vertex 148.56066017177986 -92.5606601717798 3
vertex 148.56066017177977 -92.56066017177983 0
endloop
endfacet
facet normal -0.6343932841636364 0.7730104533627445 0
outer loop
vertex 148.33335534952937 -92.74720441845388 3
vertex 148.56066017177977 -92.56066017177983 0
vertex 148.3333553495293 -92.74720441845385 0
endloop
endfacet
facet normal -0.7730104533627769 0.634393284163597 0
outer loop
vertex 148.56066017177986 -92.5606601717798 3
vertex 148.7472044184538 -92.33335534952936 3
vertex 148.7472044184538 -92.33335534952943 0
endloop
endfacet
facet normal -0.7730104533627769 0.634393284163597 0
outer loop
vertex 148.56066017177986 -92.5606601717798 3
vertex 148.7472044184538 -92.33335534952943 0
vertex 148.56066017177977 -92.56066017177983 0
endloop
endfacet
facet normal -0.8819212643483253 0.47139673682605343 0
outer loop
vertex 148.7472044184538 -92.33335534952936 3
vertex 148.88581929876688 -92.07402514854772 3
vertex 148.88581929876688 -92.07402514854765 0
endloop
endfacet
facet normal -0.8819212643483253 0.47139673682605343 0
outer loop
vertex 148.7472044184538 -92.33335534952936 3
vertex 148.88581929876688 -92.07402514854765 0
vertex 148.7472044184538 -92.33335534952943 0
endloop
endfacet
facet normal -0.9569403357322133 0.2902846772544479 0
outer loop
vertex 148.88581929876688 -92.07402514854772 3
vertex 148.97117792060487 -91.79263548302421 3
vertex 148.97117792060484 -91.79263548302414 0
endloop
endfacet
facet normal -0.9569403357322133 0.2902846772544479 0
outer loop
vertex 148.88581929876688 -92.07402514854772 3
vertex 148.97117792060484 -91.79263548302414 0
vertex 148.88581929876688 -92.07402514854765 0
endloop
endfacet
facet normal -0.9951847266721969 0.09801714032956006 0
outer loop
vertex 110.97117792060486 -153.54263548302413 3
vertex 111.00000000000001 -153.24999999999997 3
vertex 111 -153.25 0
endloop
endfacet
facet normal -0.9951847266721969 0.09801714032956006 0
outer loop
vertex 110.97117792060486 -153.54263548302413 3
vertex 111 -153.25 0
vertex 110.97117792060484 -153.54263548302418 0
endloop
endfacet
facet normal -0.9951847266721957 -0.09801714032957415 0
outer loop
vertex 111.00000000000001 -153.24999999999997 3
vertex 110.97117792060486 -152.95736451697576 3
vertex 110.97117792060484 -152.9573645169758 0
endloop
endfacet
facet normal -0.9951847266721957 -0.09801714032957415 0
outer loop
vertex 111.00000000000001 -153.24999999999997 3
vertex 110.97117792060484 -152.9573645169758 0
vertex 111 -153.25 0
endloop
endfacet
facet normal -0.9569403357322133 -0.2902846772544479 0
outer loop
vertex 110.97117792060486 -152.95736451697576 3
vertex 110.88581929876703 -152.67597485145254 3
vertex 110.8858192987669 -152.6759748514526 0
endloop
endfacet
facet normal -0.9569403357322133 -0.2902846772544479 0
outer loop
vertex 110.97117792060486 -152.95736451697576 3
vertex 110.8858192987669 -152.6759748514526 0
vertex 110.97117792060484 -152.9573645169758 0
endloop
endfacet
facet normal -0.8819212643483587 -0.4713967368259909 0
outer loop
vertex 110.88581929876703 -152.67597485145254 3
vertex 110.74720441845373 -152.41664465047066 3
vertex 110.74720441845388 -152.41664465047066 0
endloop
endfacet
facet normal -0.8819212643483587 -0.4713967368259909 0
outer loop
vertex 110.88581929876703 -152.67597485145254 3
vertex 110.74720441845388 -152.41664465047066 0
vertex 110.8858192987669 -152.6759748514526 0
endloop
endfacet
facet normal -0.7730104533627318 -0.634393284163652 0
outer loop
vertex 110.74720441845373 -152.41664465047066 3
vertex 110.56066017177983 -152.1893398282202 3
vertex 110.56066017177984 -152.1893398282202 0
endloop
endfacet
facet normal -0.7730104533627318 -0.634393284163652 0
outer loop
vertex 110.74720441845373 -152.41664465047066 3
vertex 110.56066017177984 -152.1893398282202 0
vertex 110.74720441845388 -152.41664465047066 0
endloop
endfacet
facet normal -0.6343932841635918 -0.7730104533627812 0
outer loop
vertex 110.56066017177983 -152.1893398282202 3
vertex 110.33335534952941 -152.00279558154622 3
vertex 110.33335534952946 -152.00279558154625 0
endloop
endfacet
facet normal -0.6343932841635918 -0.7730104533627812 0
outer loop
vertex 110.56066017177983 -152.1893398282202 3
vertex 110.33335534952946 -152.00279558154625 0
vertex 110.56066017177984 -152.1893398282202 0
endloop
endfacet
facet normal -0.4713967368260224 -0.8819212643483417 0
outer loop
vertex 110.33335534952941 -152.00279558154622 3
vertex 110.07402514854753 -151.86418070123304 3
vertex 110.0740251485475 -151.86418070123304 0
endloop
endfacet
facet normal -0.4713967368260224 -0.8819212643483417 0
outer loop
vertex 110.33335534952941 -152.00279558154622 3
vertex 110.0740251485475 -151.86418070123304 0
vertex 110.33335534952946 -152.00279558154625 0
endloop
endfacet
facet normal -0.29028467725447593 -0.9569403357322048 0
outer loop
vertex 110.07402514854753 -151.86418070123304 3
vertex 109.79263548302428 -151.77882207939518 3
vertex 109.79263548302418 -151.77882207939516 0
endloop
endfacet
facet normal -0.29028467725447593 -0.9569403357322048 0
outer loop
vertex 110.07402514854753 -151.86418070123304 3
vertex 109.79263548302418 -151.77882207939516 0
vertex 110.0740251485475 -151.86418070123304 0
endloop
endfacet
facet normal -0.09801714032957415 -0.9951847266721956 0
outer loop
vertex 109.79263548302428 -151.77882207939518 3
vertex 109.49999999999986 -151.75 3
vertex 109.49999999999997 -151.75 0
endloop
endfacet
facet normal -0.09801714032957415 -0.9951847266721956 0
outer loop
vertex 109.79263548302428 -151.77882207939518 3
vertex 109.49999999999997 -151.75 0
vertex 109.79263548302418 -151.77882207939516 0
endloop
endfacet
facet normal 0.09801714032960263 -0.9951847266721927 0
outer loop
vertex 109.49999999999986 -151.75 3
vertex 109.20736451697593 -151.77882207939518 3
vertex 109.20736451697576 -151.77882207939516 0
endloop
endfacet
facet normal 0.09801714032960263 -0.9951847266721927 0
outer loop
vertex 109.49999999999986 -151.75 3
vertex 109.20736451697576 -151.77882207939516 0
vertex 109.49999999999997 -151.75 0
endloop
endfacet
facet normal 0.2902846772544479 -0.9569403357322133 0
outer loop
vertex 109.20736451697593 -151.77882207939518 3
vertex 108.92597485145228 -151.86418070123304 3
vertex 108.92597485145255 -151.86418070123304 0
endloop
endfacet
facet normal 0.2902846772544479 -0.9569403357322133 0
outer loop
vertex 109.20736451697593 -151.77882207939518 3
vertex 108.92597485145255 -151.86418070123304 0
vertex 109.20736451697576 -151.77882207939516 0
endloop
endfacet
facet normal 0.47139673682604744 -0.8819212643483284 0
outer loop
vertex 108.92597485145228 -151.86418070123304 3
vertex 108.66664465047067 -152.00279558154622 3
vertex 108.66664465047049 -152.00279558154625 0
endloop
endfacet
facet normal 0.47139673682604744 -0.8819212643483284 0
outer loop
vertex 108.92597485145228 -151.86418070123304 3
vertex 108.66664465047049 -152.00279558154625 0
vertex 108.92597485145255 -151.86418070123304 0
endloop
endfacet
facet normal 0.6343932841635969 -0.7730104533627769 0
outer loop
vertex 108.66664465047067 -152.00279558154622 3
vertex 108.43933982822014 -152.1893398282202 3
vertex 108.43933982822014 -152.1893398282202 0
endloop
endfacet
facet normal 0.6343932841635969 -0.7730104533627769 0
outer loop
vertex 108.66664465047067 -152.00279558154622 3
vertex 108.43933982822014 -152.1893398282202 0
vertex 108.66664465047049 -152.00279558154625 0
endloop
endfacet
facet normal 0.7730104533627319 -0.6343932841636518 0
outer loop
vertex 108.43933982822014 -152.1893398282202 3
vertex 108.25279558154627 -152.41664465047066 3
vertex 108.25279558154612 -152.41664465047066 0
endloop
endfacet
facet normal 0.7730104533627319 -0.6343932841636518 0
outer loop
vertex 108.43933982822014 -152.1893398282202 3
vertex 108.25279558154612 -152.41664465047066 0
vertex 108.43933982822014 -152.1893398282202 0
endloop
endfacet
facet normal 0.8819212643483584 -0.4713967368259914 0
outer loop
vertex 108.25279558154627 -152.41664465047066 3
vertex 108.11418070123301 -152.67597485145254 3
vertex 108.11418070123298 -152.6759748514526 0
endloop
endfacet
facet normal 0.8819212643483584 -0.4713967368259914 0
outer loop
vertex 108.25279558154627 -152.41664465047066 3
vertex 108.11418070123298 -152.6759748514526 0
vertex 108.25279558154612 -152.41664465047066 0
endloop
endfacet
facet normal 0.9569403357322133 -0.2902846772544479 0
outer loop
vertex 108.11418070123301 -152.67597485145254 3
vertex 108.02882207939517 -152.95736451697576 3
vertex 108.02882207939516 -152.9573645169758 0
endloop
endfacet
facet normal 0.9569403357322133 -0.2902846772544479 0
outer loop
vertex 108.11418070123301 -152.67597485145254 3
vertex 108.02882207939516 -152.9573645169758 0
vertex 108.11418070123298 -152.6759748514526 0
endloop
endfacet
facet normal 0.9951847266721969 -0.09801714032956006 0
outer loop
vertex 108.02882207939517 -152.95736451697576 3
vertex 108 -153.24999999999997 3
vertex 108 -153.25 0
endloop
endfacet
facet normal 0.9951847266721969 -0.09801714032956006 0
outer loop
vertex 108.02882207939517 -152.95736451697576 3
vertex 108 -153.25 0
vertex 108.02882207939516 -152.9573645169758 0
endloop
endfacet
facet normal 0.9951847266721969 0.09801714032956006 0
outer loop
vertex 108 -153.24999999999997 3
vertex 108.02882207939514 -153.54263548302413 3
vertex 108.02882207939516 -153.54263548302418 0
endloop
endfacet
facet normal 0.9951847266721969 0.09801714032956006 0
outer loop
vertex 108 -153.24999999999997 3
vertex 108.02882207939516 -153.54263548302418 0
vertex 108 -153.25 0
endloop
endfacet
facet normal 0.9569403357322133 0.2902846772544479 0
outer loop
vertex 108.02882207939514 -153.54263548302413 3
vertex 108.11418070123308 -153.82402514854766 3
vertex 108.11418070123305 -153.8240251485476 0
endloop
endfacet
facet normal 0.9569403357322133 0.2902846772544479 0
outer loop
vertex 108.02882207939514 -153.54263548302413 3
vertex 108.11418070123305 -153.8240251485476 0
vertex 108.02882207939516 -153.54263548302418 0
endloop
endfacet
facet normal 0.8819212643483455 0.47139673682601535 0
outer loop
vertex 108.11418070123308 -153.82402514854766 3
vertex 108.25279558154617 -154.08335534952937 3
vertex 108.25279558154615 -154.08335534952934 0
endloop
endfacet
facet normal 0.8819212643483455 0.47139673682601535 0
outer loop
vertex 108.11418070123308 -153.82402514854766 3
vertex 108.25279558154615 -154.08335534952934 0
vertex 108.11418070123305 -153.8240251485476 0
endloop
endfacet
facet normal 0 0 1
outer loop
vertex 108.25279558154617 -154.08335534952937 3
vertex 108.38955731179246 -154.25 3
vertex 108.43933982822024 -154.3106601717799 3
endloop
endfacet
facet normal 0 0 1
outer loop
vertex 108.25279558154617 -154.08335534952937 3
vertex 108.43933982822024 -154.3106601717799 3
vertex 108.43933982822023 -154.31066017177986 0
endloop
endfacet
facet normal 0 0 1
outer loop
vertex 108.25279558154617 -154.08335534952937 3
vertex 108.43933982822023 -154.31066017177986 0
vertex 108.38955731179247 -154.25 0
endloop
endfacet
facet normal 0 0 1
outer loop
vertex 108.25279558154617 -154.08335534952937 3
vertex 108.38955731179247 -154.25 0
vertex 108.25279558154615 -154.08335534952934 0
endloop
endfacet
facet normal 0.6343932841636148 0.7730104533627622 0
outer loop
vertex 108.43933982822024 -154.3106601717799 3
vertex 108.66664465047063 -154.4972044184538 3
vertex 108.66664465047064 -154.49720441845383 0
endloop
endfacet
facet normal 0.6343932841636148 0.7730104533627622 0
outer loop
vertex 108.43933982822024 -154.3106601717799 3
vertex 108.66664465047064 -154.49720441845383 0
vertex 108.43933982822023 -154.31066017177986 0
endloop
endfacet
facet normal 0.4713967368260224 0.8819212643483417 0
outer loop
vertex 108.66664465047063 -154.4972044184538 3
vertex 108.92597485145222 -154.63581929876696 3
vertex 108.92597485145241 -154.63581929876696 0
endloop
endfacet
facet normal 0.4713967368260224 0.8819212643483417 0
outer loop
vertex 108.66664465047063 -154.4972044184538 3
vertex 108.92597485145241 -154.63581929876696 0
vertex 108.66664465047064 -154.49720441845383 0
endloop
endfacet
facet normal 0.2902846772544479 0.9569403357322133 0
outer loop
vertex 108.92597485145222 -154.63581929876696 3
vertex 109.20736451697576 -154.72117792060484 3
vertex 109.20736451697563 -154.72117792060484 0
endloop
endfacet
facet normal 0.2902846772544479 0.9569403357322133 0
outer loop
vertex 108.92597485145222 -154.63581929876696 3
vertex 109.20736451697563 -154.72117792060484 0
vertex 108.92597485145241 -154.63581929876696 0
endloop
endfacet
facet normal 0.09801714032957415 0.9951847266721956 0
outer loop
vertex 109.20736451697576 -154.72117792060484 3
vertex 109.5 -154.75 3
vertex 109.50000000000013 -154.75 0
endloop
endfacet
facet normal 0.09801714032957415 0.9951847266721956 0
outer loop
vertex 109.20736451697576 -154.72117792060484 3
vertex 109.50000000000013 -154.75 0
vertex 109.20736451697563 -154.72117792060484 0
endloop
endfacet
facet normal -0.09801714032957415 0.9951847266721956 0
outer loop
vertex 109.5 -154.75 3
vertex 109.79263548302434 -154.72117792060484 3
vertex 109.79263548302426 -154.72117792060484 0
endloop
endfacet
facet normal -0.09801714032957415 0.9951847266721956 0
outer loop
vertex 109.5 -154.75 3
vertex 109.79263548302426 -154.72117792060484 0
vertex 109.50000000000013 -154.75 0
endloop
endfacet
facet normal -0.2902846772544479 0.9569403357322133 0
outer loop
vertex 109.79263548302434 -154.72117792060484 3
vertex 110.07402514854762 -154.63581929876696 3
vertex 110.07402514854752 -154.63581929876696 0
endloop
endfacet
facet normal -0.2902846772544479 0.9569403357322133 0
outer loop
vertex 109.79263548302434 -154.72117792060484 3
vertex 110.07402514854752 -154.63581929876696 0
vertex 109.79263548302426 -154.72117792060484 0
endloop
endfacet
facet normal -0.47139673682604744 0.8819212643483284 0
outer loop
vertex 110.07402514854762 -154.63581929876696 3
vertex 110.33335534952938 -154.4972044184538 3
vertex 110.33335534952943 -154.49720441845383 0
endloop
endfacet
facet normal -0.47139673682604744 0.8819212643483284 0
outer loop
vertex 110.07402514854762 -154.63581929876696 3
vertex 110.33335534952943 -154.49720441845383 0
vertex 110.07402514854752 -154.63581929876696 0
endloop
endfacet
facet normal -0.634393284163597 0.7730104533627769 0
outer loop
vertex 110.33335534952938 -154.4972044184538 3
vertex 110.56066017177974 -154.3106601717799 3
vertex 110.56066017177989 -154.31066017177986 0
endloop
endfacet
facet normal -0.634393284163597 0.7730104533627769 0
outer loop
vertex 110.33335534952938 -154.4972044184538 3
vertex 110.56066017177989 -154.31066017177986 0
vertex 110.33335534952943 -154.49720441845383 0
endloop
endfacet
facet normal -0.7730104533627319 0.6343932841636518 0
outer loop
vertex 110.56066017177974 -154.3106601717799 3
vertex 110.74720441845386 -154.08335534952937 3
vertex 110.74720441845385 -154.08335534952934 0
endloop
endfacet
facet normal -0.7730104533627319 0.6343932841636518 0
outer loop
vertex 110.56066017177974 -154.3106601717799 3
vertex 110.74720441845385 -154.08335534952934 0
vertex 110.56066017177989 -154.31066017177986 0
endloop
endfacet
facet normal -0.8819212643483584 0.4713967368259914 0
outer loop
vertex 110.74720441845386 -154.08335534952937 3
vertex 110.8858192987669 -153.82402514854766 3
vertex 110.88581929876693 -153.8240251485476 0
endloop
endfacet
facet normal -0.8819212643483584 0.4713967368259914 0
outer loop
vertex 110.74720441845386 -154.08335534952937 3
vertex 110.88581929876693 -153.8240251485476 0
vertex 110.74720441845385 -154.08335534952934 0
endloop
endfacet
facet normal -0.9569403357322133 0.2902846772544479 0
outer loop
vertex 110.8858192987669 -153.82402514854766 3
vertex 110.97117792060486 -153.54263548302413 3
vertex 110.97117792060484 -153.54263548302418 0
endloop
endfacet
facet normal -0.9569403357322133 0.2902846772544479 0
outer loop
vertex 110.8858192987669 -153.82402514854766 3
vertex 110.97117792060484 -153.54263548302418 0
vertex 110.88581929876693 -153.8240251485476 0
endloop
endfacet
facet normal -0.9951847266721956 0.09801714032957415 0
outer loop
vertex 148.97117792060482 -153.54263548302413 3
vertex 149 -153.24999999999997 3
vertex 149.00000000000003 -153.25 0
endloop
endfacet
facet normal -0.9951847266721956 0.09801714032957415 0
outer loop
vertex 148.97117792060482 -153.54263548302413 3
vertex 149.00000000000003 -153.25 0
vertex 148.97117792060487 -153.54263548302418 0
endloop
endfacet
facet normal -0.9951847266721956 -0.09801714032957415 0
outer loop
vertex 149 -153.24999999999997 3
vertex 148.97117792060484 -152.95736451697576 3
vertex 148.97117792060487 -152.9573645169758 0
endloop
endfacet
facet normal -0.9951847266721956 -0.09801714032957415 0
outer loop
vertex 149 -153.24999999999997 3
vertex 148.97117792060487 -152.9573645169758 0
vertex 149.00000000000003 -153.25 0
endloop
endfacet
facet normal -0.9569403357322133 -0.2902846772544479 0
outer loop
vertex 148.97117792060484 -152.95736451697576 3
vertex 148.88581929876702 -152.67597485145254 3
vertex 148.88581929876682 -152.6759748514526 0
endloop
endfacet
facet normal -0.9569403357322133 -0.2902846772544479 0
outer loop
vertex 148.97117792060484 -152.95736451697576 3
vertex 148.88581929876682 -152.6759748514526 0
vertex 148.97117792060487 -152.9573645169758 0
endloop
endfacet
facet normal -0.8819212643483297 -0.4713967368260449 0
outer loop
vertex 148.88581929876702 -152.67597485145254 3
vertex 148.74720441845378 -152.41664465047066 3
vertex 148.7472044184539 -152.41664465047066 0
endloop
endfacet
facet normal -0.8819212643483297 -0.4713967368260449 0
outer loop
vertex 148.88581929876702 -152.67597485145254 3
vertex 148.7472044184539 -152.41664465047066 0
vertex 148.88581929876682 -152.6759748514526 0
endloop
endfacet
facet normal -0.7730104533627902 -0.6343932841635809 0
outer loop
vertex 148.74720441845378 -152.41664465047066 3
vertex 148.56066017177986 -152.1893398282202 3
vertex 148.56066017177983 -152.1893398282202 0
endloop
endfacet
facet normal -0.7730104533627902 -0.6343932841635809 0
outer loop
vertex 148.74720441845378 -152.41664465047066 3
vertex 148.56066017177983 -152.1893398282202 0
vertex 148.7472044184539 -152.41664465047066 0
endloop
endfacet
facet normal -0.6343932841635896 -0.7730104533627828 0
outer loop
vertex 148.56066017177986 -152.1893398282202 3
vertex 148.33335534952937 -152.00279558154622 3
vertex 148.33335534952934 -152.00279558154625 0
endloop
endfacet
facet normal -0.6343932841635896 -0.7730104533627828 0
outer loop
vertex 148.56066017177986 -152.1893398282202 3
vertex 148.33335534952934 -152.00279558154625 0
vertex 148.56066017177983 -152.1893398282202 0
endloop
endfacet
facet normal -0.47139673682604494 -0.8819212643483298 0
outer loop
vertex 148.33335534952937 -152.00279558154622 3
vertex 148.07402514854752 -151.86418070123304 3
vertex 148.0740251485476 -151.86418070123304 0
endloop
endfacet
facet normal -0.47139673682604494 -0.8819212643483298 0
outer loop
vertex 148.33335534952937 -152.00279558154622 3
vertex 148.0740251485476 -151.86418070123304 0
vertex 148.33335534952934 -152.00279558154625 0
endloop
endfacet
facet normal -0.2902846772544199 -0.9569403357322217 0
outer loop
vertex 148.07402514854752 -151.86418070123304 3
vertex 147.79263548302433 -151.77882207939518 3
vertex 147.79263548302427 -151.77882207939516 0
endloop
endfacet
facet normal -0.2902846772544199 -0.9569403357322217 0
outer loop
vertex 148.07402514854752 -151.86418070123304 3
vertex 147.79263548302427 -151.77882207939516 0
vertex 148.0740251485476 -151.86418070123304 0
endloop
endfacet
facet normal -0.09801714032957415 -0.9951847266721956 0
outer loop
vertex 147.79263548302433 -151.77882207939518 3
vertex 147.49999999999997 -151.75 3
vertex 147.49999999999994 -151.75 0
endloop
endfacet
facet normal -0.09801714032957415 -0.9951847266721956 0
outer loop
vertex 147.79263548302433 -151.77882207939518 3
vertex 147.49999999999994 -151.75 0
vertex 147.79263548302427 -151.77882207939516 0
endloop
endfacet
facet normal 0.09801714032954581 -0.9951847266721984 0
outer loop
vertex 147.49999999999997 -151.75 3
vertex 147.20736451697582 -151.77882207939518 3
vertex 147.20736451697576 -151.77882207939516 0
endloop
endfacet
facet normal 0.09801714032954581 -0.9951847266721984 0
outer loop
vertex 147.49999999999997 -151.75 3
vertex 147.20736451697576 -151.77882207939516 0
vertex 147.49999999999994 -151.75 0
endloop
endfacet
facet normal 0.2902846772544479 -0.9569403357322133 0
outer loop
vertex 147.20736451697582 -151.77882207939518 3
vertex 146.92597485145228 -151.86418070123304 3
vertex 146.92597485145265 -151.86418070123304 0
endloop
endfacet
facet normal 0.2902846772544479 -0.9569403357322133 0
outer loop
vertex 147.20736451697582 -151.77882207939518 3
vertex 146.92597485145265 -151.86418070123304 0
vertex 147.20736451697576 -151.77882207939516 0
endloop
endfacet
facet normal 0.4713967368260534 -0.8819212643483252 0
outer loop
vertex 146.92597485145228 -151.86418070123304 3
vertex 146.66664465047066 -152.00279558154622 3
vertex 146.66664465047035 -152.00279558154625 0
endloop
endfacet
facet normal 0.4713967368260534 -0.8819212643483252 0
outer loop
vertex 146.92597485145228 -151.86418070123304 3
vertex 146.66664465047035 -152.00279558154625 0
vertex 146.92597485145265 -151.86418070123304 0
endloop
endfacet
facet normal 0.63439328416359 -0.7730104533627825 0
outer loop
vertex 146.66664465047066 -152.00279558154622 3
vertex 146.43933982822017 -152.1893398282202 3
vertex 146.43933982822028 -152.1893398282202 0
endloop
endfacet
facet normal 0.63439328416359 -0.7730104533627825 0
outer loop
vertex 146.66664465047066 -152.00279558154622 3
vertex 146.43933982822028 -152.1893398282202 0
vertex 146.66664465047035 -152.00279558154625 0
endloop
endfacet
facet normal 0.7730104533627711 -0.6343932841636039 0
outer loop
vertex 146.43933982822017 -152.1893398282202 3
vertex 146.25279558154622 -152.41664465047066 3
vertex 146.25279558154622 -152.41664465047066 0
endloop
endfacet
facet normal 0.7730104533627711 -0.6343932841636039 0
outer loop
vertex 146.43933982822017 -152.1893398282202 3
vertex 146.25279558154622 -152.41664465047066 0
vertex 146.43933982822028 -152.1893398282202 0
endloop
endfacet
facet normal 0.8819212643483252 -0.4713967368260534 0
outer loop
vertex 146.25279558154622 -152.41664465047066 3
vertex 146.11418070123298 -152.67597485145254 3
vertex 146.114180701233 -152.6759748514526 0
endloop
endfacet
facet normal 0.8819212643483252 -0.4713967368260534 0
outer loop
vertex 146.25279558154622 -152.41664465047066 3
vertex 146.114180701233 -152.6759748514526 0
vertex 146.25279558154622 -152.41664465047066 0
endloop
endfacet
facet normal 0.9569403357322133 -0.2902846772544479 0
outer loop
vertex 146.11418070123298 -152.67597485145254 3
vertex 146.02882207939518 -152.95736451697576 3
vertex 146.02882207939516 -152.9573645169758 0
endloop
endfacet
facet normal 0.9569403357322133 -0.2902846772544479 0
outer loop
vertex 146.11418070123298 -152.67597485145254 3
vertex 146.02882207939516 -152.9573645169758 0
vertex 146.114180701233 -152.6759748514526 0
endloop
endfacet
facet normal 0.9951847266721956 -0.09801714032957415 0
outer loop
vertex 146.02882207939518 -152.95736451697576 3
vertex 146 -153.24999999999997 3
vertex 146.00000000000003 -153.25 0
endloop
endfacet
facet normal 0.9951847266721956 -0.09801714032957415 0
outer loop
vertex 146.02882207939518 -152.95736451697576 3
vertex 146.00000000000003 -153.25 0
vertex 146.02882207939516 -152.9573645169758 0
endloop
endfacet
facet normal 0.9951847266721957 0.09801714032957415 0
outer loop
vertex 146 -153.24999999999997 3
vertex 146.02882207939513 -153.54263548302413 3
vertex 146.02882207939516 -153.54263548302418 0
endloop
endfacet
facet normal 0.9951847266721957 0.09801714032957415 0
outer loop
vertex 146 -153.24999999999997 3
vertex 146.02882207939516 -153.54263548302418 0
vertex 146.00000000000003 -153.25 0
endloop
endfacet
facet normal 0.9569403357322133 0.2902846772544479 0
outer loop
vertex 146.02882207939513 -153.54263548302413 3
vertex 146.1141807012331 -153.82402514854766 3
vertex 146.1141807012331 -153.8240251485476 0
endloop
endfacet
facet normal 0.9569403357322133 0.2902846772544479 0
outer loop
vertex 146.02882207939513 -153.54263548302413 3
vertex 146.1141807012331 -153.8240251485476 0
vertex 146.02882207939516 -153.54263548302418 0
endloop
endfacet
facet normal 0.8819212643483261 0.47139673682605193 0
outer loop
vertex 146.1141807012331 -153.82402514854766 3
vertex 146.25279558154617 -154.08335534952937 3
vertex 146.25279558154617 -154.08335534952934 0
endloop
endfacet
facet normal 0.8819212643483261 0.47139673682605193 0
outer loop
vertex 146.1141807012331 -153.82402514854766 3
vertex 146.25279558154617 -154.08335534952934 0
vertex 146.1141807012331 -153.8240251485476 0
endloop
endfacet
facet normal 0.7730104533627902 0.6343932841635809 0
outer loop
vertex 146.25279558154617 -154.08335534952937 3
vertex 146.43933982822023 -154.3106601717799 3
vertex 146.4393398282202 -154.31066017177986 0
endloop
endfacet
facet normal 0.7730104533627902 0.6343932841635809 0
outer loop
vertex 146.25279558154617 -154.08335534952937 3
vertex 146.4393398282202 -154.31066017177986 0
vertex 146.25279558154617 -154.08335534952934 0
endloop
endfacet
facet normal 0.634393284163572 0.7730104533627973 0
outer loop
vertex 146.43933982822023 -154.3106601717799 3
vertex 146.66664465047057 -154.4972044184538 3
vertex 146.66664465047063 -154.49720441845383 0
endloop
endfacet
facet normal 0.634393284163572 0.7730104533627973 0
outer loop
vertex 146.43933982822023 -154.3106601717799 3
vertex 146.66664465047063 -154.49720441845383 0
vertex 146.4393398282202 -154.31066017177986 0
endloop
endfacet
facet normal 0.4713967368260449 0.8819212643483297 0
outer loop
vertex 146.66664465047057 -154.4972044184538 3
vertex 146.9259748514524 -154.63581929876696 3
vertex 146.9259748514524 -154.63581929876696 0
endloop
endfacet
facet normal 0.4713967368260449 0.8819212643483297 0
outer loop
vertex 146.66664465047057 -154.4972044184538 3
vertex 146.9259748514524 -154.63581929876696 0
vertex 146.66664465047063 -154.49720441845383 0
endloop
endfacet
facet normal 0.2902846772544479 0.9569403357322133 0
outer loop
vertex 146.9259748514524 -154.63581929876696 3
vertex 147.2073645169758 -154.72117792060484 3
vertex 147.20736451697573 -154.72117792060484 0
endloop
endfacet
facet normal 0.2902846772544479 0.9569403357322133 0
outer loop
vertex 146.9259748514524 -154.63581929876696 3
vertex 147.20736451697573 -154.72117792060484 0
vertex 146.9259748514524 -154.63581929876696 0
endloop
endfacet
facet normal 0.09801714032957415 0.9951847266721956 0
outer loop
vertex 147.2073645169758 -154.72117792060484 3
vertex 147.49999999999997 -154.75 3
vertex 147.4999999999999 -154.75 0
endloop
endfacet
facet normal 0.09801714032957415 0.9951847266721956 0
outer loop
vertex 147.2073645169758 -154.72117792060484 3
vertex 147.4999999999999 -154.75 0
vertex 147.20736451697573 -154.72117792060484 0
endloop
endfacet
facet normal -0.09801714032954566 0.9951847266721985 0
outer loop
vertex 147.49999999999997 -154.75 3
vertex 147.79263548302401 -154.72117792060484 3
vertex 147.7926354830244 -154.72117792060484 0
endloop
endfacet
facet normal -0.09801714032954566 0.9951847266721985 0
outer loop
vertex 147.49999999999997 -154.75 3
vertex 147.7926354830244 -154.72117792060484 0
vertex 147.4999999999999 -154.75 0
endloop
endfacet
facet normal -0.2902846772544479 0.9569403357322133 0
outer loop
vertex 147.79263548302401 -154.72117792060484 3
vertex 148.07402514854763 -154.63581929876696 3
vertex 148.07402514854752 -154.63581929876696 0
endloop
endfacet
facet normal -0.2902846772544479 0.9569403357322133 0
outer loop
vertex 147.79263548302401 -154.72117792060484 3
vertex 148.07402514854752 -154.63581929876696 0
vertex 147.7926354830244 -154.72117792060484 0
endloop
endfacet
facet normal -0.47139673682604744 0.8819212643483284 0
outer loop
vertex 148.07402514854763 -154.63581929876696 3
vertex 148.33335534952934 -154.4972044184538 3
vertex 148.3333553495294 -154.49720441845383 0
endloop
endfacet
facet normal -0.47139673682604744 0.8819212643483284 0
outer loop
vertex 148.07402514854763 -154.63581929876696 3
vertex 148.3333553495294 -154.49720441845383 0
vertex 148.07402514854752 -154.63581929876696 0
endloop
endfacet
facet normal -0.6343932841636039 0.7730104533627711 0
outer loop
vertex 148.33335534952934 -154.4972044184538 3
vertex 148.56066017177977 -154.3106601717799 3
vertex 148.5606601717797 -154.31066017177986 0
endloop
endfacet
facet normal -0.6343932841636039 0.7730104533627711 0
outer loop
vertex 148.33335534952934 -154.4972044184538 3
vertex 148.5606601717797 -154.31066017177986 0
vertex 148.3333553495294 -154.49720441845383 0
endloop
endfacet
facet normal 0 0 -1
outer loop
vertex 148.56066017177977 -154.3106601717799 3
vertex 148.61044268820754 -154.25 3
vertex 148.74720441845383 -154.08335534952937 3
endloop
endfacet
facet normal 0 0 -1
outer loop
vertex 148.56066017177977 -154.3106601717799 3
vertex 148.74720441845383 -154.08335534952937 3
vertex 148.7472044184538 -154.08335534952934 0
endloop
endfacet
facet normal 0 0 -1
outer loop
vertex 148.56066017177977 -154.3106601717799 3
vertex 148.7472044184538 -154.08335534952934 0
vertex 148.61044268820754 -154.25 0
endloop
endfacet
facet normal 0 0 -1
outer loop
vertex 148.56066017177977 -154.3106601717799 3
vertex 148.61044268820754 -154.25 0
vertex 148.5606601717797 -154.31066017177986 0
endloop
endfacet
facet normal -0.8819212643483284 0.47139673682604744 0
outer loop
vertex 148.74720441845383 -154.08335534952937 3
vertex 148.88581929876685 -153.82402514854766 3
vertex 148.88581929876693 -153.8240251485476 0
endloop
endfacet
facet normal -0.8819212643483284 0.47139673682604744 0
outer loop
vertex 148.74720441845383 -154.08335534952937 3
vertex 148.88581929876693 -153.8240251485476 0
vertex 148.7472044184538 -154.08335534952934 0
endloop
endfacet
facet normal -0.9569403357322133 0.2902846772544479 0
outer loop
vertex 148.88581929876685 -153.82402514854766 3
vertex 148.97117792060482 -153.54263548302413 3
vertex 148.97117792060487 -153.54263548302418 0
endloop
endfacet
facet normal -0.9569403357322133 0.2902846772544479 0
outer loop
vertex 148.88581929876685 -153.82402514854766 3
vertex 148.97117792060487 -153.54263548302418 0
vertex 148.88581929876693 -153.8240251485476 0
endloop
endfacet
endsolid csg.js
